1859
0 12.88021469116211 -9.357911109924316 -7.960509777069092
1 -4.919707775115967 -15.141561508178711 -7.96051549911499
2 -15.920790672302246 0.0 -7.960440635681152
3 4.919707298278809 -15.141561508178711 7.960515022277832
4 -12.880215644836426 9.357912063598633 7.960509777069092
5 4.919707298278809 15.141561508178711 7.96051549911499
6 15.920791625976562 0.0 7.960440635681152
7 7.570746421813965 -5.500403881072998 -15.141650199890137
8 4.679066181182861 -14.400411605834961 -9.358132362365723
9 15.141536712646484 0.0 -9.358100891113281
10 7.590872764587402 5.550453186035156 -15.11031723022461
11 -12.249774932861328 8.899947166442871 -9.358105659484863
12 16.928836822509766 -5.500426292419434 -2.27373756758395e-13
13 16.928836822509766 5.500426292419434 0.0
14 3.552714949349922e-15 -17.800004959106445 -7.105429898699844e-15
15 10.462586402893066 -14.400503158569336 0.0
16 -16.928836822509766 -5.500425815582275 0.0
17 -10.46258544921875 -14.400503158569336 -4.5474751351679e-13
18 -10.462586402893066 14.400503158569336 4.5474751351679e-13
19 -16.928836822509766 5.500426292419434 2.27373756758395e-13
20 12.249773979187012 -8.899947166442871 9.358105659484863
21 -4.679066181182861 -14.400412559509277 9.358133316040039
22 -15.1415376663208 0.0 9.358100891113281
23 -4.679066181182861 14.400412559509277 9.358132362365723
24 12.249773979187012 8.899947166442871 9.358105659484863
25 2.891709804534912 -8.899918556213379 15.141653060913086
26 9.357992172241211 0.0 15.141602516174316
27 -7.570746421813965 5.500403881072998 15.141650199890137
28 2.891709566116333 8.899918556213379 15.14165210723877
29 8.399603843688965 -6.102598190307617 -14.458391189575195
30 9.188261032104492 -6.675584316253662 -13.7059326171875
31 9.932940483093262 -7.21661901473999 -12.887872695922852
32 10.630078315734863 -7.723114013671875 -12.00813102722168
33 11.276337623596191 -8.192642211914062 -11.070908546447754
34 11.868622779846191 -8.622958183288574 -10.08070182800293
35 12.404107093811035 -9.012001991271973 -9.042244911193848
36 3.497389554977417 -14.746269226074219 -9.335738182067871
37 2.298973321914673 -15.021547317504883 -9.268659591674805
38 1.0895534753799438 -15.224928855895996 -9.157219886779785
39 -0.12508143484592438 -15.355438232421875 -9.001951217651367
40 -1.3391175270080566 -15.412452697753906 -8.803596496582031
41 -2.5467443466186523 -15.395700454711914 -8.563106536865234
42 -3.7421815395355225 -15.305258750915527 -8.281630516052246
43 15.105302810668945 -1.2307053804397583 -9.335705757141113
44 14.996772766113281 -2.4555203914642334 -9.268630027770996
45 14.816465377807617 -3.668583631515503 -9.157191276550293
46 14.565242767333984 -4.8640875816345215 -9.001925468444824
47 14.244308471679688 -6.036312103271484 -8.803574562072754
48 13.855196952819824 -7.1796441078186035 -8.563087463378906
49 13.399773597717285 -8.288613319396973 -8.281617164611816
50 -15.071977615356445 -3.4890503883361816 -8.80353832244873
51 -15.429214477539062 -2.3353521823883057 -8.563039779663086
52 -15.712604522705078 -1.1704771518707275 -8.281558990478516
53 -2.561283588409424 7.882952690124512 -15.752431869506836
54 -2.2185986042022705 6.828258514404297 -16.287817001342773
55 -1.8652949333190918 5.740881443023682 -16.745243072509766
56 -1.503063678741455 4.6260294914245605 -17.122526168823242
57 -1.1336379051208496 3.4890358448028564 -17.417856216430664
58 -0.7587867379188538 2.3353424072265625 -17.629823684692383
59 -0.38977107405662537 1.1570316553115845 -17.757217407226562
60 -11.497049331665039 9.8743257522583 -9.335716247558594
61 16.68838119506836 -6.102621078491211 -1.0469276905059814
62 16.368051528930664 -6.675604820251465 -2.0888442993164062
63 15.969376564025879 -7.21663761138916 -3.1207637786865234
64 15.494270324707031 -7.723128318786621 -4.137745380401611
65 14.944999694824219 -8.192654609680176 -5.134922027587891
66 14.324198722839355 -8.622966766357422 -6.107522964477539
67 13.63483715057373 -9.012005805969238 -7.0508904457092285
68 17.0882625579834 4.871912002563477 1.0469186305999756
69 17.165897369384766 4.220078945159912 2.0888261795043945
70 17.1613712310791 3.5480470657348633 3.1207363605499268
71 17.074705123901367 2.8590328693389893 4.1377081871032715
72 16.906314849853516 2.156334638595581 5.134876251220703
73 16.657007217407227 1.443315863609314 6.107469081878662
74 16.327974319458008 0.7233889698982239 7.050827980041504
75 -0.6470162868499756 -17.757404327392578 -1.0469284057617188
76 -1.2909358739852905 -17.62981414794922 -2.08884596824646
77 -1.9286768436431885 -17.4178409576416 -3.1207659244537354
78 -2.5571858882904053 -17.122499465942383 -4.1377482414245605
79 -3.1734564304351807 -16.74520492553711 -5.134925842285156
80 -3.7745361328125 -16.287761688232422 -6.107526779174805
81 -4.357550621032715 -15.752358436584473 -7.0508952140808105
82 9.914083480834961 -14.746359825134277 1.0469298362731934
83 9.318126678466797 -15.021632194519043 2.088848352432251
84 8.677569389343262 -15.225005149841309 3.1207690238952637
85 7.995477676391602 -15.35550308227539 4.137752056121826
86 7.275115966796875 -15.412505149841309 5.134929180145264
87 6.519932746887207 -15.395737648010254 6.107530117034912
88 5.7335405349731445 -15.305277824401855 7.050896644592285
89 -17.0882625579834 -4.871912002563477 -1.046918511390686
90 -17.165897369384766 -4.220078945159912 -2.0888261795043945
91 -17.1613712310791 -3.5480477809906006 -3.1207361221313477
92 -17.074705123901367 -2.8590333461761475 -4.137709140777588
93 -16.90631675720215 -2.1563351154327393 -5.134876728057861
94 -16.657007217407227 -1.443315863609314 -6.10746955871582
95 -16.327974319458008 -0.723389208316803 -7.050827980041504
96 -10.961010932922363 -13.98572063446045 1.046928882598877
97 -11.40697193145752 -13.503995895385742 2.088846445083618
98 -11.798333168029785 -12.957635879516602 3.1207664012908936
99 -12.133224487304688 -12.349252700805664 4.1377482414245605
100 -12.410038948059082 -11.68175983428955 5.13492488861084
101 -12.445089340209961 -11.015167236328125 6.338203430175781
102 -9.538834571838379 14.961665153503418 -1.231609582901001
103 -16.68838119506836 6.102621078491211 1.046927571296692
104 -16.368051528930664 6.675605773925781 2.0888445377349854
105 -15.969376564025879 7.216638088226318 3.1207637786865234
106 -15.494270324707031 7.7231292724609375 4.137745380401611
107 -14.945000648498535 8.192654609680176 5.134922027587891
108 -14.324199676513672 8.622966766357422 6.107522964477539
109 -13.634838104248047 9.012006759643555 7.0508904457092285
110 3.1734561920166016 16.74520492553711 5.134925842285156
111 3.774536609649658 16.28775978088379 6.107527256011963
112 4.357551097869873 15.752359390258789 7.0508952140808105
113 11.497048377990723 -9.8743257522583 9.335716247558594
114 10.689298629760742 -10.801443099975586 9.268643379211426
115 9.8303861618042 -11.676861763000488 9.157206535339355
116 8.924422264099121 -12.496394157409668 9.001941680908203
117 7.975743293762207 -13.256111145019531 8.803589820861816
118 6.988887786865234 -13.95237922668457 8.563101768493652
119 5.968581199645996 -14.581867218017578 8.281627655029297
120 -5.838346481323242 -13.98563289642334 9.335736274719238
121 -15.105302810668945 1.2307053804397583 9.335705757141113
122 -14.996772766113281 2.4555203914642334 9.26862907409668
123 -14.816465377807617 3.668583631515503 9.157191276550293
124 -14.5652437210083 4.8640875816345215 9.001925468444824
125 -14.244308471679688 6.036312103271484 8.803574562072754
126 -13.85519790649414 7.1796441078186035 8.563088417053223
127 -13.399773597717285 8.288613319396973 8.281617164611816
128 -3.497389793395996 14.746269226074219 9.335736274719238
129 -2.298973321914673 15.021547317504883 9.268658638000488
130 -1.0895534753799438 15.224925994873047 9.157217979431152
131 0.12508118152618408 15.355438232421875 9.00195026397705
132 1.339117169380188 15.412452697753906 8.803595542907715
133 2.5467443466186523 15.395700454711914 8.563105583190918
134 3.7421815395355225 15.305258750915527 8.28162956237793
135 12.943859100341797 7.882981777191162 9.33570384979248
136 13.57598876953125 6.828285217285156 9.268619537353516
137 14.143142700195312 5.740905284881592 9.157174110412598
138 14.64260196685791 4.626048564910889 9.001896858215332
139 15.071977615356445 3.4890503883361816 8.803537368774414
140 15.429216384887695 2.3353521823883057 8.563040733337402
141 15.712606430053711 1.1704771518707275 8.281558990478516
142 3.2083003520965576 -9.874298095703125 14.458396911621094
143 3.509535074234009 -10.801419258117676 13.705938339233398
144 3.793971300125122 -11.676837921142578 12.88787841796875
145 4.0602498054504395 -12.496374130249023 12.008135795593262
146 4.307093143463135 -13.256094932556152 11.070915222167969
147 4.533322334289551 -13.952369689941406 10.080707550048828
148 4.737853527069092 -14.581863403320312 9.042252540588379
149 8.288686752319336 -7.126991219408296e-10 15.752392768859863
150 7.179708480834961 -1.0493236279884854e-09 16.28778648376465
151 6.0363664627075195 -1.0943604911162197e-09 16.745220184326172
152 4.864131450653076 -9.342290274716447e-10 17.122507095336914
153 3.6686172485351562 -6.566162613630411e-10 17.417844772338867
154 2.455543041229248 -3.4977370999556e-10 17.62981605529785
155 1.1403295993804932 -0.25171443819999695 17.749767303466797
156 -8.399604797363281 6.102598667144775 14.458391189575195
157 -9.188261032104492 6.67558479309082 13.705934524536133
158 -9.932940483093262 7.216619491577148 12.887874603271484
159 -10.630078315734863 7.723114013671875 12.00813102722168
160 -11.276336669921875 8.192643165588379 11.070910453796387
161 -11.868623733520508 8.62295913696289 10.080702781677246
162 -12.404106140136719 9.012003898620605 9.042245864868164
163 3.2083003520965576 9.874298095703125 14.458395004272461
164 3.5095343589782715 10.801416397094727 13.705936431884766
165 3.7939717769622803 11.676836967468262 12.88787841796875
166 4.060249328613281 12.496374130249023 12.008134841918945
167 4.307093620300293 13.256094932556152 11.070914268493652
168 4.533322334289551 13.95236873626709 10.080706596374512
169 4.737853527069092 14.581863403320312 9.042251586914062
170 -4.737853527069092 -14.581863403320312 -9.042251586914062
171 -4.533323287963867 -13.952370643615723 -10.080707550048828
172 2.9679601192474365 -2.156324863433838 -17.41786003112793
173 3.935148239135742 -2.8590192794799805 -17.122526168823242
174 4.883502006530762 -3.5480308532714844 -16.7452449798584
175 5.808481216430664 -4.220059871673584 -16.287817001342773
176 6.705661296844482 -4.871890068054199 -15.75242805480957
177 12.023804664611816 -10.182485580444336 -8.281623840332031
178 11.109841346740723 -10.95832347869873 -8.56309986114502
179 10.142706871032715 -11.68171215057373 -8.803590774536133
180 9.127026557922363 -12.349191665649414 -9.001946449279785
181 8.067663192749023 -12.957561492919922 -9.15721607208252
182 6.969685077667236 -13.503913879394531 -9.268656730651855
183 5.8383469581604 -13.98563289642334 -9.335736274719238
184 14.851921081542969 2.9508564472198486 -9.213942527770996
185 15.105303764343262 1.2307053804397583 -9.335705757141113
186 0.9956663846969604 0.7233856916427612 -17.757410049438477
187 1.986567497253418 1.4433090686798096 -17.629823684692383
188 2.9679601192474365 2.156324863433838 -17.41786003112793
189 3.935148239135742 2.8590195178985596 -17.122526168823242
190 4.883502006530762 3.5480313301086426 -16.7452449798584
191 5.808480739593506 4.220059394836426 -16.287817001342773
192 6.705661773681641 4.871890544891357 -15.75243091583252
193 -15.332294464111328 4.236161199600019e-09 -9.0421781539917
194 -14.670411109924316 6.236997585062909e-09 -10.080636024475098
195 -13.938314437866211 6.504737193324672e-09 -11.070845603942871
196 -13.13950252532959 5.552935444796958e-09 -12.00806999206543
197 -5.968581199645996 -14.581869125366211 -8.281628608703613
198 -6.988888740539551 -13.95237922668457 -8.563101768493652
199 -15.712604522705078 1.1704771518707275 -8.281558990478516
200 -15.429214477539062 2.3353524208068848 -8.563039779663086
201 -15.071977615356445 3.4890499114990234 -8.803536415100098
202 -14.642601013183594 4.626047611236572 -9.001896858215332
203 -14.14314079284668 5.740903377532959 -9.157172203063965
204 -13.575989723205566 6.82828426361084 -9.268620491027832
205 -12.943857192993164 7.8829803466796875 -9.33570384979248
206 16.327974319458008 -0.7233890295028687 7.050828456878662
207 16.657007217407227 -1.4433159828186035 6.10746955871582
208 16.90631675720215 -2.1563351154327393 5.1348772048950195
209 17.074705123901367 -2.8590328693389893 4.13770866394043
210 17.161373138427734 -3.5480477809906006 3.1207363605499268
211 17.1658992767334 -4.220078945159912 2.0888261795043945
212 17.0882625579834 -4.871912002563477 1.046918511390686
213 16.68838119506836 6.102621555328369 -1.0469276905059814
214 4.357550144195557 -15.752358436584473 7.0508952140808105
215 3.7745361328125 -16.287761688232422 6.107526779174805
216 3.1734561920166016 -16.74520492553711 5.134925842285156
217 2.5571858882904053 -17.122499465942383 4.1377482414245605
218 1.928676724433899 -17.4178409576416 3.1207661628723145
219 1.290935754776001 -17.62981414794922 2.08884596824646
220 0.6470162868499756 -17.757404327392578 1.0469284057617188
221 12.784429550170898 -10.182502746582031 -7.050891876220703
222 12.62745475769043 -10.958357810974121 -6.107524871826172
223 12.410038948059082 -11.68175983428955 -5.134925365447998
224 12.133224487304688 -12.349252700805664 -4.1377482414245605
225 11.798333168029785 -12.957633972167969 -3.1207659244537354
226 11.40697193145752 -13.503995895385742 -2.088846445083618
227 10.96101188659668 -13.98572063446045 -1.046928882598877
228 -14.125872611999512 -8.558675765991211 6.5978102684021
229 -14.945001602172852 -8.192654609680176 5.134922504425049
230 -15.494271278381348 -7.723129749298096 4.137745380401611
231 -15.969378471374512 -7.216638565063477 3.1207642555236816
232 -16.36805534362793 -6.675606727600098 2.0888445377349854
233 -16.688383102416992 -6.102621078491211 1.0469276905059814
234 -5.7335405349731445 -15.305276870727539 -7.050896644592285
235 -6.519932270050049 -15.395737648010254 -6.107530117034912
236 -7.275115489959717 -15.412504196166992 -5.134928226470947
237 -7.995477199554443 -15.355504035949707 -4.137752056121826
238 -8.677568435668945 -15.225003242492676 -3.1207690238952637
239 -9.318126678466797 -15.021632194519043 -2.088848352432251
240 -9.914081573486328 -14.746358871459961 -1.046929955482483
241 -12.784429550170898 10.182502746582031 7.050890922546387
242 -12.62745475769043 10.958357810974121 6.107525825500488
243 -12.410038948059082 11.68175983428955 5.134924411773682
244 -12.133224487304688 12.349252700805664 4.1377482414245605
245 -11.798333168029785 12.957633972167969 3.1207661628723145
246 -11.40697193145752 13.503995895385742 2.088846445083618
247 -10.96101188659668 13.98572063446045 1.046928882598877
248 5.733541011810303 15.305276870727539 7.050897121429443
249 6.519932270050049 15.395737648010254 6.10753059387207
250 7.275115013122559 15.412504196166992 5.134929180145264
251 15.712604522705078 -1.170477032661438 8.281558990478516
252 15.429214477539062 -2.3353521823883057 8.563039779663086
253 15.071977615356445 -3.4890499114990234 8.803537368774414
254 14.64260196685791 -4.626047611236572 9.001896858215332
255 14.14314079284668 -5.740903377532959 9.157172203063965
256 13.575989723205566 -6.82828426361084 9.268619537353516
257 12.943859100341797 -7.882980823516846 9.33570384979248
258 3.7421820163726807 -15.30526065826416 8.281630516052246
259 2.5467441082000732 -15.395700454711914 8.563105583190918
260 1.339117169380188 -15.412454605102539 8.803597450256348
261 0.12508128583431244 -15.355438232421875 9.001951217651367
262 -1.0895535945892334 -15.22492790222168 9.157219886779785
263 -2.298973321914673 -15.021547317504883 9.268659591674805
264 -3.4973902702331543 -14.746271133422852 9.335738182067871
265 -14.640644073486328 -3.989163398742676 9.276383399963379
266 -14.996772766113281 -2.4555203914642334 9.26862907409668
267 -15.105303764343262 -1.2307053804397583 9.335705757141113
268 -12.023804664611816 10.182485580444336 8.281623840332031
269 -11.109841346740723 10.95832347869873 8.56309986114502
270 -10.142706871032715 11.68171215057373 8.803590774536133
271 -9.127026557922363 12.349191665649414 9.001946449279785
272 -8.067663192749023 12.957561492919922 9.15721607208252
273 -6.969685077667236 13.503913879394531 9.268656730651855
274 -5.8383469581604 13.98563289642334 9.335735321044922
275 5.968580722808838 14.581868171691895 8.281628608703613
276 6.988887786865234 13.95237922668457 8.563102722167969
277 7.975741386413574 13.256110191345215 8.803589820861816
278 8.924421310424805 12.496393203735352 9.001940727233887
279 9.8303861618042 11.676861763000488 9.157206535339355
280 10.689299583435059 10.801444053649902 9.268643379211426
281 11.497049331665039 9.874326705932617 9.335716247558594
282 15.332294464111328 -4.337974868207084e-09 9.042177200317383
283 14.67041301727295 -6.586835965549653e-09 10.080635070800781
284 13.938314437866211 -7.161354620421889e-09 11.070845603942871
285 13.139503479003906 -6.48718145868088e-09 12.00806999206543
286 12.277803421020508 -4.997204428036639e-09 12.8878173828125
287 11.357335090637207 -3.1283442503138303e-09 13.705880165100098
288 10.3825101852417 -1.3178617086495592e-09 14.458341598510742
289 -3.872715473175049 2.6883912086486816 17.155712127685547
290 -4.883502006530762 3.5480308532714844 16.7452449798584
291 -5.808481216430664 4.220059871673584 16.287817001342773
292 -6.705661296844482 4.871890068054199 15.75242805480957
293 0.3803035616874695 1.1704721450805664 17.757408142089844
294 0.7587867975234985 2.3353426456451416 17.629823684692383
295 1.1336380243301392 3.4890360832214355 17.417858123779297
296 1.5030639171600342 4.6260294914245605 17.122526168823242
297 1.86529541015625 5.740882873535156 16.7452449798584
298 2.2185990810394287 6.828259468078613 16.287817001342773
299 2.561283826828003 7.882954120635986 15.752432823181152
300 8.704568862915039 1.1879833936691284 15.480934143066406
301 7.997481346130371 2.368643045425415 15.724821090698242
302 7.241086483001709 3.5346994400024414 15.871758460998535
303 6.440048694610596 4.678962230682373 15.920843124389648
304 5.599303722381592 5.794378757476807 15.871772766113281
305 4.724039554595947 6.8740715980529785 15.724843978881836
306 3.8196489810943604 7.911383628845215 15.48097038269043
307 9.953704833984375 1.1879866123199463 14.708927154541016
308 10.488051414489746 2.368649482727051 14.185571670532227
309 10.957737922668457 3.5347094535827637 13.574758529663086
310 11.35986614227295 4.678975582122803 12.880250930786133
311 11.6919584274292 5.794395923614502 12.10633659362793
312 11.951966285705566 6.874093055725098 11.257779121398926
313 12.138289451599121 7.911408424377441 10.339816093444824
314 4.205652236938477 9.099372863769531 14.708979606628418
315 5.4936652183532715 9.24272632598877 14.185619354248047
316 6.747809410095215 9.329094886779785 13.574799537658691
317 7.9603495597839355 9.357946395874023 12.880287170410156
318 9.123810768127441 9.329102516174316 12.106365203857422
319 10.231022834777832 9.242742538452148 11.257798194885254
320 11.275155067443848 9.099395751953125 10.339826583862305
321 1.5599586963653564 8.645589828491211 15.480976104736328
322 0.2185894101858139 8.337958335876465 15.724852561950684
323 -1.1241270303726196 7.978921413421631 15.871782302856445
324 -2.4599130153656006 7.57069206237793 15.920860290527344
325 -3.780533790588379 7.115787982940674 15.871780395507812
326 -5.077845096588135 6.6170125007629395 15.724849700927734
327 -6.343852996826172 6.077443599700928 15.480972290039062
328 1.945947527885437 9.833585739135742 14.708979606628418
329 0.9881879091262817 10.70662784576416 14.18562126159668
330 0.024335213005542755 11.513659477233887 13.57480525970459
331 -0.9396675825119019 12.249709129333496 12.88029670715332
332 -1.8978770971298218 12.91023063659668 12.106376647949219
333 -2.844385862350464 13.491159439086914 11.25781536102295
334 -3.7733588218688965 13.988909721374512 10.339848518371582
335 -7.35441780090332 6.8116631507873535 14.708974838256836
336 -7.092749118804932 8.080925941467285 14.185617446899414
337 -6.787350654602051 9.300368309020996 13.574800491333008
338 -6.440106391906738 10.462471961975098 12.880292892456055
339 -6.053156852722168 11.560070991516113 12.106374740600586
340 -5.628886699676514 12.586403846740723 11.257813453674316
341 -5.1699137687683105 13.535133361816406 10.339848518371582
342 -7.740403175354004 4.155251979827881 15.480965614318848
343 -7.855108261108398 2.6735193729400635 15.737006187438965
344 -8.75097370147705 4.889461040496826 14.70897102355957
345 -9.877249717712402 4.248372554779053 14.185606956481934
346 -10.94262981414795 3.581092357635498 13.574787139892578
347 -11.940546035766602 2.891732692718506 12.880273818969727
348 -12.864849090576172 2.1845452785491943 12.106351852416992
349 -13.709833145141602 1.463889241218567 11.257786750793457
350 -14.470292091369629 0.7342078685760498 10.339818954467773
351 -13.688486099243164 -1.4702329635620117 11.280372619628906
352 -14.470292091369629 -0.7342078685760498 10.339818954467773
353 1.7535924911499023 -9.820387840270996 14.72851848602295
354 -1.8107895851135254 -12.82717514038086 12.19845962524414
355 -2.969621181488037 -13.281503677368164 11.4461669921875
356 -3.7733590602874756 -13.988908767700195 10.339848518371582
357 3.819650173187256 -7.9113850593566895 15.480973243713379
358 4.724039554595947 -6.874073028564453 15.724844932556152
359 5.599304676055908 -5.794379234313965 15.871772766113281
360 6.440049171447754 -4.6789631843566895 15.920843124389648
361 7.241086959838867 -3.5346996784210205 15.871759414672852
362 7.997481346130371 -2.368643045425415 15.724820137023926
363 8.704568862915039 -1.187983512878418 15.480935096740723
364 4.205652713775635 -9.099372863769531 14.708979606628418
365 5.4936652183532715 -9.24272632598877 14.185619354248047
366 6.747809410095215 -9.329094886779785 13.574800491333008
367 7.960350036621094 -9.357946395874023 12.880288124084473
368 9.123812675476074 -9.329103469848633 12.106365203857422
369 10.231021881103516 -9.242740631103516 11.257798194885254
370 11.275154113769531 -9.099394798278809 10.339825630187988
371 9.953704833984375 -1.1879867315292358 14.708927154541016
372 10.488051414489746 -2.368649482727051 14.185571670532227
373 10.957737922668457 -3.5347094535827637 13.574758529663086
374 11.35986614227295 -4.678976535797119 12.88025188446045
375 11.6919584274292 -5.79439640045166 12.10633659362793
376 11.951967239379883 -6.874094009399414 11.257779121398926
377 12.138289451599121 -7.9114089012146 10.33981704711914
378 16.68364906311035 6.0774736404418945 1.2491453886032104
379 16.33559799194336 6.617049217224121 2.490589141845703
380 15.886831283569336 7.115827560424805 3.716677665710449
381 15.34011459350586 7.570733070373535 4.9198503494262695
382 14.698821067810059 7.978961944580078 6.0926923751831055
383 13.966903686523438 8.337997436523438 7.227968215942383
384 13.148872375488281 8.645623207092285 8.318679809570312
385 16.445087432861328 6.811698913574219 -4.166885148038091e-08
386 15.874554634094238 8.03576946258545 -0.12038268148899078
387 12.285737991333008 9.833627700805664 8.318680763244629
388 12.24595832824707 10.706680297851562 7.227967262268066
389 12.13067626953125 11.513723373413086 6.0926923751831055
390 11.940600395202637 12.24978256225586 4.919850826263428
391 11.676911354064941 12.91031265258789 3.7166786193847656
392 -1.8583457469940186 17.30817222595215 3.7166905403137207
393 -2.4599342346191406 16.928783416748047 4.919867038726807
394 -3.046356678009033 16.445018768310547 6.092711925506592
395 -3.6139962673187256 15.85986328125 7.227990627288818
396 -4.159353733062744 15.176922798156738 8.318706512451172
397 -9.300482749938965 15.176998138427734 -8.122220407358327e-08
398 -5.555924892425537 14.72314453125 8.318703651428223
399 -6.398530960083008 14.955102920532227 7.2279863357543945
400 -7.201686859130859 15.094856262207031 6.092708110809326
401 -7.960442543029785 15.141546249389648 4.919864177703857
402 -8.67011833190918 15.094881057739258 3.7166876792907715
403 -9.326338768005371 14.955148696899414 2.490595579147339
404 -9.925060272216797 14.723215103149414 1.2491488456726074
405 -17.069644927978516 4.889482021331787 1.2491445541381836
406 -17.105215072631836 4.248392105102539 2.4905874729156494
407 -17.035320281982422 3.5811095237731934 3.7166748046875
408 -16.86039924621582 2.8917462825775146 4.919847011566162
409 -16.581525802612305 2.184555768966675 6.092687606811523
410 -16.200422286987305 1.4638960361480713 7.227963447570801
411 -15.719438552856445 0.7342111468315125 8.31867504119873
412 -17.688066482543945 1.8590413331985474 0.1004808247089386
413 -17.800012588500977 0.0 1.4459139663358656e-07
414 -17.74514389038086 -1.3965522050857544 1.3519989749966044e-07
415 -17.580869674682617 -2.784494161605835 1.0776510350751778e-07
416 -17.308210372924805 -4.155269622802734 6.25684535293658e-08
417 -15.719438552856445 -0.7342112064361572 8.31867504119873
418 -16.200422286987305 -1.4638960361480713 7.227962493896484
419 -16.581525802612305 -2.184555768966675 6.092686653137207
420 -16.86039924621582 -2.8917462825775146 4.919846534729004
421 -17.035320281982422 -3.5811095237731934 3.7166748046875
422 -17.105215072631836 -4.248392105102539 2.4905877113342285
423 -17.069644927978516 -4.889482021331787 1.2491447925567627
424 -9.92505931854248 -14.723215103149414 1.249148964881897
425 -9.326338768005371 -14.955150604248047 2.490595817565918
426 -8.670117378234863 -15.094881057739258 3.7166874408721924
427 -7.960442543029785 -15.141546249389648 4.919863224029541
428 -7.201686859130859 -15.094856262207031 6.092707633972168
429 -6.398531436920166 -14.955102920532227 7.2279863357543945
430 -5.555924892425537 -14.723142623901367 8.318702697753906
431 -9.300482749938965 -15.176998138427734 -8.519045735511099e-08
432 -8.081040382385254 -15.859919548034668 -1.2550178496439912e-07
433 -6.811772346496582 -16.445058822631836 -1.3093402628783224e-07
434 -5.500507831573486 -16.92881202697754 -1.1178808279055374e-07
435 -4.155332088470459 -17.308189392089844 -7.856041150944293e-08
436 -2.7845358848571777 -17.58085823059082 -4.1833924768752695e-08
437 -1.3965730667114258 -17.745134353637695 -1.2170067620331793e-08
438 -4.159353256225586 -15.176922798156738 8.318705558776855
439 -3.6139962673187256 -15.85986328125 7.227991104125977
440 -3.046356678009033 -16.445018768310547 6.09271240234375
441 -2.4599344730377197 -16.928781509399414 4.919867515563965
442 -1.8583459854125977 -17.30817222595215 3.716691017150879
443 -1.2452994585037231 -17.58085060119629 2.490598440170288
444 -0.624575138092041 -17.745132446289062 1.2491501569747925
445 10.935619354248047 -13.988998413085938 1.2491453886032104
446 11.341224670410156 -13.491244316101074 2.4905893802642822
447 11.676909446716309 -12.910310745239258 3.716677665710449
448 11.94060230255127 -12.249780654907227 4.919850826263428
449 12.13067626953125 -11.51372241973877 6.092691421508789
450 12.24595832824707 -10.706681251525879 7.227967739105225
451 12.285737991333008 -9.833627700805664 8.318679809570312
452 11.560192108154297 -13.5352201461792 7.3682876688963e-08
453 12.58652400970459 -12.58648681640625 9.321790628291637e-08
454 13.53525161743164 -11.560149192810059 7.486141129220414e-08
455 14.400531768798828 -10.462540626525879 3.523838287833314e-08
456 15.177024841308594 -9.30042839050293 -8.822754971049562e-09
457 15.859946250915527 -8.080975532531738 -4.046928481216128e-08
458 16.445085525512695 -6.811699867248535 -4.299173994581906e-08
459 13.148872375488281 -8.645623207092285 8.318680763244629
460 13.966903686523438 -8.337996482849121 7.227968215942383
461 14.698821067810059 -7.97896146774292 6.0926923751831055
462 15.340116500854492 -7.570733070373535 4.919850826263428
463 15.886832237243652 -7.1158270835876465 3.7166779041290283
464 16.33559799194336 -6.617049217224121 2.4905893802642822
465 16.68364715576172 -6.077473163604736 1.2491453886032104
466 -11.560192108154297 13.5352201461792 -7.35506020532739e-08
467 -12.58652400970459 12.58648681640625 -9.276321577544877e-08
468 -13.53525161743164 11.560149192810059 -7.400748103236765e-08
469 -14.400531768798828 10.462540626525879 -3.402341164360223e-08
470 -15.177024841308594 9.30042839050293 1.0246114179324195e-08
471 -15.859946250915527 8.080975532531738 4.183352686482067e-08
472 -16.445085525512695 6.811699867248535 4.3917662395642765e-08
473 -10.935619354248047 13.988998413085938 -1.2491453886032104
474 -11.341224670410156 13.491244316101074 -2.4905893802642822
475 -11.676909446716309 12.910311698913574 -3.716677665710449
476 -11.940601348876953 12.249780654907227 -4.919850826263428
477 -12.13067626953125 11.51372241973877 -6.092691421508789
478 -12.24595832824707 10.706681251525879 -7.227967739105225
479 -12.285737991333008 9.833627700805664 -8.318679809570312
480 -14.698821067810059 7.978961944580078 -6.092691421508789
481 -13.966903686523438 8.337996482849121 -7.227967739105225
482 -13.148872375488281 8.645624160766602 -8.318680763244629
483 -16.445085525512695 -6.811699867248535 4.2462840355028675e-08
484 -15.859949111938477 -8.080975532531738 3.8650465938872e-08
485 -15.17702579498291 -9.300429344177246 5.407316816530283e-09
486 -14.400531768798828 -10.462541580200195 -4.0099063625120834e-08
487 -13.535253524780273 -11.560150146484375 -8.055427969111406e-08
488 -12.586524963378906 -12.58648681640625 -9.867487449355394e-08
489 -11.560190200805664 -13.535218238830566 -7.738659490996724e-08
490 -16.68364906311035 -6.077473163604736 -1.249145269393921
491 -16.335599899291992 -6.617049217224121 -2.490589141845703
492 -15.886831283569336 -7.115827560424805 -3.7166781425476074
493 -15.340115547180176 -7.570733070373535 -4.9198503494262695
494 -14.698821067810059 -7.978961944580078 -6.0926923751831055
495 -10.935617446899414 -13.988998413085938 -1.2491455078125
496 -11.341224670410156 -13.49124526977539 -2.4905896186828613
497 -11.676911354064941 -12.91031265258789 -3.7166786193847656
498 -11.940600395202637 -12.24978256225586 -4.919850826263428
499 -12.13067626953125 -11.513723373413086 -6.0926923751831055
500 1.3965733051300049 -17.745134353637695 1.1640969077575392e-08
501 2.7845358848571777 -17.58085823059082 4.001504905204456e-08
502 4.155332088470459 -17.308189392089844 7.514469047009698e-08
503 5.5005083084106445 -16.92881202697754 1.0692751573060377e-07
504 6.811772346496582 -16.445058822631836 1.2524115788892232e-07
505 8.081039428710938 -15.859918594360352 1.2004515781427472e-07
506 9.300482749938965 -15.176998138427734 8.148676755581619e-08
507 0.624575138092041 -17.745132446289062 -1.2491501569747925
508 1.2452994585037231 -17.58085060119629 -2.490598440170288
509 1.8583457469940186 -17.30817222595215 -3.7166907787323
510 2.4599339962005615 -16.928781509399414 -4.919867038726807
511 3.046356678009033 -16.445016860961914 -6.09271240234375
512 3.6139960289001465 -15.85986328125 -7.22799015045166
513 4.159352779388428 -15.176922798156738 -8.318704605102539
514 9.925060272216797 -14.723215103149414 -1.2491488456726074
515 9.326338768005371 -14.95514965057373 -2.490595579147339
516 8.67011833190918 -15.094882011413574 -3.7166876792907715
517 7.960442543029785 -15.141546249389648 -4.919864177703857
518 7.201687335968018 -15.094858169555664 -6.092708587646484
519 6.398531913757324 -14.955102920532227 -7.227987289428711
520 5.555924892425537 -14.72314453125 -8.318703651428223
521 17.308208465576172 -4.155269622802734 -6.230367688431215e-08
522 17.580869674682617 -2.784494400024414 -1.0685555196232599e-07
523 17.745141983032227 -1.3965522050857544 -1.334919801365686e-07
524 17.800012588500977 0.0 -1.421612267904493e-07
525 17.74514389038086 1.3965522050857544 -1.3292275014009647e-07
526 17.58087158203125 2.784494400024414 -1.059462846342285e-07
527 17.308208465576172 4.155269145965576 -6.151019960043413e-08
528 17.06964683532715 -4.8894829750061035 -1.2491449117660522
529 17.105215072631836 -4.2483930587768555 -2.4905877113342285
530 17.035322189331055 -3.5811095237731934 -3.716675043106079
531 16.86039924621582 -2.891747236251831 -4.919847011566162
532 16.581525802612305 -2.184556007385254 -6.092687606811523
533 16.200424194335938 -1.4638961553573608 -7.227962970733643
534 15.719437599182129 -0.734211266040802 -8.318674087524414
535 17.06964683532715 4.8894829750061035 -1.2491449117660522
536 17.105215072631836 4.2483930587768555 -2.4905877113342285
537 17.035322189331055 3.5811095237731934 -3.716675281524658
538 16.86039924621582 2.891747236251831 -4.919847011566162
539 16.581525802612305 2.184556007385254 -6.092687606811523
540 16.200424194335938 1.4638961553573608 -7.227962970733643
541 15.719437599182129 0.734211266040802 -8.318674087524414
542 -6.586273193359375 9.339674949645996 -13.636569023132324
543 -8.344528198242188 9.7035493850708 -12.346559524536133
544 -9.123811721801758 9.329103469848633 -12.106365203857422
545 -10.231021881103516 9.242741584777832 -11.257797241210938
546 -11.275156021118164 9.099395751953125 -10.339826583862305
547 -3.819650173187256 7.9113850593566895 -15.480973243713379
548 -4.724039554595947 6.874073028564453 -15.724844932556152
549 -5.599304676055908 5.794379234313965 -15.871772766113281
550 -6.440049171447754 4.6789631843566895 -15.920843124389648
551 -7.241086959838867 3.5346996784210205 -15.871759414672852
552 -12.138289451599121 7.911407947540283 -10.33981704711914
553 -11.951967239379883 6.874094009399414 -11.257779121398926
554 -11.6919584274292 5.794396877288818 -12.10633659362793
555 -11.359868049621582 4.678976535797119 -12.880252838134766
556 -10.957738876342773 3.5347094535827637 -13.574758529663086
557 -10.488052368164062 2.368649482727051 -14.18557357788086
558 14.470292091369629 0.7342079281806946 -10.339818954467773
559 13.709833145141602 1.463889241218567 -11.257786750793457
560 12.864849090576172 2.1845452785491943 -12.106351852416992
561 11.940546989440918 2.891732692718506 -12.880273818969727
562 10.94262981414795 3.581092357635498 -13.574787139892578
563 9.877251625061035 4.248372554779053 -14.185606956481934
564 8.63425064086914 5.135207176208496 -14.678438186645508
565 14.470292091369629 -0.7342079877853394 -10.339818954467773
566 13.709833145141602 -1.463889241218567 -11.257786750793457
567 12.864849090576172 -2.1845452785491943 -12.106351852416992
568 11.940546989440918 -2.891732692718506 -12.880274772644043
569 10.94262981414795 -3.581092357635498 -13.574788093566895
570 9.877249717712402 -4.248372554779053 -14.185606956481934
571 8.75097370147705 -4.889461040496826 -14.70897102355957
572 7.740402698516846 4.155251979827881 -15.480965614318848
573 7.862339019775391 2.784482717514038 -15.72484016418457
574 7.935802936553955 1.3965460062026978 -15.871767044067383
575 7.960341453552246 0.0 -15.920845031738281
576 7.935802936553955 -1.3965460062026978 -15.8717679977417
577 7.862339496612549 -2.784482479095459 -15.72484016418457
578 7.7404022216796875 -4.155251502990723 -15.480964660644531
579 0.9396674036979675 -12.24970817565918 -12.88029670715332
580 1.8978769779205322 -12.910232543945312 -12.106376647949219
581 2.8443856239318848 -13.491159439086914 -11.25781536102295
582 3.7733583450317383 -13.988908767700195 -10.339847564697266
583 3.7805335521698 -7.115787982940674 -15.871780395507812
584 5.077845096588135 -6.6170125007629395 -15.724849700927734
585 6.343852996826172 -6.077443599700928 -15.480972290039062
586 5.169913291931152 -13.53513240814209 -10.33984661102295
587 5.628886699676514 -12.586402893066406 -11.257814407348633
588 6.053156852722168 -11.56007194519043 -12.10637378692627
589 6.440106391906738 -10.462472915649414 -12.880292892456055
590 6.787350654602051 -9.300370216369629 -13.574800491333008
591 7.092748641967773 -8.080926895141602 -14.185617446899414
592 7.3544182777404785 -6.811663627624512 -14.708975791931152
593 6.315262794494629 -13.078527450561523 -10.289396286010742
594 6.760293960571289 -12.088702201843262 -11.178824424743652
595 7.433037281036377 -12.555472373962402 -10.194247245788574
596 7.170475959777832 -11.021397590637207 -11.998047828674316
597 7.86408805847168 -11.523825645446777 -11.054305076599121
598 8.517388343811035 -11.967181205749512 -10.053894996643066
599 7.542631149291992 -9.88226318359375 -12.741069793701172
600 8.259243965148926 -10.413811683654785 -11.84215259552002
601 8.933629035949707 -10.892401695251465 -10.882843971252441
602 9.562469482421875 -11.31571102142334 -9.868219375610352
603 7.8735551834106445 -8.677733421325684 -13.402166366577148
604 8.614426612854004 -9.230998992919922 -12.55094051361084
605 9.311737060546875 -9.738016128540039 -11.636475563049316
606 9.962106704711914 -10.19632339477539 -10.663589477539062
607 10.562419891357422 -10.603731155395508 -9.63736343383789
608 8.160157203674316 -7.415128707885742 -13.976122856140137
609 8.925442695617676 -7.982214450836182 -13.174150466918945
610 9.646563529968262 -8.510148048400879 -12.307171821594238
611 10.320046424865723 -8.996371269226074 -11.379607200622559
612 10.942669868469238 -9.438538551330566 -10.396159172058105
613 11.511479377746582 -9.8345365524292 -9.361773490905762
614 4.25071382522583 -13.08210563659668 -11.294962882995605
615 3.308131694793701 -12.54279899597168 -12.18728256225586
616 4.6962714195251465 -12.091758728027344 -12.18728256225586
617 2.347425699234009 -11.918994903564453 -13.010283470153809
618 3.739565372467041 -11.508981704711914 -13.053707122802734
619 5.106823921203613 -11.022394180297852 -13.01028060913086
620 1.374181866645813 -11.213286399841309 -13.757376670837402
621 2.7637736797332764 -10.839051246643066 -13.848966598510742
622 4.135208606719971 -10.39343547821045 -13.848962783813477
623 5.479376792907715 -9.879403114318848 -13.75737190246582
624 1.6060476303100586 -10.060907363891602 -14.591367721557617
625 3.1433749198913574 -9.674132347106934 -14.612238883972168
626 4.491883277893066 -9.201376914978027 -14.564626693725586
627 5.811221599578857 -8.669145584106445 -14.422109603881836
628 3.4831347465515137 -8.43026351928711 -15.289758682250977
629 4.8068389892578125 -7.939715385437012 -15.19244384765625
630 6.1000213623046875 -7.399030685424805 -14.998435974121094
631 -3.5515899658203125 -14.721604347229004 -9.352020263671875
632 -3.3374128341674805 -14.067911148071289 -10.380846977233887
633 -2.3459575176239014 -14.78824520111084 -9.623448371887207
634 -3.123228073120117 -13.331745147705078 -11.370952606201172
635 -2.12019419670105 -14.10909652709961 -10.643231391906738
636 -1.1262997388839722 -14.780323028564453 -9.854631423950195
637 -1.870105266571045 -13.359241485595703 -11.616045951843262
638 -0.8870168924331665 -14.073493957519531 -10.865038871765137
639 0.10167882591485977 -14.69674301147461 -10.043649673461914
640 -0.6222996115684509 -13.292280197143555 -11.827179908752441
641 0.3560585379600525 -13.959226608276367 -11.043310165405273
642 1.3319118022918701 -14.536890983581543 -10.188634872436523
643 -0.3339184522628784 -12.438097953796387 -12.733089447021484
644 0.6362780928611755 -13.142988204956055 -11.991927146911621
645 1.6022930145263672 -13.765178680419922 -11.175129890441895
646 2.5580127239227295 -14.300737380981445 -10.287861824035645
647 6.852916240692139 3.511314868927002 -16.04713249206543
648 6.952297687530518 2.1259653568267822 -16.24654769897461
649 5.933215618133545 2.84436297416687 -16.53841781616211
650 7.002756595611572 0.7240047454833984 -16.3486270904541
651 6.009275436401367 1.4442980289459229 -16.692602157592773
652 4.984987735748291 2.1571879386901855 -16.951011657714844
653 7.003458023071289 -0.6860107779502869 -16.351343154907227
654 6.035390853881836 0.02822912484407425 -16.747318267822266
655 5.036651134490967 0.7424736618995667 -17.057889938354492
656 4.012419700622559 1.4530484676361084 -17.28170394897461
657 6.954006671905518 -2.095024824142456 -16.253211975097656
658 6.0106730461120605 -1.3946632146835327 -16.69948387145996
659 5.037222862243652 -0.6870231032371521 -17.0616397857666
660 4.038654804229736 0.024263136088848114 -17.338096618652344
661 3.020054817199707 0.7355719208717346 -17.52771759033203
662 6.854521751403809 -3.493560552597046 -16.053504943847656
663 5.934876441955566 -2.8143293857574463 -16.546737670898438
664 4.986090183258057 -2.120988130569458 -16.958351135253906
665 4.012904644012451 -1.4170211553573608 -17.28647804260254
666 3.0201575756073 -0.7059460282325745 -17.52964973449707
667 2.0127580165863037 0.008701590821146965 -17.686826705932617
668 8.899081230163574 3.5282487869262695 -15.004801750183105
669 10.004558563232422 2.870601177215576 -14.438271522521973
670 9.000079154968262 2.1408181190490723 -15.20561695098877
671 11.049237251281738 2.185804605484009 -13.783210754394531
672 10.084412574768066 1.4653328657150269 -14.594442367553711
673 9.052491188049316 0.7351117730140686 -15.308568954467773
674 12.025461196899414 1.4779448509216309 -13.042068481445312
675 11.106518745422363 0.7617655992507935 -13.891805648803711
676 10.114124298095703 0.040763840079307556 -14.649917602539062
677 9.054874420166016 -0.6802697777748108 -15.311368942260742
678 12.925713539123535 0.7517358064651489 -12.218127250671387
679 12.057321548461914 0.034968744963407516 -13.099260330200195
680 11.11034870147705 -0.6817141175270081 -13.895416259765625
681 10.091004371643066 -1.3936166763305664 -14.60137939453125
682 9.005963325500488 -2.096074104309082 -15.212522506713867
683 13.742839813232422 0.01245106477290392 -11.315624237060547
684 12.927882194519043 -0.7091571092605591 -12.219752311706543
685 12.030624389648438 -1.4260050058364868 -13.046415328979492
686 11.056801795959473 -2.1335127353668213 -13.7903413772583
687 10.01264476776123 -2.8271584510803223 -14.446773529052734
688 8.904817581176758 -3.502509832382202 -15.011516571044922
689 14.391291618347168 1.9864184856414795 -10.28783130645752
690 13.500898361206055 3.262011766433716 -11.118768692016602
691 12.450745582580566 3.58892560005188 -12.189193725585938
692 -5.795976638793945 -13.987098693847656 -9.361778259277344
693 -15.098625183105469 -1.1713849306106567 -9.351951599121094
694 -14.410747528076172 -1.1730811595916748 -10.380780220031738
695 -14.78945255279541 -2.338602066040039 -9.623385429382324
696 -13.558481216430664 -1.2529387474060059 -11.455860137939453
697 -12.796518325805664 6.868795394897461 -10.289361000061035
698 -12.574762344360352 5.80642557144165 -11.17878532409668
699 -13.393379211425781 5.788626194000244 -10.194206237792969
700 -12.279276847839355 4.7018609046936035 -11.998007774353027
701 -13.135736465454102 4.700643062591553 -11.05426025390625
702 -13.924859046936035 4.675328731536865 -10.053847312927246
703 -11.910798072814941 3.561533212661743 -12.741025924682617
704 -12.802984237670898 3.5703558921813965 -11.8421049118042
705 -13.629877090454102 3.561155080795288 -10.882795333862305
706 -14.387431144714355 3.5339996814727783 -9.868167877197266
707 -11.470528602600098 2.3925352096557617 -13.402120590209961
708 -12.395105361938477 2.4046685695648193 -12.550891876220703
709 -13.25725269317627 2.404989004135132 -11.636421203613281
710 -14.052793502807617 2.3934948444366455 -10.663534164428711
711 -14.777920722961426 2.370243787765503 -9.637304306030273
712 -11.912714958190918 1.211567997932434 -13.174097061157227
713 -12.806425094604492 1.214816689491272 -12.30711555480957
714 -13.637072563171387 1.2123204469680786 -11.379548072814941
715 -14.400678634643555 1.2040764093399048 -10.396096229553223
716 -15.093611717224121 1.190110683441162 -9.361709594726562
717 -11.128350257873535 8.08519458770752 -11.294937133789062
718 -10.048779487609863 8.202919960021973 -12.187263488769531
719 -10.90671157836914 7.0220947265625 -12.187254905700684
720 -8.90488338470459 8.262940406799316 -13.01026725769043
721 -9.790167808532715 7.1129560470581055 -13.05368423461914
722 -10.610315322875977 5.915645599365234 -13.010250091552734
723 -7.702699184417725 8.264063835144043 -13.757366180419922
724 -8.606953620910645 7.144522666931152 -13.848949432373047
725 -9.454561233520508 5.977904796600342 -13.848938941955566
726 -10.239896774291992 4.771964073181152 -13.757340431213379
727 -6.449120044708252 8.205687522888184 -14.422104835510254
728 -7.363008975982666 7.115383148193359 -14.564615249633789
729 -8.229347229003906 5.978958606719971 -14.61221981048584
730 -9.042454719543457 4.803861141204834 -14.56460189819336
731 -9.797004699707031 3.5977907180786133 -14.422075271606445
732 -5.151915073394775 8.087873458862305 -14.998437881469727
733 -6.065763473510742 7.025059700012207 -15.192439079284668
734 -6.941356658935547 5.917722225189209 -15.289745330810547
735 -7.773103713989258 4.772940158843994 -15.289739608764648
736 -8.555685997009277 3.5980281829833984 -15.19241714477539
737 -9.25096321105957 2.286242961883545 -15.027969360351562
738 -10.422271728515625 10.357288360595703 -10.027546882629395
739 16.64136505126953 5.798471450805664 -2.414504051208496
740 16.757537841796875 4.831476211547852 -3.550670623779297
741 16.637800216674805 4.154716491699219 -4.76783561706543
742 16.461265563964844 3.639404773712158 -5.6755571365356445
743 15.990966796875 3.1264688968658447 -7.1437530517578125
744 15.646970748901367 1.9757145643234253 -8.256702423095703
745 17.400484085083008 3.5282649993896484 -1.2493160963058472
746 17.625272750854492 2.140828847885132 -1.2498457431793213
747 17.388145446777344 2.8706157207489014 -2.491462469100952
748 17.740793228149414 0.7351160645484924 -1.2506829500198364
749 17.563535690307617 1.4653409719467163 -2.4930436611175537
750 17.269418716430664 2.1858160495758057 -3.7188172340393066
751 17.74436378479004 -0.6802724599838257 -1.2515627145767212
752 17.626445770263672 0.04076504334807396 -2.4948108196258545
753 17.39216423034668 0.7617702484130859 -3.7214860916137695
754 17.0430850982666 1.4779528379440308 -4.923439025878906
755 17.634077072143555 -2.096082925796509 -1.2520209550857544
756 17.572689056396484 -1.3936225175857544 -2.4958372116088867
757 17.397109985351562 -0.6817165017127991 -3.7232978343963623
758 17.108491897583008 0.03496982157230377 -4.926358699798584
759 16.708721160888672 0.7517398595809937 -6.097138404846191
760 17.409061431884766 -3.5025267601013184 -1.251444935798645
761 17.399364471435547 -2.827171564102173 -2.4948923587799072
762 17.279184341430664 -2.1335227489471436 -3.7223961353302
763 17.049285888671875 -1.426011562347412 -4.926112651824951
764 16.71114158630371 -0.709159791469574 -6.098351001739502
765 16.26691436767578 0.012451527640223503 -7.2316179275512695
766 16.710920333862305 -2.7631024135388316e-09 6.127372741699219
767 17.016845703125 -0.720325767993927 5.16861629486084
768 17.016843795776367 0.720325767993927 5.16861629486084
769 17.243072509765625 -1.434179425239563 4.17850923538208
770 17.29931640625 -1.294315836730675e-07 4.192138671875
771 17.243072509765625 1.4341793060302734 4.178508758544922
772 17.38715934753418 -2.1380982398986816 3.1614601612091064
773 17.50042152404785 -0.7142475843429565 3.1818885803222656
774 17.50042152404785 0.7142470479011536 3.1818883419036865
775 17.387157440185547 2.1380972862243652 3.1614601612091064
776 17.447011947631836 -2.8285810947418213 2.122372627258301
777 17.61640739440918 -1.418860912322998 2.142587184906006
778 17.672992706298828 5.001950142968781e-08 2.1493399143218994
779 17.61640739440918 1.4188612699508667 2.142587184906006
780 17.447010040283203 2.828580856323242 2.1223721504211426
781 17.4210262298584 -3.5021286010742188 1.066624641418457
782 17.6440486907959 -2.1101818084716797 1.079831838607788
783 17.75590705871582 -0.70488041639328 1.086456060409546
784 17.75590705871582 0.7048807740211487 1.086456060409546
785 17.644044876098633 2.1101815700531006 1.079831600189209
786 17.421024322509766 3.5021286010742188 1.066624641418457
787 10.393107414245605 -14.26591682434082 -2.2954375743865967
788 9.764638900756836 -14.455291748046875 -3.535639762878418
789 10.80927848815918 -13.74184799194336 -3.3367209434509277
790 9.078875541687012 -14.551870346069336 -4.759960651397705
791 10.15076732635498 -13.887598037719727 -4.575657367706299
792 11.170626640319824 -13.152135848999023 -4.367897987365723
793 8.339229583740234 -14.55388355255127 -5.960449695587158
794 9.43420124053955 -13.938568115234375 -5.797526836395264
795 10.48108959197998 -13.252260208129883 -5.6048808097839355
796 11.4746732711792 -12.4986572265625 -5.383604526519775
797 7.549564361572266 -14.460208892822266 -7.12884521484375
798 8.66257381439209 -13.892377853393555 -6.993386268615723
799 9.732010841369629 -13.254705429077148 -6.822440147399902
800 10.752583503723145 -12.55061149597168 -6.617008209228516
801 11.719292640686035 -11.783818244934082 -6.378259658813477
802 6.714280605316162 -14.270569801330566 -8.256731033325195
803 7.839565277099609 -13.747579574584961 -8.153698921203613
804 8.926243782043457 -13.156889915466309 -8.01021957397461
805 9.969006538391113 -12.501551628112793 -7.8271074295043945
806 10.96277904510498 -11.784904479980469 -7.60536003112793
807 11.90275764465332 -11.010589599609375 -7.346166610717773
808 8.732682228088379 -15.458511352539062 -1.2493199110031128
809 7.482598304748535 -16.101049423217773 -1.2498496770858765
810 8.103409767150879 -15.650001525878906 -2.4914708137512207
811 6.18136739730835 -16.645322799682617 -1.250687599182129
812 6.8210954666137695 -16.25107765197754 -2.4930527210235596
813 7.415438652038574 -15.748703956604004 -3.7188305854797363
814 4.836335182189941 -17.086103439331055 -1.2515671253204346
815 5.485662937164307 -16.751134872436523 -2.4948201179504395
816 6.099003791809082 -16.305509567260742 -3.7214999198913574
817 6.672280311584473 -15.752193450927734 -4.92345666885376
818 3.4557175636291504 -17.418725967407227 -1.252025842666626
819 4.1048479080200195 -17.143266677856445 -2.49584698677063
820 4.727673053741455 -16.75628089904785 -3.7233119010925293
821 5.320113182067871 -16.260311126708984 -4.926377296447754
822 5.878283977508545 -15.65860366821289 -6.097160339355469
823 2.0485548973083496 -17.639339447021484 -1.2514498233795166
824 2.6878790855407715 -17.421419143676758 -2.4949026107788086
825 3.3104605674743652 -17.092763900756836 -3.7224113941192627
826 3.9123220443725586 -16.655481338500977 -4.926133632659912
827 4.489614963531494 -16.11236000061035 -6.09837532043457
828 5.038651466369629 -15.46687126159668 -7.2316460609436035
829 5.163894176483154 -15.893027305603027 6.127431869506836
830 4.57335901260376 -16.406572341918945 5.168667316436768
831 5.943522930145264 -15.961381912231445 5.168668746948242
832 3.96435284614563 -16.84231948852539 4.1785502433776855
833 5.345740795135498 -16.45262336730957 4.19218111038208
834 6.692368984222412 -15.955940246582031 4.178552627563477
835 3.3394126892089844 -17.196880340576172 3.161491870880127
836 4.7285966873168945 -16.86460304260254 3.1819214820861816
837 6.087198257446289 -16.423168182373047 3.1819217205047607
838 7.406380653381348 -15.875449180603027 3.1614937782287598
839 2.701218843460083 -17.467174530029297 2.1223936080932617
840 4.094311237335205 -17.19264793395996 2.1426093578338623
841 5.461235523223877 -16.808012008666992 2.149362802505493
842 6.793188571929932 -16.31573486328125 2.1426103115081787
843 8.081584930419922 -15.718996047973633 2.1223955154418945
844 2.0526092052459717 -17.650596618652344 1.066635251045227
845 3.4453675746917725 -17.43256378173828 1.0798429250717163
846 4.8164753913879395 -17.104686737060547 1.0864677429199219
847 6.157260894775391 -16.669042587280273 1.0864681005477905
848 7.459233283996582 -16.12838363647461 1.0798436403274536
849 8.714153289794922 -15.486136436462402 1.066636323928833
850 -10.356066703796387 -14.292827606201172 -2.295435667037964
851 -10.730391502380371 -13.753628730773926 -3.535634994506836
852 -9.729044914245605 -14.526681900024414 -3.3367199897766113
853 -11.034162521362305 -13.131265640258789 -4.759952068328857
854 -10.071161270141602 -13.9454345703125 -4.575653076171875
855 -9.056532859802246 -14.688117980957031 -4.367898464202881
856 -11.264647483825684 -12.428433418273926 -5.960437297821045
857 -10.34107494354248 -13.279680252075195 -5.797518253326416
858 -9.36484432220459 -14.063261032104492 -5.60487699508667
859 -8.341080665588379 -14.775346755981445 -5.383604049682617
860 -10.592513084411621 -12.473060607910156 -6.99835205078125
861 -9.598658561706543 -13.351591110229492 -6.82243537902832
862 -8.613640785217285 -14.10464859008789 -6.617007732391357
863 -7.585642337799072 -14.787101745605469 -6.378262996673584
864 -8.921896934509277 -13.220495223999023 -7.883816242218018
865 -7.820459365844727 -14.067943572998047 -7.60536003112793
866 -6.793561935424805 -14.722646713256836 -7.346168041229248
867 -12.003398895263672 -13.082192420959473 -1.2493170499801636
868 -13.000789642333984 -12.091838836669922 -1.2498466968536377
869 -12.379981994628906 -12.542882919311523 -2.491464614868164
870 -13.920523643493652 -11.022469520568848 -1.2506836652755737
871 -13.347894668579102 -11.509058952331543 -2.4930455684661865
872 -12.686454772949219 -11.919072151184082 -3.718820095062256
873 -14.755373001098633 -9.879469871520996 -1.2515631914138794
874 -14.236151695251465 -10.393506050109863 -2.4948127269744873
875 -13.622810363769531 -10.839119911193848 -3.7214889526367188
876 -12.919429779052734 -11.21335506439209 -4.923443794250488
877 -15.498350143432617 -8.669201850891113 -1.2520217895507812
878 -15.035781860351562 -9.201436042785645 -2.4958384037017822
879 -14.475284576416016 -9.674195289611816 -3.7233004570007324
880 -13.820520401000977 -10.08437442779541 -4.92636251449585
881 -13.099462509155273 -10.27431869506836 -6.271213531494141
882 -16.14299964904785 -7.399075508117676 -1.2514456510543823
883 -15.738189697265625 -7.939766883850098 -2.49489426612854
884 -15.23323917388916 -8.430315017700195 -3.7223997116088867
885 -14.631380081176758 -8.86759090423584 -4.92611837387085
886 -13.936454772949219 -9.248795509338379 -6.098357677459717
887 -13.411913871765137 -9.849481582641602 6.290122985839844
888 -14.190343856811523 -9.419405937194824 5.168663501739502
889 -13.343538284301758 -10.584945678710938 5.168664455413818
890 -14.79296588897705 -8.974852561950684 4.178547382354736
891 -13.995466232299805 -10.16821575164795 4.192178249359131
892 -13.10696029663086 -11.29545783996582 4.178549289703369
893 -15.32328987121582 -8.490055084228516 3.161489725112915
894 -14.577993392944336 -9.708577156066895 3.1819193363189697
895 -13.738332748413086 -10.864279747009277 3.181919574737549
896 -12.809767723083496 -11.949652671813965 3.1614913940429688
897 -15.777570724487305 -7.966614723205566 2.122391939163208
898 -15.085993766784668 -9.20669937133789 2.1426079273223877
899 -14.297778129577637 -10.387871742248535 2.1493613719940186
900 -13.417997360229492 -11.502518653869629 2.142608880996704
901 -12.452322959899902 -12.543464660644531 2.122393846511841
902 -16.152448654174805 -7.406421184539795 1.0666345357894897
903 -15.514703750610352 -8.663646697998047 1.079842209815979
904 -14.7791748046875 -9.86633586883545 1.086466908454895
905 -13.950525283813477 -11.006884574890137 1.0864672660827637
906 -13.03399658203125 -12.078072547912598 1.0798428058624268
907 -12.035385131835938 -13.073116302490234 1.0666353702545166
908 -14.607221603393555 7.2610626220703125 -7.128819465637207
909 -15.356634140014648 6.030279636383057 -6.784171104431152
910 -13.819990158081055 7.598625183105469 -8.256701469421387
911 -14.422964096069336 6.514095306396484 -8.15366268157959
912 -14.954916000366211 5.397487163543701 -8.01017951965332
913 -15.413335800170898 4.254390239715576 -7.827060699462891
914 -15.830978393554688 2.9807026386260986 -7.564624786376953
915 -16.15119171142578 7.373211860656738 -1.2493168115615845
916 -15.517525672912598 8.627825736999512 -1.2498462200164795
917 -15.84957504272461 7.658437728881836 -2.5317275524139404
918 -14.784719467163086 9.833000183105469 -1.2506834268569946
919 -15.070536613464355 9.138035774230957 -2.4930455684661865
920 -15.25607681274414 8.382269859313965 -3.7188193798065186
921 -13.955649375915527 10.980199813842773 -1.251563549041748
922 -14.284072875976562 10.327547073364258 -2.494812488555908
923 -14.518338203430176 9.606524467468262 -3.7214889526367188
924 -14.65689468383789 8.821925163269043 -4.923442363739014
925 -13.034215927124023 12.060815811157227 -1.2520220279693604
926 -13.397457122802734 11.45641803741455 -2.4958393573760986
927 -13.673864364624023 10.777260780334473 -3.7233009338378906
928 -13.861631393432617 10.027792930603027 -4.926363468170166
929 -13.959524154663086 9.212924003601074 -6.097143650054932
930 -12.025467872619629 13.066410064697266 -1.251446008682251
931 -12.414596557617188 12.514331817626953 -2.4948947429656982
932 -12.725090980529785 11.882502555847168 -3.722399950027466
933 -12.954974174499512 11.17497730255127 -4.926117897033691
934 -13.102770805358887 10.396265029907227 -6.098357200622559
935 -13.167542457580566 9.551348686218262 -7.231625556945801
936 -13.519447326660156 9.822354316711426 6.1274285316467285
937 -13.343538284301758 10.584945678710938 5.16866397857666
938 -14.190347671508789 9.419407844543457 5.168663501739502
939 -13.10696029663086 11.29545783996582 4.178549289703369
940 -13.995466232299805 10.16821575164795 4.192178249359131
941 -14.792964935302734 8.974852561950684 4.178547382354736
942 -12.809768676757812 11.949649810791016 3.1614913940429688
943 -13.738332748413086 10.864279747009277 3.181919574737549
944 -14.577991485595703 9.708575248718262 3.1819188594818115
945 -15.323286056518555 8.490055084228516 3.161489486694336
946 -12.452322959899902 12.543464660644531 2.122393846511841
947 -13.41799545288086 11.502517700195312 2.142608642578125
948 -14.297775268554688 10.387869834899902 2.1493611335754395
949 -15.085992813110352 9.206698417663574 2.1426079273223877
950 -15.777568817138672 7.96661376953125 2.122392177581787
951 -12.035386085510254 13.073115348815918 1.0666354894638062
952 -13.03399658203125 12.078072547912598 1.0798428058624268
953 -13.950525283813477 11.006884574890137 1.0864671468734741
954 -14.779175758361816 9.86633586883545 1.086466908454895
955 -15.514700889587402 8.66364574432373 1.0798419713974
956 -16.152448654174805 7.406421661376953 1.0666342973709106
957 5.1638946533203125 15.893026351928711 6.127432823181152
958 5.943521976470947 15.961380958557129 5.168668270111084
959 4.573359489440918 16.406570434570312 5.168667316436768
960 13.806516647338867 -7.6025848388671875 8.269396781921387
961 14.587864875793457 -7.268999099731445 7.152632713317871
962 14.402519226074219 -6.521794319152832 8.17595100402832
963 15.282454490661621 -6.883750915527344 5.991725921630859
964 15.14644718170166 -6.161479949951172 7.032885551452637
965 14.932798385620117 -5.407623767852783 8.037993431091309
966 15.884714126586914 -6.448688507080078 4.7932820320129395
967 15.801307678222656 -5.748717308044434 5.845523357391357
968 15.63726806640625 -5.0195794105529785 6.868051528930664
969 15.393671035766602 -4.265060901641846 7.855704307556152
970 16.3894100189209 -5.966232776641846 3.564450263977051
971 16.360315322875977 -5.2855000495910645 4.620543956756592
972 16.24872589111328 -4.578373908996582 5.65353536605835
973 16.055456161499023 -3.8484840393066406 6.658243179321289
974 15.781745910644531 -3.0995492935180664 7.629674434661865
975 16.791881561279297 -5.439429759979248 2.312934160232544
976 16.81705093383789 -4.7746992111206055 3.365506649017334
977 16.759191513061523 -4.086610794067383 4.401636600494385
978 16.618762969970703 -3.378600835800171 5.4162116050720215
979 16.396617889404297 -2.654181718826294 6.404246807098389
980 16.094017028808594 -1.9169331789016724 7.3609113693237305
981 13.149795532226562 -9.553845405578613 7.252100944519043
982 13.07557201385498 -10.402000427246094 6.133745193481445
983 13.933504104614258 -9.221156120300293 6.133746147155762
984 12.925308227539062 -11.183937072753906 4.969502925872803
985 13.824010848999023 -10.043684959411621 4.986090183258057
986 14.630735397338867 -8.8366060256958 4.9695024490356445
987 12.698396682739258 -11.893644332885742 3.766066789627075
988 13.636056900024414 -10.798356056213379 3.7908434867858887
989 14.483662605285645 -9.631718635559082 3.7908434867858887
990 15.235586166381836 -8.401485443115234 3.766066551208496
991 12.394732475280762 -12.525426864624023 2.5309882164001465
992 13.367707252502441 -11.47803020477295 2.5553338527679443
993 14.253782272338867 -10.355927467346191 2.563466787338257
994 15.04714584350586 -9.166467666625977 2.5553336143493652
995 15.742605209350586 -7.917447566986084 2.5309879779815674
996 12.014876365661621 -13.074105262756348 1.2726296186447144
997 13.017858505249023 -12.076034545898438 1.2883695363998413
998 13.938158988952637 -11.001158714294434 1.296264410018921
999 14.76990032196045 -9.856356620788574 1.2962642908096313
1000 15.507768630981445 -8.648940086364746 1.2883692979812622
1001 16.147045135498047 -7.386622905731201 1.2726293802261353
1002 6.776176452636719 -14.721627235412598 7.359119415283203
1003 7.558138847351074 -14.788286209106445 6.4021406173706055
1004 7.792183876037598 -14.067939758300781 7.627659797668457
1005 8.310379981994629 -14.780380249023438 5.414617538452148
1006 8.571240425109863 -14.10914421081543 6.65627384185791
1007 8.776366233825684 -13.346161842346191 7.854645729064941
1008 9.02862548828125 -14.69681167602539 4.400793075561523
1009 9.321141242980957 -14.073558807373047 5.652463436126709
1010 9.55320930480957 -13.359289169311523 6.867641925811768
1011 9.723326683044434 -12.558655738830566 8.03842544555664
1012 9.708495140075684 -14.536969184875488 3.3652586936950684
1013 10.036523818969727 -13.959298133850098 4.620328426361084
1014 10.300105094909668 -13.292343139648438 5.845973491668701
1015 10.497535705566406 -12.540400505065918 7.034297466278076
1016 10.627545356750488 -11.708312034606934 8.177640914916992
1017 10.345588684082031 -14.300824165344238 2.312955617904663
1018 10.711775779724121 -13.765262603759766 3.5645949840545654
1019 11.01032543182373 -13.143060684204102 4.793924808502197
1020 11.23935317993164 -12.438161849975586 5.993167400360107
1021 11.397405624389648 -11.655024528503418 7.154735565185547
1022 11.48348617553711 -10.798605918884277 8.271271705627441
1023 -2.9641401767730713 -15.480066299438477 8.269428253173828
1024 -2.4054298400878906 -16.120100021362305 7.152663230895996
1025 -1.752071738243103 -15.712923049926758 8.17599105834961
1026 -1.8243954181671143 -16.66164779663086 5.991751670837402
1027 -1.1795037984848022 -16.30910301208496 7.032922744750977
1028 -0.5285660028457642 -15.872955322265625 8.03803825378418
1029 -1.2245147228240967 -17.100000381469727 4.793305397033691
1030 -0.5845791101455688 -16.804370880126953 5.845556735992432
1031 0.05818142741918564 -16.423044204711914 6.868094444274902
1032 0.7004949450492859 -15.958206176757812 7.85575532913208
1033 -0.6097105741500854 -17.43091583251953 3.564469814300537
1034 0.02871377021074295 -17.192886352539062 4.6205735206604
1035 0.6667466759681702 -16.868242263793945 5.653573513031006
1036 1.3011897802352905 -16.45888328552246 6.658291816711426
1037 1.9288876056671143 -15.967130661010742 7.629731178283691
1038 0.01568281650543213 -17.650903701782227 2.312948703765869
1039 0.6556568741798401 -17.46942710876465 3.3655312061309814
1040 1.2921878099441528 -17.201770782470703 4.401671886444092
1041 1.9221506118774414 -16.84942626953125 5.416256427764893
1042 2.542466878890991 -16.414295196533203 6.404301166534424
1043 3.150123357772827 -15.898677825927734 7.36097526550293
1044 -5.022826671600342 -15.458457946777344 7.252121925354004
1045 -5.852395534515381 -15.649968147277832 6.133762836456299
1046 -4.464240550994873 -16.101015090942383 6.13376522064209
1047 -6.642488479614258 -15.748695373535156 4.969516754150391
1048 -5.280336856842041 -16.25105857849121 4.986105442047119
1049 -3.883053779602051 -16.645294189453125 4.969518184661865
1050 -7.3875651359558105 -15.752204895019531 3.7660765647888184
1051 -6.056140899658203 -16.305511474609375 3.7908542156219482
1052 -4.684686183929443 -16.75112533569336 3.7908544540405273
1053 -3.2823171615600586 -17.086088180541992 3.766078472137451
1054 -8.08224868774414 -15.658637046813965 2.5309948921203613
1055 -6.785461902618408 -16.260332107543945 2.555340528488159
1056 -5.444474697113037 -16.75629234313965 2.563474416732788
1057 -4.06807804107666 -17.143268585205078 2.555341958999634
1058 -2.6652886867523193 -17.41872215270996 2.530996561050415
1059 -8.721445083618164 -15.466927528381348 1.2726329565048218
1060 -7.462294578552246 -16.112401962280273 1.2883728742599487
1061 -6.1556501388549805 -16.655506134033203 1.296268105506897
1062 -4.809864044189453 -17.09278106689453 1.296268343925476
1063 -3.433537006378174 -17.42142677307129 1.288373351097107
1064 -2.0354623794555664 -17.639339447021484 1.2726337909698486
1065 -11.678295135498047 -11.698116302490234 6.581674575805664
1066 -11.488945960998535 -12.471010208129883 5.414615154266357
1067 -10.670388221740723 -12.426831245422363 6.940428256988525
1068 -11.187520027160645 -13.12828254699707 4.400792598724365
1069 -10.504387855529785 -13.213876724243164 5.652464389801025
1070 -9.753375053405762 -13.213859558105469 6.867645263671875
1071 -10.825410842895508 -13.725482940673828 3.3652594089508057
1072 -10.174656867980957 -13.858940124511719 4.620331764221191
1073 -9.458905220031738 -13.903512954711914 5.845978736877441
1074 -8.68276596069336 -13.858911514282227 7.034304618835449
1075 -7.851240158081055 -13.725425720214844 8.177652359008789
1076 -10.403950691223145 -14.2584228515625 2.312957525253296
1077 -9.781455039978027 -14.441184997558594 3.5645995140075684
1078 -9.09745979309082 -14.532845497131348 4.7939324378967285
1079 -8.35629940032959 -14.532832145690918 5.993178367614746
1080 -7.562662601470947 -14.441144943237305 7.154749393463135
1081 -6.7215704917907715 -14.258358001708984 8.271288871765137
1082 -15.638399124145508 -1.9645910263061523 8.26939868927002
1083 -16.074453353881836 -2.693716526031494 7.152636528015137
1084 -15.485307693481445 -3.1892824172973633 8.175963401794434
1085 -16.409948348999023 -3.4136409759521484 5.991729736328125
1086 -15.875375747680664 -3.918036460876465 7.032900333404541
1087 -15.259419441223145 -4.402345180511475 8.03801441192627
1088 -16.641469955444336 -4.119598865509033 4.793287754058838
1089 -16.162561416625977 -4.636868000030518 5.8455376625061035
1090 -15.60127067565918 -5.130341053009033 6.868074417114258
1091 -14.745849609375 -5.945289134979248 7.961909294128418
1092 -16.766210556030273 -4.806550025939941 3.564457893371582
1093 -16.342546463012695 -5.34018087387085 4.620560646057129
1094 -15.836624145507812 -5.84667444229126 5.65355920791626
1095 -15.25124740600586 -6.323577404022217 6.658277988433838
1096 -16.782175064086914 -5.46929407119751 2.3129422664642334
1097 -16.41181755065918 -6.021876335144043 3.365523338317871
1098 -15.96055793762207 -6.54455041885376 4.401662349700928
1099 -15.430788040161133 -7.034808158874512 5.416245937347412
1100 -14.825262069702148 -7.490309715270996 6.404289245605469
1101 -16.25402069091797 1.978947317127222e-08 7.2520952224731445
1102 -16.692506790161133 0.7297866940498352 6.133739471435547
1103 -16.692508697509766 -0.7297868132591248 6.133739471435547
1104 -17.030555725097656 1.4506992101669312 4.969498157501221
1105 -17.087398529052734 -8.758765801530899e-08 4.986084938049316
1106 -17.030553817749023 -1.4506994485855103 4.9694976806640625
1107 -17.26413345336914 2.1582255363464355 3.7660622596740723
1108 -17.378923416137695 0.7210052609443665 3.7908382415771484
1109 -17.378923416137695 -0.721005380153656 3.7908380031585693
1110 -17.264131546020508 -2.1582252979278564 3.766061782836914
1111 -17.38981819152832 2.847822427749634 2.530984878540039
1112 -17.56132698059082 1.4285914897918701 2.5553297996520996
1113 -17.61862564086914 -6.022226983759538e-08 2.563462972640991
1114 -17.561328887939453 -1.4285920858383179 2.5553300380706787
1115 -17.38981819152832 -2.847822666168213 2.5309853553771973
1116 -17.405012130737305 3.5149779319763184 1.2726280689239502
1117 -17.629789352416992 2.118011474609375 1.2883673906326294
1118 -17.74253273010254 0.7075104117393494 1.296262264251709
1119 -17.742534637451172 -0.7075110077857971 1.2962623834609985
1120 -17.629785537719727 -2.118011474609375 1.288367509841919
1121 -17.405012130737305 -3.5149779319763184 1.2726280689239502
1122 -14.135268211364746 7.926995277404785 7.359108924865723
1123 -14.807060241699219 7.521305084228516 6.402130603790283
1124 -14.572994232177734 6.80097770690918 7.627647876739502
1125 -15.410978317260742 7.072761535644531 5.414607524871826
1126 -15.227472305297852 6.376400947570801 6.656260967254639
1127 -14.944947242736816 5.638576030731201 7.854630470275879
1128 -15.942920684814453 6.582986831665039 4.400785446166992
1129 -15.813224792480469 5.906836986541748 5.6524529457092285
1130 -15.581132888793945 5.1925883293151855 6.867629051208496
1131 -15.248159408569336 4.444882869720459 8.038412094116211
1132 -16.398983001708984 6.05406379699707 3.365252733230591
1133 -16.32481575012207 5.393917560577393 4.620320796966553
1134 -16.146028518676758 4.6994242668151855 5.845963954925537
1135 -15.863767623901367 3.9750542640686035 7.034285545349121
1136 -15.4798583984375 3.225477457046509 8.177628517150879
1137 -16.775592803955078 5.488553524017334 2.3129518032073975
1138 -16.75704574584961 4.840047359466553 3.564589262008667
1139 -16.632854461669922 4.1612043380737305 4.793918132781982
1140 -16.403810501098633 3.4563231468200684 5.993159294128418
1141 -16.07136344909668 2.729862689971924 7.154726028442383
1142 -15.637611389160156 1.986422061920166 8.271262168884277
1143 -6.701050758361816 14.265851974487305 8.269424438476562
1144 -7.529239654541016 14.455251693725586 7.1526594161987305
1145 -7.818499565124512 13.741791725158691 8.175987243652344
1146 -8.317602157592773 14.551856994628906 5.991749286651611
1147 -8.632122993469238 13.887571334838867 7.032918930053711
1148 -8.90239429473877 13.152092933654785 8.03803539276123
1149 -9.060552597045898 14.553895950317383 4.793302536010742
1150 -9.404519081115723 13.938568115234375 5.845553874969482
1151 -9.700395584106445 13.252246856689453 6.868090629577637
1152 -9.946824073791504 12.498626708984375 7.855751037597656
1153 -9.752427101135254 14.460246086120605 3.564467668533325
1154 -10.129027366638184 13.892404556274414 4.620571613311768
1155 -10.454398155212402 13.254720687866211 5.653571128845215
1156 -10.727069854736328 12.550609588623047 6.658288955688477
1157 -10.945853233337402 11.783803939819336 7.629726886749268
1158 -10.387669563293457 14.270633697509766 2.312947988510132
1159 -10.7987642288208 13.747634887695312 3.365530490875244
1160 -11.156415939331055 13.15693473815918 4.401670932769775
1161 -11.458974838256836 12.501582145690918 5.416253566741943
1162 -11.70506763458252 11.784920692443848 6.404297351837158
1163 -11.893609046936035 11.010589599609375 7.3609700202941895
1164 -5.022826194763184 15.458457946777344 7.2521209716796875
1165 -4.464239597320557 16.101011276245117 6.133764266967773
1166 -5.852396488189697 15.649969100952148 6.133763790130615
1167 -3.883053779602051 16.645296096801758 4.969518184661865
1168 -5.280336856842041 16.25105857849121 4.986105442047119
1169 -6.642488479614258 15.74869441986084 4.969517230987549
1170 -3.282317638397217 17.086088180541992 3.7660789489746094
1171 -4.684687614440918 16.751127243041992 3.7908549308776855
1172 -6.056140899658203 16.305511474609375 3.790853977203369
1173 -7.387565612792969 15.752203941345215 3.7660765647888184
1174 -4.034669876098633 17.15326690673828 2.5177924633026123
1175 -5.4444756507873535 16.75629234313965 2.563474178314209
1176 -6.785463333129883 16.260332107543945 2.5553410053253174
1177 -8.082249641418457 15.658636093139648 2.5309948921203613
1178 -7.462295055389404 16.112401962280273 1.2883728742599487
1179 -8.72144603729248 15.466926574707031 1.2726328372955322
1180 3.170991897583008 15.893009185791016 7.359119892120361
1181 2.5775701999664307 16.406557083129883 6.4021406173706055
1182 1.9648079872131348 15.961349487304688 7.627663612365723
1183 1.9643683433532715 16.842308044433594 5.414617538452148
1184 1.3587764501571655 16.45259666442871 6.656277656555176
1185 0.7443488240242004 15.955894470214844 7.854650974273682
1186 1.5664997100830078 17.22815704345703 4.131708145141602
1187 0.731196939945221 16.86457633972168 5.652467250823975
1188 0.12360555678606033 16.423124313354492 6.867649078369141
1189 -0.4846295714378357 15.875389099121094 8.038434982299805
1190 0.0852995440363884 17.1926326751709 4.620334625244141
1191 -0.5199751257896423 16.8079776763916 5.845983028411865
1192 -1.1216888427734375 16.31568717956543 7.034310340881348
1193 -1.7159643173217773 15.718927383422852 8.177655220031738
1194 -1.1822820901870728 17.10466194152832 4.793935298919678
1195 -1.7819058895111084 16.669004440307617 5.993181228637695
1196 -2.3700969219207764 16.128328323364258 7.154750823974609
1197 -2.9431333541870117 15.486062049865723 8.271289825439453
1198 11.496957778930664 10.781407356262207 8.2694091796875
1199 11.421154975891113 11.62759780883789 7.152646541595459
1200 10.653228759765625 11.682230949401855 8.17597484588623
1201 11.26940631866455 12.40723991394043 5.9917378425598145
1202 10.540440559387207 12.501094818115234 7.0329108238220215
1203 9.757439613342285 12.530861854553223 8.0380277633667
1204 11.041754722595215 13.114466667175293 4.793295383453369
1205 10.350251197814941 13.251452445983887 5.845548152923584
1206 9.60608959197998 13.32076644897461 6.868086814880371
1207 8.813202857971191 13.32225513458252 7.855749130249023
1208 10.082453727722168 13.926244735717773 4.620568752288818
1209 9.375432968139648 14.038636207580566 5.65356969833374
1210 8.621524810791016 14.08038330078125 6.658289909362793
1211 7.824642658233643 14.051505088806152 7.6297287940979
1212 9.065488815307617 14.676084518432617 4.401670932769775
1213 8.348716735839844 14.761322975158691 5.416256427764893
1214 7.591086387634277 14.77391242980957 6.404300689697266
1215 6.796389579772949 14.713946342468262 7.360974311828613
1216 13.149795532226562 9.55384349822998 7.252100944519043
1217 13.933502197265625 9.221156120300293 6.1337456703186035
1218 13.075572967529297 10.402002334594727 6.13374662399292
1219 14.630735397338867 8.836606979370117 4.9695024490356445
1220 13.824010848999023 10.043686866760254 4.986090183258057
1221 12.925307273864746 11.183939933776855 4.969502925872803
1222 15.23558521270752 8.401484489440918 3.766066074371338
1223 14.483663558959961 9.631718635559082 3.7908434867858887
1224 13.636056900024414 10.798354148864746 3.790843963623047
1225 12.698397636413574 11.893644332885742 3.7660675048828125
1226 15.74260425567627 7.917447090148926 2.5309879779815674
1227 15.047146797180176 9.166468620300293 2.5553336143493652
1228 14.253783226013184 10.244339942932129 2.563467025756836
1229 13.467761039733887 11.379040718078613 2.377364158630371
1230 16.14704704284668 7.386624336242676 1.2726293802261353
1231 15.507770538330078 8.648941993713379 1.2883692979812622
1232 14.88172721862793 9.68193244934082 1.1897363662719727
1233 16.095077514648438 1.895335078239441 7.359058380126953
1234 16.400110244750977 2.618405818939209 6.402087211608887
1235 15.787349700927734 3.063601493835449 7.627607345581055
1236 16.625043869018555 3.3362514972686768 5.414573669433594
1237 16.06727409362793 3.7917745113372803 6.656229496002197
1238 15.405025482177734 4.2226409912109375 7.85460090637207
1239 16.767515182495117 4.045147895812988 4.400759696960449
1240 16.265159606933594 4.5159478187561035 5.652429580688477
1241 15.657567977905273 4.957385540008545 6.867608547210693
1242 14.948692321777344 5.366591453552246 8.038393020629883
1243 16.82558822631836 4.741115570068359 3.365236759185791
1244 16.3775577545166 5.231606960296631 4.620306491851807
1245 15.824702262878418 5.68839168548584 5.845950603485107
1246 15.170574188232422 6.1085309982299805 7.034275054931641
1247 14.419389724731445 6.489312171936035 8.177618980407715
1248 16.79787826538086 5.419981002807617 2.312943935394287
1249 16.401689529418945 5.933749675750732 3.5645828247070312
1250 15.902198791503906 6.409964561462402 4.793912410736084
1251 15.302576065063477 6.845614433288574 5.9931559562683105
1252 14.606611251831055 7.237940311431885 7.154722690582275
1253 13.818711280822754 7.584460258483887 8.271260261535645
1254 10.950478553771973 -1.1872978210449219 13.981395721435547
1255 11.45705509185791 -2.3664982318878174 13.41417121887207
1256 11.897982597351074 -1.186293125152588 13.184966087341309
1257 11.898633003234863 -3.5303821563720703 12.75927734375
1258 12.376411437988281 -2.3636906147003174 12.572896957397461
1259 12.79073715209961 -1.1848822832107544 12.322063446044922
1260 12.271464347839355 -4.671535968780518 12.019709587097168
1261 12.788143157958984 -3.524679660797119 11.871787071228027
1262 13.23952865600586 -2.3597919940948486 11.663483619689941
1263 13.623504638671875 -1.1828882694244385 11.396002769470215
1264 12.571971893310547 -5.7823991775512695 11.19926643371582
1265 13.128338813781738 -4.661310195922852 11.084446907043457
1266 13.618450164794922 -3.5166306495666504 10.914039611816406
1267 14.040040016174316 -2.3542354106903076 10.689046859741211
1268 14.391203880310059 -1.1800479888916016 10.410736083984375
1269 12.796972274780273 -6.855376243591309 10.30270767211914
1270 13.392324447631836 -5.76530647277832 10.214920043945312
1271 13.921512603759766 -4.64669132232666 10.0769624710083
1272 14.382057189941406 -3.505138397216797 9.889596939086914
1273 14.77182388305664 -2.3463354110717773 9.653818130493164
1274 15.089038848876953 -1.1760311126708984 9.37086009979248
1275 9.273407936096191 -2.3762967586517334 15.00477409362793
1276 8.53958797454834 -3.558128833770752 15.205602645874023
1277 9.781197547912598 -3.5581326484680176 14.438253402709961
1278 7.7557172775268555 -4.726187229156494 15.308564186096191
1279 9.019783973693848 -4.741966724395752 14.594432830810547
1280 10.223837852478027 -4.726194858551025 13.783195495605469
1281 6.925684452056885 -5.872666358947754 15.311372756958008
1282 8.206461906433105 -5.911942958831787 14.649919509887695
1283 9.433130264282227 -5.9119462966918945 13.891801834106445
1284 10.597540855407715 -5.872677326202393 13.042058944702148
1285 6.053902626037598 -6.989337921142578 15.212528228759766
1286 7.344626426696777 -7.058802604675293 14.601384162902832
1287 8.587754249572754 -7.0820112228393555 13.895421981811523
1288 9.775137901306152 -7.058811187744141 13.099262237548828
1289 10.89899730682373 -6.989353656768799 12.218125343322754
1290 5.145368576049805 -8.067727088928223 15.011528968811035
1291 6.438596248626709 -8.172515869140625 14.446785926818848
1292 7.691065788269043 -8.225077629089355 13.790351867675781
1293 8.89477825164795 -8.225083351135254 13.046426773071289
1294 10.04203987121582 -8.172526359558105 12.219757080078125
1295 11.125515937805176 -8.06774616241455 11.315627098083496
1296 2.8401095867156982 -1.1730762720108032 17.531801223754883
1297 3.225477933883667 -2.3434417247772217 17.34775733947754
1298 4.057997703552246 -1.1755427122116089 17.291353225708008
1299 3.60941743850708 -3.5052566528320312 17.075841903686523
1300 4.449082851409912 -2.3495752811431885 17.075834274291992
1301 5.259822845458984 -1.1786190271377563 16.965389251708984
1302 3.115724563598633 -5.582764625549316 16.606719970703125
1303 3.989243984222412 -4.652175426483154 16.714801788330078
1304 4.8388352394104 -3.515613555908203 16.768430709838867
1305 5.657251834869385 -2.356401205062866 16.714792251586914
1306 6.439223289489746 -1.1820082664489746 16.55423355102539
1307 2.969675064086914 -6.946059226989746 16.103939056396484
1308 4.361893653869629 -5.777449607849121 16.26425552368164
1309 5.223604679107666 -4.666454315185547 16.367263793945312
1310 6.052262306213379 -3.5259292125701904 16.36726188659668
1311 6.842616081237793 -2.3630895614624023 16.264238357543945
1312 7.589666843414307 -1.1852951049804688 16.058847427368164
1313 2.2546193599700928 -10.781367301940918 13.981449127197266
1314 1.2896685600280762 -11.627542495727539 13.414220809936523
1315 2.5483665466308594 -11.682191848754883 13.185022354125977
1316 0.31920063495635986 -12.40717601776123 12.759328842163086
1317 1.576432704925537 -12.501043319702148 12.572954177856445
1318 2.8255832195281982 -12.530826568603516 12.322127342224121
1319 -0.6508957147598267 -13.114394187927246 12.019755363464355
1320 0.5994935631752014 -13.25139045715332 11.871840476989746
1321 1.8468554019927979 -13.320717811584473 11.663541793823242
1322 3.084815502166748 -13.322221755981445 11.39606761932373
1323 -1.6145310401916504 -13.743467330932617 11.199309349060059
1324 -0.376383900642395 -13.926172256469727 11.084495544433594
1325 0.863726019859314 -14.038576126098633 10.914094924926758
1326 2.0995092391967773 -14.080338478088379 10.689108848571777
1327 3.324747085571289 -14.051475524902344 10.41080379486084
1328 -2.5654666423797607 -14.289027214050293 10.302746772766113
1329 -1.3447747230529785 -14.518392562866211 10.214964866638184
1330 -0.11737944930791855 -14.676015853881836 10.077013969421387
1331 1.1106208562850952 -14.76126766204834 9.889655113220215
1332 2.3331544399261475 -14.773872375488281 9.65388298034668
1333 3.544208288192749 -14.713922500610352 9.370929718017578
1334 -14.201889038085938 -2.4784231185913086 10.419812202453613
1335 -8.904818534851074 3.5025105476379395 15.011518478393555
1336 -10.012643814086914 2.827158212661743 14.44677448272705
1337 -11.056801795959473 2.133512496948242 13.7903413772583
1338 -12.030625343322754 1.4260051250457764 13.046416282653809
1339 -12.92788028717041 0.7091569900512695 12.21975040435791
1340 -13.742839813232422 -0.012451132759451866 11.31562328338623
1341 -6.836850166320801 3.502112627029419 16.058870315551758
1342 -8.161235809326172 7.396991729736328 13.9814453125
1343 -7.877960205078125 8.648750305175781 13.414219856262207
1344 -8.928380012512207 7.953106880187988 13.185017585754395
1345 -7.551102638244629 9.8499116897583 12.759324073791504
1346 -8.623388290405273 9.186858177185059 12.57294750213623
1347 -9.651472091674805 8.476713180541992 12.322122573852539
1348 -7.181982040405273 10.99227237701416 12.019752502441406
1349 -8.274085998535156 10.368136405944824 11.87183666229248
1350 -9.32396411895752 9.691032409667969 11.66353702545166
1351 -10.326371192932129 8.964587211608887 11.396061897277832
1352 -6.772157669067383 12.06762409210205 11.19930648803711
1353 -7.881224632263184 11.487656593322754 11.084490776062012
1354 -8.950556755065918 10.849665641784668 10.914091110229492
1355 -9.974863052368164 10.157065391540527 10.689102172851562
1356 -10.949127197265625 9.413530349731445 10.410798072814941
1357 -6.323518753051758 13.067939758300781 10.302742958068848
1358 -7.4458909034729 12.535985946655273 10.214961051940918
1359 -8.531514167785645 11.942046165466309 10.077010154724121
1360 -9.575088500976562 11.289204597473145 9.889649391174316
1361 -10.571539878845215 10.580805778503418 9.653876304626465
1362 -11.5160551071167 9.820456504821777 9.370923042297363
1363 -6.105589866638184 7.3731689453125 15.004812240600586
1364 -4.817267894744873 7.897975444793701 15.205631256103516
1365 -5.821744441986084 8.627771377563477 14.438288688659668
1366 -3.4965500831604004 8.382220268249512 15.308587074279785
1367 -4.509922504425049 9.137978553771973 14.594460487365723
1368 -5.493288516998291 9.832937240600586 13.78322982788086
1369 -2.1511693000793457 8.821873664855957 15.311387062072754
1370 -3.164250612258911 9.606463432312012 14.64993667602539
1371 -4.156639575958252 10.327476501464844 13.891826629638672
1372 -5.1217451095581055 10.980125427246094 13.042091369628906
1373 -0.7895364761352539 9.212874412536621 15.21253776550293
1374 -1.792919397354126 10.027730941772461 14.601396560668945
1375 -2.7849841117858887 10.777192115783691 13.895439147949219
1376 -3.759230613708496 11.456342697143555 13.099283218383789
1377 -4.709272861480713 12.060734748840332 12.21815299987793
1378 0.5793296098709106 9.551301956176758 15.011533737182617
1379 -0.40531599521636963 10.396209716796875 14.446794509887695
1380 -1.3876854181289673 11.174908638000488 13.790363311767578
1381 -2.361501932144165 11.882428169250488 13.046441078186035
1382 -3.320542812347412 12.514249801635742 12.219778060913086
1383 -4.258677959442139 13.066326141357422 11.315652847290039
1384 -0.6158401370048523 1.895326852798462 17.686948776245117
1385 -0.23803919553756714 3.0635876655578613 17.531808853149414
1386 -1.608182430267334 2.618393659591675 17.531808853149414
1387 0.13595451414585114 4.222621440887451 17.291364669799805
1388 -1.2320386171340942 3.7917559146881104 17.34776496887207
1389 -2.5920207500457764 3.3362350463867188 17.291362762451172
1390 0.5044040083885193 5.366567611694336 16.96540641784668
1391 -0.8597667813301086 4.957361698150635 17.075849533081055
1392 -2.2183473110198975 4.515924453735352 17.075847625732422
1393 -3.5625059604644775 4.0451273918151855 16.965408325195312
1394 0.8656270503997803 6.489283561706543 16.554256439208984
1395 -0.4929218590259552 6.1085004806518555 16.714807510375977
1396 -1.8482952117919922 5.6883625984191895 16.768442153930664
1397 -3.1917614936828613 5.231578826904297 16.71480941772461
1398 -4.514663219451904 4.741091251373291 16.55425453186035
1399 1.2179991006851196 7.5844292640686035 16.058881759643555
1400 -0.13299398124217987 7.237907409667969 16.264265060424805
1401 -1.483144998550415 6.845578193664551 16.36727523803711
1402 -2.8239104747772217 6.409930229187012 16.36727523803711
1403 -4.146805286407471 5.933716297149658 16.264257431030273
1404 -5.443456172943115 5.419951915740967 16.058874130249023
1405 4.5130133628845215 10.047577857971191 13.981449127197266
1406 5.791055202484131 10.164973258972168 13.414220809936523
1407 4.8048505783081055 10.949023246765137 13.185020446777344
1408 7.034444808959961 10.225284576416016 12.759323120117188
1409 6.072478294372559 11.040204048156738 12.572948455810547
1410 5.079382419586182 11.798528671264648 12.322125434875488
1411 8.234968185424805 10.227230072021484 12.019747734069824
1412 7.303891181945801 11.073023796081543 11.87183666229248
1413 6.33548641204834 11.862288475036621 11.663538932800293
1414 5.334821701049805 12.59115982055664 11.396065711975098
1415 9.384336471557617 10.169754981994629 11.199296951293945
1416 8.490029335021973 11.045331954956055 11.084485054016113
1417 7.552811622619629 11.865185737609863 10.91408920288086
1418 6.577571392059326 12.625345230102539 10.689104080200195
1419 5.569350719451904 13.322169303894043 10.41080093383789
1420 10.47433853149414 10.052178382873535 10.302728652954102
1421 9.621580123901367 10.955245018005371 10.214950561523438
1422 8.72122859954834 11.80420970916748 10.077004432678223
1423 7.777848243713379 12.594980239868164 9.8896484375
1424 6.79619026184082 13.323762893676758 9.653879165649414
1425 5.781171798706055 13.987098693847656 9.370925903320312
1426 5.125596046447754 8.085174560546875 15.00480842590332
1427 6.0228424072265625 7.0220794677734375 15.2056245803833
1428 6.406519889831543 8.202909469604492 14.438285827636719
1429 6.891519069671631 5.915633678436279 15.308571815490723
1430 7.297138690948486 7.112947463989258 14.594446182250977
1431 7.654208660125732 8.26293659210205 13.783220291137695
1432 7.725408554077148 4.771956920623779 15.31136417388916
1433 8.158538818359375 5.977900981903076 14.649917602539062
1434 8.537598609924316 7.144521713256836 13.891809463500977
1435 8.86007022857666 8.264067649841309 13.04207706451416
1436 8.518048286437988 3.5977869033813477 15.212507247924805
1437 8.982961654663086 4.803861141204834 14.60136890411377
1438 9.389176368713379 5.978962421417236 13.89541244506836
1439 9.734028816223145 7.115392684936523 13.099262237548828
1440 10.015259742736816 8.205700874328613 12.218133926391602
1441 9.262921333312988 2.4004924297332764 15.011494636535645
1442 9.76220417022705 3.598031759262085 14.446756362915039
1443 10.199222564697266 4.772947788238525 13.790327072143555
1444 10.571188926696777 5.917733669281006 13.046407699584961
1445 10.875722885131836 7.0250749588012695 12.219747543334961
1446 11.110879898071289 8.08789348602295 11.31562614440918
1447 1.6122698783874512 1.1713799238204956 17.68694496154785
1448 2.84010910987854 1.1730762720108032 17.53179931640625
1449 1.9932974576950073 2.338592529296875 17.53180503845215
1450 4.057997703552246 1.1755427122116089 17.291353225708008
1451 3.225477695465088 2.3434417247772217 17.34775733947754
1452 2.3719828128814697 3.496102809906006 17.29136085510254
1453 5.259822845458984 1.1786195039749146 16.965389251708984
1454 4.4490838050842285 2.349575996398926 17.075838088989258
1455 3.60941743850708 3.5052571296691895 17.075843811035156
1456 2.746284008026123 4.638148307800293 16.965404510498047
1457 6.439223289489746 1.1820083856582642 16.55423355102539
1458 5.657250881195068 2.3564016819000244 16.71479034423828
1459 4.838835716247559 3.5156145095825195 16.768430709838867
1460 3.9892449378967285 4.652177333831787 16.71480369567871
1461 3.1139533519744873 5.758768081665039 16.55425453186035
1462 7.58966588973999 1.1852953433990479 16.058847427368164
1463 6.842615604400635 2.3630895614624023 16.26423454284668
1464 6.0522613525390625 3.5259294509887695 16.367258071899414
1465 5.223604679107666 4.666455268859863 16.367265701293945
1466 4.361893177032471 5.777449131011963 16.264253616333008
1467 3.472576856613159 6.851883411407471 16.05887794494629
1468 10.950478553771973 1.1872978210449219 13.981395721435547
1469 11.897982597351074 1.186293125152588 13.184964179992676
1470 11.457056999206543 2.3664987087249756 13.41417121887207
1471 12.790741920471191 1.1848819255828857 12.322065353393555
1472 12.376411437988281 2.363690137863159 12.572896957397461
1473 11.898635864257812 3.5303821563720703 12.75927734375
1474 13.623504638671875 1.182888150215149 11.396001815795898
1475 13.23952865600586 2.359792470932007 11.663483619689941
1476 12.788141250610352 3.524679660797119 11.871786117553711
1477 12.271463394165039 4.671535968780518 12.019708633422852
1478 14.391202926635742 1.180047631263733 10.410735130310059
1479 14.0400390625 2.3542354106903076 10.689045906066895
1480 13.618450164794922 3.516629934310913 10.914040565490723
1481 13.128338813781738 4.661310195922852 11.084446907043457
1482 12.57197093963623 5.782398223876953 11.199268341064453
1483 15.089037895202637 1.1760313510894775 9.37086009979248
1484 14.77182388305664 2.3463356494903564 9.653818130493164
1485 14.382057189941406 3.5051381587982178 9.889595985412598
1486 13.921512603759766 4.646691799163818 10.0769624710083
1487 13.392322540283203 5.765305519104004 10.214917182922363
1488 12.796972274780273 6.855375289916992 10.302706718444824
1489 2.2546191215515137 10.781365394592285 13.981449127197266
1490 2.5483667850494385 11.682190895080566 13.185023307800293
1491 1.289669156074524 11.627546310424805 13.414224624633789
1492 2.825582981109619 12.5308256149292 12.322126388549805
1493 1.5764329433441162 12.501043319702148 12.572954177856445
1494 0.3192007839679718 12.407176971435547 12.759326934814453
1495 3.0848162174224854 13.322222709655762 11.396065711975098
1496 1.846855878829956 13.320717811584473 11.663542747497559
1497 0.5994938611984253 13.251388549804688 11.871838569641113
1498 -0.6508952379226685 13.114391326904297 12.019754409790039
1499 3.324747085571289 14.05147647857666 10.410801887512207
1500 2.0995090007781982 14.080337524414062 10.689106941223145
1501 0.863726019859314 14.038578033447266 10.914093971252441
1502 -0.3763843774795532 13.926175117492676 11.08449649810791
1503 -1.6145312786102295 13.743467330932617 11.199309349060059
1504 3.54420804977417 14.713922500610352 9.370928764343262
1505 2.3331546783447266 14.77387523651123 9.653883934020996
1506 1.1106204986572266 14.761265754699707 9.889653205871582
1507 -0.1173795834183693 14.676015853881836 10.07701301574707
1508 -1.344774603843689 14.518392562866211 10.21496295928955
1509 -2.5654661655426025 14.289026260375977 10.30274486541748
1510 -9.556982040405273 5.4759039878845215 13.981440544128418
1511 -10.322944641113281 6.033644676208496 13.185012817382812
1512 -10.659932136535645 4.819676399230957 13.414210319519043
1513 -11.044377326965332 6.559534072875977 12.32211685180664
1514 -11.402058601379395 5.362328052520752 12.57293701171875
1515 -11.701292037963867 4.137635231018066 12.759307861328125
1516 -11.71693229675293 7.050632476806641 11.396056175231934
1517 -12.098054885864258 5.872808933258057 11.663527488708496
1518 -12.417573928833008 4.665085315704346 11.871819496154785
1519 -12.673676490783691 3.43357253074646 12.019731521606445
1520 -12.336352348327637 7.504171848297119 10.410792350769043
1521 -12.742416381835938 6.347830772399902 10.68908977508545
1522 -13.08458137512207 5.159637928009033 10.91407299041748
1523 -13.360895156860352 3.9455013275146484 11.08446979522705
1524 -13.569742202758789 2.7115061283111572 11.199283599853516
1525 -12.89855670928955 7.917597770690918 9.370918273925781
1526 -13.329808235168457 6.7843546867370605 9.6538667678833
1527 -13.695601463317871 5.617770671844482 9.889632225036621
1528 -13.994000434875488 4.423542499542236 10.07698917388916
1529 -14.223379135131836 3.207524299621582 10.214936256408691
1530 -14.382455825805664 1.9757111072540283 10.302715301513672
1531 4.513014316558838 -10.047579765319824 13.981450080871582
1532 4.8048505783081055 -10.94902515411377 13.185022354125977
1533 5.791056156158447 -10.164974212646484 13.414222717285156
1534 5.079382419586182 -11.798527717590332 12.322124481201172
1535 6.072479248046875 -11.040203094482422 12.57295036315918
1536 7.034444332122803 -10.2252836227417 12.759321212768555
1537 5.334822177886963 -12.591158866882324 11.396065711975098
1538 6.335487365722656 -11.862289428710938 11.663538932800293
1539 7.303891181945801 -11.07302188873291 11.871834754943848
1540 8.234968185424805 -10.227229118347168 12.019746780395508
1541 5.569350719451904 -13.322169303894043 10.410802841186523
1542 6.577569961547852 -12.625343322753906 10.689103126525879
1543 7.552811622619629 -11.865185737609863 10.91408920288086
1544 8.490030288696289 -11.045331001281738 11.084487915039062
1545 9.384336471557617 -10.169754028320312 11.199298858642578
1546 5.781172275543213 -13.987099647521973 9.370928764343262
1547 6.796191215515137 -13.32376480102539 9.65388011932373
1548 7.777847766876221 -12.594979286193848 9.8896484375
1549 8.72122859954834 -11.80420970916748 10.077004432678223
1550 9.62157917022705 -10.955245018005371 10.214950561523438
1551 10.474335670471191 -10.052176475524902 10.302726745605469
1552 -17.728534698486328 -0.8525580763816833 -1.2329643964767456
1553 -17.64724349975586 -2.095034122467041 -1.0487467050552368
1554 -17.440155029296875 -1.8770744800567627 -2.969796657562256
1555 -17.45401382446289 -2.8143422603607178 -2.0915660858154297
1556 -17.424131393432617 -3.4935765266418457 -1.0484181642532349
1557 -8.721882820129395 -15.48013687133789 -1.047014594078064
1558 -8.096240997314453 -15.712986946105957 -2.0893547534942627
1559 -7.473165512084961 -16.120153427124023 -1.0473071336746216
1560 -7.425673484802246 -15.87301254272461 -3.1220180988311768
1561 -6.817803382873535 -16.309152603149414 -2.0902793407440186
1562 -6.174983024597168 -16.66168975830078 -1.0478254556655884
1563 -6.712967872619629 -15.958250999450684 -4.1398210525512695
1564 -6.116854190826416 -16.42308235168457 -3.1236038208007812
1565 -5.489745616912842 -16.80440330505371 -2.0913889408111572
1566 -4.834799289703369 -17.100025177001953 -1.0484124422073364
1567 -5.961435317993164 -15.9671630859375 -5.13746452331543
1568 -5.373295307159424 -16.45890998840332 -4.141575336456299
1569 -4.758408546447754 -16.86826515197754 -3.1247706413269043
1570 -4.11983060836792 -17.19290542602539 -2.0921051502227783
1571 -3.4607629776000977 -17.430931091308594 -1.0487574338912964
1572 -5.174884796142578 -15.898691177368164 -6.109595775604248
1573 -4.59099006652832 -16.414306640625 -5.138235569000244
1574 -3.98469877243042 -16.849435806274414 -4.141522407531738
1575 -3.3589839935302734 -17.201778411865234 -3.1243131160736084
1576 -2.7169249057769775 -17.469432830810547 -2.0915868282318115
1577 -2.061701536178589 -17.650907516479492 -1.0484286546707153
1578 12.027294158935547 -13.078611373901367 -1.047013521194458
1579 12.442079544067383 -12.555545806884766 -2.089352607727051
1580 13.021862983703613 -12.088780403137207 -1.0473058223724365
1581 12.801488876342773 -11.967246055603027 -3.1220154762268066
1582 13.404129028320312 -11.523894309997559 -2.0902774333953857
1583 13.938055992126465 -11.021466255187988 -1.0478243827819824
1584 13.102790832519531 -11.31576156616211 -4.1398186683654785
1585 13.729085922241211 -10.892457962036133 -3.1236019134521484
1586 14.285531997680664 -10.41386890411377 -2.0913875102996826
1587 14.769076347351074 -9.88232135772705 -1.0484116077423096
1588 13.343500137329102 -10.603769302368164 -5.137460231781006
1589 13.992927551269531 -10.19636344909668 -4.141571521759033
1590 14.572261810302734 -9.73806095123291 -3.124767780303955
1591 15.078348159790039 -9.231048583984375 -2.0921030044555664
1592 15.508387565612793 -8.677783012390137 -1.04875648021698
1593 13.521437644958496 -9.834556579589844 -6.109591484069824
1594 14.192255020141602 -9.43856430053711 -5.1382317543029785
1595 14.793439865112305 -8.996399879455566 -4.141518592834473
1596 15.321897506713867 -8.510180473327637 -3.1243104934692383
1597 15.774862289428711 -7.982248306274414 -2.0915849208831787
1598 16.149930953979492 -7.415165424346924 -1.048427700996399
1599 -11.497353553771973 10.795445442199707 -8.25671100616455
1600 -16.79351234436035 -5.432417869567871 -2.295424222946167
1601 -16.822153091430664 -4.763837814331055 -3.3366973400115967
1602 -16.396377563476562 -5.955047130584717 -3.535623550415039
1603 -16.76786994934082 -4.074375629425049 -4.367865085601807
1604 -16.375078201293945 -5.268832206726074 -4.5756306648254395
1605 -15.898346900939941 -6.436279773712158 -4.759940147399902
1606 -16.62974739074707 -3.367006778717041 -5.383562088012695
1607 -16.268877029418945 -4.560695171356201 -5.6048455238342285
1608 -15.825319290161133 -5.7312703132629395 -5.797496318817139
1609 -15.301138877868652 -6.872676849365234 -5.9604268074035645
1610 -16.407480239868164 -2.6449294090270996 -6.378210544586182
1611 -16.07609748840332 -3.833488702774048 -6.616963863372803
1612 -15.664290428161621 -5.002988338470459 -6.8224029541015625
1613 -15.173910140991211 -6.147473335266113 -6.993356227874756
1614 -14.562127113342285 -7.268937587738037 -7.195224761962891
1615 -16.101421356201172 -1.9115556478500366 -7.346107482910156
1616 -15.796087265014648 -3.0904922485351562 -7.605306625366211
1617 -15.413333892822266 -4.254390239715576 -7.827059268951416
1618 -14.785581588745117 -5.617361068725586 -8.14765739440918
1619 -0.022855881601572037 -17.65028190612793 -2.295438766479492
1620 -0.6675645112991333 -17.470922470092773 -3.336721420288086
1621 0.5969185829162598 -17.43408203125 -3.535641670227051
1622 -1.3065062761306763 -17.206239700317383 -4.367899417877197
1623 -0.04912886396050453 -17.20177459716797 -4.575659275054932
1624 1.2085000276565552 -17.109128952026367 -4.759963035583496
1625 -1.9365721940994263 -16.85628318786621 -5.383605480194092
1626 -0.6897874474525452 -16.881940841674805 -5.604883193969727
1627 0.5605649948120117 -16.821813583374023 -5.79752779006958
1628 1.8080886602401733 -16.675996780395508 -5.960451602935791
1629 -2.5546224117279053 -16.421762466430664 -6.378262996673584
1630 -1.3218296766281128 -16.473876953125 -6.617010593414307
1631 -0.08231120556592941 -16.443613052368164 -6.822443008422852
1632 1.1576956510543823 -16.330894470214844 -6.993390083312988
1633 2.3919007778167725 -16.13605499267578 -7.128848075866699
1634 -3.1575255393981934 -15.904053688049316 -7.346170425415039
1635 -1.9419337511062622 -15.977970123291016 -7.605364799499512
1636 -0.7167211771011353 -15.973609924316406 -7.827110767364502
1637 0.5120906233787537 -15.890857696533203 -8.010224342346191
1638 1.7384302616119385 -15.729986190795898 -8.153700828552246
1639 2.956209421157837 -15.491656303405762 -8.256731033325195
1640 16.77937126159668 -5.475924015045166 -2.2954323291778564
1641 16.409561157226562 -6.033662796020508 -3.336714267730713
1642 16.765268325805664 -4.819694519042969 -3.535630702972412
1643 15.960387229919434 -6.559548854827881 -4.367891311645508
1644 16.344690322875977 -5.3623433113098145 -4.575646877288818
1645 16.645204544067383 -4.137650012969971 -4.759946346282959
1646 15.432860374450684 -7.050645351409912 -5.3835978507995605
1647 15.842534065246582 -5.87282133102417 -5.604869842529297
1648 16.171730041503906 -4.665096759796143 -5.797510623931885
1649 16.418554306030273 -3.4335837364196777 -5.96043062210083
1650 14.828612327575684 -7.504179000854492 -6.37825345993042
1651 15.259126663208008 -6.347838401794434 -6.616995811462402
1652 15.613378524780273 -5.159646987915039 -6.822425365447998
1653 15.889357566833496 -3.945509433746338 -6.993368148803711
1654 16.085445404052734 -2.7115132808685303 -7.128823280334473
1655 14.149932861328125 -7.917601108551025 -7.346158981323242
1656 14.595869064331055 -6.78435754776001 -7.605348587036133
1657 14.970330238342285 -5.617773532867432 -7.827089309692383
1658 15.271354675292969 -4.4235453605651855 -8.010199546813965
1659 15.497318267822266 -3.2075273990631104 -8.153672218322754
1660 15.646970748901367 -1.9757143259048462 -8.256701469421387
1661 5.457172870635986 5.432389736175537 -16.047136306762695
1662 4.538654804229736 4.763813018798828 -16.538421630859375
1663 4.170332431793213 5.955014705657959 -16.246559143066406
1664 3.592085838317871 4.0743536949157715 -16.951013565063477
1665 3.23060941696167 5.268803119659424 -16.692609786987305
1666 2.852572202682495 6.436244964599609 -16.3486385345459
1667 2.6218602657318115 3.36698842048645 -17.281705856323242
1668 2.262568712234497 4.560671329498291 -17.057893753051758
1669 1.891909122467041 5.731239318847656 -16.747325897216797
1670 1.511776328086853 6.872641086578369 -16.35135269165039
1671 1.6328344345092773 2.6449153423309326 -17.527719497680664
1672 1.2711036205291748 3.8334686756134033 -17.338096618652344
1673 0.9032047986984253 5.002962589263916 -17.061643600463867
1674 0.5310110449790955 6.147441864013672 -16.69948959350586
1675 0.1564338505268097 7.261028289794922 -16.25322151184082
1676 0.6302594542503357 1.9115461111068726 -17.68682861328125
1677 0.261892169713974 3.090477228164673 -17.52964973449707
1678 -0.1076052114367485 4.254369258880615 -17.28647804260254
1679 -0.4763872027397156 5.397461891174316 -16.958356857299805
1680 -0.8426028490066528 6.514065265655518 -16.54673957824707
1681 -1.2044044733047485 7.598592281341553 -16.053512573242188
1682 -3.480165958404541 6.868772506713867 -16.047136306762695
1683 -3.1281487941741943 5.788604736328125 -16.53841781616211
1684 -4.374878883361816 5.806406497955322 -16.246553421020508
1685 -2.764939069747925 4.675311088562012 -16.95100975036621
1686 -4.0126423835754395 4.700626850128174 -16.692602157592773
1687 -5.23977518081665 4.701845645904541 -16.34862518310547
1688 -2.392009973526001 3.5339858531951904 -17.28169822692871
1689 -3.638308525085449 3.5611419677734375 -17.057886123657227
1690 -4.8661370277404785 3.5703439712524414 -16.747314453125
1691 -6.069152355194092 3.5615220069885254 -16.351337432861328
1692 -2.476086378097534 2.267984390258789 -17.46753692626953
1693 14.389978408813477 -1.9645874500274658 -10.2893705368042
1694 14.237940788269043 -3.1892778873443604 -10.19422435760498
1695 13.586125373840332 -2.693709135055542 -11.178801536560059
1696 14.013540267944336 -4.402341842651367 -10.053874969482422
1697 13.389999389648438 -3.918027877807617 -11.054286003112793
1698 12.697818756103516 -3.4136300086975098 -11.998030662536621
1699 13.716914176940918 -5.597580432891846 -9.868204116821289
1700 13.119997024536133 -5.13033390045166 -10.882831573486328
1701 12.456427574157715 -4.636855602264404 -11.842137336730957
1702 11.72944164276123 -4.119583606719971 -12.741058349609375
1703 13.348793029785156 -6.768597602844238 -9.637351989746094
1704 12.775811195373535 -6.3235673904418945 -10.663578033447266
1705 12.138957977294922 -5.8466620445251465 -11.63646411895752
1706 11.441269874572754 -5.340165615081787 -12.550930976867676
1707 10.68613338470459 -4.8065314292907715 -13.402155876159668
1708 12.91053295135498 -7.908895492553711 -9.36176586151123
1709 12.358141899108887 -7.490301132202148 -10.396153450012207
1710 11.745205879211426 -7.034795761108398 -11.37960147857666
1711 11.074657440185547 -6.544534683227539 -12.307167053222656
1712 10.349717140197754 -6.021857261657715 -13.17414379119873
1713 9.573897361755371 -5.469273567199707 -13.976119041442871
1714 3.1341583728790283 -5.343383312225342 -16.686506271362305
1715 4.1414337158203125 -5.96619987487793 -16.253217697143555
1716 3.5580005645751953 -4.086589813232422 -16.958358764648438
1717 4.510604381561279 -4.774673938751221 -16.54673957824707
1718 5.440785884857178 -5.4394025802612305 -16.053508758544922
1719 -16.300472259521484 0.6447950601577759 -7.096402168273926
1720 -17.353540420532227 3.906270742416382 0.11163598299026489
1721 -16.928693771362305 5.451968193054199 -0.3446854054927826
1722 -15.263351440429688 6.803803443908691 -6.103175640106201
1723 -15.320101737976074 7.680200576782227 -4.774509429931641
1724 -15.44228744506836 5.208069801330566 -7.13325309753418
1725 -15.624564170837402 4.099111557006836 -7.441585063934326
1726 -16.0424861907959 1.879633903503418 -7.4690260887146
1727 -16.660690307617188 6.174626350402832 -0.7510424852371216
1728 -16.303611755371094 6.896621227264404 -1.4255623817443848
1729 -15.501222610473633 7.897202491760254 -3.7010462284088135
1730 -17.55483627319336 2.8926353454589844 0.18840041756629944
1731 -17.781234741210938 0.26387912034988403 -0.4328441023826599
1732 -17.758190155029297 1.0166324377059937 -0.11457756161689758
1733 -17.61890411376953 -1.5012128353118896 -2.022082805633545
1734 -16.542926788330078 -0.39915359020233154 -6.525461196899414
1735 -16.730754852294922 -1.0353312492370605 -5.948245048522949
1736 -16.991836547851562 -1.6787433624267578 -4.974030494689941
1737 -17.201335906982422 -1.949876308441162 -4.086093902587891
1738 0.7636754512786865 0.17471390962600708 -17.76629638671875
1739 2.689828395843506 -7.873067855834961 15.727248191833496
1740 0.21214552223682404 -11.538819313049316 -13.533974647521973
1741 0.9176809191703796 -10.848003387451172 -14.067070007324219
1742 1.9604648351669312 -9.460785865783691 -14.9362154006958
1743 2.345916271209717 -8.790763854980469 -15.291643142700195
1744 2.7178151607513428 -7.787346363067627 -15.761791229248047
1745 2.8944506645202637 -7.24632453918457 -15.982293128967285
1746 -4.154412746429443 -13.593862533569336 -10.689374923706055
1747 -2.3279809951782227 -13.084028244018555 -11.821310043334961
1748 -1.561774730682373 -12.703506469726562 -12.361995697021484
1749 -0.8861712217330933 -12.349047660827637 -12.772714614868164
1750 1.805586338043213 -1.1176390647888184 -17.660945892333984
1751 1.3387950658798218 -0.4764067828655243 -17.733598709106445
1752 -6.910537242889404 -13.658596992492676 -9.063892364501953
1753 -7.665084362030029 -13.567861557006836 -8.574934959411621
1754 -5.991358757019043 -13.73747444152832 -9.582803726196289
1755 -4.994064807891846 -13.67960262298584 -10.217591285705566
1756 -13.15320873260498 -0.6341757774353027 -11.953821182250977
1757 -12.593055725097656 4.5065284837164654e-09 -12.565961837768555
1758 -14.010797500610352 -2.0508639812469482 -10.7647705078125
1759 -14.568224906921387 -3.5973877906799316 -9.549089431762695
1760 -14.710960388183594 -4.5263471603393555 -8.930431365966797
1761 -11.023256301879883 1.349949598312378 -13.901018142700195
1762 -10.22978687286377 1.7980003356933594 -14.43852710723877
1763 -11.978845596313477 0.6088151931762695 -13.131365776062012
1764 -7.89565896987915 2.6620898246765137 -15.715285301208496
1765 -12.009166717529297 -11.445820808410645 -6.41987943649292
1766 -11.361778259277344 -11.939465522766113 -6.6929030418396
1767 -9.683793067932129 -12.916804313659668 -7.470758438110352
1768 -13.924270629882812 -8.95886516571045 -6.489701271057129
1769 -14.260043144226074 -8.19420051574707 -6.773281574249268
1770 -9.435952186584473 -13.032400131225586 7.577990531921387
1771 -8.7587890625 -13.26646614074707 7.992758274078369
1772 -7.635268211364746 -13.571578979492188 8.596007347106934
1773 -6.7211103439331055 -13.675931930541992 9.180166244506836
1774 -14.734807014465332 -4.7512993812561035 8.766474723815918
1775 -14.654409408569336 -6.854790687561035 7.403766632080078
1776 -14.405200958251953 -7.749590873718262 6.9968671798706055
1777 1.7310492992401123 -0.9880725741386414 17.67772102355957
1778 2.4039011001586914 -2.1728992462158203 17.488576889038086
1779 2.7107341289520264 -3.0386123657226562 17.313745498657227
1780 2.9230504035949707 -3.7720937728881836 17.133146286010742
1781 3.04811429977417 -4.6415534019470215 16.90454864501953
1782 1.1033204793930054 -10.637831687927246 14.221128463745117
1783 0.2649219036102295 -11.498577117919922 13.571046829223633
1784 -0.8347063064575195 -12.333224296569824 12.799464225769043
1785 2.401488780975342 -8.703954696655273 15.306535720825195
1786 -4.036818504333496 -13.582290649414062 10.749377250671387
1787 -4.933838844299316 -13.674091339111328 10.25325870513916
1788 -14.388516426086426 -3.0469558238983154 10.012880325317383
1789 -9.19592571258545 2.29561185836792 15.056177139282227
1790 -10.064410209655762 1.8801316022872925 14.548909187316895
1791 -10.791181564331055 1.4955036640167236 14.057073593139648
1792 -11.493363380432129 0.9914839267730713 13.542067527770996
1793 -12.246476173400879 0.38008999824523926 12.894533157348633
1794 -13.110255241394043 -0.5855469703674316 12.006324768066406
1795 -4.916609764099121 2.824867010116577 16.858165740966797
1796 -5.88191032409668 2.9031505584716797 16.544918060302734
1797 -6.880333423614502 2.8137130737304688 16.160444259643555
1798 0.09239377081394196 0.7824859619140625 17.765178680419922
1799 -1.020923376083374 1.5812625885009766 17.684947967529297
1800 -1.8134726285934448 1.9808598756790161 17.584985733032227
1801 -2.6754002571105957 2.3509297370910645 17.42760467529297
1802 -5.673552989959717 -13.735925674438477 9.772180557250977
1803 -14.705126762390137 -6.376338481903076 -7.717684268951416
1804 -14.749526977539062 -4.890161037445068 -8.662368774414062
1805 -1.0479159355163574 1.6006611585617065 -17.681079864501953
1806 -3.237516403198242 2.5093612670898438 -17.31972885131836
1807 -4.381556034088135 2.7759037017822266 -17.016128540039062
1808 -5.601972579956055 2.886981964111328 -16.634235382080078
1809 -6.774257659912109 2.8234200477600098 -16.20355987548828
1810 3.019501209259033 -6.476019859313965 -16.295740127563477
1811 3.010460138320923 -4.286337375640869 -17.00031280517578
1812 2.9268085956573486 -3.700432300567627 -17.154029846191406
1813 2.4645564556121826 -2.284587860107422 -17.465961456298828
1814 2.7487387657165527 -3.1550168991088867 -17.293560028076172
1815 6.207059383392334 6.047299385070801 -15.534003257751465
1816 -4.174165725708008 8.879453659057617 -14.839117050170898
1817 -2.941610336303711 8.687664985656738 -15.24492359161377
1818 14.129829406738281 3.0992164611816406 -10.353804588317871
1819 11.647639274597168 3.9578962326049805 -12.855789184570312
1820 10.286537170410156 4.463644981384277 -13.801859855651855
1821 -5.5058441162109375 9.195817947387695 -14.20844841003418
1822 -9.682453155517578 10.032393455505371 -11.043272972106934
1823 -10.96725845336914 10.543903350830078 -9.21971321105957
1824 16.384082794189453 6.811816692352295 -1.2816743850708008
1825 15.510435104370117 3.050881862640381 -8.166254043579102
1826 8.050880432128906 15.28268814086914 4.2516584396362305
1827 6.6727399826049805 15.900035858154297 4.384004592895508
1828 5.301667213439941 16.384586334228516 4.461336135864258
1829 3.9492621421813965 16.783206939697266 4.390446662902832
1830 2.5817718505859375 17.06903839111328 4.311077117919922
1831 -2.557396650314331 17.320701599121094 3.116877317428589
1832 -1.68623685836792 17.38472557067871 3.3724727630615234
1833 -5.059338569641113 16.925331115722656 2.075556516647339
1834 -6.215963363647461 16.61693572998047 1.394164800643921
1835 -7.14841890335083 16.26314353942871 0.8693887591362
1836 -8.521923065185547 15.605895042419434 -0.22028690576553345
1837 0.17096732556819916 17.353439331054688 3.8944687843322754
1838 -0.6654301881790161 17.399728775024414 3.6698567867279053
1839 10.764250755310059 13.707672119140625 3.60908842086792
1840 11.821852684020996 12.884852409362793 3.2452011108398438
1841 9.862828254699707 14.274406433105469 3.9228949546813965
1842 9.140642166137695 14.715646743774414 4.051275253295898
1843 12.485456466674805 12.336671829223633 2.8999876976013184
1844 14.083086013793945 10.704887390136719 1.8781298398971558
1845 15.335699081420898 8.98787784576416 0.6180946826934814
1846 14.767317771911621 9.86059284210205 1.287204623222351
1847 -10.3466215133667 14.314521789550781 -2.1440680027008057
1848 -10.933836936950684 13.666238784790039 -3.1875693798065186
1849 -11.28427505493164 13.195364952087402 -3.8563477993011475
1850 -11.539779663085938 12.639567375183105 -4.849144458770752
1851 -11.701395988464355 12.155501365661621 -5.624637603759766
1852 -11.622842788696289 11.430301666259766 -7.111259460449219
1853 5.044735908508301 6.507621765136719 -15.77540111541748
1854 3.626098155975342 6.917083263397217 -15.984332084655762
1855 2.391111373901367 7.349195957183838 -16.02483367919922
1856 0.9936403036117554 7.6894989013671875 -16.010604858398438
1857 -0.30451148748397827 8.082338333129883 -15.845468521118164
1858 -1.6372150182724 8.344473838806152 -15.624898910522461
