11264
0 0 1
1 0 3
2 1264 4100
3 2056 2057
4 2056 2058
5 16 17
6 4112 4114
7 16 19
8 4080 4117
9 2056 2070
10 2072 2073
11 2072 2077
12 5208 5209
13 32 33
14 32 35
15 2088 2089
16 2088 2093
17 4144 4145
18 4128 4147
19 48 53
20 4128 4157
21 4144 4158
22 2104 2112
23 4160 4161
24 1496 2114
25 4160 4163
26 3488 4169
27 2120 2122
28 16 80
29 4176 4178
30 4112 4113
31 5192 5195
32 5360 5386
33 96 97
34 96 99
35 4192 4199
36 2152 2153
37 5528 5529
38 2152 2158
39 5480 5483
40 112 113
41 112 115
42 5528 5531
43 2208 2211
44 2168 2169
45 2168 2170
46 96 125
47 128 129
48 3696 4226
49 128 131
50 128 133
51 1720 2182
52 2184 2185
53 2184 2189
54 96 142
55 4096 4099
56 144 145
57 4240 4243
58 5416 5419
59 2184 2199
60 2200 2201
61 864 1099
62 160 161
63 2216 2217
64 2216 2218
65 5416 5425
66 176 177
67 3584 4274
68 176 179
69 4272 4280
70 2232 2233
71 2232 2235
72 192 193
73 1264 1285
74 192 197
75 2248 2249
76 2248 2251
77 4920 5613
78 5192 5218
79 4288 4304
80 208 209
81 208 216
82 2264 2265
83 208 219
84 224 225
85 4320 4323
86 0 229
87 2280 2281
88 856 2283
89 4512 4513
90 960 963
91 240 241
92 2280 2290
93 4080 4195
94 3472 3483
95 1904 1906
96 824 2295
97 240 248
98 2296 2298
99 4336 4347
100 240 254
101 256 257
102 4352 4355
103 2312 2313
104 2312 2315
105 272 273
106 272 275
107 112 279
108 4368 4376
109 112 281
110 2328 2331
111 4368 4382
112 4736 4738
113 288 289
114 288 291
115 272 297
116 288 299
117 2328 2349
118 304 305
119 304 307
120 2312 2358
121 2360 2361
122 1672 2363
123 2360 2364
124 320 321
125 4416 4419
126 320 328
127 2376 2377
128 4400 4426
129 4416 4427
130 2376 2380
131 320 334
132 336 337
133 4376 4379
134 3336 3337
135 4432 4442
136 4352 4443
137 2392 2396
138 352 353
139 5056 5057
140 4816 5490
141 2408 2409
142 2408 2411
143 2408 2413
144 368 369
145 4464 4466
146 4464 4468
147 4920 4921
148 2424 2425
149 2424 2427
150 5392 5393
151 384 385
152 5392 5395
153 2440 2441
154 2440 2443
155 400 401
156 4496 4499
157 1960 2454
158 2456 2457
159 4496 4508
160 2440 2461
161 416 417
162 2392 2466
163 2424 2470
164 4904 4905
165 2472 2473
166 2472 2476
167 5376 5377
168 432 433
169 976 977
170 4528 4533
171 1992 2486
172 976 978
173 2488 2491
174 144 447
175 448 449
176 2232 2499
177 4544 4551
178 4544 4557
179 464 465
180 2504 2514
181 4560 4563
182 3808 3809
183 2520 2526
184 480 481
185 4576 4578
186 480 487
187 2536 2539
188 3808 3812
189 496 497
190 304 501
191 2552 2554
192 4904 4906
193 512 513
194 4608 4613
195 512 520
196 2568 2569
197 512 526
198 528 529
199 4624 4628
200 5560 5563
201 4384 4630
202 4624 4632
203 2584 2586
204 2584 2588
205 544 545
206 544 547
207 4128 4129
208 2600 2601
209 4640 4650
210 1816 2603
211 2600 2604
212 560 561
213 560 563
214 2616 2617
215 4656 4666
216 2616 2619
217 2008 2621
218 576 577
219 4672 4674
220 576 579
221 4768 5257
222 5560 5574
223 592 593
224 2632 2642
225 592 595
226 3080 3795
227 592 606
228 608 609
229 608 613
230 4704 4710
231 2664 2667
232 4720 4722
233 4720 4724
234 2680 2682
235 4560 4731
236 624 640
237 640 641
238 640 642
239 4312 4313
240 4752 4754
241 5168 5171
242 2880 2881
243 2024 2723
244 2728 2729
245 2728 2731
246 4448 4461
247 4784 4785
248 688 691
249 4296 4297
250 672 695
251 2744 2745
252 704 705
253 4800 4803
254 2760 2761
255 2760 2763
256 704 716
257 2728 2767
258 720 721
259 720 723
260 4816 4821
261 2776 2777
262 2776 2779
263 736 737
264 736 739
265 2792 2793
266 2776 2795
267 4832 4844
268 736 750
269 752 753
270 4848 4851
271 752 757
272 4800 4856
273 2776 2809
274 2792 2810
275 152 1171
276 4864 4865
277 4864 4867
278 4568 4746
279 4616 4619
280 2824 2825
281 5088 5090
282 768 779
283 4864 4878
284 784 785
285 784 787
286 4952 4953
287 2840 2841
288 2840 2843
289 1528 2847
290 800 801
291 5104 5105
292 5096 5311
293 480 1025
294 4896 4903
295 2856 2857
296 2856 2858
297 800 816
298 816 817
299 2168 2868
300 4912 4918
301 4352 4920
302 3200 3217
303 832 833
304 832 835
305 4488 4494
306 4936 4937
307 2888 2889
308 2888 2891
309 5408 5409
310 848 849
311 4936 4939
312 848 851
313 4944 4948
314 4944 4952
315 2904 2905
316 848 859
317 864 865
318 5272 5273
319 864 867
320 2888 2917
321 2920 2921
322 4960 4970
323 2920 2923
324 2920 2925
325 880 881
326 880 883
327 2888 2934
328 2936 2937
329 880 894
330 896 897
331 896 899
332 5104 5109
333 2952 2953
334 912 913
335 912 919
336 5008 5016
337 912 922
338 2968 2971
339 928 929
340 5024 5027
341 928 932
342 928 934
343 5024 5033
344 192 939
345 2256 2299
346 944 945
347 944 947
348 5040 5044
349 2984 2997
350 5592 5595
351 5464 5465
352 3000 3001
353 3000 3003
354 5024 5025
355 256 959
356 960 961
357 944 963
358 304 964
359 3016 3018
360 3696 5071
361 944 977
362 960 978
363 5072 5076
364 5232 5233
365 3216 3223
366 2904 3036
367 992 993
368 4496 4497
369 992 995
370 5088 5092
371 5576 5579
372 1008 1009
373 3744 5106
374 1008 1011
375 496 1013
376 3064 3065
377 3064 3067
378 3048 3069
379 1024 1025
380 5120 5123
381 1024 1031
382 3080 3081
383 1024 1034
384 3080 3083
385 1040 1041
386 3064 3090
387 0 1043
388 224 1044
389 1040 1046
390 32 1048
391 4992 5145
392 5136 5146
393 5104 5115
394 1056 1057
395 3096 3106
396 1056 1059
397 3112 3113
398 5136 5162
399 4816 4817
400 3112 3118
401 1072 1073
402 1072 1075
403 1056 1079
404 3128 3129
405 3128 3131
406 1480 1526
407 3704 3714
408 1088 1089
409 1056 1091
410 1072 1093
411 3144 3145
412 1088 1098
413 48 1099
414 1104 1105
415 1104 1106
416 4328 4329
417 3160 3161
418 3160 3163
419 4800 4801
420 1120 1121
421 1120 1123
422 5216 5221
423 5216 5227
424 3128 3184
425 1136 1137
426 3176 3186
427 1136 1139
428 5136 5137
429 5232 5239
430 3192 3193
431 3192 3198
432 3080 3091
433 5248 5249
434 5248 5251
435 3208 3209
436 1136 1162
437 3208 3211
438 1168 1169
439 5264 5266
440 1168 1172
441 1120 1174
442 3224 3225
443 3224 3227
444 336 1329
445 5040 5298
446 1184 1185
447 1184 1187
448 4808 4810
449 5016 5017
450 5120 5121
451 3240 3241
452 3240 3243
453 3224 3245
454 1200 1201
455 3240 3250
456 1200 1203
457 1184 1207
458 3208 3256
459 4912 4913
460 1216 1217
461 1184 1219
462 5120 5127
463 1200 1221
464 3272 3273
465 1216 1226
466 5216 5217
467 3000 3280
468 1232 1233
469 1232 1234
470 3288 3289
471 4416 5338
472 1248 1249
473 1248 1251
474 5424 5425
475 5344 5352
476 3304 3305
477 3304 3307
478 1264 1265
479 1264 1267
480 3304 3316
481 3320 3321
482 5360 5370
483 3144 3327
484 1280 1281
485 5376 5378
486 1280 1283
487 1040 1044
488 3032 3337
489 1280 1290
490 1104 1291
491 5304 5307
492 1248 1294
493 1296 1297
494 1296 1299
495 5424 5427
496 3352 3353
497 5296 5297
498 1312 1313
499 1312 1315
500 5280 5281
501 3368 3369
502 3256 3370
503 1328 1329
504 1328 1330
505 5288 5289
506 5424 5429
507 1328 1336
508 2152 2161
509 5288 5291
510 3384 3396
511 3360 3881
512 3400 3401
513 3400 3404
514 1984 2001
515 5456 5464
516 3416 3417
517 3416 3419
518 3416 3421
519 5472 5473
520 1376 1379
521 5328 5478
522 1360 1383
523 3432 3433
524 5488 5489
525 1392 1394
526 5488 5492
527 1232 1404
528 5504 5505
529 4528 4529
530 5248 5509
531 3464 3467
532 5240 5241
533 5520 5522
534 5552 5553
535 1440 1441
536 1424 1442
537 1440 1443
538 2608 2654
539 3496 3499
540 1440 1454
541 2792 2795
542 1456 1457
543 1456 1459
544 3512 3513
545 3512 3515
546 1472 1473
547 2904 3522
548 5440 5576
549 3528 3530
550 4848 4849
551 1472 1488
552 1488 1489
553 4528 4545
554 1504 1505
555 2944 2945
556 1504 1507
557 3560 3565
558 1520 1521
559 1520 1523
560 5616 5624
561 1520 1531
562 4832 4833
563 5600 5631
564 1536 1537
565 1536 1539
566 3128 3599
567 1552 1553
568 5168 5169
569 1552 1560
570 3608 3611
571 1552 1566
572 1568 1569
573 4456 4459
574 3512 3626
575 2488 2489
576 1584 1585
577 1584 1587
578 3624 3637
579 5056 5303
580 1600 1601
581 1600 1603
582 5152 5153
583 1584 1610
584 1600 1611
585 5152 5154
586 1616 1626
587 3688 3689
588 3688 3691
589 1632 1644
590 3672 3694
591 1648 1649
592 5272 5277
593 1648 1652
594 2808 2809
595 2808 2810
596 1664 1665
597 3688 3714
598 1664 1667
599 3720 3721
600 5000 5001
601 824 3723
602 3720 3724
603 3720 3726
604 3560 3728
605 1680 1682
606 3736 3737
607 5472 5475
608 3736 3741
609 4096 4097
610 5336 5337
611 3736 3751
612 5192 5193
613 3752 3753
614 3752 3754
615 1712 1713
616 1712 1717
617 3768 3769
618 4304 4305
619 1728 1729
620 3768 3778
621 1728 1735
622 3784 3786
623 1728 1741
624 5480 5481
625 3752 3791
626 1744 1745
627 1744 1747
628 3800 3801
629 3800 3803
630 920 922
631 1760 1762
632 3816 3817
633 3816 3819
634 5400 5403
635 3832 3833
636 5472 5481
637 3816 3837
638 2712 5457
639 1792 1793
640 1792 1797
641 3800 3846
642 3848 3849
643 3848 3852
644 1808 1809
645 1808 1815
646 3864 3865
647 3864 3868
648 1808 1821
649 1824 1825
650 1824 1826
651 1824 1828
652 3880 3884
653 3368 3886
654 1840 1841
655 1840 1844
656 3896 3897
657 1744 1851
658 3896 3901
659 1600 1855
660 1856 1858
661 3912 3913
662 3912 3915
663 2824 2827
664 5304 5305
665 1872 1874
666 4544 4545
667 3928 3929
668 1888 1889
669 1888 1894
670 4408 4409
671 3944 3945
672 3944 3947
673 3384 3948
674 4880 4881
675 3912 3951
676 1088 1091
677 1904 1908
678 4880 4883
679 3960 3961
680 1712 1729
681 3960 3965
682 1920 1922
683 3960 3975
684 3976 3977
685 3976 3978
686 1936 1938
687 1144 3989
688 3992 3993
689 3144 3147
690 4088 4089
691 3992 4002
692 1952 1960
693 4008 4010
694 3976 4015
695 1568 1968
696 1968 1969
697 3224 4019
698 5200 5201
699 4024 4025
700 4024 4027
701 1984 1985
702 1984 1989
703 3432 4038
704 4040 4041
705 2000 2001
706 4392 4405
707 2000 2007
708 4056 4057
709 4056 4059
710 2000 2013
711 4024 4063
712 2016 2017
713 2016 2019
714 5184 5185
715 4072 4073
716 4712 4715
717 4072 4077
718 2032 2034
719 4072 4087
720 2848 2851
721 1536 2041
722 2072 2083
723 1536 2043
724 2048 2049
725 5048 5051
726 3144 3169
727 4104 4106
728 2064 2065
729 3160 3274
730 2064 2069
731 8 22
732 4120 4121
733 4120 4123
734 2080 2081
735 2080 2083
736 4560 4561
737 4136 4137
738 4136 4139
739 2096 2097
740 2096 2098
741 3880 4148
742 5032 5035
743 56 57
744 4152 4154
745 56 59
746 5504 5507
747 2064 2111
748 4152 4160
749 1632 2115
750 5368 5369
751 72 73
752 72 75
753 24 77
754 2128 2131
755 2136 2147
756 1696 2133
757 88 89
758 4184 4187
759 3480 4189
760 4416 4417
761 88 104
762 104 105
763 5512 5513
764 4200 4209
765 5352 5353
766 120 121
767 120 123
768 2160 2175
769 4216 4224
770 2176 2177
771 2176 2178
772 3704 4227
773 2176 2180
774 3688 4231
775 136 137
776 4232 4234
777 136 139
778 2192 2193
779 136 147
780 1776 2196
781 152 153
782 152 155
783 2936 4252
784 4248 4255
785 2208 2209
786 72 163
787 168 169
788 168 171
789 2224 2225
790 2224 2226
791 3728 3730
792 2192 2229
793 168 182
794 184 185
795 184 191
796 5576 5577
797 200 201
798 4296 4299
799 2240 2254
800 4256 4265
801 216 217
802 4312 4315
803 2272 2273
804 2272 2275
805 4296 4325
806 8 230
807 3632 3633
808 232 233
809 4328 4331
810 4328 4333
811 4104 4105
812 2272 2288
813 2288 2290
814 4296 4342
815 4344 4345
816 248 251
817 2304 2305
818 2304 2308
819 4360 4361
820 2856 2864
821 2144 2319
822 2320 2321
823 2240 5041
824 2320 2324
825 264 277
826 280 281
827 280 283
828 280 285
829 4912 4916
830 2336 2340
831 2192 2341
832 296 297
833 2352 2353
834 2224 2354
835 2352 2355
836 2352 2357
837 312 313
838 4408 4411
839 4896 4897
840 3952 3956
841 2368 2369
842 2368 2371
843 4424 4426
844 328 331
845 1664 2380
846 2384 2385
847 2384 2387
848 496 501
849 344 352
850 2400 2401
851 152 354
852 5232 5235
853 2384 2405
854 360 361
855 2336 2410
856 360 363
857 4896 4906
858 2368 2414
859 2416 2417
860 360 370
861 2416 2420
862 376 377
863 376 379
864 2432 2433
865 4744 4745
866 2432 2436
867 296 391
868 392 393
869 392 397
870 4264 4265
871 1952 2449
872 2448 2452
873 392 405
874 408 409
875 4504 4506
876 4504 4508
877 408 413
878 2464 2465
879 4456 4514
880 2464 2467
881 2464 2469
882 424 425
883 5552 5555
884 4520 4526
885 424 432
886 2480 2481
887 424 435
888 440 441
889 4536 4539
890 440 445
891 2496 2497
892 456 457
893 4552 4555
894 456 461
895 5064 5066
896 5536 5537
897 456 469
898 472 473
899 472 474
900 4568 4571
901 5536 5539
902 2512 2526
903 4552 4577
904 4568 4579
905 2528 2532
906 5400 5401
907 488 489
908 488 491
909 472 493
910 4536 4592
911 2544 2545
912 4584 4594
913 488 499
914 504 505
915 4600 4606
916 2560 2561
917 4536 4537
918 4704 4705
919 4616 4617
920 520 523
921 2592 5345
922 2576 2577
923 2576 2579
924 5384 5385
925 4632 4633
926 2576 2588
927 536 548
928 376 550
929 376 552
930 1928 1929
931 552 557
932 2608 2609
933 2608 2611
934 4616 4664
935 4648 4666
936 4552 4671
937 2624 2625
938 4680 4681
939 4288 4289
940 408 590
941 2568 2574
942 4696 4697
943 4600 4601
944 2640 2654
945 4152 4153
946 2656 2660
947 4624 4625
948 4712 4713
949 616 619
950 600 623
951 2672 2673
952 4712 4724
953 2528 2679
954 632 633
955 2544 2682
956 2688 2690
957 632 644
958 648 649
959 2720 2724
960 648 651
961 4536 5180
962 2704 2706
963 2704 2708
964 4608 4609
965 664 665
966 4760 4762
967 664 667
968 4760 4764
969 2720 2721
970 168 676
971 664 678
972 680 681
973 4776 4778
974 4776 4780
975 680 685
976 4944 4945
977 2736 2737
978 2016 2739
979 2448 2747
980 2752 2754
981 4792 4805
982 696 712
983 712 713
984 712 714
985 4808 4812
986 4312 4813
987 2264 2267
988 4312 4815
989 2768 2769
990 2768 2771
991 184 725
992 1152 1162
993 4456 4457
994 4928 4929
995 2784 2785
996 2784 2787
997 2656 2788
998 4608 4625
999 2672 2791
1000 4840 4841
1001 4840 4842
1002 2800 2801
1003 4520 4521
1004 2800 2807
1005 2800 2810
1006 760 763
1007 2248 2302
1008 744 767
1009 2816 2817
1010 2816 2820
1011 2816 2822
1012 776 778
1013 5072 5074
1014 4728 4729
1015 2832 2833
1016 2832 2835
1017 4888 4889
1018 4872 4890
1019 4888 4891
1020 2848 2849
1021 2832 2851
1022 808 809
1023 4888 4906
1024 808 811
1025 2832 2861
1026 2848 2862
1027 4472 4977
1028 2864 2865
1029 2864 2867
1030 824 825
1031 4920 4922
1032 824 827
1033 5112 5113
1034 1320 1323
1035 808 837
1036 5112 5115
1037 840 841
1038 840 843
1039 840 845
1040 2880 2896
1041 2896 2897
1042 2736 2739
1043 808 854
1044 5248 5258
1045 856 857
1046 2912 2913
1047 2904 2907
1048 2912 2915
1049 4928 4931
1050 5096 5097
1051 2928 2929
1052 2928 2931
1053 5568 5569
1054 4936 4981
1055 4968 4982
1056 5096 5099
1057 5568 5570
1058 4984 4986
1059 2928 2939
1060 4984 4988
1061 224 229
1062 5136 5139
1063 2944 2947
1064 904 905
1065 888 906
1066 904 907
1067 5432 5434
1068 1792 1809
1069 2960 2961
1070 1168 1174
1071 5432 5436
1072 5568 5576
1073 2960 2968
1074 920 921
1075 904 922
1076 2960 2974
1077 2976 2977
1078 936 937
1079 936 939
1080 5032 5037
1081 2232 5040
1082 2992 2993
1083 2992 2995
1084 5416 5417
1085 952 953
1086 952 955
1087 4336 4337
1088 3008 3009
1089 3008 3011
1090 1016 1019
1091 968 969
1092 2992 3018
1093 3008 3019
1094 968 975
1095 968 978
1096 984 985
1097 3024 3034
1098 984 988
1099 984 990
1100 4480 4481
1101 1000 1001
1102 1000 1003
1103 3040 3052
1104 4320 4321
1105 3056 3057
1106 3056 3060
1107 1016 1017
1108 1000 1019
1109 3072 3073
1110 3072 3075
1111 5264 5265
1112 1000 1033
1113 1016 1034
1114 3088 3090
1115 1048 1049
1116 1048 1051
1117 3544 3555
1118 40 1062
1119 1064 1065
1120 1064 1067
1121 5160 5165
1122 3120 3121
1123 5160 5171
1124 3120 3125
1125 1080 1081
1126 1080 1082
1127 5176 5179
1128 1080 1084
1129 5176 5183
1130 3136 3137
1131 3136 3143
1132 1096 1097
1133 1096 1099
1134 3136 3149
1135 3152 3153
1136 5192 5202
1137 3152 3155
1138 1112 1113
1139 5208 5210
1140 1112 1115
1141 3168 3170
1142 1128 1129
1143 4976 4982
1144 5224 5227
1145 1128 1135
1146 1128 1141
1147 1144 1145
1148 4488 4489
1149 1144 1147
1150 4592 5201
1151 3200 3201
1152 3200 3205
1153 5256 5257
1154 1032 1033
1155 3216 3217
1156 1032 1034
1157 4824 4825
1158 1160 1175
1159 5496 5497
1160 1176 1177
1161 1176 1179
1162 3216 3229
1163 3232 3233
1164 3232 3234
1165 5272 5283
1166 3232 3236
1167 360 1191
1168 1192 1193
1169 1192 1195
1170 1144 1196
1171 5288 5295
1172 3248 3249
1173 3248 3252
1174 1208 1209
1175 1208 1210
1176 3152 3259
1177 1208 1212
1178 3008 3263
1179 5304 5313
1180 3264 3266
1181 4344 5316
1182 4408 5320
1183 1224 1225
1184 5320 5322
1185 1224 1227
1186 5320 5324
1187 3280 3282
1188 5280 5283
1189 1240 1241
1190 1240 1243
1191 5144 5145
1192 3296 3297
1193 3296 3302
1194 1256 1257
1195 1256 1263
1196 3312 3314
1197 3312 3316
1198 1256 1269
1199 1272 1273
1200 1272 1274
1201 1272 1276
1202 3328 3330
1203 1288 1289
1204 1288 1291
1205 440 1292
1206 5384 5389
1207 5128 5129
1208 3344 3346
1209 5384 5395
1210 1304 1305
1211 1304 1307
1212 5400 5407
1213 4440 4650
1214 3360 3368
1215 1320 1321
1216 1304 1323
1217 2976 3376
1218 3376 3377
1219 1304 1333
1220 1320 1334
1221 1336 1337
1222 528 3386
1223 1336 1339
1224 552 1340
1225 1352 1353
1226 1352 1355
1227 576 3404
1228 3408 3409
1229 3408 3411
1230 3392 3413
1231 1352 1366
1232 5448 5449
1233 1368 1369
1234 1368 1373
1235 4368 4369
1236 3424 3425
1237 3424 3427
1238 2696 5477
1239 3408 3433
1240 3424 3435
1241 5480 5485
1242 2944 3440
1243 3440 3441
1244 2944 3442
1245 1384 1395
1246 1400 1401
1247 1400 1403
1248 3456 3458
1249 1416 1417
1250 1416 1419
1251 4352 4353
1252 4616 5519
1253 1416 1430
1254 4664 5527
1255 1432 1433
1256 1432 1435
1257 5496 5535
1258 3488 3493
1259 1448 1449
1260 1448 1450
1261 5544 5547
1262 4688 4690
1263 1448 1456
1264 5560 5561
1265 5544 5563
1266 3040 3523
1267 5544 5573
1268 5032 5033
1269 1480 1481
1270 1480 1483
1271 3208 3361
1272 3536 3539
1273 3104 3541
1274 1496 1497
1275 1496 1499
1276 5080 5599
1277 3896 3899
1278 1480 1509
1279 1512 1513
1280 5608 5610
1281 1512 1515
1282 1512 1517
1283 3568 3569
1284 3568 3571
1285 3160 3171
1286 1216 1219
1287 1528 1529
1288 3584 3585
1289 3584 3587
1290 2328 2329
1291 1544 1545
1292 4144 4147
1293 3600 3602
1294 1560 1563
1295 3184 3613
1296 3616 3623
1297 3496 3497
1298 3632 3635
1299 1576 1589
1300 4208 4209
1301 1592 1593
1302 3632 3642
1303 1592 1595
1304 3648 3649
1305 3648 3651
1306 1608 1610
1307 2480 2483
1308 3664 3665
1309 3664 3667
1310 4112 4201
1311 1496 1628
1312 3664 3678
1313 3680 3681
1314 3680 3684
1315 2648 2654
1316 5312 5313
1317 3696 3697
1318 3696 3699
1319 5312 5315
1320 1656 1657
1321 1656 1659
1322 1640 1661
1323 5176 5177
1324 5312 5317
1325 1672 1673
1326 1672 1675
1327 3712 3727
1328 3728 3729
1329 1656 1682
1330 1672 1683
1331 3728 3732
1332 3744 3745
1333 1688 1698
1334 3744 3747
1335 3552 3748
1336 1704 1705
1337 1704 1710
1338 5160 5161
1339 3760 3761
1340 3760 3763
1341 5632 5633
1342 1720 1721
1343 1720 1723
1344 3760 3776
1345 3776 3778
1346 3648 3784
1347 1736 1737
1348 1736 1739
1349 3744 3788
1350 3792 3793
1351 5496 5499
1352 3792 3796
1353 5224 5225
1354 2344 2345
1355 1752 1753
1356 1752 1755
1357 1736 1761
1358 1752 1763
1359 3072 3812
1360 1720 1776
1361 1768 1778
1362 3824 3828
1363 1784 1785
1364 1784 1790
1365 4400 4401
1366 3840 3841
1367 4128 4131
1368 3840 3843
1369 3840 3845
1370 1800 1801
1371 1800 1803
1372 3856 3857
1373 3856 3859
1374 1816 1817
1375 1816 1819
1376 4336 4339
1377 3872 3873
1378 3872 3875
1379 2480 2526
1380 3120 3137
1381 1832 1833
1382 1832 1835
1383 1816 1837
1384 4384 4385
1385 2688 2692
1386 3888 3889
1387 1832 1842
1388 3872 3893
1389 3440 3443
1390 1800 1848
1391 3824 3898
1392 3856 3902
1393 3440 3903
1394 3904 3905
1395 3904 3908
1396 1864 1865
1397 1752 1866
1398 1592 1872
1399 3920 3921
1400 3920 3923
1401 1880 1881
1402 1072 3935
1403 3936 3938
1404 1896 1897
1405 1896 1899
1406 3952 3953
1407 3952 3954
1408 1896 1908
1409 4400 4403
1410 1912 1913
1411 1736 1919
1412 3968 3969
1413 3968 3971
1414 2040 2049
1415 1624 1929
1416 4568 4569
1417 3984 3985
1418 3984 3987
1419 1152 3990
1420 1944 1945
1421 1136 3994
1422 5544 5545
1423 3984 4000
1424 1800 1953
1425 4000 4002
1426 2192 2195
1427 1960 1961
1428 1848 1962
1429 3968 4012
1430 4016 4017
1431 4016 4020
1432 4080 4081
1433 1976 1977
1434 4552 4553
1435 1976 1982
1436 4080 4083
1437 4032 4033
1438 4032 4035
1439 1992 1993
1440 1992 1995
1441 1200 4047
1442 4048 4050
1443 2008 2009
1444 2008 2011
1445 5360 5361
1446 4064 4065
1447 4064 4066
1448 4064 4068
1449 5360 5363
1450 2024 2025
1451 2024 2027
1452 2008 2033
1453 2024 2035
1454 3968 4090
1455 1992 2047
1456 4793 4794
1457 241 257
1458 257 258
1459 4353 4356
1460 4305 4358
1461 2313 2314
1462 2313 2316
1463 273 274
1464 1689 2323
1465 273 276
1466 2329 2330
1467 2329 2332
1468 5329 5344
1469 4369 4385
1470 289 290
1471 289 292
1472 2345 2346
1473 2345 2347
1474 4777 4778
1475 305 306
1476 305 308
1477 5249 5250
1478 2361 2362
1479 2361 2366
1480 5249 5252
1481 321 322
1482 2361 2372
1483 2377 2378
1484 4417 4428
1485 2377 2382
1486 321 337
1487 337 338
1488 2377 2388
1489 81 346
1490 4353 4444
1491 2393 2398
1492 4449 4450
1493 4449 4452
1494 4321 5284
1495 353 366
1496 4449 4463
1497 4465 4466
1498 4465 4472
1499 2425 2426
1500 2425 2428
1501 2305 2316
1502 113 386
1503 1465 2435
1504 5609 5612
1505 2441 2442
1506 2441 2444
1507 2137 2324
1508 4497 4498
1509 2457 2458
1510 2457 2459
1511 4289 4511
1512 5617 5618
1513 4513 4514
1514 2041 2471
1515 2473 2474
1516 2473 2478
1517 417 433
1518 433 434
1519 433 435
1520 2473 2484
1521 3225 3228
1522 2489 2490
1523 2265 2491
1524 129 444
1525 401 447
1526 2489 2496
1527 2233 2500
1528 2505 2506
1529 2505 2508
1530 4377 4380
1531 4545 4558
1532 4561 4562
1533 2505 2515
1534 4561 4564
1535 4561 4566
1536 2521 2522
1537 2521 2523
1538 1001 1047
1539 481 482
1540 481 486
1541 2537 2538
1542 2537 2540
1543 497 498
1544 4537 4538
1545 497 500
1546 465 503
1547 2553 2554
1548 2553 2558
1549 1 2
1550 1769 2051
1551 1 4
1552 4097 4101
1553 2057 2059
1554 4057 4062
1555 17 18
1556 4113 4115
1557 17 20
1558 2945 4120
1559 4657 4660
1560 33 34
1561 33 36
1562 633 2088
1563 2089 2090
1564 617 2092
1565 2089 2095
1566 49 50
1567 49 57
1568 2105 2106
1569 2105 2107
1570 4169 4170
1571 65 66
1572 65 67
1573 4161 4164
1574 2881 4165
1575 4129 4168
1576 2121 2122
1577 2121 2126
1578 4377 4406
1579 81 82
1580 81 84
1581 4177 4182
1582 3729 5102
1583 2121 2136
1584 1689 2137
1585 2137 2138
1586 2137 2139
1587 5489 5490
1588 4177 4192
1589 4065 4193
1590 97 98
1591 97 100
1592 697 2150
1593 2153 2154
1594 1377 4205
1595 113 114
1596 2153 2163
1597 113 116
1598 2169 2171
1599 5017 5026
1600 4225 4226
1601 4225 4227
1602 4225 4229
1603 129 134
1604 1721 2183
1605 2185 2188
1606 5473 5474
1607 4241 4242
1608 4241 4244
1609 2201 2203
1610 2105 2208
1611 97 161
1612 4257 4258
1613 761 2212
1614 3537 4261
1615 2913 4268
1616 4273 4274
1617 4273 4275
1618 4241 4278
1619 2217 2231
1620 2233 2234
1621 2233 2236
1622 193 196
1623 177 200
1624 2249 2250
1625 2249 2252
1626 4289 4303
1627 5297 5306
1628 4809 4810
1629 209 210
1630 209 221
1631 225 226
1632 225 228
1633 2281 2289
1634 241 242
1635 4337 4340
1636 825 2296
1637 2297 2298
1638 2297 2300
1639 873 2303
1640 2337 2342
1641 769 770
1642 769 771
1643 4865 4868
1644 769 773
1645 3449 3450
1646 2809 2823
1647 2281 2825
1648 2825 2826
1649 3449 3451
1650 2825 2829
1651 785 786
1652 785 788
1653 4881 4885
1654 3505 4887
1655 4881 4889
1656 2841 2842
1657 4137 4138
1658 1513 2844
1659 3489 4897
1660 1497 2852
1661 2857 2859
1662 801 815
1663 4913 4919
1664 2873 2874
1665 2873 2876
1666 4585 4586
1667 2889 2890
1668 4449 4939
1669 2889 2892
1670 849 850
1671 1993 2524
1672 849 852
1673 5129 5142
1674 4945 4953
1675 2905 2906
1676 2905 2908
1677 5249 5259
1678 865 866
1679 865 868
1680 817 869
1681 3569 4970
1682 4881 4882
1683 2921 2926
1684 881 882
1685 4465 4979
1686 881 884
1687 897 898
1688 897 901
1689 4993 4998
1690 897 905
1691 4993 5008
1692 5009 5010
1693 5009 5011
1694 2969 2970
1695 913 923
1696 2969 2972
1697 5025 5026
1698 929 935
1699 2689 5469
1700 2985 2986
1701 2985 2988
1702 4217 4218
1703 945 946
1704 945 948
1705 4689 4690
1706 2969 2998
1707 3001 3002
1708 3001 3004
1709 3001 3006
1710 4641 5397
1711 4721 5483
1712 961 962
1713 305 965
1714 2969 3015
1715 3017 3018
1716 3697 5072
1717 5073 5074
1718 3465 3466
1719 5073 5080
1720 3033 3034
1721 977 991
1722 993 994
1723 993 997
1724 5089 5095
1725 3049 3050
1726 3049 3054
1727 3473 4193
1728 1009 1010
1729 2873 3059
1730 1009 1012
1731 5049 5050
1732 3065 3066
1733 3065 3068
1734 4961 5117
1735 5521 5522
1736 513 514
1737 4609 4612
1738 5521 5524
1739 2569 2570
1740 4673 4674
1741 513 529
1742 529 530
1743 2537 2579
1744 2569 2580
1745 4625 4633
1746 2585 2586
1747 4433 4635
1748 2841 2844
1749 2585 2592
1750 4641 4642
1751 4641 4644
1752 5521 5530
1753 2601 2602
1754 4641 4651
1755 2601 2606
1756 3793 3804
1757 4657 4658
1758 2601 2612
1759 2617 2618
1760 2617 2620
1761 2617 2624
1762 577 578
1763 577 580
1764 4673 4678
1765 4857 4859
1766 2633 2634
1767 2633 2636
1768 4673 4686
1769 593 594
1770 2633 2643
1771 593 596
1772 4689 4694
1773 2649 2650
1774 2649 2651
1775 5329 5334
1776 609 610
1777 609 616
1778 4705 4713
1779 2665 2666
1780 2665 2668
1781 609 622
1782 625 626
1783 625 628
1784 4721 4726
1785 2681 2682
1786 2681 2683
1787 2665 2686
1788 4737 4738
1789 841 2276
1790 3937 3946
1791 2697 2698
1792 2665 2700
1793 5313 5318
1794 2681 2702
1795 641 656
1796 657 658
1797 657 659
1798 2697 2708
1799 2713 2714
1800 2713 2716
1801 673 674
1802 673 676
1803 4753 4774
1804 2729 2730
1805 2729 2732
1806 689 690
1807 689 692
1808 5049 5052
1809 2745 2746
1810 4593 4594
1811 4801 4804
1812 2761 2762
1813 689 715
1814 2761 2764
1815 2761 2766
1816 721 722
1817 4817 4820
1818 721 725
1819 673 727
1820 2777 2778
1821 2777 2780
1822 737 738
1823 737 740
1824 2793 2794
1825 4833 4843
1826 5161 5172
1827 2713 2801
1828 753 754
1829 4849 4853
1830 4849 4855
1831 753 760
1832 753 766
1833 4433 5377
1834 1281 1282
1835 4441 4442
1836 1265 1286
1837 3337 3338
1838 1297 1298
1839 1297 1301
1840 3353 3354
1841 5457 5459
1842 545 1310
1843 5393 5408
1844 1313 1314
1845 1 1316
1846 5409 5418
1847 2409 2414
1848 1329 1331
1849 4425 4426
1850 5425 5430
1851 3385 3386
1852 3385 3387
1853 625 1345
1854 1345 1346
1855 1345 1347
1856 5441 5446
1857 3385 3399
1858 3401 3402
1859 3401 3406
1860 4249 4250
1861 5441 5456
1862 1361 1362
1863 2705 5459
1864 1361 1364
1865 4721 4722
1866 3745 5107
1867 4969 4970
1868 3417 3422
1869 4657 4826
1870 1377 1378
1871 1377 1380
1872 4897 4907
1873 4657 4828
1874 1393 1394
1875 1393 1396
1876 1377 1398
1877 3177 3450
1878 1393 1403
1879 5489 5500
1880 3449 3453
1881 1361 1407
1882 1409 1410
1883 1409 1411
1884 5505 5508
1885 4705 4706
1886 5505 5512
1887 345 347
1888 3465 3468
1889 1425 1426
1890 1425 1428
1891 5081 5082
1892 3481 3482
1893 3481 3484
1894 5553 5554
1895 1441 1442
1896 5081 5084
1897 657 1444
1898 5537 5541
1899 3329 3342
1900 65 1449
1901 5553 5556
1902 3481 3502
1903 49 1457
1904 1457 1458
1905 1457 1460
1906 1425 1463
1907 4705 4716
1908 3513 3514
1909 3513 3516
1910 3465 3518
1911 5569 5571
1912 3529 3530
1913 3529 3534
1914 1473 1487
1915 5537 5538
1916 5585 5586
1917 5585 5588
1918 4241 5589
1919 3529 3544
1920 3097 3545
1921 3545 3546
1922 3545 3547
1923 4793 4796
1924 5601 5602
1925 5601 5604
1926 4273 5605
1927 3561 3562
1928 4649 4650
1929 3137 3150
1930 1521 1522
1931 5617 5619
1932 1521 1524
1933 4929 5624
1934 5617 5625
1935 3577 3578
1936 3577 3579
1937 5089 5630
1938 4857 4858
1939 5121 5128
1940 3081 3082
1941 1025 1035
1942 3081 3084
1943 5097 5098
1944 5137 5138
1945 3081 3092
1946 1041 1047
1947 3097 3098
1948 5137 5147
1949 3097 3100
1950 2089 2098
1951 3049 3105
1952 1057 1058
1953 1057 1060
1954 5153 5158
1955 3113 3114
1956 3113 3121
1957 1073 1074
1958 2401 2403
1959 1073 1076
1960 3113 3127
1961 801 1082
1962 5169 5184
1963 1089 1090
1964 4713 4714
1965 1073 1094
1966 3145 3146
1967 3145 3148
1968 5185 5198
1969 1057 1103
1970 5505 5506
1971 1105 1107
1972 1105 1109
1973 3161 3162
1974 3161 3164
1975 5193 5194
1976 1121 1122
1977 3161 3172
1978 5193 5196
1979 5265 5507
1980 3177 3178
1981 3177 3180
1982 1137 1138
1983 1137 1140
1984 5233 5240
1985 3193 3194
1986 3193 3201
1987 1153 1154
1988 1153 1156
1989 3153 3154
1990 3193 3207
1991 3209 3210
1992 1137 1163
1993 1153 1164
1994 4097 4098
1995 1169 1175
1996 3225 3226
1997 1153 1180
1998 2985 3233
1999 1185 1186
2000 1185 1188
2001 4473 4474
2002 3241 3242
2003 3225 3246
2004 5281 5296
2005 1201 1202
2006 1201 1204
2007 3257 3258
2008 1217 1218
2009 1201 1222
2010 561 1223
2011 3273 3274
2012 1185 1231
2013 5329 5330
2014 1233 1235
2015 1233 1237
2016 4457 4458
2017 2697 2700
2018 3289 3290
2019 1577 2551
2020 4457 4460
2021 4393 4562
2022 1249 1250
2023 5345 5347
2024 3305 3306
2025 4281 4282
2026 1265 1266
2027 1265 1268
2028 4793 4807
2029 3177 3318
2030 4753 4754
2031 3321 3322
2032 5361 5371
2033 4753 4755
2034 4081 4196
2035 3769 3843
2036 1793 1796
2037 3849 3850
2038 3849 3854
2039 3849 3860
2040 4689 4862
2041 3865 3866
2042 2873 3867
2043 1809 1822
2044 4265 4266
2045 3865 3876
2046 1825 1829
2047 3881 3882
2048 3881 3886
2049 2417 2428
2050 1841 1842
2051 3361 3370
2052 4401 4402
2053 1841 1846
2054 1841 1849
2055 4737 4742
2056 2073 2084
2057 1857 1858
2058 1857 1862
2059 3913 3914
2060 3129 3130
2061 3913 3916
2062 1857 1870
2063 1873 1874
2064 1873 1878
2065 3929 3930
2066 1081 3931
2067 1889 1890
2068 4737 4750
2069 1889 1897
2070 3945 3946
2071 1889 1900
2072 3945 3950
2073 1905 1906
2074 1905 1910
2075 3017 3959
2076 5433 5440
2077 3961 3964
2078 1761 1920
2079 1921 1922
2080 5433 5434
2081 1921 1926
2082 2985 3976
2083 3977 3979
2084 1921 1934
2085 4889 4890
2086 1937 1938
2087 5561 5562
2088 1937 1942
2089 4001 4002
2090 3993 4001
2091 1953 1954
2092 1953 1955
2093 1953 1962
2094 4009 4012
2095 1969 1970
2096 5417 5418
2097 4025 4026
2098 4025 4028
2099 2889 2953
2100 3417 4035
2101 1985 1988
2102 4041 4042
2103 1209 4043
2104 2433 2434
2105 4057 4058
2106 3993 4060
2107 2001 2014
2108 2017 2018
2109 2017 2020
2110 2017 2022
2111 3809 3810
2112 4073 4076
2113 2033 2034
2114 4089 4091
2115 2433 2444
2116 1537 1538
2117 1537 1540
2118 1489 1542
2119 3593 3594
2120 3593 3595
2121 3593 3597
2122 1337 1340
2123 3129 3600
2124 1553 1554
2125 3609 3610
2126 4529 4532
2127 3609 3612
2128 4145 4146
2129 1553 1569
2130 1569 1570
2131 3465 3619
2132 4385 4386
2133 3625 3626
2134 3625 3627
2135 1585 1586
2136 1585 1588
2137 3641 3642
2138 3641 3643
2139 4129 4132
2140 1601 1602
2141 1601 1604
2142 3609 3654
2143 3865 3870
2144 3809 3820
2145 793 3657
2146 3657 3658
2147 3657 3659
2148 1601 1612
2149 4977 4978
2150 1617 1618
2151 4977 4979
2152 1617 1620
2153 3673 3674
2154 4505 4510
2155 3673 3676
2156 1633 1634
2157 1633 1635
2158 5105 5116
2159 3689 3690
2160 3689 3692
2161 1633 1647
2162 1649 1650
2163 1649 1654
2164 3705 3706
2165 1649 1660
2166 4961 4962
2167 1665 1666
2168 3689 3715
2169 1665 1668
2170 1665 1670
2171 4961 4964
2172 3673 3726
2173 3721 3727
2174 4313 4314
2175 1681 1682
2176 4785 4786
2177 3737 3740
2178 1697 1698
2179 3097 3752
2180 3545 3753
2181 3753 3755
2182 2449 2454
2183 1713 1716
2184 5593 5622
2185 3609 3770
2186 3769 3777
2187 4769 4770
2188 3785 3786
2189 3785 3788
2190 1729 1742
2191 1617 1744
2192 1617 1746
2193 1745 1748
2194 1745 1750
2195 3801 3802
2196 4633 4634
2197 3801 3804
2198 3561 3569
2199 1761 1762
2200 2257 2258
2201 3817 3818
2202 3817 3820
2203 1777 1778
2204 3833 3834
2205 3833 3835
2206 2305 2306
2207 2305 2310
2208 4297 4361
2209 265 266
2210 4617 4618
2211 265 268
2212 2033 2622
2213 4129 4130
2214 2321 2322
2215 249 278
2216 4377 4378
2217 2321 2332
2218 281 286
2219 2177 2335
2220 2337 2338
2221 249 294
2222 4393 4394
2223 4337 4338
2224 4393 4396
2225 2321 2326
2226 2353 2358
2227 4577 4578
2228 4409 4410
2229 4409 4412
2230 4409 4414
2231 2369 2370
2232 2369 2372
2233 4377 4423
2234 329 330
2235 329 332
2236 5465 5474
2237 2385 2386
2238 2385 2388
2239 5449 5450
2240 345 346
2241 89 347
2242 329 353
2243 2401 2402
2244 153 355
2245 2489 2492
2246 361 362
2247 361 364
2248 329 367
2249 2417 2418
2250 361 371
2251 1681 2420
2252 2417 2422
2253 377 378
2254 377 380
2255 4473 4478
2256 281 386
2257 2433 2438
2258 4489 4490
2259 4353 4354
2260 393 396
2261 121 400
2262 4489 4497
2263 2449 2450
2264 4489 4500
2265 265 406
2266 4505 4506
2267 409 412
2268 4281 4510
2269 1937 2463
2270 4177 4178
2271 2465 2470
2272 425 426
2273 4521 4529
2274 2481 2482
2275 2481 2484
2276 425 437
2277 4521 4535
2278 441 442
2279 441 444
2280 2241 2493
2281 2257 2494
2282 2497 2498
2283 4553 4554
2284 457 460
2285 4393 4560
2286 2513 2514
2287 4161 4162
2288 4961 4971
2289 4569 4570
2290 473 475
2291 4569 4572
2292 2529 2530
2293 4569 4580
2294 2529 2534
2295 3897 3902
2296 489 490
2297 4585 4588
2298 2545 2546
2299 4257 4260
2300 4601 4602
2301 1273 4096
2302 4009 4099
2303 1905 2052
2304 4057 4060
2305 9 10
2306 9 12
2307 2065 2068
2308 705 715
2309 4105 4119
2310 4521 4522
2311 9 25
2312 25 26
2313 25 27
2314 4121 4125
2315 4993 4994
2316 4865 4866
2317 625 2087
2318 3705 3708
2319 41 42
2320 41 44
2321 4049 4058
2322 4153 4155
2323 41 62
2324 2097 2112
2325 2113 2114
2326 2113 2115
2327 2113 2117
2328 73 74
2329 4169 4171
2330 73 76
2331 4169 4173
2332 3705 3716
2333 2129 2130
2334 2129 2132
2335 4185 4186
2336 4185 4188
2337 2145 2146
2338 2145 2148
2339 89 103
2340 4801 4802
2341 4201 4202
2342 689 2155
2343 4201 4204
2344 4793 5274
2345 2145 2161
2346 2161 2163
2347 4081 4082
2348 4217 4219
2349 4665 4666
2350 2129 2173
2351 4185 4222
2352 2177 2181
2353 137 138
2354 137 140
2355 5137 5140
2356 4233 4238
2357 2193 2194
2358 4233 4248
2359 2921 4249
2360 153 154
2361 153 156
2362 105 158
2363 2905 4257
2364 2209 2210
2365 2209 2213
2366 169 170
2367 4265 4267
2368 169 172
2369 2225 2227
2370 169 183
2371 185 186
2372 4281 4284
2373 185 190
2374 5361 5362
2375 2241 2242
2376 2241 2244
2377 5497 5498
2378 4297 4298
2379 4297 4300
2380 1193 1197
2381 5497 5500
2382 2241 2257
2383 721 727
2384 2257 2259
2385 201 217
2386 217 218
2387 217 219
2388 4313 4316
2389 2273 2274
2390 4329 4334
2391 2289 2290
2392 833 2291
2393 5353 5366
2394 249 250
2395 249 252
2396 4401 4404
2397 2817 2823
2398 1409 2824
2399 777 778
2400 777 780
2401 2289 2829
2402 761 782
2403 2833 2834
2404 777 787
2405 585 788
2406 745 791
2407 793 794
2408 793 796
2409 2849 2850
2410 2129 2856
2411 809 810
2412 3497 4907
2413 809 812
2414 1505 2863
2415 2865 2866
2416 2865 2868
2417 4873 4918
2418 4905 4919
2419 2833 2872
2420 825 826
2421 4921 4923
2422 825 828
2423 4921 4925
2424 5001 5002
2425 4209 4210
2426 4937 4938
2427 4209 4211
2428 841 846
2429 2881 2895
2430 3577 4950
2431 4953 4954
2432 3561 4960
2433 809 872
2434 697 873
2435 873 874
2436 873 875
2437 2929 2930
2438 2929 2932
2439 4193 4194
2440 889 890
2441 889 892
2442 4233 4234
2443 4985 4992
2444 2945 2946
2445 2945 2948
2446 2897 2950
2447 905 906
2448 729 909
2449 5041 5042
2450 2961 2962
2451 3641 5013
2452 3625 5018
2453 2961 2977
2454 2977 2978
2455 5041 5046
2456 889 934
2457 921 935
2458 937 938
2459 937 941
2460 5033 5038
2461 2993 2994
2462 2993 2996
2463 953 954
2464 953 956
2465 3009 3010
2466 4553 4556
2467 3009 3012
2468 3705 5065
2469 5065 5066
2470 5065 5067
2471 3009 3020
2472 5049 5070
2473 2833 2836
2474 3025 3026
2475 969 979
2476 3025 3028
2477 4849 4850
2478 5049 5084
2479 5065 5086
2480 985 991
2481 3041 3042
2482 3041 3043
2483 5081 5092
2484 1001 1002
2485 1001 1004
2486 3041 3055
2487 3057 3058
2488 3057 3062
2489 1609 2534
2490 1017 1018
2491 3057 3068
2492 3785 5119
2493 4601 4609
2494 2561 2562
2495 4873 4874
2496 4601 4615
2497 521 522
2498 521 524
2499 4873 4876
2500 2577 2578
2501 537 538
2502 537 540
2503 4697 4698
2504 2593 2594
2505 2593 2596
2506 521 549
2507 1825 2599
2508 553 554
2509 553 561
2510 2609 2610
2511 2609 2612
2512 521 565
2513 569 570
2514 569 571
2515 705 2151
2516 2625 2626
2517 5217 5228
2518 265 585
2519 585 586
2520 585 587
2521 4681 4682
2522 3945 3948
2523 2641 2642
2524 601 602
2525 601 604
2526 2657 2658
2527 2657 2662
2528 5529 5530
2529 617 618
2530 617 620
2531 2673 2674
2532 1873 2676
2533 3265 3278
2534 4425 4728
2535 4729 4730
2536 2689 2690
2537 617 643
2538 2593 2692
2539 2689 2696
2540 649 650
2541 649 653
2542 601 655
2543 2705 2706
2544 5513 5514
2545 2705 2712
2546 665 666
2547 665 668
2548 4433 4434
2549 1537 2719
2550 4761 4768
2551 2721 2722
2552 2721 2726
2553 4433 4436
2554 681 682
2555 2721 2732
2556 4585 4782
2557 681 688
2558 2737 2738
2559 2737 2740
2560 681 694
2561 2737 2744
2562 697 698
2563 697 700
2564 2753 2754
2565 2753 2756
2566 4769 4772
2567 2753 2762
2568 1473 2764
2569 4417 4418
2570 4809 4815
2571 1345 2768
2572 2769 2770
2573 2769 2773
2574 4417 4420
2575 713 728
2576 729 730
2577 729 731
2578 2081 2784
2579 5321 5322
2580 2785 2786
2581 2785 2788
2582 4825 4840
2583 745 746
2584 745 748
2585 945 991
2586 4841 4856
2587 761 762
2588 2801 2811
2589 761 764
2590 3169 3328
2591 3329 3330
2592 3329 3334
2593 1113 1287
2594 1289 1290
2595 1289 1292
2596 1289 1294
2597 537 1296
2598 3345 3346
2599 9 1300
2600 25 1301
2601 3345 3350
2602 1305 1306
2603 1305 1308
2604 3281 3286
2605 5401 5408
2606 3361 3362
2607 3361 3363
2608 1321 1322
2609 3377 3378
2610 1337 1338
2611 377 1340
2612 1305 1344
2613 3393 3394
2614 2393 2394
2615 3393 3398
2616 1353 1354
2617 1353 1356
2618 3409 3410
2619 3409 3412
2620 1369 1370
2621 1369 1376
2622 5057 5058
2623 3425 3426
2624 3425 3428
2625 1369 1382
2626 5321 5479
2627 1385 1386
2628 1385 1387
2629 1385 1389
2630 5481 5486
2631 4553 4578
2632 3441 3442
2633 3441 3444
2634 3393 3447
2635 1241 1400
2636 1401 1402
2637 3313 3451
2638 1401 1404
2639 3457 3458
2640 3457 3462
2641 1417 1418
2642 1417 1420
2643 4769 4780
2644 3457 3472
2645 3473 3474
2646 3473 3475
2647 5489 5494
2648 1433 1434
2649 5529 5532
2650 1433 1437
2651 5529 5534
2652 1433 1441
2653 3489 3490
2654 4185 5540
2655 4857 5034
2656 3489 3497
2657 5545 5546
2658 1449 1451
2659 5545 5548
2660 57 1456
2661 3505 3506
2662 3505 3507
2663 4217 5556
2664 4329 5314
2665 1465 1466
2666 1465 1468
2667 5377 5382
2668 3521 3522
2669 3521 3523
2670 3521 3525
2671 5433 5577
2672 1481 1482
2673 1481 1484
2674 5545 5584
2675 3537 3538
2676 3537 3540
2677 1497 1498
2678 1497 1500
2679 3553 3554
2680 3553 3556
2681 5609 5610
2682 5593 5612
2683 1513 1518
2684 3553 3574
2685 5609 5623
2686 5625 5626
2687 5625 5628
2688 3073 3074
2689 3073 3076
2690 3073 3078
2691 5113 5128
2692 4985 5135
2693 3089 3090
2694 3145 3170
2695 1033 1047
2696 1049 1050
2697 1049 1053
2698 3105 3106
2699 4473 5161
2700 1065 1066
2701 2297 5060
2702 1065 1069
2703 3121 3124
2704 793 1081
2705 1081 1085
2706 5177 5184
2707 4585 5186
2708 1097 1098
2709 1097 1100
2710 1097 1102
2711 3025 3152
2712 3025 3154
2713 5193 5203
2714 3153 3156
2715 3153 3158
2716 5209 5214
2717 3169 3170
2718 633 643
2719 3185 3186
2720 4777 5235
2721 3657 3931
2722 1129 1142
2723 5225 5240
2724 1145 1146
2725 1145 1148
2726 4761 5247
2727 2193 2342
2728 3201 3204
2729 5241 5254
2730 1161 1163
2731 4281 5265
2732 4505 5266
2733 4313 5270
2734 4809 5271
2735 1177 1178
2736 1177 1181
2737 3217 3230
2738 5273 5284
2739 3233 3237
2740 1193 1194
2741 2505 5292
2742 1145 1197
2743 5289 5296
2744 3249 3250
2745 3249 3254
2746 3249 3257
2747 5305 5306
2748 1209 1213
2749 3313 3318
2750 569 1215
2751 3265 3266
2752 3265 3270
2753 553 1224
2754 1225 1226
2755 4121 4122
2756 1225 1228
2757 1225 1230
2758 5321 5328
2759 3281 3282
2760 1313 1316
2761 1745 1746
2762 5337 5338
2763 3297 3298
2764 2585 5347
2765 3297 3305
2766 3297 3308
2767 3313 3314
2768 1257 1270
2769 1273 1277
2770 5361 5364
2771 1785 1793
2772 5089 5090
2773 3777 3844
2774 3841 3846
2775 1785 1799
2776 4369 4370
2777 1801 1802
2778 3089 3852
2779 3857 3858
2780 3857 3860
2781 1817 1818
2782 1817 1820
2783 1577 1825
2784 3873 3874
2785 2537 2562
2786 3873 3876
2787 649 655
2788 1833 1834
2789 1817 1838
2790 3889 3890
2791 3889 3891
2792 4777 4782
2793 3345 3895
2794 1849 1850
2795 3905 3906
2796 3905 3910
2797 1865 1866
2798 3905 3916
2799 5385 5396
2800 3921 3922
2801 3921 3924
2802 3921 3928
2803 1881 1882
2804 4761 4762
2805 3937 3938
2806 3937 3940
2807 1897 1898
2808 3953 3957
2809 1769 1910
2810 1913 1914
2811 3969 3970
2812 4009 4010
2813 1929 1930
2814 4745 4746
2815 3985 3986
2816 1945 1946
2817 1801 1954
2818 5593 5594
2819 3233 4015
2820 4833 5532
2821 4017 4018
2822 5593 5596
2823 4017 4022
2824 1977 1978
2825 4017 4028
2826 5345 5346
2827 1977 1985
2828 4033 4034
2829 4033 4036
2830 1977 1991
2831 4033 4040
2832 1993 1994
2833 4049 4050
2834 4049 4052
2835 5577 5578
2836 2009 2010
2837 2009 2012
2838 4001 4061
2839 5577 5580
2840 4065 4069
2841 2025 2026
2842 2025 2028
2843 2009 2034
2844 2025 2036
2845 3281 4085
2846 3953 4088
2847 2041 2042
2848 3969 4091
2849 2041 2044
2850 3585 3586
2851 3585 3588
2852 3537 3590
2853 1481 1545
2854 5073 5588
2855 4481 4482
2856 3601 3602
2857 3601 3606
2858 1561 1562
2859 1561 1564
2860 3209 3362
2861 3601 3616
2862 3617 3618
2863 1577 1578
2864 1577 1580
2865 3633 3634
2866 2777 2823
2867 3633 3636
2868 1561 1590
2869 1593 1594
2870 1593 1596
2871 1593 1598
2872 3649 3650
2873 3649 3652
2874 1561 1607
2875 1609 1610
2876 3665 3666
2877 3665 3668
2878 1625 1626
2879 3681 3682
2880 3681 3687
2881 1641 1642
2882 2553 2602
2883 3681 3693
2884 1641 1646
2885 3697 3698
2886 1465 1651
2887 3697 3700
2888 1657 1658
2889 1657 1660
2890 3713 3715
2891 1673 1674
2892 1673 1676
2893 1673 1684
2894 3729 3733
2895 1689 1690
2896 4537 5181
2897 1689 1692
2898 1641 1697
2899 3745 3746
2900 4137 4140
2901 2569 2577
2902 1705 1706
2903 1705 1713
2904 3761 3762
2905 4617 5520
2906 4985 4986
2907 1705 1719
2908 2633 5404
2909 1721 1722
2910 5457 5458
2911 3777 3778
2912 3401 3412
2913 1737 1738
2914 1737 1740
2915 3793 3794
2916 3793 3798
2917 1753 1754
2918 4577 4672
2919 1753 1756
2920 1737 1762
2921 1753 1764
2922 3809 3814
2923 1769 1770
2924 1769 1772
2925 5441 5442
2926 3825 3826
2927 3825 3830
2928 1785 1786
2929 4610 4611
2930 4610 4613
2931 2570 2571
2932 514 528
2933 4626 4627
2934 4370 4628
2935 986 987
2936 4362 4365
2937 2586 2587
2938 4434 4636
2939 4290 5491
2940 2586 2591
2941 546 547
2942 546 549
2943 2538 2598
2944 4610 4648
2945 4642 4652
2946 5170 5171
2947 562 563
2948 1162 3995
2949 562 565
2950 546 566
2951 4562 4667
2952 562 574
2953 2618 2625
2954 530 581
2955 4402 4681
2956 2634 2635
2957 2634 2637
2958 4546 4687
2959 2634 2644
2960 4690 4693
2961 5154 5155
2962 4706 4707
2963 2490 2497
2964 4626 4628
2965 2666 2667
2966 2666 2669
2967 4706 4718
2968 610 623
2969 626 627
2970 626 629
2971 4530 4575
2972 2682 2684
2973 642 644
2974 4738 4741
2975 2698 2699
2976 418 652
2977 162 658
2978 658 660
2979 658 662
2980 2714 2715
2981 2666 2718
2982 674 675
2983 5538 5539
2984 5474 5475
2985 690 691
2986 690 693
2987 2730 2745
2988 5306 5307
2989 706 707
2990 3042 3044
2991 706 709
2992 2442 2759
2993 690 716
2994 706 717
2995 2762 2767
2996 4818 4819
2997 4818 4821
2998 722 728
2999 4930 4931
3000 2778 2779
3001 2778 2781
3002 1354 2782
3003 4834 4835
3004 2074 2788
3005 4834 4837
3006 2794 2795
3007 4794 4795
3008 4242 4243
3009 4794 4797
3010 4850 4856
3011 4546 4857
3012 2810 2811
3013 754 767
3014 3818 3861
3015 4610 4634
3016 5106 5107
3017 770 774
3018 2826 2827
3019 2826 2831
3020 594 784
3021 786 787
3022 786 789
3023 1418 2838
3024 786 791
3025 2266 2841
3026 4882 4890
3027 2842 2843
3028 2842 2845
3029 4762 4763
3030 4362 4627
3031 2842 2849
3032 802 803
3033 802 805
3034 4778 4781
3035 2858 2859
3036 4898 4908
3037 2858 2861
3038 2338 2347
3039 802 818
3040 818 819
3041 818 820
3042 5114 5115
3043 2874 2875
3044 2874 2877
3045 5114 5117
3046 834 835
3047 834 837
3048 4930 4935
3049 2890 2891
3050 2890 2893
3051 4930 4945
3052 3586 4946
3053 4946 4947
3054 4946 4948
3055 834 855
3056 2906 2907
3057 2906 2909
3058 4962 4963
3059 4962 4965
3060 5098 5099
3061 2922 2923
3062 4962 4972
3063 4546 4547
3064 2922 2930
3065 4546 4549
3066 2938 2939
3067 706 892
3068 4994 4997
3069 4090 4107
3070 5226 5229
3071 898 906
3072 2954 2955
3073 2954 2957
3074 3650 5009
3075 3850 3861
3076 914 915
3077 914 917
3078 738 923
3079 914 924
3080 2970 2973
3081 2202 2204
3082 930 931
3083 930 932
3084 3634 5029
3085 4866 5030
3086 5298 5299
3087 2986 2987
3088 914 940
3089 2986 2989
3090 4394 4395
3091 946 947
3092 946 949
3093 194 951
3094 5042 5048
3095 242 957
3096 5042 5054
3097 3002 3007
3098 962 963
3099 5202 5203
3100 978 979
3101 5074 5079
3102 2970 3034
3103 210 988
3104 994 995
3105 5090 5094
3106 994 999
3107 5058 5098
3108 994 1005
3109 1010 1011
3110 2874 3060
3111 1010 1013
3112 1010 1017
3113 5106 5118
3114 4658 4659
3115 5186 5187
3116 2 3
3117 2 5
3118 4258 4259
3119 2 7
3120 4098 4106
3121 2058 2059
3122 2058 2063
3123 4114 4115
3124 4114 4117
3125 3442 4120
3126 2058 2073
3127 2074 2075
3128 2074 2076
3129 3698 3699
3130 4130 4133
3131 3426 4136
3132 18 43
3133 5258 5510
3134 4642 4643
3135 50 51
3136 2090 2100
3137 50 56
3138 4642 4645
3139 2106 2108
3140 3874 4160
3141 4162 4163
3142 66 68
3143 4162 4165
3144 66 70
3145 4162 4167
3146 2122 2125
3147 82 83
3148 82 85
3149 1690 2138
3150 2138 2140
3151 5370 5371
3152 4322 4323
3153 98 99
3154 4194 4196
3155 98 101
3156 4114 4204
3157 2218 2219
3158 2154 2162
3159 114 115
3160 114 117
3161 2170 2171
3162 2170 2173
3163 5626 5627
3164 4210 4224
3165 130 131
3166 4226 4230
3167 3714 4232
3168 130 138
3169 2186 2187
3170 2186 2189
3171 5354 5355
3172 146 147
3173 146 148
3174 1770 2200
3175 2202 2203
3176 1426 1427
3177 2186 2207
3178 3522 4257
3179 162 163
3180 162 164
3181 3538 4262
3182 2186 2217
3183 2202 2219
3184 5370 5387
3185 178 179
3186 4274 4276
3187 178 181
3188 2234 2235
3189 2234 2237
3190 2234 2239
3191 194 195
3192 194 197
3193 2002 4852
3194 4290 4306
3195 4306 4307
3196 4258 4262
3197 2266 2267
3198 194 220
3199 2266 2271
3200 2250 2274
3201 226 227
3202 4322 4325
3203 226 230
3204 178 232
3205 4394 4667
3206 2282 2283
3207 2282 2284
3208 2282 2291
3209 4322 4343
3210 2938 2940
3211 2298 2299
3212 242 256
3213 3882 3883
3214 4354 4355
3215 4354 4357
3216 4106 4107
3217 4122 4133
3218 4450 4451
3219 882 2317
3220 2314 2333
3221 4370 4384
3222 306 307
3223 306 309
3224 258 310
3225 4418 4419
3226 2330 2373
3227 322 336
3228 4434 4435
3229 2378 2389
3230 4386 4439
3231 2394 2395
3232 2394 2400
3233 354 355
3234 354 356
3235 4450 4453
3236 2410 2411
3237 4450 4464
3238 370 371
3239 370 372
3240 4466 4471
3241 5354 5402
3242 338 382
3243 1658 2431
3244 386 387
3245 386 389
3246 2426 2445
3247 274 402
3248 402 403
3249 4498 4500
3250 402 405
3251 418 419
3252 418 421
3253 2458 2470
3254 5218 5220
3255 1530 2476
3256 4530 4531
3257 2474 2485
3258 1514 2488
3259 5554 5555
3260 434 449
3261 450 451
3262 450 453
3263 5554 5557
3264 2506 2507
3265 2506 2509
3266 4530 4559
3267 290 464
3268 466 467
3269 2506 2516
3270 466 469
3271 82 470
3272 4562 4567
3273 5218 5230
3274 4674 4677
3275 1594 2527
3276 482 483
3277 482 489
3278 2538 2539
3279 482 492
3280 2538 2541
3281 498 499
3282 498 502
3283 498 504
3284 2554 2557
3285 5402 5403
3286 1538 1539
3287 1538 1541
3288 3594 3598
3289 3610 3611
3290 5538 5549
3291 1554 1568
3292 3450 3617
3293 3466 3620
3294 3626 3628
3295 3626 3630
3296 4858 4860
3297 4306 4308
3298 3642 3644
3299 3642 3646
3300 4826 4829
3301 1602 1603
3302 1602 1605
3303 794 3658
3304 3658 3660
3305 2386 2429
3306 3658 3662
3307 1618 1619
3308 1618 1621
3309 1570 1623
3310 3674 3675
3311 1474 1633
3312 1490 1634
3313 1634 1636
3314 4290 4291
3315 3690 3691
3316 3690 3693
3317 4290 4293
3318 4154 4155
3319 3706 3707
3320 1650 1661
3321 4154 4157
3322 3706 3717
3323 1666 1671
3324 3722 3723
3325 3722 3724
3326 2970 2971
3327 4362 4363
3328 3738 3739
3329 3738 3741
3330 4138 4139
3331 3754 3755
3332 2570 2582
3333 3754 3759
3334 1714 1715
3335 3594 3764
3336 1714 1717
3337 3770 3771
3338 3770 3772
3339 3738 3775
3340 1730 1731
3341 1730 1733
3342 3786 3787
3343 4474 4477
3344 1714 1743
3345 3370 3373
3346 3754 3794
3347 1746 1751
3348 1714 1759
3349 210 220
3350 3802 3821
3351 1578 2552
3352 1794 1795
3353 1794 1797
3354 3834 3846
3355 1810 1811
3356 5266 5267
3357 1810 1813
3358 3066 3863
3359 1794 1823
3360 1826 1827
3361 3866 3877
3362 1826 1831
3363 1794 1835
3364 3882 3888
3365 3882 3891
3366 1842 1850
3367 3898 3899
3368 4722 4723
3369 2938 3908
3370 1858 1861
3371 4490 4491
3372 2418 2429
3373 5250 5253
3374 2922 3920
3375 1874 1877
3376 3914 3929
3377 5586 5587
3378 4458 4481
3379 1890 1891
3380 5586 5590
3381 1890 1902
3382 3946 3951
3383 3002 3952
3384 1906 1907
3385 1906 1909
3386 1746 1915
3387 3962 3965
3388 1922 1925
3389 2986 3977
3390 3978 3979
3391 5042 5043
3392 5570 5571
3393 1730 1935
3394 3962 3987
3395 1938 1941
3396 5162 5164
3397 5570 5573
3398 3930 3939
3399 3994 3996
3400 3962 3999
3401 226 232
3402 5434 5435
3403 3994 4003
3404 1954 1956
3405 1130 4007
3406 4010 4011
3407 1554 1967
3408 2114 2118
3409 3978 4018
3410 5434 5439
3411 5026 5027
3412 5026 5028
3413 1986 1987
3414 1986 1989
3415 4026 4041
3416 4890 4891
3417 5418 5419
3418 2002 2003
3419 2002 2005
3420 1986 2015
3421 1810 2016
3422 1810 2018
3423 2018 2023
3424 4074 4075
3425 4074 4077
3426 1986 2031
3427 4090 4091
3428 4090 4092
3429 4074 4095
3430 4874 4875
3431 5010 5122
3432 1026 1027
3433 1026 1029
3434 3706 3709
3435 3082 3083
3436 1026 1036
3437 3082 3085
3438 1042 1043
3439 1042 1044
3440 5138 5141
3441 4186 4187
3442 3098 3099
3443 3098 3101
3444 2434 2445
3445 4978 5152
3446 2650 5402
3447 1058 1059
3448 1058 1061
3449 3114 3115
3450 5170 5173
3451 1074 1075
3452 1074 1077
3453 3114 3130
3454 3130 3131
3455 1090 1091
3456 1090 1092
3457 3146 3147
3458 3146 3149
3459 1106 1107
3460 5202 5204
3461 130 1109
3462 1106 1113
3463 3162 3163
3464 5170 5212
3465 3162 3165
3466 1122 1123
3467 4506 4507
3468 3178 3179
3469 3178 3181
3470 4506 4509
3471 5186 5234
3472 1138 1139
3473 1138 1141
3474 3194 3195
3475 1154 1155
3476 1154 1157
3477 3194 3210
3478 3210 3211
3479 1154 1165
3480 1170 1171
3481 1170 1172
3482 146 1173
3483 354 1176
3484 3226 3227
3485 3226 3229
3486 1186 1187
3487 1186 1189
3488 3242 3243
3489 3242 3244
3490 1202 1203
3491 1202 1205
3492 578 1208
3493 5298 5301
3494 1218 1219
3495 1218 1220
3496 5282 5317
3497 370 1229
3498 418 1232
3499 1234 1235
3500 5330 5333
3501 1234 1241
3502 5226 5227
3503 1250 1251
3504 2450 2459
3505 5282 5283
3506 4754 4756
3507 3290 3306
3508 3306 3307
3509 3306 3308
3510 5282 5285
3511 1266 1267
3512 1266 1269
3513 3274 3320
3514 1282 1283
3515 1282 1284
3516 1106 1288
3517 34 1296
3518 1298 1299
3519 5394 5397
3520 1298 1303
3521 1298 1309
3522 1314 1315
3523 1314 1317
3524 1026 1318
3525 5130 5131
3526 1314 1321
3527 3370 3371
3528 322 1325
3529 5074 5075
3530 5602 5603
3531 3338 3376
3532 1330 1331
3533 506 3380
3534 1330 1333
3535 3794 3805
3536 5602 5605
3537 4346 5618
3538 1330 1339
3539 3386 3388
3540 3962 3963
3541 626 1346
3542 1346 1348
3543 5442 5445
3544 1346 1350
3545 5146 5163
3546 5218 5219
3547 1362 1363
3548 3402 3413
3549 5346 5466
3550 3418 3419
3551 3418 3426
3552 1378 1379
3553 5474 5476
3554 1378 1381
3555 3434 3435
3556 3434 3436
3557 4922 4923
3558 1394 1395
3559 4306 5492
3560 5146 5147
3561 1378 1399
3562 1234 1401
3563 5490 5501
3564 3450 3454
3565 1410 1412
3566 1410 1414
3567 5506 5513
3568 3466 3467
3569 850 1427
3570 3482 3483
3571 4906 4907
3572 1442 1443
3573 5538 5543
3574 3498 3499
3575 3498 3501
3576 4898 5551
3577 1458 1459
3578 866 1460
3579 1458 1461
3580 3498 3510
3581 1458 1463
3582 5554 5561
3583 5458 5564
3584 1474 1475
3585 1474 1477
3586 3178 3617
3587 5570 5579
3588 3530 3533
3589 4226 5585
3590 1474 1490
3591 1490 1491
3592 1490 1492
3593 4242 5590
3594 3098 3546
3595 3546 3548
3596 426 436
3597 1506 1507
3598 1506 1509
3599 3562 3563
3600 3562 3568
3601 5618 5620
3602 1506 1527
3603 3978 3983
3604 4338 5625
3605 3578 3580
3606 3578 3582
3607 4538 4539
3608 3810 3821
3609 4602 4618
3610 522 523
3611 522 525
3612 2562 2578
3613 2578 2579
3614 2578 2580
3615 538 539
3616 538 541
3617 2546 2595
3618 4634 4647
3619 554 555
3620 554 560
3621 2018 2619
3622 570 572
3623 570 574
3624 2610 2625
3625 2002 2627
3626 522 584
3627 586 588
3628 3610 3771
3629 586 590
3630 2626 2639
3631 602 603
3632 410 604
3633 2658 2659
3634 2658 2664
3635 4698 4714
3636 618 619
3637 4714 4716
3638 618 621
3639 2658 2670
3640 4410 4725
3641 4682 4728
3642 634 635
3643 634 637
3644 2690 2691
3645 618 644
3646 634 645
3647 5314 5315
3648 2690 2695
3649 426 653
3650 650 656
3651 2706 2707
3652 2706 2711
3653 5178 5179
3654 2674 2715
3655 4762 4767
3656 818 3725
3657 4778 4779
3658 2722 2733
3659 4746 4784
3660 3050 3053
3661 3994 3995
3662 4770 4771
3663 682 695
3664 2738 2745
3665 698 699
3666 698 701
3667 2754 2755
3668 4794 4808
3669 5162 5163
3670 4586 5187
3671 4810 4811
3672 714 716
3673 4810 4814
3674 3826 3835
3675 2770 2771
3676 5106 5108
3677 2770 2775
3678 234 729
3679 4826 4827
3680 730 732
3681 2770 2781
3682 730 734
3683 2786 2787
3684 2786 2789
3685 2786 2793
3686 746 747
3687 4842 4844
3688 2802 2803
3689 2802 2805
3690 4618 4619
3691 762 763
3692 2802 2812
3693 762 765
3694 4858 4862
3695 5090 5091
3696 2818 2819
3697 2818 2820
3698 778 779
3699 762 783
3700 2834 2835
3701 2834 2837
3702 794 795
3703 794 797
3704 2850 2851
3705 2114 2852
3706 4098 4099
3707 2346 2358
3708 2130 2857
3709 810 811
3710 810 813
3711 2866 2867
3712 2866 2869
3713 2866 2871
3714 826 827
3715 826 829
3716 4922 4929
3717 4938 4939
3718 2882 2883
3719 2882 2885
3720 842 843
3721 842 850
3722 2898 2899
3723 2898 2900
3724 2746 2755
3725 858 859
3726 858 860
3727 2914 2915
3728 2914 2917
3729 4954 4967
3730 698 874
3731 874 876
3732 874 878
3733 2914 2935
3734 890 891
3735 3122 3151
3736 2170 2865
3737 2946 2947
3738 2946 2949
3739 906 907
3740 234 908
3741 922 923
3742 5018 5021
3743 2962 2976
3744 4570 4571
3745 938 939
3746 5002 5036
3747 938 943
3748 4570 4573
3749 938 949
3750 954 955
3751 954 957
3752 954 961
3753 3010 3011
3754 3010 3013
3755 970 971
3756 5066 5068
3757 970 973
3758 3122 3167
3759 3026 3027
3760 970 980
3761 3026 3029
3762 4554 4555
3763 2978 3031
3764 202 987
3765 986 988
3766 3026 3323
3767 4554 4557
3768 2882 3041
3769 2898 3042
3770 970 996
3771 4714 4715
3772 1002 1003
3773 5098 5100
3774 1002 1005
3775 2594 2595
3776 2362 2373
3777 5362 5363
3778 1018 1019
3779 314 1020
3780 3058 3069
3781 5362 5365
3782 2050 2051
3783 2050 2052
3784 2050 2054
3785 4074 4105
3786 10 11
3787 10 13
3788 1258 4112
3789 2066 2067
3790 2066 2069
3791 10 26
3792 4122 4123
3793 26 28
3794 3434 4125
3795 26 30
3796 4122 4127
3797 2082 2083
3798 2082 2085
3799 3418 4137
3800 42 43
3801 4138 4141
3802 474 477
3803 4138 4145
3804 2082 2098
3805 2098 2100
3806 5210 5211
3807 58 59
3808 58 61
3809 2066 2110
3810 5322 5327
3811 4154 4163
3812 58 70
3813 4170 4174
3814 2130 2131
3815 4986 4987
3816 90 91
3817 90 93
3818 2146 2147
3819 1386 4201
3820 90 106
3821 106 107
3822 106 108
3823 4202 4206
3824 2162 2163
3825 5242 5243
3826 122 123
3827 4218 4220
3828 122 125
3829 2178 2179
3830 2178 2183
3831 4234 4237
3832 122 143
3833 2194 2195
3834 2066 2202
3835 154 155
3836 4250 4252
3837 154 157
3838 4818 4843
3839 770 2208
3840 2210 2211
3841 2210 2215
3842 3514 4883
3843 2210 2218
3844 170 171
3845 170 173
3846 2226 2227
3847 4098 4103
3848 2226 2229
3849 4266 4280
3850 186 187
3851 4282 4285
3852 4986 4991
3853 4802 4824
3854 186 193
3855 2242 2243
3856 4434 4437
3857 2242 2245
3858 186 199
3859 202 203
3860 202 205
3861 2242 2258
3862 2258 2260
3863 2258 2262
3864 4314 4315
3865 4314 4317
3866 2274 2275
3867 5562 5563
3868 218 233
3869 234 235
3870 5410 5413
3871 234 237
3872 4330 4338
3873 4418 4421
3874 490 491
3875 250 251
3876 490 492
3877 250 253
3878 2162 2308
3879 266 267
3880 266 269
3881 282 283
3882 4282 4283
3883 2322 2333
3884 282 290
3885 2338 2339
3886 2338 2344
3887 298 299
3888 298 300
3889 4394 4397
3890 2226 2351
3891 2354 2355
3892 250 313
3893 314 315
3894 314 317
3895 4410 4415
3896 4602 4603
3897 330 331
3898 330 333
3899 4042 4051
3900 2370 2389
3901 1730 2392
3902 4378 4442
3903 362 363
3904 362 365
3905 2402 2414
3906 1666 2415
3907 4346 4347
3908 4586 4587
3909 4834 5414
3910 378 379
3911 378 381
3912 330 385
3913 394 395
3914 394 397
3915 2450 2451
3916 4490 4502
3917 266 407
3918 2450 2456
3919 410 411
3920 410 413
3921 394 417
3922 2466 2467
3923 5034 5035
3924 4522 4523
3925 394 434
3926 410 436
3927 4202 4203
3928 1522 2487
3929 4522 4538
3930 442 443
3931 442 446
3932 442 448
3933 2482 2497
3934 282 453
3935 90 454
3936 106 455
3937 5378 5379
3938 458 459
3939 458 461
3940 2498 2511
3941 346 470
3942 474 475
3943 458 477
3944 314 478
3945 2530 2531
3946 2530 2536
3947 2090 2091
3948 458 491
3949 474 492
3950 4586 4589
3951 2530 2542
3952 1586 2547
3953 298 503
3954 506 507
3955 506 509
3956 5594 5633
3957 4818 5502
3958 4058 4063
3959 1546 1547
3960 2394 2403
3961 1546 1549
3962 4146 4147
3963 3602 3605
3964 1562 1563
3965 1562 1565
3966 3618 3620
3967 3738 3763
3968 4834 4845
3969 1578 1579
3970 1578 1581
3971 1594 1599
3972 4130 4131
3973 5394 5429
3974 5186 5188
3975 5018 5019
3976 5546 5547
3977 1562 1626
3978 4466 4467
3979 802 3676
3980 5546 5549
3981 1642 1645
3982 3682 3694
3983 3354 3365
3984 1466 1652
3985 3698 3701
3986 3698 3703
3987 4658 5531
3988 3714 3715
3989 1674 1675
3990 3506 3510
3991 1674 1677
3992 3730 3731
3993 2154 2304
3994 3730 3735
3995 1690 1691
3996 1690 1693
3997 3746 3747
3998 1706 1707
3999 3762 3763
4000 1706 1722
4001 1722 1723
4002 2602 2613
4003 1738 1739
4004 1738 1741
4005 4298 4299
4006 4298 4301
4007 1754 1755
4008 1754 1757
4009 1770 1771
4010 1770 1773
4011 3138 3824
4012 3826 3827
4013 3826 3832
4014 1786 1787
4015 3842 3843
4016 3074 3847
4017 1786 1802
4018 1802 1803
4019 1818 1819
4020 1818 1821
4021 3858 3877
4022 1834 1835
4023 1834 1836
4024 1546 1843
4025 5426 5427
4026 3890 3902
4027 3906 3917
4028 2930 3919
4029 3922 3929
4030 3938 3939
4031 3666 3942
4032 5410 5411
4033 1882 1898
4034 1898 1899
4035 1898 1900
4036 2826 2837
4037 3954 3955
4038 3770 3779
4039 3954 3959
4040 1866 1912
4041 5274 5275
4042 3970 3971
4043 2994 3972
4044 3202 3231
4045 3986 3987
4046 1946 1957
4047 1962 1963
4048 5258 5259
4049 1962 1965
4050 1930 1968
4051 2954 3251
4052 1978 1979
4053 4178 4181
4054 4018 4029
4055 3138 3343
4056 5594 5595
4057 4034 4041
4058 1978 1994
4059 1994 1995
4060 2802 5558
4061 3202 3243
4062 5594 5597
4063 4050 4051
4064 3410 4054
4065 2010 2011
4066 2010 2013
4067 3154 3323
4068 4066 4067
4069 4066 4071
4070 2026 2027
4071 2026 2029
4072 4082 4083
4073 5050 5051
4074 5578 5579
4075 2042 2043
4076 4498 4499
4077 2042 2045
4078 5050 5053
4079 5578 5581
4080 3074 3079
4081 1034 1035
4082 5130 5132
4083 1618 1915
4084 1050 1051
4085 5146 5148
4086 1050 1055
4087 5114 5156
4088 1050 1061
4089 1066 1067
4090 506 1068
4091 1066 1071
4092 3122 3123
4093 1066 1077
4094 5162 5174
4095 5130 5178
4096 1082 1083
4097 1082 1087
4098 3138 3139
4099 4346 4348
4100 3138 3141
4101 5194 5195
4102 5194 5197
4103 1098 1103
4104 3154 3159
4105 1114 1115
4106 1114 1119
4107 138 1122
4108 1114 1129
4109 1130 1131
4110 1130 1133
4111 4330 4331
4112 4482 4498
4113 1146 1147
4114 5242 5244
4115 1146 1149
4116 1146 1151
4117 3202 3203
4118 3202 3205
4119 1162 1163
4120 5258 5260
4121 5138 5139
4122 3218 3219
4123 5226 5268
4124 3218 3221
4125 1178 1179
4126 5274 5276
4127 1178 1183
4128 3234 3235
4129 1178 1189
4130 5274 5286
4131 3234 3239
4132 2522 5290
4133 1194 1195
4134 1194 1199
4135 1194 1205
4136 3250 3258
4137 1210 1211
4138 5306 5308
4139 1210 1215
4140 4658 4661
4141 3266 3269
4142 5122 5123
4143 5322 5323
4144 1226 1231
4145 3282 3285
4146 1242 1243
4147 1242 1247
4148 3298 3299
4149 1242 1257
4150 1258 1259
4151 5354 5356
4152 1258 1261
4153 3298 3310
4154 5050 5101
4155 3314 3315
4156 3314 3317
4157 1130 1273
4158 1274 1275
4159 5370 5372
4160 1274 1279
4161 5338 5379
4162 3330 3333
4163 2858 2867
4164 5386 5387
4165 5386 5388
4166 4914 4916
4167 1290 1295
4168 3346 3349
4169 5386 5398
4170 4722 4725
4171 1306 1307
4172 1306 1309
4173 3362 3364
4174 1322 1323
4175 5418 5420
4176 2962 3375
4177 4826 5426
4178 514 3381
4179 4898 4899
4180 5394 5395
4181 1338 1339
4182 1338 1341
4183 1338 1343
4184 4898 4901
4185 3394 3397
4186 2882 2898
4187 5290 5291
4188 634 1364
4189 3218 3415
4190 3218 3417
4191 5466 5467
4192 5466 5469
4193 1370 1383
4194 1258 1386
4195 5482 5483
4196 5450 5484
4197 1386 1390
4198 5250 5251
4199 1402 1403
4200 1402 1405
4201 1402 1407
4202 4282 5507
4203 3458 3461
4204 842 1414
4205 5498 5513
4206 5242 5515
4207 5514 5523
4208 3474 3476
4209 5082 5083
4210 5610 5611
4211 2306 2317
4212 5530 5535
4213 4170 5536
4214 1434 1442
4215 3490 3491
4216 74 1444
4217 4186 5541
4218 4530 4533
4219 3490 3496
4220 1450 1451
4221 1450 1453
4222 666 1455
4223 1450 1459
4224 3506 3508
4225 858 1462
4226 1466 1467
4227 1466 1469
4228 5202 5219
4229 3522 3526
4230 1482 1483
4231 1482 1485
4232 5578 5583
4233 3538 3539
4234 1498 1499
4235 1498 1501
4236 4378 4379
4237 3554 3555
4238 5234 5235
4239 4378 4381
4240 1514 1515
4241 5522 5523
4242 4922 5616
4243 1514 1522
4244 3570 3571
4245 3570 3573
4246 4914 4915
4247 3122 3125
4248 4330 5626
4249 1530 1531
4250 1530 1532
4251 5626 5629
4252 3570 3582
4253 611 770
4254 1371 2819
4255 771 772
4256 771 776
4257 4691 4876
4258 4867 4882
4259 4883 4884
4260 3507 4885
4261 259 790
4262 787 792
4263 2843 2850
4264 803 804
4265 803 806
4266 2859 2860
4267 4899 4909
4268 5619 5628
4269 3363 3366
4270 803 819
4271 4707 4916
4272 819 821
4273 819 823
4274 4267 4268
4275 2875 2876
4276 2875 2878
4277 2875 2880
4278 835 836
4279 4931 4934
4280 851 852
4281 851 854
4282 851 863
4283 2227 2228
4284 867 868
4285 867 870
4286 2923 2924
4287 2923 2929
4288 883 884
4289 4515 4983
4290 883 888
4291 2939 2941
4292 2939 2943
4293 883 898
4294 755 900
4295 899 901
4296 4995 4998
4297 4371 4372
4298 5571 5572
4299 2955 2956
4300 2955 2958
4301 915 916
4302 5011 5013
4303 915 918
4304 4995 5017
4305 2971 2972
4306 915 925
4307 2971 2974
4308 4995 5027
4309 931 936
4310 2987 2988
4311 2987 2990
4312 3867 4164
4313 2235 5039
4314 5043 5044
4315 3003 3004
4316 5043 5057
4317 947 962
4318 3003 3011
4319 5059 5060
4320 5059 5062
4321 3019 3020
4322 3019 3021
4323 963 976
4324 4851 4852
4325 5075 5082
4326 2907 3035
4327 3035 3036
4328 3035 3037
4329 3035 3039
4330 5091 5092
4331 5091 5097
4332 3051 3052
4333 5243 5245
4334 995 1006
4335 211 1007
4336 5107 5109
4337 3379 3380
4338 1011 1018
4339 3067 3068
4340 4875 4876
4341 3067 3070
4342 515 516
4343 515 518
4344 3387 3402
4345 515 531
4346 531 532
4347 531 533
4348 4699 4700
4349 5227 5228
4350 2587 2588
4351 2587 2594
4352 547 548
4353 2587 2597
4354 4643 4646
4355 2603 2604
4356 2603 2605
4357 563 564
4358 2555 2614
4359 1819 2615
4360 4611 4666
4361 4835 4836
4362 2619 2620
4363 579 580
4364 1891 1901
4365 579 582
4366 4683 4684
4367 2635 2636
4368 2635 2638
4369 4547 4688
4370 2011 2642
4371 595 596
4372 4691 4694
4373 595 600
4374 4675 4698
4375 2571 2651
4376 2651 2652
4377 1883 2656
4378 4507 4508
4379 595 610
4380 611 612
4381 611 614
4382 4675 4715
4383 2667 2668
4384 4691 4717
4385 2667 2670
4386 627 628
4387 627 630
4388 4723 4727
4389 627 632
4390 4723 4729
4391 4507 4513
4392 2683 2684
4393 2683 2686
4394 4371 4735
4395 4387 4736
4396 5451 5452
4397 643 644
4398 4739 4742
4399 2699 2700
4400 2683 2701
4401 4627 4751
4402 2995 2998
4403 659 660
4404 4739 4758
4405 4595 4759
4406 659 666
4407 2715 2716
4408 2715 2717
4409 2043 2719
4410 675 676
4411 4755 4773
4412 4779 4780
4413 2731 2732
4414 2731 2734
4415 2027 2735
4416 4579 4784
4417 1971 4787
4418 691 692
4419 4787 4789
4420 691 694
4421 2747 2748
4422 2747 2750
4423 707 708
4424 707 710
4425 2763 2764
4426 707 718
4427 2107 2110
4428 2091 2769
4429 723 724
4430 723 725
4431 4235 4236
4432 4667 4668
4433 739 740
4434 4835 4838
4435 739 744
4436 2779 2794
4437 243 748
4438 4835 4846
4439 739 754
4440 755 756
4441 4851 4853
4442 755 758
4443 4803 4855
4444 2795 2808
4445 5619 5620
4446 875 2306
4447 243 259
4448 259 260
4449 259 261
4450 3563 3574
4451 2035 2724
4452 2315 2316
4453 2315 2318
4454 2139 2320
4455 275 276
4456 275 278
4457 4707 4717
4458 2331 2332
4459 2331 2334
4460 3531 3556
4461 4371 4387
4462 291 292
4463 4387 4389
4464 291 294
4465 275 295
4466 2331 2347
4467 5603 5604
4468 2347 2349
4469 291 303
4470 4403 4404
4471 2315 2357
4472 4403 4406
4473 2363 2364
4474 2363 2365
4475 5467 5468
4476 323 324
4477 323 326
4478 1675 2375
4479 4403 4424
4480 2379 2380
4481 2379 2381
4482 5467 5471
4483 323 339
4484 339 340
4485 339 341
4486 4435 4438
4487 5075 5085
4488 2395 2396
4489 4451 4452
4490 355 357
4491 4451 4454
4492 355 359
4493 2411 2412
4494 2379 2415
4495 4467 4468
4496 371 373
4497 371 375
4498 4467 4474
4499 2427 2428
4500 2427 2430
4501 4371 4374
4502 4467 4480
4503 387 388
4504 4483 4486
4505 387 391
4506 2443 2444
4507 2443 2446
4508 403 404
4509 403 407
4510 2443 2459
4511 2459 2461
4512 4499 4514
4513 419 420
4514 2427 2469
4515 419 422
4516 203 992
4517 2475 2476
4518 2475 2477
4519 4531 4532
4520 435 437
4521 4531 4534
4522 2475 2487
4523 4731 4732
4524 2491 2492
4525 4179 4180
4526 4411 4412
4527 115 450
4528 451 452
4529 4547 4550
4530 451 455
4531 4179 4182
4532 2507 2508
4533 4651 4652
4534 2507 2510
4535 467 468
4536 467 470
4537 323 472
4538 339 473
4539 1979 2523
4540 2523 2524
4541 4579 4580
4542 4579 4581
4543 4859 4860
4544 2539 2540
4545 483 493
4546 2539 2542
4547 4531 4594
4548 307 500
4549 4595 4598
4550 499 505
4551 2555 2556
4552 2555 2558
4553 3587 4270
4554 2275 2286
4555 3 8
4556 4099 4107
4557 3963 4014
4558 4819 4844
4559 2059 2062
4560 5091 5100
4561 19 20
4562 19 24
4563 1883 2074
4564 2075 2077
4565 5323 5324
4566 3203 3258
4567 35 36
4568 35 40
4569 4131 4146
4570 2091 2099
4571 51 52
4572 51 59
4573 1179 1190
4574 51 62
4575 67 68
4576 1643 2119
4577 4163 4168
4578 67 74
4579 2123 2124
4580 2123 2126
4581 19 79
4582 83 84
4583 83 86
4584 83 88
4585 2139 2140
4586 3475 4190
4587 2139 2144
4588 2483 2486
4589 2123 2148
4590 4195 4197
4591 4179 4200
4592 2155 2156
4593 2155 2157
4594 2123 2160
4595 4179 4210
4596 2155 2164
4597 683 2168
4598 99 124
4599 3699 4225
4600 1707 2178
4601 131 132
4602 4227 4232
4603 131 137
4604 2187 2188
4605 2187 2190
4606 4243 4244
4607 147 149
4608 147 151
4609 3683 4249
4610 443 449
4611 2203 2205
4612 2107 2211
4613 4259 4260
4614 163 165
4615 163 167
4616 4259 4264
4617 4155 4156
4618 4259 4267
4619 2291 2294
4620 3875 3891
4621 179 180
4622 4275 4278
4623 2187 2231
4624 2235 2240
4625 195 196
4626 195 198
4627 2251 2252
4628 2251 2256
4629 4291 4307
4630 211 212
4631 4307 4309
4632 211 214
4633 4307 4311
4634 4843 4844
4635 195 221
4636 211 222
4637 3 228
4638 227 233
4639 2283 2285
4640 243 244
4641 243 246
4642 3635 3638
4643 2299 2300
4644 2251 2301
4645 4339 4351
4646 1795 1796
4647 3803 3845
4648 1795 1798
4649 3851 3852
4650 3851 3853
4651 2691 2701
4652 5483 5484
4653 1811 1812
4654 1811 1814
4655 3851 3863
4656 3867 3868
4657 3867 3869
4658 1827 1828
4659 1555 1830
4660 1571 1831
4661 1827 1833
4662 1827 1836
4663 1843 1844
4664 1843 1845
4665 1795 1850
4666 3899 3900
4667 1747 1854
4668 3443 3446
4669 1859 1860
4670 3099 3100
4671 1859 1862
4672 5139 5174
4673 1603 1867
4674 3915 3916
4675 3915 3918
4676 1875 1876
4677 1875 1878
4678 4763 4764
4679 1859 1882
4680 3931 3932
4681 5307 5318
4682 3931 3934
4683 4211 4212
4684 1955 1958
4685 1859 1899
4686 3947 3948
4687 1875 1901
4688 3915 3950
4689 1907 1908
4690 1907 1911
4691 1763 1912
4692 1907 1913
4693 3963 3964
4694 3963 3966
4695 1923 1924
4696 1923 1926
4697 4011 4013
4698 4747 4748
4699 3979 3982
4700 1731 1936
4701 1939 1940
4702 1939 1942
4703 1923 1946
4704 1779 1948
4705 3995 3997
4706 1955 1956
4707 1923 1958
4708 1939 1960
4709 4011 4012
4710 1955 1965
4711 1843 1966
4712 1971 1972
4713 1971 1974
4714 5531 5532
4715 4027 4028
4716 4027 4030
4717 3227 4031
4718 1987 1988
4719 1987 1990
4720 3403 4043
4721 4043 4044
4722 4043 4046
4723 2003 2004
4724 2003 2006
4725 4059 4060
4726 4027 4062
4727 4195 4212
4728 3291 4065
4729 2019 2020
4730 2019 2027
4731 4075 4076
4732 4075 4078
4733 2555 2581
4734 2035 2036
4735 2035 2037
4736 2363 2375
4737 4091 4093
4738 3579 3586
4739 4379 4380
4740 2171 2172
4741 3115 3595
4742 3595 3596
4743 3595 3600
4744 1555 1556
4745 1555 1558
4746 3555 3556
4747 3611 3612
4748 1555 1571
4749 1571 1572
4750 1571 1573
4751 4843 5533
4752 3627 3628
4753 3515 3630
4754 3627 3634
4755 1587 1588
4756 459 505
4757 1587 1590
4758 3643 3644
4759 3643 3650
4760 1587 1608
4761 3659 3660
4762 3659 3666
4763 3267 3268
4764 1619 1620
4765 1619 1622
4766 3675 3676
4767 3051 3054
4768 1635 1636
4769 1635 1640
4770 1635 1650
4771 1651 1652
4772 1651 1653
4773 3707 3708
4774 3707 3710
4775 3459 3484
4776 4563 4734
4777 1667 1668
4778 827 3722
4779 1667 1675
4780 4475 4501
4781 1683 1684
4782 1683 1685
4783 3739 3740
4784 4611 4612
4785 3739 3742
4786 1699 1700
4787 3547 3749
4788 1699 1702
4789 4611 4614
4790 4331 4332
4791 3755 3758
4792 4987 4988
4793 5515 5516
4794 1715 1716
4795 1715 1718
4796 4435 4436
4797 3771 3773
4798 5195 5230
4799 1731 1732
4800 1731 1734
4801 3787 3788
4802 3787 3789
4803 3739 3790
4804 1747 1748
4805 1747 1755
4806 3803 3804
4807 3803 3806
4808 3083 3807
4809 4971 4972
4810 1763 1764
4811 1763 1765
4812 3819 3820
4813 3819 3822
4814 1715 1778
4815 1779 1780
4816 1779 1782
4817 4795 4796
4818 3819 3835
4819 3835 3837
4820 1435 1436
4821 4795 4798
4822 3147 3339
4823 3339 3340
4824 1251 1293
4825 3339 3342
4826 1283 1295
4827 3091 3796
4828 5395 5396
4829 5363 5398
4830 2603 2615
4831 3355 3356
4832 3195 3357
4833 1299 1310
4834 3355 3359
4835 2627 5410
4836 1043 1316
4837 5411 5415
4838 1315 1322
4839 3371 3372
4840 3371 3374
4841 4227 4228
4842 1331 1332
4843 5323 5336
4844 4779 4783
4845 3387 3388
4846 3387 3392
4847 1347 1348
4848 5443 5446
4849 1347 1354
4850 3403 3404
4851 3403 3405
4852 1363 1364
4853 1267 4108
4854 5443 5465
4855 3419 3420
4856 3419 3425
4857 5443 5475
4858 1379 1380
4859 1379 1382
4860 3435 3437
4861 5475 5486
4862 3435 3439
4863 1395 1396
4864 1395 1397
4865 3451 3452
4866 4587 4590
4867 5491 5503
4868 3451 3456
4869 1411 1412
4870 1411 1418
4871 3467 3468
4872 2395 2405
4873 4635 5382
4874 3291 3473
4875 1427 1428
4876 5523 5525
4877 5251 5526
4878 3483 3484
4879 5459 5461
4880 67 1445
4881 659 1447
4882 1443 1452
4883 5539 5550
4884 2819 5556
4885 1459 1464
4886 5555 5562
4887 3515 3516
4888 3515 3518
4889 1475 1476
4890 5379 5380
4891 1475 1478
4892 3051 3527
4893 3531 3532
4894 3531 3534
4895 1475 1491
4896 5587 5588
4897 1491 1493
4898 1491 1495
4899 5587 5592
4900 3547 3548
4901 5587 5598
4902 3547 3552
4903 4275 5602
4904 1507 1508
4905 4947 5605
4906 5603 5606
4907 5603 5610
4908 3563 3564
4909 4355 5613
4910 3563 3571
4911 1523 1524
4912 3531 3573
4913 1523 1526
4914 3579 3580
4915 1523 1535
4916 1027 1028
4917 5123 5125
4918 1027 1030
4919 4515 5130
4920 1027 1037
4921 4659 4660
4922 3067 3088
4923 4659 4662
4924 35 1051
4925 515 1052
4926 531 1053
4927 3099 3102
4928 3051 3104
4929 3299 3309
4930 5155 5156
4931 5171 5172
4932 1059 1078
4933 715 2156
4934 3115 3129
4935 4643 4644
4936 3355 3357
4937 5187 5189
4938 4443 4445
4939 5187 5191
4940 867 1096
4941 5563 5572
4942 1091 1103
4943 1107 1108
4944 5203 5205
4945 5203 5207
4946 1107 1112
4947 4483 5209
4948 5219 5221
4949 3179 3180
4950 3179 3182
4951 3131 3183
4952 5235 5237
4953 4595 5242
4954 2963 3238
4955 1155 1156
4956 1155 1158
4957 3195 3209
4958 5267 5268
4959 1123 1173
4960 1171 1176
4961 4827 4828
4962 5355 5357
4963 4275 4276
4964 5283 5284
4965 4827 4830
4966 4787 5290
4967 2515 5293
4968 2499 5298
4969 2955 3252
4970 1187 1206
4971 3211 3255
4972 3243 3258
4973 3259 3260
4974 3259 3262
4975 3019 3264
4976 5315 5316
4977 3163 3273
4978 4811 4812
4979 3003 3276
4980 3275 3278
4981 1219 1231
4982 419 1233
4983 1235 1236
4984 5331 5334
4985 1235 1240
4986 4419 5337
4987 3291 3292
4988 3291 3294
4989 1867 1868
4990 5347 5349
4991 3395 3918
4992 2563 5354
4993 2883 2884
4994 5331 5367
4995 3659 3934
4996 3307 3322
4997 3323 3324
4998 1683 2364
4999 4859 4866
5000 1411 2827
5001 779 780
5002 779 781
5003 587 785
5004 795 796
5005 795 798
5006 795 800
5007 2835 2850
5008 4891 4904
5009 2851 2860
5010 4603 5516
5011 4699 4915
5012 4963 4964
5013 5427 5428
5014 2867 2872
5015 4443 4921
5016 4923 4924
5017 4923 4928
5018 811 836
5019 2883 2886
5020 843 844
5021 843 849
5022 2883 2899
5023 3579 4948
5024 2899 2901
5025 2899 2903
5026 4955 4956
5027 859 861
5028 859 863
5029 2915 2916
5030 5411 5412
5031 1651 2436
5032 4883 4885
5033 875 876
5034 4971 4973
5035 2827 2838
5036 875 882
5037 2931 2932
5038 2931 2934
5039 4411 5324
5040 891 892
5041 2931 2943
5042 4987 4994
5043 4987 5000
5044 5003 5004
5045 5003 5005
5046 731 913
5047 3643 5011
5048 2963 2964
5049 4867 4868
5050 2963 2966
5051 907 920
5052 5019 5020
5053 3627 5021
5054 5019 5023
5055 2963 2979
5056 2979 2980
5057 2979 2981
5058 4859 5031
5059 4867 4872
5060 5035 5036
5061 4691 4692
5062 2995 2996
5063 939 950
5064 5051 5052
5065 5051 5054
5066 955 962
5067 3723 5063
5068 2995 3016
5069 971 972
5070 971 974
5071 3027 3028
5072 971 981
5073 3027 3030
5074 5083 5084
5075 5067 5085
5076 4675 4676
5077 987 992
5078 3043 3044
5079 3043 3048
5080 4675 4678
5081 4955 5102
5082 3043 3058
5083 3059 3060
5084 3059 3061
5085 4651 5428
5086 1003 1018
5087 5115 5116
5088 2563 2564
5089 2563 2566
5090 4603 4617
5091 523 524
5092 523 526
5093 3323 3326
5094 4635 4636
5095 4635 4637
5096 2595 2596
5097 2595 2597
5098 2579 2598
5099 4483 4484
5100 555 556
5101 4651 4653
5102 555 563
5103 2611 2612
5104 555 566
5105 4619 4663
5106 1811 2619
5107 571 572
5108 4667 4670
5109 571 578
5110 2627 2628
5111 2627 2629
5112 4555 4683
5113 587 588
5114 4683 4686
5115 587 594
5116 2643 2644
5117 2643 2645
5118 2563 2650
5119 603 604
5120 2611 2653
5121 4699 4702
5122 1891 2657
5123 2659 2660
5124 1875 2661
5125 619 620
5126 619 622
5127 2659 2673
5128 4291 4292
5129 2675 2676
5130 2675 2678
5131 4715 4730
5132 635 636
5133 4291 4294
5134 635 638
5135 2691 2692
5136 4699 5431
5137 635 646
5138 4571 4745
5139 2691 2698
5140 3619 3640
5141 651 652
5142 651 653
5143 4747 4750
5144 4363 4751
5145 5435 5448
5146 2707 2708
5147 2707 2714
5148 667 668
5149 2707 2717
5150 667 672
5151 4763 4770
5152 171 675
5153 2723 2724
5154 2723 2725
5155 667 682
5156 4387 4388
5157 683 684
5158 683 686
5159 2723 2735
5160 2019 2736
5161 4779 4785
5162 2739 2740
5163 699 700
5164 699 702
5165 699 704
5166 2755 2756
5167 2755 2757
5168 2435 2763
5169 715 716
5170 4811 4817
5171 1347 2771
5172 2099 2773
5173 4811 4823
5174 235 730
5175 731 732
5176 2771 2782
5177 4827 4832
5178 731 738
5179 2787 2794
5180 747 748
5181 2803 2804
5182 2267 2270
5183 2803 2806
5184 763 764
5185 2803 2813
5186 763 766
5187 2307 2308
5188 2307 2309
5189 5443 5444
5190 267 268
5191 267 270
5192 2307 2319
5193 2323 2324
5194 2323 2325
5195 283 284
5196 4379 4382
5197 1699 2336
5198 283 289
5199 2339 2340
5200 4395 4396
5201 299 301
5202 4395 4398
5203 299 303
5204 2355 2356
5205 4899 4900
5206 2323 2359
5207 315 316
5208 315 318
5209 4899 4902
5210 4411 4419
5211 2371 2372
5212 2371 2374
5213 1667 2376
5214 331 332
5215 4427 4429
5216 331 334
5217 4723 4724
5218 2387 2388
5219 2387 2390
5220 4443 4444
5221 347 349
5222 2387 2403
5223 5611 5612
5224 2403 2405
5225 4147 4156
5226 4459 4460
5227 2371 2413
5228 1131 4008
5229 2419 2420
5230 2419 2421
5231 4475 4476
5232 4475 4478
5233 2419 2431
5234 2435 2436
5235 2435 2437
5236 1147 3988
5237 395 396
5238 395 398
5239 1779 2448
5240 4515 4518
5241 2451 2452
5242 1939 2453
5243 5083 5085
5244 411 412
5245 2451 2461
5246 411 414
5247 4507 4511
5248 4459 4513
5249 2467 2468
5250 1539 2471
5251 427 428
5252 4339 4340
5253 427 430
5254 2483 2484
5255 411 437
5256 427 438
5257 4523 4537
5258 2259 2492
5259 395 449
5260 5067 5068
5261 2499 2500
5262 2499 2501
5263 4515 4516
5264 459 460
5265 5067 5070
5266 459 462
5267 2515 2516
5268 2515 2517
5269 1971 2522
5270 475 476
5271 2483 2525
5272 315 479
5273 2531 2532
5274 2107 2108
5275 4587 4588
5276 4195 4196
5277 4339 4342
5278 4539 4591
5279 2531 2545
5280 2547 2548
5281 2547 2550
5282 491 505
5283 507 508
5284 507 510
5285 1987 2049
5286 2051 2055
5287 11 12
5288 4363 4364
5289 11 14
5290 1259 4113
5291 2067 2068
5292 4075 4119
5293 27 28
5294 27 34
5295 2083 2084
5296 4123 4134
5297 4187 4188
5298 43 44
5299 643 2093
5300 4139 4146
5301 4915 5580
5302 2099 2100
5303 611 2105
5304 59 60
5305 3779 3780
5306 2115 2116
5307 4763 4773
5308 2115 2120
5309 75 76
5310 75 78
5311 4171 4176
5312 2131 2132
5313 4171 4172
5314 91 92
5315 91 94
5316 2147 2148
5317 5547 5562
5318 91 107
5319 4203 4204
5320 107 109
5321 107 111
5322 4203 4208
5323 4203 4211
5324 5491 5492
5325 1371 4217
5326 123 124
5327 5491 5493
5328 4219 4222
5329 1699 2177
5330 2179 2180
5331 4563 4571
5332 2179 2185
5333 139 140
5334 139 142
5335 2179 2191
5336 2299 2301
5337 3691 4245
5338 139 151
5339 2051 2200
5340 2067 2203
5341 4251 4252
5342 4251 4253
5343 4235 4256
5344 4323 4324
5345 75 167
5346 4235 4266
5347 2211 2219
5348 4251 4268
5349 5099 5310
5350 755 2224
5351 2195 2228
5352 4363 4366
5353 4283 4284
5354 4283 4286
5355 4283 4288
5356 5299 5300
5357 2243 2244
5358 2243 2246
5359 187 200
5360 203 204
5361 203 206
5362 5299 5303
5363 2259 2260
5364 2259 2265
5365 219 221
5366 4299 4324
5367 235 236
5368 235 238
5369 4331 4337
5370 2291 2292
5371 1947 1949
5372 2891 2916
5373 4755 4758
5374 251 252
5375 4347 4349
5376 251 254
5377 4347 4351
5378 3843 3844
5379 3811 3847
5380 1787 1801
5381 3859 3860
5382 3859 3862
5383 3059 3868
5384 4731 4734
5385 4739 4740
5386 3875 3876
5387 3875 3878
5388 3187 3880
5389 3347 3885
5390 2339 2349
5391 1547 1844
5392 3891 3893
5393 1803 1847
5394 1835 1850
5395 4563 4564
5396 1851 1852
5397 3859 3901
5398 1851 1854
5399 2947 3903
5400 1611 1856
5401 3443 3906
5402 3907 3908
5403 3907 3909
5404 1755 1865
5405 1595 1868
5406 1867 1870
5407 3907 3919
5408 3923 3924
5409 1883 1884
5410 1883 1886
5411 3939 3940
5412 3939 3941
5413 1075 3943
5414 4547 4548
5415 3955 3956
5416 3955 3961
5417 1899 1914
5418 1915 1916
5419 1915 1918
5420 3955 3967
5421 1739 1931
5422 1931 1932
5423 1931 1934
5424 1947 1948
5425 1787 1949
5426 3987 3998
5427 1947 1951
5428 1139 4003
5429 4003 4004
5430 4003 4006
5431 3971 4011
5432 1963 1964
5433 1963 1966
5434 4019 4020
5435 4019 4021
5436 4019 4031
5437 4739 4772
5438 3219 4035
5439 4035 4036
5440 4219 4220
5441 1979 1993
5442 4051 4052
5443 4051 4053
5444 1203 4055
5445 3299 4066
5446 4067 4068
5447 3283 4070
5448 4067 4073
5449 4067 4079
5450 1995 2046
5451 5627 5632
5452 3587 3588
5453 3587 3590
5454 3107 3594
5455 1547 1548
5456 1547 1550
5457 3603 3604
5458 3603 3606
5459 5523 5524
5460 1563 1564
5461 4491 4501
5462 1563 1566
5463 2003 2628
5464 3619 3620
5465 3619 3621
5466 3603 3624
5467 1579 1580
5468 1579 1582
5469 3635 3636
5470 3603 3638
5471 3107 3110
5472 3275 3276
5473 1595 1596
5474 3635 3646
5475 1595 1603
5476 3651 3652
5477 3651 3654
5478 4979 4980
5479 5507 5508
5480 1611 1612
5481 1611 1613
5482 3667 3668
5483 3667 3672
5484 1499 1627
5485 1627 1628
5486 1627 1629
5487 1627 1631
5488 3667 3682
5489 5331 5332
5490 3683 3684
5491 3683 3686
5492 1643 1644
5493 1643 1646
5494 3011 3275
5495 3699 3704
5496 1659 1660
5497 1659 1662
5498 4963 4966
5499 1659 1680
5500 4787 4788
5501 3731 3732
5502 3731 3737
5503 1691 1692
5504 1691 1694
5505 3731 3743
5506 1643 1696
5507 2699 2701
5508 5179 5181
5509 3107 3765
5510 1707 1721
5511 2571 2581
5512 3763 3774
5513 4755 4756
5514 4771 4772
5515 3651 3780
5516 3779 3782
5517 4771 4773
5518 3747 3787
5519 5331 5353
5520 3795 3796
5521 3795 3797
5522 5163 5165
5523 4595 4596
5524 3795 3807
5525 3075 3808
5526 3811 3812
5527 3811 3813
5528 1771 1772
5529 1771 1774
5530 1723 1775
5531 3827 3828
5532 3827 3837
5533 3883 3884
5534 4939 4980
5535 1275 1281
5536 4427 5379
5537 1275 1284
5538 3331 3334
5539 3123 3126
5540 1291 1292
5541 5387 5389
5542 3139 3344
5543 27 1297
5544 3347 3348
5545 2731 2766
5546 3347 3350
5547 3331 3354
5548 3187 3356
5549 5403 5405
5550 3363 3364
5551 3331 3366
5552 3347 3368
5553 1307 1322
5554 3883 3893
5555 3363 3373
5556 3251 3374
5557 1323 1332
5558 3379 3381
5559 5419 5430
5560 3379 3383
5561 4955 4957
5562 5435 5436
5563 1339 1344
5564 5435 5442
5565 3395 3396
5566 3395 3398
5567 579 3400
5568 1355 1356
5569 5451 5453
5570 4427 4428
5571 1355 1360
5572 3411 3412
5573 3411 3414
5574 1355 1370
5575 1371 1372
5576 1371 1374
5577 5339 5471
5578 3427 3428
5579 3427 3430
5580 3411 3431
5581 1387 1388
5582 3427 3439
5583 1387 1392
5584 3443 3444
5585 3395 3446
5586 5499 5500
5587 4083 4116
5588 5499 5502
5589 1403 1408
5590 3459 3460
5591 3331 3332
5592 3459 3462
5593 1419 1420
5594 5515 5518
5595 1419 1424
5596 3499 3500
5597 3475 3476
5598 3475 3480
5599 899 900
5600 1419 1434
5601 683 1436
5602 1435 1437
5603 5499 5534
5604 4315 5487
5605 4235 4238
5606 3491 3492
5607 3491 3499
5608 1451 1452
5609 3459 3501
5610 3491 3502
5611 4219 5553
5612 3507 3508
5613 3507 3514
5614 1467 1468
5615 1467 1470
5616 1467 1472
5617 5451 5569
5618 3523 3524
5619 3523 3528
5620 3139 3140
5621 5579 5584
5622 3539 3540
5623 5595 5596
5624 5595 5598
5625 1483 1508
5626 1515 1516
5627 1515 1521
5628 3571 3572
5629 5627 5628
5630 1531 1533
5631 5627 5630
5632 1531 1535
5633 3075 3076
5634 5003 5125
5635 1019 1032
5636 3075 3083
5637 5131 5133
5638 5131 5135
5639 3091 3092
5640 3091 3093
5641 539 1048
5642 4995 4996
5643 5147 5149
5644 5147 5151
5645 4971 5155
5646 3107 3108
5647 1051 1062
5648 507 1069
5649 4819 4820
5650 3123 3124
5651 4475 5173
5652 1067 1078
5653 4523 5179
5654 1083 1084
5655 4819 4822
5656 1083 1089
5657 1083 1092
5658 3139 3142
5659 1099 1100
5660 3155 3156
5661 4491 5210
5662 3155 3163
5663 5211 5212
5664 1115 1118
5665 4803 4804
5666 3171 3172
5667 3171 3173
5668 1131 1132
5669 4803 4806
5670 1131 1134
5671 3123 3186
5672 3187 3188
5673 3187 3190
5674 4115 4116
5675 5243 5247
5676 1147 1152
5677 3203 3204
5678 3203 3206
5679 5259 5261
5680 5259 5263
5681 155 1170
5682 3219 3220
5683 3219 3222
5684 5619 5622
5685 5275 5277
5686 3235 3236
5687 363 1190
5688 2979 3239
5689 3235 3241
5690 3235 3244
5691 5291 5293
5692 3251 3252
5693 3251 3253
5694 1195 1206
5695 571 1210
5696 1211 1212
5697 3155 3262
5698 1211 1217
5699 1211 1220
5700 3267 3270
5701 5075 5076
5702 379 1227
5703 1227 1228
5704 5323 5330
5705 3283 3284
5706 5027 5038
5707 3283 3286
5708 2611 2614
5709 3267 3290
5710 5339 5340
5711 5339 5341
5712 1243 1246
5713 2643 5405
5714 427 1251
5715 3267 3307
5716 1259 1260
5717 3283 3309
5718 1259 1262
5719 5355 5359
5720 3315 3316
5721 3315 3319
5722 3171 3320
5723 3315 3321
5724 4459 4462
5725 1275 1276
5726 5371 5373
5727 5371 5375
5728 5108 5121
5729 1028 1029
5730 5124 5126
5731 1028 1031
5732 3084 3085
5733 3084 3087
5734 1044 1045
5735 5140 5143
5736 3084 3096
5737 5124 5145
5738 5140 5151
5739 4324 4325
5740 1060 1061
5741 1060 1063
5742 3116 3117
5743 3116 3119
5744 1076 1077
5745 1076 1079
5746 4932 4933
5747 3116 3132
5748 3132 3133
5749 3132 3134
5750 3860 3861
5751 1076 1092
5752 5188 5189
5753 1092 1094
5754 5188 5195
5755 3148 3149
5756 1060 1102
5757 3148 3151
5758 1108 1109
5759 5204 5209
5760 1108 1115
5761 3164 3165
5762 4484 5214
5763 3164 3167
5764 3148 3168
5765 1108 1121
5766 4700 5432
5767 4172 4173
5768 1124 1125
5769 1124 1126
5770 3164 3176
5771 5220 5225
5772 5140 5141
5773 5188 5231
5774 5220 5233
5775 1140 1141
5776 5236 5238
5777 1140 1143
5778 3196 3197
5779 3196 3199
5780 5252 5253
5781 5252 5255
5782 1140 1161
5783 3196 3212
5784 3212 3213
5785 3212 3214
5786 2924 2935
5787 148 1172
5788 1172 1173
5789 5124 5125
5790 356 1179
5791 3228 3229
5792 3228 3231
5793 2988 3232
5794 1188 1189
5795 1188 1191
5796 1156 1192
5797 2636 5421
5798 3228 3244
5799 3244 3246
5800 5044 5299
5801 1204 1205
5802 1204 1207
5803 4492 4495
5804 5300 5305
5805 5300 5308
5806 3260 3261
5807 3260 3264
5808 1204 1220
5809 5316 5317
5810 1220 1222
5811 372 1228
5812 3276 3277
5813 1188 1230
5814 3276 3280
5815 1236 1237
5816 3724 3725
5817 5332 5335
5818 1236 1243
5819 3292 3293
5820 3292 3295
5821 1236 1249
5822 5444 5445
5823 1252 1253
5824 1252 1254
5825 2564 5355
5826 3308 3310
5827 3092 3094
5828 1268 1269
5829 1268 1271
5830 5348 5369
5831 3324 3325
5832 1124 1279
5833 3324 3328
5834 1268 1284
5835 5332 5381
5836 1284 1286
5837 3340 3341
5838 3340 3344
5839 3556 3572
5840 1300 1301
5841 1300 1302
5842 1300 1312
5843 4 1313
5844 4852 5410
5845 1316 1317
5846 5292 5293
5847 2948 4123
5848 5412 5417
5849 5292 5294
5850 3372 3373
5851 3372 3375
5852 3372 3377
5853 4660 5426
5854 1332 1333
5855 1332 1334
5856 3388 3391
5857 1348 1349
5858 5444 5447
5859 1348 1353
5860 4708 5450
5861 3404 3406
5862 5460 5461
5863 5460 5462
5864 3420 3421
5865 3420 3428
5866 5460 5477
5867 3420 3431
5868 3436 3437
5869 5444 5486
5870 1252 1392
5871 3436 3442
5872 5492 5494
5873 5292 5309
5874 3452 3453
5875 1364 1406
5876 1396 1408
5877 3452 3458
5878 1412 1413
5879 5508 5510
5880 3452 3464
5881 1412 1417
5882 3292 3474
5883 5612 5621
5884 5412 5413
5885 5524 5535
5886 1444 1445
5887 5540 5542
5888 1444 1447
5889 3484 3500
5890 3500 3501
5891 3500 3502
5892 5540 5552
5893 1460 1461
5894 1428 1462
5895 3468 3517
5896 3036 3521
5897 1476 1477
5898 5572 5574
5899 1476 1479
5900 3052 3528
5901 3532 3533
5902 3532 3535
5903 5276 5277
5904 1492 1493
5905 1492 1499
5906 3548 3551
5907 1508 1509
5908 4692 4695
5909 5604 5611
5910 3564 3565
5911 2788 2789
5912 1524 1525
5913 5476 5477
5914 3564 3576
5915 3580 3581
5916 3580 3585
5917 1540 1541
5918 1540 1543
5919 3532 3592
5920 5172 5173
5921 4676 4677
5922 3596 3597
5923 3596 3602
5924 1556 1557
5925 1556 1559
5926 3596 3608
5927 5148 5159
5928 4732 4736
5929 4540 4541
5930 1556 1572
5931 1572 1574
5932 1572 1576
5933 3628 3629
5934 3628 3633
5935 1588 1589
5936 5156 5157
5937 3644 3645
5938 3644 3649
5939 1604 1605
5940 1604 1607
5941 3660 3661
5942 4524 4525
5943 1604 1616
5944 3660 3665
5945 4524 4527
5946 1492 1629
5947 1636 1639
5948 3588 3589
5949 5196 5197
5950 3692 3693
5951 3692 3695
5952 1652 1654
5953 5012 5029
5954 4220 4221
5955 1500 2855
5956 3692 3713
5957 1668 1669
5958 1668 1674
5959 3676 3725
5960 1684 1686
5961 1684 1688
5962 3740 3741
5963 3740 3743
5964 1700 1701
5965 1700 1703
5966 3756 3757
5967 3756 3759
5968 1716 1717
5969 1716 1719
5970 3772 3773
5971 3772 3775
5972 3756 3777
5973 1732 1733
5974 3772 3782
5975 1732 1735
5976 4732 4733
5977 5036 5037
5978 3100 3791
5979 1748 1749
5980 1748 1754
5981 3804 3805
5982 3756 3806
5983 4148 4149
5984 1764 1766
5985 1764 1768
5986 3820 3821
5987 5220 5221
5988 1780 1781
5989 3132 3830
5990 1780 1783
5991 3836 3837
5992 5276 5289
5993 1796 1797
5994 1796 1799
5995 3852 3854
5996 1812 1813
5997 1812 1815
5998 3868 3870
5999 1380 4213
6000 1828 1829
6001 3356 3879
6002 1828 1838
6003 4404 4405
6004 3884 3892
6005 4420 4421
6006 1844 1846
6007 1620 1851
6008 3836 3900
6009 3900 3901
6010 2940 3904
6011 5268 5269
6012 1860 1861
6013 1860 1863
6014 2972 2997
6015 3916 3917
6016 1876 1877
6017 1876 1879
6018 3932 3933
6019 3932 3936
6020 1892 1893
6021 1892 1895
6022 1068 3947
6023 3948 3949
6024 1876 1902
6025 1892 1903
6026 1860 1914
6027 3964 3965
6028 3964 3967
6029 1924 1925
6030 1924 1927
6031 3980 3981
6032 3980 3983
6033 1940 1941
6034 4724 4730
6035 1940 1943
6036 3996 3997
6037 3996 3999
6038 3980 4001
6039 1956 1957
6040 3996 4006
6041 1940 1961
6042 4964 5116
6043 4708 4709
6044 1924 1970
6045 1972 1973
6046 1884 1887
6047 1972 1975
6048 4028 4029
6049 3980 4030
6050 4572 4573
6051 1988 1989
6052 1988 1991
6053 4044 4045
6054 4044 4048
6055 2004 2005
6056 2004 2007
6057 1196 4059
6058 4060 4061
6059 5204 5215
6060 2020 2021
6061 2020 2026
6062 4076 4077
6063 4076 4079
6064 4556 4557
6065 3300 3311
6066 2036 2038
6067 5028 5029
6068 2036 2040
6069 4556 4559
6070 4092 4093
6071 4092 4095
6072 4 5
6073 4100 4102
6074 4132 4135
6075 4644 5396
6076 4 12
6077 2060 2061
6078 2060 2063
6079 4116 4117
6080 4116 4118
6081 20 23
6082 5404 5421
6083 1884 2075
6084 2076 2077
6085 2076 2081
6086 2060 2085
6087 36 39
6088 2092 2093
6089 2092 2094
6090 2060 2097
6091 3188 4148
6092 52 53
6093 4628 4630
6094 4148 4151
6095 3892 4153
6096 2108 2109
6097 52 64
6098 1628 2113
6099 68 69
6100 4132 4167
6101 1644 2120
6102 68 73
6103 2124 2125
6104 2124 2127
6105 4180 4181
6106 4180 4183
6107 84 89
6108 2140 2143
6109 5260 5508
6110 100 101
6111 4196 4198
6112 100 105
6113 5372 5383
6114 2156 2158
6115 5076 5086
6116 116 117
6117 116 121
6118 2172 2173
6119 2172 2174
6120 2124 2175
6121 4180 4224
6122 132 133
6123 5580 5581
6124 4228 4234
6125 132 140
6126 2188 2189
6127 132 143
6128 4228 4240
6129 148 149
6130 148 155
6131 2204 2205
6132 2204 2207
6133 100 160
6134 164 165
6135 2204 2218
6136 164 171
6137 764 2220
6138 2220 2221
6139 2220 2223
6140 180 181
6141 4100 4101
6142 2236 2237
6143 2236 2244
6144 196 197
6145 196 199
6146 2252 2255
6147 212 213
6148 212 215
6149 3636 3637
6150 2268 2269
6151 212 223
6152 228 229
6153 228 230
6154 2284 2285
6155 2284 2287
6156 2268 2289
6157 828 2292
6158 244 245
6159 2284 2294
6160 244 247
6161 4876 4917
6162 244 260
6163 4356 4357
6164 260 262
6165 4356 4359
6166 260 264
6167 2316 2317
6168 4420 4423
6169 276 277
6170 4372 4375
6171 2332 2333
6172 4756 4757
6173 4372 4388
6174 292 293
6175 4388 4390
6176 4388 4392
6177 2348 2349
6178 308 309
6179 308 311
6180 5356 5399
6181 2364 2366
6182 324 325
6183 324 327
6184 5204 5205
6185 5236 5237
6186 2380 2382
6187 4420 4432
6188 324 340
6189 340 342
6190 340 344
6191 84 345
6192 1708 2397
6193 1724 2398
6194 4356 4448
6195 4604 4605
6196 2396 2404
6197 356 357
6198 356 363
6199 2348 2412
6200 2412 2413
6201 372 373
6202 372 379
6203 2428 2429
6204 4468 4481
6205 388 389
6206 4484 4487
6207 388 393
6208 2444 2445
6209 388 399
6210 404 405
6211 4500 4502
6212 5556 5557
6213 5060 5061
6214 404 409
6215 2460 2461
6216 404 415
6217 4444 4446
6218 2396 2467
6219 420 421
6220 420 423
6221 1532 2472
6222 420 425
6223 2044 2474
6224 4924 4925
6225 2476 2478
6226 5236 5257
6227 436 437
6228 4532 4535
6229 2492 2494
6230 452 453
6231 4548 4551
6232 2236 2504
6233 452 457
6234 452 463
6235 468 469
6236 468 471
6237 4564 4570
6238 468 475
6239 2524 2525
6240 484 485
6241 4580 4582
6242 484 487
6243 4580 4584
6244 484 494
6245 500 501
6246 500 502
6247 4596 4599
6248 2556 2557
6249 2556 2559
6250 2540 2561
6251 516 517
6252 516 519
6253 5388 5389
6254 2572 2573
6255 2572 2575
6256 516 532
6257 532 534
6258 2572 2583
6259 532 536
6260 548 549
6261 2588 2598
6262 2092 2101
6263 2604 2606
6264 4740 4786
6265 564 565
6266 564 566
6267 980 997
6268 2620 2622
6269 3516 3517
6270 580 581
6271 4676 4679
6272 4692 4693
6273 596 599
6274 4132 4133
6275 2652 2653
6276 612 613
6277 4236 4237
6278 612 615
6279 2900 3037
6280 4692 4718
6281 4708 4719
6282 628 633
6283 4676 4730
6284 2668 2685
6285 4740 4741
6286 3236 3246
6287 436 654
6288 660 661
6289 164 662
6290 4596 4760
6291 660 665
6292 2700 2718
6293 2732 2733
6294 4772 4786
6295 1972 4788
6296 1788 2741
6297 1804 2742
6298 4316 4317
6299 2748 2749
6300 2460 2752
6301 4788 4790
6302 708 709
6303 708 711
6304 1468 2763
6305 2764 2765
6306 4788 4792
6307 4820 4821
6308 676 726
6309 4820 4823
6310 2780 2781
6311 2780 2783
6312 4492 5229
6313 2076 2785
6314 4836 4837
6315 740 743
6316 4300 4301
6317 2796 2797
6318 2796 2798
6319 756 757
6320 3788 5118
6321 756 759
6322 2716 2811
6323 4300 4305
6324 2812 2813
6325 2812 2814
6326 772 773
6327 2780 2822
6328 4868 4871
6329 5108 5109
6330 772 778
6331 2268 2828
6332 772 781
6333 2828 2830
6334 5572 5573
6335 788 789
6336 2828 2840
6337 2844 2845
6338 804 805
6339 804 807
6340 4492 4493
6341 2860 2861
6342 2860 2862
6343 4708 4711
6344 1436 2868
6345 820 821
6346 820 827
6347 2876 2881
6348 836 837
6349 4932 4935
6350 4452 4938
6351 2892 2893
6352 5252 5263
6353 2892 2897
6354 852 853
6355 4948 4950
6356 2684 2685
6357 4932 4954
6358 756 2225
6359 2908 2909
6360 2908 2913
6361 868 869
6362 5500 5501
6363 4932 4968
6364 5588 5599
6365 2924 2925
6366 2924 2932
6367 4980 4981
6368 884 887
6369 4516 4984
6370 4940 4941
6371 2940 2941
6372 2940 2947
6373 4996 4997
6374 4996 4999
6375 2892 2952
6376 2956 2957
6377 2956 2959
6378 2956 2961
6379 5116 5117
6380 916 917
6381 5012 5014
6382 916 919
6383 4884 5018
6384 4836 4839
6385 724 930
6386 932 933
6387 5420 5421
6388 4996 5038
6389 948 949
6390 948 951
6391 3004 3005
6392 5044 5056
6393 3004 3010
6394 964 965
6395 964 966
6396 5060 5063
6397 308 969
6398 3716 5066
6399 3020 3022
6400 3020 3024
6401 3180 3317
6402 3700 5076
6403 980 981
6404 980 982
6405 948 990
6406 3036 3040
6407 2812 5559
6408 996 997
6409 996 998
6410 3052 3053
6411 996 1008
6412 964 1012
6413 1012 1013
6414 484 1014
6415 5108 5113
6416 4164 4165
6417 3068 3069
6418 2748 2752
6419 3076 3077
6420 3076 3082
6421 1036 1037
6422 1036 1038
6423 5132 5139
6424 1004 1046
6425 3092 3096
6426 1052 1053
6427 1052 1054
6428 5148 5153
6429 3108 3109
6430 3108 3111
6431 1052 1064
6432 620 2101
6433 1068 1069
6434 1068 1070
6435 5164 5169
6436 3124 3125
6437 3124 3127
6438 796 1080
6439 5164 5177
6440 1084 1085
6441 5180 5182
6442 4900 4903
6443 3140 3141
6444 1084 1094
6445 3140 3143
6446 1100 1101
6447 5196 5199
6448 5180 5201
6449 3156 3157
6450 5196 5207
6451 3156 3162
6452 1116 1117
6453 1116 1119
6454 3172 3174
6455 3172 3176
6456 1132 1133
6457 1132 1135
6458 3188 3189
6459 1116 1143
6460 1948 2447
6461 1148 1149
6462 5244 5251
6463 1148 1156
6464 3204 3205
6465 3204 3207
6466 1116 1160
6467 4332 4333
6468 1164 1165
6469 1164 1166
6470 5300 5301
6471 4804 4805
6472 5260 5265
6473 3220 3221
6474 3220 3223
6475 4316 5273
6476 1180 1181
6477 1180 1182
6478 5276 5281
6479 4668 4669
6480 3236 3237
6481 4796 5286
6482 1180 1192
6483 1148 1193
6484 1196 1197
6485 1196 1198
6486 3252 3254
6487 5620 5621
6488 3028 3259
6489 1212 1213
6490 5284 5285
6491 3268 3269
6492 1212 1222
6493 3268 3271
6494 1228 1229
6495 5148 5149
6496 3284 3285
6497 3284 3287
6498 5324 5337
6499 1244 1245
6500 5340 5342
6501 1244 1247
6502 5340 5344
6503 2572 5348
6504 3300 3301
6505 3300 3303
6506 1260 1261
6507 3284 3310
6508 1260 1263
6509 5356 5363
6510 1244 1271
6511 3268 3322
6512 1276 1277
6513 5372 5377
6514 5132 5133
6515 1244 1283
6516 3332 3333
6517 1276 1286
6518 3332 3335
6519 1292 1293
6520 5388 5393
6521 540 1299
6522 3348 3349
6523 3348 3351
6524 5388 5401
6525 5468 5469
6526 1308 1309
6527 5404 5406
6528 1308 1311
6529 12 1312
6530 3364 3365
6531 1036 1319
6532 3348 3369
6533 1020 1324
6534 1324 1325
6535 1324 1327
6536 3332 3378
6537 3380 3384
6538 380 1337
6539 1340 1341
6540 1308 1343
6541 3396 3397
6542 5436 5449
6543 5180 5181
6544 5452 5454
6545 1356 1359
6546 5452 5456
6547 4188 4221
6548 3412 3413
6549 4588 4781
6550 1372 1373
6551 1372 1375
6552 5468 5473
6553 5468 5476
6554 3428 3429
6555 4956 4958
6556 1388 1389
6557 5380 5381
6558 1388 1394
6559 1388 1397
6560 652 1404
6561 1404 1405
6562 4284 4509
6563 3300 3455
6564 4476 4477
6565 3460 3461
6566 3460 3463
6567 5516 5517
6568 5244 5518
6569 1420 1423
6570 5516 5520
6571 3476 3479
6572 4828 5531
6573 5532 5533
6574 4892 5536
6575 5244 5245
6576 3492 3493
6577 1452 1453
6578 1452 1454
6579 5548 5551
6580 3492 3504
6581 860 1461
6582 4532 4533
6583 3508 3513
6584 2796 5564
6585 5564 5565
6586 5564 5567
6587 3460 3520
6588 1468 1473
6589 3524 3525
6590 3524 3530
6591 1484 1485
6592 4908 5582
6593 5548 5583
6594 3524 3536
6595 1484 1489
6596 5132 5175
6597 1500 1501
6598 1500 1505
6599 5092 5101
6600 4516 4517
6601 4940 5608
6602 5596 5611
6603 1516 1517
6604 4348 5614
6605 4516 4519
6606 1516 1524
6607 3572 3573
6608 3572 3574
6609 1516 1527
6610 1532 1533
6611 5308 5309
6612 5628 5633
6613 1532 1539
6614 3540 3589
6615 1484 1544
6616 1548 1549
6617 1548 1551
6618 1548 1553
6619 3604 3605
6620 3604 3607
6621 3620 3622
6622 5332 5333
6623 1564 1589
6624 4052 4063
6625 2596 2702
6626 1596 1597
6627 1596 1602
6628 3652 3653
6629 3604 3656
6630 1612 1614
6631 1612 1616
6632 3668 3671
6633 5372 5373
6634 1628 1632
6635 3684 3685
6636 3684 3687
6637 1644 1645
6638 4380 4405
6639 4684 4685
6640 3700 3701
6641 2508 5309
6642 3700 3708
6643 1660 1661
6644 4684 4688
6645 3716 3717
6646 3716 3718
6647 820 3724
6648 1676 1677
6649 5020 5021
6650 1676 1679
6651 3316 3322
6652 3732 3733
6653 1676 1688
6654 4908 4909
6655 3732 3746
6656 5164 5165
6657 3748 3749
6658 3748 3751
6659 1708 1709
6660 1708 1711
6661 5020 5028
6662 3764 3765
6663 3764 3766
6664 3764 3768
6665 1708 1724
6666 1724 1725
6667 1724 1726
6668 5004 5006
6669 3780 3781
6670 3780 3784
6671 1740 1741
6672 1740 1743
6673 3796 3798
6674 1756 1757
6675 1756 1759
6676 1740 1760
6677 3812 3814
6678 1756 1768
6679 5484 5485
6680 2188 2191
6681 3828 3836
6682 1788 1789
6683 1788 1791
6684 3108 3842
6685 3844 3845
6686 1788 1804
6687 1804 1805
6688 1804 1806
6689 3444 3445
6690 1820 1821
6691 1820 1823
6692 1580 1824
6693 3876 3877
6694 1820 1836
6695 1836 1838
6696 4828 4833
6697 3892 3893
6698 3828 3899
6699 1852 1853
6700 4228 4229
6701 1852 1856
6702 3908 3910
6703 5356 5357
6704 1868 1869
6705 1868 1872
6706 3924 3926
6707 4564 4565
6708 1884 1885
6709 924 941
6710 3380 3947
6711 3396 3949
6712 1900 1902
6713 3940 3951
6714 1772 1909
6715 2828 2829
6716 1916 1917
6717 1916 1920
6718 684 2169
6719 3956 3970
6720 3972 3973
6721 3972 3975
6722 4548 4549
6723 1932 1933
6724 1932 1936
6725 3988 3989
6726 3988 3990
6727 3988 3992
6728 5084 5101
6729 4412 4413
6730 700 2149
6731 1948 1952
6732 4004 4005
6733 4004 4008
6734 1964 1965
6735 1964 1967
6736 1964 1969
6737 4020 4022
6738 5540 5541
6739 1980 1981
6740 1980 1983
6741 4308 4309
6742 4036 4038
6743 1980 1996
6744 1996 1997
6745 1996 1998
6746 5364 5365
6747 5364 5367
6748 2012 2013
6749 2012 2015
6750 4068 4069
6751 3612 3653
6752 2028 2029
6753 2028 2031
6754 2012 2032
6755 4068 4082
6756 4084 4085
6757 4084 4087
6758 2028 2040
6759 2044 2045
6760 2044 2047
6761 5348 5349
6762 5364 5375
6763 2052 2053
6764 5348 5350
6765 1892 2056
6766 2052 2057
6767 4092 4106
6768 4012 4107
6769 4108 4109
6770 4108 4111
6771 5212 5213
6772 2068 2069
6773 3436 4121
6774 4716 4718
6775 4372 4373
6776 28 29
6777 4124 4126
6778 28 33
6779 2084 2085
6780 628 2086
6781 4124 4136
6782 4140 4141
6783 3196 4142
6784 3212 4143
6785 3884 4149
6786 612 2106
6787 44 60
6788 60 61
6789 60 62
6790 2876 4164
6791 2116 2117
6792 2116 2122
6793 76 77
6794 2116 2128
6795 4172 4178
6796 4100 4108
6797 4172 4184
6798 92 93
6799 92 95
6800 108 109
6801 2148 2159
6802 108 115
6803 692 2164
6804 2164 2165
6805 2164 2167
6806 1372 4218
6807 2132 2172
6808 124 125
6809 5052 5069
6810 2180 2181
6811 140 141
6812 4236 4239
6813 2180 2194
6814 2196 2197
6815 2196 2199
6816 156 157
6817 4252 4254
6818 156 159
6819 2908 4260
6820 2212 2213
6821 2212 2214
6822 2212 2220
6823 172 173
6824 4276 4277
6825 172 177
6826 2228 2229
6827 2228 2230
6828 4236 4280
6829 172 187
6830 188 189
6831 188 191
6832 4284 4289
6833 5404 5405
6834 204 205
6835 204 207
6836 204 209
6837 2260 2261
6838 2260 2264
6839 220 221
6840 4316 4321
6841 2276 2277
6842 2276 2278
6843 2276 2280
6844 236 237
6845 236 239
6846 236 241
6847 4124 4125
6848 4332 4340
6849 2292 2293
6850 4332 4343
6851 2292 2296
6852 4596 4597
6853 4348 4349
6854 1908 1914
6855 4260 4268
6856 4348 4355
6857 5100 5101
6858 2308 2310
6859 4300 4360
6860 4364 4365
6861 4364 4367
6862 4364 4369
6863 252 277
6864 2324 2326
6865 284 285
6866 284 292
6867 284 295
6868 2340 2348
6869 300 301
6870 900 2354
6871 300 307
6872 2356 2357
6873 2692 2702
6874 4308 5488
6875 316 317
6876 316 319
6877 316 321
6878 4412 4418
6879 4916 4917
6880 2372 2373
6881 4444 4448
6882 4428 4430
6883 4428 4432
6884 2388 2389
6885 348 349
6886 348 350
6887 332 352
6888 2404 2405
6889 156 359
6890 1700 2410
6891 2340 2411
6892 364 365
6893 364 367
6894 348 369
6895 5396 5397
6896 4900 4901
6897 2420 2422
6898 364 375
6899 380 381
6900 380 383
6901 2436 2438
6902 396 397
6903 396 399
6904 4476 4502
6905 4492 4503
6906 3956 3957
6907 2452 2460
6908 412 413
6909 412 415
6910 4508 4514
6911 2404 2468
6912 2468 2469
6913 428 429
6914 428 431
6915 4764 4774
6916 2484 2485
6917 4748 4749
6918 428 439
6919 4524 4540
6920 444 445
6921 444 446
6922 108 451
6923 4484 4485
6924 2500 2502
6925 2500 2504
6926 460 461
6927 460 463
6928 2244 2514
6929 2516 2518
6930 2516 2520
6931 476 477
6932 4572 4575
6933 4556 4576
6934 5228 5229
6935 4572 4584
6936 492 493
6937 2532 2544
6938 2548 2549
6939 300 502
6940 2548 2552
6941 508 509
6942 508 511
6943 5068 5069
6944 508 513
6945 2564 2565
6946 2564 2567
6947 4604 4620
6948 4620 4621
6949 4620 4622
6950 2580 2582
6951 3188 3191
6952 540 541
6953 4636 4638
6954 2556 2582
6955 4636 4640
6956 540 545
6957 524 548
6958 3356 3360
6959 556 557
6960 4652 4654
6961 5548 5549
6962 4652 4656
6963 2612 2613
6964 556 568
6965 572 573
6966 4668 4672
6967 572 577
6968 2628 2630
6969 2628 2632
6970 588 589
6971 988 989
6972 588 593
6973 2644 2646
6974 3508 3509
6975 2644 2648
6976 4700 4701
6977 4700 4703
6978 4308 4315
6979 2660 2672
6980 2676 2677
6981 2676 2679
6982 2532 2680
6983 4396 4731
6984 636 637
6985 636 639
6986 4292 4293
6987 4292 4295
6988 4244 4277
6989 604 654
6990 4748 4751
6991 4604 4753
6992 4620 4754
6993 4156 4157
6994 4156 4158
6995 2708 2718
6996 668 671
6997 1540 2722
6998 2724 2726
6999 4612 4615
7000 684 685
7001 684 687
7002 4780 4786
7003 2740 2742
7004 1780 2747
7005 2452 2748
7006 1692 2359
7007 700 705
7008 1980 4806
7009 4612 4613
7010 2756 2767
7011 188 724
7012 2772 2773
7013 2772 2774
7014 4812 4824
7015 732 733
7016 2772 2784
7017 732 737
7018 2660 2789
7019 4476 4479
7020 4204 4212
7021 2804 2805
7022 1996 4854
7023 2804 2807
7024 4860 4861
7025 4860 4865
7026 2268 2271
7027 2820 2821
7028 4436 5376
7029 4460 4461
7030 5428 5429
7031 268 788
7032 2836 2837
7033 748 790
7034 2836 2839
7035 780 792
7036 4892 4893
7037 4892 4894
7038 4540 4542
7039 796 801
7040 2852 2853
7041 2852 2855
7042 812 813
7043 4908 4910
7044 812 817
7045 2868 2869
7046 2836 2871
7047 828 829
7048 828 833
7049 4924 4931
7050 2884 2885
7051 116 389
7052 2884 2887
7053 4924 4937
7054 844 845
7055 4940 4942
7056 844 852
7057 2900 2901
7058 1164 1181
7059 844 855
7060 2900 2907
7061 860 861
7062 4740 4743
7063 4956 4960
7064 860 866
7065 2916 2917
7066 5412 5420
7067 812 871
7068 876 877
7069 4972 4974
7070 4972 4976
7071 876 881
7072 2932 2933
7073 2948 2949
7074 5260 5261
7075 2948 2951
7076 4988 5001
7077 4524 5002
7078 908 909
7079 908 910
7080 5004 5008
7081 4604 4607
7082 2964 2965
7083 2964 2967
7084 924 925
7085 924 926
7086 5012 5013
7087 5020 5025
7088 188 931
7089 2964 2980
7090 892 933
7091 2980 2982
7092 2980 2984
7093 4540 5036
7094 940 941
7095 940 942
7096 2996 2997
7097 940 952
7098 908 956
7099 956 957
7100 2300 5059
7101 3012 3013
7102 3012 3015
7103 972 973
7104 972 975
7105 3012 3024
7106 220 989
7107 3708 5086
7108 3116 3829
7109 3044 3047
7110 1004 1005
7111 1004 1007
7112 4340 4341
7113 3060 3062
7114 1020 1021
7115 1020 1022
7116 4853 4854
7117 4421 4422
7118 3325 3330
7119 1285 1286
7120 3325 3336
7121 3341 3342
7122 3341 3346
7123 1301 1303
7124 3341 3352
7125 4245 4246
7126 3357 3358
7127 5525 5526
7128 3357 3362
7129 2629 5413
7130 1317 1319
7131 5413 5421
7132 2957 3374
7133 3613 3614
7134 3373 3378
7135 509 3379
7136 5397 5428
7137 5429 5430
7138 1029 1335
7139 1901 2662
7140 3389 3390
7141 1333 1344
7142 1349 1350
7143 5445 5448
7144 4229 4230
7145 1349 1356
7146 3405 3406
7147 3125 3150
7148 1349 1362
7149 5141 5142
7150 1365 1366
7151 1365 1367
7152 3421 3422
7153 1381 1382
7154 1381 1384
7155 3421 3433
7156 3437 3438
7157 3437 3441
7158 1381 1397
7159 5493 5494
7160 1397 1399
7161 5493 5498
7162 4821 5501
7163 645 1406
7164 4293 5503
7165 5493 5506
7166 4845 5415
7167 1413 1414
7168 5509 5511
7169 3453 3467
7170 1413 1420
7171 3469 3470
7172 3469 3472
7173 1413 1426
7174 1429 1430
7175 1429 1431
7176 4661 5528
7177 5325 5470
7178 3485 3486
7179 677 1439
7180 3485 3488
7181 2397 2406
7182 1445 1446
7183 5541 5543
7184 1445 1449
7185 4901 5550
7186 1461 1462
7187 5557 5559
7188 3517 3518
7189 3517 3519
7190 3501 3520
7191 2205 2206
7192 2805 5575
7193 3533 3534
7194 3533 3536
7195 1493 1494
7196 5589 5591
7197 1493 1498
7198 3549 3550
7199 3549 3552
7200 5589 5601
7201 5605 5606
7202 1509 1525
7203 1525 1526
7204 1525 1527
7205 5077 5600
7206 4461 4462
7207 3581 3582
7208 2869 2870
7209 4733 4738
7210 3085 3086
7211 229 1042
7212 5349 5351
7213 1045 1046
7214 533 1049
7215 3101 3102
7216 3101 3104
7217 4469 5153
7218 4717 4718
7219 4733 4744
7220 1061 1062
7221 37 1063
7222 3117 3118
7223 4389 4390
7224 3117 3120
7225 1077 1078
7226 3117 3133
7227 3133 3135
7228 3133 3137
7229 1093 1094
7230 5189 5194
7231 53 1100
7232 3149 3150
7233 5197 5198
7234 5205 5206
7235 5205 5208
7236 5173 5211
7237 3165 3166
7238 1109 1122
7239 1125 1127
7240 5221 5224
7241 1125 1129
7242 3181 3182
7243 3181 3184
7244 4469 4470
7245 1141 1142
7246 5237 5239
7247 3197 3198
7248 3197 3200
7249 1157 1158
7250 1157 1160
7251 3197 3213
7252 3213 3215
7253 1157 1169
7254 5333 5336
7255 1173 1174
7256 3229 3230
7257 4453 4454
7258 1189 1190
7259 4789 5287
7260 2517 5291
7261 3157 3168
7262 3245 3246
7263 2501 5301
7264 1205 1206
7265 4765 4768
7266 3021 3260
7267 5301 5309
7268 3261 3262
7269 3261 3266
7270 5285 5316
7271 1221 1222
7272 3261 3272
7273 3277 3278
7274 3277 3282
7275 5333 5334
7276 3277 3288
7277 3293 3294
7278 3293 3296
7279 1237 1250
7280 1253 1255
7281 1253 1257
7282 4261 4262
7283 3309 3310
7284 1269 1270
7285 1685 2360
7286 5517 5518
7287 3325 3326
7288 13 30
7289 3853 3854
7290 4877 5023
7291 3853 3858
7292 3853 3866
7293 1797 1822
7294 1573 1826
7295 1829 1837
7296 3885 3886
7297 3885 3887
7298 5589 5590
7299 1845 1846
7300 1845 1848
7301 3901 3902
7302 1861 1862
7303 1861 1864
7304 4957 4958
7305 3797 3810
7306 3917 3918
7307 1877 1878
7308 5565 5566
7309 1877 1880
7310 1085 3932
7311 3933 3934
7312 3933 3938
7313 1653 2432
7314 1893 1894
7315 1893 1896
7316 3949 3950
7317 1893 1904
7318 1909 1910
7319 1765 1911
7320 5437 5438
7321 4501 5211
7322 1621 1918
7323 5437 5440
7324 2989 3973
7325 1925 1926
7326 1925 1928
7327 3981 3982
7328 3981 3984
7329 3965 3986
7330 4765 4766
7331 1941 1942
7332 5573 5584
7333 1941 1944
7334 3997 3998
7335 3981 4002
7336 5509 5526
7337 1957 1958
7338 1957 1959
7339 1845 1963
7340 4013 4014
7341 5629 5630
7342 3245 4020
7343 1973 1974
7344 1973 1976
7345 1973 1978
7346 4029 4030
7347 5245 5246
7348 4749 4750
7349 2229 2350
7350 861 862
7351 1213 4044
7352 4045 4046
7353 4045 4050
7354 4045 4053
7355 3661 3674
7356 1989 2014
7357 2021 2022
7358 3309 4071
7359 2021 2029
7360 2021 2032
7361 2037 2038
7362 2037 2043
7363 4077 4094
7364 3581 3588
7365 1541 1542
7366 3581 3591
7367 3597 3598
7368 1557 1558
7369 1557 1560
7370 3597 3611
7371 3181 3614
7372 3613 3616
7373 1573 1574
7374 3869 3870
7375 1573 1580
7376 3629 3630
7377 3629 3636
7378 1589 1590
7379 3629 3639
7380 3869 3874
7381 3645 3646
7382 4397 4670
7383 3645 3652
7384 1605 1606
7385 3645 3655
7386 3661 3662
7387 3661 3668
7388 1621 1622
7389 1621 1624
7390 2085 2096
7391 3549 3575
7392 4309 4310
7393 3677 3678
7394 3677 3679
7395 1637 1638
7396 1637 1640
7397 4349 4354
7398 3693 3694
7399 1477 1647
7400 1653 1654
7401 1653 1658
7402 1637 1662
7403 3709 3712
7404 1669 1670
7405 3709 3721
7406 1669 1677
7407 3725 3726
7408 1637 1679
7409 1669 1680
7410 3565 3730
7411 1685 1686
7412 1685 1692
7413 5613 5614
7414 1701 1702
7415 4629 4630
7416 1701 1704
7417 1701 1706
7418 3757 3758
7419 3757 3760
7420 3741 3762
7421 4525 4528
7422 3773 3774
7423 3757 3778
7424 1717 1742
7425 1749 1750
7426 3565 3575
7427 1749 1757
7428 3805 3806
7429 1749 1760
7430 1765 1766
7431 4989 4990
7432 1765 1772
7433 3821 3822
7434 1781 1782
7435 1781 1784
7436 1781 1786
7437 2141 2307
7438 261 262
7439 261 268
7440 2317 2318
7441 277 278
7442 4373 4376
7443 4973 4974
7444 2333 2334
7445 3885 3894
7446 293 294
7447 293 295
7448 4389 4396
7449 893 2356
7450 309 310
7451 2365 2366
7452 2365 2370
7453 4349 4350
7454 325 326
7455 325 328
7456 5453 5454
7457 2365 2378
7458 2381 2382
7459 2381 2386
7460 4365 4626
7461 341 342
7462 4437 4440
7463 341 346
7464 2397 2398
7465 2397 2399
7466 4781 4782
7467 357 358
7468 357 362
7469 2413 2414
7470 2381 2418
7471 4453 4468
7472 373 374
7473 4469 4472
7474 373 378
7475 2429 2430
7476 4485 4486
7477 4485 4488
7478 4485 4490
7479 2445 2446
7480 389 400
7481 4501 4502
7482 405 416
7483 4517 4518
7484 4517 4520
7485 421 426
7486 2477 2478
7487 2477 2482
7488 3101 3542
7489 2477 2490
7490 2309 2322
7491 2493 2494
7492 2493 2495
7493 2509 2510
7494 453 464
7495 2493 2514
7496 85 467
7497 4565 4566
7498 341 471
7499 2509 2520
7500 469 476
7501 4565 4573
7502 2525 2526
7503 4565 4576
7504 629 1350
7505 485 486
7506 485 488
7507 4581 4588
7508 2541 2542
7509 485 495
7510 3477 4175
7511 2541 2546
7512 1581 2548
7513 4597 4598
7514 4381 4382
7515 4517 4522
7516 4597 4602
7517 2557 2558
7518 4053 4054
7519 5 6
7520 4101 4103
7521 5 11
7522 2061 2062
7523 2061 2064
7524 3709 3710
7525 21 22
7526 21 24
7527 2077 2080
7528 37 38
7529 37 40
7530 3221 4140
7531 4533 4558
7532 2093 2095
7533 4149 4150
7534 4149 4153
7535 4365 4370
7536 2109 2110
7537 37 63
7538 2061 2112
7539 69 70
7540 3493 4171
7541 69 76
7542 21 78
7543 69 79
7544 2125 2128
7545 85 86
7546 4181 4184
7547 85 93
7548 2141 2142
7549 2141 2144
7550 4069 4194
7551 4197 4198
7552 101 104
7553 2157 2158
7554 2157 2160
7555 4173 4174
7556 2141 2162
7557 4197 4211
7558 4117 4212
7559 4213 4214
7560 2157 2167
7561 117 120
7562 133 134
7563 133 145
7564 4229 4243
7565 1773 2197
7566 149 150
7567 4245 4248
7568 149 154
7569 2709 5458
7570 2189 2206
7571 165 166
7572 4261 4263
7573 165 170
7574 5125 5127
7575 4261 4269
7576 2221 2222
7577 5021 5029
7578 2221 2225
7579 21 181
7580 4277 4278
7581 4277 4279
7582 5501 5502
7583 5005 5006
7584 2237 2238
7585 2237 2243
7586 2253 2254
7587 2253 2256
7588 4829 4830
7589 213 214
7590 213 216
7591 4309 4314
7592 2269 2270
7593 2269 2272
7594 181 231
7595 5485 5486
7596 2285 2286
7597 2269 2290
7598 4325 4341
7599 245 246
7600 4341 4343
7601 245 248
7602 2253 2300
7603 2301 2302
7604 741 768
7605 2813 2817
7606 4813 4814
7607 773 774
7608 4869 4872
7609 741 780
7610 773 783
7611 261 789
7612 789 790
7613 3445 3447
7614 4869 4891
7615 2845 2847
7616 2693 5460
7617 4869 4905
7618 3549 3734
7619 2173 2864
7620 1093 3936
7621 821 822
7622 2509 2512
7623 2861 2872
7624 5293 5295
7625 821 826
7626 2877 2878
7627 2877 2885
7628 4933 4934
7629 2341 2350
7630 2893 2896
7631 837 853
7632 853 854
7633 853 855
7634 4917 4918
7635 3557 4955
7636 2909 2912
7637 869 870
7638 869 871
7639 4965 4968
7640 4949 4970
7641 2925 2926
7642 4965 4976
7643 4469 4978
7644 885 886
7645 885 888
7646 2925 2937
7647 709 891
7648 2829 2831
7649 2941 2942
7650 2941 2946
7651 4997 4998
7652 901 903
7653 4997 5000
7654 885 907
7655 3933 3941
7656 2957 2962
7657 5013 5015
7658 885 921
7659 2973 2974
7660 2973 2978
7661 4885 4887
7662 933 934
7663 4549 5034
7664 2989 2990
7665 2989 2994
7666 197 950
7667 5045 5047
7668 917 952
7669 3005 3006
7670 5045 5059
7671 3005 3013
7672 5061 5062
7673 965 967
7674 3005 3016
7675 965 969
7676 5061 5068
7677 3021 3022
7678 4869 4870
7679 3021 3028
7680 5077 5078
7681 981 983
7682 5077 5080
7683 981 985
7684 4397 4402
7685 3037 3038
7686 5077 5087
7687 3037 3042
7688 5093 5094
7689 997 999
7690 5093 5096
7691 4693 4694
7692 3829 3838
7693 3053 3054
7694 3733 5103
7695 2877 3056
7696 2637 2648
7697 501 1012
7698 1013 1015
7699 5109 5112
7700 3069 3070
7701 2557 2560
7702 517 518
7703 517 520
7704 2573 2574
7705 2573 2576
7706 4205 4206
7707 533 534
7708 4629 4631
7709 2573 2584
7710 4613 4633
7711 533 539
7712 4845 4846
7713 2589 2590
7714 2589 2592
7715 4677 4680
7716 2541 2597
7717 4645 4646
7718 4645 4648
7719 4629 4650
7720 1837 2604
7721 2605 2606
7722 4645 4656
7723 2605 2610
7724 549 564
7725 4661 4662
7726 4661 4664
7727 2605 2618
7728 2621 2622
7729 2621 2623
7730 581 582
7731 581 583
7732 565 584
7733 2637 2638
7734 2637 2640
7735 4693 4696
7736 2621 2642
7737 597 598
7738 597 600
7739 2653 2654
7740 613 614
7741 613 616
7742 2669 2670
7743 597 624
7744 2669 2674
7745 629 630
7746 4725 4727
7747 4389 4732
7748 629 637
7749 2685 2686
7750 2589 2687
7751 597 641
7752 645 646
7753 645 647
7754 4741 4744
7755 421 651
7756 2701 2702
7757 661 662
7758 661 668
7759 2669 2717
7760 2717 2718
7761 661 674
7762 5341 5342
7763 677 678
7764 677 679
7765 4845 4847
7766 2733 2734
7767 4581 4783
7768 3477 3478
7769 693 694
7770 693 696
7771 5341 5346
7772 4789 4796
7773 2749 2750
7774 2749 2754
7775 2749 2757
7776 4805 4806
7777 693 714
7778 2765 2766
7779 5325 5326
7780 725 726
7781 2781 2782
7782 741 742
7783 1909 1911
7784 741 744
7785 2797 2799
7786 2797 2801
7787 2005 4851
7788 757 758
7789 757 760
7790 2813 2815
7791 4597 4600
7792 4429 5378
7793 1277 1285
7794 3333 3334
7795 3333 3336
7796 4637 5385
7797 445 1291
7798 1293 1294
7799 1245 1295
7800 5389 5392
7801 5061 5064
7802 4677 4678
7803 3349 3350
7804 3349 3352
7805 4981 4982
7806 3405 4046
7807 1309 1310
7808 5405 5407
7809 3365 3366
7810 3365 3367
7811 3253 3371
7812 317 1324
7813 1325 1326
7814 4829 5423
7815 1325 1329
7816 4653 5427
7817 3381 3382
7818 3381 3386
7819 557 1341
7820 1341 1342
7821 4269 4272
7822 3397 3398
7823 5437 5451
7824 1357 1358
7825 1357 1360
7826 5453 5458
7827 637 1363
7828 3413 3414
7829 5093 5314
7830 5341 5467
7831 1373 1374
7832 1373 1376
7833 5469 5477
7834 3429 3430
7835 3429 3431
7836 1357 1384
7837 1261 1385
7838 1389 1390
7839 4813 5487
7840 1357 1396
7841 3445 3446
7842 1389 1399
7843 1405 1406
7844 4285 5504
7845 4253 4254
7846 3461 3462
7847 3461 3464
7848 4725 4726
7849 1421 1422
7850 1421 1424
7851 5517 5522
7852 5517 5525
7853 2037 2720
7854 3477 3480
7855 5533 5534
7856 1437 1439
7857 1421 1443
7858 5621 5622
7859 1421 1453
7860 5549 5550
7861 3477 3503
7862 3493 3503
7863 4237 4238
7864 3509 3510
7865 1453 1464
7866 4709 4710
7867 3509 3516
7868 5453 5565
7869 1469 1470
7870 3509 3519
7871 5437 5568
7872 5565 5569
7873 4709 4712
7874 1469 1477
7875 3525 3526
7876 5085 5086
7877 5581 5582
7878 1485 1488
7879 3525 3539
7880 3541 3542
7881 3541 3544
7882 5597 5598
7883 1501 1504
7884 3557 3558
7885 3557 3560
7886 5189 5190
7887 4709 4720
7888 1517 1518
7889 5613 5616
7890 1517 1529
7891 4669 4670
7892 1533 1534
7893 1021 1025
7894 5005 5123
7895 4989 5124
7896 3077 3078
7897 3077 3085
7898 5133 5134
7899 1037 1039
7900 3077 3088
7901 1037 1041
7902 5133 5138
7903 3093 3094
7904 3093 3100
7905 5149 5150
7906 1053 1055
7907 5149 5152
7908 797 3662
7909 4973 5154
7910 5117 5155
7911 3789 3790
7912 3109 3110
7913 3109 3112
7914 3109 3114
7915 1069 1071
7916 5165 5168
7917 3453 3454
7918 1085 1093
7919 5373 5374
7920 4589 5191
7921 1101 1102
7922 3157 3158
7923 3157 3165
7924 1117 1118
7925 1117 1120
7926 3173 3174
7927 3173 3180
7928 4765 5236
7929 3189 3190
7930 3189 3192
7931 3189 3194
7932 1149 1150
7933 5245 5250
7934 1149 1155
7935 5261 5262
7936 1165 1167
7937 5261 5264
7938 1165 1169
7939 5229 5267
7940 1117 1175
7941 3205 3230
7942 1181 1183
7943 5277 5280
7944 2981 3234
7945 3317 3319
7946 3237 3245
7947 1197 1199
7948 4797 4798
7949 3253 3254
7950 3253 3256
7951 1213 1221
7952 3269 3270
7953 3269 3272
7954 1229 1230
7955 5325 5328
7956 3285 3286
7957 3285 3288
7958 4477 4478
7959 5325 5339
7960 1245 1246
7961 1245 1248
7962 4949 4950
7963 2589 5346
7964 4477 4480
7965 3301 3302
7966 3301 3304
7967 3637 3639
7968 5357 5358
7969 3301 3312
7970 5357 5362
7971 3317 3318
7972 3173 3319
7973 1133 1272
7974 3029 3326
7975 1789 1792
7976 3765 3842
7977 3845 3846
7978 3813 3850
7979 1789 1805
7980 1805 1807
7981 1285 4101
7982 1805 1809
7983 3861 3862
7984 3061 3864
7985 4933 4936
7986 1821 1822
7987 4285 4286
7988 3877 3878
7989 4757 4758
7990 1837 1838
7991 1613 1852
7992 1853 1854
7993 1853 1858
7994 3909 3910
7995 1853 1864
7996 3909 3914
7997 1869 1870
7998 1869 1874
7999 3685 3923
8000 3925 3926
8001 3925 3927
8002 1869 1880
8003 4741 4742
8004 4341 4342
8005 1885 1886
8006 1885 1888
8007 1885 1890
8008 3925 3942
8009 1901 1902
8010 4605 4608
8011 1917 1918
8012 3957 3969
8013 1917 1922
8014 3973 3974
8015 1917 1928
8016 3973 3977
8017 1933 1934
8018 1933 1938
8019 1933 1944
8020 3989 3993
8021 1949 1950
8022 1949 1954
8023 4005 4006
8024 5597 5600
8025 4005 4010
8026 4005 4013
8027 1549 1966
8028 3237 4016
8029 1965 1970
8030 4021 4022
8031 4021 4026
8032 1981 1982
8033 1981 1984
8034 4021 4034
8035 3389 3392
8036 4037 4038
8037 4037 4039
8038 1981 1997
8039 1997 1999
8040 1221 4048
8041 1997 2001
8042 4037 4054
8043 3989 4059
8044 2013 2014
8045 2029 2030
8046 4069 4081
8047 4085 4086
8048 4085 4088
8049 3957 4089
8050 2045 2046
8051 5597 5632
8052 1533 1538
8053 3589 3590
8054 3589 3591
8055 3573 3592
8056 1549 1554
8057 3605 3606
8058 3605 3608
8059 1565 1566
8060 1565 1570
8061 3621 3622
8062 3621 3624
8063 1581 1582
8064 3389 3414
8065 1581 1586
8066 3637 3638
8067 3621 3639
8068 4405 4406
8069 1597 1598
8070 1597 1605
8071 3653 3654
8072 3653 3655
8073 1597 1608
8074 1613 1614
8075 1613 1620
8076 3669 3670
8077 3669 3672
8078 1565 1625
8079 805 3675
8080 1629 1630
8081 1629 1634
8082 4133 4134
8083 1645 1646
8084 3669 3695
8085 1469 1648
8086 3701 3702
8087 3701 3707
8088 1661 1662
8089 3669 3712
8090 3389 3430
8091 3717 3719
8092 3717 3721
8093 1677 1678
8094 3557 3729
8095 2245 2262
8096 1693 1694
8097 1693 1696
8098 3733 3745
8099 3749 3750
8100 3749 3753
8101 1709 1710
8102 1709 1712
8103 4965 4966
8104 5461 5463
8105 3765 3769
8106 4861 4862
8107 1709 1725
8108 1725 1727
8109 1725 1729
8110 3781 3782
8111 3781 3786
8112 4789 4790
8113 3781 3789
8114 1741 1742
8115 3093 3792
8116 3797 3798
8117 3797 3802
8118 1757 1758
8119 4933 4982
8120 5445 5446
8121 3213 3217
8122 53 63
8123 3813 3814
8124 3813 3818
8125 5621 5623
8126 1773 1774
8127 3141 3823
8128 1773 1776
8129 3829 3830
8130 3829 3831
8131 4773 4774
8132 1789 1790
8133 253 258
8134 2309 2310
8135 2309 2314
8136 269 270
8137 269 274
8138 2325 2326
8139 2325 2330
8140 285 286
8141 2181 2337
8142 4381 4386
8143 2341 2342
8144 2341 2343
8145 285 297
8146 5253 5254
8147 301 302
8148 301 306
8149 2357 2358
8150 253 312
8151 2325 2362
8152 4413 4414
8153 317 322
8154 4413 4421
8155 2373 2374
8156 4413 4424
8157 333 334
8158 333 338
8159 4429 4436
8160 2389 2390
8161 1733 2391
8162 4381 4441
8163 4445 4446
8164 349 351
8165 4445 4452
8166 365 366
8167 2421 2422
8168 2421 2426
8169 381 382
8170 333 384
8171 2421 2434
8172 2437 2438
8173 2437 2442
8174 4493 4494
8175 4373 4374
8176 4493 4496
8177 269 403
8178 3045 3087
8179 2453 2454
8180 2453 2455
8181 4493 4504
8182 2453 2462
8183 4509 4511
8184 397 416
8185 2469 2470
8186 429 430
8187 429 432
8188 2125 2126
8189 2485 2486
8190 4525 4541
8191 4357 4358
8192 4541 4545
8193 2501 2502
8194 2501 2508
8195 4557 4558
8196 93 466
8197 2517 2518
8198 4181 4182
8199 2517 2522
8200 461 476
8201 4573 4574
8202 2533 2534
8203 2533 2535
8204 477 490
8205 4453 4458
8206 4061 4062
8207 4589 4590
8208 4589 4592
8209 2533 2547
8210 2549 2550
8211 2549 2554
8212 4605 4606
8213 1277 4097
8214 2053 2054
8215 4165 4166
8216 2053 2059
8217 13 14
8218 2053 2065
8219 13 18
8220 29 30
8221 4125 4127
8222 4541 4543
8223 29 36
8224 29 42
8225 45 46
8226 4141 4143
8227 45 48
8228 2101 2102
8229 2101 2104
8230 4581 4582
8231 2069 2109
8232 3869 4161
8233 949 950
8234 2117 2118
8235 4157 4168
8236 3485 4170
8237 4525 4526
8238 77 78
8239 77 79
8240 61 80
8241 2117 2131
8242 2133 2134
8243 2133 2136
8244 4173 4187
8245 4189 4190
8246 4189 4192
8247 3405 3410
8248 2149 2150
8249 2149 2151
8250 2149 2153
8251 109 110
8252 4205 4207
8253 109 114
8254 4205 4213
8255 2165 2166
8256 2165 2169
8257 4221 4222
8258 4221 4223
8259 2757 2758
8260 2109 2111
8261 125 141
8262 141 142
8263 141 143
8264 4237 4240
8265 2181 2193
8266 2197 2198
8267 2197 2200
8268 2277 2824
8269 157 158
8270 4253 4256
8271 2213 2215
8272 4253 4267
8273 4269 4270
8274 173 176
8275 4109 4113
8276 189 190
8277 189 192
8278 4285 4293
8279 2245 2246
8280 2245 2250
8281 4509 4510
8282 4301 4304
8283 205 210
8284 2261 2262
8285 4437 4640
8286 2261 2267
8287 4317 4320
8288 2261 2273
8289 2277 2281
8290 3909 3922
8291 4333 4334
8292 237 242
8293 2293 2294
8294 4333 4345
8295 2293 2298
8296 2293 2301
8297 253 254
8298 765 768
8299 4861 4868
8300 1365 2821
8301 2821 2822
8302 605 776
8303 4861 4874
8304 765 781
8305 4877 4878
8306 781 783
8307 2837 2838
8308 701 878
8309 3485 4892
8310 797 798
8311 4893 4895
8312 4893 4897
8313 797 805
8314 2853 2854
8315 2853 2857
8316 4909 4911
8317 813 816
8318 4909 4913
8319 4717 4917
8320 1429 2870
8321 4445 4925
8322 829 832
8323 3677 3926
8324 4925 4938
8325 845 846
8326 4941 4943
8327 4941 4945
8328 2901 2902
8329 845 857
8330 2901 2906
8331 573 583
8332 45 864
8333 861 865
8334 45 866
8335 4957 4964
8336 4429 4430
8337 877 878
8338 4973 4978
8339 877 884
8340 2917 2933
8341 2933 2934
8342 2933 2935
8343 877 890
8344 893 894
8345 893 895
8346 4989 4992
8347 4213 4216
8348 2949 2950
8349 749 903
8350 4989 5003
8351 4093 4094
8352 909 911
8353 909 913
8354 5005 5010
8355 4949 4951
8356 2965 2966
8357 2965 2968
8358 925 927
8359 925 929
8360 717 933
8361 2981 2982
8362 189 936
8363 2981 2988
8364 5037 5038
8365 941 943
8366 4197 4200
8367 2253 5045
8368 2997 2998
8369 237 956
8370 5053 5054
8371 957 959
8372 5053 5058
8373 5045 5046
8374 4837 5422
8375 3013 3014
8376 5069 5070
8377 3029 3030
8378 3029 3032
8379 205 986
8380 989 990
8381 3045 3046
8382 3045 3048
8383 5053 5100
8384 1005 1006
8385 2885 3055
8386 973 1008
8387 4957 5105
8388 4109 4110
8389 2973 3033
8390 3061 3062
8391 3061 3066
8392 3045 3070
8393 1021 1023
8394 2549 2560
8395 509 514
8396 2565 2566
8397 2565 2568
8398 2565 2570
8399 4605 4621
8400 525 526
8401 4621 4623
8402 4621 4625
8403 525 530
8404 2581 2582
8405 4637 4638
8406 541 544
8407 5509 5510
8408 4637 4644
8409 2597 2598
8410 1829 2600
8411 4653 4654
8412 4653 4660
8413 2613 2614
8414 557 567
8415 2645 5403
8416 4397 4398
8417 4877 4879
8418 573 574
8419 5373 5376
8420 4669 4674
8421 573 580
8422 2629 2630
8423 525 583
8424 4669 4680
8425 2629 2636
8426 589 590
8427 4701 4702
8428 3941 3942
8429 589 596
8430 2645 2646
8431 4685 4696
8432 1693 2134
8433 589 602
8434 413 603
8435 2581 2652
8436 605 606
8437 605 607
8438 4701 4704
8439 4701 4706
8440 2661 2662
8441 2661 2663
8442 5317 5318
8443 621 622
8444 621 624
8445 2661 2675
8446 2677 2678
8447 2677 2680
8448 2677 2684
8449 4733 4734
8450 4685 4686
8451 621 642
8452 5181 5183
8453 2693 2694
8454 2693 2696
8455 653 654
8456 2693 2703
8457 4749 4752
8458 4749 4756
8459 4685 4690
8460 2709 2710
8461 2709 2712
8462 669 670
8463 669 672
8464 2725 2726
8465 4765 4775
8466 2725 2730
8467 685 686
8468 4781 4783
8469 685 688
8470 2725 2738
8471 1813 2739
8472 2741 2742
8473 2741 2743
8474 669 696
8475 2645 2650
8476 701 702
8477 4797 4802
8478 701 709
8479 2741 2758
8480 2437 2760
8481 669 713
8482 4797 4812
8483 717 718
8484 717 719
8485 4813 4816
8486 4437 4438
8487 2773 2775
8488 733 734
8489 733 740
8490 4829 4837
8491 2789 2791
8492 733 746
8493 2709 2796
8494 749 750
8495 749 751
8496 5365 5366
8497 3293 3298
8498 765 766
8499 5622 5633
8500 5558 5575
8501 1542 1543
8502 1542 1544
8503 1526 1545
8504 3598 3610
8505 3614 3615
8506 3614 3617
8507 3454 3618
8508 5390 5391
8509 1574 1575
8510 1574 1579
8511 5390 5393
8512 4838 4841
8513 5406 5420
8514 3518 3640
8515 4150 4151
8516 1590 1606
8517 1606 1607
8518 1606 1608
8519 1622 1623
8520 3662 3675
8521 4910 4915
8522 3678 3680
8523 3678 3682
8524 2246 2249
8525 1638 1639
8526 1638 1641
8527 3694 3695
8528 1310 1311
8529 4134 4135
8530 1654 1657
8531 3710 3711
8532 1670 1671
8533 5022 5023
8534 3726 3727
8535 1670 1682
8536 1686 1687
8537 1686 1691
8538 3742 3743
8539 2646 2649
8540 1638 1698
8541 3742 3747
8542 1702 1707
8543 3758 3759
8544 3758 3761
8545 3598 3766
8546 1718 1719
8547 5006 5007
8548 1718 1723
8549 3438 3439
8550 3774 3775
8551 3774 3776
8552 1734 1735
8553 1734 1739
8554 3574 3576
8555 3742 3789
8556 4318 4319
8557 4598 5515
8558 1750 1751
8559 4318 4321
8560 1750 1762
8561 1766 1767
8562 1766 1771
8563 1718 1777
8564 3822 3833
8565 1782 1787
8566 3838 3839
8567 3838 3841
8568 4302 4303
8569 3806 3844
8570 1694 1695
8571 5270 5271
8572 1798 1803
8573 3854 3857
8574 4070 4084
8575 4270 4271
8576 1814 1815
8577 1814 1819
8578 3870 3873
8579 1830 1831
8580 1830 1832
8581 1558 1839
8582 3886 3888
8583 1846 1847
8584 5254 5255
8585 1798 1849
8586 5254 5256
8587 1478 1495
8588 5590 5592
8589 1862 1881
8590 3934 3942
8591 1894 1895
8592 1070 3944
8593 1894 1897
8594 3918 3949
8595 3950 3951
8596 3966 3967
8597 5574 5575
8598 3966 3971
8599 3438 3447
8600 4542 4543
8601 1734 1932
8602 3534 3555
8603 3982 3985
8604 5438 5439
8605 1926 1945
8606 1782 1947
8607 4886 4887
8608 3998 3999
8609 3998 4000
8610 4886 4888
8611 1134 4004
8612 3966 4013
8613 1958 1970
8614 2894 4135
8615 1974 1979
8616 3422 4036
8617 4542 5035
8618 1990 1991
8619 1990 1995
8620 5206 5207
8621 4046 4054
8622 2006 2007
8623 1198 4056
8624 2006 2011
8625 4030 4061
8626 4062 4063
8627 3294 4064
8628 2022 2023
8629 4078 4079
8630 2022 2034
8631 4078 4083
8632 2038 2039
8633 2038 2042
8634 4094 4095
8635 4886 4907
8636 1030 1031
8637 1030 1033
8638 1014 1035
8639 3070 3086
8640 3086 3087
8641 3086 3088
8642 1030 1041
8643 4734 4745
8644 1046 1047
8645 5126 5144
8646 3630 3640
8647 5238 5239
8648 3054 3103
8649 4470 5158
8650 1062 1063
8651 518 1064
8652 5158 5161
8653 3118 3119
8654 3118 3121
8655 1078 1079
8656 5174 5177
8657 4518 5178
8658 3134 3135
8659 2966 3247
8660 3134 3141
8661 870 1095
8662 5190 5197
8663 3150 3151
8664 5190 5200
8665 1110 1111
8666 4486 5208
8667 1110 1113
8668 5206 5210
8669 5206 5212
8670 3166 3167
8671 3166 3168
8672 1110 1124
8673 1126 1127
8674 5222 5225
8675 1126 1133
8676 3182 3183
8677 4350 4351
8678 5302 5303
8679 1142 1143
8680 5222 5241
8681 3198 3199
8682 3198 3201
8683 1158 1159
8684 5238 5256
8685 3214 3215
8686 3214 3221
8687 1174 1175
8688 5270 5273
8689 3230 3231
8690 5230 5233
8691 1190 1191
8692 5286 5289
8693 2958 3248
8694 1206 1207
8695 5302 5304
8696 4870 4919
8697 5302 5310
8698 3262 3273
8699 550 1227
8700 5142 5144
8701 4334 4344
8702 422 1237
8703 1238 1239
8704 1238 1241
8705 3294 3299
8706 1238 1252
8707 1254 1255
8708 5334 5352
8709 5350 5353
8710 3646 3656
8711 5150 5151
8712 1254 1261
8713 1270 1271
8714 5350 5368
8715 1126 1274
8716 5150 5154
8717 1110 1278
8718 5382 5383
8719 3326 3337
8720 438 1293
8721 2862 2863
8722 1302 1303
8723 3342 3353
8724 1302 1307
8725 5134 5135
8726 3358 3359
8727 1302 1315
8728 3358 3364
8729 1318 1319
8730 1318 1320
8731 5414 5422
8732 3374 3375
8733 1318 1335
8734 5134 5141
8735 806 823
8736 3390 3391
8737 3390 3393
8738 3406 3409
8739 1350 1363
8740 5462 5463
8741 1366 1368
8742 5462 5465
8743 1366 1370
8744 5462 5476
8745 5454 5455
8746 1382 1383
8747 3422 3432
8748 5478 5481
8749 5286 5287
8750 1254 1387
8751 4902 4903
8752 1238 1391
8753 5454 5457
8754 3438 3444
8755 1398 1399
8756 3390 3448
8757 5494 5497
8758 4766 4767
8759 838 1409
8760 4214 4215
8761 5510 5512
8762 3454 3466
8763 4766 4769
8764 3470 3471
8765 3470 3474
8766 1414 1427
8767 1430 1432
8768 1430 1434
8769 3486 3487
8770 3486 3489
8771 1446 1447
8772 54 1448
8773 1446 1451
8774 1446 1454
8775 3502 3504
8776 5542 5555
8777 1462 1463
8778 5558 5560
8779 1478 1479
8780 1478 1483
8781 4534 4535
8782 4230 5586
8783 1494 1495
8784 3982 3983
8785 4470 4471
8786 1494 1501
8787 5558 5559
8788 3550 3551
8789 3550 3553
8790 1494 1507
8791 1510 1511
8792 5606 5608
8793 1510 1513
8794 3566 3567
8795 3566 3569
8796 3550 3576
8797 3566 3577
8798 1390 4202
8799 4614 4615
8800 4614 4619
8801 2574 2575
8802 2574 2577
8803 534 535
8804 4630 4632
8805 534 538
8806 2590 2591
8807 2590 2593
8808 550 551
8809 550 553
8810 4726 5482
8811 5214 5217
8812 2606 2609
8813 2558 2613
8814 4662 4663
8815 566 568
8816 4614 4665
8817 2622 2624
8818 406 586
8819 4550 4684
8820 2638 2639
8821 3278 3289
8822 598 599
8823 598 601
8824 1886 2655
8825 4710 4711
8826 4710 4713
8827 2670 2673
8828 630 631
8829 5478 5479
8830 630 636
8831 2590 2688
8832 646 648
8833 646 650
8834 2686 2699
8835 5110 5143
8836 598 656
8837 4742 4757
8838 5182 5185
8839 662 675
8840 678 680
8841 678 682
8842 1486 2734
8843 1806 2740
8844 694 695
8845 4790 4795
8846 5166 5167
8847 2750 2758
8848 710 711
8849 710 713
8850 2734 2765
8851 2766 2767
8852 710 722
8853 2078 2772
8854 182 726
8855 726 727
8856 4822 4825
8857 2782 2783
8858 5182 5200
8859 742 743
8860 742 745
8861 4822 4842
8862 246 747
8863 2798 2799
8864 4838 4850
8865 2798 2805
8866 4806 4854
8867 4854 4855
8868 4918 4919
8869 2814 2815
8870 614 769
8871 1374 2818
8872 2814 2819
8873 134 144
8874 5198 5200
8875 4870 4871
8876 4870 4873
8877 4694 4875
8878 774 782
8879 2830 2831
8880 2830 2835
8881 3494 4886
8882 790 791
8883 742 792
8884 2830 2843
8885 1518 2845
8886 1502 2846
8887 2846 2847
8888 2846 2848
8889 806 807
8890 4246 4247
8891 4902 4905
8892 806 811
8893 2846 2863
8894 4902 4913
8895 4326 5095
8896 822 823
8897 822 829
8898 5406 5409
8899 2878 2879
8900 2342 2344
8901 822 835
8902 2878 2884
8903 838 839
8904 838 841
8905 5102 5103
8906 2894 2895
8907 2894 2897
8908 4950 4952
8909 3558 4956
8910 5166 5199
8911 2910 2911
8912 2910 2913
8913 4966 4967
8914 854 872
8915 5118 5119
8916 4566 4567
8917 886 887
8918 2910 2936
8919 886 889
8920 2942 2943
8921 758 899
8922 2942 2949
8923 902 903
8924 902 904
8925 2958 2959
8926 4838 4839
8927 2958 2966
8928 918 919
8929 4998 5016
8930 918 921
8931 902 923
8932 918 929
8933 4550 4551
8934 3622 3623
8935 886 935
8936 5030 5033
8937 2990 2993
8938 4414 4415
8939 3142 3143
8940 950 951
8941 5046 5048
8942 3006 3007
8943 966 967
8944 3718 5064
8945 3006 3018
8946 966 973
8947 3022 3023
8948 2206 2207
8949 3022 3027
8950 982 983
8951 5078 5081
8952 982 987
8953 3038 3039
8954 5078 5088
8955 982 993
8956 3038 3044
8957 4326 5093
8958 998 999
8959 5094 5097
8960 3038 3050
8961 998 1003
8962 214 1006
8963 4398 4401
8964 5366 5368
8965 966 1009
8966 998 1011
8967 1014 1015
8968 1014 1016
8969 5110 5113
8970 3590 4269
8971 2046 2048
8972 6 7
8973 4102 4105
8974 6 14
8975 2062 2063
8976 2062 2065
8977 6 20
8978 5470 5478
8979 22 23
8980 5350 5351
8981 2078 2079
8982 2078 2081
8983 38 39
8984 38 41
8985 5214 5215
8986 2094 2095
8987 2094 2097
8988 2078 2099
8989 5222 5255
8990 54 55
8991 2094 2104
8992 54 57
8993 4150 4155
8994 3134 3825
8995 4150 4158
8996 38 64
8997 54 65
8998 4166 4167
8999 70 80
9000 86 87
9001 86 92
9002 5198 5199
9003 2142 2143
9004 2142 2145
9005 2126 2147
9006 3462 3483
9007 4646 4647
9008 102 103
9009 102 105
9010 1398 4206
9011 2158 2159
9012 2142 2163
9013 118 119
9014 5534 5535
9015 118 121
9016 4214 4218
9017 2174 2175
9018 2926 2936
9019 2190 2191
9020 118 144
9021 4230 4242
9022 2190 2195
9023 3686 4246
9024 150 151
9025 4246 4249
9026 150 157
9027 102 159
9028 150 160
9029 3526 4258
9030 782 2213
9031 166 167
9032 4262 4264
9033 2110 2219
9034 166 173
9035 2222 2223
9036 4198 4199
9037 166 179
9038 2222 2227
9039 2190 2230
9040 182 183
9041 182 184
9042 4686 4697
9043 2238 2239
9044 2222 2230
9045 2238 2246
9046 198 199
9047 198 201
9048 4294 4299
9049 2238 2252
9050 2254 2255
9051 4310 4311
9052 198 219
9053 4310 4317
9054 2270 2271
9055 2270 2273
9056 4310 4323
9057 846 2278
9058 22 231
9059 4326 4329
9060 830 2282
9061 2286 2287
9062 2286 2288
9063 5422 5423
9064 5094 5095
9065 262 263
9066 4358 4360
9067 4342 4361
9068 262 267
9069 5278 5307
9070 5366 5367
9071 278 293
9072 4390 4391
9073 2334 2345
9074 4390 4395
9075 2350 2351
9076 2350 2353
9077 2318 2356
9078 310 311
9079 310 312
9080 294 313
9081 2918 2919
9082 2366 2369
9083 4582 4583
9084 4406 4422
9085 4422 4423
9086 4422 4424
9087 4126 4139
9088 2382 2385
9089 3750 3761
9090 2942 2952
9091 4446 4447
9092 342 343
9093 342 345
9094 102 348
9095 4110 4118
9096 2398 2400
9097 4326 4327
9098 358 359
9099 4454 4457
9100 358 365
9101 358 368
9102 4894 4901
9103 374 375
9104 4470 4473
9105 374 381
9106 374 384
9107 390 391
9108 390 392
9109 4486 4491
9110 5398 5399
9111 118 401
9112 390 402
9113 5398 5401
9114 406 407
9115 406 408
9116 2446 2457
9117 2462 2463
9118 2462 2465
9119 2430 2468
9120 422 423
9121 4518 4523
9122 422 430
9123 2478 2481
9124 438 439
9125 438 440
9126 4534 4539
9127 134 446
9128 2494 2496
9129 1022 1327
9130 5382 5385
9131 454 455
9132 454 456
9133 1454 1455
9134 4550 4555
9135 2510 2511
9136 454 466
9137 470 471
9138 3110 3115
9139 2390 2401
9140 4566 4578
9141 486 487
9142 486 489
9143 4582 4587
9144 326 493
9145 2542 2545
9146 4254 4255
9147 502 503
9148 4598 4603
9149 5230 5231
9150 1534 1541
9151 1486 1543
9152 1534 1544
9153 3110 3593
9154 1550 1551
9155 1550 1558
9156 5566 5567
9157 5014 5015
9158 1566 1569
9159 3606 3623
9160 5014 5017
9161 1582 1585
9162 1598 1599
9163 3638 3656
9164 5550 5551
9165 1598 1610
9166 1614 1615
9167 1614 1619
9168 3670 3671
9169 3670 3673
9170 3358 3367
9171 1630 1631
9172 4678 4697
9173 5014 5028
9174 2918 3683
9175 1630 1636
9176 2918 3685
9177 3686 3687
9178 1630 1642
9179 3686 3691
9180 542 1311
9181 3702 3703
9182 3702 3710
9183 3702 3713
9184 4278 5601
9185 3718 3719
9186 3718 3723
9187 1662 1678
9188 1678 1679
9189 1678 1680
9190 3734 3735
9191 3734 3736
9192 4294 4295
9193 1646 1695
9194 4846 4850
9195 3734 3748
9196 3750 3751
9197 3750 3755
9198 366 368
9199 4158 4159
9200 1710 1711
9201 1710 1713
9202 3766 3767
9203 3910 3913
9204 3766 3771
9205 1726 1727
9206 3654 3779
9207 1726 1733
9208 774 2209
9209 3782 3790
9210 1742 1743
9211 2974 2977
9212 3798 3801
9213 4142 4143
9214 1758 1759
9215 1758 1760
9216 3814 3817
9217 4294 4311
9218 1774 1775
9219 3830 3832
9220 1790 1791
9221 1790 1793
9222 1806 1807
9223 1806 1813
9224 1822 1823
9225 1550 1840
9226 3878 3889
9227 3350 3894
9228 3894 3895
9229 3894 3897
9230 3862 3900
9231 5110 5129
9232 1854 1865
9233 3446 3917
9234 3926 3928
9235 1870 1881
9236 5414 5415
9237 5414 5416
9238 1886 1891
9239 5278 5279
9240 934 935
9241 3958 3959
9242 3958 3960
9243 3958 3972
9244 3974 3975
9245 1918 1929
9246 3974 3979
9247 3974 3985
9248 3990 3991
9249 1934 1945
9250 3990 3995
9251 1950 1951
9252 5262 5263
9253 1950 1956
9254 1950 1959
9255 1334 1335
9256 4006 4014
9257 1966 1967
9258 4022 4025
9259 5598 5599
9260 230 231
9261 1982 1983
9262 3222 4032
9263 1982 1985
9264 4038 4040
9265 1998 1999
9266 1998 2005
9267 2014 2015
9268 4070 4071
9269 4070 4072
9270 5582 5583
9271 2030 2031
9272 2030 2032
9273 5030 5031
9274 3286 4084
9275 4086 4087
9276 4086 4089
9277 4086 4093
9278 2046 2047
9279 5118 5121
9280 4894 4895
9281 1022 1029
9282 3078 3079
9283 1038 1039
9284 3078 3090
9285 1038 1043
9286 222 1045
9287 3094 3095
9288 5134 5144
9289 3094 3099
9290 1054 1055
9291 3046 3106
9292 1054 1059
9293 5150 5156
9294 510 1065
9295 1054 1067
9296 1070 1071
9297 5166 5169
9298 1070 1075
9299 4478 5172
9300 3126 3127
9301 3126 3131
9302 814 1086
9303 1086 1087
9304 1086 1088
9305 5166 5185
9306 1086 1095
9307 3142 3147
9308 4190 4191
9309 1102 1103
9310 126 1104
9311 3158 3159
9312 1118 1119
9313 1118 1121
9314 3158 3170
9315 3174 3175
9316 3174 3179
9317 1134 1135
9318 3126 3185
9319 4782 5234
9320 1134 1139
9321 1726 2393
9322 3190 3195
9323 1150 1151
9324 5142 5143
9325 5246 5253
9326 1150 1158
9327 3206 3207
9328 5246 5256
9329 1150 1161
9330 3206 3211
9331 1166 1167
9332 4510 5264
9333 5262 5266
9334 1166 1171
9335 5262 5268
9336 3222 3223
9337 1166 1177
9338 3222 3227
9339 1182 1183
9340 5278 5281
9341 1182 1187
9342 4318 5285
9343 3238 3239
9344 3238 3240
9345 1182 1195
9346 1198 1199
9347 5278 5297
9348 1198 1203
9349 5126 5127
9350 4174 4186
9351 3254 3255
9352 3206 3257
9353 5126 5129
9354 5294 5308
9355 558 1214
9356 1214 1215
9357 1214 1216
9358 3238 3247
9359 4334 5315
9360 1214 1223
9361 4494 4495
9362 1230 1231
9363 5326 5329
9364 4494 4497
9365 3270 3289
9366 5326 5340
9367 1246 1247
9368 1246 1249
9369 430 1250
9370 3302 3303
9371 3302 3305
9372 1262 1263
9373 1262 1267
9374 5358 5365
9375 5358 5368
9376 1278 1279
9377 1278 1280
9378 5374 5378
9379 5374 5380
9380 1278 1287
9381 3142 3340
9382 1294 1295
9383 5310 5311
9384 3334 3353
9385 3190 3355
9386 5310 5313
9387 94 111
9388 5390 5409
9389 1038 1317
9390 5390 5419
9391 3102 3103
9392 1326 1327
9393 5422 5425
9394 3366 3378
9395 1326 1331
9396 1326 1334
9397 3382 3383
9398 1518 1528
9399 3382 3388
9400 1342 1343
9401 5294 5295
9402 3382 3394
9403 582 3399
9404 5294 5297
9405 5438 5452
9406 1358 1359
9407 1358 1361
9408 5446 5464
9409 4758 4771
9410 5630 5631
9411 5470 5471
9412 5470 5472
9413 5078 5079
9414 3414 3429
9415 4606 4609
9416 3398 3445
9417 1390 1398
9418 3430 3448
9419 3318 3449
9420 1406 1407
9421 1358 1408
9422 1422 1423
9423 1422 1425
9424 5518 5526
9425 3478 3479
9426 3478 3481
9427 686 1435
9428 5502 5533
9429 1438 1439
9430 1438 1440
9431 4174 5537
9432 4894 5539
9433 4926 4927
9434 3494 3495
9435 3494 3497
9436 1438 1455
9437 3478 3504
9438 3494 3505
9439 46 1460
9440 2814 5557
9441 1422 1464
9442 1470 1471
9443 3510 3520
9444 5566 5571
9445 1470 1476
9446 5566 5574
9447 5182 5183
9448 4910 5581
9449 1486 1487
9450 1486 1489
9451 3526 3538
9452 4910 4911
9453 3542 3543
9454 3542 3546
9455 4358 4359
9456 1502 1503
9457 1502 1505
9458 4942 5606
9459 3558 3559
9460 3558 3561
9461 5614 5615
9462 5614 5618
9463 1502 1528
9464 1534 1535
9465 2550 2561
9466 510 518
9467 2566 2571
9468 4622 4623
9469 526 529
9470 4622 4627
9471 542 543
9472 542 545
9473 4638 4643
9474 5174 5175
9475 5246 5247
9476 558 559
9477 558 561
9478 4654 4659
9479 542 567
9480 1814 2616
9481 558 569
9482 2630 2631
9483 574 584
9484 4670 4681
9485 2006 2632
9486 5158 5159
9487 2646 2647
9488 2566 2649
9489 590 603
9490 2614 2652
9491 606 608
9492 606 610
9493 4702 4707
9494 2662 2664
9495 622 623
9496 1878 2675
9497 4822 4823
9498 2678 2685
9499 638 639
9500 638 641
9501 2694 2695
9502 2694 2697
9503 638 650
9504 4366 4748
9505 654 655
9506 2694 2704
9507 4750 4757
9508 2710 2711
9509 2710 2713
9510 670 671
9511 670 673
9512 4766 4776
9513 2726 2729
9514 5342 5343
9515 2742 2744
9516 4790 4791
9517 5342 5345
9518 702 703
9519 4798 4801
9520 702 708
9521 4814 4815
9522 718 720
9523 4814 4817
9524 718 722
9525 2774 2775
9526 670 728
9527 2774 2779
9528 238 734
9529 4830 4831
9530 5326 5327
9531 2774 2787
9532 4830 4836
9533 2790 2791
9534 2790 2792
9535 734 747
9536 2710 2797
9537 750 752
9538 750 754
9539 1998 4853
9540 2806 2807
9541 2806 2809
9542 2790 2811
9543 4638 4639
9544 766 767
9545 2806 2817
9546 5110 5111
9547 2822 2823
9548 4862 4875
9549 782 783
9550 4878 4880
9551 4878 4882
9552 2838 2839
9553 3486 4893
9554 2886 2903
9555 798 799
9556 846 856
9557 798 804
9558 2118 2853
9559 2854 2855
9560 2854 2859
9561 1798 1799
9562 2854 2862
9563 814 815
9564 814 817
9565 4702 4914
9566 4534 4593
9567 2870 2871
9568 4926 5607
9569 830 831
9570 830 833
9571 4958 4959
9572 2886 2887
9573 2886 2891
9574 4926 4940
9575 4942 4943
9576 4942 4947
9577 3566 4949
9578 2902 2903
9579 830 856
9580 4958 4963
9581 2902 2909
9582 862 863
9583 2902 2915
9584 862 868
9585 814 870
9586 862 871
9587 2918 2921
9588 5438 5441
9589 4974 4975
9590 4974 4977
9591 878 891
9592 4990 4991
9593 894 896
9594 4990 4993
9595 894 898
9596 2950 2951
9597 2950 2952
9598 2934 2953
9599 4990 5004
9600 910 911
9601 3670 3727
9602 5006 5009
9603 910 917
9604 926 927
9605 5022 5024
9606 926 931
9607 5022 5030
9608 2982 2983
9609 926 937
9610 2982 2987
9611 942 943
9612 942 947
9613 2254 5046
9614 910 953
9615 942 955
9616 958 959
9617 958 960
9618 5054 5057
9619 2998 3014
9620 3014 3015
9621 3014 3016
9622 4222 5552
9623 974 975
9624 974 977
9625 958 979
9626 3030 3031
9627 974 985
9628 4574 4575
9629 5070 5083
9630 990 991
9631 4574 4576
9632 206 995
9633 3046 3047
9634 3046 3049
9635 1006 1007
9636 5102 5105
9637 5190 5191
9638 494 1015
9639 3062 3065
9640 478 1021
9641 1022 1023
9642 1990 2048
9643 1910 2050
9644 2054 2055
9645 4558 4559
9646 1262 4109
9647 4110 4111
9648 4238 4255
9649 14 17
9650 4110 4115
9651 2054 2068
9652 4078 4118
9653 2070 2071
9654 2070 2073
9655 4934 4935
9656 4126 4127
9657 4126 4131
9658 2086 2087
9659 2086 2088
9660 2086 2090
9661 30 43
9662 3214 4141
9663 46 47
9664 4142 4144
9665 46 49
9666 2102 2103
9667 2102 2106
9668 2518 2521
9669 4142 4159
9670 62 64
9671 4934 4937
9672 2118 2130
9673 5374 5375
9674 2134 2135
9675 2134 2138
9676 94 95
9677 4190 4193
9678 94 99
9679 2150 2154
9680 110 111
9681 4206 4208
9682 110 117
9683 2166 2167
9684 110 123
9685 2166 2174
9686 126 127
9687 1702 2176
9688 126 129
9689 5358 5359
9690 2182 2183
9691 2182 2184
9692 2182 2196
9693 2198 2199
9694 2198 2201
9695 2926 4250
9696 2910 4251
9697 2198 2205
9698 158 159
9699 158 160
9700 142 161
9701 4118 4119
9702 2214 2215
9703 2214 2217
9704 174 175
9705 174 177
9706 4270 4274
9707 78 180
9708 2230 2231
9709 190 191
9710 190 193
9711 4286 4292
9712 174 201
9713 4654 4655
9714 206 207
9715 4302 4305
9716 4102 4103
9717 206 214
9718 1510 2263
9719 1510 2265
9720 174 218
9721 4374 4747
9722 222 223
9723 222 224
9724 2214 2223
9725 2262 2274
9726 838 2277
9727 2278 2279
9728 2278 2283
9729 4438 4439
9730 238 239
9731 1830 1839
9732 238 246
9733 4318 4344
9734 4102 4111
9735 2294 2302
9736 2150 2303
9737 254 257
9738 4350 4357
9739 4302 4359
9740 4350 4360
9741 2310 2313
9742 4366 4367
9743 270 273
9744 4366 4374
9745 2326 2329
9746 4382 4385
9747 4182 4199
9748 286 296
9749 302 303
9750 4286 4287
9751 302 309
9752 302 312
9753 4926 4929
9754 318 319
9755 318 326
9756 4414 4426
9757 4430 4431
9758 334 337
9759 4430 4435
9760 350 351
9761 350 353
9762 4446 4451
9763 5062 5069
9764 2406 2407
9765 2406 2409
9766 2374 2412
9767 4302 4462
9768 366 367
9769 350 368
9770 5238 5241
9771 2422 2425
9772 4606 4607
9773 382 383
9774 382 384
9775 286 387
9776 2438 2441
9777 398 399
9778 398 401
9779 5222 5223
9780 2454 2456
9781 1942 2462
9782 414 415
9783 4462 4512
9784 414 417
9785 3582 3592
9786 4590 4591
9787 4526 4527
9788 4526 4529
9789 414 435
9790 4622 4752
9791 4846 4848
9792 2798 5567
9793 126 445
9794 446 447
9795 398 448
9796 4542 4549
9797 2502 2503
9798 2502 2507
9799 462 463
9800 462 465
9801 2518 2519
9802 1974 2521
9803 2630 2635
9804 2486 2524
9805 478 479
9806 478 480
9807 5542 5543
9808 2894 2951
9809 318 483
9810 2166 2171
9811 2534 2536
9812 494 495
9813 494 496
9814 5406 5407
9815 5542 5547
9816 462 504
9817 510 511
9818 3839 3840
9819 2703 2705
9820 5487 5488
9821 1799 1802
9822 3855 3856
9823 3855 3858
9824 4303 4512
9825 4687 4689
9826 1815 1818
9827 3871 3872
9828 3871 3874
9829 4759 4760
9830 3855 3878
9831 1831 1833
9832 4383 4440
9833 3447 3448
9834 3887 3888
9835 3855 3890
9836 3871 3892
9837 1599 1609
9838 1847 1849
9839 2343 2344
9840 3903 3904
9841 3903 3906
9842 2927 3907
9843 2343 2346
9844 2511 2512
9845 1863 1864
9846 1863 1866
9847 2511 2513
9848 1591 1871
9849 3919 3920
9850 3919 3922
9851 3679 3924
9852 3663 3925
9853 1879 1880
9854 1879 1882
9855 3935 3936
9856 3935 3937
9857 3935 3943
9858 3847 3848
9859 1879 1900
9860 4455 4499
9861 3007 3954
9862 2991 3958
9863 1911 1912
9864 1863 1913
9865 3255 3257
9866 1751 1916
9867 3967 3970
9868 1927 1928
9869 1927 1930
9870 1943 1944
9871 1943 1946
9872 4567 4577
9873 5063 5064
9874 4327 4328
9875 1943 1959
9876 1959 1961
9877 3999 4014
9878 4015 4016
9879 1927 1969
9880 4015 4018
9881 1975 1976
9882 5223 5269
9883 3983 4029
9884 1975 1983
9885 4031 4032
9886 4031 4034
9887 3823 3825
9888 3631 5012
9889 1991 1994
9890 4047 4048
9891 4047 4049
9892 4047 4055
9893 2007 2010
9894 4415 4425
9895 2023 2033
9896 4079 4082
9897 2039 2040
9898 2039 2045
9899 3583 3584
9900 3583 3586
9901 3535 3591
9902 3599 3600
9903 3599 3601
9904 1559 1560
9905 1559 1564
9906 2527 2529
9907 3615 3616
9908 3615 3618
9909 3615 3622
9910 1575 1576
9911 1575 1582
9912 3631 3632
9913 3631 3634
9914 1575 1588
9915 1591 1592
9916 3631 3641
9917 1591 1594
9918 3647 3648
9919 3647 3650
9920 5351 5352
9921 3663 3664
9922 3663 3666
9923 1623 1624
9924 1623 1625
9925 1607 1626
9926 3663 3677
9927 3679 3680
9928 3679 3685
9929 1639 1640
9930 1639 1642
9931 1655 1656
9932 1655 1658
9933 4983 4984
9934 3695 3711
9935 3711 3712
9936 3711 3713
9937 3671 3672
9938 2927 2938
9939 1655 1681
9940 5055 5056
9941 1687 1688
9942 1687 1694
9943 1687 1697
9944 3743 3746
9945 5519 5520
9946 1703 1704
9947 4967 4968
9948 1703 1711
9949 4967 4969
9950 1719 1722
9951 4791 4792
9952 3647 3783
9953 4431 4441
9954 1735 1738
9955 5119 5120
9956 3775 3790
9957 3791 3792
9958 3791 3794
9959 3479 3482
9960 3759 3805
9961 3807 3808
9962 1751 1761
9963 3807 3810
9964 3071 3811
9965 1767 1768
9966 1767 1774
9967 5327 5328
9968 3823 3824
9969 1767 1777
9970 3823 3827
9971 4775 4776
9972 1783 1784
9973 5327 5330
9974 3119 3838
9975 1783 1791
9976 3327 3328
9977 3327 3329
9978 1271 1282
9979 5335 5380
9980 5367 5381
9981 1287 1288
9982 1287 1290
9983 3327 3339
9984 3343 3344
9985 3343 3345
9986 5399 5400
9987 1303 1306
9988 3359 3360
9989 1319 1321
9990 3375 3376
9991 5431 5432
9992 527 3385
9993 567 1342
9994 3391 3392
9995 3391 3394
9996 4623 4626
9997 1351 1352
9998 4711 5449
9999 1351 1354
10000 575 3403
10001 3407 3408
10002 2943 2953
10003 4447 4448
10004 1351 1365
10005 1367 1368
10006 1367 1374
10007 3423 3424
10008 3423 3426
10009 2583 2585
10010 1383 1384
10011 3423 3434
10012 5447 5485
10013 3439 3448
10014 5495 5498
10015 647 1405
10016 3455 3456
10017 3455 3457
10018 839 1410
10019 4431 4432
10020 1415 1416
10021 1415 1418
10022 3455 3469
10023 3295 3470
10024 3471 3472
10025 5399 5402
10026 3471 3476
10027 1415 1429
10028 1431 1432
10029 3471 3482
10030 1431 1436
10031 679 1437
10032 663 1438
10033 3487 3488
10034 3487 3490
10035 3487 3492
10036 5319 5482
10037 5543 5546
10038 1447 1455
10039 3503 3504
10040 1463 1464
10041 5383 5384
10042 3519 3520
10043 5383 5387
10044 1479 1482
10045 5431 5580
10046 3535 3536
10047 3535 3540
10048 5591 5592
10049 5591 5596
10050 3551 3552
10051 3551 3554
10052 1495 1508
10053 1511 1512
10054 5607 5609
10055 1511 1514
10056 3567 3568
10057 3567 3570
10058 5607 5624
10059 1527 1529
10060 3567 3578
10061 5095 5629
10062 3071 3072
10063 3071 3074
10064 4695 4716
10065 1031 1032
10066 487 1035
10067 5511 5514
10068 5015 5016
10069 3103 3104
10070 3103 3105
10071 3087 3106
10072 5143 5157
10073 5159 5160
10074 5159 5163
10075 5175 5176
10076 5175 5178
10077 3135 3136
10078 1079 1090
10079 3135 3140
10080 1095 1096
10081 1095 1098
10082 1063 1101
10083 5191 5201
10084 1111 1112
10085 1111 1114
10086 5207 5213
10087 3151 3166
10088 3359 3369
10089 4863 4864
10090 135 1123
10091 1111 1125
10092 4823 4824
10093 1127 1128
10094 5223 5226
10095 1127 1132
10096 3183 3184
10097 3183 3185
10098 3167 3186
10099 4775 5237
10100 5239 5240
10101 4759 5243
10102 1143 1159
10103 1159 1160
10104 1159 1161
10105 3215 3216
10106 4503 5267
10107 3215 3220
10108 3311 3456
10109 4807 4808
10110 5271 5272
10111 2583 5349
10112 4487 4495
10113 5287 5288
10114 3231 3242
10115 4671 4672
10116 3247 3248
10117 3247 3250
10118 5303 5305
10119 5359 5369
10120 3263 3264
10121 3263 3265
10122 1207 1218
10123 4407 5319
10124 1223 1224
10125 5319 5321
10126 1223 1226
10127 3263 3275
10128 1191 1229
10129 3279 3280
10130 3279 3281
10131 1239 1240
10132 1239 1242
10133 3295 3296
10134 3383 3384
10135 1239 1253
10136 3295 3303
10137 1255 1256
10138 1255 1260
10139 2567 5359
10140 3311 3312
10141 3311 3313
10142 2815 2816
10143 2615 2616
10144 2783 2821
10145 775 776
10146 775 777
10147 4871 4874
10148 2615 2618
10149 775 784
10150 2831 2834
10151 3511 4884
10152 791 792
10153 4887 4889
10154 2847 2849
10155 4463 4464
10156 4903 4904
10157 4463 4465
10158 807 810
10159 5431 5433
10160 3831 3834
10161 4319 4345
10162 2879 2880
10163 823 836
10164 2879 2887
10165 839 840
10166 839 842
10167 2879 2893
10168 2895 2896
10169 4951 4952
10170 855 857
10171 4951 4954
10172 5415 5417
10173 2911 2912
10174 2911 2914
10175 871 872
10176 4951 4969
10177 4271 4272
10178 2927 2928
10179 2927 2930
10180 887 888
10181 2911 2937
10182 887 890
10183 4519 4988
10184 5503 5504
10185 3927 3930
10186 4999 5000
10187 903 905
10188 4999 5002
10189 2959 2960
10190 4271 4279
10191 3871 4152
10192 2959 2965
10193 919 920
10194 2975 2976
10195 2975 2978
10196 5223 5224
10197 4631 4632
10198 5031 5032
10199 5031 5034
10200 4999 5037
10201 2991 2992
10202 2991 2994
10203 5047 5048
10204 5047 5052
10205 5047 5062
10206 2295 5063
10207 967 968
10208 2991 3017
10209 967 972
10210 5079 5080
10211 3023 3024
10212 311 979
10213 3023 3030
10214 983 984
10215 3023 3033
10216 983 986
10217 951 989
10218 2975 3032
10219 3039 3040
10220 5583 5584
10221 999 1002
10222 3039 3053
10223 3055 3056
10224 3055 3058
10225 1695 1697
10226 5111 5112
10227 1015 1017
10228 5111 5114
10229 5439 5440
10230 5079 5082
10231 2559 2560
10232 2559 2562
10233 519 520
10234 4615 4618
10235 519 524
10236 4647 4648
10237 2559 2580
10238 4895 4900
10239 535 536
10240 5423 5424
10241 4631 4634
10242 535 541
10243 2591 2592
10244 2591 2594
10245 535 547
10246 2543 2596
10247 551 552
10248 4631 4649
10249 551 554
10250 551 556
10251 2607 2608
10252 2607 2610
10253 567 568
10254 4663 4665
10255 4567 4668
10256 2623 2624
10257 2607 2626
10258 583 584
10259 4679 4682
10260 4703 4704
10261 2607 2640
10262 2623 2641
10263 599 600
10264 599 602
10265 2655 2656
10266 2655 2657
10267 2655 2659
10268 615 616
10269 615 620
10270 2671 2672
10271 2671 2674
10272 4407 4726
10273 1871 2679
10274 631 632
10275 2543 2681
10276 4687 4688
10277 631 639
10278 2687 2688
10279 2687 2689
10280 631 642
10281 4023 4052
10282 647 648
10283 4743 4746
10284 647 652
10285 5567 5575
10286 2703 2704
10287 71 657
10288 3007 3017
10289 4511 4512
10290 663 664
10291 4759 4761
10292 663 666
10293 2671 2716
10294 2719 2720
10295 2719 2722
10296 3783 5122
10297 663 677
10298 679 680
10299 4775 4777
10300 3407 3410
10301 679 686
10302 2735 2736
10303 4743 4785
10304 2735 2738
10305 3887 3890
10306 695 696
10307 2647 2653
10308 4791 4798
10309 2751 2752
10310 2751 2753
10311 4791 4804
10312 1791 2758
10313 2751 2759
10314 711 712
10315 4807 4809
10316 5463 5464
10317 1487 2765
10318 727 728
10319 247 264
10320 2671 2790
10321 743 744
10322 4439 4440
10323 743 746
10324 2247 2275
10325 2799 2800
10326 2799 2804
10327 2455 2458
10328 759 760
10329 5447 5448
10330 759 764
10331 2303 2304
10332 2303 2306
10333 5447 5450
10334 263 264
10335 263 270
10336 4303 4304
10337 2319 2320
10338 2319 2322
10339 263 276
10340 279 280
10341 279 282
10342 3407 3432
10343 2335 2336
10344 2335 2337
10345 2335 2339
10346 5271 5275
10347 5615 5616
10348 4391 4392
10349 295 297
10350 2279 2288
10351 4927 4930
10352 4391 4398
10353 2351 2352
10354 2351 2354
10355 895 2355
10356 4391 4404
10357 4407 4408
10358 4407 4410
10359 2367 2368
10360 2367 2370
10361 327 328
10362 1663 2379
10363 327 332
10364 4743 4744
10365 2383 2384
10366 1559 1576
10367 2367 2390
10368 343 344
10369 4439 4441
10370 4423 4442
10371 343 347
10372 4503 4505
10373 103 349
10374 343 351
10375 2399 2400
10376 2367 2402
10377 2383 2404
10378 1711 2406
10379 4455 4456
10380 2399 2409
10381 4455 4458
10382 4359 4461
10383 2415 2416
10384 359 369
10385 2415 2418
10386 4471 4472
10387 4471 4474
10388 2383 2430
10389 2087 2768
10390 2431 2432
10391 375 385
10392 2431 2434
10393 5255 5269
10394 4487 4488
10395 391 393
10396 3767 3776
10397 2447 2448
10398 2447 2449
10399 2447 2451
10400 4503 4504
10401 407 409
10402 2463 2464
10403 1935 2466
10404 4927 4928
10405 423 424
10406 4375 4376
10407 1519 2475
10408 423 429
10409 4519 4527
10410 2479 2480
10411 2479 2482
10412 2047 2485
10413 4935 4953
10414 439 441
10415 4535 4538
10416 439 443
10417 4375 4380
10418 2495 2496
10419 279 450
10420 2975 3338
10421 455 457
10422 4551 4554
10423 2479 2512
10424 2495 2513
10425 4911 4912
10426 471 473
10427 2527 2528
10428 1599 2529
10429 2527 2531
10430 1583 2533
10431 4583 4584
10432 4735 4736
10433 4583 4590
10434 2543 2544
10435 4583 4593
10436 2543 2546
10437 4183 4184
10438 503 504
10439 4375 4392
10440 4599 4607
10441 4007 4096
10442 2031 2049
10443 7 8
10444 1903 2057
10445 2687 5466
10446 7 23
10447 23 24
10448 4719 4720
10449 4383 4384
10450 2079 2080
10451 2079 2082
10452 4167 4168
10453 2063 2084
10454 2951 4134
10455 39 40
10456 39 42
10457 3415 4140
10458 2095 2096
10459 2079 2100
10460 3191 4151
10461 55 56
10462 55 58
10463 4151 4159
10464 2111 2112
10465 55 66
10466 4135 4166
10467 71 72
10468 71 74
10469 2127 2128
10470 2127 2132
10471 87 88
10472 4183 4188
10473 87 95
10474 2143 2144
10475 2143 2146
10476 87 101
10477 103 104
10478 4103 4104
10479 5495 5496
10480 2159 2160
10481 2159 2161
10482 687 2165
10483 119 120
10484 119 122
10485 4215 4220
10486 2127 2174
10487 4183 4223
10488 2743 2746
10489 135 136
10490 4231 4233
10491 135 138
10492 3839 3842
10493 119 145
10494 135 146
10495 4231 4245
10496 4247 4248
10497 4247 4250
10498 5479 5480
10499 4247 4254
10500 151 161
10501 71 162
10502 5479 5482
10503 2207 2216
10504 4263 4266
10505 3079 3089
10506 4263 4272
10507 167 180
10508 4487 5217
10509 2223 2231
10510 4279 4280
10511 183 185
10512 183 187
10513 2239 2240
10514 2463 2466
10515 5495 5514
10516 199 200
10517 4295 4298
10518 2239 2255
10519 2255 2256
10520 4655 4656
10521 215 216
10522 215 218
10523 215 227
10524 4311 4324
10525 3991 4000
10526 231 232
10527 4327 4330
10528 5287 5290
10529 247 248
10530 2999 3953
10531 247 252
10532 2287 2302
10533 3831 3841
10534 3079 3848
10535 3847 3850
10536 3063 3851
10537 1807 1808
10538 1807 1812
10539 3815 3862
10540 3863 3864
10541 3863 3866
10542 3879 3880
10543 3879 3881
10544 1823 1834
10545 3879 3883
10546 1839 1840
10547 1839 1842
10548 3895 3896
10549 3895 3898
10550 1855 1856
10551 1855 1857
10552 3911 3912
10553 3911 3914
10554 1855 1867
10555 1871 1872
10556 1871 1873
10557 2919 3923
10558 5135 5145
10559 3927 3928
10560 3911 3930
10561 1887 1888
10562 3911 3940
10563 3927 3941
10564 1887 1895
10565 3943 3944
10566 4983 5131
10567 3943 3946
10568 1903 1904
10569 1903 1905
10570 4943 4944
10571 3959 3961
10572 4943 4946
10573 4543 4544
10574 1919 1920
10575 1919 1921
10576 1567 1930
10577 1919 1931
10578 2503 2513
10579 4767 4768
10580 1935 1936
10581 1935 1937
10582 3975 3986
10583 4007 4009
10584 4215 4216
10585 3991 3992
10586 3991 3997
10587 1951 1952
10588 4807 5275
10589 4007 4008
10590 1951 1961
10591 1967 1968
10592 3407 4037
10593 4327 5629
10594 4215 4223
10595 4023 4024
10596 4023 4026
10597 4751 4752
10598 4199 4200
10599 4039 4040
10600 4023 4042
10601 1999 2000
10602 1999 2004
10603 4039 4053
10604 4055 4056
10605 4055 4058
10606 4847 4848
10607 4071 4073
10608 2015 2030
10609 4087 4094
10610 5631 5632
10611 3591 3592
10612 1535 1545
10613 4223 4224
10614 1551 1552
10615 1551 1557
10616 5527 5530
10617 3607 3608
10618 3607 3612
10619 1511 2491
10620 1567 1568
10621 1567 1570
10622 3343 3898
10623 3623 3624
10624 3511 3625
10625 1583 1584
10626 1583 1586
10627 3639 3640
10628 5511 5512
10629 3607 3655
10630 3655 3656
10631 1583 1609
10632 1615 1616
10633 1615 1622
10634 5335 5336
10635 1567 1624
10636 1615 1625
10637 3671 3674
10638 1631 1632
10639 5335 5338
10640 3687 3690
10641 2919 2920
10642 1631 1645
10643 1647 1648
10644 1647 1650
10645 879 2318
10646 3703 3704
10647 5511 5525
10648 1663 1664
10649 1663 1666
10650 3703 3715
10651 5319 5320
10652 3719 3720
10653 3719 3722
10654 3279 4088
10655 3575 3735
10656 3735 3737
10657 1695 1696
10658 519 536
10659 1679 1698
10660 3751 3762
10661 3767 3768
10662 3767 3773
10663 1727 1728
10664 1727 1732
10665 1975 4792
10666 3783 3784
10667 3783 3785
10668 2383 2386
10669 5167 5170
10670 3799 3800
10671 3799 3802
10672 1743 1758
10673 4991 4992
10674 3815 3816
10675 3815 3818
10676 327 344
10677 3799 3822
10678 1775 1776
10679 1775 1777
10680 1759 1778
10681 3831 3832
10682 3799 3834
10683 3815 3836
10684 3111 3839
10685 1279 1281
10686 5375 5381
10687 3335 3336
10688 3335 3338
10689 5391 5392
10690 5391 5394
10691 4975 4976
10692 2191 2194
10693 3351 3352
10694 3351 3354
10695 3887 3897
10696 5407 5408
10697 4847 5411
10698 3351 3367
10699 3367 3369
10700 4799 4800
10701 335 1328
10702 3335 3377
10703 5423 5426
10704 5391 5430
10705 1327 1335
10706 383 1336
10707 4039 4042
10708 4703 5436
10709 1311 1342
10710 1343 1344
10711 5439 5442
10712 3383 3397
10713 3399 3400
10714 3399 3402
10715 1359 1360
10716 1359 1362
10717 5455 5459
10718 2703 5461
10719 5455 5463
10720 3415 3416
10721 3415 3418
10722 4783 4784
10723 1375 1376
10724 5471 5473
10725 1375 1380
10726 4231 4232
10727 3431 3433
10728 4719 5484
10729 1391 1392
10730 1391 1393
10731 5487 5490
10732 1391 1400
10733 1407 1408
10734 5503 5506
10735 3463 3464
10736 3503 4176
10737 3463 3468
10738 3303 3469
10739 1423 1424
10740 5519 5521
10741 1423 1426
10742 847 1428
10743 5519 5527
10744 3479 3480
10745 1847 1848
10746 2399 2402
10747 1439 1441
10748 3495 3496
10749 3495 3498
10750 5167 5213
10751 4591 4593
10752 4335 4336
10753 3495 3506
10754 5559 5561
10755 3511 3512
10756 3511 3514
10757 3463 3519
10758 1471 1472
10759 4679 4729
10760 1471 1479
10761 3527 3528
10762 3527 3529
10763 1471 1485
10764 5551 5582
10765 1487 1488
10766 5071 5585
10767 3527 3541
10768 3543 3544
10769 3543 3548
10770 1503 1504
10771 1503 1506
10772 3559 3560
10773 3559 3562
10774 3559 3564
10775 1519 1520
10776 4335 5617
10777 1519 1522
10778 5615 5620
10779 5615 5623
10780 3575 3576
10781 1503 1529
10782 1519 1530
10783 4799 4841
10784 5087 5631
10785 1023 1024
10786 5119 5122
10787 1023 1028
10788 1039 1040
10789 3063 3089
10790 1039 1042
10791 1007 1045
10792 3095 3096
10793 2271 2840
10794 3095 3102
10795 5495 5524
10796 3095 3105
10797 1055 1058
10798 5151 5157
10799 3111 3112
10800 5623 5624
10801 3111 3119
10802 5167 5168
10803 1071 1074
10804 4599 4764
10805 3127 3130
10806 815 1087
10807 5183 5184
10808 1087 1089
10809 4663 4664
10810 3143 3146
10811 63 1101
10812 127 1105
10813 5199 5213
10814 5215 5216
10815 2759 2762
10816 5215 5219
10817 3175 3176
10818 4495 5228
10819 3175 3182
10820 5231 5232
10821 3175 3185
10822 1135 1138
10823 1119 1142
10824 4647 4649
10825 3191 3192
10826 3191 3199
10827 1151 1152
10828 5247 5257
10829 3207 3210
10830 1151 1163
10831 1167 1168
10832 1167 1170
10833 5263 5269
10834 4815 5270
10835 3223 3226
10836 5279 5280
10837 1183 1186
10838 3239 3241
10839 2815 2818
10840 5295 5296
10841 1199 1202
10842 5007 5008
10843 5055 5302
10844 3255 3256
10845 575 1209
10846 5311 5312
10847 1215 1217
10848 5311 5314
10849 5279 5318
10850 3271 3272
10851 3271 3274
10852 2999 3279
10853 4831 4832
10854 4855 4856
10855 3287 3288
10856 3287 3290
10857 5343 5344
10858 1671 1681
10859 5343 5347
10860 5343 5351
10861 3287 3308
10862 1263 1266
10863 2623 2626
10864 1247 1270
10865 3319 3320
10866 3271 3321
10867 3159 3324
10868 767 768
10869 4863 4866
10870 607 771
10871 1367 2820
10872 4263 4264
10873 591 775
10874 4863 4877
10875 4879 4880
10876 4879 4884
10877 1415 2839
10878 2263 2844
10879 5607 5608
10880 799 800
10881 4127 4130
10882 799 807
10883 799 813
10884 2967 2984
10885 2855 2863
10886 815 816
10887 4911 4914
10888 1431 2869
10889 2839 2870
10890 2871 2872
10891 4455 4482
10892 831 832
10893 831 834
10894 2887 2890
10895 4927 4941
10896 847 848
10897 847 850
10898 3583 4947
10899 831 857
10900 847 858
10901 4983 4985
10902 4959 4960
10903 2903 2916
10904 4959 4966
10905 863 872
10906 4959 4969
10907 2919 2922
10908 879 880
10909 879 882
10910 4975 4979
10911 4463 4980
10912 4975 4981
10913 2935 2937
10914 879 893
10915 895 896
10916 4991 4994
10917 895 900
10918 751 901
10919 735 902
10920 4527 5001
10921 5591 5604
10922 911 912
10923 3647 5010
10924 5007 5011
10925 911 916
10926 5007 5015
10927 2967 2968
10928 4879 5019
10929 2967 2972
10930 4863 5022
10931 927 928
10932 5023 5025
10933 927 930
10934 719 932
10935 2983 2984
10936 2983 2990
10937 5039 5040
10938 5039 5041
10939 943 946
10940 5039 5043
10941 2983 2996
10942 2999 3000
10943 2999 3002
10944 2639 2640
10945 2575 5369
10946 255 958
10947 2639 2641
10948 959 961
10949 5055 5058
10950 4871 4872
10951 975 976
10952 5071 5073
10953 3031 3032
10954 3031 3033
10955 3015 3034
10956 5087 5088
10957 5087 5089
10958 4695 4696
10959 3047 3048
10960 3047 3050
10961 5055 5099
10962 4695 4698
10963 5103 5104
10964 5103 5107
10965 3063 3064
10966 3063 3066
10967 511 512
10968 511 517
10969 2567 2568
10970 5599 5600
10971 2567 2575
10972 527 528
10973 527 530
10974 4679 4680
10975 4383 4629
10976 5231 5234
10977 2583 2584
10978 31 537
10979 31 539
10980 543 544
10981 543 546
10982 4639 4646
10983 2551 2599
10984 2599 2600
10985 4639 4649
10986 2599 2602
10987 559 560
10988 559 562
10989 4655 4662
10990 543 568
10991 4655 4665
10992 559 570
10993 2023 2620
10994 575 576
10995 4671 4673
10996 575 578
10997 527 582
10998 2631 2632
10999 4399 4682
11000 4671 4683
11001 2631 2638
11002 591 592
11003 2631 2641
11004 591 594
11005 1983 4805
11006 5527 5528
11007 2647 2648
11008 2647 2651
11009 591 605
11010 607 608
11011 607 614
11012 4703 4711
11013 2663 2664
11014 2663 2668
11015 623 624
11016 4719 4721
11017 2663 2678
11018 4415 4727
11019 2679 2680
11020 639 640
11021 4735 4737
11022 2695 2696
11023 2695 2698
11024 4735 4747
11025 655 656
11026 2711 2712
11027 2711 2714
11028 671 672
11029 671 674
11030 4607 4774
11031 2727 2728
11032 2727 2730
11033 1543 2733
11034 687 688
11035 687 692
11036 2743 2744
11037 2727 2746
11038 1783 2750
11039 2439 2751
11040 703 704
11041 3543 3554
11042 4799 4802
11043 2727 2756
11044 2743 2757
11045 703 711
11046 2759 2760
11047 703 714
11048 5279 5282
11049 4895 4896
11050 719 720
11051 191 723
11052 719 724
11053 4799 4825
11054 2775 2778
11055 3159 3169
11056 1351 2783
11057 735 736
11058 735 738
11059 4831 4839
11060 2791 2793
11061 4831 4842
11062 735 749
11063 751 752
11064 4847 4852
11065 751 758
11066 2807 2808
11067 4687 4858
11068 255 256
11069 255 258
11070 2311 2312
11071 4351 4361
11072 2311 2314
11073 271 272
11074 271 274
11075 4367 4373
11076 2327 2328
11077 2327 2330
11078 2311 2334
11079 287 288
11080 287 290
11081 271 296
11082 287 298
11083 1887 2071
11084 4399 4400
11085 2343 2353
11086 4399 4402
11087 255 311
11088 2359 2360
11089 303 313
11090 2359 2362
11091 319 320
11092 319 325
11093 2327 2374
11094 2375 2376
11095 4399 4425
11096 2375 2378
11097 335 336
11098 335 338
11099 4431 4438
11100 2391 2392
11101 2391 2393
11102 2391 2395
11103 351 352
11104 5455 5456
11105 4447 4454
11106 1703 2407
11107 2407 2408
11108 2407 2410
11109 4447 4460
11110 1671 2416
11111 159 369
11112 1655 2419
11113 2423 2424
11114 2423 2426
11115 335 383
11116 4479 4480
11117 367 385
11118 4479 4482
11119 4727 4728
11120 271 390
11121 2439 2440
11122 2439 2442
11123 2423 2446
11124 399 400
11125 4479 4500
11126 2455 2456
11127 2423 2458
11128 2439 2460
11129 415 416
11130 2455 2465
11131 2471 2472
11132 2471 2474
11133 431 432
11134 431 434
11135 4639 4640
11136 2487 2488
11137 2487 2490
11138 431 443
11139 447 448
11140 4543 4548
11141 2503 2504
11142 4599 4600
11143 2503 2510
11144 463 464
11145 287 465
11146 5111 5157
11147 4839 4840
11148 2519 2520
11149 2519 2523
11150 2519 2525
11151 4559 4574
11152 1591 2528
11153 479 481
11154 479 483
11155 2535 2536
11156 2535 2540
11157 4591 4592
11158 495 497
11159 4575 4594
11160 495 499
11161 2535 2550
11162 5071 5072
11163 2551 2552
11164 2551 2553
11165 4519 4520
11166 2039 2048
11167 2479 2498
11168 4095 4104
11169 15 16
11170 15 18
11171 2055 2067
11172 1895 2070
11173 4111 4119
11174 2071 2072
11175 2071 2075
11176 3423 4124
11177 4343 4345
11178 31 32
11179 31 34
11180 2087 2091
11181 15 44
11182 47 48
11183 4143 4145
11184 47 50
11185 4383 4386
11186 47 52
11187 615 2102
11188 2103 2104
11189 2103 2108
11190 15 61
11191 2103 2111
11192 63 64
11193 4367 4368
11194 2311 2346
11195 2895 4166
11196 2119 2120
11197 2119 2121
11198 79 80
11199 4175 4177
11200 2119 2133
11201 2135 2136
11202 2135 2140
11203 4175 4189
11204 4191 4192
11205 95 98
11206 4191 4194
11207 2151 2152
11208 2151 2156
11209 4207 4208
11210 4207 4210
11211 1375 4214
11212 4207 4216
11213 4191 4198
11214 111 124
11215 2167 2175
11216 127 128
11217 2495 2498
11218 127 130
11219 3599 3613
11220 2183 2185
11221 4175 4176
11222 4239 4240
11223 143 145
11224 4239 4244
11225 2055 2201
11226 4767 4770
11227 2199 2206
11228 4255 4256
11229 4623 4624
11230 2215 2216
11231 759 2221
11232 175 176
11233 3583 4273
11234 175 178
11235 4271 4276
11236 3199 4159
11237 4239 4279
11238 4287 4288
11239 5127 5128
11240 4287 4295
11241 2247 2248
11242 2247 2250
11243 4287 4301
11244 2327 2348
11245 207 208
11246 207 213
11247 2263 2264
11248 2263 2266
11249 4319 4320
11250 223 225
11251 4319 4322
11252 223 227
11253 2135 2146
11254 2279 2280
11255 175 233
11256 2279 2285
11257 2247 2287
11258 239 240
11259 4335 4338
11260 239 245
11261 2295 2296
11262 2295 2297
11263 4335 4346
