5634
0 -5.786799907684326 -2.889699935913086 6.954999923706055
1 -5.893899917602539 -2.74429988861084 6.774499893188477
2 -5.464700222015381 -2.711199998855591 6.305699825286865
3 -5.37470006942749 -2.857599973678589 6.501699924468994
4 -5.9984002113342285 -2.5943000316619873 6.608699798583984
5 -5.553100109100342 -2.5606000423431396 6.125
6 -5.0929999351501465 -2.5267999172210693 5.652400016784668
7 -5.020500183105469 -2.6784000396728516 5.849100112915039
8 -4.947700023651123 -2.826200008392334 6.0619001388549805
9 -6.19789981842041 -2.2802999019622803 6.31820011138916
10 -5.724100112915039 -2.246299982070923 5.80709981918335
11 -5.639699935913086 -2.4056999683380127 5.959099769592285
12 -6.099899768829346 -2.43969988822937 6.456900119781494
13 -5.235400199890137 -2.2114999294281006 5.304599761962891
14 -5.16480016708374 -2.3710999488830566 5.471099853515625
15 -4.243000030517578 -2.1424999237060547 4.349800109863281
16 -4.19890022277832 -2.303499937057495 4.546599864959717
17 -4.68209981918335 -2.3368000984191895 4.9984002113342285
18 -4.739099979400635 -2.1765999794006348 4.81689977645874
19 -4.155600070953369 -2.4612998962402344 4.760300159454346
20 -4.624899864196777 -2.493499994277954 5.195700168609619
21 -4.07289981842041 -2.7672998905181885 5.239099979400635
22 -4.51170015335083 -2.7960000038146973 5.639699935913086
23 -4.567999839782715 -2.6465001106262207 5.40939998626709
24 -4.11359977722168 -2.6159000396728516 4.991000175476074
25 -6.292099952697754 -2.1159000396728516 6.19189977645874
26 -5.805799961090088 -2.08240008354187 5.668399810791016
27 -6.3821001052856445 -1.9464999437332153 6.077000141143799
28 -5.884500026702881 -1.9139000177383423 5.542099952697754
29 -5.371699810028076 -1.8798999786376953 5.013999938964844
30 -5.3043999671936035 -2.047800064086914 5.152500152587891
31 -6.547599792480469 -1.5916999578475952 5.878600120544434
32 -6.031000137329102 -1.562399983406067 5.3242998123168945
33 -5.959700107574463 -1.7405999898910522 5.427700042724609
34 -6.467400074005127 -1.7718000411987305 5.972899913787842
35 -5.499000072479248 -1.531499981880188 4.7754998207092285
36 -5.436699867248535 -1.707800030708313 4.888500213623047
37 -4.422599792480469 -1.4680999517440796 3.723599910736084
38 -4.377799987792969 -1.6411999464035034 3.856600046157837
39 -4.906599998474121 -1.674399971961975 4.362500190734863
40 -4.960100173950195 -1.4997999668121338 4.239500045776367
41 -4.332699775695801 -1.8113000392913818 4.005000114440918
42 -4.8516998291015625 -1.8453999757766724 4.4994001388549805
43 -4.79580020904541 -2.0127999782562256 4.650700092315674
44 -4.287700176239014 -1.9783999919891357 4.169300079345703
45 -2.4567999839782715 -1.3595999479293823 2.004699945449829
46 -2.440500020980835 -1.5277999639511108 2.174799919128418
47 -2.881500005722046 -1.5514999628067017 2.529900074005127
48 -2.903700113296509 -1.3824000358581543 2.368299961090088
49 -2.427000045776367 -1.6955000162124634 2.365600109100342
50 -2.861799955368042 -1.719599962234497 2.7112998962402344
51 -3.329699993133545 -1.747499942779541 3.104300022125244
52 -3.3568999767303467 -1.5787999629974365 2.933300018310547
53 -3.3859000205993652 -1.4085999727249146 2.7806999683380127
54 -2.4089999198913574 -2.02839994430542 2.8087000846862793
55 -2.829900026321411 -2.052000045776367 3.1328001022338867
56 -2.8445000648498535 -1.8865000009536743 2.9123001098632812
57 -2.4165000915527344 -1.8624999523162842 2.5769999027252197
58 -3.280900001525879 -2.079400062561035 3.501699924468994
59 -3.30430006980896 -1.9143999814987183 3.2936999797821045
60 -3.787899971008301 -1.9452999830245972 3.714900016784668
61 -3.7544000148773193 -2.109800100326538 3.90939998626709
62 -3.822700023651123 -1.77839994430542 3.5378000736236572
63 -3.8949999809265137 -1.4375 3.2348999977111816
64 -3.8584001064300537 -1.6089999675750732 3.3777999877929688
65 -2.404599905014038 -2.1928999423980713 3.0604000091552734
66 -2.818000078201294 -2.2156999111175537 3.3726999759674072
67 -2.4035000801086426 -2.355799913406372 3.331700086593628
68 -2.8090999126434326 -2.377500057220459 3.631700038909912
69 -3.2409000396728516 -2.4026999473571777 3.973099946975708
70 -3.259700059890747 -2.2421998977661133 3.7281999588012695
71 -2.4112000465393066 -2.6751999855041504 3.932300090789795
72 -2.80049991607666 -2.6940999031066895 4.206600189208984
73 -2.8032000064849854 -2.5369999408721924 3.9096999168395996
74 -2.405600070953369 -2.516700029373169 3.6224000453948975
75 -3.211199998855591 -2.7160000801086426 4.518499851226807
76 -3.2246999740600586 -2.560699939727783 4.236599922180176
77 -3.663599967956543 -2.587100028991699 4.598499774932861
78 -3.637399911880493 -2.740499973297119 4.863999843597412
79 -3.691999912261963 -2.430799961090088 4.35099983215332
80 -3.722399950027466 -2.271699905395508 4.121399879455566
81 -8.518799781799316 -3.081199884414673 14.653200149536133
82 -8.373600006103516 -3.141400098800659 14.822199821472168
83 -8.466300010681152 -3.0580999851226807 15.055700302124023
84 -8.632699966430664 -3.0065999031066895 14.742500305175781
85 -8.155699729919434 -3.2221999168395996 15.043700218200684
86 -8.243000030517578 -3.1298000812530518 15.340700149536133
87 -8.357099533081055 -3.0144999027252197 15.590800285339355
88 -8.596099853515625 -2.947999954223633 15.240300178527832
89 -8.783100128173828 -2.896699905395508 14.857099533081055
90 -7.586299896240234 -3.399399995803833 15.500300407409668
91 -7.658199787139893 -3.294600009918213 15.873100280761719
92 -7.97130012512207 -3.2102999687194824 15.616100311279297
93 -7.890900135040283 -3.3097000122070312 15.274900436401367
94 -7.746699810028076 -3.1691999435424805 16.204200744628906
95 -8.072099685668945 -3.0897998809814453 15.9128999710083
96 -7.953000068664551 -2.861999988555908 16.760700225830078
97 -8.308199882507324 -2.791100025177002 16.401100158691406
98 -8.186699867248535 -2.9495999813079834 16.172300338745117
99 -7.84660005569458 -3.0244998931884766 16.49850082397461
100 -8.62279987335205 -2.723900079727173 16.000999450683594
101 -8.486499786376953 -2.8785998821258545 15.808699607849121
102 -9.10789966583252 -2.613100051879883 15.092100143432617
103 -8.944199562072754 -2.7644999027252197 14.975600242614746
104 -8.740699768066406 -2.815500020980835 15.409199714660645
105 -8.891200065612793 -2.6633999347686768 15.563599586486816
106 -7.249000072479248 -3.486599922180176 15.704299926757812
107 -7.310699939727783 -3.3773000240325928 16.10300064086914
108 -6.884799957275391 -3.5694000720977783 15.88029956817627
109 -6.934899806976318 -3.4565000534057617 16.299800872802734
110 -6.996799945831299 -3.323499917984009 16.681900024414062
111 -7.386099815368652 -3.2479000091552734 16.462400436401367
112 -6.098400115966797 -3.7142999172210693 16.122499465942383
113 -6.122799873352051 -3.595099925994873 16.569700241088867
114 -6.5370001792907715 -3.5297999382019043 16.457399368286133
115 -6.4994001388549805 -3.6459999084472656 16.021900177001953
116 -6.156099796295166 -3.456399917602539 16.98240089416504
117 -6.584700107574463 -3.3938000202178955 16.857099533081055
118 -6.240799903869629 -3.1233999729156494 17.709299087524414
119 -6.700500011444092 -3.0662999153137207 17.55579948425293
120 -6.640100002288818 -3.239000082015991 17.222700119018555
121 -6.196199893951416 -3.298799991607666 17.361900329589844
122 -7.143099784851074 -3.0020999908447266 17.34320068359375
123 -7.067200183868408 -3.1717000007629395 17.028900146484375
124 -7.471399784088135 -3.099400043487549 16.78580093383789
125 -7.562600135803223 -2.9330999851226807 17.076400756835938
126 -6.423099994659424 -2.2604000568389893 18.804100036621094
127 -6.941500186920166 -2.2165000438690186 18.596599578857422
128 -6.886499881744385 -2.450900077819824 18.37689971923828
129 -6.381199836730957 -2.4986000061035156 18.572099685668945
130 -7.441199779510498 -2.1670000553131104 18.31599998474121
131 -7.3734002113342285 -2.3970999717712402 18.1112003326416
132 -7.299200057983398 -2.613600015640259 17.882200241088867
133 -6.826300144195557 -2.671299934387207 18.13129997253418
134 -6.3354997634887695 -2.722399950027466 18.313100814819336
135 -8.358799934387207 -2.0592000484466553 17.562999725341797
136 -8.266900062561035 -2.2799999713897705 17.39430046081543
137 -7.835599899291992 -2.339400053024292 17.781600952148438
138 -7.915800094604492 -2.1138999462127686 17.969100952148438
139 -8.166500091552734 -2.488300085067749 17.206100463867188
140 -7.747900009155273 -2.5518999099731445 17.5718994140625
141 -7.655799865722656 -2.750200033187866 17.337600708007812
142 -8.060700416564941 -2.682800054550171 16.99570083618164
143 -7.221399784088135 -2.815700054168701 17.62689971923828
144 -6.288000106811523 -2.930999994277954 18.025999069213867
145 -6.763500213623047 -2.876800060272217 17.85810089111328
146 -8.763699531555176 -2.0051000118255615 17.10460090637207
147 -8.66100025177002 -2.2211999893188477 16.955799102783203
148 -9.124099731445312 -1.9534000158309937 16.600799560546875
149 -9.011699676513672 -2.1651999950408936 16.472400665283203
150 -8.88860034942627 -2.365299940109253 16.330900192260742
151 -8.548700332641602 -2.425299882888794 16.79050064086914
152 -9.68529987335205 -1.8659000396728516 15.484999656677246
153 -9.557299613952637 -2.0703001022338867 15.396699905395508
154 -9.3125 -2.1140999794006348 15.950599670410156
155 -9.43340015411377 -1.9063999652862549 16.058700561523438
156 -9.416799545288086 -2.26419997215271 15.30210018157959
157 -9.180000305175781 -2.310800075531006 15.832900047302246
158 -9.038599967956543 -2.4946000576019287 15.704400062561035
159 -9.266200065612793 -2.44569993019104 15.200799942016602
160 -8.75790023803711 -2.5522000789642334 16.174400329589844
161 -8.430000305175781 -2.615799903869629 16.606399536132812
162 -2.420300006866455 -2.831199884414673 4.260900020599365
163 -2.801100015640259 -2.848400115966797 4.522200107574463
164 -2.433199882507324 -2.984100103378296 4.608399868011475
165 -2.8055999279022217 -2.9995999336242676 4.856500148773193
166 -3.194200038909912 -3.017400026321411 5.137700080871582
167 -3.200700044631958 -2.8684000968933105 4.81879997253418
168 -2.4719998836517334 -3.279099941253662 5.359799861907959
169 -2.829400062561035 -3.2904999256134033 5.5817999839782715
170 -2.8148000240325928 -3.1470999717712402 5.209700107574463
171 -2.4502999782562256 -3.1335999965667725 4.974699974060059
172 -3.197000026702881 -3.303100109100342 5.831200122833252
173 -3.1926000118255615 -3.1624999046325684 5.475200176239014
174 -3.943000078201294 -3.3315999507904053 6.401700019836426
175 -3.9674999713897705 -3.1982998847961426 6.086900234222412
176 -3.5785000324249268 -3.179500102996826 5.768499851226807
177 -3.5697999000549316 -3.316800117492676 6.105500221252441
178 -3.998300075531006 -3.059299945831299 5.787700176239014
179 -3.5934998989105225 -3.0373001098632812 5.449100017547607
180 -3.613600015640259 -2.8907999992370605 5.147600173950195
181 -4.033999919891357 -2.915299892425537 5.504899978637695
182 -2.4986000061035156 -3.420300006866455 5.763700008392334
183 -2.8499999046325684 -3.42930006980896 5.972799777984619
184 -2.5304999351501465 -3.5566999912261963 6.186500072479248
185 -2.87719988822937 -3.5629000663757324 6.382800102233887
186 -3.228100061416626 -3.5687999725341797 6.599599838256836
187 -3.208400011062622 -3.438699960708618 6.205900192260742
188 -2.611599922180176 -3.813499927520752 7.088600158691406
189 -2.9544999599456787 -3.8131000995635986 7.2600998878479
190 -2.911900043487549 -3.690999984741211 6.8119001388549805
191 -2.5680999755859375 -3.6879000663757324 6.6280999183654785
192 -3.297100067138672 -3.810699939727783 7.445199966430664
193 -3.2572999000549316 -3.6928999423980713 7.012599945068359
194 -3.95989990234375 -3.797499895095825 7.833199977874756
195 -3.9312000274658203 -3.6916000843048096 7.445099830627441
196 -3.598900079727173 -3.6933000087738037 7.225200176239014
197 -3.6340999603271484 -3.8057000637054443 7.638000011444092
198 -3.9212000370025635 -3.5785000324249268 7.07859992980957
199 -3.577899932861328 -3.5741000175476074 6.832900047302246
200 -3.5689001083374023 -3.4484000205993652 6.45989990234375
201 -3.926300048828125 -3.458400011062622 6.731599807739258
202 -4.968100070953369 -3.741300106048584 8.478099822998047
203 -5.038400173187256 -3.688699960708618 8.355299949645996
204 -4.807300090789795 -3.680500030517578 8.109999656677246
205 -4.79610013961792 -3.755199909210205 8.364399909973145
206 -5.132900238037109 -3.6110000610351562 8.183600425720215
207 -4.862400054931641 -3.594899892807007 7.878900051116943
208 -4.567999839782715 -3.5866000652313232 7.598800182342529
209 -4.543399810791016 -3.683199882507324 7.889800071716309
210 -4.551400184631348 -3.7713000774383545 8.205100059509277
211 -5.345600128173828 -3.410900115966797 7.782100200653076
212 -5.017000198364258 -3.3863000869750977 7.407199859619141
213 -4.9344000816345215 -3.4964001178741455 7.644000053405762
214 -5.236700057983398 -3.517699956893921 7.98960018157959
215 -4.67080020904541 -3.365499973297119 7.0524001121521
216 -4.612800121307373 -3.4807000160217285 7.320899963378906
217 -4.2754998207092285 -3.468600034713745 7.0177001953125
218 -4.311399936676025 -3.347599983215332 6.717299938201904
219 -4.252699851989746 -3.581899881362915 7.333000183105469
220 -4.269100189208984 -3.7857000827789307 8.025099754333496
221 -4.248700141906738 -3.6875998973846436 7.667399883270264
222 -5.456099987030029 -3.2929999828338623 7.569799900054932
223 -5.103600025177002 -3.2657999992370605 7.170599937438965
224 -5.566999912261963 -3.165800094604492 7.357800006866455
225 -5.19290018081665 -3.136399984359741 6.938199996948242
226 -4.803299903869629 -3.1089000701904297 6.534900188446045
227 -4.734799861907959 -3.2411000728607178 6.789400100708008
228 -5.283699989318848 -2.999799966812134 6.713900089263916
229 -5.677499771118164 -3.0308001041412354 7.151199817657471
230 -4.87470006942749 -2.970099925994873 6.291500091552734
231 -4.456299781799316 -2.9419000148773193 5.88730001449585
232 -4.403299808502197 -3.0831000804901123 6.1504998207092285
233 -4.354499816894531 -3.2186999320983887 6.427700042724609
234 -2.978300094604492 -4.456399917602539 11.309599876403809
235 -2.9888999462127686 -4.46619987487793 11.879400253295898
236 -3.373800039291382 -4.435699939727783 11.987199783325195
237 -3.3596999645233154 -4.42710018157959 11.4173002243042
238 -2.9872000217437744 -4.456600189208984 12.449700355529785
239 -3.374300003051758 -4.4257001876831055 12.559700012207031
240 -3.763700008392334 -4.3902997970581055 12.663999557495117
241 -3.759999990463257 -4.400300025939941 12.090900421142578
242 -3.74180006980896 -4.392499923706055 11.522500038146973
243 -2.9518001079559326 -4.3796000480651855 13.572999954223633
244 -3.3415000438690186 -4.350100040435791 13.69219970703125
245 -3.36299991607666 -4.397200107574463 13.129799842834473
246 -2.974400043487549 -4.427700042724609 13.015899658203125
247 -3.7353999614715576 -4.3171000480651855 13.802399635314941
248 -3.7548000812530518 -4.362599849700928 13.236300468444824
249 -4.527400016784668 -4.237400054931641 13.979100227355957
250 -4.539400100708008 -4.278500080108643 13.410400390625
251 -4.14769983291626 -4.323299884796143 13.331199645996094
252 -4.131499767303467 -4.279799938201904 13.899399757385254
253 -4.540500164031982 -4.303199768066406 12.837800025939941
254 -4.15310001373291 -4.349699974060059 12.758199691772461
255 -4.4994001388549805 -4.304999828338623 11.705599784851074
256 -4.122399806976318 -4.3520002365112305 11.62030029296875
257 -4.145500183105469 -4.3592000007629395 12.18589973449707
258 -4.52810001373291 -4.311800003051758 12.267600059509277
259 -2.9207000732421875 -4.312600135803223 14.116299629211426
260 -3.311199903488159 -4.2845001220703125 14.241800308227539
261 -2.8824000358581543 -4.226799964904785 14.640999794006348
262 -3.273900032043457 -4.2006001472473145 14.77340030670166
263 -3.672600030899048 -4.171999931335449 14.893799781799316
264 -3.70740008354187 -4.253600120544434 14.35669994354248
265 -2.7894999980926514 -3.9997000694274902 15.614999771118164
266 -3.1844000816345215 -3.977799892425537 15.76200008392334
267 -3.231100082397461 -4.098299980163574 15.281900405883789
268 -2.8382999897003174 -4.122499942779541 15.14210033416748
269 -3.5906999111175537 -3.954400062561035 15.894599914550781
270 -3.6331000328063965 -4.072400093078613 15.408300399780273
271 -4.425600051879883 -3.898400068283081 16.09760093688965
272 -4.453700065612793 -4.010300159454346 15.603400230407715
273 -4.041500091552734 -4.043399810791016 15.516900062561035
274 -4.005499839782715 -3.9284000396728516 16.007999420166016
275 -4.481900215148926 -4.103799819946289 15.081700325012207
276 -4.076099872589111 -4.140100002288818 14.998000144958496
277 -4.106800079345703 -4.218900203704834 14.456899642944336
278 -4.507299900054932 -4.179299831390381 14.538200378417969
279 -6.08489990234375 -3.8127999305725098 15.63949966430664
280 -5.685200214385986 -3.874300003051758 15.685799598693848
281 -5.687399864196777 -3.77239990234375 16.17569923400879
282 -6.078000068664551 -3.892199993133545 15.127400398254395
283 -5.688000202178955 -3.957200050354004 15.167799949645996
284 -5.290299892425537 -4.013400077819824 15.17080020904541
285 -5.278299808502197 -3.9268999099731445 15.692299842834473
286 -5.269599914550781 -3.821700096130371 16.186100006103516
287 -6.066199779510498 -3.998800039291382 14.04319953918457
288 -5.692599773406982 -4.070499897003174 14.073699951171875
289 -5.691800117492676 -4.022200107574463 14.628199577331543
290 -6.073200225830078 -3.9537999629974365 14.593099594116211
291 -5.310200214385986 -4.133600234985352 14.07040023803711
292 -5.30210018157959 -4.081999778747559 14.628000259399414
293 -4.906499862670898 -4.133999824523926 14.596699714660645
294 -4.92110013961792 -4.188899993896484 14.037500381469727
295 -4.887400150299072 -4.0619001388549805 15.140700340270996
296 -4.8480000495910645 -3.8631999492645264 16.15850067138672
297 -4.8668999671936035 -3.97189998626709 15.663399696350098
298 -6.052499771118164 -4.02869987487793 13.484600067138672
299 -5.686500072479248 -4.1031999588012695 13.5108003616333
300 -6.027699947357178 -4.0447001457214355 12.92389965057373
301 -5.66949987411499 -4.121500015258789 12.946100234985352
302 -5.30079984664917 -4.189700126647949 12.936200141906738
303 -5.3109002113342285 -4.1691999435424805 13.504300117492676
304 -5.927199840545654 -4.0406999588012695 11.823599815368652
305 -5.586599826812744 -4.1194000244140625 11.837499618530273
306 -5.637499809265137 -4.126500129699707 12.386099815368652
307 -5.987400054931641 -4.0482001304626465 12.368000030517578
308 -5.23360013961792 -4.189300060272217 11.819199562072754
309 -5.276199817657471 -4.196100234985352 12.372300148010254
310 -4.905700206756592 -4.257699966430664 12.331299781799316
311 -4.870500087738037 -4.250999927520752 11.773500442504883
312 -4.923799991607666 -4.250100135803223 12.898599624633789
313 -4.9278998374938965 -4.227399826049805 13.469499588012695
314 -8.156100273132324 -3.1071999073028564 10.941900253295898
315 -8.305999755859375 -3.1198999881744385 11.48840045928955
316 -8.536700248718262 -2.97160005569458 11.39009952545166
317 -8.3774995803833 -2.9588000774383545 10.836899757385254
318 -8.420599937438965 -3.127700090408325 12.035599708557129
319 -8.658100128173828 -2.9804000854492188 11.944499969482422
320 -8.881699562072754 -2.8264000415802 11.8725004196167
321 -8.754300117492676 -2.816999912261963 11.308699607849121
322 -8.586899757385254 -2.80430006980896 10.747400283813477
323 -8.551400184631348 -3.1280999183654785 13.089699745178223
324 -8.791600227355957 -2.9872000217437744 13.017000198364258
325 -8.742799758911133 -2.9853999614715576 12.490099906921387
326 -8.501799583435059 -3.130500078201294 12.57289981842041
327 -9.017000198364258 -2.838900089263916 12.97249984741211
328 -8.969200134277344 -2.8334999084472656 12.430100440979004
329 -9.425200462341309 -2.5185000896453857 12.943900108337402
330 -9.379300117492676 -2.5078999996185303 12.36340045928955
331 -9.181400299072266 -2.6744000911712646 12.389100074768066
332 -9.227999687194824 -2.682800054550171 12.950200080871582
333 -9.287099838256836 -2.498199939727783 11.776399612426758
334 -9.091400146484375 -2.665800094604492 11.817299842834473
335 -8.968700408935547 -2.476300001144409 10.608799934387207
336 -8.784000396728516 -2.6435000896453857 10.671899795532227
337 -8.958700180053711 -2.655900001525879 11.242400169372559
338 -9.149800300598145 -2.4881999492645264 11.189399719238281
339 -8.571499824523926 -3.120500087738037 13.575400352478027
340 -8.805500030517578 -2.98580002784729 13.515299797058105
341 -8.567700386047363 -3.108799934387207 14.01449966430664
342 -8.785799980163574 -2.9846999645233154 13.974100112915039
343 -8.990900039672852 -2.851300001144409 13.98069953918457
344 -9.024900436401367 -2.843400001525879 13.491000175476074
345 -8.733699798583984 -2.9869000911712646 14.382599830627441
346 -8.545900344848633 -3.094399929046631 14.391300201416016
347 -8.912500381469727 -2.86680006980896 14.436599731445312
348 -9.26710033416748 -2.576200008392334 14.59000015258789
349 -9.091699600219727 -2.7293999195098877 14.509300231933594
350 -9.371500015258789 -2.5499000549316406 14.061599731445312
351 -9.186100006103516 -2.7065999507904053 14.013799667358398
352 -9.230600357055664 -2.6923000812530518 13.492899894714355
353 -9.423399925231934 -2.531599998474121 13.51140022277832
354 -9.873200416564941 -1.8341000080108643 14.886899948120117
355 -9.739800453186035 -2.035900115966797 14.817099571228027
356 -9.99940013885498 -1.8095999956130981 14.269499778747559
357 -9.862099647521973 -2.009399890899658 14.217100143432617
358 -9.710800170898438 -2.200200080871582 14.164299964904785
359 -9.593099594116211 -2.2279000282287598 14.744199752807617
360 -10.074899673461914 -1.7771999835968018 12.9975004196167
361 -9.934100151062012 -1.9744999408721924 12.976499557495117
362 -9.926199913024902 -1.989400029182434 13.601799964904785
363 -10.065899848937988 -1.791100025177002 13.637900352478027
364 -9.778599739074707 -2.1640000343322754 12.959099769592285
365 -9.772000312805176 -2.179500102996826 13.567500114440918
366 -9.604100227355957 -2.3603999614715576 13.536800384521484
367 -9.60890007019043 -2.345400094985962 12.947500228881836
368 -9.546799659729004 -2.3808000087738037 14.112099647521973
369 -9.434900283813477 -2.4084999561309814 14.668399810791016
370 -10.02869987487793 -1.7666000127792358 12.353400230407715
371 -9.888099670410156 -1.9630000591278076 12.34630012512207
372 -9.929400444030762 -1.7578999996185303 11.710800170898438
373 -9.79010009765625 -1.9536000490188599 11.71660041809082
374 -9.63659954071045 -2.142199993133545 11.728099822998047
375 -9.73289966583252 -2.152100086212158 12.344200134277344
376 -9.579999923706055 -1.7410999536514282 10.451000213623047
377 -9.446599960327148 -1.9350999593734741 10.479299545288086
378 -9.64229965209961 -1.9448000192642212 11.092499732971191
379 -9.77910041809082 -1.749899983406067 11.074899673461914
380 -9.300100326538086 -2.1222000122070312 10.513999938964844
381 -9.491700172424316 -2.1328001022338867 11.116299629211426
382 -9.327500343322754 -2.3138999938964844 11.14799976348877
383 -9.140800476074219 -2.3025999069213867 10.556699752807617
384 -9.468899726867676 -2.323699951171875 11.747400283813477
385 -9.563199996948242 -2.333699941635132 12.349100112915039
386 -5.698599815368652 -3.6503000259399414 16.63089942932129
387 -5.2677998542785645 -3.6965999603271484 16.64590072631836
388 -5.271900177001953 -3.552500009536743 17.072500228881836
389 -5.717199802398682 -3.5088000297546387 17.052400588989258
390 -4.400199890136719 -3.7676000595092773 16.5580997467041
391 -4.833899974822998 -3.735300064086914 16.61989974975586
392 -4.377500057220459 -3.618299961090088 16.98590087890625
393 -4.823999881744385 -3.588599920272827 17.048500061035156
394 -4.340000152587891 -3.266900062561035 17.747299194335938
395 -4.814700126647949 -3.2414000034332275 17.810699462890625
396 -4.817800045013428 -3.4237000942230225 17.445199966430664
397 -4.357500076293945 -3.4512999057769775 17.381999969482422
398 -5.293000221252441 -3.2098000049591064 17.829999923706055
399 -5.280700206756592 -3.390000104904175 17.466899871826172
400 -5.741600036621094 -3.34879994392395 17.441200256347656
401 -5.769999980926514 -3.170799970626831 17.79840087890625
402 -3.9702999591827393 -3.794800043106079 16.465499877929688
403 -3.547499895095825 -3.81820011138916 16.347400665283203
404 -3.504199981689453 -3.664099931716919 16.76759910583496
405 -3.936300039291382 -3.6431000232696533 16.890399932861328
406 -2.737299919128418 -3.858599901199341 16.05470085144043
407 -3.1354000568389893 -3.8389999866485596 16.20870018005371
408 -2.683300018310547 -3.6998000144958496 16.462499618530273
409 -3.0852999687194824 -3.6826000213623047 16.62310028076172
410 -2.574899911880493 -3.3310999870300293 17.18709945678711
411 -2.986299991607666 -3.3183000087738037 17.359699249267578
412 -3.0352001190185547 -3.5088000297546387 17.00629997253418
413 -2.628700017929077 -3.5237998962402344 16.839500427246094
414 -3.420799970626831 -3.3041999340057373 17.515100479125977
415 -3.461699962615967 -3.4925999641418457 17.1564998626709
416 -3.9040000438690186 -3.47379994392395 17.28380012512207
417 -3.873699903488159 -3.287400007247925 17.646499633789062
418 -2.3952999114990234 -2.4038000106811523 18.306400299072266
419 -2.8252999782562256 -2.398400068283081 18.497499465942383
420 -2.8580000400543213 -2.651099920272827 18.25200080871582
421 -2.4321000576019287 -2.6579999923706055 18.064800262451172
422 -3.2894999980926514 -2.3910999298095703 18.669200897216797
423 -3.3157999515533447 -2.642400026321411 18.420499801635742
424 -3.347100019454956 -2.8785998821258545 18.145999908447266
425 -2.8965001106262207 -2.8889999389648438 17.981300354003906
426 -2.4751999378204346 -2.897700071334839 17.798500061035156
427 -4.2941999435424805 -2.367300033569336 18.919200897216797
428 -4.30210018157959 -2.615499973297119 18.667800903320312
429 -3.799299955368042 -2.6308000087738037 18.561800003051758
430 -3.7813000679016113 -2.38100004196167 18.812599182128906
431 -4.312399864196777 -2.848400115966797 18.389299392700195
432 -3.821000099182129 -2.8654000759124756 18.284500122070312
433 -3.845900058746338 -3.0845000743865967 17.979799270629883
434 -4.324900150299072 -3.0657999515533447 18.082799911499023
435 -3.3822999000549316 -3.099400043487549 17.844499588012695
436 -2.5232999324798584 -3.1222000122070312 17.50629997253418
437 -2.93969988822937 -3.111599922180176 17.68429946899414
438 -4.821499824523926 -2.349299907684326 18.980300903320312
439 -4.817999839782715 -2.5954999923706055 18.730100631713867
440 -5.356500148773193 -2.325900077819824 18.987300872802734
441 -5.340700149536133 -2.569999933242798 18.740400314331055
442 -5.32420015335083 -2.799099922180176 18.46579933166504
443 -4.815400123596191 -2.82669997215271 18.452299118041992
444 -5.863900184631348 -2.5380001068115234 18.690500259399414
445 -5.892600059509277 -2.296600103378296 18.931400299072266
446 -5.832799911499023 -2.764699935913086 18.422100067138672
447 -5.801000118255615 -2.9758999347686768 18.125
448 -5.3078999519348145 -3.0125999450683594 18.162700653076172
449 -4.8140997886657715 -3.0422000885009766 18.14620018005371
450 -6.474599838256836 -3.741300106048584 15.548999786376953
451 -6.849599838256836 -3.66129994392395 15.421099662780762
452 -6.823699951171875 -3.7339000701904297 14.929300308227539
453 -6.457799911499023 -3.8173999786376953 15.045499801635742
454 -7.535900115966797 -3.4823999404907227 15.081000328063965
455 -7.204899787902832 -3.57450008392334 15.262800216674805
456 -7.499199867248535 -3.545799970626831 14.622400283813477
457 -7.172100067138672 -3.642899990081787 14.785799980163574
458 -7.434800148010254 -3.622999906539917 13.616700172424316
459 -7.1143999099731445 -3.729099988937378 13.754199981689453
460 -7.144000053405762 -3.6937999725341797 14.280599594116211
461 -7.468100070953369 -3.591900110244751 14.131799697875977
462 -6.778500080108643 -3.827500104904175 13.876099586486816
463 -6.801799774169922 -3.7887001037597656 14.41189956665039
464 -6.4440999031066895 -3.8756000995635986 14.518500328063965
465 -6.428599834442139 -3.91759991645813 13.974900245666504
466 -7.837699890136719 -3.3864998817443848 14.882499694824219
467 -8.106800079345703 -3.2894999980926514 14.685199737548828
468 -8.07919979095459 -3.3368000984191895 14.273799896240234
469 -7.801400184631348 -3.4435999393463135 14.446100234985352
470 -8.339900016784668 -3.193700075149536 14.506799697875977
471 -8.333399772644043 -3.2256999015808105 14.122099876403809
472 -8.296099662780762 -3.2623000144958496 13.196599960327148
473 -8.321999549865723 -3.248199939727783 13.680999755859375
474 -8.025199890136719 -3.3894999027252197 13.327199935913086
475 -8.055800437927246 -3.3691999912261963 13.81820011138916
476 -7.771599769592285 -3.4837000370025635 13.973099708557129
477 -7.7382001876831055 -3.5097999572753906 13.470800399780273
478 -7.922699928283691 -3.249500036239624 11.063799858093262
479 -8.062299728393555 -3.2618000507354736 11.605400085449219
480 -7.677000045776367 -3.3852999210357666 11.195899963378906
481 -7.805500030517578 -3.3970999717712402 11.734199523925781
482 -7.903900146484375 -3.402400016784668 12.275400161743164
483 -8.169099807739258 -3.2685000896453857 12.14840030670166
484 -7.147500038146973 -3.6357998847961426 11.463700294494629
485 -7.252600193023682 -3.646199941635132 11.999500274658203
486 -7.535699844360352 -3.525399923324585 11.867899894714355
487 -7.418700218200684 -3.51419997215271 11.331500053405762
488 -7.332099914550781 -3.6486001014709473 12.542400360107422
489 -7.624899864196777 -3.5292999744415283 12.409199714660645
490 -7.690800189971924 -3.5244998931884766 12.946499824523926
491 -7.39109992980957 -3.641400098800659 13.084199905395508
492 -7.975800037384033 -3.4001998901367188 12.809700012207031
493 -8.246100425720215 -3.2688000202178955 12.682299613952637
494 -6.863100051879883 -3.7495999336242676 11.585700035095215
495 -6.956299781799316 -3.7592999935150146 12.122300148010254
496 -6.565100193023682 -3.8554000854492188 11.690899848937988
497 -6.646699905395508 -3.864300012588501 12.22920036315918
498 -6.706099987030029 -3.8636999130249023 12.777600288391113
499 -7.0258002281188965 -3.760200023651123 12.66759967803955
500 -6.323800086975098 -3.960700035095215 12.313400268554688
501 -6.253200054168701 -3.952500104904175 11.772500038146973
502 -6.373300075531006 -3.9586000442504883 12.865400314331055
503 -6.406599998474121 -3.9447999000549316 13.421600341796875
504 -6.748300075531006 -3.8519999980926514 13.329000473022461
505 -7.076700210571289 -3.750699996948242 13.214099884033203
506 -6.903299808502197 -0.01080000028014183 5.4959001541137695
507 -6.896399974822998 -0.21570000052452087 5.502600193023682
508 -7.418000221252441 -0.21960000693798065 6.086400032043457
509 -7.425300121307373 -0.01080000028014183 6.0802001953125
510 -6.8765997886657715 -0.4198000133037567 5.52209997177124
511 -7.396999835968018 -0.4275999963283539 6.104499816894531
512 -7.889400005340576 -0.4345000088214874 6.688000202178955
513 -7.911499977111816 -0.22310000658035278 6.671599864959717
514 -7.9191999435424805 -0.01080000028014183 6.665999889373779
515 -6.8028998374938965 -0.8233000040054321 5.597499847412109
516 -7.3180999755859375 -0.8385000228881836 6.173900127410889
517 -7.363399982452393 -0.6341999769210815 6.133800029754639
518 -6.845099925994873 -0.6226000189781189 5.553899765014648
519 -7.805500030517578 -0.8519999980926514 6.750999927520752
520 -7.853700160980225 -0.6444000005722046 6.714600086212158
521 -8.684900283813477 -0.8744999766349792 7.918399810791016
522 -8.73840045928955 -0.6614999771118164 7.890100002288818
523 -8.31309986114502 -0.6535000205039978 7.299099922180176
524 -8.262100219726562 -0.8640000224113464 7.331600189208984
525 -8.777700424194336 -0.44600000977516174 7.86959981918335
526 -8.350700378417969 -0.4406999945640564 7.275400161743164
527 -8.810400009155273 -0.01080000028014183 7.85290002822876
528 -8.381999969482422 -0.01080000028014183 7.255899906158447
529 -8.373900413513184 -0.22609999775886536 7.260900020599365
530 -8.802000045776367 -0.2287999987602234 7.857100009918213
531 -6.750999927520752 -1.021299958229065 5.652299880981445
532 -7.2621002197265625 -1.0398000478744507 6.224299907684326
533 -6.690400123596191 -1.2158000469207764 5.717800140380859
534 -7.196499824523926 -1.2374000549316406 6.284299850463867
535 -7.67519998550415 -1.2568999528884888 6.851200103759766
536 -7.745699882507324 -1.056399941444397 6.7967000007629395
537 -7.040200233459473 -1.6186000108718872 6.431300163269043
538 -7.122200012207031 -1.4306000471115112 6.353499889373779
539 -6.622300148010254 -1.4062000513076782 5.793399810791016
540 -7.50600004196167 -1.6430000066757202 6.9847002029418945
541 -7.59499979019165 -1.4527000188827515 6.914100170135498
542 -8.345999717712402 -1.6847000122070312 8.102899551391602
543 -8.447699546813965 -1.4901000261306763 8.046600341796875
544 -8.037799835205078 -1.472499966621399 7.47760009765625
545 -7.942200183868408 -1.6649999618530273 7.541100025177002
546 -8.538700103759766 -1.2896000146865845 7.996799945831299
547 -8.123600006103516 -1.2742999792099 7.421199798583984
548 -8.198699951171875 -1.0710999965667725 7.372399806976318
549 -8.618000030517578 -1.0841000080108643 7.953999996185303
550 -9.700300216674805 -1.5400999784469604 10.427599906921387
551 -9.451000213623047 -1.530500054359436 9.81149959564209
552 -9.33430004119873 -1.7302000522613525 9.844099998474121
553 -9.806599617004395 -1.3329999446868896 10.408699989318848
554 -9.554400444030762 -1.3246999979019165 9.784099578857422
555 -9.256999969482422 -1.3147000074386597 9.175600051879883
556 -9.15719985961914 -1.5190000534057617 9.211000442504883
557 -9.044899940490723 -1.7172000408172607 9.252099990844727
558 -9.975099563598633 -0.9039000272750854 10.382800102233887
559 -9.718799591064453 -0.8982999920845032 9.743599891662598
560 -9.643899917602539 -1.113700032234192 9.761500358581543
561 -9.89840030670166 -1.1205999851226807 10.394000053405762
562 -9.416199684143066 -0.8916000127792358 9.121600151062012
563 -9.343600273132324 -1.105299949645996 9.14579963684082
564 -9.000699996948242 -1.0954999923706055 8.54419994354248
565 -9.070599555969238 -0.8837000131607056 8.514100074768066
566 -8.917499542236328 -1.3030999898910522 8.58080005645752
567 -8.714500427246094 -1.7021000385284424 8.672499656677246
568 -8.821800231933594 -1.5054999589920044 8.623499870300293
569 -10.035900115966797 -0.6837000250816345 10.374899864196777
570 -9.778200149536133 -0.6794999837875366 9.729999542236328
571 -10.080100059509277 -0.4609000086784363 10.36989974975586
572 -9.821700096130371 -0.4580000042915344 9.72070026397705
573 -9.516300201416016 -0.4546000063419342 9.089500427246094
574 -9.474100112915039 -0.6743999719619751 9.102800369262695
575 -10.116499900817871 -0.01080000028014183 10.366399765014648
576 -9.857399940490723 -0.01080000028014183 9.713500022888184
577 -9.848299980163574 -0.23489999771118164 9.715299606323242
578 -10.107199668884277 -0.2363000065088272 10.36709976196289
579 -9.551199913024902 -0.01080000028014183 9.078900337219238
580 -9.5423002243042 -0.23319999873638153 9.081500053405762
581 -9.192500114440918 -0.23119999468326569 8.46310043334961
582 -9.201199531555176 -0.01080000028014183 8.459600448608398
583 -9.1673002243042 -0.4505999982357025 8.473400115966797
584 -9.126399993896484 -0.66839998960495 8.490400314331055
585 -2.40910005569458 -4.021299839019775 15.458200454711914
586 -2.356800079345703 -3.878200054168701 15.890399932861328
587 -2.041300058364868 -4.042200088500977 15.298800468444824
588 -1.9917000532150269 -3.8970999717712402 15.72350025177002
589 -1.9393999576568604 -3.733799934387207 16.117599487304688
590 -2.3022000789642334 -3.717099905014038 16.291400909423828
591 -1.3366999626159668 -4.078800201416016 15.001099586486816
592 -1.2985999584197998 -3.9307000637054443 15.411499977111816
593 -1.6396000385284424 -3.914799928665161 15.561300277709961
594 -1.684499979019165 -4.061500072479248 15.144100189208984
595 -1.2581000328063965 -3.7636001110076904 15.793299674987793
596 -1.5922000408172607 -3.749500036239624 15.949000358581543
597 -1.1750999689102173 -3.376199960708618 16.473600387573242
598 -1.4952000379562378 -3.366499900817871 16.638999938964844
599 -1.5435999631881714 -3.566499948501587 16.307899475097656
600 -1.216599941253662 -3.5785000324249268 16.1471004486084
601 -1.832900047302246 -3.3554999828338623 16.818599700927734
602 -1.8859000205993652 -3.552999973297119 16.4822998046875
603 -2.2465999126434326 -3.5387001037597656 16.662200927734375
604 -2.1916000843048096 -3.343600034713745 17.003999710083008
605 -0.9962000250816345 -4.093299865722656 14.87720012664795
606 -0.9663000106811523 -3.9440999031066895 15.281700134277344
607 -0.6610999703407288 -4.104499816894531 14.779399871826172
608 -0.640500009059906 -3.9544999599456787 15.179200172424316
609 -0.6186000108718872 -3.7846999168395996 15.551899909973145
610 -0.9344000220298767 -3.7755000591278076 15.658300399780273
611 0.0 -4.114299774169922 14.691100120544434
612 0.0 -3.963599920272827 15.086700439453125
613 -0.3192000091075897 -3.961199998855591 15.111700057983398
614 -0.3296000063419342 -4.111700057983398 14.71500015258789
615 0.0 -3.7929000854492188 15.45580005645752
616 -0.30799999833106995 -3.7906999588012695 15.481800079345703
617 -0.0 -3.3961000442504883 16.115800857543945
618 -0.2849999964237213 -3.394700050354004 16.143299102783203
619 -0.29649999737739563 -3.6013998985290527 15.825499534606934
620 -0.0 -3.603300094604492 15.798800468444824
621 -0.5734999775886536 -3.3905999660491943 16.217500686645508
622 -0.5960999727249146 -3.596400022506714 15.897899627685547
623 -0.9017000198364258 -3.588599920272827 16.007699966430664
624 -0.8690000176429749 -3.384399890899658 16.330299377441406
625 0.0 -2.4168999195098877 17.13010025024414
626 -0.24570000171661377 -2.4168999195098877 17.16010093688965
627 -0.25380000472068787 -2.68149995803833 16.94339942932129
628 0.0 -2.68179988861084 16.914100646972656
629 -0.4964999854564667 -2.4166998863220215 17.241199493408203
630 -0.5123999714851379 -2.680500030517578 17.0226993560791
631 -0.531000018119812 -2.93149995803833 16.779600143432617
632 -0.26330000162124634 -2.9333999156951904 16.701900482177734
633 0.0 -2.9340999126434326 16.673200607299805
634 -1.0339000225067139 -2.41510009765625 17.5216007232666
635 -1.063099980354309 -2.676300048828125 17.296899795532227
636 -0.7806000113487244 -2.678800106048584 17.143400192260742
637 -0.7574999928474426 -2.4161999225616455 17.364700317382812
638 -1.0972000360488892 -2.9242000579833984 17.047800064086914
639 -0.8075000047683716 -2.9284000396728516 16.8976993560791
640 -0.8373000025749207 -3.1640000343322754 16.626800537109375
641 -1.1348999738693237 -3.1577999591827393 16.77359962463379
642 -0.5515999794006348 -3.168600082397461 16.51129913330078
643 -0.0 -3.172600030899048 16.40719985961914
644 -0.27379998564720154 -3.171600103378296 16.435300827026367
645 -1.3308000564575195 -2.4135000705718994 17.703100204467773
646 -1.364799976348877 -2.673099994659424 17.47439956665039
647 -1.6532000303268433 -2.4112000465393066 17.900299072265625
648 -1.6902999877929688 -2.6689000129699707 17.667299270629883
649 -1.7335000038146973 -2.9126999378204346 17.40999984741211
650 -1.4043999910354614 -2.9189000129699707 17.221399307250977
651 -2.0445001125335693 -2.6640000343322754 17.867000579833984
652 -2.0064001083374023 -2.4079999923706055 18.104299545288086
653 -2.0889999866485596 -2.905600070953369 17.605199813842773
654 -2.1386001110076904 -3.1322999000549316 17.317899703979492
655 -1.781599998474121 -3.1417999267578125 17.127500534057617
656 -1.4483000040054321 -3.1503000259399414 16.943199157714844
657 -2.049499988555908 -2.6598000526428223 3.6995999813079834
658 -2.063999891281128 -2.8169000148773193 4.038599967956543
659 -1.711899995803833 -2.64739990234375 3.5060999393463135
660 -1.7293000221252441 -2.805299997329712 3.8529999256134033
661 -1.749899983406067 -2.960200071334839 4.218500137329102
662 -2.082200050354004 -2.9709999561309814 4.396299839019775
663 -1.0952999591827393 -2.63070011138916 3.2265000343322754
664 -1.111899971961975 -2.789099931716919 3.5833001136779785
665 -1.4128999710083008 -2.796099901199341 3.701900005340576
666 -1.3949999809265137 -2.6377999782562256 3.3492000102996826
667 -1.1309000253677368 -2.944700002670288 3.958199977874756
668 -1.4336999654769897 -2.9514999389648438 4.0731000900268555
669 -1.1753000020980835 -3.2462000846862793 4.7631001472473145
670 -1.483299970626831 -3.252500057220459 4.870800018310547
671 -1.457200050354004 -3.1036999225616455 4.462699890136719
672 -1.1520999670028687 -3.097100019454956 4.351500034332275
673 -1.8008999824523926 -3.2600998878479004 5.00540018081665
674 -1.773800015449524 -3.1119000911712646 4.60260009765625
675 -2.104099988937378 -3.1219000816345215 4.772799968719482
676 -2.1298000812530518 -3.2690000534057617 5.168000221252441
677 -0.8094000220298767 -2.625699996948242 3.135499954223633
678 -0.823199987411499 -2.7841999530792236 3.494800090789795
679 -0.5339000225067139 -2.622499942779541 3.073699951171875
680 -0.5436999797821045 -2.780900001525879 3.434499979019165
681 -0.5547000169754028 -2.936300039291382 3.812999963760376
682 -0.8388000130653381 -2.93969988822937 3.8722000122070312
683 0.0 -2.620500087738037 3.0276999473571777
684 0.0 -2.778700113296509 3.38919997215271
685 -0.2703000009059906 -2.7792000770568848 3.4000000953674316
686 -0.2651999890804291 -2.6208999156951904 3.038599967956543
687 -0.0 -2.933799982070923 3.7683000564575195
688 -0.2759999930858612 -2.9344000816345215 3.7790000438690186
689 0.0 -3.2346999645233154 4.5802001953125
690 -0.2890999913215637 -3.2355000972747803 4.59089994430542
691 -0.2822999954223633 -3.0866000652313232 4.175899982452393
692 0.0 -3.085900068283081 4.165200233459473
693 -0.5800999999046326 -3.237600088119507 4.624300003051758
694 -0.5669000148773193 -3.088599920272827 4.209499835968018
695 -0.8561000227928162 -3.092099905014038 4.267600059509277
696 -0.8748000264167786 -3.2411999702453613 4.681300163269043
697 0.0 -3.7952001094818115 6.4268999099731445
698 -0.3197000026702881 -3.7960000038146973 6.437600135803223
699 -0.311599999666214 -3.661400079727173 5.947500228881836
700 0.0 -3.6605000495910645 5.936699867248535
701 -0.6399999856948853 -3.7980000972747803 6.469600200653076
702 -0.6241999864578247 -3.6635000705718994 5.979800224304199
703 -0.6087999939918518 -3.5251998901367188 5.509200096130371
704 -0.30379998683929443 -3.5230000019073486 5.476500034332275
705 0.0 -3.5220999717712402 5.465700149536133
706 -1.2851999998092651 -3.803999900817871 6.595699787139893
707 -1.2554999589920044 -3.670799970626831 6.109399795532227
708 -0.9384999871253967 -3.666800022125244 6.03380012512207
709 -0.9616000056266785 -3.800800085067749 6.522299766540527
710 -1.2272000312805176 -3.5332000255584717 5.642000198364258
711 -0.9161999821662903 -3.528700113296509 5.564300060272217
712 -0.8949000239372253 -3.3868000507354736 5.113500118255615
713 -1.2003999948501587 -3.3915998935699463 5.193299770355225
714 -0.5940999984741211 -3.38319993019104 5.057400226593018
715 0.0 -3.380199909210205 5.013599872589111
716 -0.2962999939918518 -3.38100004196167 5.024400234222412
717 -1.611299991607666 -3.807300090789795 6.689300060272217
718 -1.5759999752044678 -3.6751999855041504 6.206600189208984
719 -1.9407000541687012 -3.8101999759674072 6.802800178527832
720 -1.9011000394821167 -3.6796998977661133 6.325500011444092
721 -1.8645999431610107 -3.544300079345703 5.866799831390381
722 -1.5428999662399292 -3.5385000705718994 5.742700099945068
723 -2.2314999103546143 -3.6840999126434326 6.466000080108643
724 -2.273900032043457 -3.8124001026153564 6.935999870300293
725 -2.1933999061584473 -3.55049991607666 6.014599800109863
726 -2.1594998836517334 -3.4119999408721924 5.581999778747559
727 -1.8312000036239624 -3.4042999744415283 5.426799774169922
728 -1.5118999481201172 -3.3975000381469727 5.297399997711182
729 -2.5998001098632812 -4.480999946594238 11.204299926757812
730 -2.607599973678589 -4.492300033569336 11.772100448608398
731 -2.2237000465393066 -4.501200199127197 11.10420036315918
732 -2.2293999195098877 -4.5142998695373535 11.668499946594238
733 -2.2253000736236572 -4.506700038909912 12.229399681091309
734 -2.6043999195098877 -4.48360013961792 12.338299751281738
735 -1.4776999950408936 -4.529900074005127 10.930399894714355
736 -1.4803999662399292 -4.546500205993652 11.485600471496582
737 -1.8538000583648682 -4.532199859619141 11.571999549865723
738 -1.8497999906539917 -4.517399787902832 11.01200008392334
739 -1.4764000177383423 -4.541900157928467 12.034099578857422
740 -1.8494999408721924 -4.526100158691406 12.126700401306152
741 -1.4499000310897827 -4.469699859619141 13.097700119018555
742 -1.81850004196167 -4.451900005340576 13.206299781799316
743 -1.837499976158142 -4.499300003051758 12.672699928283691
744 -1.465999960899353 -4.516200065612793 12.572500228881836
745 -2.1910998821258545 -4.430799961090088 13.324999809265137
746 -2.2123000621795654 -4.478799819946289 12.782899856567383
747 -2.5910000801086426 -4.454899787902832 12.898799896240234
748 -2.5685999393463135 -4.406599998474121 13.449000358581543
749 -1.1069999933242798 -4.539000034332275 10.862000465393066
750 -1.1088000535964966 -4.55709981918335 11.412699699401855
751 -0.7373999953269958 -4.545000076293945 10.809700012207031
752 -0.7383999824523926 -4.564499855041504 11.356499671936035
753 -0.7360000014305115 -4.5625 11.894100189208984
754 -1.1053999662399292 -4.553999900817871 11.955300331115723
755 0.0 -4.5493998527526855 10.764100074768066
756 0.0 -4.570099830627441 11.307000160217285
757 -0.36899998784065247 -4.568699836730957 11.320199966430664
758 -0.3684999942779541 -4.548399925231934 10.776200294494629
759 0.0 -4.569300174713135 11.839799880981445
760 -0.3677000105381012 -4.567599773406982 11.854299545288086
761 0.0 -4.503300189971924 12.865500450134277
762 -0.3605000078678131 -4.501100063323975 12.883199691772461
763 -0.36489999294281006 -4.545000076293945 12.376099586486816
764 0.0 -4.546999931335449 12.360099792480469
765 -0.7217000126838684 -4.494500160217285 12.931099891662598
766 -0.730400025844574 -4.5391998291015625 12.4197998046875
767 -1.0972000360488892 -4.5295000076293945 12.486700057983398
768 -1.0845999717712402 -4.484000205993652 13.004300117492676
769 -0.3391000032424927 -4.241000175476074 14.291299819946289
770 0.0 -4.243599891662598 14.268899917602539
771 -0.6797000169754028 -4.23360013961792 14.352100372314453
772 -0.6962000131607056 -4.341700077056885 13.899800300598145
773 -0.3474999964237213 -4.348999977111816 13.843199729919434
774 0.0 -4.351600170135498 13.82229995727539
775 -1.371399998664856 -4.206900119781494 14.561300277709961
776 -1.023300051689148 -4.2220001220703125 14.444299697875977
777 -1.4020999670028687 -4.314899921417236 14.09529972076416
778 -1.0472999811172485 -4.330100059509277 13.985899925231934
779 -1.0678999423980713 -4.417500019073486 13.505000114440918
780 -1.4285000562667847 -4.402500152587891 13.606300354003906
781 -0.7103000283241272 -4.428699970245361 13.425299644470215
782 0.0 -4.438199996948242 13.353699684143066
783 -0.3546000123023987 -4.435699939727783 13.373000144958496
784 -1.7253999710083008 -4.188799858093262 14.69629955291748
785 -2.086899995803833 -4.168300151824951 14.842599868774414
786 -2.1275999546051025 -4.275300025939941 14.35890007019043
787 -1.7618000507354736 -4.29640007019043 14.221699714660645
788 -2.45740008354187 -4.145999908447266 14.993499755859375
789 -2.5007998943328857 -4.2519001960754395 14.500699996948242
790 -2.5381999015808105 -4.338799953460693 13.984399795532227
791 -2.162600040435791 -4.362800121307373 13.851699829101562
792 -1.7930999994277954 -4.384200096130371 13.723799705505371
793 -2.5820999145507812 -0.01080000028014183 1.3798999786376953
794 -2.157599925994873 -0.01080000028014183 1.0441999435424805
795 -2.1545000076293945 -0.17669999599456787 1.0540000200271606
796 -2.5785000324249268 -0.17960000038146973 1.389299988746643
797 -1.773800015449524 -0.01080000028014183 0.7623000144958496
798 -1.7711000442504883 -0.17440000176429749 0.772599995136261
799 -1.7640000581741333 -0.33799999952316284 0.8037999868392944
800 -2.146199941635132 -0.3425999879837036 1.083799958229065
801 -2.569000005722046 -0.3483999967575073 1.4177000522613525
802 -1.1050000190734863 -0.01080000028014183 0.3490999937057495
803 -1.1031999588012695 -0.1712999939918518 0.3603000044822693
804 -1.4226000308990479 -0.17260000109672546 0.5422999858856201
805 -1.4249000549316406 -0.01080000028014183 0.531499981880188
806 -1.0985000133514404 -0.3319999873638153 0.39419999718666077
807 -1.4168000221252441 -0.3345000147819519 0.5748999714851379
808 -1.0836999416351318 -0.6543999910354614 0.5300999879837036
809 -1.3978999853134155 -0.6592000126838684 0.7059999704360962
810 -1.4082000255584717 -0.4966999888420105 0.6294000148773193
811 -1.0917999744415283 -0.49300000071525574 0.45080000162124634
812 -1.7410999536514282 -0.6658999919891357 0.9297000169754028
813 -1.7537000179290771 -0.501800000667572 0.8560000061988831
814 -2.5371999740600586 -0.6858000159263611 1.5328999757766724
815 -2.554800033569336 -0.5170999765396118 1.465499997138977
816 -2.1338999271392822 -0.5085999965667725 1.1337000131607056
817 -2.1189000606536865 -0.6747000217437744 1.204200029373169
818 -0.8083999752998352 -0.01080000028014183 0.21209999918937683
819 -0.8070999979972839 -0.1703999936580658 0.22380000352859497
820 -0.5292999744415283 -0.01080000028014183 0.11779999732971191
821 -0.5282999873161316 -0.16990000009536743 0.1298000067472458
822 -0.5260000228881836 -0.32919999957084656 0.16580000519752502
823 -0.803600013256073 -0.3303000032901764 0.2587999999523163
824 0.0 -0.01080000028014183 0.046300001442432404
825 0.0 -0.1695999950170517 0.05860000103712082
826 -0.2612999975681305 -0.1695999950170517 0.07569999992847443
827 -0.26170000433921814 -0.01080000028014183 0.06350000202655792
828 0.0 -0.32850000262260437 0.09539999812841415
829 -0.26010000705718994 -0.3287000060081482 0.11230000108480453
830 0.0 -0.6478000283241272 0.24169999361038208
831 -0.2565000057220459 -0.6481000185012817 0.25780001282691956
832 -0.25839999318122864 -0.48809999227523804 0.17299999296665192
833 0.0 -0.4878999888896942 0.15649999678134918
834 -0.5187000036239624 -0.6491000056266785 0.3091000020503998
835 -0.5227000117301941 -0.48890000581741333 0.225600004196167
836 -0.7985000014305115 -0.4903999865055084 0.3172000050544739
837 -0.7925000190734863 -0.6510999798774719 0.39879998564720154
838 0.0 -1.2972999811172485 0.8195000290870667
839 -0.24959999322891235 -1.297700047492981 0.833299994468689
840 -0.2506999969482422 -1.1334999799728394 0.6542999744415283
841 0.0 -1.1331000328063965 0.6399000287055969
842 -0.5045999884605408 -1.299299955368042 0.8784000277519226
843 -0.507099986076355 -1.1349999904632568 0.7009999752044678
844 -0.5105000138282776 -0.9718999862670898 0.5468999743461609
845 -0.2524000108242035 -0.9706000089645386 0.4986000061035156
846 0.0 -0.9702000021934509 0.483599990606308
847 -1.0529999732971191 -1.3079999685287476 1.0765999555587769
848 -1.058899998664856 -1.1431000232696533 0.9054999947547913
849 -0.7746000289916992 -1.1380000114440918 0.7835999727249146
850 -0.7706000208854675 -1.3026000261306763 0.958299994468689
851 -1.066499948501587 -0.9793000221252441 0.7573999762535095
852 -0.7799999713897705 -0.9746999740600586 0.632099986076355
853 -0.7860999703407288 -0.8125 0.5037999749183655
854 -1.0750000476837158 -0.8165000081062317 0.6323000192642212
855 -0.5145000219345093 -0.8100000023841858 0.4162999987602234
856 0.0 -0.8086000084877014 0.3508000075817108
857 -0.25440001487731934 -0.8087999820709229 0.36629998683929443
858 -1.3573999404907227 -1.3158999681472778 1.236899971961975
859 -1.3655999898910522 -1.1505000591278076 1.070099949836731
860 -1.6892000436782837 -1.3269000053405762 1.4426000118255615
861 -1.7001999616622925 -1.1607999801635742 1.2811000347137451
862 -1.7132999897003174 -0.9952999949455261 1.1418999433517456
863 -1.3756999969482422 -0.9860000014305115 0.9261999726295471
864 -2.4758999347686768 -1.1913000345230103 1.8558000326156616
865 -2.06850004196167 -1.1742000579833984 1.5418000221252441
866 -2.053800106048584 -1.3413000106811523 1.6972999572753906
867 -2.4964001178741455 -1.0228999853134155 1.7276999950408936
868 -2.0850000381469727 -1.0075000524520874 1.4079999923706055
869 -2.1022000312805176 -0.8410000205039978 1.2956000566482544
870 -2.5172998905181885 -0.8543999791145325 1.6202000379562378
871 -1.7273000478744507 -0.8303999900817871 1.024899959564209
872 -1.3868000507354736 -0.8223000168800354 0.8048999905586243
873 0.0 -3.926100015640259 6.936600208282471
874 -0.3278999924659729 -3.926800012588501 6.947199821472168
875 0.0 -4.050899982452393 7.462399959564209
876 -0.335999995470047 -4.051499843597412 7.472899913787842
877 -0.6722000241279602 -4.052599906921387 7.503600120544434
878 -0.6561999917030334 -3.9284000396728516 6.978499889373779
879 0.0 -4.273600101470947 8.548600196838379
880 -0.3508000075817108 -4.273799896240234 8.559000015258789
881 -0.34369999170303345 -4.167900085449219 8.011300086975098
882 0.0 -4.167500019073486 8.000900268554688
883 -0.7019000053405762 -4.27370023727417 8.588899612426758
884 -0.6876000165939331 -4.168399810791016 8.041500091552734
885 -1.405400037765503 -4.270599842071533 8.701700210571289
886 -1.3772000074386597 -4.168099880218506 8.156599998474121
887 -1.032099962234497 -4.168700218200684 8.090299606323242
888 -1.0533000230789185 -4.272799968719482 8.636899948120117
889 -1.347100019454956 -4.054800033569336 7.622099876403809
890 -1.0091999769210815 -4.053899765014648 7.553599834442139
891 -0.9854000210762024 -3.930500030517578 7.029900074005127
892 -1.316100001335144 -3.9326999187469482 7.100800037384033
893 0.0 -4.367099761962891 9.10219955444336
894 -0.3571000099182129 -4.367000102996826 9.112799644470215
895 0.0 -4.445700168609619 9.658300399780273
896 -0.36239999532699585 -4.445300102233887 9.669099807739258
897 -0.7249000072479248 -4.443699836730957 9.699600219726562
898 -0.7145000100135803 -4.366099834442139 9.1427001953125
899 -0.3662000000476837 -4.506499767303467 10.224699974060059
900 0.0 -4.507199764251709 10.213399887084961
901 -0.7328000068664551 -4.504000186920166 10.25629997253418
902 -1.4678000211715698 -4.4918999671936035 10.371500015258789
903 -1.0999000072479248 -4.499300003051758 10.306099891662598
904 -1.451799988746643 -4.434599876403809 9.81190013885498
905 -1.0880000591278076 -4.440199851989746 9.74779987335205
906 -1.0721999406814575 -4.363999843597412 9.190400123596191
907 -1.4306000471115112 -4.360099792480469 9.254400253295898
908 -2.9539999961853027 -4.427000045776367 10.74530029296875
909 -2.579699993133545 -4.449399948120117 10.639699935913086
910 -2.918600082397461 -4.3796000480651855 10.188199996948242
911 -2.5495998859405518 -4.399199962615967 10.079999923706055
912 -2.1823999881744385 -4.414599895477295 9.979900360107422
913 -2.2074999809265137 -4.467299938201904 10.540599822998047
914 -2.824199914932251 -4.237800121307373 9.101900100708008
915 -2.4674999713897705 -4.250699996948242 8.983400344848633
916 -2.5114998817443848 -4.332399845123291 9.527199745178223
917 -2.874500036239624 -4.315999984741211 9.639800071716309
918 -2.112299919128418 -4.2600998878479 8.876299858093262
919 -2.150099992752075 -4.344799995422363 9.424400329589844
920 -1.7898000478744507 -4.353899955749512 9.332900047302246
921 -1.7583999633789062 -4.266600131988525 8.781900405883789
922 -1.816499948501587 -4.426199913024902 9.889900207519531
923 -1.836899995803833 -4.481400012969971 10.450499534606934
924 -2.7702999114990234 -4.1468000411987305 8.576199531555176
925 -2.4196999073028564 -4.156000137329102 8.450400352478027
926 -2.7151999473571777 -4.044600009918213 8.064299583435059
927 -2.3701000213623047 -4.05019998550415 7.930200099945068
928 -2.0271999835968018 -4.053400039672852 7.811200141906738
929 -2.0708000659942627 -4.162300109863281 8.337800025939941
930 -2.3208000659942627 -3.934999942779541 7.424699783325195
931 -2.6614999771118164 -3.9328999519348145 7.567800045013428
932 -1.983299970626831 -3.9354000091552734 7.298799991607666
933 -1.6484999656677246 -3.934499979019165 7.190700054168701
934 -1.6863000392913818 -4.054800033569336 7.7083001136779785
935 -1.7233999967575073 -4.166200160980225 8.239500045776367
936 -3.0058999061584473 -3.9286000728607178 7.727499961853027
937 -3.062999963760376 -4.036099910736084 8.212699890136719
938 -3.4089999198913574 -4.024099826812744 8.369000434875488
939 -3.348900079727173 -3.9214999675750732 7.89769983291626
940 -3.1826000213623047 -4.220900058746338 9.230600357055664
941 -3.1229000091552734 -4.134099960327148 8.714200019836426
942 -3.5394999980926514 -4.1992998123168945 9.36299991607666
943 -3.47379994392395 -4.117099761962891 8.857799530029297
944 -4.236999988555908 -4.138500213623047 9.613499641418457
945 -4.155600070953369 -4.067299842834473 9.136300086975098
946 -3.819200038909912 -4.095099925994873 9.000699996948242
947 -3.8919999599456787 -4.172100067138672 9.492799758911133
948 -4.078199863433838 -3.9862000942230225 8.679900169372559
949 -3.7488999366760254 -4.007699966430664 8.526900291442871
950 -3.6856000423431396 -3.910799980163574 8.07229995727539
951 -4.010900020599365 -3.8959999084472656 8.245200157165527
952 -3.239000082015991 -4.295199871063232 9.760600090026855
953 -3.289400100708008 -4.355299949645996 10.302599906921387
954 -3.6596999168395996 -4.325699806213379 10.417499542236328
955 -3.60260009765625 -4.269199848175049 9.883299827575684
956 -3.3306000232696533 -4.399799823760986 10.855299949645996
957 -3.707200050354004 -4.367199897766113 10.964300155639648
958 -4.451700210571289 -4.283299922943115 11.15779972076416
959 -4.081699848175049 -4.32859992980957 11.066900253295898
960 -4.3892998695373535 -4.247499942779541 10.625699996948242
961 -4.027100086212158 -4.289999961853027 10.527099609375
962 -3.962599992752075 -4.237400054931641 10.001999855041504
963 -4.316299915313721 -4.19890022277832 10.110400199890137
964 -5.842599868774414 -4.0233001708984375 11.29740047454834
965 -5.512800216674805 -4.10129976272583 11.30679988861084
966 -5.737800121307373 -3.9971001148223877 10.792200088500977
967 -5.420400142669678 -4.073200225830078 10.796699523925781
968 -5.0883002281188965 -4.139900207519531 10.766400337219238
969 -5.16949987411499 -4.170199871063232 11.283100128173828
970 -5.483500003814697 -3.922300100326538 9.856599807739258
971 -5.197400093078613 -3.9909000396728516 9.849100112915039
972 -5.313799858093262 -4.036099910736084 10.309900283813477
973 -5.616799831390381 -3.963099956512451 10.310999870300293
974 -4.892499923706055 -4.049099922180176 9.800299644470215
975 -4.9944000244140625 -4.0991997718811035 10.271400451660156
976 -4.661099910736084 -4.15310001373291 10.20259952545166
977 -4.571400165557861 -4.097899913787842 9.718899726867676
978 -4.743800163269043 -4.197700023651123 10.70740032196045
979 -4.815100193023682 -4.2307000160217285 11.23169994354248
980 -5.342199802398682 -3.875699996948242 9.431699752807617
981 -5.0756001472473145 -3.938699960708618 9.416899681091309
982 -5.201000213623047 -3.8268001079559326 9.047200202941895
983 -4.9583001136779785 -3.8814001083374023 9.021100044250488
984 -4.6875 -3.924499988555908 8.939599990844727
985 -4.786900043487549 -3.990600109100342 9.355400085449219
986 -4.855800151824951 -3.821199893951416 8.66919994354248
987 -5.06820011138916 -3.778700113296509 8.71399974822998
988 -4.6041998863220215 -3.851599931716919 8.5556001663208
989 -4.319799900054932 -3.8763999938964844 8.410200119018555
990 -4.392600059509277 -3.9590001106262207 8.821700096130371
991 -4.4791998863220215 -4.0329999923706055 9.258299827575684
992 -5.234600067138672 -3.717400074005127 8.653200149536133
993 -5.411300182342529 -3.757499933242798 8.999199867248535
994 -5.598700046539307 -3.6747000217437744 8.89579963684082
995 -5.376699924468994 -3.6391000747680664 8.523200035095215
996 -5.748000144958496 -3.842099905014038 9.81410026550293
997 -5.583700180053711 -3.800299882888794 9.388699531555176
998 -5.993599891662598 -3.750999927520752 9.730899810791016
999 -5.804200172424316 -3.7130000591278076 9.299300193786621
1000 -6.439000129699707 -3.538800001144409 9.478799819946289
1001 -6.199399948120117 -3.50600004196167 9.026100158691406
1002 -6.007999897003174 -3.6147000789642334 9.174599647521973
1003 -6.2230000495910645 -3.6496999263763428 9.616100311279297
1004 -5.93720006942749 -3.4725000858306885 8.592100143432617
1005 -5.772600173950195 -3.579400062561035 8.755800247192383
1006 -5.515699863433838 -3.5462000370025635 8.36050033569336
1007 -5.652500152587891 -3.4402999877929688 8.177200317382812
1008 -5.900700092315674 -3.879300117492676 10.267800331115723
1009 -6.0381999015808105 -3.9107000827789307 10.747099876403809
1010 -6.322500228881836 -3.8148000240325928 10.668299674987793
1011 -6.167300224304199 -3.7853000164031982 10.187899589538574
1012 -6.156799793243408 -3.935499906539917 11.249500274658203
1013 -6.455999851226807 -3.8385000228881836 11.169899940490723
1014 -7.01170015335083 -3.618799924850464 10.942899703979492
1015 -6.740799903869629 -3.732800006866455 11.065500259399414
1016 -6.8470001220703125 -3.5961999893188477 10.437999725341797
1017 -6.591700077056885 -3.7098000049591064 10.562899589538574
1018 -6.418399810791016 -3.6816999912261963 10.079299926757812
1019 -6.6554999351501465 -3.569200038909912 9.949700355529785
1020 -7.968900203704834 -3.0897998809814453 10.406499862670898
1021 -7.747399806976318 -3.2320001125335693 10.534000396728516
1022 -7.746600151062012 -3.0683000087738037 9.882200241088867
1023 -7.538300037384033 -3.210200071334839 10.015899658203125
1024 -7.319399833679199 -3.345900058746338 10.157600402832031
1025 -7.514400005340576 -3.3678998947143555 10.67039966583252
1026 -7.204500198364258 -3.015700101852417 8.865599632263184
1027 -7.026100158691406 -3.156599998474121 9.014699935913086
1028 -7.2972002029418945 -3.184799909591675 9.509499549865723
1029 -7.491099834442139 -3.0434000492095947 9.368599891662598
1030 -6.839600086212158 -3.2913999557495117 9.171199798583984
1031 -7.093900203704834 -3.3201000690460205 9.657899856567383
1032 -6.880300045013428 -3.4484000205993652 9.806900024414062
1033 -6.644199848175049 -3.419100046157837 9.328200340270996
1034 -7.089300155639648 -3.4746999740600586 10.300600051879883
1035 -7.2692999839782715 -3.496999979019165 10.808899879455566
1036 -6.888700008392334 -2.9858999252319336 8.372900009155273
1037 -6.7266998291015625 -3.1263999938964844 8.531599998474121
1038 -6.54580020904541 -2.9544999599456787 7.890399932861328
1039 -6.400899887084961 -3.0947999954223633 8.059900283813477
1040 -6.251200199127197 -3.228800058364868 8.237700462341309
1041 -6.55810022354126 -3.2606000900268555 8.697799682617188
1042 -6.05049991607666 -3.062700033187866 7.599800109863281
1043 -6.177800178527832 -2.9221999645233154 7.417900085449219
1044 -5.920300006866455 -3.196899890899658 7.790999889373779
1045 -5.787399768829346 -3.3232998847961426 7.985400199890137
1046 -6.096700191497803 -3.3552000522613525 8.417200088500977
1047 -6.382599830627441 -3.3875999450683594 8.864899635314941
1048 -6.098100185394287 -1.3792999982833862 5.231200218200684
1049 -6.159900188446045 -1.1919000148773193 5.14900016784668
1050 -5.613699913024902 -1.1663999557495117 4.585400104522705
1051 -5.558499813079834 -1.3508000373840332 4.674300193786621
1052 -6.263000011444092 -0.8065000176429749 5.019000053405762
1053 -6.215199947357178 -1.0006999969482422 5.078100204467773
1054 -5.707300186157227 -0.7883999943733215 4.445700168609619
1055 -5.663700103759766 -0.9787999987602234 4.509099960327148
1056 -4.583799839019775 -0.7509999871253967 3.344899892807007
1057 -4.548699855804443 -0.9333000183105469 3.4163999557495117
1058 -5.105299949645996 -0.9560999870300293 3.952699899673462
1059 -5.144599914550781 -0.7696999907493591 3.8852999210357666
1060 -4.509300231933594 -1.1138999462127686 3.5034000873565674
1061 -5.0605998039245605 -1.1402000188827515 4.03439998626709
1062 -5.0117998123168945 -1.3214999437332153 4.130099773406982
1063 -4.466800212860107 -1.2922999858856201 3.605799913406372
1064 -6.30210018157959 -0.6097000241279602 4.972099781036377
1065 -6.331399917602539 -0.41110000014305115 4.938000202178955
1066 -5.770400047302246 -0.4018000066280365 4.359600067138672
1067 -5.743199825286865 -0.5958999991416931 4.3958001136779785
1068 -6.356500148773193 -0.01080000028014183 4.910099983215332
1069 -6.349899768829346 -0.21130000054836273 4.917200088500977
1070 -5.793700218200684 -0.01080000028014183 4.3302001953125
1071 -5.787600040435791 -0.20659999549388885 4.337600231170654
1072 -4.656099796295166 -0.01080000028014183 3.216900110244751
1073 -4.6508002281188965 -0.19670000672340393 3.2249999046325684
1074 -5.218200206756592 -0.20170000195503235 3.7711000442504883
1075 -5.223899841308594 -0.01080000028014183 3.7632999420166016
1076 -4.636099815368652 -0.3822999894618988 3.2490999698638916
1077 -5.202300071716309 -0.3921000063419342 3.7941999435424805
1078 -5.177299976348877 -0.58160001039505 3.8322999477386475
1079 -4.613399982452393 -0.5672000050544739 3.289099931716919
1080 -3.049099922180176 -0.18320000171661377 1.7812999486923218
1081 -3.053100109100342 -0.01080000028014183 1.7723000049591064
1082 -3.038300037384033 -0.3555000126361847 1.808500051498413
1083 -3.5452001094818115 -0.3637999892234802 2.2488999366760254
1084 -3.557300090789795 -0.1873999983072281 2.2228000164031982
1085 -3.561800003051758 -0.01080000028014183 2.214099884033203
1086 -3.0016000270843506 -0.6995000243186951 1.9185999631881714
1087 -3.0220999717712402 -0.5275999903678894 1.854200005531311
1088 -3.503499984741211 -0.7153000235557556 2.3541998863220215
1089 -3.526900053024292 -0.5397999882698059 2.2927000522613525
1090 -4.060299873352051 -0.5530999898910522 2.773400068283081
1091 -4.033899784088135 -0.7325999736785889 2.8320999145507812
1092 -4.0808000564575195 -0.37279999256134033 2.7314999103546143
1093 -4.098999977111816 -0.01080000028014183 2.6981000900268555
1094 -4.094200134277344 -0.19189999997615814 2.706399917602539
1095 -2.978300094604492 -0.8709999918937683 2.002000093460083
1096 -2.9532999992370605 -1.0420000553131104 2.104599952697754
1097 -3.446899890899658 -1.0640000104904175 2.531100034713745
1098 -3.4763998985290527 -0.8901000022888184 2.4335999488830566
1099 -2.927999973297119 -1.212499976158142 2.226599931716919
1100 -3.416300058364868 -1.236899971961975 2.646699905395508
1101 -3.9321000576019287 -1.263800024986267 3.1089000701904297
1102 -3.9684998989105225 -1.0881999731063843 2.999799966812134
1103 -4.002799987792969 -0.9110999703407288 2.9075000286102295
1104 -6.459000110626221 -2.008699893951416 19.010299682617188
1105 -6.988699913024902 -1.9692000150680542 18.79210090637207
1106 -6.489200115203857 -1.7452000379562378 19.190500259399414
1107 -7.02839994430542 -1.7105000019073486 18.96299934387207
1108 -7.548999786376953 -1.6713000535964966 18.65839958190918
1109 -7.499599933624268 -1.9246000051498413 18.49850082397461
1110 -6.5335001945495605 -1.1895999908447266 19.470600128173828
1111 -7.086999893188477 -1.1655999422073364 19.229000091552734
1112 -7.061100006103516 -1.4421000480651855 19.108699798583984
1113 -6.513899803161621 -1.47160005569458 19.3439998626709
1114 -7.622300148010254 -1.1383999586105347 18.908000946044922
1115 -7.589799880981445 -1.4086999893188477 18.79509925842285
1116 -8.609399795532227 -1.079300045967102 18.06049919128418
1117 -8.563599586486816 -1.3360999822616577 17.96430015563965
1118 -8.093000411987305 -1.3729000091552734 18.410900115966797
1119 -8.132200241088867 -1.1093000173568726 18.515899658203125
1120 -8.506799697875977 -1.5858999490737915 17.848800659179688
1121 -8.044099807739258 -1.6291999816894531 18.284400939941406
1122 -7.985199928283691 -1.8767000436782837 18.136999130249023
1123 -8.438599586486816 -1.8273999691009521 17.714799880981445
1124 -6.5482001304626465 -0.9007999897003174 19.569900512695312
1125 -7.106599807739258 -0.8824999928474426 19.323299407958984
1126 -6.5584001541137695 -0.6068999767303467 19.641300201416016
1127 -7.120100021362305 -0.5946999788284302 19.391199111938477
1128 -7.664100170135498 -0.5807999968528748 19.06089973449707
1129 -7.646999835968018 -0.8618999719619751 18.99679946899414
1130 -6.566100120544434 -0.01080000028014183 19.698999404907227
1131 -7.13040018081665 -0.01080000028014183 19.44610023498535
1132 -7.127900123596191 -0.303600013256073 19.432300567626953
1133 -6.564199924468994 -0.30970001220703125 19.68440055847168
1134 -7.677199840545654 -0.01080000028014183 19.11280059814453
1135 -7.673999786376953 -0.29660001397132874 19.099700927734375
1136 -8.688400268554688 -0.01080000028014183 18.237499237060547
1137 -8.683600425720215 -0.28139999508857727 18.22599983215332
1138 -8.195099830627441 -0.2890999913215637 18.694900512695312
1139 -8.19909954071045 -0.01080000028014183 18.707199096679688
1140 -8.669099807739258 -0.550599992275238 18.192100524902344
1141 -8.182900428771973 -0.5659000277519226 18.65839958190918
1142 -8.161999702453613 -0.8398000001907349 18.598600387573242
1143 -8.644499778747559 -0.8169999718666077 18.136699676513672
1144 -10.168899536132812 -0.01080000028014183 15.882499694824219
1145 -10.161299705505371 -0.2540000081062317 15.874600410461426
1146 -9.878399848937988 -0.259799987077713 16.51740074157715
1147 -9.88539981842041 -0.01080000028014183 16.52630043029785
1148 -10.13860034942627 -0.49619999527931213 15.852299690246582
1149 -9.857399940490723 -0.5076000094413757 16.492000579833984
1150 -9.513799667358398 -0.5209000110626221 17.10070037841797
1151 -9.53279972076416 -0.266400009393692 17.129100799560547
1152 -9.53909969329834 -0.01080000028014183 17.138900756835938
1153 -10.047599792480469 -0.9728999733924866 15.76930046081543
1154 -9.773099899291992 -0.995199978351593 16.396400451660156
1155 -9.82229995727539 -0.7530999779701233 16.4512996673584
1156 -10.100700378417969 -0.7361999750137329 15.816800117492676
1157 -9.437100410461426 -1.0211999416351318 16.992700576782227
1158 -9.482000350952148 -0.7728000283241272 17.054899215698242
1159 -9.086899757385254 -0.7943999767303467 17.61949920654297
1160 -9.046799659729004 -1.0496000051498413 17.550100326538086
1161 -9.11520004272461 -0.5353999733924866 17.67020034790039
1162 -9.13759994506836 -0.01080000028014183 17.711999893188477
1163 -9.131999969482422 -0.2736999988555908 17.7012996673584
1164 -9.979599952697754 -1.205299973487854 15.711099624633789
1165 -9.709699630737305 -1.232699990272522 16.328500747680664
1166 -9.896499633789062 -1.4323999881744385 15.643500328063965
1167 -9.6318998336792 -1.4644999504089355 16.24880027770996
1168 -9.307600021362305 -1.5018999576568604 16.823299407958984
1169 -9.378999710083008 -1.2646000385284424 16.91510009765625
1170 -9.539899826049805 -1.6894999742507935 16.15850067138672
1171 -9.798399925231934 -1.652899980545044 15.567700386047363
1172 -9.222700119018555 -1.7319999933242798 16.71809959411621
1173 -8.853300094604492 -1.778499960899353 17.23940086364746
1174 -8.93019962310791 -1.5428999662399292 17.35919952392578
1175 -8.994600296020508 -1.2994999885559082 17.46299934387207
1176 -9.991399765014648 -1.6241999864578247 14.953300476074219
1177 -10.094300270080566 -1.406999945640564 15.015000343322754
1178 -10.227800369262695 -1.3874000310897827 14.36870002746582
1179 -10.121299743652344 -1.6019999980926514 14.32040023803711
1180 -10.253499984741211 -0.955299973487854 15.119400024414062
1181 -10.181699752807617 -1.1836999654769897 15.070799827575684
1182 -10.393099784851074 -0.9416999816894531 14.452199935913086
1183 -10.318400382995605 -1.1670000553131104 14.413000106811523
1184 -10.483200073242188 -0.9236000180244446 13.086899757385254
1185 -10.405200004577637 -1.1447999477386475 13.065899848937988
1186 -10.39210033416748 -1.1542999744415283 13.742899894714355
1187 -10.468899726867676 -0.9312999844551086 13.772899627685547
1188 -10.310799598693848 -1.3615000247955322 13.043299674987793
1189 -10.299200057983398 -1.3725999593734741 13.709699630737305
1190 -10.190299987792969 -1.5851999521255493 13.674300193786621
1191 -10.200599670410156 -1.57260000705719 13.0201997756958
1192 -10.309599876403809 -0.7228000164031982 15.159500122070312
1193 -10.349800109863281 -0.487199991941452 15.18970012664795
1194 -10.493599891662598 -0.48019999265670776 14.50979995727539
1195 -10.451600074768066 -0.7124000191688538 14.484800338745117
1196 -10.382200241088867 -0.01080000028014183 15.215800285339355
1197 -10.374099731445312 -0.24950000643730164 15.208900451660156
1198 -10.527600288391113 -0.01080000028014183 14.531499862670898
1199 -10.519100189208984 -0.2460000067949295 14.525799751281738
1200 -10.625 -0.01080000028014183 13.132499694824219
1201 -10.615900039672852 -0.24130000174045563 13.128999710083008
1202 -10.598799705505371 -0.24330000579357147 13.830599784851074
1203 -10.60770034790039 -0.01080000028014183 13.83530044555664
1204 -10.58899974822998 -0.4708999991416931 13.119500160217285
1205 -10.572500228881836 -0.4749000072479248 13.817899703979492
1206 -10.52910041809082 -0.7045000195503235 13.798199653625488
1207 -10.544599533081055 -0.6985999941825867 13.10509967803955
1208 -10.315999984741211 -0.23749999701976776 11.039899826049805
1209 -10.325300216674805 -0.01080000028014183 11.040200233459473
1210 -10.288599967956543 -0.46320000290870667 11.039799690246582
1211 -10.444499969482422 -0.46540001034736633 11.725000381469727
1212 -10.472000122070312 -0.2386000007390976 11.72819995880127
1213 -10.481300354003906 -0.01080000028014183 11.729499816894531
1214 -10.182100296020508 -0.9085000157356262 11.042099952697754
1215 -10.243800163269043 -0.6872000098228455 11.040300369262695
1216 -10.337400436401367 -0.9128999710083008 11.716099739074707
1217 -10.399499893188477 -0.690500020980835 11.72070026397705
1218 -10.50059986114502 -0.694100022315979 12.410799980163574
1219 -10.438599586486816 -0.9176999926567078 12.399499893188477
1220 -10.545499801635742 -0.46790000796318054 12.420000076293945
1221 -10.582099914550781 -0.01080000028014183 12.42870044708252
1222 -10.572799682617188 -0.23980000615119934 12.426300048828125
1223 -10.10420036315918 -1.1263999938964844 11.045900344848633
1224 -10.010700225830078 -1.3398000001907349 11.052200317382812
1225 -10.164299964904785 -1.3460999727249146 11.70930004119873
1226 -10.25879955291748 -1.131700038909912 11.7121000289917
1227 -9.902099609375 -1.5478999614715576 11.061699867248535
1228 -10.054300308227539 -1.5550999641418457 11.708600044250488
1229 -10.154500007629395 -1.562999963760376 12.363200187683105
1230 -10.26509952545166 -1.3530000448226929 12.374799728393555
1231 -10.359999656677246 -1.1375999450683594 12.387200355529785
1232 -2.366300106048584 -2.135499954223633 18.524499893188477
1233 -2.7994000911712646 -2.1314001083374023 18.719100952148438
1234 -2.3440001010894775 -1.8547999858856201 18.717899322509766
1235 -2.7797000408172607 -1.8517999649047852 18.915300369262695
1236 -3.2530999183654785 -1.8468999862670898 19.091299057006836
1237 -3.2688000202178955 -2.1252999305725098 18.893199920654297
1238 -2.3162999153137207 -1.2635999917984009 19.025100708007812
1239 -2.7553000450134277 -1.2619999647140503 19.226699829101562
1240 -2.7653000354766846 -1.561400055885315 19.084999084472656
1241 -2.3276000022888184 -1.563599944114685 18.88520050048828
1242 -3.2339999675750732 -1.2590999603271484 19.40489959716797
1243 -3.2416999340057373 -1.5575000047683716 19.262300491333008
1244 -4.281400203704834 -1.2474000453948975 19.654600143432617
1245 -4.28249979019165 -1.5428999662399292 19.513099670410156
1246 -3.7499001026153564 -1.5514999628067017 19.408000946044922
1247 -3.7451000213623047 -1.2542999982833862 19.550600051879883
1248 -4.2846999168396 -1.829200029373169 19.34280014038086
1249 -3.7571001052856445 -1.8395999670028687 19.236799240112305
1250 -3.7674999237060547 -2.1166999340057373 19.038000106811523
1251 -4.28849983215332 -2.1047000885009766 19.144500732421875
1252 -2.3090999126434326 -0.95660001039505 19.136199951171875
1253 -2.749000072479248 -0.9555000066757202 19.33930015563965
1254 -2.305000066757202 -0.6442999839782715 19.217300415039062
1255 -2.7455999851226807 -0.6435999870300293 19.42140007019043
1256 -3.2267000675201416 -0.6421999931335449 19.600400924682617
1257 -3.2291998863220215 -0.9534000158309937 19.51810073852539
1258 -2.303100109100342 -0.01080000028014183 19.284000396728516
1259 -2.74399995803833 -0.01080000028014183 19.48889923095703
1260 -2.7441999912261963 -0.3280999958515167 19.47170066833496
1261 -2.303299903869629 -0.32839998602867126 19.267000198364258
1262 -3.225600004196167 -0.01080000028014183 19.667999267578125
1263 -3.2256999015808105 -0.32739999890327454 19.650800704956055
1264 -4.282199859619141 -0.01080000028014183 19.91320037841797
1265 -4.281899929046631 -0.3244999945163727 19.896400451660156
1266 -3.7407000064849854 -0.3262999951839447 19.795400619506836
1267 -3.740799903869629 -0.01080000028014183 19.812400817871094
1268 -4.281499862670898 -0.6363999843597412 19.84709930419922
1269 -3.7411000728607178 -0.6399000287055969 19.745399475097656
1270 -3.7423999309539795 -0.9498000144958496 19.663400650024414
1271 -4.281199932098389 -0.944599986076355 19.766199111938477
1272 -5.990499973297119 -0.3147999942302704 19.847900390625
1273 -5.9918999671936035 -0.01080000028014183 19.863100051879883
1274 -5.986400127410889 -0.6169999837875366 19.802799224853516
1275 -5.411399841308594 -0.6251999735832214 19.884899139404297
1276 -5.414100170135498 -0.3188999891281128 19.931699752807617
1277 -5.414999961853027 -0.01080000028014183 19.947500228881836
1278 -5.968900203704834 -1.2093000411987305 19.624900817871094
1279 -5.9791998863220215 -0.9157999753952026 19.728300094604492
1280 -5.4004998207092285 -1.2252999544143677 19.7007999420166
1281 -5.406899929046631 -0.9279000163078308 19.80780029296875
1282 -4.838500022888184 -0.9373999834060669 19.817399978637695
1283 -4.835599899291992 -1.2378000020980835 19.707700729370117
1284 -4.840700149536133 -0.631600022315979 19.896699905395508
1285 -4.842700004577637 -0.01080000028014183 19.961200714111328
1286 -4.842100143432617 -0.3221000134944916 19.944900512695312
1287 -5.9552001953125 -1.49590003490448 19.493000030517578
1288 -5.9380998611450195 -1.773800015449524 19.333099365234375
1289 -5.382299900054932 -1.7970000505447388 19.399999618530273
1290 -5.392300128936768 -1.5155999660491943 19.564699172973633
1291 -5.917200088500977 -2.041300058364868 19.14579963684082
1292 -5.370299816131592 -2.067699909210205 19.207300186157227
1293 -4.825099945068359 -2.088599920272827 19.203899383544922
1294 -4.828800201416016 -1.8151999711990356 19.40019989013672
1295 -4.832300186157227 -1.5311000347137451 19.56839942932129
1296 -6.951399803161621 -1.8006000518798828 6.517199993133545
1297 -6.856400012969971 -1.9767999649047852 6.611999988555908
1298 -7.304900169372559 -2.0048999786376953 7.148799896240234
1299 -7.40910005569458 -1.8270000219345093 7.062600135803223
1300 -6.6493000984191895 -2.3125998973846436 6.831999778747559
1301 -6.7555999755859375 -2.14739990234375 6.716599941253662
1302 -7.0756001472473145 -2.3431999683380127 7.349599838256836
1303 -7.193600177764893 -2.1768999099731445 7.244200229644775
1304 -7.843400001525879 -2.397900104522705 8.401800155639648
1305 -7.982699871063232 -2.2290000915527344 8.314000129699707
1306 -7.603499889373779 -2.2040998935699463 7.776100158691406
1307 -7.4745001792907715 -2.3717000484466553 7.872499942779541
1308 -8.113100051879883 -2.0539000034332275 8.235699653625488
1309 -7.724699974060059 -2.030600070953369 7.6894001960754395
1310 -7.837699890136719 -1.8509999513626099 7.611400127410889
1311 -8.234299659729004 -1.8725999593734741 8.165599822998047
1312 -6.537899971008301 -2.4725000858306885 6.958899974822998
1313 -6.421999931335449 -2.6273000240325928 7.098299980163574
1314 -6.821499824523926 -2.6591999530792236 7.594399929046631
1315 -6.951499938964844 -2.5039000511169434 7.466100215911865
1316 -6.301799774169922 -2.777100086212158 7.250999927520752
1317 -6.686200141906738 -2.809299945831299 7.735499858856201
1318 -7.375800132751465 -2.8696000576019287 8.73069953918457
1319 -7.044899940490723 -2.8403000831604004 8.228599548339844
1320 -7.539599895477295 -2.7179999351501465 8.609100341796875
1321 -7.194900035858154 -2.6895999908447266 8.097800254821777
1322 -7.338200092315674 -2.533400058746338 7.979400157928467
1323 -7.6956000328063965 -2.5608999729156494 8.499799728393555
1324 -8.179699897766113 -2.941699981689453 10.2947998046875
1325 -8.379400253295898 -2.7876999378204346 10.197500228881836
1326 -8.134200096130371 -2.7674999237060547 9.658300399780273
1327 -7.945400238037109 -2.920799970626831 9.763400077819824
1328 -8.74489974975586 -2.4611001014709473 10.041000366210938
1329 -8.567899703979492 -2.627500057220459 10.11340045928955
1330 -8.481100082397461 -2.4428999423980713 9.484800338745117
1331 -8.312899589538574 -2.6082000732421875 9.565799713134766
1332 -8.021300315856934 -2.585900068283081 9.028300285339355
1333 -8.179800033569336 -2.4217000007629395 8.938799858093262
1334 -7.853499889373779 -2.7441000938415527 9.128999710083008
1335 -7.676700115203857 -2.8966000080108643 9.24209976196289
1336 -8.910300254821777 -2.288300037384033 9.97920036315918
1337 -9.063799858093262 -2.1089999675750732 9.9266996383667
1338 -8.785400390625 -2.0931999683380127 9.352399826049805
1339 -8.638699531555176 -2.271199941635132 9.413999557495117
1340 -9.2052001953125 -1.9229999780654907 9.882100105285645
1341 -8.920900344848633 -1.9085999727249146 9.298800468444824
1342 -8.59630012512207 -1.891800045967102 8.727399826049805
1343 -8.467599868774414 -2.0748000144958496 8.789400100708008
1344 -8.328700065612793 -2.2513999938964844 8.85949993133545
1345 0.0 -2.1407999992370605 17.321399688720703
1346 -0.23919999599456787 -2.1410000324249268 17.35219955444336
1347 0.0 -1.8547999858856201 17.488000869750977
1348 -0.23420000076293945 -1.8551000356674194 17.51959991455078
1349 -0.4740999937057495 -1.8558000326156616 17.604999542236328
1350 -0.4837999939918518 -2.1412999629974365 17.43549919128418
1351 0.0 -1.2589000463485718 17.745899200439453
1352 -0.2280000001192093 -1.2592999935150146 17.77910041809082
1353 -0.2305999994277954 -1.5607999563217163 17.66200065612793
1354 0.0 -1.5604000091552734 17.629600524902344
1355 -0.4618000090122223 -1.26010000705719 17.86870002746582
1356 -0.4668999910354614 -1.5615999698638916 17.74959945678711
1357 -0.9704999923706055 -1.2624000310897827 18.176700592041016
1358 -0.9797999858856201 -1.5636999607086182 18.051000595092773
1359 -0.7146999835968018 -1.562600016593933 17.88249969482422
1360 -0.7074000239372253 -1.261199951171875 18.004600524902344
1361 -0.992900013923645 -1.857300043106079 17.89940071105957
1362 -0.7250999808311462 -1.856600046157837 17.734800338745117
1363 -0.7391999959945679 -2.1415998935699463 17.562000274658203
1364 -1.010699987411499 -2.1415998935699463 17.722700119018555
1365 0.0 -0.9517999887466431 17.836700439453125
1366 -0.22630000114440918 -0.9520999789237976 17.8705997467041
1367 -0.0 -0.640500009059906 17.90180015563965
1368 -0.22540000081062317 -0.6406999826431274 17.93630027770996
1369 -0.45669999718666077 -0.6413000226020813 18.029199600219727
1370 -0.4586000144481659 -0.9528999924659729 17.961999893188477
1371 0.0 -0.01080000028014183 17.954299926757812
1372 -0.2249000072479248 -0.01080000028014183 17.989299774169922
1373 -0.22499999403953552 -0.3264999985694885 17.97599983215332
1374 0.0 -0.3264000117778778 17.941099166870117
1375 -0.45579999685287476 -0.01080000028014183 18.08340072631836
1376 -0.45590001344680786 -0.32679998874664307 18.069799423217773
1377 -0.9595999717712402 -0.01080000028014183 18.405899047851562
1378 -0.9598000049591064 -0.32760000228881836 18.39109992980957
1379 -0.6988999843597412 -0.32710000872612 18.21179962158203
1380 -0.6987000107765198 -0.01080000028014183 18.225900650024414
1381 -0.9613000154495239 -0.642799973487854 18.34749984741211
1382 -0.699999988079071 -0.6420000195503235 18.1697998046875
1383 -0.7027000188827515 -0.9538000226020813 18.100500106811523
1384 -0.9646000266075134 -0.9549000263214111 18.275800704956055
1385 -1.9105000495910645 -0.32850000262260437 19.045799255371094
1386 -1.9101999998092651 -0.01080000028014183 19.0625
1387 -1.9122999906539917 -0.6444000005722046 18.997299194335938
1388 -1.561400055885315 -0.64410001039505 18.771900177001953
1389 -1.5595999956130981 -0.32829999923706055 18.819000244140625
1390 -1.5592999458312988 -0.01080000028014183 18.834999084472656
1391 -1.9242000579833984 -1.26419997215271 18.809200286865234
1392 -1.916599988937378 -0.9569000005722046 18.91790008544922
1393 -1.573099970817566 -1.2640999555587769 18.589099884033203
1394 -1.565600037574768 -0.95660001039505 18.694900512695312
1395 -1.2503000497817993 -0.9559000134468079 18.4773006439209
1396 -1.257200002670288 -1.2633999586105347 18.374900817871094
1397 -1.246399998664856 -0.6434999704360962 18.551700592041016
1398 -1.2444000244140625 -0.01080000028014183 18.612600326538086
1399 -1.2446999549865723 -0.328000009059906 18.59709930419922
1400 -1.9359999895095825 -1.5647000074386597 18.672199249267578
1401 -1.9530999660491943 -1.8566999435424805 18.50819969177246
1402 -1.6013000011444092 -1.8575999736785889 18.29560089111328
1403 -1.5846999883651733 -1.565000057220459 18.45560073852539
1404 -1.976199984550476 -2.1382999420166016 18.318500518798828
1405 -1.623900055885315 -2.140199899673462 18.11009979248047
1406 -1.3037999868392944 -2.141200065612793 17.90850067138672
1407 -1.2831000089645386 -1.857699990272522 18.089500427246094
1408 -1.267799973487854 -1.5645999908447266 18.24530029296875
1409 0.0 -1.4630999565124512 1.0221999883651733
1410 -0.249099999666214 -1.4635000228881836 1.0355000495910645
1411 -0.0 -1.6298999786376953 1.2474000453948975
1412 -0.2493000030517578 -1.6303000450134277 1.260200023651123
1413 -0.5037000179290771 -1.6318999528884888 1.3021999597549438
1414 -0.5034999847412109 -1.4651000499725342 1.0789999961853027
1415 -0.0 -1.9643000364303589 1.7618999481201172
1416 -0.251800000667572 -1.9645999670028687 1.773900032043457
1417 -0.2502000033855438 -1.7975000143051147 1.506500005722046
1418 0.0 -1.7970999479293823 1.4941999912261963
1419 -0.5083000063896179 -1.9661999940872192 1.812999963760376
1420 -0.505299985408783 -1.7991000413894653 1.5470999479293823
1421 -1.0542000532150269 -1.975000023841858 1.9866000413894653
1422 -1.0501999855041504 -1.8080999851226807 1.7266000509262085
1423 -0.7703999876976013 -1.8025000095367432 1.6193000078201294
1424 -0.7742000222206116 -1.969499945640564 1.8827999830245972
1425 -1.048699975013733 -1.6410000324249268 1.4878000020980835
1426 -0.7684999704360962 -1.6353000402450562 1.3768999576568604
1427 -0.7684999704360962 -1.468500018119812 1.1562999486923218
1428 -1.0496000051498413 -1.4740999937057495 1.2710000276565552
1429 0.0 -2.13070011138916 2.0499000549316406
1430 -0.2540999948978424 -2.1310999393463135 2.061500072479248
1431 -0.0 -2.2959001064300537 2.357300043106079
1432 -0.257099986076355 -2.296299934387207 2.3685998916625977
1433 -0.5184000134468079 -2.2978999614715576 2.405400037765503
1434 -0.5127000212669373 -2.132699966430664 2.099400043487549
1435 -0.26080000400543213 -2.4598000049591064 2.694499969482422
1436 0.0 -2.459399938583374 2.683500051498413
1437 -0.5253999829292297 -2.461400032043457 2.7304000854492188
1438 -1.0813000202178955 -2.469599962234497 2.8877999782562256
1439 -0.7976999878883362 -2.4644999504089355 2.7939000129699707
1440 -1.069700002670288 -2.3062000274658203 2.5678999423980713
1441 -0.7878999710083008 -2.3010001182556152 2.470900058746338
1442 -0.7799999713897705 -2.1359000205993652 2.1668999195098877
1443 -1.0607000589370728 -2.141200065612793 2.267199993133545
1444 -2.0385000705718994 -2.5000998973846436 3.3794000148773193
1445 -2.030900001525879 -2.338200092315674 3.078399896621704
1446 -1.6871000528335571 -2.324399948120117 2.8685998916625977
1447 -1.6979000568389893 -2.486999988555908 3.177799940109253
1448 -2.025700092315674 -2.009399890899658 2.535399913787842
1449 -2.026599884033203 -2.1745998859405518 2.7969000339508057
1450 -1.6751999855041504 -1.9945000410079956 2.309499979019165
1451 -1.6796000003814697 -2.160099983215332 2.5789999961853027
1452 -1.3590999841690063 -2.149199962615967 2.4035000801086426
1453 -1.3530000448226929 -1.983199954032898 2.127700090408325
1454 -1.3681000471115112 -2.3138999938964844 2.699399948120117
1455 -1.3801000118255615 -2.476900100708008 3.0148000717163086
1456 -2.0280001163482666 -1.8430999517440796 2.294300079345703
1457 -2.0334999561309814 -1.6761000156402588 2.0739998817443848
1458 -1.6759999990463257 -1.6608999967575073 1.832900047302246
1459 -1.6741000413894653 -1.8279000520706177 2.0606000423431396
1460 -2.042099952697754 -1.5087000131607056 1.874899983406067
1461 -1.6811000108718872 -1.4937000274658203 1.6267000436782837
1462 -1.3519999980926514 -1.482300043106079 1.4265999794006348
1463 -1.3494999408721924 -1.6492999792099 1.638700008392334
1464 -1.3497999906539917 -1.8164000511169434 1.8725999593734741
1465 5.786799907684326 -2.903899908065796 6.954999923706055
1466 5.37470006942749 -2.8671000003814697 6.501699924468994
1467 5.464700222015381 -2.720900058746338 6.305699825286865
1468 5.893899917602539 -2.7588999271392822 6.774499893188477
1469 4.947700023651123 -2.8320999145507812 6.0619001388549805
1470 5.020500183105469 -2.684499979019165 5.849100112915039
1471 5.0929999351501465 -2.532900094985962 5.652400016784668
1472 5.553100109100342 -2.5703001022338867 6.125
1473 5.9984002113342285 -2.6089000701904297 6.608699798583984
1474 4.07289981842041 -2.7690000534057617 5.239099979400635
1475 4.11359977722168 -2.6177000999450684 4.991000175476074
1476 4.567999839782715 -2.6500000953674316 5.40939998626709
1477 4.51170015335083 -2.7994000911712646 5.639699935913086
1478 4.155600070953369 -2.4630000591278076 4.760300159454346
1479 4.624899864196777 -2.496999979019165 5.195700168609619
1480 4.243000030517578 -2.1440999507904053 4.349800109863281
1481 4.739099979400635 -2.1798999309539795 4.81689977645874
1482 4.68209981918335 -2.3401999473571777 4.9984002113342285
1483 4.19890022277832 -2.3050999641418457 4.546599864959717
1484 5.235300064086914 -2.2172000408172607 5.304599761962891
1485 5.16480016708374 -2.3770999908447266 5.471099853515625
1486 6.19789981842041 -2.2939000129699707 6.31820011138916
1487 6.099899768829346 -2.453900098800659 6.456900119781494
1488 5.639699935913086 -2.4151999950408936 5.959099769592285
1489 5.724100112915039 -2.2553999423980713 5.80709981918335
1490 3.637399911880493 -2.7411999702453613 4.863999843597412
1491 3.663599967956543 -2.5878000259399414 4.598499774932861
1492 3.211199998855591 -2.716099977493286 4.518499851226807
1493 3.2246999740600586 -2.560800075531006 4.236599922180176
1494 3.2409000396728516 -2.4028000831604004 3.973099946975708
1495 3.691999912261963 -2.43149995803833 4.35099983215332
1496 2.4112000465393066 -2.6751999855041504 3.932300090789795
1497 2.405600070953369 -2.516700029373169 3.6224000453948975
1498 2.8032000064849854 -2.5369999408721924 3.9096999168395996
1499 2.80049991607666 -2.6940999031066895 4.206600189208984
1500 2.4035000801086426 -2.355799913406372 3.331700086593628
1501 2.8090999126434326 -2.377500057220459 3.631700038909912
1502 2.4089999198913574 -2.02839994430542 2.8087000846862793
1503 2.829900026321411 -2.052000045776367 3.1328001022338867
1504 2.818000078201294 -2.2156999111175537 3.3726999759674072
1505 2.404599905014038 -2.1928999423980713 3.0604000091552734
1506 3.280900001525879 -2.0794999599456787 3.501699924468994
1507 3.259700059890747 -2.2423999309539795 3.7281999588012695
1508 3.722399950027466 -2.2723000049591064 4.121399879455566
1509 3.7544000148773193 -2.1103999614715576 3.90939998626709
1510 2.4567999839782715 -1.3595999479293823 2.004699945449829
1511 2.903700113296509 -1.3824000358581543 2.368299961090088
1512 2.881500005722046 -1.5514999628067017 2.529900074005127
1513 2.440500020980835 -1.5277999639511108 2.174799919128418
1514 3.3859000205993652 -1.4086999893188477 2.7806999683380127
1515 3.3568999767303467 -1.5789999961853027 2.933300018310547
1516 3.329699993133545 -1.7476999759674072 3.104300022125244
1517 2.861799955368042 -1.719599962234497 2.7112998962402344
1518 2.427000045776367 -1.6955000162124634 2.365600109100342
1519 4.422599792480469 -1.4693000316619873 3.723599910736084
1520 4.377799987792969 -1.6424000263214111 3.856600046157837
1521 3.8584001064300537 -1.6095000505447388 3.3777999877929688
1522 3.8949999809265137 -1.4378999471664429 3.2348999977111816
1523 4.332699775695801 -1.8127000331878662 4.005000114440918
1524 3.822700023651123 -1.7789000272750854 3.5378000736236572
1525 3.787899971008301 -1.9458999633789062 3.714900016784668
1526 4.287700176239014 -1.9799000024795532 4.169300079345703
1527 3.30430006980896 -1.9146000146865845 3.2936999797821045
1528 2.4165000915527344 -1.8624999523162842 2.5769999027252197
1529 2.8445000648498535 -1.8865000009536743 2.9123001098632812
1530 4.960100173950195 -1.5019999742507935 4.239500045776367
1531 4.906599998474121 -1.676900029182434 4.362500190734863
1532 5.499000072479248 -1.5354000329971313 4.7754998207092285
1533 5.436699867248535 -1.7122999429702759 4.888500213623047
1534 5.371699810028076 -1.8847999572753906 5.013999938964844
1535 4.8516998291015625 -1.8481999635696411 4.4994001388549805
1536 6.547599792480469 -1.601199984550476 5.878600120544434
1537 6.467400074005127 -1.7824000120162964 5.972899913787842
1538 5.959700107574463 -1.7476999759674072 5.427700042724609
1539 6.031000137329102 -1.5686999559402466 5.3242998123168945
1540 6.3821001052856445 -1.9581999778747559 6.077000141143799
1541 5.884500026702881 -1.9217000007629395 5.542099952697754
1542 5.805799961090088 -2.09089994430542 5.668399810791016
1543 6.292099952697754 -2.128700017929077 6.19189977645874
1544 5.3043999671936035 -2.053100109100342 5.152500152587891
1545 4.79580020904541 -2.015899896621704 4.650700092315674
1546 8.518699645996094 -3.102799892425537 14.653200149536133
1547 8.632699966430664 -3.0267999172210693 14.742500305175781
1548 8.466300010681152 -3.0743000507354736 15.055700302124023
1549 8.373600006103516 -3.1607000827789307 14.822199821472168
1550 8.783100128173828 -2.91510009765625 14.857099533081055
1551 8.596099853515625 -2.9619998931884766 15.240300178527832
1552 8.357099533081055 -3.024899959564209 15.590800285339355
1553 8.243000030517578 -3.1428000926971436 15.340700149536133
1554 8.155699729919434 -3.2385001182556152 15.043700218200684
1555 9.10789966583252 -2.6278998851776123 15.092100143432617
1556 8.891200065612793 -2.673799991607666 15.563599586486816
1557 8.740699768066406 -2.827500104904175 15.409199714660645
1558 8.944199562072754 -2.7809998989105225 14.975600242614746
1559 8.62279987335205 -2.730799913406372 16.000999450683594
1560 8.486499786376953 -2.88700008392334 15.808699607849121
1561 7.953000068664551 -2.8645999431610107 16.760700225830078
1562 7.84660005569458 -3.0283000469207764 16.49850082397461
1563 8.186699867248535 -2.9553000926971436 16.172300338745117
1564 8.308199882507324 -2.7955000400543213 16.401100158691406
1565 7.746699810028076 -3.1745998859405518 16.204200744628906
1566 8.072099685668945 -3.097399950027466 15.9128999710083
1567 7.586299896240234 -3.409899950027466 15.500300407409668
1568 7.890900135040283 -3.322999954223633 15.274900436401367
1569 7.97130012512207 -3.220400094985962 15.616100311279297
1570 7.658199787139893 -3.3020999431610107 15.873100280761719
1571 9.266200065612793 -2.4590001106262207 15.200799942016602
1572 9.038599967956543 -2.5035998821258545 15.704400062561035
1573 9.416799545288086 -2.276099920272827 15.30210018157959
1574 9.180000305175781 -2.3187999725341797 15.832900047302246
1575 8.88860034942627 -2.3703999519348145 16.330900192260742
1576 8.75790023803711 -2.558000087738037 16.174400329589844
1577 9.68529987335205 -1.8753999471664429 15.484999656677246
1578 9.43340015411377 -1.9127000570297241 16.058700561523438
1579 9.3125 -2.1212000846862793 15.950599670410156
1580 9.557299613952637 -2.0810000896453857 15.396699905395508
1581 9.124099731445312 -1.9573999643325806 16.600799560546875
1582 9.011699676513672 -2.169600009918213 16.472400665283203
1583 8.358799934387207 -2.0604000091552734 17.562999725341797
1584 8.266900062561035 -2.2813000679016113 17.39430046081543
1585 8.66100025177002 -2.2237000465393066 16.955799102783203
1586 8.763699531555176 -2.0072999000549316 17.10460090637207
1587 8.166500091552734 -2.489799976348877 17.206100463867188
1588 8.548700332641602 -2.4282000064849854 16.79050064086914
1589 8.430000305175781 -2.61929988861084 16.606399536132812
1590 8.060700416564941 -2.6847000122070312 16.99570083618164
1591 6.423099994659424 -2.2604000568389893 18.804100036621094
1592 6.381199836730957 -2.4986000061035156 18.572099685668945
1593 6.886499881744385 -2.450900077819824 18.37689971923828
1594 6.941500186920166 -2.2165000438690186 18.596599578857422
1595 6.3354997634887695 -2.722399950027466 18.313100814819336
1596 6.826300144195557 -2.671299934387207 18.13129997253418
1597 7.299200057983398 -2.6138999462127686 17.882200241088867
1598 7.3734002113342285 -2.397200107574463 18.1112003326416
1599 7.441199779510498 -2.167099952697754 18.31599998474121
1600 6.240799903869629 -3.123800039291382 17.709299087524414
1601 6.700500011444092 -3.066800117492676 17.55579948425293
1602 6.763500213623047 -2.877000093460083 17.85810089111328
1603 6.288000106811523 -2.9310998916625977 18.025999069213867
1604 7.143099784851074 -3.0028998851776123 17.34320068359375
1605 7.221399784088135 -2.8160998821258545 17.62689971923828
1606 7.655799865722656 -2.751199960708618 17.337600708007812
1607 7.562600135803223 -2.9346001148223877 17.076400756835938
1608 7.747900009155273 -2.552500009536743 17.5718994140625
1609 7.915800094604492 -2.114300012588501 17.969100952148438
1610 7.835599899291992 -2.339900016784668 17.781600952148438
1611 6.196199893951416 -3.2995998859405518 17.361900329589844
1612 6.640100002288818 -3.2400999069213867 17.222700119018555
1613 6.156099796295166 -3.45770001411438 16.98240089416504
1614 6.584700107574463 -3.395699977874756 16.857099533081055
1615 6.996799945831299 -3.326200008392334 16.681900024414062
1616 7.067200183868408 -3.17330002784729 17.028900146484375
1617 6.098400115966797 -3.717400074005127 16.122499465942383
1618 6.4994001388549805 -3.650399923324585 16.021900177001953
1619 6.5370001792907715 -3.5327000617980957 16.457399368286133
1620 6.122799873352051 -3.5971999168395996 16.569700241088867
1621 6.884799957275391 -3.575500011444092 15.88029956817627
1622 6.934899806976318 -3.460599899291992 16.299800872802734
1623 7.310699939727783 -3.382999897003174 16.10300064086914
1624 7.249000072479248 -3.4946999549865723 15.704299926757812
1625 7.386099815368652 -3.2516000270843506 16.462400436401367
1626 7.471399784088135 -3.101799964904785 16.78580093383789
1627 2.801100015640259 -2.848400115966797 4.522200107574463
1628 2.420300006866455 -2.831199884414673 4.260900020599365
1629 3.200700044631958 -2.868499994277954 4.81879997253418
1630 3.194200038909912 -3.0174999237060547 5.137700080871582
1631 2.8055999279022217 -2.9995999336242676 4.856500148773193
1632 2.433199882507324 -2.984100103378296 4.608399868011475
1633 4.033999919891357 -2.9168999195098877 5.504899978637695
1634 3.613600015640259 -2.891400098800659 5.147600173950195
1635 3.998300075531006 -3.060699939727783 5.787700176239014
1636 3.5934998989105225 -3.037899971008301 5.449100017547607
1637 3.943000078201294 -3.3327999114990234 6.401700019836426
1638 3.5697999000549316 -3.317199945449829 6.105500221252441
1639 3.5785000324249268 -3.1800999641418457 5.768499851226807
1640 3.9674999713897705 -3.1995999813079834 6.086900234222412
1641 3.197000026702881 -3.3032000064849854 5.831200122833252
1642 3.1926000118255615 -3.162600040435791 5.475200176239014
1643 2.4719998836517334 -3.279099941253662 5.359799861907959
1644 2.4502999782562256 -3.1335999965667725 4.974699974060059
1645 2.8148000240325928 -3.1470999717712402 5.209700107574463
1646 2.829400062561035 -3.2904999256134033 5.5817999839782715
1647 4.456299781799316 -2.9451000690460205 5.88730001449585
1648 4.87470006942749 -2.9756999015808105 6.291500091552734
1649 4.803299903869629 -3.114000082015991 6.534900188446045
1650 4.403299808502197 -3.0861001014709473 6.1504998207092285
1651 5.677499771118164 -3.0441999435424805 7.151199817657471
1652 5.283699989318848 -3.0088000297546387 6.713900089263916
1653 5.566999912261963 -3.178100109100342 7.357800006866455
1654 5.19290018081665 -3.1445999145507812 6.938199996948242
1655 5.345600128173828 -3.420300006866455 7.782100200653076
1656 5.017000198364258 -3.3926000595092773 7.407199859619141
1657 5.103600025177002 -3.2730000019073486 7.170599937438965
1658 5.456099987030029 -3.303999900817871 7.569799900054932
1659 4.67080020904541 -3.3694000244140625 7.0524001121521
1660 4.734799861907959 -3.2455999851226807 6.789400100708008
1661 4.354499816894531 -3.221299886703491 6.427700042724609
1662 4.311399936676025 -3.3498001098632812 6.717299938201904
1663 4.968100070953369 -3.746000051498413 8.478099822998047
1664 4.79610013961792 -3.7588000297546387 8.364399909973145
1665 4.807300090789795 -3.684299945831299 8.109999656677246
1666 5.038400173187256 -3.6940999031066895 8.355299949645996
1667 4.551400184631348 -3.7736001014709473 8.205100059509277
1668 4.543399810791016 -3.685699939727783 7.889800071716309
1669 4.567999839782715 -3.5894999504089355 7.598800182342529
1670 4.862400054931641 -3.599400043487549 7.878900051116943
1671 5.132900238037109 -3.6175999641418457 8.183600425720215
1672 3.95989990234375 -3.7981998920440674 7.833199977874756
1673 3.9312000274658203 -3.6923999786376953 7.445099830627441
1674 4.248700141906738 -3.6891000270843506 7.667399883270264
1675 4.269100189208984 -3.787100076675415 8.025099754333496
1676 3.9212000370025635 -3.579400062561035 7.07859992980957
1677 4.252699851989746 -3.5836000442504883 7.333000183105469
1678 4.2754998207092285 -3.4704999923706055 7.0177001953125
1679 3.926300048828125 -3.459399938583374 6.731599807739258
1680 4.612800121307373 -3.4839999675750732 7.320899963378906
1681 5.236700057983398 -3.525599956512451 7.98960018157959
1682 4.9344000816345215 -3.501800060272217 7.644000053405762
1683 3.6340999603271484 -3.8059000968933105 7.638000011444092
1684 3.598900079727173 -3.6935999393463135 7.225200176239014
1685 3.297100067138672 -3.810699939727783 7.445199966430664
1686 3.2572999000549316 -3.693000078201294 7.012599945068359
1687 3.228100061416626 -3.5689001083374023 6.599599838256836
1688 3.577899932861328 -3.574399948120117 6.832900047302246
1689 2.611599922180176 -3.813499927520752 7.088600158691406
1690 2.5680999755859375 -3.6879000663757324 6.6280999183654785
1691 2.911900043487549 -3.690999984741211 6.8119001388549805
1692 2.9544999599456787 -3.8131000995635986 7.2600998878479
1693 2.5304999351501465 -3.5566999912261963 6.186500072479248
1694 2.87719988822937 -3.5629000663757324 6.382800102233887
1695 2.8499999046325684 -3.42930006980896 5.972799777984619
1696 2.4986000061035156 -3.420300006866455 5.763700008392334
1697 3.208400011062622 -3.438800096511841 6.205900192260742
1698 3.5689001083374023 -3.4488000869750977 6.45989990234375
1699 2.978300094604492 -4.456399917602539 11.309599876403809
1700 3.3596999645233154 -4.42710018157959 11.4173002243042
1701 3.373800039291382 -4.435699939727783 11.987199783325195
1702 2.9888999462127686 -4.46619987487793 11.879400253295898
1703 3.74180006980896 -4.3927001953125 11.522500038146973
1704 3.759999990463257 -4.400400161743164 12.090900421142578
1705 3.763700008392334 -4.390500068664551 12.663999557495117
1706 3.374300003051758 -4.4257001876831055 12.559700012207031
1707 2.9872000217437744 -4.456600189208984 12.449700355529785
1708 4.4994001388549805 -4.306600093841553 11.705599784851074
1709 4.52810001373291 -4.313300132751465 12.267600059509277
1710 4.145500183105469 -4.3597002029418945 12.18589973449707
1711 4.122399806976318 -4.35260009765625 11.62030029296875
1712 4.540500164031982 -4.304500102996826 12.837800025939941
1713 4.15310001373291 -4.350200176239014 12.758199691772461
1714 4.527400016784668 -4.238500118255615 13.979100227355957
1715 4.131499767303467 -4.280300140380859 13.899399757385254
1716 4.14769983291626 -4.323800086975098 13.331199645996094
1717 4.539400100708008 -4.279799938201904 13.410400390625
1718 3.7353999614715576 -4.317200183868408 13.802399635314941
1719 3.7548000812530518 -4.362800121307373 13.236300468444824
1720 2.9518001079559326 -4.3796000480651855 13.572999954223633
1721 2.974400043487549 -4.427700042724609 13.015899658203125
1722 3.36299991607666 -4.397200107574463 13.129799842834473
1723 3.3415000438690186 -4.350100040435791 13.69219970703125
1724 4.870500087738037 -4.254000186920166 11.773500442504883
1725 4.905700206756592 -4.260700225830078 12.331299781799316
1726 5.23360013961792 -4.1946001052856445 11.819199562072754
1727 5.276199817657471 -4.201300144195557 12.372300148010254
1728 5.30079984664917 -4.1946001052856445 12.936200141906738
1729 4.923799991607666 -4.252799987792969 12.898599624633789
1730 5.927199840545654 -4.053299903869629 11.823599815368652
1731 5.987400054931641 -4.0605998039245605 12.368000030517578
1732 5.637499809265137 -4.134799957275391 12.386099815368652
1733 5.586599826812744 -4.127900123596191 11.837499618530273
1734 6.027699947357178 -4.056300163269043 12.92389965057373
1735 5.66949987411499 -4.129300117492676 12.946100234985352
1736 6.066199779510498 -4.007900238037109 14.04319953918457
1737 5.692599773406982 -4.076600074768066 14.073699951171875
1738 5.686500072479248 -4.110199928283691 13.5108003616333
1739 6.052499771118164 -4.039100170135498 13.484600067138672
1740 5.310200214385986 -4.137400150299072 14.07040023803711
1741 5.3109002113342285 -4.173600196838379 13.504300117492676
1742 4.9278998374938965 -4.229899883270264 13.469499588012695
1743 4.92110013961792 -4.191100120544434 14.037500381469727
1744 5.687399864196777 -3.7744998931884766 16.17569923400879
1745 5.685200214385986 -3.8773000240325928 15.685799598693848
1746 6.08489990234375 -3.8173000812530518 15.63949966430664
1747 5.269599914550781 -3.8229000568389893 16.186100006103516
1748 5.278299808502197 -3.928800106048584 15.692299842834473
1749 5.290299892425537 -4.015900135040283 15.17080020904541
1750 5.688000202178955 -3.961199998855591 15.167799949645996
1751 6.078000068664551 -3.898200035095215 15.127400398254395
1752 4.425600051879883 -3.8987998962402344 16.09760093688965
1753 4.453700065612793 -4.010799884796143 15.603400230407715
1754 4.8668999671936035 -3.972899913787842 15.663399696350098
1755 4.8480000495910645 -3.864000082015991 16.15850067138672
1756 4.481900215148926 -4.104499816894531 15.081700325012207
1757 4.887400150299072 -4.063300132751465 15.140700340270996
1758 4.906499862670898 -4.135799884796143 14.596699714660645
1759 4.507299900054932 -4.180200099945068 14.538200378417969
1760 5.30210018157959 -4.085100173950195 14.628000259399414
1761 6.073200225830078 -3.9612998962402344 14.593099594116211
1762 5.691800117492676 -4.027200222015381 14.628199577331543
1763 4.005499839782715 -3.928499937057495 16.007999420166016
1764 4.041500091552734 -4.043600082397461 15.516900062561035
1765 3.5906999111175537 -3.9544999599456787 15.894599914550781
1766 3.6331000328063965 -4.072400093078613 15.408300399780273
1767 3.672600030899048 -4.172100067138672 14.893799781799316
1768 4.076099872589111 -4.140399932861328 14.998000144958496
1769 2.7894999980926514 -3.9997000694274902 15.614999771118164
1770 2.8382999897003174 -4.122499942779541 15.14210033416748
1771 3.231100082397461 -4.098299980163574 15.281900405883789
1772 3.1844000816345215 -3.977799892425537 15.76200008392334
1773 2.8824000358581543 -4.226799964904785 14.640999794006348
1774 3.273900032043457 -4.2006001472473145 14.77340030670166
1775 3.311199903488159 -4.2845001220703125 14.241800308227539
1776 2.9207000732421875 -4.312600135803223 14.116299629211426
1777 3.70740008354187 -4.253699779510498 14.35669994354248
1778 4.106800079345703 -4.219200134277344 14.456899642944336
1779 8.156100273132324 -3.1654999256134033 10.941900253295898
1780 8.3774995803833 -3.018699884414673 10.836899757385254
1781 8.536700248718262 -3.030100107192993 11.39009952545166
1782 8.305999755859375 -3.176800012588501 11.48840045928955
1783 8.586899757385254 -2.8640999794006348 10.747400283813477
1784 8.754300117492676 -2.8754000663757324 11.308699607849121
1785 8.881699562072754 -2.8812999725341797 11.8725004196167
1786 8.658100128173828 -3.0353000164031982 11.944499969482422
1787 8.420599937438965 -3.1812000274658203 12.035599708557129
1788 8.968700408935547 -2.5322000980377197 10.608799934387207
1789 9.149800300598145 -2.542799949645996 11.189399719238281
1790 8.958700180053711 -2.712899923324585 11.242400169372559
1791 8.784000396728516 -2.701900005340576 10.671899795532227
1792 9.287099838256836 -2.5494000911712646 11.776399612426758
1793 9.091400146484375 -2.7193000316619873 11.817299842834473
1794 9.425200462341309 -2.5587000846862793 12.943900108337402
1795 9.227999687194824 -2.7249999046325684 12.950200080871582
1796 9.181400299072266 -2.7228000164031982 12.389100074768066
1797 9.379300117492676 -2.5541000366210938 12.36340045928955
1798 9.017000198364258 -2.8822999000549316 12.97249984741211
1799 8.969300270080566 -2.8831000328063965 12.430100440979004
1800 8.551400184631348 -3.170799970626831 13.089699745178223
1801 8.501799583435059 -3.178999900817871 12.57289981842041
1802 8.742799758911133 -3.0352001190185547 12.490099906921387
1803 8.791600227355957 -3.0308001041412354 13.017000198364258
1804 9.140800476074219 -2.3550000190734863 10.556699752807617
1805 9.327500343322754 -2.3650999069213867 11.14799976348877
1806 9.300100326538086 -2.1705000400543213 10.513999938964844
1807 9.491700172424316 -2.1798999309539795 11.116299629211426
1808 9.63659954071045 -2.1863999366760254 11.728099822998047
1809 9.468899726867676 -2.3717000484466553 11.747400283813477
1810 9.579999923706055 -1.7799999713897705 10.451000213623047
1811 9.77910041809082 -1.7877999544143677 11.074899673461914
1812 9.64229965209961 -1.9874999523162842 11.092499732971191
1813 9.446599960327148 -1.9788000583648682 10.479299545288086
1814 9.929400444030762 -1.7934999465942383 11.710800170898438
1815 9.79010009765625 -1.9936000108718872 11.71660041809082
1816 10.074899673461914 -1.8049999475479126 12.9975004196167
1817 9.934100151062012 -2.00570011138916 12.976499557495117
1818 9.888099670410156 -1.9990999698638916 12.34630012512207
1819 10.02869987487793 -1.798699975013733 12.353400230407715
1820 9.778599739074707 -2.198499917984009 12.959099769592285
1821 9.73289966583252 -2.1919000148773193 12.344200134277344
1822 9.563199996948242 -2.377000093460083 12.349100112915039
1823 9.60890007019043 -2.382999897003174 12.947500228881836
1824 9.739800453186035 -2.051100015640259 14.817099571228027
1825 9.873200416564941 -1.8476999998092651 14.886899948120117
1826 9.593099594116211 -2.244800090789795 14.744199752807617
1827 9.710800170898438 -2.222899913787842 14.164299964904785
1828 9.862099647521973 -2.029900074005127 14.217100143432617
1829 9.99940013885498 -1.8278000354766846 14.269499778747559
1830 9.26710033416748 -2.59660005569458 14.59000015258789
1831 9.434900283813477 -2.4272000789642334 14.668399810791016
1832 9.371500015258789 -2.5768001079559326 14.061599731445312
1833 9.546799659729004 -2.405600070953369 14.112099647521973
1834 9.604100227355957 -2.391700029373169 13.536800384521484
1835 9.423399925231934 -2.565200090408325 13.51140022277832
1836 9.772000312805176 -2.2081000804901123 13.567500114440918
1837 10.065899848937988 -1.8142000436782837 13.637900352478027
1838 9.926199913024902 -2.0153000354766846 13.601799964904785
1839 9.091699600219727 -2.751699924468994 14.509300231933594
1840 8.912500381469727 -2.890700101852417 14.436599731445312
1841 8.990900039672852 -2.881500005722046 13.98069953918457
1842 9.186100006103516 -2.735300064086914 14.013799667358398
1843 8.545900344848633 -3.1196999549865723 14.391300201416016
1844 8.733699798583984 -3.0120999813079834 14.382599830627441
1845 8.567700386047363 -3.139400005340576 14.01449966430664
1846 8.785799980163574 -3.0155999660491943 13.974100112915039
1847 8.805500030517578 -3.023099899291992 13.515299797058105
1848 8.571499824523926 -3.1570000648498535 13.575400352478027
1849 9.024900436401367 -2.8803000450134277 13.491000175476074
1850 9.230600357055664 -2.727799892425537 13.492899894714355
1851 5.698599815368652 -3.651700019836426 16.63089942932129
1852 5.717199802398682 -3.509700059890747 17.052400588989258
1853 5.271900177001953 -3.552999973297119 17.072500228881836
1854 5.2677998542785645 -3.697499990463257 16.64590072631836
1855 5.769999980926514 -3.171099901199341 17.79840087890625
1856 5.741600036621094 -3.3492000102996826 17.441200256347656
1857 5.293000221252441 -3.20989990234375 17.829999923706055
1858 5.280600070953369 -3.3903000354766846 17.466899871826172
1859 4.340000152587891 -3.266900062561035 17.747299194335938
1860 4.357500076293945 -3.4514000415802 17.381999969482422
1861 4.817800045013428 -3.4238998889923096 17.445199966430664
1862 4.814700126647949 -3.241499900817871 17.810699462890625
1863 4.377500057220459 -3.618499994277954 16.98590087890625
1864 4.823999881744385 -3.588900089263916 17.048500061035156
1865 4.833899974822998 -3.73580002784729 16.61989974975586
1866 4.400199890136719 -3.7678000926971436 16.5580997467041
1867 5.801000118255615 -2.9760000705718994 18.125
1868 5.832799911499023 -2.764699935913086 18.422100067138672
1869 5.32420015335083 -2.799099922180176 18.46579933166504
1870 5.3078999519348145 -3.0125999450683594 18.162700653076172
1871 5.892600059509277 -2.296600103378296 18.931400299072266
1872 5.863900184631348 -2.5380001068115234 18.690500259399414
1873 5.356500148773193 -2.325900077819824 18.987300872802734
1874 5.340700149536133 -2.569999933242798 18.740400314331055
1875 4.2941999435424805 -2.367300033569336 18.919200897216797
1876 4.30210018157959 -2.615499973297119 18.667800903320312
1877 4.817999839782715 -2.5954999923706055 18.730100631713867
1878 4.821499824523926 -2.349299907684326 18.980300903320312
1879 4.312399864196777 -2.8485000133514404 18.389299392700195
1880 4.815400123596191 -2.82669997215271 18.452299118041992
1881 4.8140997886657715 -3.0422000885009766 18.14620018005371
1882 4.324900150299072 -3.0657999515533447 18.082799911499023
1883 2.3952999114990234 -2.4038000106811523 18.306400299072266
1884 2.4321000576019287 -2.6579999923706055 18.064800262451172
1885 2.8580000400543213 -2.651099920272827 18.25200080871582
1886 2.8252999782562256 -2.398400068283081 18.497499465942383
1887 2.4751999378204346 -2.897700071334839 17.798500061035156
1888 2.8965001106262207 -2.8889999389648438 17.981300354003906
1889 3.347100019454956 -2.8785998821258545 18.14590072631836
1890 3.3157999515533447 -2.642400026321411 18.420499801635742
1891 3.2894999980926514 -2.3910999298095703 18.669200897216797
1892 2.574899911880493 -3.3310999870300293 17.18709945678711
1893 2.986299991607666 -3.3183000087738037 17.359699249267578
1894 2.93969988822937 -3.111599922180176 17.68429946899414
1895 2.5232999324798584 -3.1222000122070312 17.50629997253418
1896 3.420799970626831 -3.3041999340057373 17.515100479125977
1897 3.3822999000549316 -3.099400043487549 17.844499588012695
1898 3.845900058746338 -3.0845000743865967 17.979799270629883
1899 3.873699903488159 -3.2874999046325684 17.646499633789062
1900 3.821000099182129 -2.8654000759124756 18.284500122070312
1901 3.7813000679016113 -2.38100004196167 18.812599182128906
1902 3.799299955368042 -2.6308000087738037 18.561800003051758
1903 2.628700017929077 -3.5237998962402344 16.839500427246094
1904 3.0352001190185547 -3.5088000297546387 17.00629997253418
1905 2.683300018310547 -3.6998000144958496 16.462499618530273
1906 3.0852999687194824 -3.6826000213623047 16.62310028076172
1907 3.504199981689453 -3.664099931716919 16.76759910583496
1908 3.461699962615967 -3.4925999641418457 17.1564998626709
1909 3.1354000568389893 -3.8389999866485596 16.20870018005371
1910 2.737299919128418 -3.858599901199341 16.05470085144043
1911 3.547499895095825 -3.81820011138916 16.347400665283203
1912 3.9702999591827393 -3.7948999404907227 16.465499877929688
1913 3.936300039291382 -3.6431000232696533 16.890399932861328
1914 3.9040000438690186 -3.47379994392395 17.28380012512207
1915 6.474599838256836 -3.7476000785827637 15.548999786376953
1916 6.457799911499023 -3.8257999420166016 15.045499801635742
1917 6.823699951171875 -3.745300054550171 14.929300308227539
1918 6.849599838256836 -3.6698999404907227 15.421099662780762
1919 6.428599834442139 -3.930500030517578 13.974900245666504
1920 6.4440999031066895 -3.886399984359741 14.518500328063965
1921 6.778500080108643 -3.844899892807007 13.876099586486816
1922 6.801799774169922 -3.8032000064849854 14.41189956665039
1923 7.434800148010254 -3.6503000259399414 13.616700172424316
1924 7.468100070953369 -3.614799976348877 14.131799697875977
1925 7.144000053405762 -3.712399959564209 14.280599594116211
1926 7.1143999099731445 -3.7513999938964844 13.754199981689453
1927 7.499199867248535 -3.564199924468994 14.622400283813477
1928 7.172100067138672 -3.6577999591827393 14.785799980163574
1929 7.204899787902832 -3.585700035095215 15.262800216674805
1930 7.535900115966797 -3.4965999126434326 15.081000328063965
1931 6.406599998474121 -3.959700107574463 13.421600341796875
1932 6.373300075531006 -3.9751999378204346 12.865400314331055
1933 6.706099987030029 -3.885999917984009 12.777600288391113
1934 6.748300075531006 -3.8721001148223877 13.329000473022461
1935 6.253200054168701 -3.970599889755249 11.772500038146973
1936 6.323800086975098 -3.9783999919891357 12.313400268554688
1937 6.565100193023682 -3.879699945449829 11.690899848937988
1938 6.646699905395508 -3.8880999088287354 12.22920036315918
1939 7.147500038146973 -3.6737000942230225 11.463700294494629
1940 7.252600193023682 -3.683300018310547 11.999500274658203
1941 6.956299781799316 -3.7897000312805176 12.122300148010254
1942 6.863100051879883 -3.7806999683380127 11.585700035095215
1943 7.332099914550781 -3.6833999156951904 12.542400360107422
1944 7.0258002281188965 -3.7887001037597656 12.66759967803955
1945 7.076700210571289 -3.776400089263916 13.214099884033203
1946 7.39109992980957 -3.672800064086914 13.084199905395508
1947 8.062299728393555 -3.315500020980835 11.605400085449219
1948 7.922699928283691 -3.3043999671936035 11.063799858093262
1949 8.169099807739258 -3.3189001083374023 12.14840030670166
1950 7.903900146484375 -3.448499917984009 12.275400161743164
1951 7.805500030517578 -3.446199893951416 11.734199523925781
1952 7.677000045776367 -3.435499906539917 11.195899963378906
1953 8.296099662780762 -3.302500009536743 13.196599960327148
1954 8.246100425720215 -3.3145999908447266 12.682299613952637
1955 8.025199890136719 -3.426100015640259 13.327199935913086
1956 7.975800037384033 -3.441999912261963 12.809700012207031
1957 7.690800189971924 -3.561300039291382 12.946499824523926
1958 7.7382001876831055 -3.5420000553131104 13.470800399780273
1959 7.624800205230713 -3.569999933242798 12.409199714660645
1960 7.418700218200684 -3.5585999488830566 11.331500053405762
1961 7.535699844360352 -3.568700075149536 11.867899894714355
1962 8.321999549865723 -3.282599925994873 13.680999755859375
1963 8.333399772644043 -3.2544000148773193 14.122099876403809
1964 8.07919979095459 -3.362499952316284 14.273799896240234
1965 8.055800437927246 -3.400399923324585 13.81820011138916
1966 8.339900016784668 -3.2172000408172607 14.506799697875977
1967 8.106800079345703 -3.3101999759674072 14.685199737548828
1968 7.837699890136719 -3.4040000438690186 14.882499694824219
1969 7.801400184631348 -3.4658000469207764 14.446100234985352
1970 7.771599769592285 -3.510999917984009 13.973099708557129
1971 6.903299808502197 -0.012400000356137753 5.4959001541137695
1972 7.425300121307373 -0.013000000268220901 6.0802001953125
1973 7.418000221252441 -0.22280000150203705 6.086400032043457
1974 6.896399974822998 -0.21789999306201935 5.502600193023682
1975 7.9191999435424805 -0.013799999840557575 6.665999889373779
1976 7.911499977111816 -0.2273000031709671 6.671599864959717
1977 7.889400005340576 -0.44029998779296875 6.688000202178955
1978 7.396999835968018 -0.4318999946117401 6.104499816894531
1979 6.8765997886657715 -0.42289999127388 5.52209997177124
1980 8.810400009155273 -0.015399999916553497 7.85290002822876
1981 8.802000045776367 -0.2354000061750412 7.857100009918213
1982 8.373900413513184 -0.23160000145435333 7.260900020599365
1983 8.381999969482422 -0.014600000344216824 7.255899906158447
1984 8.777700424194336 -0.45489999651908875 7.86959981918335
1985 8.350700378417969 -0.4480000138282776 7.275400161743164
1986 8.684900283813477 -0.8889999985694885 7.918399810791016
1987 8.262100219726562 -0.8759999871253967 7.331600189208984
1988 8.31309986114502 -0.663100004196167 7.299099922180176
1989 8.73840045928955 -0.6729999780654907 7.890100002288818
1990 7.805500030517578 -0.8615000247955322 6.750999927520752
1991 7.853700160980225 -0.6520000100135803 6.714600086212158
1992 6.8028998374938965 -0.8282999992370605 5.597499847412109
1993 6.845099925994873 -0.6265000104904175 5.553899765014648
1994 7.363399982452393 -0.6398000121116638 6.133800029754639
1995 7.3180999755859375 -0.8454999923706055 6.173900127410889
1996 9.201199531555176 -0.016100000590085983 8.459600448608398
1997 9.192500114440918 -0.2387000024318695 8.46310043334961
1998 9.551199913024902 -0.016699999570846558 9.078900337219238
1999 9.5423002243042 -0.24150000512599945 9.081500053405762
2000 9.516300201416016 -0.4659999907016754 9.089500427246094
2001 9.1673002243042 -0.4609000086784363 8.473400115966797
2002 10.116499900817871 -0.01720000058412552 10.366399765014648
2003 10.107199668884277 -0.24539999663829803 10.36709976196289
2004 9.848299980163574 -0.24379999935626984 9.715299606323242
2005 9.857399940490723 -0.017100000753998756 9.713500022888184
2006 10.080100059509277 -0.4733000099658966 10.36989974975586
2007 9.821700096130371 -0.4700999855995178 9.72070026397705
2008 9.975099563598633 -0.9240999817848206 10.382800102233887
2009 9.718799591064453 -0.9179999828338623 9.743599891662598
2010 9.778200149536133 -0.6952000260353088 9.729999542236328
2011 10.035900115966797 -0.6998000144958496 10.374899864196777
2012 9.416199684143066 -0.910099983215332 9.121600151062012
2013 9.474100112915039 -0.6891999840736389 9.102800369262695
2014 9.126399993896484 -0.6816999912261963 8.490400314331055
2015 9.070599555969238 -0.9003999829292297 8.514100074768066
2016 9.33430004119873 -1.7682000398635864 9.844099998474121
2017 9.451000213623047 -1.5636999607086182 9.81149959564209
2018 9.700300216674805 -1.5741000175476074 10.427599906921387
2019 9.044899940490723 -1.7527999877929688 9.252099990844727
2020 9.15719985961914 -1.5500999689102173 9.211000442504883
2021 9.256999969482422 -1.3415000438690186 9.175600051879883
2022 9.554400444030762 -1.3531999588012695 9.784099578857422
2023 9.806599617004395 -1.3622000217437744 10.408699989318848
2024 8.345999717712402 -1.712399959564209 8.102899551391602
2025 8.447699546813965 -1.5144000053405762 8.046600341796875
2026 8.821800231933594 -1.5335999727249146 8.623499870300293
2027 8.714500427246094 -1.7340999841690063 8.672499656677246
2028 8.538700103759766 -1.3105000257492065 7.996799945831299
2029 8.917499542236328 -1.3272000551223755 8.58080005645752
2030 9.000699996948242 -1.1158000230789185 8.54419994354248
2031 8.618000030517578 -1.1017999649047852 7.953999996185303
2032 9.343600273132324 -1.1279000043869019 9.14579963684082
2033 9.89840030670166 -1.145300030708313 10.394000053405762
2034 9.643899917602539 -1.1376999616622925 9.761500358581543
2035 7.942200183868408 -1.687999963760376 7.541100025177002
2036 8.037799835205078 -1.4925999641418457 7.47760009765625
2037 7.50600004196167 -1.6611000299453735 6.9847002029418945
2038 7.59499979019165 -1.4686000347137451 6.914100170135498
2039 7.67519998550415 -1.2705999612808228 6.851200103759766
2040 8.123600006103516 -1.291599988937378 7.421199798583984
2041 6.622300148010254 -1.4144999980926514 5.793399810791016
2042 7.122200012207031 -1.4424999952316284 6.353499889373779
2043 7.040200233459473 -1.632099986076355 6.431300163269043
2044 6.690400123596191 -1.2229000329971313 5.717800140380859
2045 7.196499824523926 -1.2475999593734741 6.284299850463867
2046 7.2621002197265625 -1.0484000444412231 6.224299907684326
2047 6.750999927520752 -1.0273000001907349 5.652299880981445
2048 7.745699882507324 -1.0678999423980713 6.7967000007629395
2049 8.198699951171875 -1.085800051689148 7.372399806976318
2050 2.356800079345703 -3.878200054168701 15.890399932861328
2051 2.40910005569458 -4.021299839019775 15.458200454711914
2052 2.3022000789642334 -3.717099905014038 16.291400909423828
2053 1.9393999576568604 -3.733799934387207 16.117599487304688
2054 1.9917000532150269 -3.8970999717712402 15.72350025177002
2055 2.041300058364868 -4.042200088500977 15.298800468444824
2056 2.1916000843048096 -3.343600034713745 17.003999710083008
2057 2.2465999126434326 -3.5387001037597656 16.662200927734375
2058 1.832900047302246 -3.3554999828338623 16.818599700927734
2059 1.8859000205993652 -3.552999973297119 16.4822998046875
2060 1.1750999689102173 -3.376199960708618 16.473600387573242
2061 1.216599941253662 -3.5785000324249268 16.1471004486084
2062 1.5435999631881714 -3.566499948501587 16.307899475097656
2063 1.4952000379562378 -3.366499900817871 16.638999938964844
2064 1.2581000328063965 -3.7636001110076904 15.793299674987793
2065 1.5922000408172607 -3.749500036239624 15.949000358581543
2066 1.3366999626159668 -4.078800201416016 15.001099586486816
2067 1.684499979019165 -4.061500072479248 15.144100189208984
2068 1.6396000385284424 -3.914799928665161 15.561300277709961
2069 1.2985999584197998 -3.9307000637054443 15.411499977111816
2070 2.1386001110076904 -3.1322999000549316 17.317899703979492
2071 2.0889999866485596 -2.905600070953369 17.605199813842773
2072 1.7335000038146973 -2.9126999378204346 17.40999984741211
2073 1.781599998474121 -3.1417999267578125 17.127500534057617
2074 2.0064001083374023 -2.4079999923706055 18.104299545288086
2075 2.0445001125335693 -2.6640000343322754 17.867000579833984
2076 1.6532000303268433 -2.4112000465393066 17.900299072265625
2077 1.6902999877929688 -2.6689000129699707 17.667299270629883
2078 1.0339000225067139 -2.41510009765625 17.5216007232666
2079 1.063099980354309 -2.676300048828125 17.296899795532227
2080 1.364799976348877 -2.673099994659424 17.47439956665039
2081 1.3308000564575195 -2.4135000705718994 17.703100204467773
2082 1.0972000360488892 -2.9242000579833984 17.047800064086914
2083 1.4043999910354614 -2.9189000129699707 17.221399307250977
2084 1.4483000040054321 -3.1503000259399414 16.943199157714844
2085 1.1348999738693237 -3.1577999591827393 16.77359962463379
2086 0.25380000472068787 -2.68149995803833 16.94339942932129
2087 0.24570000171661377 -2.4168999195098877 17.16010093688965
2088 0.26330000162124634 -2.9333999156951904 16.701900482177734
2089 0.531000018119812 -2.93149995803833 16.779600143432617
2090 0.5123999714851379 -2.680500030517578 17.0226993560791
2091 0.4964999854564667 -2.4166998863220215 17.241199493408203
2092 0.2849999964237213 -3.394700050354004 16.143299102783203
2093 0.27379998564720154 -3.171600103378296 16.435300827026367
2094 0.5734999775886536 -3.3905999660491943 16.217500686645508
2095 0.5515999794006348 -3.168600082397461 16.51129913330078
2096 0.8373000025749207 -3.1640000343322754 16.626800537109375
2097 0.8690000176429749 -3.384399890899658 16.330299377441406
2098 0.8075000047683716 -2.9284000396728516 16.8976993560791
2099 0.7574999928474426 -2.4161999225616455 17.364700317382812
2100 0.7806000113487244 -2.678800106048584 17.143400192260742
2101 0.29649999737739563 -3.6013998985290527 15.825499534606934
2102 0.30799999833106995 -3.7906999588012695 15.481800079345703
2103 0.6186000108718872 -3.7846999168395996 15.551899909973145
2104 0.5960999727249146 -3.596400022506714 15.897899627685547
2105 0.3296000063419342 -4.111700057983398 14.71500015258789
2106 0.3192000091075897 -3.961199998855591 15.111700057983398
2107 0.6610999703407288 -4.104499816894531 14.779399871826172
2108 0.640500009059906 -3.9544999599456787 15.179200172424316
2109 0.9663000106811523 -3.9440999031066895 15.281700134277344
2110 0.9962000250816345 -4.093299865722656 14.87720012664795
2111 0.9344000220298767 -3.7755000591278076 15.658300399780273
2112 0.9017000198364258 -3.588599920272827 16.007699966430664
2113 2.063999891281128 -2.8169000148773193 4.038599967956543
2114 2.049499988555908 -2.6598000526428223 3.6995999813079834
2115 2.082200050354004 -2.9709999561309814 4.396299839019775
2116 1.749899983406067 -2.960200071334839 4.218500137329102
2117 1.7293000221252441 -2.805299997329712 3.8529999256134033
2118 1.711899995803833 -2.64739990234375 3.5060999393463135
2119 2.1298000812530518 -3.2690000534057617 5.168000221252441
2120 2.104099988937378 -3.1219000816345215 4.772799968719482
2121 1.8008999824523926 -3.2600998878479004 5.00540018081665
2122 1.773800015449524 -3.1119000911712646 4.60260009765625
2123 1.1753000020980835 -3.2462000846862793 4.7631001472473145
2124 1.1520999670028687 -3.097100019454956 4.351500034332275
2125 1.457200050354004 -3.1036999225616455 4.462699890136719
2126 1.483299970626831 -3.252500057220459 4.870800018310547
2127 1.1309000253677368 -2.944700002670288 3.958199977874756
2128 1.4336999654769897 -2.9514999389648438 4.0731000900268555
2129 1.0952999591827393 -2.63070011138916 3.2265000343322754
2130 1.3949999809265137 -2.6377999782562256 3.3492000102996826
2131 1.4128999710083008 -2.796099901199341 3.701900005340576
2132 1.111899971961975 -2.789099931716919 3.5833001136779785
2133 2.1594998836517334 -3.4119999408721924 5.581999778747559
2134 2.1933999061584473 -3.55049991607666 6.014599800109863
2135 1.8645999431610107 -3.544300079345703 5.866799831390381
2136 1.8312000036239624 -3.4042999744415283 5.426799774169922
2137 2.273900032043457 -3.8124001026153564 6.935999870300293
2138 2.2314999103546143 -3.6840999126434326 6.466000080108643
2139 1.9407000541687012 -3.8101999759674072 6.802800178527832
2140 1.9011000394821167 -3.6796998977661133 6.325500011444092
2141 1.2851999998092651 -3.803999900817871 6.595699787139893
2142 1.2554999589920044 -3.670799970626831 6.109399795532227
2143 1.5759999752044678 -3.6751999855041504 6.206600189208984
2144 1.611299991607666 -3.807300090789795 6.689300060272217
2145 1.2272000312805176 -3.5332000255584717 5.642000198364258
2146 1.5428999662399292 -3.5385000705718994 5.742700099945068
2147 1.5118999481201172 -3.3975000381469727 5.297399997711182
2148 1.2003999948501587 -3.3915998935699463 5.193299770355225
2149 0.311599999666214 -3.661400079727173 5.947500228881836
2150 0.3197000026702881 -3.7960000038146973 6.437600135803223
2151 0.30379998683929443 -3.5230000019073486 5.476500034332275
2152 0.6087999939918518 -3.5251998901367188 5.509200096130371
2153 0.6241999864578247 -3.6635000705718994 5.979800224304199
2154 0.6399999856948853 -3.7980000972747803 6.469600200653076
2155 0.2890999913215637 -3.2355000972747803 4.59089994430542
2156 0.2962999939918518 -3.38100004196167 5.024400234222412
2157 0.5800999999046326 -3.237600088119507 4.624300003051758
2158 0.5940999984741211 -3.38319993019104 5.057400226593018
2159 0.8949000239372253 -3.3868000507354736 5.113500118255615
2160 0.8748000264167786 -3.2411999702453613 4.681300163269043
2161 0.9161999821662903 -3.528700113296509 5.564300060272217
2162 0.9616000056266785 -3.800800085067749 6.522299766540527
2163 0.9384999871253967 -3.666800022125244 6.03380012512207
2164 0.2822999954223633 -3.0866000652313232 4.175899982452393
2165 0.2759999930858612 -2.9344000816345215 3.7790000438690186
2166 0.5547000169754028 -2.936300039291382 3.812999963760376
2167 0.5669000148773193 -3.088599920272827 4.209499835968018
2168 0.2651999890804291 -2.6208999156951904 3.038599967956543
2169 0.2703000009059906 -2.7792000770568848 3.4000000953674316
2170 0.5339000225067139 -2.622499942779541 3.073699951171875
2171 0.5436999797821045 -2.780900001525879 3.434499979019165
2172 0.823199987411499 -2.7841999530792236 3.494800090789795
2173 0.8094000220298767 -2.625699996948242 3.135499954223633
2174 0.8388000130653381 -2.93969988822937 3.8722000122070312
2175 0.8561000227928162 -3.092099905014038 4.267600059509277
2176 2.607599973678589 -4.492300033569336 11.772100448608398
2177 2.5998001098632812 -4.480999946594238 11.204299926757812
2178 2.6043999195098877 -4.48360013961792 12.338299751281738
2179 2.2253000736236572 -4.506700038909912 12.229399681091309
2180 2.2293999195098877 -4.5142998695373535 11.668499946594238
2181 2.2237000465393066 -4.501200199127197 11.10420036315918
2182 2.5685999393463135 -4.406599998474121 13.449000358581543
2183 2.5910000801086426 -4.454899787902832 12.898799896240234
2184 2.1910998821258545 -4.430799961090088 13.324999809265137
2185 2.2123000621795654 -4.478799819946289 12.782899856567383
2186 1.4499000310897827 -4.469699859619141 13.097700119018555
2187 1.465999960899353 -4.516200065612793 12.572500228881836
2188 1.837499976158142 -4.499300003051758 12.672699928283691
2189 1.81850004196167 -4.451900005340576 13.206299781799316
2190 1.4764000177383423 -4.541900157928467 12.034099578857422
2191 1.8494999408721924 -4.526100158691406 12.126700401306152
2192 1.4776999950408936 -4.529900074005127 10.930399894714355
2193 1.8497999906539917 -4.517399787902832 11.01200008392334
2194 1.8538000583648682 -4.532199859619141 11.571999549865723
2195 1.4803999662399292 -4.546500205993652 11.485600471496582
2196 2.5381999015808105 -4.338799953460693 13.984399795532227
2197 2.5007998943328857 -4.2519001960754395 14.500699996948242
2198 2.1275999546051025 -4.275300025939941 14.35890007019043
2199 2.162600040435791 -4.362800121307373 13.851699829101562
2200 2.45740008354187 -4.145999908447266 14.993499755859375
2201 2.086899995803833 -4.168300151824951 14.842599868774414
2202 1.371399998664856 -4.206900119781494 14.561300277709961
2203 1.7253999710083008 -4.188799858093262 14.69629955291748
2204 1.4020999670028687 -4.314899921417236 14.09529972076416
2205 1.7618000507354736 -4.29640007019043 14.221699714660645
2206 1.7930999994277954 -4.384200096130371 13.723799705505371
2207 1.4285000562667847 -4.402500152587891 13.606300354003906
2208 0.3391000032424927 -4.241000175476074 14.291299819946289
2209 0.3474999964237213 -4.348999977111816 13.843199729919434
2210 0.6962000131607056 -4.341700077056885 13.899800300598145
2211 0.6797000169754028 -4.23360013961792 14.352100372314453
2212 0.3605000078678131 -4.501100063323975 12.883199691772461
2213 0.3546000123023987 -4.435699939727783 13.373000144958496
2214 0.7217000126838684 -4.494500160217285 12.931099891662598
2215 0.7103000283241272 -4.428699970245361 13.425299644470215
2216 1.0678999423980713 -4.417500019073486 13.505000114440918
2217 1.0845999717712402 -4.484000205993652 13.004300117492676
2218 1.0472999811172485 -4.330100059509277 13.985899925231934
2219 1.023300051689148 -4.2220001220703125 14.444299697875977
2220 0.36489999294281006 -4.545000076293945 12.376099586486816
2221 0.3677000105381012 -4.567599773406982 11.854299545288086
2222 0.7360000014305115 -4.5625 11.894100189208984
2223 0.730400025844574 -4.5391998291015625 12.4197998046875
2224 0.3684999942779541 -4.548399925231934 10.776200294494629
2225 0.36899998784065247 -4.568699836730957 11.320199966430664
2226 0.7373999953269958 -4.545000076293945 10.809700012207031
2227 0.7383999824523926 -4.564499855041504 11.356499671936035
2228 1.1088000535964966 -4.55709981918335 11.412699699401855
2229 1.1069999933242798 -4.539000034332275 10.862000465393066
2230 1.1053999662399292 -4.553999900817871 11.955300331115723
2231 1.0972000360488892 -4.5295000076293945 12.486700057983398
2232 2.5820999145507812 -0.01080000028014183 1.3798999786376953
2233 2.5785000324249268 -0.17960000038146973 1.389299988746643
2234 2.1545000076293945 -0.17669999599456787 1.0540000200271606
2235 2.157599925994873 -0.01080000028014183 1.0441999435424805
2236 2.569000005722046 -0.3483999967575073 1.4177000522613525
2237 2.146199941635132 -0.3425999879837036 1.083799958229065
2238 1.7640000581741333 -0.33799999952316284 0.8037999868392944
2239 1.7711000442504883 -0.17440000176429749 0.772599995136261
2240 1.773800015449524 -0.01080000028014183 0.7623000144958496
2241 2.5371999740600586 -0.6858000159263611 1.5328999757766724
2242 2.1189000606536865 -0.6747000217437744 1.204200029373169
2243 2.1338999271392822 -0.5085999965667725 1.1337000131607056
2244 2.554800033569336 -0.5170999765396118 1.465499997138977
2245 1.7410999536514282 -0.6658999919891357 0.9297000169754028
2246 1.7537000179290771 -0.501800000667572 0.8560000061988831
2247 1.0836999416351318 -0.6543999910354614 0.5300999879837036
2248 1.0917999744415283 -0.49300000071525574 0.45080000162124634
2249 1.4082000255584717 -0.4966999888420105 0.6294000148773193
2250 1.3978999853134155 -0.6592000126838684 0.7059999704360962
2251 1.0985000133514404 -0.3319999873638153 0.39419999718666077
2252 1.4168000221252441 -0.3345000147819519 0.5748999714851379
2253 1.1050000190734863 -0.01080000028014183 0.3490999937057495
2254 1.4249000549316406 -0.01080000028014183 0.531499981880188
2255 1.4226000308990479 -0.17260000109672546 0.5422999858856201
2256 1.1031999588012695 -0.1712999939918518 0.3603000044822693
2257 2.5172998905181885 -0.8543999791145325 1.6202000379562378
2258 2.1022000312805176 -0.8410000205039978 1.2956000566482544
2259 2.4964001178741455 -1.0228999853134155 1.7276999950408936
2260 2.0850000381469727 -1.0075000524520874 1.4079999923706055
2261 1.7132999897003174 -0.9952999949455261 1.1418999433517456
2262 1.7273000478744507 -0.8303999900817871 1.024899959564209
2263 2.053800106048584 -1.3413000106811523 1.6972999572753906
2264 2.06850004196167 -1.1742000579833984 1.5418000221252441
2265 2.4758999347686768 -1.1913000345230103 1.8558000326156616
2266 1.6892000436782837 -1.3269000053405762 1.4426000118255615
2267 1.7001999616622925 -1.1607999801635742 1.2811000347137451
2268 1.0529999732971191 -1.3079999685287476 1.0765999555587769
2269 1.058899998664856 -1.1431000232696533 0.9054999947547913
2270 1.3655999898910522 -1.1505000591278076 1.070099949836731
2271 1.3573999404907227 -1.3158999681472778 1.236899971961975
2272 1.066499948501587 -0.9793000221252441 0.7573999762535095
2273 1.3756999969482422 -0.9860000014305115 0.9261999726295471
2274 1.3868000507354736 -0.8223000168800354 0.8048999905586243
2275 1.0750000476837158 -0.8165000081062317 0.6323000192642212
2276 0.2506999969482422 -1.1334999799728394 0.6542999744415283
2277 0.24959999322891235 -1.297700047492981 0.833299994468689
2278 0.2524000108242035 -0.9706000089645386 0.4986000061035156
2279 0.5105000138282776 -0.9718999862670898 0.5468999743461609
2280 0.507099986076355 -1.1349999904632568 0.7009999752044678
2281 0.5045999884605408 -1.299299955368042 0.8784000277519226
2282 0.2565000057220459 -0.6481000185012817 0.25780001282691956
2283 0.25440001487731934 -0.8087999820709229 0.36629998683929443
2284 0.5187000036239624 -0.6491000056266785 0.3091000020503998
2285 0.5145000219345093 -0.8100000023841858 0.4162999987602234
2286 0.7860999703407288 -0.8125 0.5037999749183655
2287 0.7925000190734863 -0.6510999798774719 0.39879998564720154
2288 0.7799999713897705 -0.9746999740600586 0.632099986076355
2289 0.7706000208854675 -1.3026000261306763 0.958299994468689
2290 0.7746000289916992 -1.1380000114440918 0.7835999727249146
2291 0.25839999318122864 -0.48809999227523804 0.17299999296665192
2292 0.26010000705718994 -0.3287000060081482 0.11230000108480453
2293 0.5260000228881836 -0.32919999957084656 0.16580000519752502
2294 0.5227000117301941 -0.48890000581741333 0.225600004196167
2295 0.26170000433921814 -0.01080000028014183 0.06350000202655792
2296 0.2612999975681305 -0.1695999950170517 0.07569999992847443
2297 0.5292999744415283 -0.01080000028014183 0.11779999732971191
2298 0.5282999873161316 -0.16990000009536743 0.1298000067472458
2299 0.8070999979972839 -0.1703999936580658 0.22380000352859497
2300 0.8083999752998352 -0.01080000028014183 0.21209999918937683
2301 0.803600013256073 -0.3303000032901764 0.2587999999523163
2302 0.7985000014305115 -0.4903999865055084 0.3172000050544739
2303 0.3278999924659729 -3.926800012588501 6.947199821472168
2304 0.6561999917030334 -3.9284000396728516 6.978499889373779
2305 0.6722000241279602 -4.052599906921387 7.503600120544434
2306 0.335999995470047 -4.051499843597412 7.472899913787842
2307 1.316100001335144 -3.9326999187469482 7.100800037384033
2308 0.9854000210762024 -3.930500030517578 7.029900074005127
2309 1.347100019454956 -4.054800033569336 7.622099876403809
2310 1.0091999769210815 -4.053899765014648 7.553599834442139
2311 1.405400037765503 -4.270599842071533 8.701700210571289
2312 1.0533000230789185 -4.272799968719482 8.636899948120117
2313 1.032099962234497 -4.168700218200684 8.090299606323242
2314 1.3772000074386597 -4.168099880218506 8.156599998474121
2315 0.7019000053405762 -4.27370023727417 8.588899612426758
2316 0.6876000165939331 -4.168399810791016 8.041500091552734
2317 0.34369999170303345 -4.167900085449219 8.011300086975098
2318 0.3508000075817108 -4.273799896240234 8.559000015258789
2319 1.6484999656677246 -3.934499979019165 7.190700054168701
2320 1.983299970626831 -3.9354000091552734 7.298799991607666
2321 2.0271999835968018 -4.053400039672852 7.811200141906738
2322 1.6863000392913818 -4.054800033569336 7.7083001136779785
2323 2.6614999771118164 -3.9328999519348145 7.567800045013428
2324 2.3208000659942627 -3.934999942779541 7.424699783325195
2325 2.7151999473571777 -4.044600009918213 8.064299583435059
2326 2.3701000213623047 -4.05019998550415 7.930200099945068
2327 2.824199914932251 -4.237800121307373 9.101900100708008
2328 2.4674999713897705 -4.250699996948242 8.983400344848633
2329 2.4196999073028564 -4.156000137329102 8.450400352478027
2330 2.7702999114990234 -4.1468000411987305 8.576199531555176
2331 2.112299919128418 -4.2600998878479 8.876299858093262
2332 2.0708000659942627 -4.162300109863281 8.337800025939941
2333 1.7233999967575073 -4.166200160980225 8.239500045776367
2334 1.7583999633789062 -4.266600131988525 8.781900405883789
2335 2.579699993133545 -4.449399948120117 10.639699935913086
2336 2.9539999961853027 -4.427000045776367 10.74530029296875
2337 2.2074999809265137 -4.467299938201904 10.540599822998047
2338 2.1823999881744385 -4.414599895477295 9.979900360107422
2339 2.5495998859405518 -4.399199962615967 10.079999923706055
2340 2.918600082397461 -4.3796000480651855 10.188199996948242
2341 1.4678000211715698 -4.4918999671936035 10.371500015258789
2342 1.836899995803833 -4.481400012969971 10.450499534606934
2343 1.451799988746643 -4.434599876403809 9.81190013885498
2344 1.816499948501587 -4.426199913024902 9.889900207519531
2345 1.7898000478744507 -4.353899955749512 9.332900047302246
2346 1.4306000471115112 -4.360099792480469 9.254400253295898
2347 2.150099992752075 -4.344799995422363 9.424400329589844
2348 2.874500036239624 -4.315999984741211 9.639800071716309
2349 2.5114998817443848 -4.332399845123291 9.527199745178223
2350 1.0999000072479248 -4.499300003051758 10.306099891662598
2351 0.7328000068664551 -4.504000186920166 10.25629997253418
2352 0.7249000072479248 -4.443699836730957 9.699600219726562
2353 1.0880000591278076 -4.440199851989746 9.74779987335205
2354 0.3662000000476837 -4.506499767303467 10.224699974060059
2355 0.36239999532699585 -4.445300102233887 9.669099807739258
2356 0.3571000099182129 -4.367000102996826 9.112799644470215
2357 0.7145000100135803 -4.366099834442139 9.1427001953125
2358 1.0721999406814575 -4.363999843597412 9.190400123596191
2359 3.0058999061584473 -3.9286000728607178 7.727499961853027
2360 3.348900079727173 -3.921600103378296 7.89769983291626
2361 3.4089999198913574 -4.024199962615967 8.369000434875488
2362 3.062999963760376 -4.036099910736084 8.212699890136719
2363 4.010900020599365 -3.8968000411987305 8.245200157165527
2364 3.6856000423431396 -3.911099910736084 8.07229995727539
2365 4.078199863433838 -3.9870998859405518 8.679900169372559
2366 3.7488999366760254 -4.007999897003174 8.526900291442871
2367 4.236999988555908 -4.139599800109863 9.613499641418457
2368 3.8919999599456787 -4.172500133514404 9.492799758911133
2369 3.819200038909912 -4.0954999923706055 9.000699996948242
2370 4.155600070953369 -4.068299770355225 9.136300086975098
2371 3.5394999980926514 -4.199399948120117 9.36299991607666
2372 3.47379994392395 -4.117199897766113 8.857799530029297
2373 3.1229000091552734 -4.134099960327148 8.714200019836426
2374 3.1826000213623047 -4.220900058746338 9.230600357055664
2375 4.319799900054932 -3.8777999877929688 8.410200119018555
2376 4.6041998863220215 -3.854099988937378 8.5556001663208
2377 4.6875 -3.9274001121520996 8.939599990844727
2378 4.392600059509277 -3.960599899291992 8.821700096130371
2379 5.06820011138916 -3.78410005569458 8.71399974822998
2380 4.855800151824951 -3.8250999450683594 8.66919994354248
2381 5.201000213623047 -3.8333001136779785 9.047200202941895
2382 4.9583001136779785 -3.8859000205993652 9.021100044250488
2383 5.483500003814697 -3.93149995803833 9.856599807739258
2384 5.197400093078613 -3.9971001148223877 9.849100112915039
2385 5.0756001472473145 -3.944000005722046 9.416899681091309
2386 5.342199802398682 -3.8835999965667725 9.431699752807617
2387 4.892499923706055 -4.052999973297119 9.800299644470215
2388 4.786900043487549 -3.99399995803833 9.355500221252441
2389 4.4791998863220215 -4.034900188446045 9.258299827575684
2390 4.571400165557861 -4.100100040435791 9.718899726867676
2391 5.512800216674805 -4.109600067138672 11.30679988861084
2392 5.842599868774414 -4.035600185394287 11.29740047454834
2393 5.16949987411499 -4.1753997802734375 11.283100128173828
2394 5.0883002281188965 -4.144700050354004 10.766400337219238
2395 5.420400142669678 -4.080999851226807 10.796699523925781
2396 5.737800121307373 -4.008699893951416 10.792200088500977
2397 4.451700210571289 -4.2846999168396 11.15779972076416
2398 4.815100193023682 -4.23360013961792 11.23169994354248
2399 4.3892998695373535 -4.248899936676025 10.625699996948242
2400 4.743800163269043 -4.200500011444092 10.70740032196045
2401 4.661099910736084 -4.155700206756592 10.20259952545166
2402 4.316299915313721 -4.200200080871582 10.110400199890137
2403 4.9944000244140625 -4.103600025177002 10.271400451660156
2404 5.616799831390381 -3.973599910736084 10.310999870300293
2405 5.313799858093262 -4.043099880218506 10.309900283813477
2406 4.081699848175049 -4.329100131988525 11.066900253295898
2407 3.707200050354004 -4.367400169372559 10.964300155639648
2408 3.6596999168395996 -4.325799942016602 10.417499542236328
2409 4.027100086212158 -4.290500164031982 10.527099609375
2410 3.3306000232696533 -4.399799823760986 10.855299949645996
2411 3.289400100708008 -4.355299949645996 10.302599906921387
2412 3.239000082015991 -4.295199871063232 9.760600090026855
2413 3.60260009765625 -4.269400119781494 9.883299827575684
2414 3.962599992752075 -4.2378997802734375 10.001999855041504
2415 5.234600067138672 -3.7244999408721924 8.653200149536133
2416 5.376699924468994 -3.648099899291992 8.523200035095215
2417 5.598700046539307 -3.6863999366760254 8.89579963684082
2418 5.411300182342529 -3.7664999961853027 8.999199867248535
2419 5.652500152587891 -3.4535999298095703 8.177200317382812
2420 5.515699863433838 -3.557300090789795 8.36050033569336
2421 5.93720006942749 -3.4904000759124756 8.592100143432617
2422 5.772600173950195 -3.594099998474121 8.755800247192383
2423 6.439000129699707 -3.5659000873565674 9.478799819946289
2424 6.2230000495910645 -3.671999931335449 9.616100311279297
2425 6.007999897003174 -3.6333000659942627 9.174599647521973
2426 6.199399948120117 -3.5285000801086426 9.026100158691406
2427 5.993599891662598 -3.7685000896453857 9.730899810791016
2428 5.804200172424316 -3.7276999950408936 9.299300193786621
2429 5.583700180053711 -3.811300039291382 9.388699531555176
2430 5.748000144958496 -3.8552000522613525 9.81410026550293
2431 5.787399768829346 -3.3387999534606934 7.985400199890137
2432 5.920300006866455 -3.214400053024292 7.790999889373779
2433 6.251200199127197 -3.2523000240325928 8.237700462341309
2434 6.096700191497803 -3.375999927520752 8.417200088500977
2435 6.177800178527832 -2.9426000118255615 7.417900085449219
2436 6.05049991607666 -3.0817999839782715 7.599800109863281
2437 6.54580020904541 -2.981800079345703 7.890399932861328
2438 6.400899887084961 -3.120500087738037 8.059900283813477
2439 7.204500198364258 -3.0573999881744385 8.865599632263184
2440 7.026100158691406 -3.1958999633789062 9.014699935913086
2441 6.7266998291015625 -3.1589999198913574 8.531599998474121
2442 6.888700008392334 -3.0204999446868896 8.372900009155273
2443 6.839600086212158 -3.3273000717163086 9.171199798583984
2444 6.55810022354126 -3.2904000282287598 8.697799682617188
2445 6.382599830627441 -3.4138998985290527 8.864899635314941
2446 6.644199848175049 -3.4507999420166016 9.328200340270996
2447 7.747399806976318 -3.2857000827789307 10.534000396728516
2448 7.968900203704834 -3.1468000411987305 10.406499862670898
2449 7.514400005340576 -3.4168999195098877 10.67039966583252
2450 7.319399833679199 -3.391900062561035 10.157600402832031
2451 7.538300037384033 -3.2606000900268555 10.015899658203125
2452 7.746600151062012 -3.1217000484466553 9.882200241088867
2453 7.01170015335083 -3.6558001041412354 10.942899703979492
2454 7.2692999839782715 -3.540299892425537 10.808899879455566
2455 6.8470001220703125 -3.6308999061584473 10.437999725341797
2456 7.089300155639648 -3.515399932861328 10.300600051879883
2457 6.880300045013428 -3.485100030899048 9.806900024414062
2458 6.6554999351501465 -3.6005001068115234 9.949700355529785
2459 7.093900203704834 -3.3615000247955322 9.657899856567383
2460 7.491099834442139 -3.091599941253662 9.368599891662598
2461 7.2972002029418945 -3.2302000522613525 9.509499549865723
2462 6.740799903869629 -3.7630999088287354 11.065500259399414
2463 6.455999851226807 -3.862299919128418 11.169899940490723
2464 6.322500228881836 -3.837100028991699 10.668299674987793
2465 6.591700077056885 -3.738300085067749 10.562899589538574
2466 6.156799793243408 -3.953200101852417 11.249500274658203
2467 6.0381999015808105 -3.927299976348877 10.747099876403809
2468 5.900700092315674 -3.8942999839782715 10.267800331115723
2469 6.167300224304199 -3.8053998947143555 10.187899589538574
2470 6.418399810791016 -3.70740008354187 10.079299926757812
2471 6.098100185394287 -1.3848999738693237 5.231200218200684
2472 5.558499813079834 -1.3543000221252441 4.674300193786621
2473 5.613699913024902 -1.1693999767303467 4.585400104522705
2474 6.159900188446045 -1.1965999603271484 5.14900016784668
2475 4.466800212860107 -1.2932000160217285 3.605799913406372
2476 5.0117998123168945 -1.3235000371932983 4.130099773406982
2477 4.509300231933594 -1.1146999597549438 3.5034000873565674
2478 5.0605998039245605 -1.1418999433517456 4.03439998626709
2479 4.583799839019775 -0.7515000104904175 3.344899892807007
2480 5.144599914550781 -0.7709000110626221 3.8852999210357666
2481 5.105299949645996 -0.9574999809265137 3.952699899673462
2482 4.548699855804443 -0.9340000152587891 3.4163999557495117
2483 5.707300186157227 -0.7904999852180481 4.445799827575684
2484 5.663700103759766 -0.9812999963760376 4.509099960327148
2485 6.215199947357178 -1.004699945449829 5.078100204467773
2486 6.263000011444092 -0.8097000122070312 5.019000053405762
2487 3.9321000576019287 -1.26419997215271 3.1089000701904297
2488 3.416300058364868 -1.2369999885559082 2.646699905395508
2489 3.446899890899658 -1.0641000270843506 2.531100034713745
2490 3.9684998989105225 -1.0886000394821167 2.999799966812134
2491 2.927999973297119 -1.212499976158142 2.226599931716919
2492 2.9532999992370605 -1.0420000553131104 2.104599952697754
2493 3.0016000270843506 -0.6995000243186951 1.9185999631881714
2494 2.978300094604492 -0.8709999918937683 2.002000093460083
2495 3.503499984741211 -0.715399980545044 2.3541998863220215
2496 3.4763998985290527 -0.8902000188827515 2.4335999488830566
2497 4.002799987792969 -0.9114000201225281 2.9075000286102295
2498 4.033899784088135 -0.7329000234603882 2.8320999145507812
2499 3.053100109100342 -0.01080000028014183 1.7723000049591064
2500 3.049099922180176 -0.18320000171661377 1.7812999486923218
2501 3.561800003051758 -0.01080000028014183 2.214099884033203
2502 3.557300090789795 -0.1873999983072281 2.2228000164031982
2503 3.5452001094818115 -0.3637999892234802 2.2488999366760254
2504 3.038300037384033 -0.3555000126361847 1.808500051498413
2505 4.656099796295166 -0.010999999940395355 3.216900110244751
2506 4.6508002281188965 -0.19699999690055847 3.2249999046325684
2507 4.094200134277344 -0.19200000166893005 2.706399917602539
2508 4.098999977111816 -0.010900000110268593 2.6981000900268555
2509 4.636099815368652 -0.38269999623298645 3.2490999698638916
2510 4.0808000564575195 -0.37290000915527344 2.7314999103546143
2511 4.060299873352051 -0.5533000230789185 2.773400068283081
2512 4.613399982452393 -0.5676000118255615 3.289099931716919
2513 3.526900053024292 -0.5397999882698059 2.2927000522613525
2514 3.0220999717712402 -0.5275999903678894 1.854200005531311
2515 5.223899841308594 -0.01119999960064888 3.7632999420166016
2516 5.218200206756592 -0.2021999955177307 3.7711000442504883
2517 5.793700218200684 -0.011500000022351742 4.3302001953125
2518 5.787600040435791 -0.20749999582767487 4.337600231170654
2519 5.770400047302246 -0.40299999713897705 4.359600067138672
2520 5.202300071716309 -0.3928000032901764 3.7941999435424805
2521 6.349899768829346 -0.21279999613761902 4.917200088500977
2522 6.356500148773193 -0.011900000274181366 4.910099983215332
2523 6.331399917602539 -0.413100004196167 4.938000202178955
2524 6.30210018157959 -0.6122999787330627 4.972099781036377
2525 5.743199825286865 -0.5975000262260437 4.3958001136779785
2526 5.177299976348877 -0.5824999809265137 3.8322999477386475
2527 6.988699913024902 -1.9692000150680542 18.79210090637207
2528 6.459000110626221 -2.008699893951416 19.010299682617188
2529 7.499599933624268 -1.9247000217437744 18.49850082397461
2530 7.548999786376953 -1.6713999509811401 18.65839958190918
2531 7.02839994430542 -1.7105000019073486 18.96299934387207
2532 6.489200115203857 -1.7452000379562378 19.190399169921875
2533 8.438599586486816 -1.8284000158309937 17.714799880981445
2534 7.985199928283691 -1.8770999908447266 18.136999130249023
2535 8.506799697875977 -1.5866999626159668 17.848800659179688
2536 8.044099807739258 -1.6295000314712524 18.284400939941406
2537 8.609399795532227 -1.0799000263214111 18.06049919128418
2538 8.132200241088867 -1.1095000505447388 18.515899658203125
2539 8.093000411987305 -1.3732000589370728 18.410900115966797
2540 8.563599586486816 -1.3367999792099 17.96430015563965
2541 7.622300148010254 -1.1384999752044678 18.908000946044922
2542 7.589799880981445 -1.4088000059127808 18.79509925842285
2543 6.5335001945495605 -1.1895999908447266 19.470600128173828
2544 6.513899803161621 -1.47160005569458 19.3439998626709
2545 7.061100006103516 -1.4421000480651855 19.108699798583984
2546 7.086999893188477 -1.1655999422073364 19.229000091552734
2547 8.853300094604492 -1.780500054359436 17.23940086364746
2548 9.222700119018555 -1.7353999614715576 16.71809959411621
2549 9.307600021362305 -1.5048999786376953 16.823299407958984
2550 8.93019962310791 -1.544600009918213 17.35919952392578
2551 9.798399925231934 -1.6612000465393066 15.567700386047363
2552 9.539899826049805 -1.6950000524520874 16.15850067138672
2553 9.896499633789062 -1.4394999742507935 15.643500328063965
2554 9.6318998336792 -1.4693000316619873 16.24880027770996
2555 10.047599792480469 -0.9778000116348267 15.76930046081543
2556 9.773099899291992 -0.9984999895095825 16.396400451660156
2557 9.709699630737305 -1.236799955368042 16.328500747680664
2558 9.979599952697754 -1.211300015449524 15.711099624633789
2559 9.437100410461426 -1.0232000350952148 16.992700576782227
2560 9.378999710083008 -1.2670999765396118 16.91510009765625
2561 8.994600296020508 -1.3008999824523926 17.46299934387207
2562 9.046799659729004 -1.0506999492645264 17.550100326538086
2563 10.168899536132812 -0.012400000356137753 15.882499694824219
2564 9.88539981842041 -0.011900000274181366 16.52630043029785
2565 9.878399848937988 -0.2612999975681305 16.51740074157715
2566 10.161299705505371 -0.2563000023365021 15.874600410461426
2567 9.53909969329834 -0.011500000022351742 17.138900756835938
2568 9.53279972076416 -0.26739999651908875 17.129100799560547
2569 9.513799667358398 -0.5220999717712402 17.10070037841797
2570 9.857399940490723 -0.5095999836921692 16.492000579833984
2571 10.13860034942627 -0.4991999864578247 15.852299690246582
2572 8.688400268554688 -0.010999999940395355 18.237499237060547
2573 8.683600425720215 -0.2816999852657318 18.22599983215332
2574 9.131999969482422 -0.2743000090122223 17.7012996673584
2575 9.13759994506836 -0.01119999960064888 17.711999893188477
2576 8.669099807739258 -0.5509999990463257 18.192100524902344
2577 9.11520004272461 -0.5360999703407288 17.67020034790039
2578 9.086899757385254 -0.7954000234603882 17.61949920654297
2579 8.644499778747559 -0.8174999952316284 18.136699676513672
2580 9.482000350952148 -0.7745000123977661 17.054899215698242
2581 10.100700378417969 -0.7401000261306763 15.816800117492676
2582 9.82229995727539 -0.7558000087738037 16.4512996673584
2583 8.19909954071045 -0.010900000110268593 18.707199096679688
2584 8.195099830627441 -0.2892000079154968 18.694900512695312
2585 7.677199840545654 -0.01080000028014183 19.11280059814453
2586 7.673999786376953 -0.29660001397132874 19.099700927734375
2587 7.664100170135498 -0.5807999968528748 19.06089973449707
2588 8.182900428771973 -0.566100001335144 18.65839958190918
2589 6.566100120544434 -0.01080000028014183 19.698999404907227
2590 6.564199924468994 -0.30970001220703125 19.68440055847168
2591 7.127900123596191 -0.303600013256073 19.432300567626953
2592 7.13040018081665 -0.01080000028014183 19.44610023498535
2593 6.5584001541137695 -0.6068999767303467 19.641300201416016
2594 7.120100021362305 -0.5946999788284302 19.391199111938477
2595 7.106599807739258 -0.8824999928474426 19.323299407958984
2596 6.5482001304626465 -0.9007999897003174 19.569900512695312
2597 7.646999835968018 -0.8619999885559082 18.99679946899414
2598 8.161999702453613 -0.8399999737739563 18.598600387573242
2599 9.991399765014648 -1.6360000371932983 14.953300476074219
2600 10.121299743652344 -1.617900013923645 14.32040023803711
2601 10.227800369262695 -1.4011000394821167 14.36870002746582
2602 10.094300270080566 -1.417199969291687 15.015000343322754
2603 10.200599670410156 -1.5968999862670898 13.0201997756958
2604 10.190299987792969 -1.6053999662399292 13.674300193786621
2605 10.310799598693848 -1.3824000358581543 13.043299674987793
2606 10.299200057983398 -1.3899999856948853 13.709699630737305
2607 10.483200073242188 -0.9380000233650208 13.086899757385254
2608 10.468899726867676 -0.9433000087738037 13.772899627685547
2609 10.39210033416748 -1.1689000129699707 13.743000030517578
2610 10.405200004577637 -1.1624000072479248 13.065899848937988
2611 10.393099784851074 -0.9510999917984009 14.452199935913086
2612 10.318400382995605 -1.1785000562667847 14.413000106811523
2613 10.181699752807617 -1.1922999620437622 15.070799827575684
2614 10.253499984741211 -0.9623000025749207 15.119400024414062
2615 10.154500007629395 -1.590999960899353 12.363200187683105
2616 10.054300308227539 -1.586300015449524 11.708600044250488
2617 10.164299964904785 -1.3729000091552734 11.70930004119873
2618 10.26509952545166 -1.3770999908447266 12.374799728393555
2619 9.902099609375 -1.5812000036239624 11.061699867248535
2620 10.010700225830078 -1.368399977684021 11.052200317382812
2621 10.182100296020508 -0.9283000230789185 11.042099952697754
2622 10.10420036315918 -1.1504000425338745 11.045900344848633
2623 10.337400436401367 -0.9314000010490417 11.716099739074707
2624 10.25879955291748 -1.1542999744415283 11.7121000289917
2625 10.359999656677246 -1.1578999757766724 12.387200355529785
2626 10.438599586486816 -0.9344000220298767 12.399499893188477
2627 10.325300216674805 -0.017100000753998756 11.040200233459473
2628 10.315999984741211 -0.24639999866485596 11.039899826049805
2629 10.481300354003906 -0.016699999570846558 11.729499816894531
2630 10.472000122070312 -0.24690000712871552 11.72819995880127
2631 10.444499969482422 -0.47679999470710754 11.725000381469727
2632 10.288599967956543 -0.47530001401901245 11.039799690246582
2633 10.625 -0.015399999916553497 13.132499694824219
2634 10.615900039672852 -0.24779999256134033 13.128999710083008
2635 10.572799682617188 -0.24729999899864197 12.426300048828125
2636 10.582099914550781 -0.016100000590085983 12.42870044708252
2637 10.58899974822998 -0.4797999858856201 13.119500160217285
2638 10.545499801635742 -0.4781000018119812 12.420000076293945
2639 10.50059986114502 -0.7074000239372253 12.410799980163574
2640 10.544599533081055 -0.710099995136261 13.10509967803955
2641 10.399499893188477 -0.705299973487854 11.72070026397705
2642 10.243800163269043 -0.7028999924659729 11.040300369262695
2643 10.60770034790039 -0.014600000344216824 13.83530044555664
2644 10.598799705505371 -0.24869999289512634 13.830599784851074
2645 10.527600288391113 -0.013799999840557575 14.531499862670898
2646 10.519100189208984 -0.25029999017715454 14.525799751281738
2647 10.493599891662598 -0.4860000014305115 14.50979995727539
2648 10.572500228881836 -0.4821999967098236 13.817899703979492
2649 10.374099731445312 -0.25270000100135803 15.208900451660156
2650 10.382200241088867 -0.013000000268220901 15.215800285339355
2651 10.349800109863281 -0.49149999022483826 15.18970012664795
2652 10.309599876403809 -0.7283999919891357 15.159500122070312
2653 10.451600074768066 -0.7199000120162964 14.484800338745117
2654 10.52910041809082 -0.7141000032424927 13.798199653625488
2655 2.7994000911712646 -2.1314001083374023 18.719100952148438
2656 2.366300106048584 -2.135499954223633 18.524499893188477
2657 3.2688000202178955 -2.1252999305725098 18.893199920654297
2658 3.2530999183654785 -1.8468999862670898 19.091299057006836
2659 2.7797000408172607 -1.8517999649047852 18.915300369262695
2660 2.3440001010894775 -1.8547999858856201 18.717899322509766
2661 4.28849983215332 -2.1047000885009766 19.144500732421875
2662 3.7674999237060547 -2.1166999340057373 19.038000106811523
2663 4.2846999168396 -1.829200029373169 19.34280014038086
2664 3.7571001052856445 -1.8395999670028687 19.236799240112305
2665 4.281400203704834 -1.2474000453948975 19.654600143432617
2666 3.7451000213623047 -1.2542999982833862 19.550600051879883
2667 3.7499001026153564 -1.5514999628067017 19.408000946044922
2668 4.28249979019165 -1.5428999662399292 19.513099670410156
2669 3.2339999675750732 -1.2590999603271484 19.40489959716797
2670 3.2416999340057373 -1.5575000047683716 19.262300491333008
2671 2.3162999153137207 -1.2635999917984009 19.025100708007812
2672 2.3276000022888184 -1.563599944114685 18.88520050048828
2673 2.7653000354766846 -1.561400055885315 19.084999084472656
2674 2.7553000450134277 -1.2619999647140503 19.226699829101562
2675 4.825099945068359 -2.088599920272827 19.203899383544922
2676 5.370299816131592 -2.067699909210205 19.207300186157227
2677 5.382299900054932 -1.7970000505447388 19.399999618530273
2678 4.828800201416016 -1.8151999711990356 19.40019989013672
2679 5.917200088500977 -2.041300058364868 19.14579963684082
2680 5.9380998611450195 -1.773800015449524 19.333099365234375
2681 5.968900203704834 -1.2093000411987305 19.624900817871094
2682 5.9552001953125 -1.49590003490448 19.493000030517578
2683 5.4004998207092285 -1.2252999544143677 19.7007999420166
2684 5.392300128936768 -1.5155999660491943 19.564699172973633
2685 4.832300186157227 -1.5311000347137451 19.56839942932129
2686 4.835599899291992 -1.2378000020980835 19.707700729370117
2687 5.9918999671936035 -0.01080000028014183 19.863100051879883
2688 5.990499973297119 -0.3147999942302704 19.847900390625
2689 5.414999961853027 -0.01080000028014183 19.947500228881836
2690 5.414100170135498 -0.3188999891281128 19.931699752807617
2691 5.411399841308594 -0.6251999735832214 19.884899139404297
2692 5.986400127410889 -0.6169999837875366 19.802799224853516
2693 4.282199859619141 -0.01080000028014183 19.91320037841797
2694 4.281899929046631 -0.3244999945163727 19.896400451660156
2695 4.842100143432617 -0.3221000134944916 19.944900512695312
2696 4.842700004577637 -0.01080000028014183 19.961200714111328
2697 4.281499862670898 -0.6363999843597412 19.84709930419922
2698 4.840700149536133 -0.631600022315979 19.896699905395508
2699 4.838500022888184 -0.9373999834060669 19.817399978637695
2700 4.281199932098389 -0.944599986076355 19.766199111938477
2701 5.406899929046631 -0.9279000163078308 19.80780029296875
2702 5.9791998863220215 -0.9157999753952026 19.728300094604492
2703 3.740799903869629 -0.01080000028014183 19.812400817871094
2704 3.7407000064849854 -0.3262999951839447 19.795400619506836
2705 3.225600004196167 -0.01080000028014183 19.667999267578125
2706 3.2256999015808105 -0.32739999890327454 19.650800704956055
2707 3.2267000675201416 -0.6421999931335449 19.600400924682617
2708 3.7411000728607178 -0.6399000287055969 19.745399475097656
2709 2.303100109100342 -0.01080000028014183 19.284000396728516
2710 2.303299903869629 -0.32839998602867126 19.267000198364258
2711 2.7441999912261963 -0.3280999958515167 19.47170066833496
2712 2.74399995803833 -0.01080000028014183 19.48889923095703
2713 2.305000066757202 -0.6442999839782715 19.217300415039062
2714 2.7455999851226807 -0.6435999870300293 19.42140007019043
2715 2.749000072479248 -0.9555000066757202 19.33930015563965
2716 2.3090999126434326 -0.95660001039505 19.136199951171875
2717 3.2291998863220215 -0.9534000158309937 19.51810073852539
2718 3.7423999309539795 -0.9498000144958496 19.663400650024414
2719 6.951399803161621 -1.8157999515533447 6.517199993133545
2720 7.40910005569458 -1.8473999500274658 7.062600135803223
2721 7.304900169372559 -2.0274999141693115 7.148799896240234
2722 6.856400012969971 -1.9937000274658203 6.611999988555908
2723 8.234299659729004 -1.9038000106811523 8.165599822998047
2724 7.837699890136719 -1.8768999576568604 7.611400127410889
2725 8.113100051879883 -2.0885000228881836 8.235699653625488
2726 7.724699974060059 -2.0592000484466553 7.6894001960754395
2727 7.843400001525879 -2.4379000663757324 8.401800155639648
2728 7.4745001792907715 -2.4047999382019043 7.872499942779541
2729 7.603499889373779 -2.2351999282836914 7.776100158691406
2730 7.982699871063232 -2.2664999961853027 8.314000129699707
2731 7.0756001472473145 -2.36929988861084 7.349599838256836
2732 7.193600177764893 -2.2014000415802 7.244200229644775
2733 6.7555999755859375 -2.1656999588012695 6.716599941253662
2734 6.6493000984191895 -2.3320999145507812 6.831999778747559
2735 8.59630012512207 -1.9278000593185425 8.727399826049805
2736 8.920900344848633 -1.9486000537872314 9.298800468444824
2737 8.785400390625 -2.137399911880493 9.352399826049805
2738 8.467599868774414 -2.1147000789642334 8.789400100708008
2739 9.2052001953125 -1.9657000303268433 9.882100105285645
2740 9.063799858093262 -2.1561999320983887 9.9266996383667
2741 8.74489974975586 -2.515700101852417 10.041000366210938
2742 8.910300254821777 -2.3394999504089355 9.97920036315918
2743 8.481100082397461 -2.49399995803833 9.484800338745117
2744 8.638699531555176 -2.319200038909912 9.413999557495117
2745 8.328700065612793 -2.2946999073028564 8.85949993133545
2746 8.179800033569336 -2.4677999019622803 8.938799858093262
2747 8.179699897766113 -3.000200033187866 10.2947998046875
2748 7.945400238037109 -2.975600004196167 9.763400077819824
2749 8.134200096130371 -2.8222999572753906 9.658300399780273
2750 8.379400253295898 -2.846100091934204 10.197500228881836
2751 7.375800132751465 -2.912400007247925 8.73069953918457
2752 7.676700115203857 -2.946000099182129 9.24209976196289
2753 7.539599895477295 -2.7607998847961426 8.609100341796875
2754 7.853499889373779 -2.7934999465942383 9.128999710083008
2755 8.021300315856934 -2.6340999603271484 9.028300285339355
2756 7.6956000328063965 -2.60260009765625 8.499799728393555
2757 8.312899589538574 -2.6617000102996826 9.565799713134766
2758 8.567899703979492 -2.6846001148223877 10.11340045928955
2759 7.044899940490723 -2.8757998943328857 8.228599548339844
2760 6.686200141906738 -2.837399959564209 7.735499858856201
2761 6.821499824523926 -2.6872000694274902 7.594399929046631
2762 7.194900035858154 -2.7249999046325684 8.097800254821777
2763 6.301799774169922 -2.7980000972747803 7.250999927520752
2764 6.421999931335449 -2.648200035095215 7.098299980163574
2765 6.537899971008301 -2.4928998947143555 6.958899974822998
2766 6.951499938964844 -2.5311999320983887 7.466100215911865
2767 7.338200092315674 -2.568000078201294 7.979400157928467
2768 0.23919999599456787 -2.1410000324249268 17.35219955444336
2769 0.4837999939918518 -2.1412999629974365 17.43549919128418
2770 0.4740999937057495 -1.8558000326156616 17.604999542236328
2771 0.23420000076293945 -1.8551000356674194 17.51959991455078
2772 1.010699987411499 -2.1415998935699463 17.722700119018555
2773 0.7391999959945679 -2.1415998935699463 17.562000274658203
2774 0.992900013923645 -1.857300043106079 17.89940071105957
2775 0.7250999808311462 -1.856600046157837 17.734800338745117
2776 0.9704999923706055 -1.2624000310897827 18.176700592041016
2777 0.7074000239372253 -1.261199951171875 18.004600524902344
2778 0.7146999835968018 -1.562600016593933 17.88249969482422
2779 0.9797999858856201 -1.5636999607086182 18.051000595092773
2780 0.4618000090122223 -1.26010000705719 17.86870002746582
2781 0.4668999910354614 -1.5615999698638916 17.74959945678711
2782 0.2305999994277954 -1.5607999563217163 17.66200065612793
2783 0.2280000001192093 -1.2592999935150146 17.77910041809082
2784 1.3037999868392944 -2.141200065612793 17.90850067138672
2785 1.623900055885315 -2.140199899673462 18.11009979248047
2786 1.6013000011444092 -1.8575999736785889 18.29560089111328
2787 1.2831000089645386 -1.857699990272522 18.089500427246094
2788 1.976199984550476 -2.1382999420166016 18.318500518798828
2789 1.9530999660491943 -1.8566999435424805 18.50819969177246
2790 1.9242000579833984 -1.26419997215271 18.809200286865234
2791 1.9359999895095825 -1.5647000074386597 18.672199249267578
2792 1.573099970817566 -1.2640999555587769 18.589099884033203
2793 1.5846999883651733 -1.565000057220459 18.45560073852539
2794 1.267799973487854 -1.5645999908447266 18.24530029296875
2795 1.257200002670288 -1.2633999586105347 18.374900817871094
2796 1.9101999998092651 -0.01080000028014183 19.0625
2797 1.9105000495910645 -0.32850000262260437 19.045799255371094
2798 1.5592999458312988 -0.01080000028014183 18.834999084472656
2799 1.5595999956130981 -0.32829999923706055 18.819000244140625
2800 1.561400055885315 -0.64410001039505 18.771900177001953
2801 1.9122999906539917 -0.6444000005722046 18.997299194335938
2802 0.9595999717712402 -0.01080000028014183 18.405899047851562
2803 0.9598000049591064 -0.32760000228881836 18.39109992980957
2804 1.2446999549865723 -0.328000009059906 18.59709930419922
2805 1.2444000244140625 -0.01080000028014183 18.612600326538086
2806 0.9613000154495239 -0.642799973487854 18.34749984741211
2807 1.246399998664856 -0.6434999704360962 18.551700592041016
2808 1.2503000497817993 -0.9559000134468079 18.4773006439209
2809 0.9646000266075134 -0.9549000263214111 18.275800704956055
2810 1.565600037574768 -0.95660001039505 18.694900512695312
2811 1.916599988937378 -0.9569000005722046 18.91790008544922
2812 0.6987000107765198 -0.01080000028014183 18.225900650024414
2813 0.6988999843597412 -0.32710000872612 18.21179962158203
2814 0.45579999685287476 -0.01080000028014183 18.08340072631836
2815 0.45590001344680786 -0.32679998874664307 18.069799423217773
2816 0.45669999718666077 -0.6413000226020813 18.029199600219727
2817 0.699999988079071 -0.6420000195503235 18.1697998046875
2818 0.22499999403953552 -0.3264999985694885 17.97599983215332
2819 0.2249000072479248 -0.01080000028014183 17.989299774169922
2820 0.22540000081062317 -0.6406999826431274 17.93630027770996
2821 0.22630000114440918 -0.9520999789237976 17.8705997467041
2822 0.4586000144481659 -0.9528999924659729 17.961999893188477
2823 0.7027000188827515 -0.9538000226020813 18.100500106811523
2824 0.249099999666214 -1.4635000228881836 1.0355000495910645
2825 0.5034999847412109 -1.4651000499725342 1.0789999961853027
2826 0.5037000179290771 -1.6318999528884888 1.3021999597549438
2827 0.2493000030517578 -1.6303000450134277 1.260200023651123
2828 1.0496000051498413 -1.4740999937057495 1.2710000276565552
2829 0.7684999704360962 -1.468500018119812 1.1562999486923218
2830 1.048699975013733 -1.6410000324249268 1.4878000020980835
2831 0.7684999704360962 -1.6353000402450562 1.3768999576568604
2832 1.0542000532150269 -1.975000023841858 1.9866000413894653
2833 0.7742000222206116 -1.969499945640564 1.8827999830245972
2834 0.7703999876976013 -1.8025000095367432 1.6193000078201294
2835 1.0501999855041504 -1.8080999851226807 1.7266000509262085
2836 0.5083000063896179 -1.9661999940872192 1.812999963760376
2837 0.505299985408783 -1.7991000413894653 1.5470999479293823
2838 0.2502000033855438 -1.7975000143051147 1.506500005722046
2839 0.251800000667572 -1.9645999670028687 1.773900032043457
2840 1.3519999980926514 -1.482300043106079 1.4265999794006348
2841 1.6811000108718872 -1.4937000274658203 1.6267000436782837
2842 1.6759999990463257 -1.6608999967575073 1.832900047302246
2843 1.3494999408721924 -1.6492999792099 1.638700008392334
2844 2.042099952697754 -1.5087000131607056 1.874899983406067
2845 2.0334999561309814 -1.6761000156402588 2.0739998817443848
2846 2.025700092315674 -2.009399890899658 2.535399913787842
2847 2.0280001163482666 -1.8430999517440796 2.294300079345703
2848 1.6751999855041504 -1.9945000410079956 2.309499979019165
2849 1.6741000413894653 -1.8279000520706177 2.0606000423431396
2850 1.3497999906539917 -1.8164000511169434 1.8725999593734741
2851 1.3530000448226929 -1.983199954032898 2.127700090408325
2852 2.0385000705718994 -2.5000998973846436 3.3794000148773193
2853 1.6979000568389893 -2.486999988555908 3.177799940109253
2854 1.6871000528335571 -2.324399948120117 2.8685998916625977
2855 2.030900001525879 -2.338200092315674 3.078399896621704
2856 1.0813000202178955 -2.469599962234497 2.8877999782562256
2857 1.3801000118255615 -2.476900100708008 3.0148000717163086
2858 1.069700002670288 -2.3062000274658203 2.5678999423980713
2859 1.3681000471115112 -2.3138999938964844 2.699399948120117
2860 1.3590999841690063 -2.149199962615967 2.4035000801086426
2861 1.0607000589370728 -2.141200065612793 2.267199993133545
2862 1.6796000003814697 -2.160099983215332 2.5789999961853027
2863 2.026599884033203 -2.174499988555908 2.7969000339508057
2864 0.7976999878883362 -2.4644999504089355 2.7939000129699707
2865 0.5253999829292297 -2.461400032043457 2.7304000854492188
2866 0.5184000134468079 -2.2978999614715576 2.405400037765503
2867 0.7878999710083008 -2.3010001182556152 2.470900058746338
2868 0.26080000400543213 -2.4598000049591064 2.694499969482422
2869 0.257099986076355 -2.296299934387207 2.3685998916625977
2870 0.2540999948978424 -2.1310999393463135 2.061500072479248
2871 0.5127000212669373 -2.132699966430664 2.099400043487549
2872 0.7799999713897705 -2.1359000205993652 2.1668999195098877
2873 -5.786799907684326 2.86899995803833 6.954999923706055
2874 -5.37470006942749 2.8366000652313232 6.501699924468994
2875 -5.464700222015381 2.690000057220459 6.305699825286865
2876 -5.893899917602539 2.7232000827789307 6.774499893188477
2877 -4.947700023651123 2.805000066757202 6.0619001388549805
2878 -5.020500183105469 2.657099962234497 5.849100112915039
2879 -5.0929999351501465 2.5053000450134277 5.652400016784668
2880 -5.553100109100342 2.5392000675201416 6.125
2881 -5.9984002113342285 2.5731000900268555 6.608699798583984
2882 -4.07289981842041 2.745800018310547 5.239099979400635
2883 -4.11359977722168 2.594399929046631 4.991000175476074
2884 -4.567999839782715 2.625 5.40939998626709
2885 -4.51170015335083 2.774600028991699 5.639699935913086
2886 -4.155600070953369 2.43969988822937 4.760300159454346
2887 -4.624899864196777 2.47189998626709 5.195700168609619
2888 -4.243000030517578 2.120800018310547 4.349800109863281
2889 -4.739099979400635 2.1549999713897705 4.81689977645874
2890 -4.68209981918335 2.3152999877929688 4.9984002113342285
2891 -4.19890022277832 2.2818000316619873 4.546599864959717
2892 -5.235300064086914 2.1898999214172363 5.304599761962891
2893 -5.16480016708374 2.349600076675415 5.471099853515625
2894 -6.19789981842041 2.258699893951416 6.31820011138916
2895 -6.099899768829346 2.418299913406372 6.456900119781494
2896 -5.639699935913086 2.384200096130371 5.959099769592285
2897 -5.724100112915039 2.2246999740600586 5.80709981918335
2898 -3.637399911880493 2.718899965286255 4.863999843597412
2899 -3.663599967956543 2.565500020980835 4.598499774932861
2900 -3.211199998855591 2.6942999362945557 4.518499851226807
2901 -3.2246999740600586 2.5390000343322754 4.236599922180176
2902 -3.2409000396728516 2.3810999393463135 3.973099946975708
2903 -3.691999912261963 2.4091999530792236 4.35099983215332
2904 -2.4112000465393066 2.653599977493286 3.932300090789795
2905 -2.405600070953369 2.494999885559082 3.6224000453948975
2906 -2.8032000064849854 2.515399932861328 3.9096999168395996
2907 -2.80049991607666 2.6723999977111816 4.206600189208984
2908 -2.4035000801086426 2.334199905395508 3.331700086593628
2909 -2.8090999126434326 2.355799913406372 3.631700038909912
2910 -2.4089999198913574 2.0067999362945557 2.8087000846862793
2911 -2.829900026321411 2.030400037765503 3.1328001022338867
2912 -2.818000078201294 2.1940999031066895 3.3726999759674072
2913 -2.404599905014038 2.171299934387207 3.0604000091552734
2914 -3.280900001525879 2.0576999187469482 3.501699924468994
2915 -3.259700059890747 2.220599889755249 3.7281999588012695
2916 -3.722399950027466 2.25 4.121399879455566
2917 -3.7544000148773193 2.088200092315674 3.90939998626709
2918 -2.4567999839782715 1.3380000591278076 2.004699945449829
2919 -2.903700113296509 1.360700011253357 2.368299961090088
2920 -2.881500005722046 1.5298000574111938 2.529900074005127
2921 -2.440500020980835 1.5061999559402466 2.174799919128418
2922 -3.3859000205993652 1.3869999647140503 2.7806999683380127
2923 -3.3568999767303467 1.5571999549865723 2.933300018310547
2924 -3.329699993133545 1.7259000539779663 3.104300022125244
2925 -2.861799955368042 1.6979999542236328 2.7112998962402344
2926 -2.427000045776367 1.6739000082015991 2.365600109100342
2927 -4.422599792480469 1.4464999437332153 3.723599910736084
2928 -4.377799987792969 1.6195000410079956 3.856600046157837
2929 -3.8584001064300537 1.587399959564209 3.3777999877929688
2930 -3.8949999809265137 1.4157999753952026 3.2348999977111816
2931 -4.332699775695801 1.7896000146865845 4.005000114440918
2932 -3.822700023651123 1.756700038909912 3.5378000736236572
2933 -3.787899971008301 1.923699975013733 3.714900016784668
2934 -4.287700176239014 1.9567999839782715 4.169300079345703
2935 -3.30430006980896 1.892799973487854 3.2936999797821045
2936 -2.4165000915527344 1.84089994430542 2.5769999027252197
2937 -2.8445000648498535 1.86489999294281 2.9123001098632812
2938 -4.960100173950195 1.4780999422073364 4.239500045776367
2939 -4.906599998474121 1.6527999639511108 4.362500190734863
2940 -5.499000072479248 1.5098999738693237 4.7754998207092285
2941 -5.436699867248535 1.6862000226974487 4.888500213623047
2942 -5.371699810028076 1.858299970626831 5.013999938964844
2943 -4.8516998291015625 1.823799967765808 4.4994001388549805
2944 -6.547599792480469 1.570099949836731 5.878600120544434
2945 -6.467400074005127 1.750100016593933 5.972899913787842
2946 -5.959700107574463 1.7188999652862549 5.427700042724609
2947 -6.031000137329102 1.5407999753952026 5.3242998123168945
2948 -6.3821001052856445 1.9248000383377075 6.077000141143799
2949 -5.884500026702881 1.892199993133545 5.542099952697754
2950 -5.805799961090088 2.060800075531006 5.668399810791016
2951 -6.292099952697754 2.0943000316619873 6.19189977645874
2952 -5.3043999671936035 2.026099920272827 5.152500152587891
2953 -4.79580020904541 1.9911999702453613 4.650700092315674
2954 -8.518699645996094 3.061000108718872 14.653200149536133
2955 -8.632699966430664 2.9860999584198 14.742500305175781
2956 -8.466300010681152 3.037600040435791 15.055700302124023
2957 -8.373600006103516 3.1214001178741455 14.822199821472168
2958 -8.783100128173828 2.8757998943328857 14.857099533081055
2959 -8.596099853515625 2.9272000789642334 15.240300178527832
2960 -8.357099533081055 2.993799924850464 15.590800285339355
2961 -8.243000030517578 3.109499931335449 15.340700149536133
2962 -8.155699729919434 3.202500104904175 15.043700218200684
2963 -9.10789966583252 2.5917000770568848 15.092100143432617
2964 -8.891200065612793 2.6419999599456787 15.563599586486816
2965 -8.740699768066406 2.794300079345703 15.409199714660645
2966 -8.944199562072754 2.743299961090088 14.975600242614746
2967 -8.62279987335205 2.702500104904175 16.000999450683594
2968 -8.486499786376953 2.8575000762939453 15.808699607849121
2969 -7.953000068664551 2.8406999111175537 16.760700225830078
2970 -7.84660005569458 3.0035998821258545 16.49850082397461
2971 -8.186699867248535 2.9286000728607178 16.172300338745117
2972 -8.308199882507324 2.7697999477386475 16.401100158691406
2973 -7.746699810028076 3.1487998962402344 16.204200744628906
2974 -8.072099685668945 3.069200038909912 15.9128999710083
2975 -7.586299896240234 3.3805999755859375 15.500300407409668
2976 -7.890900135040283 3.2904999256134033 15.274900436401367
2977 -7.97130012512207 3.1902999877929688 15.616100311279297
2978 -7.658199787139893 3.274899959564209 15.873100280761719
2979 -9.266200065612793 2.4242000579833984 15.200799942016602
2980 -9.038599967956543 2.4730000495910645 15.704400062561035
2981 -9.416799545288086 2.2425999641418457 15.30210018157959
2982 -9.180000305175781 2.2892000675201416 15.832900047302246
2983 -8.88860034942627 2.3436999320983887 16.330900192260742
2984 -8.75790023803711 2.530600070953369 16.174400329589844
2985 -9.68529987335205 1.8443000316619873 15.484999656677246
2986 -9.43340015411377 1.8847999572753906 16.058700561523438
2987 -9.3125 2.0924999713897705 15.950599670410156
2988 -9.557299613952637 2.0487000942230225 15.396699905395508
2989 -9.124099731445312 1.9318000078201294 16.600799560546875
2990 -9.011699676513672 2.1435000896453857 16.472400665283203
2991 -8.358799934387207 2.037600040435791 17.562999725341797
2992 -8.266900062561035 2.2583999633789062 17.39430046081543
2993 -8.66100025177002 2.1995999813079834 16.955799102783203
2994 -8.763699531555176 1.9833999872207642 17.10460090637207
2995 -8.166500091552734 2.4667000770568848 17.206100463867188
2996 -8.548700332641602 2.403700113296509 16.79050064086914
2997 -8.430000305175781 2.5943000316619873 16.606399536132812
2998 -8.060700416564941 2.66129994392395 16.99570083618164
2999 -6.423099994659424 2.238800048828125 18.804100036621094
3000 -6.381199836730957 2.4769999980926514 18.572099685668945
3001 -6.886499881744385 2.4291999340057373 18.37689971923828
3002 -6.941500186920166 2.1949000358581543 18.596599578857422
3003 -6.3354997634887695 2.7007999420166016 18.313100814819336
3004 -6.826300144195557 2.6496999263763428 18.13129997253418
3005 -7.299200057983398 2.592099905014038 17.882200241088867
3006 -7.3734002113342285 2.3754000663757324 18.1112003326416
3007 -7.441199779510498 2.145400047302246 18.31599998474121
3008 -6.240799903869629 3.102299928665161 17.709299087524414
3009 -6.700500011444092 3.0452001094818115 17.55579948425293
3010 -6.763500213623047 2.855299949645996 17.85810089111328
3011 -6.288000106811523 2.909600019454956 18.025999069213867
3012 -7.143099784851074 2.9809000492095947 17.34320068359375
3013 -7.221399784088135 2.7941999435424805 17.62689971923828
3014 -7.655799865722656 2.7286999225616455 17.337600708007812
3015 -7.562600135803223 2.911900043487549 17.076400756835938
3016 -7.747900009155273 2.5302999019622803 17.5718994140625
3017 -7.915800094604492 2.0922999382019043 17.969100952148438
3018 -7.835599899291992 2.317699909210205 17.781600952148438
3019 -6.196199893951416 3.2783000469207764 17.361900329589844
3020 -6.640100002288818 3.218400001525879 17.222700119018555
3021 -6.156099796295166 3.4367001056671143 16.98240089416504
3022 -6.584700107574463 3.374000072479248 16.857099533081055
3023 -6.996799945831299 3.303499937057495 16.681900024414062
3024 -7.067200183868408 3.1510000228881836 17.028900146484375
3025 -6.098400115966797 3.6974000930786133 16.122499465942383
3026 -6.4994001388549805 3.628700017929077 16.021900177001953
3027 -6.5370001792907715 3.5111000537872314 16.457399368286133
3028 -6.122799873352051 3.57669997215271 16.569700241088867
3029 -6.884799957275391 3.5517001152038574 15.88029956817627
3030 -6.934899806976318 3.4374001026153564 16.299800872802734
3031 -7.310699939727783 3.3580000400543213 16.10300064086914
3032 -7.249000072479248 3.468400001525879 15.704299926757812
3033 -7.386099815368652 3.2276999950408936 16.462400436401367
3034 -7.471399784088135 3.0785999298095703 16.78580093383789
3035 -2.801100015640259 2.8268001079559326 4.522200107574463
3036 -2.420300006866455 2.8096001148223877 4.260900020599365
3037 -3.200700044631958 2.8468000888824463 4.81879997253418
3038 -3.194200038909912 2.9958999156951904 5.137700080871582
3039 -2.8055999279022217 2.978100061416626 4.856500148773193
3040 -2.433199882507324 2.962599992752075 4.608399868011475
3041 -4.033999919891357 2.893899917602539 5.504899978637695
3042 -3.613600015640259 2.8691999912261963 5.147600173950195
3043 -3.998300075531006 3.037899971008301 5.787700176239014
3044 -3.5934998989105225 3.0157999992370605 5.449100017547607
3045 -3.943000078201294 3.311000108718872 6.401700019836426
3046 -3.5697999000549316 3.2960000038146973 6.105500221252441
3047 -3.5785000324249268 3.1582999229431152 5.768499851226807
3048 -3.9674999713897705 3.1772000789642334 6.086900234222412
3049 -3.197000026702881 3.282099962234497 5.831200122833252
3050 -3.1926000118255615 3.1410999298095703 5.475200176239014
3051 -2.4719998836517334 3.25819993019104 5.359799861907959
3052 -2.4502999782562256 3.1122000217437744 4.974699974060059
3053 -2.8148000240325928 3.1257998943328857 5.209700107574463
3054 -2.829400062561035 3.2695999145507812 5.5817999839782715
3055 -4.456299781799316 2.920599937438965 5.88730001449585
3056 -4.87470006942749 2.9489998817443848 6.291500091552734
3057 -4.803299903869629 3.0880000591278076 6.534900188446045
3058 -4.403299808502197 3.062000036239624 6.1504998207092285
3059 -5.677499771118164 3.010499954223633 7.151199817657471
3060 -5.283699989318848 2.979099988937378 6.713900089263916
3061 -5.566999912261963 3.1459999084472656 7.357800006866455
3062 -5.19290018081665 3.115999937057495 6.938199996948242
3063 -5.345600128173828 3.3924999237060547 7.782100200653076
3064 -5.017000198364258 3.367000102996826 7.407199859619141
3065 -5.103600025177002 3.2458999156951904 7.170599937438965
3066 -5.456099987030029 3.273900032043457 7.569799900054932
3067 -4.67080020904541 3.345599889755249 7.0524001121521
3068 -4.734799861907959 3.220599889755249 6.789400100708008
3069 -4.354499816894531 3.1979000568389893 6.427700042724609
3070 -4.311399936676025 3.327199935913086 6.717299938201904
3071 -4.968100070953369 3.726900100708008 8.478099822998047
3072 -4.79610013961792 3.740499973297119 8.364399909973145
3073 -4.807300090789795 3.664299964904785 8.109999656677246
3074 -5.038400173187256 3.6733999252319336 8.355299949645996
3075 -4.551400184631348 3.756200075149536 8.205100059509277
3076 -4.543399810791016 3.6665000915527344 7.889800071716309
3077 -4.567999839782715 3.56850004196167 7.598800182342529
3078 -4.862400054931641 3.5776000022888184 7.878900051116943
3079 -5.132900238037109 3.5947000980377197 8.183600425720215
3080 -3.95989990234375 3.7818000316619873 7.833199977874756
3081 -3.9312000274658203 3.674099922180176 7.445099830627441
3082 -4.248700141906738 3.6703999042510986 7.667399883270264
3083 -4.269100189208984 3.7702999114990234 8.025099754333496
3084 -3.9212000370025635 3.5596001148223877 7.07859992980957
3085 -4.252699851989746 3.5632998943328857 7.333000183105469
3086 -4.2754998207092285 3.4489998817443848 7.0177001953125
3087 -3.926300048828125 3.438499927520752 6.731599807739258
3088 -4.612800121307373 3.4616000652313232 7.320899963378906
3089 -5.236700057983398 3.5002999305725098 7.98960018157959
3090 -4.9344000816345215 3.478100061416626 7.644000053405762
3091 -3.6340999603271484 3.789799928665161 7.638000011444092
3092 -3.598900079727173 3.675600051879883 7.225200176239014
3093 -3.297100067138672 3.7946999073028564 7.445199966430664
3094 -3.2572999000549316 3.675100088119507 7.012599945068359
3095 -3.228100061416626 3.5495998859405518 6.599599838256836
3096 -3.577899932861328 3.5548999309539795 6.832900047302246
3097 -2.611599922180176 3.797499895095825 7.088600158691406
3098 -2.5680999755859375 3.670099973678589 6.6280999183654785
3099 -2.911900043487549 3.6731998920440674 6.8119001388549805
3100 -2.9544999599456787 3.797100067138672 7.2600998878479
3101 -2.5304999351501465 3.5374999046325684 6.186500072479248
3102 -2.87719988822937 3.5436999797821045 6.382800102233887
3103 -2.8499999046325684 3.4089999198913574 5.972799777984619
3104 -2.4986000061035156 3.400099992752075 5.763700008392334
3105 -3.208400011062622 3.4184000492095947 6.205900192260742
3106 -3.5689001083374023 3.428299903869629 6.45989990234375
3107 -2.978300094604492 4.458099842071533 11.309599876403809
3108 -3.3596999645233154 4.428699970245361 11.4173002243042
3109 -3.373800039291382 4.436800003051758 11.987199783325195
3110 -2.9888999462127686 4.467299938201904 11.879400253295898
3111 -3.74180006980896 4.394100189208984 11.522500038146973
3112 -3.759999990463257 4.401299953460693 12.090900421142578
3113 -3.763700008392334 4.389900207519531 12.663999557495117
3114 -3.374300003051758 4.4253997802734375 12.559700012207031
3115 -2.9872000217437744 4.456299781799316 12.449700355529785
3116 -4.4994001388549805 4.30620002746582 11.705599784851074
3117 -4.52810001373291 4.3125 12.267600059509277
3118 -4.145500183105469 4.360099792480469 12.18589973449707
3119 -4.122399806976318 4.353499889373779 11.62030029296875
3120 -4.540500164031982 4.3024001121521 12.837800025939941
3121 -4.15310001373291 4.3491997718811035 12.758199691772461
3122 -4.527400016784668 4.232100009918213 13.979100227355957
3123 -4.131499767303467 4.274700164794922 13.899399757385254
3124 -4.14769983291626 4.320799827575684 13.331199645996094
3125 -4.539400100708008 4.275700092315674 13.410400390625
3126 -3.7353999614715576 4.312099933624268 13.802399635314941
3127 -3.7548000812530518 4.360199928283691 13.236300468444824
3128 -2.9518001079559326 4.374599933624268 13.572999954223633
3129 -2.974400043487549 4.42519998550415 13.015899658203125
3130 -3.36299991607666 4.394700050354004 13.129799842834473
3131 -3.3415000438690186 4.345099925994873 13.69219970703125
3132 -4.870500087738037 4.251699924468994 11.773500442504883
3133 -4.905700206756592 4.257900238037109 12.331299781799316
3134 -5.23360013961792 4.1894001960754395 11.819199562072754
3135 -5.276199817657471 4.195700168609619 12.372300148010254
3136 -5.30079984664917 4.188000202178955 12.936200141906738
3137 -4.923799991607666 4.248899936676025 12.898599624633789
3138 -5.927199840545654 4.03849983215332 11.823599815368652
3139 -5.987400054931641 4.045599937438965 12.368000030517578
3140 -5.637499809265137 4.125100135803223 12.386099815368652
3141 -5.586599826812744 4.118500232696533 11.837499618530273
3142 -6.027699947357178 4.040900230407715 12.92389965057373
3143 -5.66949987411499 4.118800163269043 12.946100234985352
3144 -6.066199779510498 3.9911000728607178 14.04319953918457
3145 -5.692599773406982 4.063700199127197 14.073699951171875
3146 -5.686500072479248 4.098700046539307 13.5108003616333
3147 -6.052499771118164 4.023099899291992 13.484600067138672
3148 -5.310200214385986 4.127500057220459 14.07040023803711
3149 -5.3109002113342285 4.165500164031982 13.504300117492676
3150 -4.9278998374938965 4.2241997718811035 13.469499588012695
3151 -4.92110013961792 4.183300018310547 14.037500381469727
3152 -5.687399864196777 3.7558000087738037 16.17569923400879
3153 -5.685200214385986 3.8598999977111816 15.685799598693848
3154 -6.08489990234375 3.7980000972747803 15.63949966430664
3155 -5.269599914550781 3.805299997329712 16.186100006103516
3156 -5.278299808502197 3.912899971008301 15.692299842834473
3157 -5.290299892425537 4.0019001960754395 15.17080020904541
3158 -5.688000202178955 3.9453001022338867 15.167799949645996
3159 -6.078000068664551 3.879699945449829 15.127400398254395
3160 -4.425600051879883 3.8822999000549316 16.09760093688965
3161 -4.453700065612793 3.9965999126434326 15.603400230407715
3162 -4.8668999671936035 3.9581000804901123 15.663399696350098
3163 -4.8480000495910645 3.847100019454956 16.15850067138672
3164 -4.481900215148926 4.092800140380859 15.081700325012207
3165 -4.887400150299072 4.0507001876831055 15.140700340270996
3166 -4.906499862670898 4.1255998611450195 14.596699714660645
3167 -4.507299900054932 4.171199798583984 14.538200378417969
3168 -5.30210018157959 4.073200225830078 14.628000259399414
3169 -6.073200225830078 3.943700075149536 14.593099594116211
3170 -5.691800117492676 4.012899875640869 14.628199577331543
3171 -4.005499839782715 3.912400007247925 16.007999420166016
3172 -4.041500091552734 4.029799938201904 15.516900062561035
3173 -3.5906999111175537 3.938499927520752 15.894599914550781
3174 -3.6331000328063965 4.058800220489502 15.408300399780273
3175 -3.672600030899048 4.161300182342529 14.893799781799316
3176 -4.076099872589111 4.129300117492676 14.998000144958496
3177 -2.7894999980926514 3.9837000370025635 15.614999771118164
3178 -2.8382999897003174 4.10890007019043 15.14210033416748
3179 -3.231100082397461 4.084799766540527 15.281900405883789
3180 -3.1844000816345215 3.9618000984191895 15.76200008392334
3181 -2.8824000358581543 4.216100215911865 14.640999794006348
3182 -3.273900032043457 4.189799785614014 14.77340030670166
3183 -3.311199903488159 4.276700019836426 14.241800308227539
3184 -2.9207000732421875 4.304800033569336 14.116299629211426
3185 -3.70740008354187 4.245699882507324 14.35669994354248
3186 -4.106800079345703 4.210899829864502 14.456899642944336
3187 -8.156100273132324 3.089400053024292 10.941900253295898
3188 -8.3774995803833 2.9398000240325928 10.836899757385254
3189 -8.536700248718262 2.952500104904175 11.39009952545166
3190 -8.305999755859375 3.101900100708008 11.48840045928955
3191 -8.586899757385254 2.7843000888824463 10.747400283813477
3192 -8.754300117492676 2.7969000339508057 11.308699607849121
3193 -8.881699562072754 2.806299924850464 11.8725004196167
3194 -8.658100128173828 2.9611001014709473 11.944499969482422
3195 -8.420599937438965 3.109499931335449 12.035599708557129
3196 -8.968700408935547 2.4551000595092773 10.608799934387207
3197 -9.149800300598145 2.4670000076293945 11.189399719238281
3198 -8.958700180053711 2.6350998878479004 11.242400169372559
3199 -8.784000396728516 2.62280011177063 10.671899795532227
3200 -9.287099838256836 2.4769999980926514 11.776399612426758
3201 -9.091400146484375 2.6449999809265137 11.817299842834473
3202 -9.425200462341309 2.4972000122070312 12.943900108337402
3203 -9.227999687194824 2.661900043487549 12.950200080871582
3204 -9.181400299072266 2.6535000801086426 12.389100074768066
3205 -9.379300117492676 2.486599922180176 12.36340045928955
3206 -9.017000198364258 2.8183999061584473 12.97249984741211
3207 -8.969300270080566 2.813199996948242 12.430100440979004
3208 -8.551400184631348 3.109299898147583 13.089699745178223
3209 -8.501799583435059 3.111999988555908 12.57289981842041
3210 -8.742799758911133 2.96589994430542 12.490099906921387
3211 -8.791600227355957 2.967400074005127 13.017000198364258
3212 -9.140800476074219 2.281100034713745 10.556699752807617
3213 -9.327500343322754 2.2923998832702637 11.14799976348877
3214 -9.300100326538086 2.100600004196167 10.513999938964844
3215 -9.491700172424316 2.1112000942230225 11.116299629211426
3216 -9.63659954071045 2.1205999851226807 11.728099822998047
3217 -9.468899726867676 2.302299976348877 11.747400283813477
3218 -9.579999923706055 1.719499945640564 10.451000213623047
3219 -9.77910041809082 1.7282999753952026 11.074899673461914
3220 -9.64229965209961 1.923200011253357 11.092499732971191
3221 -9.446599960327148 1.9134999513626099 10.479299545288086
3222 -9.929400444030762 1.736299991607666 11.710800170898438
3223 -9.79010009765625 1.9320000410079956 11.71660041809082
3224 -10.074899673461914 1.7555999755859375 12.9975004196167
3225 -9.934100151062012 1.9528000354766846 12.976499557495117
3226 -9.888099670410156 1.9414000511169434 12.34630012512207
3227 -10.02869987487793 1.7450000047683716 12.353400230407715
3228 -9.778599739074707 2.142400026321411 12.959099769592285
3229 -9.73289966583252 2.130500078201294 12.344200134277344
3230 -9.563199996948242 2.312299966812134 12.349100112915039
3231 -9.60890007019043 2.3239998817443848 12.947500228881836
3232 -9.739800453186035 2.0143001079559326 14.817099571228027
3233 -9.873200416564941 1.8125 14.886899948120117
3234 -9.593099594116211 2.2063000202178955 14.744199752807617
3235 -9.710800170898438 2.1786000728607178 14.164299964904785
3236 -9.862099647521973 1.9878000020980835 14.217100143432617
3237 -9.99940013885498 1.7879999876022339 14.269499778747559
3238 -9.26710033416748 2.554800033569336 14.59000015258789
3239 -9.434900283813477 2.38700008392334 14.668399810791016
3240 -9.371500015258789 2.528599977493286 14.061599731445312
3241 -9.546799659729004 2.3592000007629395 14.112099647521973
3242 -9.604100227355957 2.338900089263916 13.536800384521484
3243 -9.423399925231934 2.5102999210357666 13.51140022277832
3244 -9.772000312805176 2.157900094985962 13.567500114440918
3245 -10.065899848937988 1.7695000171661377 13.637900352478027
3246 -9.926199913024902 1.9678000211715698 13.601799964904785
3247 -9.091699600219727 2.708199977874756 14.509300231933594
3248 -8.912500381469727 2.845900058746338 14.436599731445312
3249 -8.990900039672852 2.8304998874664307 13.98069953918457
3250 -9.186100006103516 2.685499906539917 14.013799667358398
3251 -8.545900344848633 3.074399948120117 14.391300201416016
3252 -8.733699798583984 2.966399908065796 14.382599830627441
3253 -8.567700386047363 3.089099884033203 14.01449966430664
3254 -8.785799980163574 2.964400053024292 13.974100112915039
3255 -8.805500030517578 2.9658000469207764 13.515299797058105
3256 -8.571499824523926 3.1012001037597656 13.575400352478027
3257 -9.024900436401367 2.8227999210357666 13.491000175476074
3258 -9.230600357055664 2.671299934387207 13.492899894714355
3259 -5.698599815368652 3.6321001052856445 16.63089942932129
3260 -5.717199802398682 3.489300012588501 17.052400588989258
3261 -5.271900177001953 3.533099889755249 17.072500228881836
3262 -5.2677998542785645 3.678499937057495 16.64590072631836
3263 -5.769999980926514 3.1498000621795654 17.79840087890625
3264 -5.741600036621094 3.3282999992370605 17.441200256347656
3265 -5.293000221252441 3.188800096511841 17.829999923706055
3266 -5.280600070953369 3.3696000576019287 17.466899871826172
3267 -4.340000152587891 3.2458999156951904 17.747299194335938
3268 -4.357500076293945 3.430999994277954 17.381999969482422
3269 -4.817800045013428 3.40339994430542 17.445199966430664
3270 -4.814700126647949 3.220400094985962 17.810699462890625
3271 -4.377500057220459 3.5989999771118164 16.98590087890625
3272 -4.823999881744385 3.569200038909912 17.048500061035156
3273 -4.833899974822998 3.7172999382019043 16.61989974975586
3274 -4.400199890136719 3.7495999336242676 16.5580997467041
3275 -5.801000118255615 2.9544999599456787 18.125
3276 -5.832799911499023 2.7430999279022217 18.422100067138672
3277 -5.32420015335083 2.7774999141693115 18.46579933166504
3278 -5.3078999519348145 2.9911999702453613 18.162700653076172
3279 -5.892600059509277 2.2750000953674316 18.931400299072266
3280 -5.863900184631348 2.5162999629974365 18.690500259399414
3281 -5.356500148773193 2.30430006980896 18.987300872802734
3282 -5.340700149536133 2.54830002784729 18.740400314331055
3283 -4.2941999435424805 2.3457000255584717 18.919200897216797
3284 -4.30210018157959 2.5938000679016113 18.667800903320312
3285 -4.817999839782715 2.573899984359741 18.730100631713867
3286 -4.821499824523926 2.3276000022888184 18.980300903320312
3287 -4.312399864196777 2.826900005340576 18.389299392700195
3288 -4.815400123596191 2.8050999641418457 18.452299118041992
3289 -4.8140997886657715 3.0208001136779785 18.14620018005371
3290 -4.324900150299072 3.0443999767303467 18.082799911499023
3291 -2.3952999114990234 2.382200002670288 18.306400299072266
3292 -2.4321000576019287 2.636399984359741 18.064800262451172
3293 -2.8580000400543213 2.629499912261963 18.25200080871582
3294 -2.8252999782562256 2.376800060272217 18.497499465942383
3295 -2.4751999378204346 2.8761000633239746 17.798500061035156
3296 -2.8965001106262207 2.867500066757202 17.981300354003906
3297 -3.347100019454956 2.8570001125335693 18.14590072631836
3298 -3.3157999515533447 2.620699882507324 18.420499801635742
3299 -3.2894999980926514 2.369499921798706 18.669200897216797
3300 -2.574899911880493 3.3101000785827637 17.18709945678711
3301 -2.986299991607666 3.2973999977111816 17.359699249267578
3302 -2.93969988822937 3.0901999473571777 17.68429946899414
3303 -2.5232999324798584 3.100800037384033 17.50629997253418
3304 -3.420799970626831 3.2832000255584717 17.515100479125977
3305 -3.3822999000549316 3.078000068664551 17.844499588012695
3306 -3.845900058746338 3.0631000995635986 17.979799270629883
3307 -3.873699903488159 3.2664999961853027 17.646499633789062
3308 -3.821000099182129 2.843899965286255 18.284500122070312
3309 -3.7813000679016113 2.3594000339508057 18.812599182128906
3310 -3.799299955368042 2.609100103378296 18.561800003051758
3311 -2.628700017929077 3.503499984741211 16.839500427246094
3312 -3.0352001190185547 3.488600015640259 17.00629997253418
3313 -2.683300018310547 3.680500030517578 16.462499618530273
3314 -3.0852999687194824 3.663300037384033 16.62310028076172
3315 -3.504199981689453 3.6447999477386475 16.76759910583496
3316 -3.461699962615967 3.4723000526428223 17.1564998626709
3317 -3.1354000568389893 3.821199893951416 16.20870018005371
3318 -2.737299919128418 3.8408000469207764 16.05470085144043
3319 -3.547499895095825 3.800299882888794 16.347400665283203
3320 -3.9702999591827393 3.776900053024292 16.465499877929688
3321 -3.936300039291382 3.623800039291382 16.890399932861328
3322 -3.9040000438690186 3.4535000324249268 17.28380012512207
3323 -6.474599838256836 3.7258999347686768 15.548999786376953
3324 -6.457799911499023 3.8041000366210938 15.045499801635742
3325 -6.823699951171875 3.7197000980377197 14.929300308227539
3326 -6.849599838256836 3.6452999114990234 15.421099662780762
3327 -6.428599834442139 3.9086999893188477 13.974900245666504
3328 -6.4440999031066895 3.8645999431610107 14.518500328063965
3329 -6.778500080108643 3.817199945449829 13.876099586486816
3330 -6.801799774169922 3.7764999866485596 14.41189956665039
3331 -7.434800148010254 3.6096999645233154 13.616700172424316
3332 -7.468100070953369 3.577199935913086 14.131799697875977
3333 -7.144000053405762 3.6803998947143555 14.280599594116211
3334 -7.1143999099731445 3.7172999382019043 13.754199981689453
3335 -7.499199867248535 3.529599905014038 14.622400283813477
3336 -7.172100067138672 3.6277999877929688 14.785799980163574
3337 -7.204899787902832 3.5576999187469482 15.262800216674805
3338 -7.535900115966797 3.4647998809814453 15.081000328063965
3339 -6.406599998474121 3.9377999305725098 13.421600341796875
3340 -6.373300075531006 3.9532999992370605 12.865400314331055
3341 -6.706099987030029 3.856600046157837 12.777600288391113
3342 -6.748300075531006 3.843400001525879 13.329000473022461
3343 -6.253200054168701 3.948699951171875 11.772500038146973
3344 -6.323800086975098 3.9565000534057617 12.313400268554688
3345 -6.565100193023682 3.849600076675415 11.690899848937988
3346 -6.646699905395508 3.8582000732421875 12.22920036315918
3347 -7.147500038146973 3.6257998943328857 11.463700294494629
3348 -7.252600193023682 3.635999917984009 11.999500274658203
3349 -6.956299781799316 3.751199960708618 12.122300148010254
3350 -6.863100051879883 3.74180006980896 11.585700035095215
3351 -7.332099914550781 3.6375999450683594 12.542400360107422
3352 -7.0258002281188965 3.751199960708618 12.66759967803955
3353 -7.076700210571289 3.740499973297119 13.214099884033203
3354 -7.39109992980957 3.6294000148773193 13.084199905395508
3355 -8.062299728393555 3.245500087738037 11.605400085449219
3356 -7.922699928283691 3.233299970626831 11.063799858093262
3357 -8.169099807739258 3.251800060272217 12.14840030670166
3358 -7.903900146484375 3.387500047683716 12.275400161743164
3359 -7.805500030517578 3.382699966430664 11.734199523925781
3360 -7.677000045776367 3.371000051498413 11.195899963378906
3361 -8.296099662780762 3.2446000576019287 13.196599960327148
3362 -8.246100425720215 3.251699924468994 12.682299613952637
3363 -8.025199890136719 3.373199939727783 13.327199935913086
3364 -7.975800037384033 3.384700059890747 12.809700012207031
3365 -7.690800189971924 3.510699987411499 12.946499824523926
3366 -7.7382001876831055 3.4948999881744385 13.470800399780273
3367 -7.624800205230713 3.5162999629974365 12.409199714660645
3368 -7.418700218200684 3.502000093460083 11.331500053405762
3369 -7.535699844360352 3.513000011444092 11.867899894714355
3370 -8.321999549865723 3.2298998832702637 13.680999755859375
3371 -8.333399772644043 3.206700086593628 14.122099876403809
3372 -8.07919979095459 3.318700075149536 14.273799896240234
3373 -8.055800437927246 3.3519999980926514 13.81820011138916
3374 -8.339900016784668 3.1742000579833984 14.506799697875977
3375 -8.106800079345703 3.2706000804901123 14.685199737548828
3376 -7.837699890136719 3.368299961090088 14.882499694824219
3377 -7.801400184631348 3.426500082015991 14.446100234985352
3378 -7.771599769592285 3.4677000045776367 13.973099708557129
3379 -7.418000221252441 0.1979999989271164 6.086400032043457
3380 -6.896399974822998 0.1940000057220459 5.502600193023682
3381 -7.911499977111816 0.2013999968767166 6.671599864959717
3382 -7.889400005340576 0.41290000081062317 6.688000202178955
3383 -7.396999835968018 0.4059999883174896 6.104499816894531
3384 -6.8765997886657715 0.39820000529289246 5.52209997177124
3385 -8.802000045776367 0.20720000565052032 7.857100009918213
3386 -8.373900413513184 0.2045000046491623 7.260900020599365
3387 -8.777700424194336 0.4244000017642975 7.86959981918335
3388 -8.350700378417969 0.4189999997615814 7.275400161743164
3389 -8.684900283813477 0.8529000282287598 7.918399810791016
3390 -8.262100219726562 0.8422999978065491 7.331600189208984
3391 -8.31309986114502 0.6319000124931335 7.299099922180176
3392 -8.73840045928955 0.6399000287055969 7.890100002288818
3393 -7.805500030517578 0.8303999900817871 6.750999927520752
3394 -7.853700160980225 0.6227999925613403 6.714600086212158
3395 -6.8028998374938965 0.8016999959945679 5.597499847412109
3396 -6.845099925994873 0.6010000109672546 5.553899765014648
3397 -7.363399982452393 0.612500011920929 6.133800029754639
3398 -7.3180999755859375 0.8167999982833862 6.173900127410889
3399 -9.192500114440918 0.2094999998807907 8.46310043334961
3400 -9.5423002243042 0.21150000393390656 9.081500053405762
3401 -9.516300201416016 0.43299999833106995 9.089500427246094
3402 -9.1673002243042 0.42899999022483826 8.473400115966797
3403 -10.107199668884277 0.21459999680519104 10.36709976196289
3404 -9.848299980163574 0.21320000290870667 9.715299606323242
3405 -10.080100059509277 0.4392000138759613 10.36989974975586
3406 -9.821700096130371 0.43639999628067017 9.72070026397705
3407 -9.975099563598633 0.8823000192642212 10.382800102233887
3408 -9.718799591064453 0.8766999840736389 9.743599891662598
3409 -9.778200149536133 0.657800018787384 9.729999542236328
3410 -10.035900115966797 0.6621000170707703 10.374899864196777
3411 -9.416199684143066 0.8698999881744385 9.121600151062012
3412 -9.474100112915039 0.6528000235557556 9.102800369262695
3413 -9.126399993896484 0.6467999815940857 8.490400314331055
3414 -9.070599555969238 0.8619999885559082 8.514100074768066
3415 -9.33430004119873 1.7086000442504883 9.844099998474121
3416 -9.451000213623047 1.5089000463485718 9.81149959564209
3417 -9.700300216674805 1.5184999704360962 10.427599906921387
3418 -9.044899940490723 1.6956000328063965 9.252099990844727
3419 -9.15719985961914 1.4974000453948975 9.211000442504883
3420 -9.256999969482422 1.2930999994277954 9.175600051879883
3421 -9.554400444030762 1.3029999732971191 9.784099578857422
3422 -9.806599617004395 1.311400055885315 10.408699989318848
3423 -8.345999717712402 1.6629999876022339 8.102899551391602
3424 -8.447699546813965 1.468400001525879 8.046600341796875
3425 -8.821800231933594 1.4838999509811401 8.623499870300293
3426 -8.714500427246094 1.680400013923645 8.672499656677246
3427 -8.538700103759766 1.2680000066757202 7.996799945831299
3428 -8.917499542236328 1.281499981880188 8.58080005645752
3429 -9.000699996948242 1.0738999843597412 8.54419994354248
3430 -8.618000030517578 1.0625 7.953999996185303
3431 -9.343600273132324 1.0836999416351318 9.14579963684082
3432 -9.89840030670166 1.0989999771118164 10.394000053405762
3433 -9.643899917602539 1.0920000076293945 9.761500358581543
3434 -7.942200183868408 1.6433000564575195 7.541100025177002
3435 -8.037799835205078 1.4507999420166016 7.47760009765625
3436 -7.50600004196167 1.6212999820709229 6.9847002029418945
3437 -7.59499979019165 1.430999994277954 6.914100170135498
3438 -7.67519998550415 1.2352999448776245 6.851200103759766
3439 -8.123600006103516 1.2525999546051025 7.421199798583984
3440 -6.622300148010254 1.3845000267028809 5.793399810791016
3441 -7.122200012207031 1.409000039100647 6.353499889373779
3442 -7.040200233459473 1.5968999862670898 6.431300163269043
3443 -6.690400123596191 1.194200038909912 5.717800140380859
3444 -7.196499824523926 1.2158000469207764 6.284299850463867
3445 -7.2621002197265625 1.0182000398635864 6.224299907684326
3446 -6.750999927520752 0.9997000098228455 5.652299880981445
3447 -7.745699882507324 1.0348000526428223 6.7967000007629395
3448 -8.198699951171875 1.0494999885559082 7.372399806976318
3449 -2.356800079345703 3.860300064086914 15.890399932861328
3450 -2.40910005569458 4.00540018081665 15.458200454711914
3451 -2.3022000789642334 3.6977999210357666 16.291400909423828
3452 -1.9393999576568604 3.714600086212158 16.117599487304688
3453 -1.9917000532150269 3.879300117492676 15.72350025177002
3454 -2.041300058364868 4.026199817657471 15.298800468444824
3455 -2.1916000843048096 3.3225998878479004 17.003999710083008
3456 -2.2465999126434326 3.518399953842163 16.662200927734375
3457 -1.832900047302246 3.3345000743865967 16.818599700927734
3458 -1.8859000205993652 3.5327999591827393 16.4822998046875
3459 -1.1750999689102173 3.3552000522613525 16.473600387573242
3460 -1.216599941253662 3.558199882507324 16.14699935913086
3461 -1.5435999631881714 3.5462000370025635 16.307899475097656
3462 -1.4952000379562378 3.3454999923706055 16.638999938964844
3463 -1.2581000328063965 3.74429988861084 15.793299674987793
3464 -1.5922000408172607 3.730299949645996 15.949000358581543
3465 -1.3366999626159668 4.06279993057251 15.001099586486816
3466 -1.684499979019165 4.045599937438965 15.144100189208984
3467 -1.6396000385284424 3.8970000743865967 15.561300277709961
3468 -1.2985999584197998 3.9128000736236572 15.411499977111816
3469 -2.1386001110076904 3.1110000610351562 17.317899703979492
3470 -2.0889999866485596 2.884000062942505 17.605199813842773
3471 -1.7335000038146973 2.8910999298095703 17.40999984741211
3472 -1.781599998474121 3.1203999519348145 17.127500534057617
3473 -2.0064001083374023 2.386399984359741 18.104299545288086
3474 -2.0445001125335693 2.6422998905181885 17.867000579833984
3475 -1.6532000303268433 2.3896000385284424 17.900299072265625
3476 -1.6902999877929688 2.6473000049591064 17.667299270629883
3477 -1.0339000225067139 2.3935000896453857 17.5216007232666
3478 -1.063099980354309 2.6547000408172607 17.296899795532227
3479 -1.364799976348877 2.651400089263916 17.47439956665039
3480 -1.3308000564575195 2.391900062561035 17.703100204467773
3481 -1.0972000360488892 2.902600049972534 17.047800064086914
3482 -1.4043999910354614 2.89739990234375 17.221399307250977
3483 -1.4483000040054321 3.128999948501587 16.943199157714844
3484 -1.1348999738693237 3.136399984359741 16.77359962463379
3485 0.0 2.3952999114990234 17.13010025024414
3486 0.0 2.6602001190185547 16.914100646972656
3487 -0.25380000472068787 2.6598000526428223 16.94339942932129
3488 -0.24570000171661377 2.3952999114990234 17.16010093688965
3489 0.0 2.9124999046325684 16.673200607299805
3490 -0.26330000162124634 2.911900043487549 16.701900482177734
3491 -0.531000018119812 2.9100000858306885 16.779600143432617
3492 -0.5123999714851379 2.658900022506714 17.0226993560791
3493 -0.4964999854564667 2.3951001167297363 17.241199493408203
3494 -0.0 3.375200033187866 16.115800857543945
3495 -0.2849999964237213 3.373699903488159 16.143299102783203
3496 -0.27379998564720154 3.1501998901367188 16.435300827026367
3497 -0.0 3.1512999534606934 16.40719985961914
3498 -0.5734999775886536 3.3696999549865723 16.217500686645508
3499 -0.5515999794006348 3.1473000049591064 16.51129913330078
3500 -0.8373000025749207 3.1426000595092773 16.626800537109375
3501 -0.8690000176429749 3.3633999824523926 16.330299377441406
3502 -0.8075000047683716 2.9068000316619873 16.8976993560791
3503 -0.7574999928474426 2.3945000171661377 17.364700317382812
3504 -0.7806000113487244 2.657099962234497 17.143400192260742
3505 -0.0 3.5829999446868896 15.798800468444824
3506 -0.29649999737739563 3.581199884414673 15.825499534606934
3507 -0.0 3.7736001014709473 15.45580005645752
3508 -0.30799999833106995 3.771399974822998 15.481800079345703
3509 -0.6186000108718872 3.765500068664551 15.551899909973145
3510 -0.5960999727249146 3.5761001110076904 15.897899627685547
3511 0.0 4.098400115966797 14.691100120544434
3512 -0.3296000063419342 4.095799922943115 14.71500015258789
3513 -0.3192000091075897 3.9433999061584473 15.111700057983398
3514 0.0 3.9458000659942627 15.086700439453125
3515 -0.6610999703407288 4.088500022888184 14.779399871826172
3516 -0.640500009059906 3.9365999698638916 15.179200172424316
3517 -0.9663000106811523 3.926300048828125 15.281700134277344
3518 -0.9962000250816345 4.077400207519531 14.87720012664795
3519 -0.9344000220298767 3.7562999725341797 15.658300399780273
3520 -0.9017000198364258 3.5683000087738037 16.007699966430664
3521 -2.063999891281128 2.795300006866455 4.038599967956543
3522 -2.049499988555908 2.6380999088287354 3.6995999813079834
3523 -2.082200050354004 2.94950008392334 4.396299839019775
3524 -1.749899983406067 2.938699960708618 4.218500137329102
3525 -1.7293000221252441 2.783600091934204 3.8529999256134033
3526 -1.711899995803833 2.6257998943328857 3.5060999393463135
3527 -2.1298000812530518 3.247999906539917 5.168000221252441
3528 -2.104099988937378 3.1005001068115234 4.772799968719482
3529 -1.8008999824523926 3.2390999794006348 5.00540018081665
3530 -1.773800015449524 3.09060001373291 4.60260009765625
3531 -1.1753000020980835 3.2251999378204346 4.7631001472473145
3532 -1.1520999670028687 3.0757999420166016 4.351500034332275
3533 -1.457200050354004 3.0822999477386475 4.462699890136719
3534 -1.483299970626831 3.2314999103546143 4.870800018310547
3535 -1.1309000253677368 2.923099994659424 3.958199977874756
3536 -1.4336999654769897 2.9298999309539795 4.0731000900268555
3537 -1.0952999591827393 2.609100103378296 3.2265000343322754
3538 -1.3949999809265137 2.6161999702453613 3.3492000102996826
3539 -1.4128999710083008 2.7744998931884766 3.701900005340576
3540 -1.111899971961975 2.7674999237060547 3.5833001136779785
3541 -2.1594998836517334 3.391700029373169 5.581999778747559
3542 -2.1933999061584473 3.5311999320983887 6.014599800109863
3543 -1.8645999431610107 3.5250000953674316 5.866799831390381
3544 -1.8312000036239624 3.384000062942505 5.426799774169922
3545 -2.273900032043457 3.7964000701904297 6.935999870300293
3546 -2.2314999103546143 3.6661999225616455 6.466000080108643
3547 -1.9407000541687012 3.7941999435424805 6.802800178527832
3548 -1.9011000394821167 3.661900043487549 6.325500011444092
3549 -1.2851999998092651 3.7880001068115234 6.595699787139893
3550 -1.2554999589920044 3.652899980545044 6.109399795532227
3551 -1.5759999752044678 3.6572999954223633 6.206600189208984
3552 -1.611299991607666 3.791300058364868 6.689300060272217
3553 -1.2272000312805176 3.5139000415802 5.642000198364258
3554 -1.5428999662399292 3.519200086593628 5.742700099945068
3555 -1.5118999481201172 3.37719988822937 5.297399997711182
3556 -1.2003999948501587 3.371299982070923 5.193299770355225
3557 0.0 3.7792999744415283 6.4268999099731445
3558 0.0 3.642699956893921 5.936699867248535
3559 -0.311599999666214 3.6435000896453857 5.947500228881836
3560 -0.3197000026702881 3.780100107192993 6.437600135803223
3561 0.0 3.5028998851776123 5.465700149536133
3562 -0.30379998683929443 3.503700017929077 5.476500034332275
3563 -0.6087999939918518 3.50600004196167 5.509200096130371
3564 -0.6241999864578247 3.645699977874756 5.979800224304199
3565 -0.6399999856948853 3.7820000648498535 6.469600200653076
3566 0.0 3.2137999534606934 4.5802001953125
3567 -0.2890999913215637 3.2144999504089355 4.59089994430542
3568 -0.2962999939918518 3.3606998920440674 5.024400234222412
3569 0.0 3.3598999977111816 5.013599872589111
3570 -0.5800999999046326 3.2167000770568848 4.624300003051758
3571 -0.5940999984741211 3.3629000186920166 5.057400226593018
3572 -0.8949000239372253 3.366499900817871 5.113500118255615
3573 -0.8748000264167786 3.2202000617980957 4.681300163269043
3574 -0.9161999821662903 3.509500026702881 5.564300060272217
3575 -0.9616000056266785 3.7848000526428223 6.522299766540527
3576 -0.9384999871253967 3.648900032043457 6.03380012512207
3577 0.0 3.064500093460083 4.165200233459473
3578 -0.2822999954223633 3.065200090408325 4.175899982452393
3579 0.0 2.9123001098632812 3.7683000564575195
3580 -0.2759999930858612 2.912899971008301 3.7790000438690186
3581 -0.5547000169754028 2.914799928665161 3.812999963760376
3582 -0.5669000148773193 3.0673000812530518 4.209499835968018
3583 -0.0 2.59879994392395 3.0276999473571777
3584 -0.2651999890804291 2.599299907684326 3.038599967956543
3585 -0.2703000009059906 2.757499933242798 3.4000000953674316
3586 0.0 2.756999969482422 3.38919997215271
3587 -0.5339000225067139 2.6008999347686768 3.073699951171875
3588 -0.5436999797821045 2.7592999935150146 3.434499979019165
3589 -0.823199987411499 2.762500047683716 3.494800090789795
3590 -0.8094000220298767 2.604099988937378 3.135499954223633
3591 -0.8388000130653381 2.918100118637085 3.8722000122070312
3592 -0.8561000227928162 3.07069993019104 4.267600059509277
3593 -2.607599973678589 4.4934000968933105 11.772100448608398
3594 -2.5998001098632812 4.482600212097168 11.204299926757812
3595 -2.6043999195098877 4.4832000732421875 12.338299751281738
3596 -2.2253000736236572 4.506400108337402 12.229399681091309
3597 -2.2293999195098877 4.515399932861328 11.668499946594238
3598 -2.2237000465393066 4.502900123596191 11.10420036315918
3599 -2.5685999393463135 4.401599884033203 13.449000358581543
3600 -2.5910000801086426 4.452499866485596 12.898799896240234
3601 -2.1910998821258545 4.42579984664917 13.324999809265137
3602 -2.2123000621795654 4.476399898529053 12.782899856567383
3603 -1.4499000310897827 4.464700222015381 13.097700119018555
3604 -1.465999960899353 4.513800144195557 12.572500228881836
3605 -1.837499976158142 4.496799945831299 12.672699928283691
3606 -1.81850004196167 4.446899890899658 13.206299781799316
3607 -1.4764000177383423 4.541500091552734 12.034099578857422
3608 -1.8494999408721924 4.5258002281188965 12.126700401306152
3609 -1.4776999950408936 4.531499862670898 10.930399894714355
3610 -1.8497999906539917 4.519000053405762 11.01200008392334
3611 -1.8538000583648682 4.533299922943115 11.571999549865723
3612 -1.4803999662399292 4.547500133514404 11.485600471496582
3613 -2.5381999015808105 4.330999851226807 13.984399795532227
3614 -2.5007998943328857 4.241099834442139 14.500699996948242
3615 -2.1275999546051025 4.264500141143799 14.35890007019043
3616 -2.162600040435791 4.355000019073486 13.851699829101562
3617 -2.45740008354187 4.132500171661377 14.993499755859375
3618 -2.086899995803833 4.154799938201904 14.842599868774414
3619 -1.371399998664856 4.193399906158447 14.561300277709961
3620 -1.7253999710083008 4.175300121307373 14.69629955291748
3621 -1.4020999670028687 4.304100036621094 14.09529972076416
3622 -1.7618000507354736 4.285699844360352 14.221699714660645
3623 -1.7930999994277954 4.376299858093262 13.723799705505371
3624 -1.4285000562667847 4.394700050354004 13.606300354003906
3625 0.0 4.230100154876709 14.268899917602539
3626 -0.3391000032424927 4.227499961853027 14.291299819946289
3627 0.0 4.340799808502197 13.82229995727539
3628 -0.3474999964237213 4.338200092315674 13.843199729919434
3629 -0.6962000131607056 4.330900192260742 13.899800300598145
3630 -0.6797000169754028 4.220099925994873 14.352100372314453
3631 0.0 4.498300075531006 12.865500450134277
3632 -0.3605000078678131 4.496099948883057 12.883199691772461
3633 -0.3546000123023987 4.4278998374938965 13.373000144958496
3634 0.0 4.430300235748291 13.353699684143066
3635 -0.7217000126838684 4.489500045776367 12.931099891662598
3636 -0.7103000283241272 4.42080020904541 13.425299644470215
3637 -1.0678999423980713 4.4096999168396 13.505000114440918
3638 -1.0845999717712402 4.479000091552734 13.004300117492676
3639 -1.0472999811172485 4.319399833679199 13.985899925231934
3640 -1.023300051689148 4.208499908447266 14.444299697875977
3641 0.0 4.544600009918213 12.360099792480469
3642 -0.36489999294281006 4.542600154876709 12.376099586486816
3643 0.0 4.568999767303467 11.839799880981445
3644 -0.3677000105381012 4.567299842834473 11.854299545288086
3645 -0.7360000014305115 4.56220006942749 11.894100189208984
3646 -0.730400025844574 4.536799907684326 12.4197998046875
3647 0.0 4.551000118255615 10.764100074768066
3648 -0.3684999942779541 4.550000190734863 10.776200294494629
3649 -0.36899998784065247 4.569799900054932 11.320199966430664
3650 0.0 4.571199893951416 11.307000160217285
3651 -0.7373999953269958 4.546599864959717 10.809700012207031
3652 -0.7383999824523926 4.5655999183654785 11.356499671936035
3653 -1.1088000535964966 4.558199882507324 11.412699699401855
3654 -1.1069999933242798 4.540599822998047 10.862000465393066
3655 -1.1053999662399292 4.553599834442139 11.955300331115723
3656 -1.0972000360488892 4.527100086212158 12.486700057983398
3657 -2.5785000324249268 0.15800000727176666 1.389299988746643
3658 -2.1545000076293945 0.1550000011920929 1.0540000200271606
3659 -2.569000005722046 0.32670000195503235 1.4177000522613525
3660 -2.146199941635132 0.32089999318122864 1.083799958229065
3661 -1.7640000581741333 0.3163999915122986 0.8037999868392944
3662 -1.7711000442504883 0.1527000069618225 0.772599995136261
3663 -2.5371999740600586 0.6642000079154968 1.5328999757766724
3664 -2.1189000606536865 0.652999997138977 1.204200029373169
3665 -2.1338999271392822 0.4869000017642975 1.1337000131607056
3666 -2.554800033569336 0.49549999833106995 1.465499997138977
3667 -1.7410999536514282 0.6442999839782715 0.9297000169754028
3668 -1.7537000179290771 0.48019999265670776 0.8560000061988831
3669 -1.0836999416351318 0.6327999830245972 0.5300999879837036
3670 -1.0917999744415283 0.47130000591278076 0.45080000162124634
3671 -1.4082000255584717 0.47510001063346863 0.6294000148773193
3672 -1.3978999853134155 0.6376000046730042 0.7059999704360962
3673 -1.0985000133514404 0.31040000915527344 0.39419999718666077
3674 -1.4168000221252441 0.31290000677108765 0.5748999714851379
3675 -1.4226000308990479 0.1509999930858612 0.5422999858856201
3676 -1.1031999588012695 0.14970000088214874 0.3603000044822693
3677 -2.5172998905181885 0.8327999711036682 1.6202000379562378
3678 -2.1022000312805176 0.8192999958992004 1.2956000566482544
3679 -2.4964001178741455 1.0012999773025513 1.7276999950408936
3680 -2.0850000381469727 0.98580002784729 1.4079999923706055
3681 -1.7132999897003174 0.9736999869346619 1.1418999433517456
3682 -1.7273000478744507 0.8087000250816345 1.024899959564209
3683 -2.053800106048584 1.319700002670288 1.6972999572753906
3684 -2.06850004196167 1.1526000499725342 1.5418000221252441
3685 -2.4758999347686768 1.169700026512146 1.8558000326156616
3686 -1.6892000436782837 1.3051999807357788 1.4426000118255615
3687 -1.7001999616622925 1.1390999555587769 1.2811000347137451
3688 -1.0529999732971191 1.2862999439239502 1.0765999555587769
3689 -1.058899998664856 1.121500015258789 0.9054999947547913
3690 -1.3655999898910522 1.1289000511169434 1.070099949836731
3691 -1.3573999404907227 1.2942999601364136 1.236899971961975
3692 -1.066499948501587 0.9577000141143799 0.7573999762535095
3693 -1.3756999969482422 0.9643999934196472 0.9261999726295471
3694 -1.3868000507354736 0.8007000088691711 0.8048999905586243
3695 -1.0750000476837158 0.7947999835014343 0.6323000192642212
3696 0.0 1.2756999731063843 0.8195000290870667
3697 0.0 1.1115000247955322 0.6399000287055969
3698 -0.2506999969482422 1.111799955368042 0.6542999744415283
3699 -0.24959999322891235 1.2761000394821167 0.833299994468689
3700 0.0 0.9485999941825867 0.483599990606308
3701 -0.2524000108242035 0.9488999843597412 0.4986000061035156
3702 -0.5105000138282776 0.9502999782562256 0.5468999743461609
3703 -0.507099986076355 1.1132999658584595 0.7009999752044678
3704 -0.5045999884605408 1.2776999473571777 0.8784000277519226
3705 0.0 0.6262000203132629 0.24169999361038208
3706 -0.2565000057220459 0.6265000104904175 0.25780001282691956
3707 -0.25440001487731934 0.7871999740600586 0.36629998683929443
3708 0.0 0.786899983882904 0.3508000075817108
3709 -0.5187000036239624 0.6273999810218811 0.3091000020503998
3710 -0.5145000219345093 0.7883999943733215 0.4162999987602234
3711 -0.7860999703407288 0.7907999753952026 0.5037999749183655
3712 -0.7925000190734863 0.6294999718666077 0.39879998564720154
3713 -0.7799999713897705 0.9531000256538391 0.632099986076355
3714 -0.7706000208854675 1.280900001525879 0.958299994468689
3715 -0.7746000289916992 1.1164000034332275 0.7835999727249146
3716 0.0 0.46630001068115234 0.15649999678134918
3717 -0.25839999318122864 0.46650001406669617 0.17299999296665192
3718 -0.0 0.3068999946117401 0.09539999812841415
3719 -0.26010000705718994 0.3070000112056732 0.11230000108480453
3720 -0.5260000228881836 0.3075999915599823 0.16580000519752502
3721 -0.5227000117301941 0.46720001101493835 0.225600004196167
3722 -0.2612999975681305 0.14800000190734863 0.07569999992847443
3723 0.0 0.14800000190734863 0.05860000103712082
3724 -0.5282999873161316 0.14830000698566437 0.1298000067472458
3725 -0.8070999979972839 0.14880000054836273 0.22380000352859497
3726 -0.803600013256073 0.3086000084877014 0.2587999999523163
3727 -0.7985000014305115 0.46880000829696655 0.3172000050544739
3728 -0.3278999924659729 3.913300037384033 6.947199821472168
3729 0.0 3.912600040435791 6.936600208282471
3730 -0.6561999917030334 3.914900064468384 6.978499889373779
3731 -0.6722000241279602 4.041900157928467 7.503600120544434
3732 -0.335999995470047 4.0406999588012695 7.472899913787842
3733 0.0 4.040200233459473 7.462399959564209
3734 -1.316100001335144 3.9191999435424805 7.100800037384033
3735 -0.9854000210762024 3.9170000553131104 7.029900074005127
3736 -1.347100019454956 4.044000148773193 7.622099876403809
3737 -1.0091999769210815 4.0432000160217285 7.553599834442139
3738 -1.405400037765503 4.265600204467773 8.701700210571289
3739 -1.0533000230789185 4.2677998542785645 8.636899948120117
3740 -1.032099962234497 4.160900115966797 8.090299606323242
3741 -1.3772000074386597 4.160299777984619 8.156599998474121
3742 -0.7019000053405762 4.268700122833252 8.588899612426758
3743 -0.6876000165939331 4.160600185394287 8.041500091552734
3744 0.0 4.268599987030029 8.548600196838379
3745 0.0 4.1596999168396 8.000900268554688
3746 -0.34369999170303345 4.159999847412109 8.011300086975098
3747 -0.3508000075817108 4.268799781799316 8.559000015258789
3748 -1.6484999656677246 3.9210000038146973 7.190700054168701
3749 -1.983299970626831 3.9219000339508057 7.298799991607666
3750 -2.0271999835968018 4.042699813842773 7.811200141906738
3751 -1.6863000392913818 4.044099807739258 7.7083001136779785
3752 -2.6614999771118164 3.9193999767303467 7.567800045013428
3753 -2.3208000659942627 3.9214999675750732 7.424699783325195
3754 -2.7151999473571777 4.033899784088135 8.064299583435059
3755 -2.3701000213623047 4.0395002365112305 7.930200099945068
3756 -2.824199914932251 4.232800006866455 9.101900100708008
3757 -2.4674999713897705 4.245699882507324 8.983400344848633
3758 -2.4196999073028564 4.148200035095215 8.450400352478027
3759 -2.7702999114990234 4.138999938964844 8.576199531555176
3760 -2.112299919128418 4.255099773406982 8.876299858093262
3761 -2.0708000659942627 4.1545000076293945 8.337800025939941
3762 -1.7233999967575073 4.158299922943115 8.239500045776367
3763 -1.7583999633789062 4.261600017547607 8.781900405883789
3764 -2.579699993133545 4.450399875640869 10.639699935913086
3765 -2.9539999961853027 4.428100109100342 10.74530029296875
3766 -2.2074999809265137 4.468400001525879 10.540599822998047
3767 -2.1823999881744385 4.4141998291015625 9.979900360107422
3768 -2.5495998859405518 4.398900032043457 10.079999923706055
3769 -2.918600082397461 4.379300117492676 10.188199996948242
3770 -1.4678000211715698 4.4928998947143555 10.371500015258789
3771 -1.836899995803833 4.482399940490723 10.450499534606934
3772 -1.451799988746643 4.434199810028076 9.81190013885498
3773 -1.816499948501587 4.425899982452393 9.889900207519531
3774 -1.7898000478744507 4.351500034332275 9.332900047302246
3775 -1.4306000471115112 4.357699871063232 9.254400253295898
3776 -2.150099992752075 4.342400074005127 9.424400329589844
3777 -2.874500036239624 4.313600063323975 9.639800071716309
3778 -2.5114998817443848 4.329899787902832 9.527199745178223
3779 -1.0999000072479248 4.50029993057251 10.306099891662598
3780 -0.7328000068664551 4.505099773406982 10.25629997253418
3781 -0.7249000072479248 4.443299770355225 9.699600219726562
3782 -1.0880000591278076 4.439899921417236 9.74779987335205
3783 0.0 4.508299827575684 10.213399887084961
3784 -0.3662000000476837 4.507599830627441 10.224699974060059
3785 0.0 4.445300102233887 9.658300399780273
3786 -0.36239999532699585 4.445000171661377 9.669099807739258
3787 -0.3571000099182129 4.36460018157959 9.112799644470215
3788 0.0 4.364699840545654 9.10219955444336
3789 -0.7145000100135803 4.363699913024902 9.1427001953125
3790 -1.0721999406814575 4.361599922180176 9.190400123596191
3791 -3.0058999061584473 3.91510009765625 7.727499961853027
3792 -3.348900079727173 3.9079999923706055 7.89769983291626
3793 -3.4089999198913574 4.013299942016602 8.369000434875488
3794 -3.062999963760376 4.025400161743164 8.212699890136719
3795 -4.010900020599365 3.8826000690460205 8.245200157165527
3796 -3.6856000423431396 3.89739990234375 8.07229995727539
3797 -4.078199863433838 3.9755001068115234 8.679900169372559
3798 -3.7488999366760254 3.9969000816345215 8.526900291442871
3799 -4.236999988555908 4.133299827575684 9.613499641418457
3800 -3.8919999599456787 4.166999816894531 9.492799758911133
3801 -3.819200038909912 4.087200164794922 9.000699996948242
3802 -4.155600070953369 4.0594000816345215 9.136300086975098
3803 -3.5394999980926514 4.194200038909912 9.36299991607666
3804 -3.47379994392395 4.109300136566162 8.857799530029297
3805 -3.1229000091552734 4.126200199127197 8.714200019836426
3806 -3.1826000213623047 4.21589994430542 9.230600357055664
3807 -4.319799900054932 3.8631999492645264 8.410200119018555
3808 -4.6041998863220215 3.8385000228881836 8.5556001663208
3809 -4.6875 3.9137001037597656 8.939599990844727
3810 -4.392600059509277 3.9482998847961426 8.821700096130371
3811 -5.06820011138916 3.765500068664551 8.71399974822998
3812 -4.855800151824951 3.808199882507324 8.66919994354248
3813 -5.201000213623047 3.8152999877929688 9.047200202941895
3814 -4.9583001136779785 3.870500087738037 9.021100044250488
3815 -5.483500003814697 3.914900064468384 9.856599807739258
3816 -5.197400093078613 3.9844000339508057 9.849100112915039
3817 -5.0756001472473145 3.9298999309539795 9.416899681091309
3818 -5.342199802398682 3.866300106048584 9.431699752807617
3819 -4.892499923706055 4.0432000160217285 9.800299644470215
3820 -4.786900043487549 3.982300043106079 9.355500221252441
3821 -4.4791998863220215 4.024899959564209 9.258299827575684
3822 -4.571400165557861 4.092400074005127 9.718899726867676
3823 -5.512800216674805 4.099899768829346 11.30679988861084
3824 -5.842599868774414 4.020599842071533 11.29740047454834
3825 -5.16949987411499 4.1697998046875 11.283100128173828
3826 -5.0883002281188965 4.1381001472473145 10.766400337219238
3827 -5.420400142669678 4.0706000328063965 10.796699523925781
3828 -5.737800121307373 3.993299961090088 10.792200088500977
3829 -4.451700210571289 4.283899784088135 11.15779972076416
3830 -4.815100193023682 4.230899810791016 11.23169994354248
3831 -4.3892998695373535 4.246799945831299 10.625699996948242
3832 -4.743800163269043 4.196599960327148 10.70740032196045
3833 -4.661099910736084 4.150000095367432 10.20259952545166
3834 -4.316299915313721 4.196199893951416 10.110400199890137
3835 -4.9944000244140625 4.0954999923706055 10.271400451660156
3836 -5.616799831390381 3.9576001167297363 10.310999870300293
3837 -5.313799858093262 4.031700134277344 10.309900283813477
3838 -4.081699848175049 4.329500198364258 11.066900253295898
3839 -3.707200050354004 4.368199825286865 10.964300155639648
3840 -3.6596999168395996 4.325300216674805 10.417499542236328
3841 -4.027100086212158 4.2895002365112305 10.527099609375
3842 -3.3306000232696533 4.400899887084961 10.855299949645996
3843 -3.289400100708008 4.355000019073486 10.302599906921387
3844 -3.239000082015991 4.292799949645996 9.760600090026855
3845 -3.60260009765625 4.2667999267578125 9.883299827575684
3846 -3.962599992752075 4.234799861907959 10.001999855041504
3847 -5.234600067138672 3.703399896621704 8.653200149536133
3848 -5.376699924468994 3.6240999698638916 8.523200035095215
3849 -5.598700046539307 3.6612000465393066 8.89579963684082
3850 -5.411300182342529 3.7451999187469482 8.999199867248535
3851 -5.652500152587891 3.4230000972747803 8.177200317382812
3852 -5.515699863433838 3.5299999713897705 8.36050033569336
3853 -5.93720006942749 3.4565999507904053 8.592100143432617
3854 -5.772600173950195 3.56469988822937 8.755800247192383
3855 -6.439000129699707 3.525599956512451 9.478799819946289
3856 -6.2230000495910645 3.6380999088287354 9.616100311279297
3857 -6.007999897003174 3.601599931716919 9.174599647521973
3858 -6.199399948120117 3.4914000034332275 9.026100158691406
3859 -5.993599891662598 3.740999937057495 9.730899810791016
3860 -5.804200172424316 3.7012999057769775 9.299300193786621
3861 -5.583700180053711 3.789799928665161 9.388699531555176
3862 -5.748000144958496 3.8334999084472656 9.81410026550293
3863 -5.787399768829346 3.3050999641418457 7.985400199890137
3864 -5.920300006866455 3.1779000759124756 7.790999889373779
3865 -6.251200199127197 3.210700035095215 8.237700462341309
3866 -6.096700191497803 3.338099956512451 8.417200088500977
3867 -6.177800178527832 2.901900053024292 7.417900085449219
3868 -6.05049991607666 3.0429000854492188 7.599800109863281
3869 -6.54580020904541 2.9346001148223877 7.890399932861328
3870 -6.400899887084961 3.075700044631958 8.059900283813477
3871 -7.204500198364258 2.996799945831299 8.865599632263184
3872 -7.026100158691406 3.1389000415802 9.014699935913086
3873 -6.7266998291015625 3.1080000400543213 8.531599998474121
3874 -6.888700008392334 2.9665000438690186 8.372900009155273
3875 -6.839600086212158 3.2750000953674316 9.171199798583984
3876 -6.55810022354126 3.2434000968933105 8.697799682617188
3877 -6.382599830627441 3.3715999126434326 8.864899635314941
3878 -6.644199848175049 3.4042000770568848 9.328200340270996
3879 -7.747399806976318 3.2156999111175537 10.534000396728516
3880 -7.968900203704834 3.071899890899658 10.406499862670898
3881 -7.514400005340576 3.3533999919891357 10.67039966583252
3882 -7.319399833679199 3.3310000896453857 10.157600402832031
3883 -7.538300037384033 3.1935999393463135 10.015899658203125
3884 -7.746600151062012 3.0501999855041504 9.882200241088867
3885 -7.01170015335083 3.6085000038146973 10.942899703979492
3886 -7.2692999839782715 3.484600067138672 10.808899879455566
3887 -6.8470001220703125 3.5852999687194824 10.437999725341797
3888 -7.089300155639648 3.4618000984191895 10.300600051879883
3889 -6.880300045013428 3.4346001148223877 9.806900024414062
3890 -6.6554999351501465 3.5571999549865723 9.949700355529785
3891 -7.093900203704834 3.304500102996826 9.657899856567383
3892 -7.491099834442139 3.024899959564209 9.368599891662598
3893 -7.2972002029418945 3.1677000522613525 9.509499549865723
3894 -6.740799903869629 3.724600076675415 11.065500259399414
3895 -6.455999851226807 3.83240008354187 11.169899940490723
3896 -6.322500228881836 3.8076999187469482 10.668299674987793
3897 -6.591700077056885 3.7007999420166016 10.562899589538574
3898 -6.156799793243408 3.931299924850464 11.249500274658203
3899 -6.0381999015808105 3.905400037765503 10.747099876403809
3900 -5.900700092315674 3.8724000453948975 10.267800331115723
3901 -6.167300224304199 3.776900053024292 10.187899589538574
3902 -6.418399810791016 3.6714999675750732 10.079299926757812
3903 -6.098100185394287 1.357699990272522 5.231200218200684
3904 -5.558499813079834 1.329200029373169 4.674300193786621
3905 -5.613699913024902 1.1447999477386475 4.585400104522705
3906 -6.159900188446045 1.170199990272522 5.14900016784668
3907 -4.466800212860107 1.2705999612808228 3.605799913406372
3908 -5.0117998123168945 1.2999000549316406 4.130099773406982
3909 -4.509300231933594 1.0922000408172607 3.5034000873565674
3910 -5.0605998039245605 1.118499994277954 4.03439998626709
3911 -4.583799839019775 0.7293000221252441 3.344899892807007
3912 -5.144599914550781 0.7480999827384949 3.8852999210357666
3913 -5.105299949645996 0.9344000220298767 3.952699899673462
3914 -4.548699855804443 0.9117000102996826 3.4163999557495117
3915 -5.707300186157227 0.7667999863624573 4.445799827575684
3916 -5.663700103759766 0.957099974155426 4.509099960327148
3917 -6.215199947357178 0.9790999889373779 5.078100204467773
3918 -6.263000011444092 0.7847999930381775 5.019000053405762
3919 -3.9321000576019287 1.2422000169754028 3.1089000701904297
3920 -3.416300058364868 1.2152999639511108 2.646699905395508
3921 -3.446899890899658 1.0424000024795532 2.531100034713745
3922 -3.9684998989105225 1.06659996509552 2.999799966812134
3923 -2.927999973297119 1.1908999681472778 2.226599931716919
3924 -2.9532999992370605 1.020400047302246 2.104599952697754
3925 -3.0016000270843506 0.6779000163078308 1.9185999631881714
3926 -2.978300094604492 0.849399983882904 2.002000093460083
3927 -3.503499984741211 0.6937000155448914 2.3541998863220215
3928 -3.4763998985290527 0.8684999942779541 2.4335999488830566
3929 -4.002799987792969 0.8895000219345093 2.9075000286102295
3930 -4.033899784088135 0.7110000252723694 2.8320999145507812
3931 -3.049099922180176 0.1615999937057495 1.7812999486923218
3932 -3.557300090789795 0.1657000035047531 2.2228000164031982
3933 -3.5452001094818115 0.34209999442100525 2.2488999366760254
3934 -3.038300037384033 0.33390000462532043 1.808500051498413
3935 -4.6508002281188965 0.17509999871253967 3.2249999046325684
3936 -4.094200134277344 0.17030000686645508 2.706399917602539
3937 -4.636099815368652 0.36070001125335693 3.2490999698638916
3938 -4.0808000564575195 0.35120001435279846 2.7314999103546143
3939 -4.060299873352051 0.531499981880188 2.773400068283081
3940 -4.613399982452393 0.5454999804496765 3.289099931716919
3941 -3.526900053024292 0.5181999802589417 2.2927000522613525
3942 -3.0220999717712402 0.5059999823570251 1.854200005531311
3943 -5.218200206756592 0.18000000715255737 3.7711000442504883
3944 -5.787600040435791 0.18490000069141388 4.337600231170654
3945 -5.770400047302246 0.3801000118255615 4.359600067138672
3946 -5.202300071716309 0.37040001153945923 3.7941999435424805
3947 -6.349899768829346 0.18960000574588776 4.917200088500977
3948 -6.331399917602539 0.3894999921321869 4.938000202178955
3949 -6.30210018157959 0.588100016117096 4.972099781036377
3950 -5.743199825286865 0.5742999911308289 4.3958001136779785
3951 -5.177299976348877 0.5600000023841858 3.8322999477386475
3952 -6.988699913024902 1.9474999904632568 18.79210090637207
3953 -6.459000110626221 1.9871000051498413 19.010299682617188
3954 -7.499599933624268 1.902899980545044 18.49850082397461
3955 -7.548999786376953 1.6497000455856323 18.65839958190918
3956 -7.02839994430542 1.6888999938964844 18.96299934387207
3957 -6.489200115203857 1.7236000299453735 19.190399169921875
3958 -8.438599586486816 1.805799961090088 17.714799880981445
3959 -7.985199928283691 1.8551000356674194 18.136999130249023
3960 -8.506799697875977 1.5642999410629272 17.848800659179688
3961 -8.044099807739258 1.6075999736785889 18.284400939941406
3962 -8.609399795532227 1.0577000379562378 18.06049919128418
3963 -8.132200241088867 1.0877000093460083 18.515899658203125
3964 -8.093000411987305 1.3513000011444092 18.410900115966797
3965 -8.563599586486816 1.3143999576568604 17.96430015563965
3966 -7.622300148010254 1.1167999505996704 18.908000946044922
3967 -7.589799880981445 1.3870999813079834 18.79509925842285
3968 -6.5335001945495605 1.1678999662399292 19.470600128173828
3969 -6.513899803161621 1.4500000476837158 19.3439998626709
3970 -7.061100006103516 1.4204000234603882 19.108699798583984
3971 -7.086999893188477 1.1439000368118286 19.229000091552734
3972 -8.853300094604492 1.7568999528884888 17.23940086364746
3973 -9.222700119018555 1.7102999687194824 16.71809959411621
3974 -9.307600021362305 1.480299949645996 16.823299407958984
3975 -8.93019962310791 1.521299958229065 17.35919952392578
3976 -9.798399925231934 1.6312999725341797 15.567700386047363
3977 -9.539899826049805 1.667799949645996 16.15850067138672
3978 -9.896499633789062 1.4106999635696411 15.643500328063965
3979 -9.6318998336792 1.4428999423980713 16.24880027770996
3980 -10.047599792480469 0.9513000249862671 15.76930046081543
3981 -9.773099899291992 0.9735999703407288 16.396400451660156
3982 -9.709699630737305 1.2110999822616577 16.328500747680664
3983 -9.979599952697754 1.1836999654769897 15.711099624633789
3984 -9.437100410461426 0.9994999766349792 16.992700576782227
3985 -9.378999710083008 1.2430000305175781 16.91510009765625
3986 -8.994600296020508 1.277899980545044 17.46299934387207
3987 -9.046799659729004 1.027899980545044 17.550100326538086
3988 -9.878399848937988 0.23819999396800995 16.51740074157715
3989 -10.161299705505371 0.23240000009536743 15.874600410461426
3990 -9.53279972076416 0.24480000138282776 17.129100799560547
3991 -9.513799667358398 0.4991999864578247 17.10070037841797
3992 -9.857399940490723 0.4860000014305115 16.492000579833984
3993 -10.13860034942627 0.47450000047683716 15.852299690246582
3994 -8.683600425720215 0.259799987077713 18.22599983215332
3995 -9.131999969482422 0.25209999084472656 17.7012996673584
3996 -8.669099807739258 0.5289999842643738 18.192100524902344
3997 -9.11520004272461 0.5138000249862671 17.67020034790039
3998 -9.086899757385254 0.7728000283241272 17.61949920654297
3999 -8.644499778747559 0.7954000234603882 18.136699676513672
4000 -9.482000350952148 0.7512000203132629 17.054899215698242
4001 -10.100700378417969 0.7145000100135803 15.816800117492676
4002 -9.82229995727539 0.7315000295639038 16.4512996673584
4003 -8.195099830627441 0.26750001311302185 18.694900512695312
4004 -7.673999786376953 0.2750000059604645 19.099700927734375
4005 -7.664100170135498 0.5591999888420105 19.06089973449707
4006 -8.182900428771973 0.5443000197410583 18.65839958190918
4007 -6.564199924468994 0.288100004196167 19.68440055847168
4008 -7.127900123596191 0.28189998865127563 19.432300567626953
4009 -6.5584001541137695 0.5853000283241272 19.641300201416016
4010 -7.120100021362305 0.5730000138282776 19.391199111938477
4011 -7.106599807739258 0.8608999848365784 19.323299407958984
4012 -6.5482001304626465 0.8791999816894531 19.569900512695312
4013 -7.646999835968018 0.8403000235557556 18.99679946899414
4014 -8.161999702453613 0.8181999921798706 18.598600387573242
4015 -9.991399765014648 1.6024999618530273 14.953300476074219
4016 -10.121299743652344 1.580299973487854 14.32040023803711
4017 -10.227800369262695 1.3658000230789185 14.36870002746582
4018 -10.094300270080566 1.3854000568389893 15.015000343322754
4019 -10.200599670410156 1.5508999824523926 13.0201997756958
4020 -10.190299987792969 1.563599944114685 13.674300193786621
4021 -10.310799598693848 1.3398000001907349 13.043299674987793
4022 -10.299200057983398 1.3509999513626099 13.709699630737305
4023 -10.483200073242188 0.9018999934196472 13.086899757385254
4024 -10.468899726867676 0.9096999764442444 13.772899627685547
4025 -10.39210033416748 1.132699966430664 13.743000030517578
4026 -10.405200004577637 1.1232000589370728 13.065899848937988
4027 -10.393099784851074 0.9200000166893005 14.452199935913086
4028 -10.318400382995605 1.145400047302246 14.413000106811523
4029 -10.181699752807617 1.1620999574661255 15.070799827575684
4030 -10.253499984741211 0.9337000250816345 15.119400024414062
4031 -10.154500007629395 1.5413000583648682 12.363200187683105
4032 -10.054300308227539 1.5334999561309814 11.708600044250488
4033 -10.164299964904785 1.3244999647140503 11.70930004119873
4034 -10.26509952545166 1.3314000368118286 12.374799728393555
4035 -9.902099609375 1.5262999534606934 11.061699867248535
4036 -10.010700225830078 1.3181999921798706 11.052200317382812
4037 -10.182100296020508 0.886900007724762 11.042099952697754
4038 -10.10420036315918 1.104699969291687 11.045900344848633
4039 -10.337400436401367 0.8913000226020813 11.716099739074707
4040 -10.25879955291748 1.1101000308990479 11.7121000289917
4041 -10.359999656677246 1.1160000562667847 12.387200355529785
4042 -10.438599586486816 0.8960000276565552 12.399499893188477
4043 -10.315999984741211 0.21580000221729279 11.039899826049805
4044 -10.472000122070312 0.21690000593662262 11.72819995880127
4045 -10.444499969482422 0.4438000023365021 11.725000381469727
4046 -10.288599967956543 0.4415999948978424 11.039799690246582
4047 -10.615900039672852 0.21969999372959137 13.128999710083008
4048 -10.572799682617188 0.21819999814033508 12.426300048828125
4049 -10.58899974822998 0.44929999113082886 13.119500160217285
4050 -10.545499801635742 0.44620001316070557 12.420000076293945
4051 -10.50059986114502 0.6725000143051147 12.410799980163574
4052 -10.544599533081055 0.6769999861717224 13.10509967803955
4053 -10.399499893188477 0.6689000129699707 11.72070026397705
4054 -10.243800163269043 0.6656000018119812 11.040300369262695
4055 -10.598799705505371 0.22169999778270721 13.830599784851074
4056 -10.519100189208984 0.22439999878406525 14.525799751281738
4057 -10.493599891662598 0.4584999978542328 14.50979995727539
4058 -10.572500228881836 0.45320001244544983 13.817899703979492
4059 -10.374099731445312 0.22789999842643738 15.208900451660156
4060 -10.349800109863281 0.46549999713897705 15.18970012664795
4061 -10.309599876403809 0.7010999917984009 15.159500122070312
4062 -10.451600074768066 0.6908000111579895 14.484800338745117
4063 -10.52910041809082 0.6829000115394592 13.798199653625488
4064 -2.7994000911712646 2.1096999645233154 18.719100952148438
4065 -2.366300106048584 2.113800048828125 18.524499893188477
4066 -3.2688000202178955 2.1036999225616455 18.893199920654297
4067 -3.2530999183654785 1.8251999616622925 19.091299057006836
4068 -2.7797000408172607 1.8301000595092773 18.915300369262695
4069 -2.3440001010894775 1.8331999778747559 18.717899322509766
4070 -4.28849983215332 2.0829999446868896 19.144500732421875
4071 -3.7674999237060547 2.095099925994873 19.038000106811523
4072 -4.2846999168396 1.8076000213623047 19.34280014038086
4073 -3.7571001052856445 1.8178999423980713 19.236799240112305
4074 -4.281400203704834 1.2257000207901 19.654600143432617
4075 -3.7451000213623047 1.232699990272522 19.550600051879883
4076 -3.7499001026153564 1.5298999547958374 19.408000946044922
4077 -4.28249979019165 1.5211999416351318 19.513099670410156
4078 -3.2339999675750732 1.2374000549316406 19.40489959716797
4079 -3.2416999340057373 1.5358999967575073 19.262300491333008
4080 -2.3162999153137207 1.2419999837875366 19.025100708007812
4081 -2.3276000022888184 1.5420000553131104 18.88520050048828
4082 -2.7653000354766846 1.5397000312805176 19.084999084472656
4083 -2.7553000450134277 1.240399956703186 19.226699829101562
4084 -4.825099945068359 2.0669000148773193 19.203899383544922
4085 -5.370299816131592 2.046099901199341 19.207300186157227
4086 -5.382299900054932 1.7753000259399414 19.399999618530273
4087 -4.828800201416016 1.7935999631881714 19.40019989013672
4088 -5.917200088500977 2.019700050354004 19.14579963684082
4089 -5.9380998611450195 1.7522000074386597 19.333099365234375
4090 -5.968900203704834 1.1877000331878662 19.624900817871094
4091 -5.9552001953125 1.4743000268936157 19.493000030517578
4092 -5.4004998207092285 1.2036999464035034 19.7007999420166
4093 -5.392300128936768 1.49399995803833 19.564699172973633
4094 -4.832300186157227 1.5094000101089478 19.56839942932129
4095 -4.835599899291992 1.2161999940872192 19.707700729370117
4096 -5.990499973297119 0.29319998621940613 19.847900390625
4097 -5.414100170135498 0.2973000109195709 19.931699752807617
4098 -5.411399841308594 0.6035000085830688 19.884899139404297
4099 -5.986400127410889 0.5953999757766724 19.802799224853516
4100 -4.281899929046631 0.3028999865055084 19.896400451660156
4101 -4.842100143432617 0.3005000054836273 19.944900512695312
4102 -4.281499862670898 0.614799976348877 19.84709930419922
4103 -4.840700149536133 0.6098999977111816 19.896699905395508
4104 -4.838500022888184 0.9157999753952026 19.817399978637695
4105 -4.281199932098389 0.9229999780654907 19.766199111938477
4106 -5.406899929046631 0.9063000082969666 19.80780029296875
4107 -5.9791998863220215 0.8942000269889832 19.728300094604492
4108 -3.7407000064849854 0.3046000003814697 19.795400619506836
4109 -3.2256999015808105 0.3057999908924103 19.650800704956055
4110 -3.2267000675201416 0.6205999851226807 19.600400924682617
4111 -3.7411000728607178 0.6182000041007996 19.745399475097656
4112 -2.303299903869629 0.3068000078201294 19.267000198364258
4113 -2.7441999912261963 0.30649998784065247 19.47170066833496
4114 -2.305000066757202 0.6226000189781189 19.217300415039062
4115 -2.7455999851226807 0.621999979019165 19.42140007019043
4116 -2.749000072479248 0.933899998664856 19.33930015563965
4117 -2.3090999126434326 0.9348999857902527 19.136199951171875
4118 -3.2291998863220215 0.9316999912261963 19.51810073852539
4119 -3.7423999309539795 0.9282000064849854 19.663400650024414
4120 -6.951399803161621 1.7789000272750854 6.517199993133545
4121 -7.40910005569458 1.805299997329712 7.062600135803223
4122 -7.304900169372559 1.983299970626831 7.148799896240234
4123 -6.856400012969971 1.955199956893921 6.611999988555908
4124 -8.234299659729004 1.8509000539779663 8.165599822998047
4125 -7.837699890136719 1.829300045967102 7.611400127410889
4126 -8.113100051879883 2.032399892807007 8.235699653625488
4127 -7.724699974060059 2.009000062942505 7.6894001960754395
4128 -7.843400001525879 2.3766000270843506 8.401800155639648
4129 -7.4745001792907715 2.3503000736236572 7.872499942779541
4130 -7.603499889373779 2.1826000213623047 7.776100158691406
4131 -7.982699871063232 2.2074999809265137 8.314000129699707
4132 -7.0756001472473145 2.321700096130371 7.349599838256836
4133 -7.193600177764893 2.1552999019622803 7.244200229644775
4134 -6.7555999755859375 2.1259000301361084 6.716599941253662
4135 -6.6493000984191895 2.291100025177002 6.831999778747559
4136 -8.59630012512207 1.8701000213623047 8.727399826049805
4137 -8.920900344848633 1.8869999647140503 9.298800468444824
4138 -8.785400390625 2.0715999603271484 9.352399826049805
4139 -8.467599868774414 2.0532000064849854 8.789400100708008
4140 -9.2052001953125 1.9013999700546265 9.882100105285645
4141 -9.063799858093262 2.087399959564209 9.9266996383667
4142 -8.74489974975586 2.440000057220459 10.041000366210938
4143 -8.910300254821777 2.266900062561035 9.97920036315918
4144 -8.481100082397461 2.4217000007629395 9.484800338745117
4145 -8.638699531555176 2.249799966812134 9.413999557495117
4146 -8.328700065612793 2.2298998832702637 8.85949993133545
4147 -8.179800033569336 2.4005000591278076 8.938799858093262
4148 -8.179699897766113 2.922600030899048 10.2947998046875
4149 -7.945400238037109 2.9014999866485596 9.763400077819824
4150 -8.134200096130371 2.747299909591675 9.658300399780273
4151 -8.379400253295898 2.7676000595092773 10.197500228881836
4152 -7.375800132751465 2.8498001098632812 8.73069953918457
4153 -7.676700115203857 2.8770999908447266 9.24209976196289
4154 -7.539599895477295 2.697499990463257 8.609100341796875
4155 -7.853499889373779 2.72379994392395 9.128999710083008
4156 -8.021300315856934 2.565000057220459 9.028300285339355
4157 -7.6956000328063965 2.539900064468384 8.499799728393555
4158 -8.312899589538574 2.587399959564209 9.565799713134766
4159 -8.567899703979492 2.606800079345703 10.11340045928955
4160 -7.044899940490723 2.820199966430664 8.228599548339844
4161 -6.686200141906738 2.7888998985290527 7.735499858856201
4162 -6.821499824523926 2.6382999420166016 7.594399929046631
4163 -7.194900035858154 2.6689000129699707 8.097800254821777
4164 -6.301799774169922 2.7564001083374023 7.250999927520752
4165 -6.421999931335449 2.6061999797821045 7.098299980163574
4166 -6.537899971008301 2.451200008392334 6.958899974822998
4167 -6.951499938964844 2.4827001094818115 7.466100215911865
4168 -7.338200092315674 2.5123000144958496 7.979400157928467
4169 -0.23919999599456787 2.1194000244140625 17.35219955444336
4170 0.0 2.1191999912261963 17.321399688720703
4171 -0.4837999939918518 2.1196999549865723 17.43549919128418
4172 -0.4740999937057495 1.8342000246047974 17.604999542236328
4173 -0.23420000076293945 1.8335000276565552 17.51959991455078
4174 0.0 1.8331999778747559 17.488000869750977
4175 -1.010699987411499 2.119999885559082 17.722700119018555
4176 -0.7391999959945679 2.119999885559082 17.562000274658203
4177 -0.992900013923645 1.8357000350952148 17.89940071105957
4178 -0.7250999808311462 1.8350000381469727 17.734800338745117
4179 -0.9704999923706055 1.2408000230789185 18.176700592041016
4180 -0.7074000239372253 1.2395999431610107 18.004600524902344
4181 -0.7146999835968018 1.5410000085830688 17.88249969482422
4182 -0.9797999858856201 1.542099952697754 18.051000595092773
4183 -0.4618000090122223 1.2384999990463257 17.86870002746582
4184 -0.4668999910354614 1.5399999618530273 17.74959945678711
4185 0.0 1.2373000383377075 17.745899200439453
4186 0.0 1.5388000011444092 17.629600524902344
4187 -0.2305999994277954 1.5391000509262085 17.66200065612793
4188 -0.2280000001192093 1.2376999855041504 17.77910041809082
4189 -1.3037999868392944 2.1196000576019287 17.90850067138672
4190 -1.623900055885315 2.1185998916625977 18.11009979248047
4191 -1.6013000011444092 1.8358999490737915 18.29560089111328
4192 -1.2831000089645386 1.8360999822616577 18.089500427246094
4193 -1.976199984550476 2.1166999340057373 18.318500518798828
4194 -1.9530999660491943 1.8351000547409058 18.50819969177246
4195 -1.9242000579833984 1.2425999641418457 18.809200286865234
4196 -1.9359999895095825 1.5430999994277954 18.672199249267578
4197 -1.573099970817566 1.2424999475479126 18.589099884033203
4198 -1.5846999883651733 1.5434000492095947 18.45560073852539
4199 -1.267799973487854 1.5428999662399292 18.24530029296875
4200 -1.257200002670288 1.2417999505996704 18.374900817871094
4201 -1.9105000495910645 0.3068000078201294 19.045799255371094
4202 -1.5595999956130981 0.3066999912261963 18.819000244140625
4203 -1.561400055885315 0.6225000023841858 18.771900177001953
4204 -1.9122999906539917 0.6227999925613403 18.997299194335938
4205 -0.9598000049591064 0.3059000074863434 18.39109992980957
4206 -1.2446999549865723 0.30630001425743103 18.59709930419922
4207 -0.9613000154495239 0.6211000084877014 18.34749984741211
4208 -1.246399998664856 0.6219000220298767 18.551700592041016
4209 -1.2503000497817993 0.9341999888420105 18.4773006439209
4210 -0.9646000266075134 0.9333000183105469 18.275800704956055
4211 -1.565600037574768 0.9350000023841858 18.694900512695312
4212 -1.916599988937378 0.9352999925613403 18.91790008544922
4213 -0.6988999843597412 0.30550000071525574 18.21179962158203
4214 -0.45590001344680786 0.3050999939441681 18.069799423217773
4215 -0.45669999718666077 0.6195999979972839 18.029199600219727
4216 -0.699999988079071 0.6204000115394592 18.1697998046875
4217 0.0 0.30469998717308044 17.941099166870117
4218 -0.22499999403953552 0.30489999055862427 17.97599983215332
4219 0.0 0.6189000010490417 17.90180015563965
4220 -0.22540000081062317 0.6190999746322632 17.93630027770996
4221 -0.22630000114440918 0.9304999709129333 17.8705997467041
4222 0.0 0.9301999807357788 17.836700439453125
4223 -0.4586000144481659 0.9312000274658203 17.961999893188477
4224 -0.7027000188827515 0.932200014591217 18.100500106811523
4225 -0.249099999666214 1.4419000148773193 1.0355000495910645
4226 0.0 1.441499948501587 1.0221999883651733
4227 -0.5034999847412109 1.44350004196167 1.0789999961853027
4228 -0.5037000179290771 1.6102999448776245 1.3021999597549438
4229 -0.2493000030517578 1.6087000370025635 1.260200023651123
4230 0.0 1.608299970626831 1.2474000453948975
4231 -1.0496000051498413 1.4523999691009521 1.2710000276565552
4232 -0.7684999704360962 1.4469000101089478 1.1562999486923218
4233 -1.048699975013733 1.6193000078201294 1.4878000020980835
4234 -0.7684999704360962 1.613700032234192 1.3768999576568604
4235 -1.0542000532150269 1.9534000158309937 1.9866000413894653
4236 -0.7742000222206116 1.9479000568389893 1.8827999830245972
4237 -0.7703999876976013 1.780900001525879 1.6193000078201294
4238 -1.0501999855041504 1.7864999771118164 1.7266000509262085
4239 -0.5083000063896179 1.944599986076355 1.812999963760376
4240 -0.505299985408783 1.777500033378601 1.5470999479293823
4241 0.0 1.9426000118255615 1.7618999481201172
4242 -0.0 1.7755000591278076 1.4941999912261963
4243 -0.2502000033855438 1.7759000062942505 1.506500005722046
4244 -0.251800000667572 1.9429999589920044 1.773900032043457
4245 -1.3519999980926514 1.4607000350952148 1.4265999794006348
4246 -1.6811000108718872 1.472100019454956 1.6267000436782837
4247 -1.6759999990463257 1.63919997215271 1.832900047302246
4248 -1.3494999408721924 1.6276999711990356 1.638700008392334
4249 -2.042099952697754 1.4871000051498413 1.874899983406067
4250 -2.0334999561309814 1.6545000076293945 2.0739998817443848
4251 -2.025700092315674 1.9878000020980835 2.535399913787842
4252 -2.0280001163482666 1.8214999437332153 2.294300079345703
4253 -1.6751999855041504 1.9728000164031982 2.309499979019165
4254 -1.6741000413894653 1.8063000440597534 2.0606000423431396
4255 -1.3497999906539917 1.794800043106079 1.8725999593734741
4256 -1.3530000448226929 1.9615999460220337 2.127700090408325
4257 -2.0385000705718994 2.4784998893737793 3.3794000148773193
4258 -1.6979000568389893 2.465399980545044 3.177799940109253
4259 -1.6871000528335571 2.302799940109253 2.8685998916625977
4260 -2.030900001525879 2.3166000843048096 3.078399896621704
4261 -1.0813000202178955 2.4479000568389893 2.8877999782562256
4262 -1.3801000118255615 2.4553000926971436 3.0148000717163086
4263 -1.069700002670288 2.284600019454956 2.5678999423980713
4264 -1.3681000471115112 2.29229998588562 2.699399948120117
4265 -1.3590999841690063 2.127500057220459 2.4035000801086426
4266 -1.0607000589370728 2.1196000576019287 2.267199993133545
4267 -1.6796000003814697 2.1384999752044678 2.5789999961853027
4268 -2.026599884033203 2.152899980545044 2.7969000339508057
4269 -0.7976999878883362 2.4428999423980713 2.7939000129699707
4270 -0.5253999829292297 2.43969988822937 2.7304000854492188
4271 -0.5184000134468079 2.27620005607605 2.405400037765503
4272 -0.7878999710083008 2.279400110244751 2.470900058746338
4273 0.0 2.437700033187866 2.683500051498413
4274 -0.26080000400543213 2.4381000995635986 2.694499969482422
4275 0.0 2.2743000984191895 2.357300043106079
4276 -0.257099986076355 2.2746999263763428 2.3685998916625977
4277 -0.2540999948978424 2.109499931335449 2.061500072479248
4278 -0.0 2.109100103378296 2.0499000549316406
4279 -0.5127000212669373 2.1110000610351562 2.099400043487549
4280 -0.7799999713897705 2.114300012588501 2.1668999195098877
4281 5.786799907684326 2.86899995803833 6.954999923706055
4282 5.893899917602539 2.7232000827789307 6.774499893188477
4283 5.464700222015381 2.690000057220459 6.305699825286865
4284 5.37470006942749 2.8366000652313232 6.501699924468994
4285 5.9984002113342285 2.5731000900268555 6.608699798583984
4286 5.553100109100342 2.5392000675201416 6.125
4287 5.0929999351501465 2.5053000450134277 5.652400016784668
4288 5.020500183105469 2.657099962234497 5.849100112915039
4289 4.947700023651123 2.805000066757202 6.0619001388549805
4290 6.19789981842041 2.258699893951416 6.31820011138916
4291 5.724100112915039 2.2246999740600586 5.80709981918335
4292 5.639699935913086 2.384200096130371 5.959099769592285
4293 6.099899768829346 2.418299913406372 6.456900119781494
4294 5.235400199890137 2.1898999214172363 5.304599761962891
4295 5.16480016708374 2.349600076675415 5.471099853515625
4296 4.243000030517578 2.120800018310547 4.349800109863281
4297 4.19890022277832 2.2818000316619873 4.546599864959717
4298 4.68209981918335 2.3152999877929688 4.9984002113342285
4299 4.739099979400635 2.1549999713897705 4.81689977645874
4300 4.155600070953369 2.43969988822937 4.760300159454346
4301 4.624899864196777 2.47189998626709 5.195700168609619
4302 4.07289981842041 2.745800018310547 5.239099979400635
4303 4.51170015335083 2.774600028991699 5.639699935913086
4304 4.567999839782715 2.625 5.40939998626709
4305 4.11359977722168 2.594399929046631 4.991000175476074
4306 6.292099952697754 2.0943000316619873 6.19189977645874
4307 5.805799961090088 2.060800075531006 5.668399810791016
4308 6.3821001052856445 1.9248000383377075 6.077000141143799
4309 5.884500026702881 1.892199993133545 5.542099952697754
4310 5.371699810028076 1.858299970626831 5.013999938964844
4311 5.3043999671936035 2.026099920272827 5.152500152587891
4312 6.547599792480469 1.570099949836731 5.878600120544434
4313 6.031000137329102 1.5407999753952026 5.3242998123168945
4314 5.959700107574463 1.7188999652862549 5.427700042724609
4315 6.467400074005127 1.750100016593933 5.972899913787842
4316 5.499000072479248 1.5098999738693237 4.7754998207092285
4317 5.436699867248535 1.6862000226974487 4.888500213623047
4318 4.422599792480469 1.4464999437332153 3.723599910736084
4319 4.377799987792969 1.6195000410079956 3.856600046157837
4320 4.906599998474121 1.6527999639511108 4.362500190734863
4321 4.960100173950195 1.4780999422073364 4.239500045776367
4322 4.332699775695801 1.7896000146865845 4.005000114440918
4323 4.8516998291015625 1.823799967765808 4.4994001388549805
4324 4.79580020904541 1.9911999702453613 4.650700092315674
4325 4.287700176239014 1.9567999839782715 4.169300079345703
4326 2.4567999839782715 1.3380000591278076 2.004699945449829
4327 2.440500020980835 1.5061999559402466 2.174799919128418
4328 2.881500005722046 1.5298000574111938 2.529900074005127
4329 2.903700113296509 1.360700011253357 2.368299961090088
4330 2.427000045776367 1.6739000082015991 2.365600109100342
4331 2.861799955368042 1.6979999542236328 2.7112998962402344
4332 3.329699993133545 1.7259000539779663 3.104300022125244
4333 3.3568999767303467 1.5571999549865723 2.933300018310547
4334 3.3859000205993652 1.3869999647140503 2.7806999683380127
4335 2.4089999198913574 2.0067999362945557 2.8087000846862793
4336 2.829900026321411 2.030400037765503 3.1328001022338867
4337 2.8445000648498535 1.86489999294281 2.9123001098632812
4338 2.4165000915527344 1.84089994430542 2.5769999027252197
4339 3.280900001525879 2.0576999187469482 3.501699924468994
4340 3.30430006980896 1.892799973487854 3.2936999797821045
4341 3.787899971008301 1.923699975013733 3.714900016784668
4342 3.7544000148773193 2.088200092315674 3.90939998626709
4343 3.822700023651123 1.756700038909912 3.5378000736236572
4344 3.8949999809265137 1.4157999753952026 3.2348999977111816
4345 3.8584001064300537 1.587399959564209 3.3777999877929688
4346 2.404599905014038 2.171299934387207 3.0604000091552734
4347 2.818000078201294 2.1940999031066895 3.3726999759674072
4348 2.4035000801086426 2.334199905395508 3.331700086593628
4349 2.8090999126434326 2.355799913406372 3.631700038909912
4350 3.2409000396728516 2.3810999393463135 3.973099946975708
4351 3.259700059890747 2.220599889755249 3.7281999588012695
4352 2.4112000465393066 2.653599977493286 3.932300090789795
4353 2.80049991607666 2.6723999977111816 4.206600189208984
4354 2.8032000064849854 2.515399932861328 3.9096999168395996
4355 2.405600070953369 2.494999885559082 3.6224000453948975
4356 3.211199998855591 2.6942999362945557 4.518499851226807
4357 3.2246999740600586 2.5390000343322754 4.236599922180176
4358 3.663599967956543 2.565500020980835 4.598499774932861
4359 3.637399911880493 2.718899965286255 4.863999843597412
4360 3.691999912261963 2.4091999530792236 4.35099983215332
4361 3.722399950027466 2.25 4.121399879455566
4362 8.518799781799316 3.061000108718872 14.653200149536133
4363 8.373600006103516 3.1214001178741455 14.822199821472168
4364 8.466300010681152 3.037600040435791 15.055700302124023
4365 8.632699966430664 2.9860999584198 14.742500305175781
4366 8.155699729919434 3.202500104904175 15.043700218200684
4367 8.243000030517578 3.109499931335449 15.340700149536133
4368 8.357099533081055 2.993799924850464 15.590800285339355
4369 8.596099853515625 2.9272000789642334 15.240300178527832
4370 8.783100128173828 2.8757998943328857 14.857099533081055
4371 7.586299896240234 3.3805999755859375 15.500300407409668
4372 7.658199787139893 3.274899959564209 15.873100280761719
4373 7.97130012512207 3.1902999877929688 15.616100311279297
4374 7.890900135040283 3.2904999256134033 15.274900436401367
4375 7.746699810028076 3.1487998962402344 16.204200744628906
4376 8.072099685668945 3.069200038909912 15.9128999710083
4377 7.953000068664551 2.8406999111175537 16.760700225830078
4378 8.308199882507324 2.7697999477386475 16.401100158691406
4379 8.186699867248535 2.9286000728607178 16.172300338745117
4380 7.84660005569458 3.0035998821258545 16.49850082397461
4381 8.62279987335205 2.702500104904175 16.000999450683594
4382 8.486499786376953 2.8575000762939453 15.808699607849121
4383 9.10789966583252 2.5917000770568848 15.092100143432617
4384 8.944199562072754 2.743299961090088 14.975600242614746
4385 8.740699768066406 2.794300079345703 15.409199714660645
4386 8.891200065612793 2.6419999599456787 15.563599586486816
4387 7.249000072479248 3.468400001525879 15.704299926757812
4388 7.310699939727783 3.3580000400543213 16.10300064086914
4389 6.884799957275391 3.5517001152038574 15.88029956817627
4390 6.934899806976318 3.4374001026153564 16.299800872802734
4391 6.996799945831299 3.303499937057495 16.681900024414062
4392 7.386099815368652 3.2276999950408936 16.462400436401367
4393 6.098400115966797 3.6974000930786133 16.122499465942383
4394 6.122799873352051 3.57669997215271 16.569700241088867
4395 6.5370001792907715 3.5111000537872314 16.457399368286133
4396 6.4994001388549805 3.628700017929077 16.021900177001953
4397 6.156099796295166 3.4367001056671143 16.98240089416504
4398 6.584700107574463 3.374000072479248 16.857099533081055
4399 6.240799903869629 3.102299928665161 17.709299087524414
4400 6.700500011444092 3.0452001094818115 17.55579948425293
4401 6.640100002288818 3.218400001525879 17.222700119018555
4402 6.196199893951416 3.2783000469207764 17.361900329589844
4403 7.143099784851074 2.9809000492095947 17.34320068359375
4404 7.067200183868408 3.1510000228881836 17.028900146484375
4405 7.471399784088135 3.0785999298095703 16.78580093383789
4406 7.562600135803223 2.911900043487549 17.076400756835938
4407 6.423099994659424 2.238800048828125 18.804100036621094
4408 6.941500186920166 2.1949000358581543 18.596599578857422
4409 6.886499881744385 2.4291999340057373 18.37689971923828
4410 6.381199836730957 2.4769999980926514 18.572099685668945
4411 7.441199779510498 2.145400047302246 18.31599998474121
4412 7.3734002113342285 2.3754000663757324 18.1112003326416
4413 7.299200057983398 2.592099905014038 17.882200241088867
4414 6.826300144195557 2.6496999263763428 18.13129997253418
4415 6.3354997634887695 2.7007999420166016 18.313100814819336
4416 8.358799934387207 2.037600040435791 17.562999725341797
4417 8.266900062561035 2.2583999633789062 17.39430046081543
4418 7.835599899291992 2.317699909210205 17.781600952148438
4419 7.915800094604492 2.0922999382019043 17.969100952148438
4420 8.166500091552734 2.4667000770568848 17.206100463867188
4421 7.747900009155273 2.5302999019622803 17.5718994140625
4422 7.655799865722656 2.7286999225616455 17.337600708007812
4423 8.060700416564941 2.66129994392395 16.99570083618164
4424 7.221399784088135 2.7941999435424805 17.62689971923828
4425 6.288000106811523 2.909600019454956 18.025999069213867
4426 6.763500213623047 2.855299949645996 17.85810089111328
4427 8.763699531555176 1.9833999872207642 17.10460090637207
4428 8.66100025177002 2.1995999813079834 16.955799102783203
4429 9.124099731445312 1.9318000078201294 16.600799560546875
4430 9.011699676513672 2.1435000896453857 16.472400665283203
4431 8.88860034942627 2.3436999320983887 16.330900192260742
4432 8.548700332641602 2.403700113296509 16.79050064086914
4433 9.68529987335205 1.8443000316619873 15.484999656677246
4434 9.557299613952637 2.0487000942230225 15.396699905395508
4435 9.3125 2.0924999713897705 15.950599670410156
4436 9.43340015411377 1.8847999572753906 16.058700561523438
4437 9.416799545288086 2.2425999641418457 15.30210018157959
4438 9.180000305175781 2.2892000675201416 15.832900047302246
4439 9.038599967956543 2.4730000495910645 15.704400062561035
4440 9.266200065612793 2.4242000579833984 15.200799942016602
4441 8.75790023803711 2.530600070953369 16.174400329589844
4442 8.430000305175781 2.5943000316619873 16.606399536132812
4443 2.420300006866455 2.8096001148223877 4.260900020599365
4444 2.801100015640259 2.8268001079559326 4.522200107574463
4445 2.433199882507324 2.962599992752075 4.608399868011475
4446 2.8055999279022217 2.978100061416626 4.856500148773193
4447 3.194200038909912 2.9958999156951904 5.137700080871582
4448 3.200700044631958 2.8468000888824463 4.81879997253418
4449 2.4719998836517334 3.25819993019104 5.359799861907959
4450 2.829400062561035 3.2695999145507812 5.5817999839782715
4451 2.8148000240325928 3.1257998943328857 5.209700107574463
4452 2.4502999782562256 3.1122000217437744 4.974699974060059
4453 3.197000026702881 3.282099962234497 5.831200122833252
4454 3.1926000118255615 3.1410999298095703 5.475200176239014
4455 3.943000078201294 3.311000108718872 6.401700019836426
4456 3.9674999713897705 3.1772000789642334 6.086900234222412
4457 3.5785000324249268 3.1582999229431152 5.768499851226807
4458 3.5697999000549316 3.2960000038146973 6.105500221252441
4459 3.998300075531006 3.037899971008301 5.787700176239014
4460 3.5934998989105225 3.0157999992370605 5.449100017547607
4461 3.613600015640259 2.8691999912261963 5.147600173950195
4462 4.033999919891357 2.893899917602539 5.504899978637695
4463 2.4986000061035156 3.400099992752075 5.763700008392334
4464 2.8499999046325684 3.4089999198913574 5.972799777984619
4465 2.5304999351501465 3.5374999046325684 6.186500072479248
4466 2.87719988822937 3.5436999797821045 6.382800102233887
4467 3.228100061416626 3.5495998859405518 6.599599838256836
4468 3.208400011062622 3.4184000492095947 6.205900192260742
4469 2.611599922180176 3.797499895095825 7.088600158691406
4470 2.9544999599456787 3.797100067138672 7.2600998878479
4471 2.911900043487549 3.6731998920440674 6.8119001388549805
4472 2.5680999755859375 3.670099973678589 6.6280999183654785
4473 3.297100067138672 3.7946999073028564 7.445199966430664
4474 3.2572999000549316 3.675100088119507 7.012599945068359
4475 3.95989990234375 3.7818000316619873 7.833199977874756
4476 3.9312000274658203 3.674099922180176 7.445099830627441
4477 3.598900079727173 3.675600051879883 7.225200176239014
4478 3.6340999603271484 3.789799928665161 7.638000011444092
4479 3.9212000370025635 3.5596001148223877 7.07859992980957
4480 3.577899932861328 3.5548999309539795 6.832900047302246
4481 3.5689001083374023 3.428299903869629 6.45989990234375
4482 3.926300048828125 3.438499927520752 6.731599807739258
4483 4.968100070953369 3.726900100708008 8.478099822998047
4484 5.038400173187256 3.6733999252319336 8.355299949645996
4485 4.807300090789795 3.664299964904785 8.109999656677246
4486 4.79610013961792 3.740499973297119 8.364399909973145
4487 5.132900238037109 3.5947000980377197 8.183600425720215
4488 4.862400054931641 3.5776000022888184 7.878900051116943
4489 4.567999839782715 3.56850004196167 7.598800182342529
4490 4.543399810791016 3.6665000915527344 7.889800071716309
4491 4.551400184631348 3.756200075149536 8.205100059509277
4492 5.345600128173828 3.3924999237060547 7.782100200653076
4493 5.017000198364258 3.367000102996826 7.407199859619141
4494 4.9344000816345215 3.478100061416626 7.644000053405762
4495 5.236700057983398 3.5002999305725098 7.98960018157959
4496 4.67080020904541 3.345599889755249 7.0524001121521
4497 4.612800121307373 3.4616000652313232 7.320899963378906
4498 4.2754998207092285 3.4489998817443848 7.0177001953125
4499 4.311399936676025 3.327199935913086 6.717299938201904
4500 4.252699851989746 3.5632998943328857 7.333000183105469
4501 4.269100189208984 3.7702999114990234 8.025099754333496
4502 4.248700141906738 3.6703999042510986 7.667399883270264
4503 5.456099987030029 3.273900032043457 7.569799900054932
4504 5.103600025177002 3.2458999156951904 7.170599937438965
4505 5.566999912261963 3.1459999084472656 7.357800006866455
4506 5.19290018081665 3.115999937057495 6.938199996948242
4507 4.803299903869629 3.0880000591278076 6.534900188446045
4508 4.734799861907959 3.220599889755249 6.789400100708008
4509 5.283699989318848 2.979099988937378 6.713900089263916
4510 5.677499771118164 3.010499954223633 7.151199817657471
4511 4.87470006942749 2.9489998817443848 6.291500091552734
4512 4.456299781799316 2.920599937438965 5.88730001449585
4513 4.403299808502197 3.062000036239624 6.1504998207092285
4514 4.354499816894531 3.1979000568389893 6.427700042724609
4515 2.978300094604492 4.458099842071533 11.309599876403809
4516 2.9888999462127686 4.467299938201904 11.879400253295898
4517 3.373800039291382 4.436800003051758 11.987199783325195
4518 3.3596999645233154 4.428699970245361 11.4173002243042
4519 2.9872000217437744 4.456200122833252 12.449700355529785
4520 3.374300003051758 4.4253997802734375 12.559700012207031
4521 3.763700008392334 4.389900207519531 12.663999557495117
4522 3.759999990463257 4.401299953460693 12.090900421142578
4523 3.74180006980896 4.394100189208984 11.522500038146973
4524 2.9518001079559326 4.374599933624268 13.572999954223633
4525 3.3415000438690186 4.345099925994873 13.69219970703125
4526 3.36299991607666 4.394700050354004 13.129799842834473
4527 2.974400043487549 4.42519998550415 13.015899658203125
4528 3.7353999614715576 4.312099933624268 13.802399635314941
4529 3.7548000812530518 4.360199928283691 13.236300468444824
4530 4.527400016784668 4.232100009918213 13.979100227355957
4531 4.539400100708008 4.275700092315674 13.410400390625
4532 4.14769983291626 4.320799827575684 13.331199645996094
4533 4.131499767303467 4.274700164794922 13.899399757385254
4534 4.540500164031982 4.3024001121521 12.837800025939941
4535 4.15310001373291 4.3491997718811035 12.758199691772461
4536 4.4994001388549805 4.30620002746582 11.705599784851074
4537 4.122399806976318 4.353499889373779 11.62030029296875
4538 4.145500183105469 4.360099792480469 12.18589973449707
4539 4.52810001373291 4.3125 12.267600059509277
4540 2.9207000732421875 4.304800033569336 14.116299629211426
4541 3.311199903488159 4.276700019836426 14.241800308227539
4542 2.8824000358581543 4.216100215911865 14.640999794006348
4543 3.273900032043457 4.189799785614014 14.77340030670166
4544 3.672600030899048 4.161300182342529 14.893799781799316
4545 3.70740008354187 4.245699882507324 14.35669994354248
4546 2.7894999980926514 3.9837000370025635 15.614999771118164
4547 3.1844000816345215 3.9618000984191895 15.76200008392334
4548 3.231100082397461 4.084799766540527 15.281900405883789
4549 2.8382999897003174 4.10890007019043 15.14210033416748
4550 3.5906999111175537 3.938499927520752 15.894599914550781
4551 3.6331000328063965 4.058800220489502 15.408300399780273
4552 4.425600051879883 3.8822999000549316 16.09760093688965
4553 4.453700065612793 3.9965999126434326 15.603400230407715
4554 4.041500091552734 4.029799938201904 15.516900062561035
4555 4.005499839782715 3.912400007247925 16.007999420166016
4556 4.481900215148926 4.092800140380859 15.081700325012207
4557 4.076099872589111 4.129300117492676 14.998000144958496
4558 4.106800079345703 4.210899829864502 14.456899642944336
4559 4.507299900054932 4.171199798583984 14.538200378417969
4560 6.08489990234375 3.7980000972747803 15.63949966430664
4561 5.685200214385986 3.8598999977111816 15.685799598693848
4562 5.687399864196777 3.7558000087738037 16.17569923400879
4563 6.078000068664551 3.879699945449829 15.127400398254395
4564 5.688000202178955 3.9453001022338867 15.167799949645996
4565 5.290299892425537 4.0019001960754395 15.17080020904541
4566 5.278299808502197 3.912899971008301 15.692299842834473
4567 5.269599914550781 3.805299997329712 16.186100006103516
4568 6.066199779510498 3.9911000728607178 14.04319953918457
4569 5.692599773406982 4.063700199127197 14.073699951171875
4570 5.691800117492676 4.012899875640869 14.628199577331543
4571 6.073200225830078 3.943700075149536 14.593099594116211
4572 5.310200214385986 4.127500057220459 14.07040023803711
4573 5.30210018157959 4.073200225830078 14.628000259399414
4574 4.906499862670898 4.1255998611450195 14.596699714660645
4575 4.92110013961792 4.183300018310547 14.037500381469727
4576 4.887400150299072 4.0507001876831055 15.140700340270996
4577 4.8480000495910645 3.847100019454956 16.15850067138672
4578 4.8668999671936035 3.9581000804901123 15.663399696350098
4579 6.052499771118164 4.023099899291992 13.484600067138672
4580 5.686500072479248 4.098700046539307 13.5108003616333
4581 6.027699947357178 4.040900230407715 12.92389965057373
4582 5.66949987411499 4.118800163269043 12.946100234985352
4583 5.30079984664917 4.188000202178955 12.936200141906738
4584 5.3109002113342285 4.165500164031982 13.504300117492676
4585 5.927199840545654 4.03849983215332 11.823599815368652
4586 5.586599826812744 4.118500232696533 11.837499618530273
4587 5.637499809265137 4.125100135803223 12.386099815368652
4588 5.987400054931641 4.045599937438965 12.368000030517578
4589 5.23360013961792 4.1894001960754395 11.819199562072754
4590 5.276199817657471 4.195700168609619 12.372300148010254
4591 4.905700206756592 4.257900238037109 12.331299781799316
4592 4.870500087738037 4.251699924468994 11.773500442504883
4593 4.923799991607666 4.248899936676025 12.898599624633789
4594 4.9278998374938965 4.2241997718811035 13.469499588012695
4595 8.156100273132324 3.089400053024292 10.941900253295898
4596 8.305999755859375 3.101900100708008 11.48840045928955
4597 8.536700248718262 2.952500104904175 11.39009952545166
4598 8.3774995803833 2.9398000240325928 10.836899757385254
4599 8.420599937438965 3.109499931335449 12.035599708557129
4600 8.658100128173828 2.9611001014709473 11.944499969482422
4601 8.881699562072754 2.806299924850464 11.8725004196167
4602 8.754300117492676 2.7969000339508057 11.308699607849121
4603 8.586899757385254 2.7843000888824463 10.747400283813477
4604 8.551400184631348 3.109299898147583 13.089699745178223
4605 8.791600227355957 2.967400074005127 13.017000198364258
4606 8.742799758911133 2.96589994430542 12.490099906921387
4607 8.501799583435059 3.111999988555908 12.57289981842041
4608 9.017000198364258 2.8183999061584473 12.97249984741211
4609 8.969300270080566 2.813199996948242 12.430100440979004
4610 9.425200462341309 2.4972000122070312 12.943900108337402
4611 9.379300117492676 2.486599922180176 12.36340045928955
4612 9.181400299072266 2.6535000801086426 12.389100074768066
4613 9.227999687194824 2.661900043487549 12.950200080871582
4614 9.287099838256836 2.4769999980926514 11.776399612426758
4615 9.091400146484375 2.6449999809265137 11.817299842834473
4616 8.968700408935547 2.4551000595092773 10.608799934387207
4617 8.784000396728516 2.62280011177063 10.671899795532227
4618 8.958700180053711 2.6350998878479004 11.242400169372559
4619 9.149800300598145 2.4670000076293945 11.189399719238281
4620 8.571499824523926 3.1012001037597656 13.575400352478027
4621 8.805500030517578 2.9658000469207764 13.515299797058105
4622 8.567700386047363 3.089099884033203 14.01449966430664
4623 8.785799980163574 2.964400053024292 13.974100112915039
4624 8.990900039672852 2.8304998874664307 13.98069953918457
4625 9.024900436401367 2.8227999210357666 13.491000175476074
4626 8.733699798583984 2.966399908065796 14.382599830627441
4627 8.545900344848633 3.074399948120117 14.391300201416016
4628 8.912500381469727 2.845900058746338 14.436599731445312
4629 9.26710033416748 2.554800033569336 14.59000015258789
4630 9.091699600219727 2.708199977874756 14.509300231933594
4631 9.371500015258789 2.528599977493286 14.061599731445312
4632 9.186100006103516 2.685499906539917 14.013799667358398
4633 9.230600357055664 2.671299934387207 13.492899894714355
4634 9.423399925231934 2.5102999210357666 13.51140022277832
4635 9.873200416564941 1.8125 14.886899948120117
4636 9.739800453186035 2.0143001079559326 14.817099571228027
4637 9.99940013885498 1.7879999876022339 14.269499778747559
4638 9.862099647521973 1.9878000020980835 14.217100143432617
4639 9.710800170898438 2.1786000728607178 14.164299964904785
4640 9.593099594116211 2.2063000202178955 14.744199752807617
4641 10.074899673461914 1.7555999755859375 12.9975004196167
4642 9.934100151062012 1.9528000354766846 12.976499557495117
4643 9.926199913024902 1.9678000211715698 13.601799964904785
4644 10.065899848937988 1.7695000171661377 13.637900352478027
4645 9.778599739074707 2.142400026321411 12.959099769592285
4646 9.772000312805176 2.157900094985962 13.567500114440918
4647 9.604100227355957 2.338900089263916 13.536800384521484
4648 9.60890007019043 2.3239998817443848 12.947500228881836
4649 9.546799659729004 2.3592000007629395 14.112099647521973
4650 9.434900283813477 2.38700008392334 14.668399810791016
4651 10.02869987487793 1.7450000047683716 12.353400230407715
4652 9.888099670410156 1.9414000511169434 12.34630012512207
4653 9.929400444030762 1.736299991607666 11.710800170898438
4654 9.79010009765625 1.9320000410079956 11.71660041809082
4655 9.63659954071045 2.1205999851226807 11.728099822998047
4656 9.73289966583252 2.130500078201294 12.344200134277344
4657 9.579999923706055 1.719499945640564 10.451000213623047
4658 9.446599960327148 1.9134999513626099 10.479299545288086
4659 9.64229965209961 1.923200011253357 11.092499732971191
4660 9.77910041809082 1.7282999753952026 11.074899673461914
4661 9.300100326538086 2.100600004196167 10.513999938964844
4662 9.491700172424316 2.1112000942230225 11.116299629211426
4663 9.327500343322754 2.2923998832702637 11.14799976348877
4664 9.140800476074219 2.281100034713745 10.556699752807617
4665 9.468899726867676 2.302299976348877 11.747400283813477
4666 9.563199996948242 2.312299966812134 12.349100112915039
4667 5.698599815368652 3.6321001052856445 16.63089942932129
4668 5.2677998542785645 3.678499937057495 16.64590072631836
4669 5.271900177001953 3.533099889755249 17.072500228881836
4670 5.717199802398682 3.489300012588501 17.052400588989258
4671 4.400199890136719 3.7495999336242676 16.5580997467041
4672 4.833899974822998 3.7172999382019043 16.61989974975586
4673 4.377500057220459 3.5989999771118164 16.98590087890625
4674 4.823999881744385 3.569200038909912 17.048500061035156
4675 4.340000152587891 3.2458999156951904 17.747299194335938
4676 4.814700126647949 3.220400094985962 17.810699462890625
4677 4.817800045013428 3.40339994430542 17.445199966430664
4678 4.357500076293945 3.430999994277954 17.381999969482422
4679 5.293000221252441 3.188800096511841 17.829999923706055
4680 5.280700206756592 3.3696000576019287 17.466899871826172
4681 5.741600036621094 3.3282999992370605 17.441200256347656
4682 5.769999980926514 3.1498000621795654 17.79840087890625
4683 3.9702999591827393 3.776900053024292 16.465499877929688
4684 3.547499895095825 3.800299882888794 16.347400665283203
4685 3.504199981689453 3.6447999477386475 16.76759910583496
4686 3.936300039291382 3.623800039291382 16.890399932861328
4687 2.737299919128418 3.8408000469207764 16.05470085144043
4688 3.1354000568389893 3.821199893951416 16.20870018005371
4689 2.683300018310547 3.680500030517578 16.462499618530273
4690 3.0852999687194824 3.663300037384033 16.62310028076172
4691 2.574899911880493 3.3101000785827637 17.18709945678711
4692 2.986299991607666 3.2973999977111816 17.359699249267578
4693 3.0352001190185547 3.488600015640259 17.00629997253418
4694 2.628700017929077 3.503499984741211 16.839500427246094
4695 3.420799970626831 3.2832000255584717 17.515100479125977
4696 3.461699962615967 3.4723000526428223 17.1564998626709
4697 3.9040000438690186 3.4535000324249268 17.28380012512207
4698 3.873699903488159 3.2664999961853027 17.646499633789062
4699 2.3952999114990234 2.382200002670288 18.306400299072266
4700 2.8252999782562256 2.376800060272217 18.497499465942383
4701 2.8580000400543213 2.629499912261963 18.25200080871582
4702 2.4321000576019287 2.636399984359741 18.064800262451172
4703 3.2894999980926514 2.369499921798706 18.669200897216797
4704 3.3157999515533447 2.620699882507324 18.420499801635742
4705 3.347100019454956 2.8570001125335693 18.145999908447266
4706 2.8965001106262207 2.867500066757202 17.981300354003906
4707 2.4751999378204346 2.8761000633239746 17.798500061035156
4708 4.2941999435424805 2.3457000255584717 18.919200897216797
4709 4.30210018157959 2.5938000679016113 18.667800903320312
4710 3.799299955368042 2.609100103378296 18.561800003051758
4711 3.7813000679016113 2.3594000339508057 18.812599182128906
4712 4.312399864196777 2.826900005340576 18.389299392700195
4713 3.821000099182129 2.843899965286255 18.284500122070312
4714 3.845900058746338 3.0631000995635986 17.979799270629883
4715 4.324900150299072 3.0443999767303467 18.082799911499023
4716 3.3822999000549316 3.078000068664551 17.844499588012695
4717 2.5232999324798584 3.100800037384033 17.50629997253418
4718 2.93969988822937 3.0901999473571777 17.68429946899414
4719 4.821499824523926 2.3276000022888184 18.980300903320312
4720 4.817999839782715 2.573899984359741 18.730100631713867
4721 5.356500148773193 2.30430006980896 18.987300872802734
4722 5.340700149536133 2.54830002784729 18.740400314331055
4723 5.32420015335083 2.7774999141693115 18.46579933166504
4724 4.815400123596191 2.8050999641418457 18.452299118041992
4725 5.863900184631348 2.5162999629974365 18.690500259399414
4726 5.892600059509277 2.2750000953674316 18.931400299072266
4727 5.832799911499023 2.7430999279022217 18.422100067138672
4728 5.801000118255615 2.9544999599456787 18.125
4729 5.3078999519348145 2.9911999702453613 18.162700653076172
4730 4.8140997886657715 3.0208001136779785 18.14620018005371
4731 6.474599838256836 3.7258999347686768 15.548999786376953
4732 6.849599838256836 3.6452999114990234 15.421099662780762
4733 6.823699951171875 3.7197000980377197 14.929300308227539
4734 6.457799911499023 3.8041000366210938 15.045499801635742
4735 7.535900115966797 3.4647998809814453 15.081000328063965
4736 7.204899787902832 3.5576999187469482 15.262800216674805
4737 7.499199867248535 3.529599905014038 14.622400283813477
4738 7.172100067138672 3.6277999877929688 14.785799980163574
4739 7.434800148010254 3.6096999645233154 13.616700172424316
4740 7.1143999099731445 3.7172999382019043 13.754199981689453
4741 7.144000053405762 3.6803998947143555 14.280599594116211
4742 7.468100070953369 3.577199935913086 14.131799697875977
4743 6.778500080108643 3.817199945449829 13.876099586486816
4744 6.801799774169922 3.7764999866485596 14.41189956665039
4745 6.4440999031066895 3.8645999431610107 14.518500328063965
4746 6.428599834442139 3.9086999893188477 13.974900245666504
4747 7.837699890136719 3.368299961090088 14.882499694824219
4748 8.106800079345703 3.2706000804901123 14.685199737548828
4749 8.07919979095459 3.318700075149536 14.273799896240234
4750 7.801400184631348 3.426500082015991 14.446100234985352
4751 8.339900016784668 3.1742000579833984 14.506799697875977
4752 8.333399772644043 3.206700086593628 14.122099876403809
4753 8.296099662780762 3.2446000576019287 13.196599960327148
4754 8.321999549865723 3.2298998832702637 13.680999755859375
4755 8.025199890136719 3.373199939727783 13.327199935913086
4756 8.055800437927246 3.3519999980926514 13.81820011138916
4757 7.771599769592285 3.4677000045776367 13.973099708557129
4758 7.7382001876831055 3.4948999881744385 13.470800399780273
4759 7.922699928283691 3.233299970626831 11.063799858093262
4760 8.062299728393555 3.245500087738037 11.605400085449219
4761 7.677000045776367 3.371000051498413 11.195899963378906
4762 7.805500030517578 3.382699966430664 11.734199523925781
4763 7.903900146484375 3.387500047683716 12.275400161743164
4764 8.169099807739258 3.251800060272217 12.14840030670166
4765 7.147500038146973 3.6257998943328857 11.463700294494629
4766 7.252600193023682 3.635999917984009 11.999500274658203
4767 7.535699844360352 3.513000011444092 11.867899894714355
4768 7.418700218200684 3.502000093460083 11.331500053405762
4769 7.332099914550781 3.6375999450683594 12.542400360107422
4770 7.624899864196777 3.5162999629974365 12.409199714660645
4771 7.690800189971924 3.510699987411499 12.946499824523926
4772 7.39109992980957 3.6294000148773193 13.084199905395508
4773 7.975800037384033 3.384700059890747 12.809700012207031
4774 8.246100425720215 3.251699924468994 12.682299613952637
4775 6.863100051879883 3.74180006980896 11.585700035095215
4776 6.956299781799316 3.751199960708618 12.122300148010254
4777 6.565100193023682 3.849600076675415 11.690899848937988
4778 6.646699905395508 3.8582000732421875 12.22920036315918
4779 6.706099987030029 3.856600046157837 12.777600288391113
4780 7.0258002281188965 3.751199960708618 12.66759967803955
4781 6.323800086975098 3.9565000534057617 12.313400268554688
4782 6.253200054168701 3.948699951171875 11.772500038146973
4783 6.373300075531006 3.9532999992370605 12.865400314331055
4784 6.406599998474121 3.9377999305725098 13.421600341796875
4785 6.748300075531006 3.843400001525879 13.329000473022461
4786 7.076700210571289 3.740499973297119 13.214099884033203
4787 6.896399974822998 0.19300000369548798 5.502600193023682
4788 7.418000221252441 0.1965000033378601 6.086400032043457
4789 6.8765997886657715 0.39750000834465027 5.52209997177124
4790 7.396999835968018 0.4050999879837036 6.104499816894531
4791 7.889400005340576 0.4117000102996826 6.688000202178955
4792 7.911499977111816 0.19939999282360077 6.671599864959717
4793 6.8028998374938965 0.8015000224113464 5.597499847412109
4794 7.3180999755859375 0.8166000247001648 6.173900127410889
4795 7.363399982452393 0.6119999885559082 6.133800029754639
4796 6.845099925994873 0.600600004196167 5.553899765014648
4797 7.805500030517578 0.8299999833106995 6.750999927520752
4798 7.853700160980225 0.6220999956130981 6.714600086212158
4799 8.684900283813477 0.8522999882698059 7.918399810791016
4800 8.73840045928955 0.6388000249862671 7.890100002288818
4801 8.31309986114502 0.6309999823570251 7.299099922180176
4802 8.262100219726562 0.8418999910354614 7.331600189208984
4803 8.777700424194336 0.42250001430511475 7.86959981918335
4804 8.350700378417969 0.4174000024795532 7.275400161743164
4805 8.373900413513184 0.20200000703334808 7.260900020599365
4806 8.802000045776367 0.20419999957084656 7.857100009918213
4807 6.750999927520752 0.9995999932289124 5.652299880981445
4808 7.2621002197265625 1.0181000232696533 6.224299907684326
4809 6.690400123596191 1.194100022315979 5.717800140380859
4810 7.196499824523926 1.2158000469207764 6.284299850463867
4811 7.67519998550415 1.235200047492981 6.851200103759766
4812 7.745699882507324 1.034600019454956 6.7967000007629395
4813 7.040200233459473 1.5968999862670898 6.431300163269043
4814 7.122200012207031 1.409000039100647 6.353499889373779
4815 6.622300148010254 1.3845000267028809 5.793399810791016
4816 7.50600004196167 1.6212999820709229 6.9847002029418945
4817 7.59499979019165 1.430999994277954 6.914100170135498
4818 8.345999717712402 1.6629999876022339 8.102899551391602
4819 8.447699546813965 1.468400001525879 8.046600341796875
4820 8.037799835205078 1.4507999420166016 7.47760009765625
4821 7.942200183868408 1.6433000564575195 7.541100025177002
4822 8.538700103759766 1.267899990081787 7.996799945831299
4823 8.123600006103516 1.2525999546051025 7.421199798583984
4824 8.198699951171875 1.049299955368042 7.372399806976318
4825 8.618000030517578 1.0622999668121338 7.953999996185303
4826 9.700300216674805 1.5184999704360962 10.427599906921387
4827 9.451000213623047 1.5089000463485718 9.81149959564209
4828 9.33430004119873 1.7086000442504883 9.844099998474121
4829 9.806599617004395 1.3113000392913818 10.408699989318848
4830 9.554400444030762 1.3029999732971191 9.784099578857422
4831 9.256999969482422 1.2929999828338623 9.175600051879883
4832 9.15719985961914 1.4974000453948975 9.211000442504883
4833 9.044899940490723 1.6956000328063965 9.252099990844727
4834 9.975099563598633 0.8815000057220459 10.382800102233887
4835 9.718799591064453 0.8758999705314636 9.743599891662598
4836 9.643899917602539 1.0916999578475952 9.761500358581543
4837 9.89840030670166 1.0987000465393066 10.394000053405762
4838 9.416199684143066 0.8691999912261963 9.121600151062012
4839 9.343600273132324 1.083400011062622 9.14579963684082
4840 9.000699996948242 1.0736000537872314 8.54419994354248
4841 9.070599555969238 0.8614000082015991 8.514100074768066
4842 8.917499542236328 1.2813999652862549 8.58080005645752
4843 8.714500427246094 1.680400013923645 8.672499656677246
4844 8.821800231933594 1.4838999509811401 8.623499870300293
4845 10.035900115966797 0.6606000065803528 10.374899864196777
4846 9.778200149536133 0.6563000082969666 9.729999542236328
4847 10.080100059509277 0.436599999666214 10.36989974975586
4848 9.821700096130371 0.43380001187324524 9.72070026397705
4849 9.516300201416016 0.43059998750686646 9.089500427246094
4850 9.474100112915039 0.6514000296592712 9.102800369262695
4851 9.848299980163574 0.20909999310970306 9.715299606323242
4852 10.107199668884277 0.21040000021457672 10.36709976196289
4853 9.5423002243042 0.20759999752044678 9.081500053405762
4854 9.192500114440918 0.20600000023841858 8.46310043334961
4855 9.1673002243042 0.426800012588501 8.473400115966797
4856 9.126399993896484 0.6456000208854675 8.490400314331055
4857 2.40910005569458 4.00540018081665 15.458200454711914
4858 2.356800079345703 3.860300064086914 15.890399932861328
4859 2.041300058364868 4.026199817657471 15.298800468444824
4860 1.9917000532150269 3.879300117492676 15.72350025177002
4861 1.9393999576568604 3.714600086212158 16.117599487304688
4862 2.3022000789642334 3.6977999210357666 16.291400909423828
4863 1.3366999626159668 4.06279993057251 15.001099586486816
4864 1.2985999584197998 3.9128000736236572 15.411499977111816
4865 1.6396000385284424 3.8970000743865967 15.561300277709961
4866 1.684499979019165 4.045599937438965 15.144100189208984
4867 1.2581000328063965 3.74429988861084 15.793299674987793
4868 1.5922000408172607 3.730299949645996 15.949000358581543
4869 1.1750999689102173 3.3552000522613525 16.473600387573242
4870 1.4952000379562378 3.3454999923706055 16.638999938964844
4871 1.5435999631881714 3.5462000370025635 16.307899475097656
4872 1.216599941253662 3.558199882507324 16.14699935913086
4873 1.832900047302246 3.3345000743865967 16.818599700927734
4874 1.8859000205993652 3.5327999591827393 16.4822998046875
4875 2.2465999126434326 3.518399953842163 16.662200927734375
4876 2.1916000843048096 3.3225998878479004 17.003999710083008
4877 0.9962000250816345 4.077400207519531 14.87720012664795
4878 0.9663000106811523 3.926300048828125 15.281700134277344
4879 0.6610999703407288 4.088500022888184 14.779399871826172
4880 0.640500009059906 3.9365999698638916 15.179200172424316
4881 0.6186000108718872 3.765500068664551 15.551899909973145
4882 0.9344000220298767 3.7562999725341797 15.658300399780273
4883 0.3192000091075897 3.9433999061584473 15.111700057983398
4884 0.3296000063419342 4.095799922943115 14.71500015258789
4885 0.30799999833106995 3.771399974822998 15.481800079345703
4886 0.2849999964237213 3.373699903488159 16.143299102783203
4887 0.29649999737739563 3.581199884414673 15.825499534606934
4888 0.5734999775886536 3.3696999549865723 16.217500686645508
4889 0.5960999727249146 3.5761001110076904 15.897899627685547
4890 0.9017000198364258 3.5683000087738037 16.007699966430664
4891 0.8690000176429749 3.3633999824523926 16.330299377441406
4892 0.24570000171661377 2.3952999114990234 17.16010093688965
4893 0.25380000472068787 2.6598000526428223 16.94339942932129
4894 0.4964999854564667 2.3951001167297363 17.241199493408203
4895 0.5123999714851379 2.658900022506714 17.0226993560791
4896 0.531000018119812 2.909899950027466 16.779600143432617
4897 0.26330000162124634 2.911900043487549 16.701900482177734
4898 1.0339000225067139 2.3935000896453857 17.5216007232666
4899 1.063099980354309 2.6547000408172607 17.296899795532227
4900 0.7806000113487244 2.657099962234497 17.143400192260742
4901 0.7574999928474426 2.3945000171661377 17.364700317382812
4902 1.0972000360488892 2.902600049972534 17.047800064086914
4903 0.8075000047683716 2.9068000316619873 16.8976993560791
4904 0.8373000025749207 3.1426000595092773 16.626800537109375
4905 1.1348999738693237 3.136399984359741 16.77359962463379
4906 0.5515999794006348 3.1473000049591064 16.51129913330078
4907 0.27379998564720154 3.1501998901367188 16.435300827026367
4908 1.3308000564575195 2.391900062561035 17.703100204467773
4909 1.364799976348877 2.651400089263916 17.47439956665039
4910 1.6532000303268433 2.3896000385284424 17.900299072265625
4911 1.6902999877929688 2.6473000049591064 17.667299270629883
4912 1.7335000038146973 2.8910999298095703 17.40999984741211
4913 1.4043999910354614 2.89739990234375 17.221399307250977
4914 2.0445001125335693 2.6422998905181885 17.867000579833984
4915 2.0064001083374023 2.386399984359741 18.104299545288086
4916 2.0889999866485596 2.884000062942505 17.605199813842773
4917 2.1386001110076904 3.1110000610351562 17.317899703979492
4918 1.781599998474121 3.1203999519348145 17.127500534057617
4919 1.4483000040054321 3.128999948501587 16.943199157714844
4920 2.049499988555908 2.6380999088287354 3.6995999813079834
4921 2.063999891281128 2.795300006866455 4.038599967956543
4922 1.711899995803833 2.6257998943328857 3.5060999393463135
4923 1.7293000221252441 2.783600091934204 3.8529999256134033
4924 1.749899983406067 2.938699960708618 4.218500137329102
4925 2.082200050354004 2.94950008392334 4.396299839019775
4926 1.0952999591827393 2.609100103378296 3.2265000343322754
4927 1.111899971961975 2.7674999237060547 3.5833001136779785
4928 1.4128999710083008 2.7744998931884766 3.701900005340576
4929 1.3949999809265137 2.6161999702453613 3.3492000102996826
4930 1.1309000253677368 2.923099994659424 3.958199977874756
4931 1.4336999654769897 2.9298999309539795 4.0731000900268555
4932 1.1753000020980835 3.2251999378204346 4.7631001472473145
4933 1.483299970626831 3.2314999103546143 4.870800018310547
4934 1.457200050354004 3.0822999477386475 4.462699890136719
4935 1.1520999670028687 3.0757999420166016 4.351500034332275
4936 1.8008999824523926 3.2390999794006348 5.00540018081665
4937 1.773800015449524 3.09060001373291 4.60260009765625
4938 2.104099988937378 3.1005001068115234 4.772799968719482
4939 2.1298000812530518 3.247999906539917 5.168000221252441
4940 0.8094000220298767 2.604099988937378 3.135499954223633
4941 0.823199987411499 2.762500047683716 3.494800090789795
4942 0.5339000225067139 2.6008999347686768 3.073699951171875
4943 0.5436999797821045 2.7592999935150146 3.434499979019165
4944 0.5547000169754028 2.914799928665161 3.812999963760376
4945 0.8388000130653381 2.918100118637085 3.8722000122070312
4946 0.2703000009059906 2.757499933242798 3.4000000953674316
4947 0.2651999890804291 2.599299907684326 3.038599967956543
4948 0.2759999930858612 2.912899971008301 3.7790000438690186
4949 0.2890999913215637 3.2144999504089355 4.59089994430542
4950 0.2822999954223633 3.065200090408325 4.175899982452393
4951 0.5800999999046326 3.2167000770568848 4.624300003051758
4952 0.5669000148773193 3.0673000812530518 4.209499835968018
4953 0.8561000227928162 3.07069993019104 4.267600059509277
4954 0.8748000264167786 3.2202000617980957 4.681300163269043
4955 0.3197000026702881 3.780100107192993 6.437600135803223
4956 0.311599999666214 3.6435000896453857 5.947500228881836
4957 0.6399999856948853 3.7820000648498535 6.469600200653076
4958 0.6241999864578247 3.645699977874756 5.979800224304199
4959 0.6087999939918518 3.50600004196167 5.509200096130371
4960 0.30379998683929443 3.503700017929077 5.476500034332275
4961 1.2851999998092651 3.7880001068115234 6.595699787139893
4962 1.2554999589920044 3.652899980545044 6.109399795532227
4963 0.9384999871253967 3.648900032043457 6.03380012512207
4964 0.9616000056266785 3.7848000526428223 6.522299766540527
4965 1.2272000312805176 3.5139000415802 5.642000198364258
4966 0.9161999821662903 3.509500026702881 5.564300060272217
4967 0.8949000239372253 3.366499900817871 5.113500118255615
4968 1.2003999948501587 3.371299982070923 5.193299770355225
4969 0.5940999984741211 3.3629000186920166 5.057400226593018
4970 0.2962999939918518 3.3606998920440674 5.024400234222412
4971 1.611299991607666 3.791300058364868 6.689300060272217
4972 1.5759999752044678 3.6572999954223633 6.206600189208984
4973 1.9407000541687012 3.7941999435424805 6.802800178527832
4974 1.9011000394821167 3.661900043487549 6.325500011444092
4975 1.8645999431610107 3.5250000953674316 5.866799831390381
4976 1.5428999662399292 3.519200086593628 5.742700099945068
4977 2.2314999103546143 3.6661999225616455 6.466000080108643
4978 2.273900032043457 3.7964000701904297 6.935999870300293
4979 2.1933999061584473 3.5311999320983887 6.014599800109863
4980 2.1594998836517334 3.391700029373169 5.581999778747559
4981 1.8312000036239624 3.384000062942505 5.426799774169922
4982 1.5118999481201172 3.37719988822937 5.297399997711182
4983 2.5998001098632812 4.482600212097168 11.204299926757812
4984 2.607599973678589 4.4934000968933105 11.772100448608398
4985 2.2237000465393066 4.502900123596191 11.10420036315918
4986 2.2293999195098877 4.515399932861328 11.668499946594238
4987 2.2253000736236572 4.506400108337402 12.229399681091309
4988 2.6043999195098877 4.4832000732421875 12.338299751281738
4989 1.4776999950408936 4.531499862670898 10.930399894714355
4990 1.4803999662399292 4.547500133514404 11.485600471496582
4991 1.8538000583648682 4.533299922943115 11.571999549865723
4992 1.8497999906539917 4.519000053405762 11.01200008392334
4993 1.4764000177383423 4.541500091552734 12.034099578857422
4994 1.8494999408721924 4.5258002281188965 12.126700401306152
4995 1.4499000310897827 4.464700222015381 13.097700119018555
4996 1.81850004196167 4.446899890899658 13.206299781799316
4997 1.837499976158142 4.496799945831299 12.672699928283691
4998 1.465999960899353 4.513800144195557 12.572500228881836
4999 2.1910998821258545 4.42579984664917 13.324999809265137
5000 2.2123000621795654 4.476399898529053 12.782899856567383
5001 2.5910000801086426 4.452499866485596 12.898799896240234
5002 2.5685999393463135 4.401599884033203 13.449000358581543
5003 1.1069999933242798 4.540599822998047 10.862000465393066
5004 1.1088000535964966 4.558199882507324 11.412699699401855
5005 0.7373999953269958 4.546599864959717 10.809700012207031
5006 0.7383999824523926 4.5655999183654785 11.356499671936035
5007 0.7360000014305115 4.56220006942749 11.894100189208984
5008 1.1053999662399292 4.553599834442139 11.955300331115723
5009 0.36899998784065247 4.569799900054932 11.320199966430664
5010 0.3684999942779541 4.550000190734863 10.776200294494629
5011 0.3677000105381012 4.567299842834473 11.854299545288086
5012 0.3605000078678131 4.496099948883057 12.883199691772461
5013 0.36489999294281006 4.542600154876709 12.376099586486816
5014 0.7217000126838684 4.489500045776367 12.931099891662598
5015 0.730400025844574 4.536799907684326 12.4197998046875
5016 1.0972000360488892 4.527100086212158 12.486700057983398
5017 1.0845999717712402 4.479000091552734 13.004300117492676
5018 0.3391000032424927 4.227499961853027 14.291299819946289
5019 0.6797000169754028 4.220099925994873 14.352100372314453
5020 0.6962000131607056 4.330900192260742 13.899800300598145
5021 0.3474999964237213 4.338200092315674 13.843199729919434
5022 1.371399998664856 4.193399906158447 14.561300277709961
5023 1.023300051689148 4.208499908447266 14.444299697875977
5024 1.4020999670028687 4.304100036621094 14.09529972076416
5025 1.0472999811172485 4.319399833679199 13.985899925231934
5026 1.0678999423980713 4.4096999168396 13.505000114440918
5027 1.4285000562667847 4.394700050354004 13.606300354003906
5028 0.7103000283241272 4.42080020904541 13.425299644470215
5029 0.3546000123023987 4.4278998374938965 13.373000144958496
5030 1.7253999710083008 4.175300121307373 14.69629955291748
5031 2.086899995803833 4.154799938201904 14.842599868774414
5032 2.1275999546051025 4.264500141143799 14.35890007019043
5033 1.7618000507354736 4.285699844360352 14.221699714660645
5034 2.45740008354187 4.132500171661377 14.993499755859375
5035 2.5007998943328857 4.241099834442139 14.500699996948242
5036 2.5381999015808105 4.330999851226807 13.984399795532227
5037 2.162600040435791 4.355000019073486 13.851699829101562
5038 1.7930999994277954 4.376299858093262 13.723799705505371
5039 2.1545000076293945 0.1550000011920929 1.0540000200271606
5040 2.5785000324249268 0.15800000727176666 1.389299988746643
5041 1.7711000442504883 0.1527000069618225 0.772599995136261
5042 1.7640000581741333 0.3163999915122986 0.8037999868392944
5043 2.146199941635132 0.32089999318122864 1.083799958229065
5044 2.569000005722046 0.32670000195503235 1.4177000522613525
5045 1.1031999588012695 0.14970000088214874 0.3603000044822693
5046 1.4226000308990479 0.1509999930858612 0.5422999858856201
5047 1.0985000133514404 0.31040000915527344 0.39419999718666077
5048 1.4168000221252441 0.31290000677108765 0.5748999714851379
5049 1.0836999416351318 0.6327999830245972 0.5300999879837036
5050 1.3978999853134155 0.6376000046730042 0.7059999704360962
5051 1.4082000255584717 0.47510001063346863 0.6294000148773193
5052 1.0917999744415283 0.47130000591278076 0.45080000162124634
5053 1.7410999536514282 0.6442999839782715 0.9297000169754028
5054 1.7537000179290771 0.48019999265670776 0.8560000061988831
5055 2.5371999740600586 0.6642000079154968 1.5328999757766724
5056 2.554800033569336 0.49549999833106995 1.465499997138977
5057 2.1338999271392822 0.4869000017642975 1.1337000131607056
5058 2.1189000606536865 0.652999997138977 1.204200029373169
5059 0.8070999979972839 0.14880000054836273 0.22380000352859497
5060 0.5282999873161316 0.14830000698566437 0.1298000067472458
5061 0.5260000228881836 0.3075999915599823 0.16580000519752502
5062 0.803600013256073 0.3086000084877014 0.2587999999523163
5063 0.2612999975681305 0.14800000190734863 0.07569999992847443
5064 0.26010000705718994 0.3070000112056732 0.11230000108480453
5065 0.2565000057220459 0.6265000104904175 0.25780001282691956
5066 0.25839999318122864 0.46650001406669617 0.17299999296665192
5067 0.5187000036239624 0.6273999810218811 0.3091000020503998
5068 0.5227000117301941 0.46720001101493835 0.225600004196167
5069 0.7985000014305115 0.46880000829696655 0.3172000050544739
5070 0.7925000190734863 0.6294999718666077 0.39879998564720154
5071 0.24959999322891235 1.2761000394821167 0.833299994468689
5072 0.2506999969482422 1.111799955368042 0.6542999744415283
5073 0.5045999884605408 1.2776999473571777 0.8784000277519226
5074 0.507099986076355 1.1132999658584595 0.7009999752044678
5075 0.5105000138282776 0.9502999782562256 0.5468999743461609
5076 0.2524000108242035 0.9488999843597412 0.4986000061035156
5077 1.0529999732971191 1.2862999439239502 1.0765999555587769
5078 1.058899998664856 1.121500015258789 0.9054999947547913
5079 0.7746000289916992 1.1164000034332275 0.7835999727249146
5080 0.7706000208854675 1.280900001525879 0.958299994468689
5081 1.066499948501587 0.9577000141143799 0.7573999762535095
5082 0.7799999713897705 0.9531000256538391 0.632099986076355
5083 0.7860999703407288 0.7907999753952026 0.5037999749183655
5084 1.0750000476837158 0.7947999835014343 0.6323000192642212
5085 0.5145000219345093 0.7883999943733215 0.4162999987602234
5086 0.25440001487731934 0.7871999740600586 0.36629998683929443
5087 1.3573999404907227 1.2942999601364136 1.236899971961975
5088 1.3655999898910522 1.1289000511169434 1.070099949836731
5089 1.6892000436782837 1.3051999807357788 1.4426000118255615
5090 1.7001999616622925 1.1390999555587769 1.2811000347137451
5091 1.7132999897003174 0.9736999869346619 1.1418999433517456
5092 1.3756999969482422 0.9643999934196472 0.9261999726295471
5093 2.4758999347686768 1.169700026512146 1.8558000326156616
5094 2.06850004196167 1.1526000499725342 1.5418000221252441
5095 2.053800106048584 1.319700002670288 1.6972999572753906
5096 2.4964001178741455 1.0012999773025513 1.7276999950408936
5097 2.0850000381469727 0.98580002784729 1.4079999923706055
5098 2.1022000312805176 0.8192999958992004 1.2956000566482544
5099 2.5172998905181885 0.8327999711036682 1.6202000379562378
5100 1.7273000478744507 0.8087000250816345 1.024899959564209
5101 1.3868000507354736 0.8007000088691711 0.8048999905586243
5102 0.3278999924659729 3.913300037384033 6.947199821472168
5103 0.335999995470047 4.0406999588012695 7.472899913787842
5104 0.6722000241279602 4.041900157928467 7.503600120544434
5105 0.6561999917030334 3.914900064468384 6.978499889373779
5106 0.3508000075817108 4.268799781799316 8.559000015258789
5107 0.34369999170303345 4.159999847412109 8.011300086975098
5108 0.7019000053405762 4.268700122833252 8.588899612426758
5109 0.6876000165939331 4.160600185394287 8.041500091552734
5110 1.405400037765503 4.265600204467773 8.701700210571289
5111 1.3772000074386597 4.160299777984619 8.156599998474121
5112 1.032099962234497 4.160900115966797 8.090299606323242
5113 1.0533000230789185 4.2677998542785645 8.636899948120117
5114 1.347100019454956 4.044000148773193 7.622099876403809
5115 1.0091999769210815 4.0432000160217285 7.553599834442139
5116 0.9854000210762024 3.9170000553131104 7.029900074005127
5117 1.316100001335144 3.9191999435424805 7.100800037384033
5118 0.3571000099182129 4.36460018157959 9.112799644470215
5119 0.36239999532699585 4.445000171661377 9.669099807739258
5120 0.7249000072479248 4.443299770355225 9.699600219726562
5121 0.7145000100135803 4.363699913024902 9.1427001953125
5122 0.3662000000476837 4.507599830627441 10.224699974060059
5123 0.7328000068664551 4.505099773406982 10.25629997253418
5124 1.4678000211715698 4.4928998947143555 10.371500015258789
5125 1.0999000072479248 4.50029993057251 10.306099891662598
5126 1.451799988746643 4.434199810028076 9.81190013885498
5127 1.0880000591278076 4.439899921417236 9.74779987335205
5128 1.0721999406814575 4.361599922180176 9.190400123596191
5129 1.4306000471115112 4.357699871063232 9.254400253295898
5130 2.9539999961853027 4.428100109100342 10.74530029296875
5131 2.579699993133545 4.450399875640869 10.639699935913086
5132 2.918600082397461 4.379300117492676 10.188199996948242
5133 2.5495998859405518 4.398900032043457 10.079999923706055
5134 2.1823999881744385 4.4141998291015625 9.979900360107422
5135 2.2074999809265137 4.468400001525879 10.540599822998047
5136 2.824199914932251 4.232800006866455 9.101900100708008
5137 2.4674999713897705 4.245699882507324 8.983400344848633
5138 2.5114998817443848 4.329899787902832 9.527199745178223
5139 2.874500036239624 4.313600063323975 9.639800071716309
5140 2.112299919128418 4.255099773406982 8.876299858093262
5141 2.150099992752075 4.342400074005127 9.424400329589844
5142 1.7898000478744507 4.351500034332275 9.332900047302246
5143 1.7583999633789062 4.261600017547607 8.781900405883789
5144 1.816499948501587 4.425899982452393 9.889900207519531
5145 1.836899995803833 4.482399940490723 10.450499534606934
5146 2.7702999114990234 4.138999938964844 8.576199531555176
5147 2.4196999073028564 4.148200035095215 8.450400352478027
5148 2.7151999473571777 4.033899784088135 8.064299583435059
5149 2.3701000213623047 4.0395002365112305 7.930200099945068
5150 2.0271999835968018 4.042699813842773 7.811200141906738
5151 2.0708000659942627 4.1545000076293945 8.337800025939941
5152 2.3208000659942627 3.9214999675750732 7.424699783325195
5153 2.6614999771118164 3.9193999767303467 7.567800045013428
5154 1.983299970626831 3.9219000339508057 7.298799991607666
5155 1.6484999656677246 3.9210000038146973 7.190700054168701
5156 1.6863000392913818 4.044099807739258 7.7083001136779785
5157 1.7233999967575073 4.158299922943115 8.239500045776367
5158 3.0058999061584473 3.91510009765625 7.727499961853027
5159 3.062999963760376 4.025400161743164 8.212699890136719
5160 3.4089999198913574 4.013299942016602 8.369000434875488
5161 3.348900079727173 3.9079999923706055 7.89769983291626
5162 3.1826000213623047 4.21589994430542 9.230600357055664
5163 3.1229000091552734 4.126200199127197 8.714200019836426
5164 3.5394999980926514 4.194200038909912 9.36299991607666
5165 3.47379994392395 4.109300136566162 8.857799530029297
5166 4.236999988555908 4.133299827575684 9.613499641418457
5167 4.155600070953369 4.0594000816345215 9.136300086975098
5168 3.819200038909912 4.087200164794922 9.000699996948242
5169 3.8919999599456787 4.166999816894531 9.492799758911133
5170 4.078199863433838 3.9755001068115234 8.679900169372559
5171 3.7488999366760254 3.9969000816345215 8.526900291442871
5172 3.6856000423431396 3.89739990234375 8.07229995727539
5173 4.010900020599365 3.8826000690460205 8.245200157165527
5174 3.239000082015991 4.292799949645996 9.760600090026855
5175 3.289400100708008 4.355000019073486 10.302599906921387
5176 3.6596999168395996 4.325300216674805 10.417499542236328
5177 3.60260009765625 4.2667999267578125 9.883299827575684
5178 3.3306000232696533 4.400899887084961 10.855299949645996
5179 3.707200050354004 4.368199825286865 10.964300155639648
5180 4.451700210571289 4.283899784088135 11.15779972076416
5181 4.081699848175049 4.329500198364258 11.066900253295898
5182 4.3892998695373535 4.246799945831299 10.625699996948242
5183 4.027100086212158 4.2895002365112305 10.527099609375
5184 3.962599992752075 4.234799861907959 10.001999855041504
5185 4.316299915313721 4.196199893951416 10.110400199890137
5186 5.842599868774414 4.020599842071533 11.29740047454834
5187 5.512800216674805 4.099899768829346 11.30679988861084
5188 5.737800121307373 3.993299961090088 10.792200088500977
5189 5.420400142669678 4.0706000328063965 10.796699523925781
5190 5.0883002281188965 4.1381001472473145 10.766400337219238
5191 5.16949987411499 4.1697998046875 11.283100128173828
5192 5.483500003814697 3.914900064468384 9.856599807739258
5193 5.197400093078613 3.9844000339508057 9.849100112915039
5194 5.313799858093262 4.031700134277344 10.309900283813477
5195 5.616799831390381 3.9576001167297363 10.310999870300293
5196 4.892499923706055 4.0432000160217285 9.800299644470215
5197 4.9944000244140625 4.0954999923706055 10.271400451660156
5198 4.661099910736084 4.150000095367432 10.20259952545166
5199 4.571400165557861 4.092400074005127 9.718899726867676
5200 4.743800163269043 4.196599960327148 10.70740032196045
5201 4.815100193023682 4.230899810791016 11.23169994354248
5202 5.342199802398682 3.866300106048584 9.431699752807617
5203 5.0756001472473145 3.9298999309539795 9.416899681091309
5204 5.201000213623047 3.8152999877929688 9.047200202941895
5205 4.9583001136779785 3.870500087738037 9.021100044250488
5206 4.6875 3.9137001037597656 8.939599990844727
5207 4.786900043487549 3.982300043106079 9.355500221252441
5208 4.855800151824951 3.808199882507324 8.66919994354248
5209 5.06820011138916 3.765500068664551 8.71399974822998
5210 4.6041998863220215 3.8385000228881836 8.5556001663208
5211 4.319799900054932 3.8631999492645264 8.410200119018555
5212 4.392600059509277 3.9482998847961426 8.821700096130371
5213 4.4791998863220215 4.024899959564209 9.258299827575684
5214 5.234600067138672 3.703399896621704 8.653200149536133
5215 5.411300182342529 3.7451999187469482 8.999199867248535
5216 5.598700046539307 3.6612000465393066 8.89579963684082
5217 5.376699924468994 3.6240999698638916 8.523200035095215
5218 5.748000144958496 3.8334999084472656 9.81410026550293
5219 5.583700180053711 3.789799928665161 9.388699531555176
5220 5.993599891662598 3.740999937057495 9.730899810791016
5221 5.804200172424316 3.7012999057769775 9.299300193786621
5222 6.439000129699707 3.525599956512451 9.478799819946289
5223 6.199399948120117 3.4914000034332275 9.026100158691406
5224 6.007999897003174 3.601599931716919 9.174599647521973
5225 6.2230000495910645 3.6380999088287354 9.616100311279297
5226 5.93720006942749 3.4565999507904053 8.592100143432617
5227 5.772600173950195 3.56469988822937 8.755800247192383
5228 5.515699863433838 3.5299999713897705 8.36050033569336
5229 5.652500152587891 3.4230000972747803 8.177200317382812
5230 5.900700092315674 3.8724000453948975 10.267800331115723
5231 6.0381999015808105 3.905400037765503 10.747099876403809
5232 6.322500228881836 3.8076999187469482 10.668299674987793
5233 6.167300224304199 3.776900053024292 10.187899589538574
5234 6.156799793243408 3.931299924850464 11.249500274658203
5235 6.455999851226807 3.83240008354187 11.169899940490723
5236 7.01170015335083 3.6085000038146973 10.942899703979492
5237 6.740799903869629 3.724600076675415 11.065500259399414
5238 6.8470001220703125 3.5852999687194824 10.437999725341797
5239 6.591700077056885 3.7007999420166016 10.562899589538574
5240 6.418399810791016 3.6714999675750732 10.079299926757812
5241 6.6554999351501465 3.5571999549865723 9.949700355529785
5242 7.968900203704834 3.071899890899658 10.406499862670898
5243 7.747399806976318 3.2156999111175537 10.534000396728516
5244 7.746600151062012 3.0501999855041504 9.882200241088867
5245 7.538300037384033 3.1935999393463135 10.015899658203125
5246 7.319399833679199 3.3310000896453857 10.157600402832031
5247 7.514400005340576 3.3533999919891357 10.67039966583252
5248 7.204500198364258 2.996799945831299 8.865599632263184
5249 7.026100158691406 3.1389000415802 9.014699935913086
5250 7.2972002029418945 3.1677000522613525 9.509499549865723
5251 7.491099834442139 3.024899959564209 9.368599891662598
5252 6.839600086212158 3.2750000953674316 9.171199798583984
5253 7.093900203704834 3.304500102996826 9.657899856567383
5254 6.880300045013428 3.4346001148223877 9.806900024414062
5255 6.644199848175049 3.4042000770568848 9.328200340270996
5256 7.089300155639648 3.4618000984191895 10.300600051879883
5257 7.2692999839782715 3.484600067138672 10.808899879455566
5258 6.888700008392334 2.9665000438690186 8.372900009155273
5259 6.7266998291015625 3.1080000400543213 8.531599998474121
5260 6.54580020904541 2.9346001148223877 7.890399932861328
5261 6.400899887084961 3.075700044631958 8.059900283813477
5262 6.251200199127197 3.210700035095215 8.237700462341309
5263 6.55810022354126 3.2434000968933105 8.697799682617188
5264 6.05049991607666 3.0429000854492188 7.599800109863281
5265 6.177800178527832 2.901900053024292 7.417900085449219
5266 5.920300006866455 3.1779000759124756 7.790999889373779
5267 5.787399768829346 3.3050999641418457 7.985400199890137
5268 6.096700191497803 3.338099956512451 8.417200088500977
5269 6.382599830627441 3.3715999126434326 8.864899635314941
5270 6.098100185394287 1.357699990272522 5.231200218200684
5271 6.159900188446045 1.170199990272522 5.14900016784668
5272 5.613699913024902 1.1447999477386475 4.585400104522705
5273 5.558499813079834 1.329200029373169 4.674300193786621
5274 6.263000011444092 0.7846999764442444 5.019000053405762
5275 6.215199947357178 0.9789999723434448 5.078100204467773
5276 5.707300186157227 0.766700029373169 4.445700168609619
5277 5.663700103759766 0.957099974155426 4.509099960327148
5278 4.583799839019775 0.7293000221252441 3.344899892807007
5279 4.548699855804443 0.9117000102996826 3.4163999557495117
5280 5.105299949645996 0.9344000220298767 3.952699899673462
5281 5.144599914550781 0.7480999827384949 3.8852999210357666
5282 4.509300231933594 1.0922000408172607 3.5034000873565674
5283 5.0605998039245605 1.118499994277954 4.03439998626709
5284 5.0117998123168945 1.2999000549316406 4.130099773406982
5285 4.466800212860107 1.2705999612808228 3.605799913406372
5286 6.30210018157959 0.5878000259399414 4.972099781036377
5287 6.331399917602539 0.38909998536109924 4.938000202178955
5288 5.770400047302246 0.3799000084400177 4.359600067138672
5289 5.743199825286865 0.5741000175476074 4.3958001136779785
5290 6.349899768829346 0.1889999955892563 4.917200088500977
5291 5.787600040435791 0.18449999392032623 4.337600231170654
5292 4.6508002281188965 0.17499999701976776 3.2249999046325684
5293 5.218200206756592 0.17980000376701355 3.7711000442504883
5294 4.636099815368652 0.36059999465942383 3.2490999698638916
5295 5.202300071716309 0.3702999949455261 3.7941999435424805
5296 5.177299976348877 0.5598999857902527 3.8322999477386475
5297 4.613399982452393 0.5454999804496765 3.289099931716919
5298 3.049099922180176 0.1615999937057495 1.7812999486923218
5299 3.038300037384033 0.33390000462532043 1.808500051498413
5300 3.5452001094818115 0.34209999442100525 2.2488999366760254
5301 3.557300090789795 0.1657000035047531 2.2228000164031982
5302 3.0016000270843506 0.6779000163078308 1.9185999631881714
5303 3.0220999717712402 0.5059999823570251 1.854200005531311
5304 3.503499984741211 0.6937000155448914 2.3541998863220215
5305 3.526900053024292 0.5181999802589417 2.2927000522613525
5306 4.060299873352051 0.531499981880188 2.773400068283081
5307 4.033899784088135 0.7110000252723694 2.8320999145507812
5308 4.0808000564575195 0.35109999775886536 2.7314999103546143
5309 4.094200134277344 0.17030000686645508 2.706399917602539
5310 2.978300094604492 0.849399983882904 2.002000093460083
5311 2.9532999992370605 1.020400047302246 2.104599952697754
5312 3.446899890899658 1.0424000024795532 2.531100034713745
5313 3.4763998985290527 0.8684999942779541 2.4335999488830566
5314 2.927999973297119 1.1908999681472778 2.226599931716919
5315 3.416300058364868 1.2152999639511108 2.646699905395508
5316 3.9321000576019287 1.2422000169754028 3.1089000701904297
5317 3.9684998989105225 1.06659996509552 2.999799966812134
5318 4.002799987792969 0.8895000219345093 2.9075000286102295
5319 6.459000110626221 1.9871000051498413 19.010299682617188
5320 6.988699913024902 1.9474999904632568 18.79210090637207
5321 6.489200115203857 1.7236000299453735 19.190500259399414
5322 7.02839994430542 1.6888999938964844 18.96299934387207
5323 7.548999786376953 1.6497000455856323 18.65839958190918
5324 7.499599933624268 1.902899980545044 18.49850082397461
5325 6.5335001945495605 1.1678999662399292 19.470600128173828
5326 7.086999893188477 1.1439000368118286 19.229000091552734
5327 7.061100006103516 1.4204000234603882 19.108699798583984
5328 6.513899803161621 1.4500000476837158 19.3439998626709
5329 7.622300148010254 1.1167999505996704 18.908000946044922
5330 7.589799880981445 1.3870999813079834 18.79509925842285
5331 8.609399795532227 1.0577000379562378 18.06049919128418
5332 8.563599586486816 1.3143999576568604 17.96430015563965
5333 8.093000411987305 1.3513000011444092 18.410900115966797
5334 8.132200241088867 1.0877000093460083 18.515899658203125
5335 8.506799697875977 1.5642999410629272 17.848800659179688
5336 8.044099807739258 1.6075999736785889 18.284400939941406
5337 7.985199928283691 1.8551000356674194 18.136999130249023
5338 8.438599586486816 1.805799961090088 17.714799880981445
5339 6.5482001304626465 0.8791999816894531 19.569900512695312
5340 7.106599807739258 0.8608999848365784 19.323299407958984
5341 6.5584001541137695 0.5853000283241272 19.641300201416016
5342 7.120100021362305 0.5730000138282776 19.391199111938477
5343 7.664100170135498 0.5591999888420105 19.06089973449707
5344 7.646999835968018 0.8403000235557556 18.99679946899414
5345 7.127900123596191 0.28189998865127563 19.432300567626953
5346 6.564199924468994 0.288100004196167 19.68440055847168
5347 7.673999786376953 0.27489998936653137 19.099700927734375
5348 8.683600425720215 0.2596000134944916 18.22599983215332
5349 8.195099830627441 0.26739999651908875 18.694900512695312
5350 8.669099807739258 0.5289000272750854 18.192100524902344
5351 8.182900428771973 0.5443000197410583 18.65839958190918
5352 8.161999702453613 0.8181999921798706 18.598600387573242
5353 8.644499778747559 0.7954000234603882 18.136699676513672
5354 10.161299705505371 0.2313999980688095 15.874600410461426
5355 9.878399848937988 0.23749999701976776 16.51740074157715
5356 10.13860034942627 0.4738999903202057 15.852299690246582
5357 9.857399940490723 0.4855000078678131 16.492000579833984
5358 9.513799667358398 0.49900001287460327 17.10070037841797
5359 9.53279972076416 0.2443999946117401 17.129100799560547
5360 10.047599792480469 0.9510999917984009 15.76930046081543
5361 9.773099899291992 0.9735000133514404 16.396400451660156
5362 9.82229995727539 0.7312999963760376 16.4512996673584
5363 10.100700378417969 0.7142000198364258 15.816800117492676
5364 9.437100410461426 0.9994000196456909 16.992700576782227
5365 9.482000350952148 0.7511000037193298 17.054899215698242
5366 9.086899757385254 0.7727000117301941 17.61949920654297
5367 9.046799659729004 1.027899980545044 17.550100326538086
5368 9.11520004272461 0.5135999917984009 17.67020034790039
5369 9.131999969482422 0.25189998745918274 17.7012996673584
5370 9.979599952697754 1.1835999488830566 15.711099624633789
5371 9.709699630737305 1.2110999822616577 16.328500747680664
5372 9.896499633789062 1.4106999635696411 15.643500328063965
5373 9.6318998336792 1.4428999423980713 16.24880027770996
5374 9.307600021362305 1.480299949645996 16.823299407958984
5375 9.378999710083008 1.242900013923645 16.91510009765625
5376 9.539899826049805 1.667799949645996 16.15850067138672
5377 9.798399925231934 1.6312999725341797 15.567700386047363
5378 9.222700119018555 1.7102999687194824 16.71809959411621
5379 8.853300094604492 1.7568999528884888 17.23940086364746
5380 8.93019962310791 1.521299958229065 17.35919952392578
5381 8.994600296020508 1.2777999639511108 17.46299934387207
5382 9.991399765014648 1.6024999618530273 14.953300476074219
5383 10.094300270080566 1.3854000568389893 15.015000343322754
5384 10.227800369262695 1.3658000230789185 14.36870002746582
5385 10.121299743652344 1.580299973487854 14.32040023803711
5386 10.253499984741211 0.9333999752998352 15.119400024414062
5387 10.181699752807617 1.1619999408721924 15.070799827575684
5388 10.393099784851074 0.919700026512146 14.452199935913086
5389 10.318400382995605 1.1452000141143799 14.413000106811523
5390 10.483200073242188 0.9014000296592712 13.086899757385254
5391 10.405200004577637 1.1230000257492065 13.065899848937988
5392 10.39210033416748 1.1325000524520874 13.742899894714355
5393 10.468899726867676 0.9093000292778015 13.772899627685547
5394 10.310799598693848 1.3398000001907349 13.043299674987793
5395 10.299200057983398 1.3509000539779663 13.709699630737305
5396 10.190299987792969 1.563599944114685 13.674300193786621
5397 10.200599670410156 1.5508999824523926 13.0201997756958
5398 10.309599876403809 0.7006000280380249 15.159500122070312
5399 10.349800109863281 0.46459999680519104 15.18970012664795
5400 10.493599891662598 0.45730000734329224 14.50979995727539
5401 10.451600074768066 0.6901000142097473 14.484800338745117
5402 10.374099731445312 0.2264000028371811 15.208900451660156
5403 10.519100189208984 0.2223999947309494 14.525799751281738
5404 10.615900039672852 0.21660000085830688 13.128999710083008
5405 10.598799705505371 0.219200000166893 13.830599784851074
5406 10.58899974822998 0.4474000036716461 13.119500160217285
5407 10.572500228881836 0.45170000195503235 13.817899703979492
5408 10.52910041809082 0.6819999814033508 13.798199653625488
5409 10.544599533081055 0.6758999824523926 13.10509967803955
5410 10.315999984741211 0.21170000731945038 11.039899826049805
5411 10.288599967956543 0.4390000104904175 11.039799690246582
5412 10.444499969482422 0.44130000472068787 11.725000381469727
5413 10.472000122070312 0.21299999952316284 11.72819995880127
5414 10.182100296020508 0.8862000107765198 11.042099952697754
5415 10.243800163269043 0.6640999913215637 11.040300369262695
5416 10.337400436401367 0.8906000256538391 11.716099739074707
5417 10.399499893188477 0.6675000190734863 11.72070026397705
5418 10.50059986114502 0.6711999773979187 12.410799980163574
5419 10.438599586486816 0.8953999876976013 12.399499893188477
5420 10.545499801635742 0.4440000057220459 12.420000076293945
5421 10.572799682617188 0.21459999680519104 12.426300048828125
5422 10.10420036315918 1.1044000387191772 11.045900344848633
5423 10.010700225830078 1.3180999755859375 11.052200317382812
5424 10.164299964904785 1.3243999481201172 11.70930004119873
5425 10.25879955291748 1.1097999811172485 11.7121000289917
5426 9.902099609375 1.5262999534606934 11.061699867248535
5427 10.054300308227539 1.5334999561309814 11.708600044250488
5428 10.154500007629395 1.5413000583648682 12.363200187683105
5429 10.26509952545166 1.3313000202178955 12.374799728393555
5430 10.359999656677246 1.1157000064849854 12.387200355529785
5431 2.366300106048584 2.113800048828125 18.524499893188477
5432 2.7994000911712646 2.1096999645233154 18.719100952148438
5433 2.3440001010894775 1.8331999778747559 18.717899322509766
5434 2.7797000408172607 1.8301000595092773 18.915300369262695
5435 3.2530999183654785 1.8251999616622925 19.091299057006836
5436 3.2688000202178955 2.1036999225616455 18.893199920654297
5437 2.3162999153137207 1.2419999837875366 19.025100708007812
5438 2.7553000450134277 1.240399956703186 19.226699829101562
5439 2.7653000354766846 1.5397000312805176 19.084999084472656
5440 2.3276000022888184 1.5420000553131104 18.88520050048828
5441 3.2339999675750732 1.2374000549316406 19.40489959716797
5442 3.2416999340057373 1.5358999967575073 19.262300491333008
5443 4.281400203704834 1.2257000207901 19.654600143432617
5444 4.28249979019165 1.5211999416351318 19.513099670410156
5445 3.7499001026153564 1.5298999547958374 19.408000946044922
5446 3.7451000213623047 1.232699990272522 19.550600051879883
5447 4.2846999168396 1.8076000213623047 19.34280014038086
5448 3.7571001052856445 1.8178999423980713 19.236799240112305
5449 3.7674999237060547 2.095099925994873 19.038000106811523
5450 4.28849983215332 2.0829999446868896 19.144500732421875
5451 2.3090999126434326 0.9348999857902527 19.136199951171875
5452 2.749000072479248 0.933899998664856 19.33930015563965
5453 2.305000066757202 0.6226000189781189 19.217300415039062
5454 2.7455999851226807 0.621999979019165 19.42140007019043
5455 3.2267000675201416 0.6205999851226807 19.600400924682617
5456 3.2291998863220215 0.9316999912261963 19.51810073852539
5457 2.7441999912261963 0.30649998784065247 19.47170066833496
5458 2.303299903869629 0.3068000078201294 19.267000198364258
5459 3.2256999015808105 0.3057999908924103 19.650800704956055
5460 4.281899929046631 0.3028999865055084 19.896400451660156
5461 3.7407000064849854 0.3046000003814697 19.795400619506836
5462 4.281499862670898 0.614799976348877 19.84709930419922
5463 3.7411000728607178 0.6182000041007996 19.745399475097656
5464 3.7423999309539795 0.9282000064849854 19.663400650024414
5465 4.281199932098389 0.9229999780654907 19.766199111938477
5466 5.990499973297119 0.29319998621940613 19.847900390625
5467 5.986400127410889 0.5953999757766724 19.802799224853516
5468 5.411399841308594 0.6035000085830688 19.884899139404297
5469 5.414100170135498 0.2973000109195709 19.931699752807617
5470 5.968900203704834 1.1877000331878662 19.624900817871094
5471 5.9791998863220215 0.8942000269889832 19.728300094604492
5472 5.4004998207092285 1.2036999464035034 19.7007999420166
5473 5.406899929046631 0.9063000082969666 19.80780029296875
5474 4.838500022888184 0.9157999753952026 19.817399978637695
5475 4.835599899291992 1.2161999940872192 19.707700729370117
5476 4.840700149536133 0.6098999977111816 19.896699905395508
5477 4.842100143432617 0.3005000054836273 19.944900512695312
5478 5.9552001953125 1.4743000268936157 19.493000030517578
5479 5.9380998611450195 1.7522000074386597 19.333099365234375
5480 5.382299900054932 1.7753000259399414 19.399999618530273
5481 5.392300128936768 1.49399995803833 19.564699172973633
5482 5.917200088500977 2.019700050354004 19.14579963684082
5483 5.370299816131592 2.046099901199341 19.207300186157227
5484 4.825099945068359 2.0669000148773193 19.203899383544922
5485 4.828800201416016 1.7935999631881714 19.40019989013672
5486 4.832300186157227 1.5094000101089478 19.56839942932129
5487 6.951399803161621 1.7789000272750854 6.517199993133545
5488 6.856400012969971 1.955199956893921 6.611999988555908
5489 7.304900169372559 1.983299970626831 7.148799896240234
5490 7.40910005569458 1.805299997329712 7.062600135803223
5491 6.6493000984191895 2.291100025177002 6.831999778747559
5492 6.7555999755859375 2.1259000301361084 6.716599941253662
5493 7.0756001472473145 2.321700096130371 7.349599838256836
5494 7.193600177764893 2.1552999019622803 7.244200229644775
5495 7.843400001525879 2.3766000270843506 8.401800155639648
5496 7.982699871063232 2.2074999809265137 8.314000129699707
5497 7.603499889373779 2.1826000213623047 7.776100158691406
5498 7.4745001792907715 2.3503000736236572 7.872499942779541
5499 8.113100051879883 2.032399892807007 8.235699653625488
5500 7.724699974060059 2.009000062942505 7.6894001960754395
5501 7.837699890136719 1.829300045967102 7.611400127410889
5502 8.234299659729004 1.8509000539779663 8.165599822998047
5503 6.537899971008301 2.451200008392334 6.958899974822998
5504 6.421999931335449 2.6061999797821045 7.098299980163574
5505 6.821499824523926 2.6382999420166016 7.594399929046631
5506 6.951499938964844 2.4827001094818115 7.466100215911865
5507 6.301799774169922 2.7564001083374023 7.250999927520752
5508 6.686200141906738 2.7888998985290527 7.735499858856201
5509 7.375800132751465 2.8498001098632812 8.73069953918457
5510 7.044899940490723 2.820199966430664 8.228599548339844
5511 7.539599895477295 2.697499990463257 8.609100341796875
5512 7.194900035858154 2.6689000129699707 8.097800254821777
5513 7.338200092315674 2.5123000144958496 7.979400157928467
5514 7.6956000328063965 2.539900064468384 8.499799728393555
5515 8.179699897766113 2.922600030899048 10.2947998046875
5516 8.379400253295898 2.7676000595092773 10.197500228881836
5517 8.134200096130371 2.747299909591675 9.658300399780273
5518 7.945400238037109 2.9014999866485596 9.763400077819824
5519 8.74489974975586 2.440000057220459 10.041000366210938
5520 8.567899703979492 2.606800079345703 10.11340045928955
5521 8.481100082397461 2.4217000007629395 9.484800338745117
5522 8.312899589538574 2.587399959564209 9.565799713134766
5523 8.021300315856934 2.565000057220459 9.028300285339355
5524 8.179800033569336 2.4005000591278076 8.938799858093262
5525 7.853499889373779 2.72379994392395 9.128999710083008
5526 7.676700115203857 2.8770999908447266 9.24209976196289
5527 8.910300254821777 2.266900062561035 9.97920036315918
5528 9.063799858093262 2.087399959564209 9.9266996383667
5529 8.785400390625 2.0715999603271484 9.352399826049805
5530 8.638699531555176 2.249799966812134 9.413999557495117
5531 9.2052001953125 1.9013999700546265 9.882100105285645
5532 8.920900344848633 1.8869999647140503 9.298800468444824
5533 8.59630012512207 1.8701000213623047 8.727399826049805
5534 8.467599868774414 2.0532000064849854 8.789400100708008
5535 8.328700065612793 2.2298998832702637 8.85949993133545
5536 0.23919999599456787 2.1194000244140625 17.35219955444336
5537 0.23420000076293945 1.8335000276565552 17.51959991455078
5538 0.4740999937057495 1.8342000246047974 17.604999542236328
5539 0.4837999939918518 2.1196999549865723 17.43549919128418
5540 0.2280000001192093 1.2376999855041504 17.77910041809082
5541 0.2305999994277954 1.5391000509262085 17.66200065612793
5542 0.4618000090122223 1.2384999990463257 17.86870002746582
5543 0.4668999910354614 1.5399999618530273 17.74959945678711
5544 0.9704999923706055 1.2408000230789185 18.176700592041016
5545 0.9797999858856201 1.542099952697754 18.051000595092773
5546 0.7146999835968018 1.5410000085830688 17.88249969482422
5547 0.7074000239372253 1.2395999431610107 18.004600524902344
5548 0.992900013923645 1.8357000350952148 17.89940071105957
5549 0.7250999808311462 1.8350000381469727 17.734800338745117
5550 0.7391999959945679 2.119999885559082 17.562000274658203
5551 1.010699987411499 2.119999885559082 17.722700119018555
5552 0.22630000114440918 0.9304999709129333 17.8705997467041
5553 0.22540000081062317 0.6190999746322632 17.93630027770996
5554 0.45669999718666077 0.6195999979972839 18.029199600219727
5555 0.4586000144481659 0.9312000274658203 17.961999893188477
5556 0.22499999403953552 0.30489999055862427 17.97599983215332
5557 0.45590001344680786 0.3050999939441681 18.069799423217773
5558 0.9598000049591064 0.3059000074863434 18.39109992980957
5559 0.6988999843597412 0.30550000071525574 18.21179962158203
5560 0.9613000154495239 0.6211000084877014 18.34749984741211
5561 0.699999988079071 0.6204000115394592 18.1697998046875
5562 0.7027000188827515 0.932200014591217 18.100500106811523
5563 0.9646000266075134 0.9333000183105469 18.275800704956055
5564 1.9105000495910645 0.3068000078201294 19.045799255371094
5565 1.9122999906539917 0.6227999925613403 18.997299194335938
5566 1.561400055885315 0.6225000023841858 18.771900177001953
5567 1.5595999956130981 0.3066999912261963 18.819000244140625
5568 1.9242000579833984 1.2425999641418457 18.809200286865234
5569 1.916599988937378 0.9352999925613403 18.91790008544922
5570 1.573099970817566 1.2424999475479126 18.589099884033203
5571 1.565600037574768 0.9350000023841858 18.694900512695312
5572 1.2503000497817993 0.9341999888420105 18.4773006439209
5573 1.257200002670288 1.2417999505996704 18.374900817871094
5574 1.246399998664856 0.6219000220298767 18.551700592041016
5575 1.2446999549865723 0.30630001425743103 18.59709930419922
5576 1.9359999895095825 1.5430999994277954 18.672199249267578
5577 1.9530999660491943 1.8351000547409058 18.50819969177246
5578 1.6013000011444092 1.8358999490737915 18.29560089111328
5579 1.5846999883651733 1.5434000492095947 18.45560073852539
5580 1.976199984550476 2.1166999340057373 18.318500518798828
5581 1.623900055885315 2.1185998916625977 18.11009979248047
5582 1.3037999868392944 2.1196000576019287 17.90850067138672
5583 1.2831000089645386 1.8360999822616577 18.089500427246094
5584 1.267799973487854 1.5428999662399292 18.24530029296875
5585 0.249099999666214 1.4419000148773193 1.0355000495910645
5586 0.2493000030517578 1.6087000370025635 1.260200023651123
5587 0.5037000179290771 1.6102999448776245 1.3021999597549438
5588 0.5034999847412109 1.44350004196167 1.0789999961853027
5589 0.251800000667572 1.9429999589920044 1.773900032043457
5590 0.2502000033855438 1.7759000062942505 1.506500005722046
5591 0.5083000063896179 1.944599986076355 1.812999963760376
5592 0.505299985408783 1.777500033378601 1.5470999479293823
5593 1.0542000532150269 1.9534000158309937 1.9866000413894653
5594 1.0501999855041504 1.7864999771118164 1.7266000509262085
5595 0.7703999876976013 1.780900001525879 1.6193000078201294
5596 0.7742000222206116 1.9479000568389893 1.8827999830245972
5597 1.048699975013733 1.6193000078201294 1.4878000020980835
5598 0.7684999704360962 1.613700032234192 1.3768999576568604
5599 0.7684999704360962 1.4469000101089478 1.1562999486923218
5600 1.0496000051498413 1.4523999691009521 1.2710000276565552
5601 0.2540999948978424 2.109499931335449 2.061500072479248
5602 0.257099986076355 2.2746999263763428 2.3685998916625977
5603 0.5184000134468079 2.27620005607605 2.405400037765503
5604 0.5127000212669373 2.1110000610351562 2.099400043487549
5605 0.26080000400543213 2.4381000995635986 2.694499969482422
5606 0.5253999829292297 2.43969988822937 2.7304000854492188
5607 1.0813000202178955 2.4479000568389893 2.8877999782562256
5608 0.7976999878883362 2.4428999423980713 2.7939000129699707
5609 1.069700002670288 2.284600019454956 2.5678999423980713
5610 0.7878999710083008 2.279400110244751 2.470900058746338
5611 0.7799999713897705 2.114300012588501 2.1668999195098877
5612 1.0607000589370728 2.1196000576019287 2.267199993133545
5613 2.0385000705718994 2.4784998893737793 3.3794000148773193
5614 2.030900001525879 2.3166000843048096 3.078399896621704
5615 1.6871000528335571 2.302799940109253 2.8685998916625977
5616 1.6979000568389893 2.465399980545044 3.177799940109253
5617 2.025700092315674 1.9878000020980835 2.535399913787842
5618 2.026599884033203 2.152899980545044 2.7969000339508057
5619 1.6751999855041504 1.9728000164031982 2.309499979019165
5620 1.6796000003814697 2.1384999752044678 2.5789999961853027
5621 1.3590999841690063 2.127500057220459 2.4035000801086426
5622 1.3530000448226929 1.9615999460220337 2.127700090408325
5623 1.3681000471115112 2.29229998588562 2.699399948120117
5624 1.3801000118255615 2.4553000926971436 3.0148000717163086
5625 2.0280001163482666 1.8214999437332153 2.294300079345703
5626 2.0334999561309814 1.6545000076293945 2.0739998817443848
5627 1.6759999990463257 1.63919997215271 1.832900047302246
5628 1.6741000413894653 1.8063000440597534 2.0606000423431396
5629 2.042099952697754 1.4871000051498413 1.874899983406067
5630 1.6811000108718872 1.472100019454956 1.6267000436782837
5631 1.3519999980926514 1.4607000350952148 1.4265999794006348
5632 1.3494999408721924 1.6276999711990356 1.638700008392334
5633 1.3497999906539917 1.794800043106079 1.8725999593734741
