25941
0 23.405947 -1.448118 1510.856934
1 23.827520 -1.611303 1510.474365
2 24.027830 -1.657779 1511.139404
3 23.367655 -1.424672 1511.367310
4 22.804483 -1.235393 1510.909912
5 22.774540 -1.221502 1511.535645
6 22.176851 -1.017287 1511.140869
7 22.253736 -1.043882 1511.819702
8 21.809536 -0.888741 1511.586792
9 21.545259 -0.798071 1511.140259
10 21.795820 -0.889623 1510.533203
11 21.225176 -0.693614 1510.582153
12 21.474230 -0.786876 1509.858276
13 20.732708 -0.537039 1509.973267
14 21.155945 -0.686004 1509.175659
15 21.781103 -0.885043 1509.168823
16 21.466574 -0.776405 1508.596191
17 22.082804 -0.966210 1508.619263
18 22.456522 -1.097782 1509.180542
19 22.708693 -1.150425 1508.585083
20 23.153528 -1.321651 1509.180908
21 22.813265 -1.232102 1509.795654
22 22.132191 -1.004025 1509.826782
23 22.458849 -1.116494 1510.466553
24 23.096285 -1.339417 1510.414551
25 23.390680 -1.442271 1509.952881
26 24.066288 -1.705135 1509.911987
27 23.769606 -1.539994 1509.215454
28 23.368410 -1.338661 1508.552002
29 24.041660 -1.545350 1508.563599
30 24.362276 -1.777963 1509.267700
31 24.644279 -1.803972 1508.761108
32 24.969786 -2.030173 1509.242676
33 24.637238 -1.949364 1509.943848
34 24.459444 -1.856035 1510.561523
35 25.060341 -2.113221 1510.470825
36 24.806808 -1.925909 1511.093140
37 24.479235 -1.756961 1511.771362
38 23.854618 -1.570548 1511.858765
39 24.331381 -1.706327 1512.479614
40 23.596025 -1.493554 1512.505981
41 24.192329 -1.692491 1513.021851
42 24.789217 -1.857932 1512.930298
43 24.613901 -1.854094 1513.398071
44 25.152355 -2.056203 1513.533325
45 24.654570 -1.918770 1513.898804
46 25.114838 -2.126539 1514.308960
47 24.630241 -1.960756 1514.481201
48 24.167494 -1.774486 1514.187744
49 24.160221 -1.726517 1513.614502
50 23.606667 -1.565050 1513.938843
51 23.603003 -1.524162 1513.253906
52 23.023214 -1.351050 1513.640381
53 23.034819 -1.387007 1514.381958
54 23.577801 -1.594167 1514.626709
55 23.061943 -1.424617 1515.199219
56 22.443710 -1.178584 1514.841064
57 22.470955 -1.171751 1514.094971
58 21.862371 -0.948819 1514.525513
59 21.853939 -0.936547 1513.857788
60 22.414160 -1.129868 1513.384277
61 22.965324 -1.304179 1512.920288
62 22.227295 -1.044162 1512.560913
63 22.901442 -1.266819 1512.178833
64 23.291611 -1.392799 1511.873901
65 21.800617 -0.887206 1512.066162
66 21.390303 -0.743198 1512.530029
67 21.357019 -0.727793 1511.777100
68 20.831579 -0.535202 1512.012573
69 20.992815 -0.601325 1511.275879
70 20.318272 -0.353073 1511.466064
71 20.149839 -0.276145 1512.206421
72 19.524807 -0.051638 1511.623535
73 19.438671 0.004706 1512.431763
74 16.003510 1.303498 1508.692017
75 18.848434 0.246793 1512.684692
76 16.003017 1.356217 1507.723267
77 18.286263 0.485366 1512.973511
78 16.755314 0.963203 1510.120728
79 14.606641 2.047454 1508.250244
80 14.338107 2.120171 1508.861938
81 13.448409 2.742654 1507.949097
82 17.291126 0.759523 1510.544312
83 17.062782 0.976697 1506.638062
84 14.377188 1.921547 1510.584717
85 17.662790 0.806941 1506.233398
86 14.486280 1.962697 1509.659180
87 19.196056 0.192568 1506.558960
88 16.819433 0.927053 1508.743652
89 18.105860 0.401154 1508.214111
90 15.384271 1.728004 1507.222900
91 19.418024 -0.095417 1508.506348
92 13.253865 2.665509 1508.874390
93 14.231907 2.358472 1507.501099
94 19.392883 -0.072644 1509.856812
95 14.716676 2.177357 1506.760376
96 15.118602 1.720746 1508.967529
97 19.790102 -0.227910 1509.267822
98 17.284479 0.749398 1507.946899
99 15.903638 1.332547 1511.572266
100 16.523846 1.124079 1512.020142
101 13.536371 2.241933 1510.564087
102 15.295101 1.914681 1506.256348
103 14.662289 1.751284 1512.332397
104 16.669422 1.433372 1505.308716
105 13.925602 2.396465 1508.424072
106 18.602804 0.276567 1507.345093
107 20.068995 -0.304830 1510.091553
108 17.263134 0.831688 1511.812622
109 18.708597 0.230112 1511.002686
110 17.060299 0.893969 1507.305786
111 18.657768 0.177804 1508.979126
112 19.395206 -0.030284 1507.549438
113 17.553020 1.061152 1505.407593
114 16.498367 1.170975 1507.091064
115 15.098714 1.621920 1511.156372
116 18.235159 0.756968 1505.628418
117 16.233814 1.180966 1509.520508
118 13.602715 2.834399 1506.987793
119 19.938749 -0.230319 1510.900879
120 19.337395 -0.023554 1510.584229
121 12.819135 2.709517 1509.633057
122 20.556248 -0.456101 1510.758667
123 17.555088 0.764146 1512.658203
124 20.408327 -0.441023 1509.235474
125 15.868765 1.332983 1510.503906
126 15.690069 1.431048 1509.268311
127 14.416705 1.832738 1511.808838
128 18.341200 0.506846 1506.480347
129 17.721956 0.632972 1507.167236
130 15.880486 1.519810 1506.740845
131 14.135168 2.629053 1506.305664
132 18.737535 0.257090 1511.825195
133 16.973988 0.858180 1509.404785
134 19.180191 -0.011032 1509.294189
135 20.023516 -0.307759 1508.732422
136 14.731392 2.372958 1505.690186
137 18.832405 0.490600 1505.856934
138 16.624111 1.042184 1507.958862
139 15.376322 1.555390 1509.741455
140 15.316508 2.081403 1505.420410
141 16.666710 1.027612 1511.072021
142 15.194871 1.584669 1512.070435
143 15.820133 1.955150 1504.912476
144 12.978909 3.113558 1507.470947
145 16.534689 1.165850 1512.844604
146 16.990381 0.971443 1512.437378
147 13.917061 2.168564 1510.024170
148 19.602114 0.265035 1505.784668
149 19.997505 -0.032321 1506.365356
150 14.869880 1.979298 1507.556885
151 18.218931 1.020583 1504.897217
152 17.062481 1.105443 1505.949585
153 17.555059 0.611494 1508.781982
154 13.091346 2.329741 1511.030884
155 20.324715 -0.391382 1508.097290
156 15.308222 1.684309 1508.129761
157 20.769718 -0.554263 1508.597778
158 21.106728 -0.635918 1507.933105
159 21.744890 -0.847540 1508.163940
160 21.766924 -0.825050 1507.636719
161 22.275759 -1.001386 1508.040039
162 22.396938 -1.009827 1507.484985
163 22.896999 -1.171466 1507.962891
164 23.557686 -1.326244 1507.918945
165 23.047686 -1.192581 1507.389404
166 23.723911 -1.350189 1507.361206
167 24.087635 -1.424849 1507.859253
168 24.469461 -1.402797 1507.414795
169 24.605684 -1.652584 1508.146362
170 25.218439 -1.804225 1507.817505
171 25.197151 -1.634056 1506.924561
172 25.688562 -1.712345 1507.424805
173 25.979073 -1.863182 1507.946167
174 25.727875 -2.026907 1508.563110
175 25.179672 -1.952177 1508.608643
176 25.541471 -2.221066 1509.165771
177 26.101046 -2.333721 1509.135742
178 25.892679 -2.458462 1509.718750
179 26.411791 -2.548139 1509.697144
180 26.258320 -2.580230 1510.363525
181 26.974760 -2.504534 1510.035034
182 26.906229 -2.191488 1509.269287
183 27.479017 -2.056857 1509.895874
184 27.518606 -1.608494 1509.305054
185 27.001104 -1.668258 1508.687378
186 26.364311 -2.008640 1508.612183
187 26.413803 -1.694813 1508.066284
188 26.126709 -1.499436 1507.542480
189 27.564070 -2.379724 1510.421265
190 26.951792 -2.663325 1510.662842
191 27.619312 -2.550121 1510.981812
192 26.874977 -2.398391 1511.439941
193 26.381674 -2.503769 1511.051514
194 26.225449 -2.212396 1511.475586
195 25.657068 -2.227835 1511.027466
196 25.647169 -2.380841 1510.262695
197 25.317797 -2.246391 1509.773560
198 25.764509 -2.075634 1511.638794
199 26.498627 -2.089939 1512.216675
200 25.726965 -2.008620 1512.212158
201 26.078365 -2.215180 1512.690186
202 26.620634 -2.584227 1512.578125
203 26.253092 -2.494003 1513.131836
204 25.759081 -2.264474 1513.295898
205 25.360458 -2.011401 1512.833618
206 25.653925 -2.319318 1514.018311
207 26.194788 -2.550408 1513.688110
208 26.154037 -2.531237 1514.359741
209 25.586441 -2.319593 1514.822998
210 26.223831 -2.503831 1515.031494
211 25.785645 -2.378567 1515.543579
212 25.241510 -2.219080 1515.424805
213 24.908628 -2.089454 1514.963379
214 24.717999 -2.050321 1515.542358
215 25.252218 -2.248486 1516.071777
216 24.495449 -1.999554 1516.184204
217 24.069902 -1.822246 1515.654175
218 24.273890 -1.861556 1514.926758
219 23.676624 -1.658638 1515.233521
220 23.459620 -1.591934 1515.770874
221 23.843555 -1.753318 1516.249146
222 23.328001 -1.544535 1516.305420
223 22.892696 -1.365449 1516.009644
224 22.371370 -1.153015 1515.614258
225 22.252121 -1.075982 1516.471558
226 22.956932 -1.378125 1516.706665
227 22.515398 -1.139078 1517.288940
228 21.808805 -0.808956 1517.186768
229 22.029099 -0.802543 1517.980103
230 21.410288 -0.525661 1517.720093
231 21.139933 -0.500864 1517.067383
232 21.472429 -0.717857 1516.541748
233 20.782452 -0.399577 1516.543945
234 21.074156 -0.581092 1516.005371
235 21.727591 -0.872775 1515.910034
236 21.314861 -0.711848 1515.515015
237 20.745663 -0.470902 1515.450684
238 20.385761 -0.277140 1515.967285
239 20.070377 -0.183354 1515.342407
240 20.485098 -0.382569 1514.864014
241 19.890898 -0.134282 1514.734253
242 20.172998 -0.266703 1514.210693
243 19.603115 -0.027730 1514.206177
244 19.858173 -0.144902 1513.619263
245 20.492113 -0.402820 1513.541870
246 20.758970 -0.507084 1514.254517
247 21.018917 -0.612554 1513.780762
248 21.346973 -0.743816 1514.172607
249 21.187504 -0.675370 1514.879517
250 21.825251 -0.932364 1515.227539
251 21.390106 -0.756687 1513.661865
252 21.731096 -0.878782 1513.219482
253 21.132946 -0.653828 1513.252075
254 20.698385 -0.483764 1512.749512
255 20.014643 -0.215126 1512.942261
256 19.382498 0.041758 1513.114868
257 19.348347 0.067666 1513.701782
258 18.826118 0.276200 1513.335571
259 18.694279 0.348495 1513.866821
260 18.329159 0.490952 1513.549316
261 18.004446 0.649481 1514.011963
262 18.480577 0.467433 1514.481201
263 17.911480 0.734792 1514.746216
264 17.475744 0.893940 1514.329468
265 17.327440 1.006273 1514.905884
266 16.835293 1.161529 1514.354370
267 17.296436 0.934915 1513.824097
268 16.615934 1.191720 1513.673340
269 17.084284 0.981471 1513.209717
270 18.002928 0.521721 1511.410156
271 15.851508 1.705924 1505.758667
272 18.085318 0.399542 1509.192505
273 14.205236 2.476097 1506.871582
274 17.975479 0.494720 1510.659790
275 17.404335 0.741725 1511.138428
276 14.962807 1.680878 1512.861084
277 13.854617 2.304736 1509.264648
278 14.366669 1.850114 1513.056396
279 13.967095 1.942168 1512.593994
280 13.842605 1.995302 1513.225952
281 13.471226 2.075912 1512.749023
282 13.371481 2.124445 1513.317749
283 12.889734 2.236417 1512.847046
284 12.907188 2.256961 1513.400513
285 12.277980 2.426387 1513.266846
286 12.099339 2.469017 1512.669189
287 12.528599 2.359328 1512.232544
288 13.061136 2.197706 1512.338379
289 12.922908 2.289321 1511.732910
290 13.525049 2.076523 1512.119873
291 12.507440 2.516504 1511.110962
292 12.205194 2.520835 1511.690186
293 11.960968 2.683974 1511.211060
294 12.134820 2.748203 1510.633179
295 12.681604 2.597170 1510.402222
296 12.254521 2.880256 1509.904541
297 11.635714 3.068938 1510.109131
298 11.704456 3.243260 1509.401489
299 12.417859 3.001240 1509.161255
300 11.972620 3.311277 1508.759033
301 11.229731 3.634476 1508.781006
302 11.899446 3.528868 1508.128906
303 12.581489 3.139672 1508.283569
304 12.405517 3.453645 1507.438477
305 13.362632 2.442628 1509.790894
306 19.945282 -0.162172 1507.091675
307 16.680094 1.627239 1504.725342
308 18.121996 0.515504 1512.195190
309 15.049420 1.669652 1510.328857
310 17.603834 0.604475 1509.754639
311 13.788302 2.065325 1511.279785
312 16.429482 1.335974 1506.179565
313 18.591660 0.227679 1509.986084
314 17.466673 1.407342 1504.545166
315 16.770916 1.811000 1504.211792
316 17.484203 1.733735 1503.888916
317 16.917528 2.122643 1503.562134
318 16.430960 2.195184 1503.747192
319 16.365547 2.550010 1503.251587
320 15.839434 2.514246 1503.666382
321 16.058680 2.106677 1504.230469
322 15.470781 2.395580 1504.264893
323 15.301952 2.810519 1503.662231
324 15.731968 2.872447 1503.215210
325 15.162195 3.256871 1503.128296
326 15.638285 3.303585 1502.739258
327 16.079664 2.985091 1502.859619
328 16.149546 3.339477 1502.436890
329 16.558006 2.919992 1502.704590
330 17.007193 2.495139 1503.009155
331 17.139603 2.895801 1502.509521
332 17.578152 2.501923 1502.784546
333 17.521036 2.103720 1503.301880
334 18.065191 2.133139 1503.052612
335 18.133801 1.755153 1503.544312
336 18.132046 1.365038 1504.203857
337 18.793644 1.402128 1503.807251
338 18.841936 1.923387 1503.032104
339 19.349075 1.448452 1503.487671
340 19.515368 1.018547 1504.121582
341 19.938248 1.265403 1503.498535
342 20.321962 0.843625 1504.006714
343 20.638208 1.123711 1503.374146
344 21.094885 0.722898 1503.795288
345 21.137436 1.039192 1503.250732
346 21.013227 1.296566 1502.908936
347 21.492907 1.163912 1502.858887
348 21.600143 0.858805 1503.308594
349 21.917999 0.990935 1502.932007
350 21.942923 1.233822 1502.493164
351 22.416224 0.959990 1502.755981
352 22.222214 0.716176 1503.256958
353 23.016911 0.646779 1503.120239
354 23.011442 0.951319 1502.519531
355 23.678755 0.757233 1502.773438
356 23.889221 0.497236 1503.204224
357 23.308498 0.214045 1503.630127
358 24.018835 0.043391 1503.669189
359 23.482960 -0.245740 1504.139282
360 22.887875 -0.012569 1504.061768
361 22.581890 0.351593 1503.675903
362 22.218248 0.061479 1504.286377
363 21.856613 0.498059 1503.772339
364 21.464321 0.292353 1504.332275
365 20.712490 0.446994 1504.509521
366 21.101582 0.110778 1504.920898
367 21.701458 -0.003487 1504.721191
368 21.563528 -0.201937 1505.239258
369 20.940580 -0.067279 1505.464600
370 20.485119 0.259304 1505.054077
371 20.262966 0.092909 1505.655396
372 19.853962 0.397435 1505.204224
373 20.060221 0.592502 1504.629761
374 19.398741 0.700478 1504.822144
375 18.799702 1.020599 1504.507935
376 18.832277 0.719482 1505.181519
377 19.332638 0.503128 1505.350098
378 20.767817 -0.229168 1506.123047
379 21.535137 -0.450279 1505.932495
380 21.264503 -0.522482 1506.598633
381 21.979691 -0.746567 1506.442017
382 21.849812 -0.795278 1507.028931
383 21.170115 -0.591256 1507.216797
384 20.559605 -0.305510 1506.731079
385 20.522783 -0.396150 1507.393433
386 22.509342 -1.000796 1506.877686
387 23.219730 -1.228919 1506.726685
388 22.568140 -0.932628 1506.280396
389 23.143793 -1.093068 1506.028687
390 23.717430 -1.366299 1506.365967
391 23.890322 -1.412410 1506.927246
392 24.377554 -1.548134 1506.656738
393 24.140856 -1.421292 1506.001831
394 23.589975 -1.186234 1505.835693
395 23.880873 -1.040813 1505.407349
396 24.540054 -1.182560 1505.540161
397 24.896135 -1.382007 1506.223511
398 25.193418 -1.024818 1505.831177
399 24.811026 -0.807387 1505.253052
400 24.296038 -0.841205 1504.994995
401 24.624075 -0.436365 1504.729492
402 24.302952 -0.430643 1504.272827
403 23.640415 -0.672093 1504.777222
404 23.155695 -0.847974 1505.363159
405 22.867378 -0.389121 1504.655762
406 22.520943 -0.554805 1505.214355
407 22.549408 -0.761951 1505.702515
408 21.919012 -0.436755 1505.482910
409 22.123001 -0.685162 1505.974487
410 22.147680 -0.267328 1504.910400
411 24.534813 0.127198 1504.145752
412 24.708920 0.561875 1503.416870
413 25.742952 -0.977662 1506.472046
414 25.762220 -1.520804 1507.047363
415 24.306604 0.827933 1502.987305
416 24.806030 0.854076 1502.879028
417 24.181198 0.907833 1502.512695
418 23.543539 0.969952 1502.245361
419 23.989513 0.968352 1501.861328
420 24.750132 1.038734 1502.337280
421 24.644957 1.403481 1501.753662
422 25.145878 1.395119 1502.280884
423 25.374607 1.793020 1501.689453
424 24.722754 1.770643 1501.127197
425 24.086708 1.263674 1501.123047
426 24.090734 1.762952 1500.496704
427 23.718819 1.450484 1500.841797
428 23.493444 1.236077 1501.322510
429 23.196659 1.546254 1500.953613
430 23.009727 1.376742 1501.438599
431 22.667057 1.704353 1501.112915
432 22.514006 1.467557 1501.661499
433 22.089077 1.842600 1501.366943
434 21.967098 1.534618 1501.943848
435 21.396416 1.935539 1501.744385
436 21.711506 2.313047 1501.075317
437 22.340773 2.150456 1500.795898
438 22.002640 2.750216 1500.499023
439 22.717476 2.436545 1500.302124
440 22.698105 3.119588 1499.901245
441 21.872011 3.571515 1500.098633
442 22.401854 3.976825 1499.703125
443 23.133896 3.749328 1499.510376
444 23.478138 3.131267 1499.608276
445 23.250553 2.581603 1499.957520
446 23.873217 2.639721 1499.769653
447 23.679087 2.192873 1500.116211
448 23.152905 2.214343 1500.259033
449 22.885931 1.963348 1500.629883
450 23.484564 1.797732 1500.506836
451 24.271860 2.270773 1500.080200
452 24.741392 2.081679 1500.551880
453 24.855772 2.433993 1500.173950
454 25.165205 2.566521 1500.552246
455 25.349447 2.331501 1501.175049
456 25.207405 2.873951 1500.096069
457 25.795679 3.515772 1500.024292
458 26.155769 4.184616 1499.694702
459 26.371456 4.664380 1499.356812
460 25.678438 4.549920 1499.430420
461 25.878561 4.988480 1499.302124
462 25.200781 5.002275 1499.201782
463 25.459799 5.495623 1498.974976
464 25.824373 5.635748 1498.780029
465 26.525452 5.211399 1498.847290
466 26.254417 5.792181 1498.379883
467 26.921072 5.653427 1498.404663
468 28.078693 7.370194 1498.056396
469 27.750641 7.033628 1497.957764
470 27.526741 7.320658 1497.875854
471 27.360109 6.968917 1497.872925
472 27.031893 7.170947 1497.846191
473 27.072880 6.644847 1497.923950
474 26.647287 6.865965 1497.926025
475 26.643101 7.602376 1497.902222
476 27.128870 7.780864 1497.895996
477 26.771288 8.418614 1498.039673
478 27.335644 8.284119 1498.036987
479 27.740982 7.894895 1498.006348
480 27.824865 8.447801 1498.212524
481 28.290646 8.015213 1498.238159
482 28.370811 8.618768 1498.510498
483 30.377043 9.416903 1500.117798
484 31.048388 9.711839 1500.499756
485 30.449026 10.061290 1500.460327
486 31.108356 10.300940 1500.585327
487 31.656046 9.747283 1500.500244
488 31.664543 10.510466 1500.586914
489 32.239956 10.333745 1500.500732
490 32.041168 10.980145 1500.791382
491 31.265768 11.048934 1500.769531
492 31.766298 11.586960 1501.003540
493 31.109781 11.717627 1500.922119
494 31.539246 12.091030 1501.087524
495 32.149864 12.160156 1501.122192
496 32.505604 11.556976 1500.946533
497 32.921612 12.214804 1501.079346
498 33.355530 11.546123 1500.875732
499 32.814869 10.880608 1500.754272
500 33.588600 12.113746 1501.207397
501 33.801792 12.494477 1501.707520
502 33.274387 12.616634 1501.517822
503 33.779953 12.917060 1501.820190
504 34.294975 12.954999 1501.304321
505 34.067345 13.518313 1501.549927
506 34.596016 13.484463 1500.953491
507 35.312382 13.371638 1500.717285
508 35.779648 13.485398 1500.945313
509 35.215733 13.886190 1500.843750
510 35.745384 14.267775 1501.013916
511 35.097580 14.304156 1501.092896
512 34.537632 13.990142 1501.224854
513 34.607651 14.546418 1501.512573
514 35.353046 14.854856 1501.337524
515 34.729809 15.131057 1501.875854
516 34.160046 14.793383 1502.016602
517 34.091846 15.326186 1502.495972
518 34.830326 15.684610 1502.354980
519 35.343498 15.468244 1501.813721
520 35.444427 15.947443 1502.259644
521 35.066738 16.147587 1502.832886
522 35.693378 16.329346 1502.637573
523 35.476566 16.504072 1503.216431
524 36.108009 16.661919 1502.971680
525 35.997250 16.786287 1503.535278
526 36.581566 16.918550 1503.316650
527 36.726345 16.761927 1502.847290
528 36.264339 16.422230 1502.491089
529 36.900257 16.457987 1502.512085
530 36.382217 16.001318 1502.077148
531 35.930119 16.111574 1502.233154
532 35.875526 15.736528 1501.860718
533 36.283440 15.438042 1501.550171
534 35.806747 15.291259 1501.502075
535 36.095566 14.890491 1501.210693
536 36.448895 14.317345 1501.181519
537 36.121510 13.935846 1501.183716
538 38.704544 16.196568 1503.200806
539 38.295025 16.399820 1502.705933
540 38.530109 16.565329 1502.947998
541 38.972351 16.528542 1503.509399
542 39.042328 16.165073 1503.777466
543 39.406090 16.768818 1504.090332
544 39.291145 16.136259 1504.395630
545 39.547310 16.046257 1504.993774
546 39.886333 16.052406 1505.512695
547 39.883366 16.486563 1505.164795
548 40.178455 16.608431 1505.656494
549 40.227432 16.111738 1506.058594
550 40.502506 16.593073 1506.307373
551 40.568283 16.143723 1506.634277
552 40.875980 16.130388 1507.050537
553 40.879887 15.764923 1507.514282
554 40.861168 16.732988 1507.492432
555 41.368858 16.241478 1507.953491
556 40.798840 16.977867 1507.975464
557 41.185448 16.840797 1508.513062
558 40.678722 17.091078 1508.532593
559 41.033905 16.965981 1508.938477
560 41.402641 16.752045 1509.025146
561 41.602337 16.143684 1508.489258
562 42.048332 16.083323 1508.876587
563 41.766151 15.578770 1508.544556
564 41.388424 15.476246 1508.215454
565 42.026161 15.467845 1508.971191
566 42.111858 15.088804 1509.318359
567 42.308342 15.495700 1509.369751
568 42.275883 14.966010 1509.624268
569 42.514523 15.555177 1509.950317
570 42.678078 15.019319 1510.339111
571 43.045399 14.794200 1511.029663
572 42.661293 15.397876 1511.093628
573 42.852001 15.064514 1511.634399
574 43.132591 14.401647 1511.479492
575 43.086178 13.855400 1511.528564
576 43.287132 14.174651 1512.016968
577 43.192257 13.206515 1512.276611
578 43.147083 14.012925 1512.788696
579 43.063408 14.864614 1512.531860
580 43.094021 14.920970 1511.997070
581 42.679649 15.229769 1512.465454
582 42.732258 14.605563 1513.115234
583 42.225246 15.063704 1513.285156
584 42.430061 14.498613 1513.709839
585 42.860584 13.945681 1513.383301
586 42.669415 13.937599 1514.000122
587 43.042206 13.329880 1513.710571
588 43.189056 13.295786 1513.020752
589 43.611309 12.678658 1513.340698
590 43.412098 12.956624 1514.142212
591 43.704041 12.541955 1513.967285
592 43.863541 12.049431 1513.805420
593 44.011047 12.590291 1514.588013
594 44.320629 11.715328 1514.336914
595 44.354332 11.050882 1514.401489
596 44.356472 10.359370 1514.469360
597 44.260933 9.679667 1514.489258
598 43.683270 9.137336 1514.496582
599 44.146179 9.576994 1515.285156
600 43.750530 9.017161 1515.430054
601 43.840931 9.722781 1515.885620
602 43.569443 8.987297 1516.093018
603 43.437283 9.607834 1516.451294
604 43.707561 10.304091 1516.343384
605 43.191639 10.296931 1516.829712
606 43.059578 9.421095 1517.028320
607 43.329758 8.855082 1516.670654
608 43.117226 8.595699 1517.249756
609 43.319061 8.156331 1516.898315
610 43.401787 8.293148 1516.308472
611 43.312386 7.575812 1516.479980
612 43.196354 7.723742 1515.931763
613 43.464157 8.356011 1515.721069
614 43.492882 8.382476 1515.087158
615 42.937592 7.072901 1516.071411
616 42.493477 6.449679 1516.206055
617 43.068233 6.851269 1516.670410
618 42.674492 6.448647 1516.979736
619 43.137169 6.763700 1517.457886
620 42.648182 6.329682 1517.606201
621 42.269787 6.095543 1517.171753
622 42.109825 6.007396 1517.719238
623 41.420532 5.551713 1518.312134
624 41.941963 5.926856 1518.324707
625 41.693569 5.815698 1518.925659
626 41.177322 5.428123 1518.863892
627 40.829136 5.269813 1519.479248
628 40.537434 4.802178 1519.965332
629 40.424740 4.202138 1520.380127
630 40.207184 3.612689 1520.728027
631 40.647076 3.953846 1520.929077
632 40.858917 4.566466 1520.578735
633 41.130379 4.341914 1521.186279
634 40.723717 3.821296 1521.722168
635 40.189911 3.428415 1521.176880
636 40.042740 3.434067 1521.867188
637 39.549133 3.070086 1521.889771
638 39.922363 3.253645 1522.524170
639 39.418339 2.855056 1522.543823
640 39.730740 3.073894 1523.142822
641 39.408920 2.566920 1523.183594
642 39.095428 1.989533 1523.342529
643 38.736279 1.390160 1523.494751
644 38.326401 0.836939 1523.455933
645 38.564014 1.009924 1524.194824
646 38.025322 0.439350 1524.115967
647 37.875874 0.132644 1523.494751
648 37.493210 -0.052223 1524.184692
649 37.699089 0.192683 1524.652710
650 37.310722 -0.289067 1524.906006
651 37.053844 -0.626420 1524.255737
652 37.169300 -0.343298 1523.711060
653 36.632973 -0.953732 1523.693481
654 36.720528 -1.120382 1524.302856
655 36.380947 -1.520726 1524.127808
656 36.123516 -1.531571 1523.673340
657 35.858257 -1.996419 1524.059937
658 36.221470 -1.842676 1524.499756
659 35.693920 -2.044252 1524.718262
660 35.202625 -2.328553 1524.262085
661 35.067005 -2.352436 1525.041870
662 34.475914 -2.651030 1524.493286
663 34.433350 -2.379467 1525.189697
664 34.002354 -2.525628 1524.921753
665 33.737926 -2.696992 1524.456421
666 28.756733 -4.249477 1518.722534
667 28.874062 -4.120059 1518.029419
668 28.324543 -3.963337 1518.306030
669 28.218575 -4.115501 1518.973511
670 27.842026 -3.807925 1518.596313
671 27.908279 -3.607115 1518.027344
672 28.420399 -3.749208 1517.722046
673 28.111618 -3.463601 1517.567871
674 27.572159 -3.328517 1517.795654
675 28.089098 -3.184550 1517.178955
676 28.577063 -3.481086 1517.221802
677 28.634659 -2.972884 1516.694214
678 27.915327 -2.749357 1516.570679
679 27.352350 -2.974997 1517.247314
680 27.061247 -2.704360 1516.690308
681 26.623079 -2.786134 1517.310669
682 26.323313 -2.587146 1516.762939
683 25.899416 -2.570193 1517.349365
684 25.597956 -2.398868 1516.759766
685 26.016771 -2.454406 1516.175903
686 26.690168 -2.565689 1516.188965
687 26.417368 -2.510721 1515.618530
688 27.063931 -2.560402 1515.624146
689 27.419863 -2.589914 1516.084961
690 27.633043 -2.546616 1515.521118
691 27.261906 -2.692476 1514.890015
692 28.031340 -2.678975 1514.802002
693 28.241911 -2.499998 1515.329468
694 28.071327 -2.541811 1515.932861
695 28.745525 -2.483334 1515.526367
696 28.652143 -2.598681 1516.237671
697 29.329868 -2.707300 1515.698608
698 29.377312 -2.601680 1514.957397
699 29.289518 -2.989254 1516.344116
700 29.175623 -3.455307 1516.856079
701 29.097651 -4.020964 1517.496460
702 28.735739 -2.589881 1514.898926
703 29.357399 -2.603113 1514.436523
704 28.564407 -2.867878 1514.444946
705 29.259954 -3.051385 1513.808228
706 28.118713 -3.348321 1513.883423
707 28.748159 -3.186794 1513.277466
708 27.875044 -3.353250 1513.221558
709 28.318886 -3.154923 1512.783691
710 28.049971 -2.856368 1512.267090
711 27.755342 -3.186188 1512.750854
712 27.273088 -2.987885 1512.430298
713 27.432337 -2.668578 1511.762085
714 26.988001 -2.517396 1512.162964
715 27.231840 -3.089202 1513.084351
716 26.650314 -2.786164 1513.334961
717 27.035526 -2.999908 1513.662109
718 26.647627 -2.775442 1513.978516
719 27.135889 -2.924949 1514.183472
720 26.616776 -2.664071 1514.586792
721 26.655067 -2.570896 1515.205322
722 27.785479 -3.006787 1514.322021
723 27.521452 -3.210435 1513.752075
724 24.885015 -2.165924 1516.756714
725 25.201010 -2.323783 1517.354736
726 24.532242 -2.057181 1517.358032
727 24.805719 -2.200788 1517.967041
728 24.187950 -1.907332 1517.948486
729 23.884211 -1.775551 1517.378784
730 24.204378 -1.908163 1516.785156
731 23.569439 -1.643992 1516.796387
732 23.218243 -1.467952 1517.369385
733 23.559450 -1.591022 1518.070435
734 22.808908 -1.205973 1518.019287
735 23.108042 -1.265815 1518.737793
736 22.406528 -0.863055 1518.712769
737 21.661306 -0.428737 1518.704346
738 21.552572 -0.502295 1518.177612
739 21.080067 -0.221995 1518.253540
740 20.818647 -0.242977 1517.609009
741 20.451925 0.061757 1518.028320
742 20.622013 0.132311 1518.544678
743 21.028267 0.020104 1518.909912
744 20.476412 0.401744 1519.003418
745 20.873472 0.356515 1519.480957
746 20.347710 0.743556 1519.549072
747 19.912289 0.766223 1519.023560
748 20.119177 0.398673 1518.465698
749 19.485264 0.744580 1518.401245
750 19.821676 0.330676 1517.781006
751 19.097939 0.748325 1517.844849
752 19.267820 0.459771 1517.199219
753 18.650364 0.805092 1517.288696
754 18.797394 0.573611 1516.665405
755 18.192059 0.902473 1516.783569
756 18.100090 1.122185 1517.383057
757 17.729492 1.168108 1516.912964
758 17.511530 1.431645 1517.395996
759 17.889627 1.446889 1517.946167
760 17.321918 1.735433 1517.920288
761 16.941683 1.690182 1517.311646
762 16.769356 2.011679 1517.905029
763 17.187847 2.061759 1518.465454
764 16.603308 2.333651 1518.415161
765 16.996258 2.412521 1518.935303
766 17.667459 2.157954 1519.111328
767 17.010553 2.823733 1519.645752
768 17.714241 2.714110 1520.052002
769 17.151987 3.161850 1520.304932
770 16.427185 3.273201 1519.941650
771 16.262224 2.949861 1519.257690
772 15.742664 3.372362 1519.610352
773 15.316625 3.182950 1518.923584
774 15.052155 3.707775 1519.734375
775 14.546933 3.527797 1519.012207
776 14.523582 3.200376 1518.294312
777 14.035874 3.496701 1518.552368
778 13.851109 3.233264 1517.793823
779 13.205482 3.460465 1517.831543
780 13.333385 3.198968 1517.281006
781 12.663846 3.379088 1517.237061
782 12.521751 3.650865 1517.816040
783 12.049478 3.535493 1517.229614
784 11.923532 3.781348 1517.765503
785 11.467961 3.645185 1517.167603
786 11.523992 3.428372 1516.624390
787 10.945107 3.546549 1516.609497
788 10.912810 3.758955 1517.163330
789 10.350950 3.654691 1516.578613
790 10.339635 3.878193 1517.186523
791 9.770487 3.777522 1516.603027
792 9.727330 3.992226 1517.188843
793 9.187275 3.917075 1516.667969
794 9.101536 4.180101 1517.393433
795 8.577629 4.042953 1516.653809
796 8.367914 4.280227 1517.282837
797 7.822262 4.228025 1516.683716
798 8.064317 4.015637 1516.059937
799 7.387033 4.226914 1516.173828
800 7.142960 4.466650 1516.992432
801 6.659612 4.466627 1516.363037
802 6.866562 4.306312 1515.736328
803 6.123532 4.561522 1515.938477
804 6.261765 4.453923 1515.359375
805 5.619913 4.641479 1515.118652
806 6.213154 4.429992 1514.837402
807 5.241477 4.737695 1514.515381
808 5.811747 4.546855 1514.425537
809 6.427182 4.337904 1514.369873
810 6.844406 4.236422 1515.073486
811 7.090119 4.108180 1514.307617
812 7.643167 3.949378 1514.822632
813 7.791809 3.861766 1514.095947
814 8.297493 3.722329 1514.661987
815 8.253484 3.836147 1515.422729
816 7.507486 4.082057 1515.557617
817 8.706671 3.858492 1516.094604
818 8.860949 3.719646 1515.672363
819 9.265058 3.733272 1516.112671
820 9.307571 3.588315 1515.587524
821 8.819336 3.626722 1515.137695
822 9.360826 3.458534 1515.012573
823 9.829898 3.454217 1515.541992
824 9.773888 3.621456 1516.110718
825 10.378940 3.494547 1516.109131
826 10.403653 3.322980 1515.533325
827 10.946887 3.374987 1516.107178
828 11.000237 3.177840 1515.492676
829 11.574034 3.219707 1516.056885
830 12.150660 3.287033 1516.640747
831 12.204762 3.070068 1516.065674
832 12.852597 3.099058 1516.637329
833 12.780335 2.891238 1515.990723
834 13.313737 2.864077 1516.363281
835 13.552920 2.962511 1516.842651
836 13.872842 3.030280 1517.307373
837 14.137431 2.807270 1516.969971
838 14.447962 2.923923 1517.577271
839 14.745306 2.567807 1516.953735
840 14.442836 2.503988 1516.428345
841 13.821782 2.719866 1516.417725
842 14.115466 2.443719 1515.880493
843 13.392335 2.656873 1515.820679
844 13.744501 2.397042 1515.322876
845 14.434347 2.207882 1515.426758
846 14.615788 2.296964 1515.973633
847 15.085688 2.062894 1515.755005
848 14.957221 2.284636 1516.360840
849 15.541859 1.967680 1516.082275
850 15.336986 2.278034 1516.831543
851 15.150446 2.593704 1517.472046
852 15.770539 2.278860 1517.375488
853 15.944606 1.979502 1516.739014
854 16.361650 1.972512 1517.302612
855 16.185930 2.298880 1517.904541
856 15.599772 2.603284 1517.976318
857 16.053070 2.617373 1518.450317
858 15.045198 2.884897 1518.061157
859 16.530634 1.693728 1516.692261
860 16.193567 1.698799 1516.117920
861 15.936777 1.697903 1515.610840
862 16.470064 1.447646 1515.459473
863 16.066408 1.555679 1515.102295
864 16.700659 1.284313 1515.000122
865 17.140568 1.167323 1515.545898
866 16.857454 1.408129 1516.162842
867 17.630598 1.060293 1516.252686
868 17.205774 1.373346 1516.714111
869 17.882120 0.817666 1515.467773
870 18.300375 0.717677 1516.138550
871 18.458618 0.573322 1515.652588
872 18.906412 0.417425 1516.069702
873 19.408680 0.256996 1516.583862
874 19.578989 0.075733 1515.832275
875 20.082502 -0.069312 1516.561523
876 19.889471 0.114671 1517.076660
877 20.501963 -0.191234 1517.060547
878 20.290329 0.008365 1517.510132
879 18.940327 0.331852 1515.466919
880 19.457815 0.075338 1515.160278
881 18.993158 0.262851 1514.862793
882 18.424761 0.533264 1515.096802
883 19.097982 0.190668 1514.298584
884 19.405510 0.071968 1514.656738
885 16.258755 1.415868 1514.625854
886 16.102688 1.418434 1514.116455
887 15.558942 1.662425 1514.579834
888 15.407428 1.626909 1513.894653
889 14.855585 1.818879 1514.122559
890 14.865074 1.746597 1513.479492
891 15.392473 1.576135 1513.251465
892 15.963660 1.413388 1513.527588
893 14.240771 1.934137 1513.700439
894 14.170434 2.040365 1514.310181
895 13.741006 2.074808 1513.781982
896 13.585047 2.197639 1514.292480
897 13.186545 2.229439 1513.831421
898 12.955645 2.378557 1514.327026
899 13.370178 2.365867 1514.787476
900 12.775194 2.555177 1514.871826
901 13.200152 2.535608 1515.241821
902 12.755143 2.719103 1515.432495
903 12.309411 2.889425 1515.592041
904 12.206757 2.764418 1515.072266
905 11.672569 2.992852 1515.402588
906 11.657267 2.799441 1514.627441
907 12.294410 2.583323 1514.426270
908 11.780147 2.621538 1513.797119
909 11.112299 2.865248 1514.186279
910 11.052016 3.006931 1514.860229
911 10.557224 3.057890 1514.465942
912 10.456049 3.175461 1514.963501
913 9.986385 3.206294 1514.449463
914 9.886683 3.319573 1514.987915
915 9.441096 3.360404 1514.482178
916 8.949090 3.510446 1514.557617
917 9.114802 3.422381 1514.047363
918 8.556738 3.595832 1513.779053
919 9.204484 3.384084 1513.429077
920 9.581976 3.272574 1513.937622
921 9.829576 3.181264 1513.317383
922 10.158504 3.098125 1513.881836
923 10.474316 2.977526 1513.336670
924 10.663792 2.950897 1513.858765
925 11.127669 2.780173 1513.439331
926 10.878160 2.852375 1512.777954
927 11.596071 2.621698 1513.044800
928 12.556628 2.402262 1513.816406
929 11.490365 2.672011 1512.409424
930 11.969193 2.540275 1512.148926
931 11.546881 2.733779 1511.714355
932 10.963145 2.882269 1512.071045
933 11.046385 2.942219 1511.518066
934 10.431427 3.125012 1511.721558
935 10.658994 3.182299 1511.063110
936 11.406264 2.937629 1510.942139
937 10.911872 3.273938 1510.361450
938 10.858643 3.487595 1509.714844
939 10.236714 3.517021 1510.397949
940 9.867344 3.847499 1509.761475
941 10.422578 3.815125 1509.225586
942 9.889965 4.104099 1508.970947
943 9.369240 4.033093 1509.726440
944 9.212122 4.389737 1508.831665
945 8.774464 4.247067 1509.664063
946 8.578492 4.500663 1509.075317
947 8.461968 4.748590 1508.526367
948 8.940990 4.820422 1508.021484
949 9.918158 4.383147 1508.210449
950 9.798471 4.714581 1507.552979
951 9.160299 4.996922 1507.498657
952 9.525602 5.119445 1506.975098
953 10.417126 4.748183 1506.855469
954 10.656641 4.300872 1507.625244
955 11.243912 4.242539 1507.010254
956 11.595863 3.874636 1507.518677
957 12.053038 3.907536 1506.624634
958 12.904511 3.357770 1506.664185
959 12.804523 3.678476 1505.804932
960 13.290996 3.244285 1506.124146
961 14.094738 2.859874 1505.466187
962 14.514544 2.751352 1504.881104
963 15.066921 2.409968 1504.826904
964 14.756424 2.847871 1504.241089
965 14.003865 3.168829 1504.737549
966 14.232198 3.320479 1504.029297
967 13.568850 3.729194 1504.219116
968 14.067810 3.712340 1503.559570
969 14.673504 3.257646 1503.589355
970 14.557798 3.723697 1503.030640
971 15.089631 3.733540 1502.600464
972 14.467699 4.237315 1502.478760
973 15.120175 4.235981 1502.046265
974 15.667961 3.780430 1502.215820
975 15.807031 4.333165 1501.629761
976 16.293453 3.760143 1501.971313
977 16.600586 4.129485 1501.542236
978 16.813721 3.680830 1501.870239
979 17.261875 3.823986 1501.623291
980 17.255079 3.332326 1502.052002
981 16.694466 3.320867 1502.240845
982 17.747412 2.913874 1502.299805
983 17.874712 3.405188 1501.818481
984 18.433609 2.942164 1502.069702
985 18.616323 3.537381 1501.509033
986 19.115799 2.959392 1501.834229
987 19.436785 3.414168 1501.341919
988 19.764679 2.876387 1501.655273
989 19.466331 2.567489 1502.070923
990 18.941339 2.495625 1502.338501
991 19.529324 2.164283 1502.477417
992 18.247005 2.483394 1502.584106
993 19.687786 1.684903 1503.004761
994 20.126236 1.910174 1502.510254
995 19.984362 2.391411 1502.024170
996 20.629557 2.182333 1501.918701
997 20.836756 1.712510 1502.393066
998 20.362289 1.486301 1502.963867
999 21.512331 1.521938 1502.267212
1000 21.065245 2.479331 1501.337402
1001 20.409113 2.695957 1501.509155
1002 20.834347 3.008801 1501.009033
1003 21.392984 2.764653 1500.873535
1004 21.315910 3.283513 1500.550781
1005 20.628811 3.629088 1500.684082
1006 21.142017 3.990752 1500.247803
1007 21.680090 4.346426 1499.866333
1008 20.992863 4.631841 1500.012939
1009 21.521833 5.073012 1499.671875
1010 22.199535 4.740252 1499.557983
1011 22.889223 4.442670 1499.420044
1012 22.724266 5.159804 1499.317383
1013 23.357655 4.871150 1499.238037
1014 23.522457 4.250937 1499.312744
1015 23.796843 3.774303 1499.360962
1016 24.018867 4.140707 1499.275635
1017 24.421846 3.740449 1499.346191
1018 24.173185 3.151500 1499.493042
1019 24.941238 3.319814 1499.568359
1020 24.530674 2.693643 1499.743652
1021 24.901730 3.946850 1499.387939
1022 25.429300 3.953416 1499.567383
1023 25.058090 4.461638 1499.315186
1024 24.503256 4.318403 1499.258911
1025 24.526463 5.032647 1499.134644
1026 24.873816 5.638680 1498.952759
1027 24.233156 5.763000 1498.968994
1028 24.600979 6.397518 1498.723511
1029 23.891085 6.322522 1498.875854
1030 24.078362 6.954075 1498.695068
1031 23.307701 7.054282 1498.820068
1032 24.164555 7.595056 1498.551514
1033 24.689127 7.220160 1498.486084
1034 24.704807 8.012235 1498.378418
1035 23.798433 8.187207 1498.533081
1036 24.709023 8.675661 1498.338379
1037 25.351683 8.579939 1498.233521
1038 24.772701 9.428470 1498.338379
1039 25.631821 9.305313 1498.275879
1040 26.117641 8.838625 1498.166260
1041 26.201178 9.649682 1498.350464
1042 25.640867 9.972886 1498.369629
1043 26.373936 10.336374 1498.537109
1044 26.807905 9.937892 1498.526611
1045 26.670889 9.252689 1498.281738
1046 27.352068 9.480778 1498.498535
1047 27.279968 8.838187 1498.220337
1048 27.930784 9.010973 1498.502197
1049 27.983717 9.677995 1498.851074
1050 28.474678 9.189379 1498.860962
1051 28.612513 9.876906 1499.303223
1052 27.995790 10.312848 1499.138672
1053 28.484367 10.566605 1499.522949
1054 28.965868 10.302904 1499.728271
1055 29.304096 9.852216 1499.706909
1056 29.095652 9.345763 1499.288330
1057 29.801056 9.349796 1499.564941
1058 29.427235 8.878789 1499.195557
1059 28.873999 8.790419 1498.865479
1060 29.872810 9.876390 1500.121826
1061 29.487164 10.459613 1500.159668
1062 30.027514 10.394194 1500.460449
1063 30.554331 10.690229 1500.585815
1064 29.985464 10.924453 1500.505859
1065 30.556898 11.325771 1500.710693
1066 29.944605 11.610271 1500.559326
1067 29.418325 11.197793 1500.266235
1068 29.331152 11.967129 1500.309937
1069 29.931274 12.256743 1500.631958
1070 30.508415 11.966738 1500.808594
1071 30.459686 12.542705 1500.901245
1072 31.036964 12.311656 1501.039063
1073 30.941727 12.883350 1501.170898
1074 31.653980 12.683687 1501.306030
1075 31.322289 13.359825 1501.494629
1076 32.035652 13.313623 1501.712158
1077 32.548626 12.743934 1501.497925
1078 32.628471 13.361998 1501.885498
1079 33.104752 13.122874 1501.853271
1080 33.105827 13.742738 1502.098999
1081 32.417480 13.914420 1502.111694
1082 33.054699 14.299205 1502.295532
1083 33.812752 14.148034 1501.941528
1084 33.539425 13.521502 1501.980835
1085 33.558861 14.770975 1502.357300
1086 32.891052 14.805287 1502.579712
1087 33.320881 15.237024 1502.798218
1088 32.645531 15.263216 1502.914063
1089 32.235149 14.884024 1502.604126
1090 32.002739 15.400250 1502.893433
1091 32.387943 15.721778 1503.260986
1092 33.015163 15.645091 1503.244873
1093 32.730652 16.044659 1503.652832
1094 32.181561 16.155401 1503.571167
1095 31.827597 15.900471 1503.189087
1096 32.023232 16.535231 1503.798950
1097 31.439312 16.271395 1503.205688
1098 31.506781 16.830276 1503.619751
1099 31.816057 17.330240 1504.217285
1100 31.048134 17.523382 1503.560181
1101 31.178965 18.037752 1503.949707
1102 31.538927 17.776319 1504.189209
1103 31.515306 18.259068 1504.435913
1104 31.070076 18.665714 1504.118042
1105 31.450914 18.878761 1504.688110
1106 31.922174 18.392221 1504.998901
1107 31.917234 17.798361 1504.622070
1108 32.375153 17.814907 1505.153809
1109 32.321156 17.292681 1504.669067
1110 32.844685 17.283936 1505.189453
1111 32.804913 16.803507 1504.583740
1112 32.170456 16.871277 1504.176270
1113 32.488861 16.448723 1503.991089
1114 33.061905 16.362949 1504.132935
1115 33.471058 16.597427 1504.681641
1116 33.702091 16.334841 1504.181763
1117 33.348576 16.018633 1503.665527
1118 34.012680 16.112183 1503.629272
1119 34.357555 16.405769 1504.177734
1120 34.131989 16.541691 1504.731201
1121 34.787960 16.577202 1504.667847
1122 34.918907 16.530432 1504.161377
1123 34.763233 16.329226 1503.565430
1124 35.375553 16.616655 1503.831665
1125 35.377052 16.678354 1504.396362
1126 35.798538 16.783150 1504.078247
1127 36.369339 16.950142 1503.958374
1128 35.956223 16.831781 1504.562866
1129 36.774258 17.036995 1504.639160
1130 37.064518 17.110348 1503.842651
1131 37.202415 16.994339 1503.242798
1132 37.750244 17.188164 1503.760620
1133 37.860573 16.995167 1503.192627
1134 37.346985 16.779776 1502.803833
1135 38.035046 16.727993 1502.806030
1136 37.408207 16.463940 1502.621460
1137 36.867065 15.970473 1502.425537
1138 36.824680 15.600394 1502.124634
1139 36.668106 15.528087 1501.755371
1140 36.745251 15.047071 1501.286865
1141 38.427135 16.901125 1503.206543
1142 38.705990 16.789364 1503.296509
1143 38.940186 16.968744 1503.757202
1144 38.437279 17.152195 1503.710083
1145 39.010490 17.169334 1504.303223
1146 39.472149 16.930225 1504.507080
1147 39.668079 16.552671 1504.682983
1148 39.768219 16.875792 1505.185181
1149 39.415707 17.128736 1504.985107
1150 39.748421 17.023081 1505.630249
1151 40.113075 16.976629 1506.212280
1152 39.546928 17.189877 1506.142212
1153 39.724522 17.174000 1506.816528
1154 39.062611 17.197109 1506.852539
1155 38.737930 17.210909 1506.298950
1156 39.177013 17.242472 1505.593506
1157 38.369827 17.229921 1505.644287
1158 38.802959 17.282486 1504.945557
1159 38.025772 17.246117 1504.987183
1160 37.577374 17.097500 1505.614014
1161 37.828590 17.048756 1506.384521
1162 36.975754 16.886379 1506.192261
1163 37.096378 16.838175 1506.883911
1164 36.371960 16.728876 1506.723999
1165 36.569229 16.737858 1507.341675
1166 37.197266 16.827698 1507.505005
1167 36.718353 16.768188 1507.805054
1168 37.200901 16.834457 1508.121704
1169 36.501919 16.807322 1508.274902
1170 36.966621 16.871893 1508.794189
1171 37.841183 16.943729 1508.604492
1172 37.931469 16.965086 1507.701050
1173 38.646431 17.089689 1508.048706
1174 38.726631 17.080301 1508.816040
1175 39.468178 17.176888 1508.259277
1176 39.231468 17.172800 1507.489868
1177 38.636082 17.112034 1507.423340
1178 38.316311 17.086649 1506.966797
1179 37.680210 16.944231 1507.097778
1180 39.864498 17.141020 1507.498901
1181 40.270096 17.008326 1506.829712
1182 40.370827 16.980249 1507.490112
1183 40.650043 16.809921 1506.976685
1184 40.184395 17.144547 1508.077393
1185 40.091103 17.173933 1508.754272
1186 39.492630 17.140347 1509.182007
1187 40.134621 17.129654 1509.304565
1188 40.612003 17.086668 1509.116089
1189 40.545258 17.020765 1509.696655
1190 41.132843 16.864635 1509.523071
1191 40.994331 16.802408 1510.190552
1192 41.573238 16.542345 1510.090942
1193 41.591106 16.576635 1509.573975
1194 42.154743 16.112257 1509.916260
1195 41.975044 16.177816 1510.593994
1196 41.416550 16.503603 1510.728516
1197 41.783588 16.178438 1511.208252
1198 42.253056 15.833582 1511.125488
1199 42.432102 15.709501 1510.496338
1200 42.438488 15.532486 1511.706299
1201 42.046982 15.886619 1511.632324
1202 42.067791 15.718082 1512.214111
1203 42.027683 15.505287 1512.829590
1204 41.439419 15.911346 1512.666138
1205 41.614002 15.488408 1513.417969
1206 40.929428 15.848683 1513.445557
1207 40.694244 16.185181 1512.761230
1208 40.204082 16.116005 1513.472290
1209 40.479286 15.793336 1514.162720
1210 39.716057 16.072498 1514.174927
1211 40.105267 15.739779 1514.829712
1212 39.538940 15.943187 1514.878906
1213 39.741989 15.681273 1515.513672
1214 40.332436 15.477589 1515.336670
1215 40.244862 15.328536 1515.888062
1216 39.752136 15.433398 1516.230347
1217 40.192192 15.142330 1516.414185
1218 40.662842 14.967533 1516.212036
1219 40.406956 14.781956 1516.880249
1220 41.008293 14.575891 1516.537354
1221 40.798546 14.358327 1517.106079
1222 41.244556 14.231696 1516.787476
1223 41.532421 14.298416 1516.310303
1224 41.223534 14.727885 1515.920410
1225 41.834633 14.372164 1515.617554
1226 42.040325 13.913848 1516.212280
1227 42.442429 13.827390 1515.645508
1228 42.277714 14.159704 1515.028320
1229 41.818523 14.666175 1514.837036
1230 42.256390 14.383358 1514.375000
1231 41.840687 14.975564 1514.065430
1232 41.390297 15.104677 1514.630615
1233 41.324238 14.922956 1515.243286
1234 40.801575 15.401656 1514.845459
1235 40.780518 15.154618 1515.574341
1236 41.172615 15.460592 1514.109375
1237 42.567463 13.950767 1514.567383
1238 42.761410 13.685514 1515.025024
1239 42.947113 13.512368 1514.375977
1240 43.308735 13.191760 1514.851929
1241 43.041340 13.367152 1515.558105
1242 42.609032 13.401602 1516.213379
1243 43.335274 12.980092 1515.948853
1244 43.676384 12.982077 1515.390137
1245 43.993320 12.638157 1515.719116
1246 43.640011 12.565487 1516.125488
1247 44.337330 12.178466 1515.865967
1248 43.726116 11.988622 1516.370972
1249 44.334564 11.553321 1516.061035
1250 44.632317 11.716214 1515.775024
1251 44.795368 11.309276 1515.606812
1252 44.779728 11.714453 1515.576660
1253 44.616524 11.988226 1515.679688
1254 44.738842 11.916614 1515.526978
1255 44.568821 12.258527 1515.472168
1256 44.876118 11.750874 1515.262329
1257 44.726448 11.973877 1514.867798
1258 44.416996 12.442475 1515.084473
1259 44.167763 12.662358 1515.311646
1260 44.802536 11.413536 1514.833130
1261 44.915245 11.278335 1515.278564
1262 44.847504 10.782763 1515.038696
1263 44.626644 10.160265 1515.239502
1264 44.749493 10.747069 1515.462524
1265 44.304104 10.200405 1515.682861
1266 44.476528 10.854307 1515.854980
1267 44.091602 10.389124 1516.011719
1268 44.052036 10.914640 1516.214844
1269 43.842216 11.406596 1516.398804
1270 43.598080 10.999189 1516.559326
1271 43.341709 11.522435 1516.714478
1272 43.012913 11.059242 1516.976807
1273 42.761570 11.525055 1517.097046
1274 42.607574 11.088310 1517.270264
1275 42.746422 10.609632 1517.214111
1276 42.322670 10.849560 1517.528931
1277 42.446842 10.321362 1517.519653
1278 42.725227 10.020096 1517.316040
1279 42.332664 9.887300 1517.742188
1280 42.066448 10.354459 1517.856079
1281 41.888794 9.898852 1518.175903
1282 41.591103 10.434152 1518.277710
1283 41.408932 9.953938 1518.635620
1284 41.081493 10.575105 1518.735840
1285 40.864643 9.992805 1519.203613
1286 40.577408 10.784260 1519.197266
1287 40.310135 10.390881 1519.671509
1288 40.488754 9.711497 1519.802612
1289 40.037052 10.108608 1520.178101
1290 40.230412 9.465861 1520.323242
1291 39.751244 9.915277 1520.744751
1292 40.072487 9.133384 1520.857422
1293 40.501026 8.798184 1520.414917
1294 40.632923 9.118940 1519.984009
1295 41.042782 8.422898 1519.898560
1296 40.966019 9.215429 1519.497681
1297 41.487709 8.705338 1519.193848
1298 41.658409 8.017249 1519.375610
1299 41.397644 7.722564 1519.838623
1300 41.763039 7.387649 1519.495117
1301 41.435570 7.124867 1520.017456
1302 41.743870 6.794731 1519.579956
1303 42.115639 7.130121 1519.112305
1304 42.166111 7.647689 1518.959839
1305 42.634705 7.268081 1518.496338
1306 42.368980 6.944046 1518.798218
1307 42.634739 6.757264 1518.369385
1308 42.938549 7.140790 1518.060547
1309 42.958313 7.619708 1517.991211
1310 43.176537 7.408493 1517.633057
1311 43.185638 7.913248 1517.460938
1312 42.881775 8.243864 1517.841187
1313 42.569431 7.915106 1518.405151
1314 42.420612 8.595860 1518.240967
1315 42.045704 8.292673 1518.812744
1316 41.885147 8.952155 1518.629150
1317 41.378090 9.378742 1518.940552
1318 41.752285 9.489243 1518.491577
1319 42.241734 9.311751 1518.067383
1320 42.748489 8.952564 1517.652344
1321 42.637497 9.512786 1517.547607
1322 43.310410 7.495670 1517.141724
1323 42.821175 6.659926 1517.991699
1324 42.428238 6.345078 1518.208984
1325 42.154133 6.348928 1518.784546
1326 41.990730 6.712630 1519.224487
1327 41.697346 6.265442 1519.488647
1328 41.383801 5.664546 1519.378174
1329 41.317459 5.689541 1519.876709
1330 41.422047 6.332307 1520.074829
1331 41.224583 5.674639 1520.593018
1332 41.011238 5.160450 1520.217163
1333 41.154743 4.903267 1520.886475
1334 41.230915 5.366661 1521.291382
1335 41.234505 4.740604 1521.482178
1336 41.181782 5.283658 1521.820801
1337 41.123268 4.735359 1522.172607
1338 41.093616 4.354165 1521.937256
1339 40.938835 4.398590 1522.554077
1340 40.922985 4.886545 1522.749634
1341 40.704342 4.533609 1523.140869
1342 40.531883 3.958492 1523.113159
1343 40.401104 4.448297 1523.614624
1344 40.129257 3.894874 1523.737915
1345 40.095455 4.599535 1524.084961
1346 39.758690 3.838187 1524.260254
1347 39.694981 3.589552 1524.199463
1348 39.483841 3.869411 1524.679565
1349 39.315556 3.240337 1524.657837
1350 39.552555 3.163267 1524.114624
1351 39.336315 2.698331 1524.288452
1352 39.549091 2.878134 1523.710327
1353 39.833839 3.344011 1523.667603
1354 40.170021 3.463702 1523.176025
1355 39.347786 2.320732 1523.860352
1356 39.062935 2.111993 1524.482178
1357 39.037746 1.639098 1523.992676
1358 38.703819 1.536074 1524.687744
1359 38.509079 0.952772 1524.848022
1360 38.129639 0.527573 1524.744263
1361 38.032936 0.823386 1525.317017
1362 37.589237 0.275720 1525.240967
1363 37.461823 0.664012 1525.731445
1364 37.735313 1.140883 1525.769531
1365 37.216263 1.147290 1526.143921
1366 36.955238 0.628689 1526.095459
1367 37.069794 0.194451 1525.781372
1368 36.477375 0.299976 1526.252686
1369 36.546150 -0.355948 1525.891113
1370 35.851055 -0.110230 1526.412720
1371 35.870724 -0.740637 1526.099609
1372 35.228104 -0.471068 1526.524658
1373 35.148342 -1.130893 1526.193115
1374 35.713017 -1.363701 1525.785156
1375 35.029335 -1.692448 1525.823730
1376 35.547245 -1.867955 1525.376709
1377 36.100227 -1.481758 1525.420044
1378 36.330795 -1.027326 1525.634033
1379 36.497089 -1.299707 1525.213013
1380 36.866199 -0.709437 1525.334473
1381 37.140213 -0.192474 1525.419556
1382 36.923573 -0.962143 1524.801147
1383 36.582581 -1.489062 1524.650879
1384 36.158047 -1.718896 1525.016113
1385 34.905407 -2.113633 1525.452637
1386 34.373905 -1.978272 1525.708496
1387 33.860687 -2.256968 1525.419678
1388 33.676064 -1.821288 1525.987793
1389 34.291946 -1.384014 1526.269165
1390 33.402657 -1.329639 1526.536011
1391 33.820419 -0.805219 1526.828491
1392 33.052444 -0.807325 1527.085693
1393 33.495354 -0.299277 1527.278931
1394 32.983959 -0.303475 1527.471191
1395 33.182362 0.153085 1527.666016
1396 32.637444 -0.019833 1527.778198
1397 32.501720 -0.551824 1527.470947
1398 32.046383 -0.242917 1527.836426
1399 32.259041 0.333349 1528.101685
1400 31.659000 0.196493 1528.196533
1401 31.980328 0.773988 1528.373047
1402 31.292944 0.740712 1528.500366
1403 30.994818 0.074833 1528.250244
1404 31.369263 -0.419178 1527.888428
1405 30.627903 -0.532517 1527.904053
1406 31.062418 -0.995699 1527.489014
1407 31.828804 -0.893015 1527.410889
1408 31.354874 -1.471783 1526.980103
1409 30.684170 -1.465425 1527.079712
1410 30.891399 -2.013551 1526.462646
1411 30.188635 -1.807457 1526.702881
1412 30.259871 -2.327540 1526.113892
1413 30.801487 -2.529691 1525.866821
1414 31.356178 -2.403338 1525.906372
1415 31.642942 -1.913708 1526.420898
1416 31.950809 -2.252558 1525.902588
1417 31.731789 -2.733603 1525.338623
1418 31.100601 -2.879552 1525.384644
1419 31.545218 -3.166424 1524.819946
1420 32.175587 -2.940092 1524.795654
1421 32.314754 -2.572407 1525.307129
1422 32.649521 -2.756020 1524.839355
1423 32.698456 -2.976731 1524.346313
1424 33.131374 -2.728706 1524.644653
1425 32.928574 -2.475971 1525.226563
1426 33.477283 -2.499465 1525.045410
1427 33.234840 -2.165906 1525.626221
1428 32.615910 -2.107206 1525.855835
1429 32.303917 -1.811786 1526.337036
1430 32.964298 -1.765186 1526.198120
1431 32.688683 -1.362828 1526.713013
1432 32.035759 -1.422523 1526.852295
1433 32.420757 -1.010603 1527.127197
1434 32.076965 -3.321301 1524.177246
1435 31.655083 -3.744185 1523.746216
1436 31.312540 -4.101243 1523.338379
1437 31.068434 -3.942713 1523.870483
1438 31.309042 -3.585013 1524.321899
1439 30.625935 -3.771586 1524.338745
1440 30.494839 -4.075305 1523.902222
1441 30.707960 -4.290871 1523.409180
1442 30.048300 -4.342995 1523.492432
1443 30.412764 -4.557642 1522.894531
1444 30.998711 -4.410689 1522.867798
1445 30.713165 -4.628782 1522.347046
1446 30.192604 -4.731641 1522.315674
1447 29.136776 -4.740295 1521.136353
1448 28.530582 -4.529481 1520.554688
1449 28.554964 -4.609716 1521.441284
1450 28.098942 -4.424943 1521.093018
1451 27.807344 -4.236753 1520.533813
1452 28.180002 -4.320204 1519.997070
1453 27.676428 -4.053218 1519.839844
1454 28.079615 -4.178513 1519.498413
1455 28.697222 -4.404315 1519.592163
1456 27.582596 -3.847997 1519.187988
1457 27.205317 -3.755453 1519.686035
1458 26.906263 -3.495641 1519.305542
1459 27.196159 -3.433880 1518.520630
1460 26.552475 -3.218683 1518.994263
1461 26.420177 -3.026951 1518.486084
1462 26.021839 -2.928668 1519.073730
1463 26.321053 -3.180205 1519.552368
1464 25.757971 -2.824569 1519.687012
1465 25.432846 -2.592229 1519.174438
1466 25.274609 -2.501780 1519.747681
1467 24.778271 -2.193950 1519.415283
1468 24.961716 -2.248105 1520.199951
1469 24.376612 -1.839794 1520.125488
1470 24.056280 -1.735759 1519.424438
1471 23.760754 -1.394341 1520.145020
1472 23.407326 -1.314021 1519.458984
1473 23.738436 -1.621841 1518.771729
1474 24.365765 -1.984714 1518.634521
1475 23.963734 -1.781585 1518.346069
1476 22.748199 -0.891846 1519.441040
1477 23.104942 -0.888812 1520.257935
1478 22.420652 -0.452330 1520.102051
1479 22.077021 -0.468447 1519.403198
1480 21.802031 -0.041442 1520.028931
1481 22.116468 0.015538 1520.665649
1482 21.555744 0.394360 1520.563843
1483 21.839334 0.472484 1521.138306
1484 21.389235 0.752591 1520.992676
1485 20.971315 0.815385 1520.519409
1486 21.227158 0.356267 1520.001953
1487 20.751129 0.669849 1519.947632
1488 20.372076 1.049573 1520.141479
1489 20.502993 1.310606 1520.756226
1490 19.935562 1.500349 1520.368408
1491 19.753912 1.201391 1519.651123
1492 19.343760 1.685990 1519.997070
1493 19.195778 1.450181 1519.444092
1494 19.334011 1.119028 1519.001099
1495 18.795038 1.445559 1518.994995
1496 18.782921 1.766214 1519.536743
1497 18.264038 1.776839 1519.027954
1498 18.302404 2.121856 1519.643555
1499 17.769814 1.760760 1518.483276
1500 18.316372 1.458220 1518.482910
1501 18.485342 1.104283 1517.897705
1502 18.915997 1.098377 1518.448242
1503 18.782381 2.081207 1520.040894
1504 18.484722 2.570066 1520.510620
1505 19.208918 2.103147 1520.510864
1506 19.180698 2.577654 1521.217651
1507 18.581411 3.049396 1521.347290
1508 19.214621 3.101004 1522.109863
1509 18.475111 3.540626 1522.058472
1510 18.838394 3.589422 1522.544556
1511 18.307331 3.904490 1522.557251
1512 17.860447 3.911176 1522.132080
1513 17.944912 3.453079 1521.413452
1514 17.362755 3.822434 1521.554321
1515 17.303667 3.470200 1520.918457
1516 17.904768 3.071789 1520.768799
1517 16.616472 3.557844 1520.554443
1518 16.799099 3.810215 1521.111572
1519 16.214468 4.047892 1521.124512
1520 16.685991 4.210112 1521.742676
1521 15.855715 4.611145 1521.960571
1522 15.516728 4.281813 1521.106934
1523 15.842465 3.731932 1520.319214
1524 15.140090 4.096647 1520.523804
1525 14.513083 4.221511 1520.373657
1526 14.165303 3.955206 1519.614014
1527 13.774633 4.389052 1520.261475
1528 14.085478 4.568075 1520.820557
1529 13.415206 4.744106 1520.816650
1530 13.002030 4.509878 1520.062378
1531 12.604412 4.918553 1520.767822
1532 12.274380 4.676730 1520.029907
1533 12.574955 4.252837 1519.237183
1534 13.403186 4.118350 1519.457275
1535 13.203733 3.767050 1518.547241
1536 13.851848 3.782696 1519.037598
1537 12.308130 3.981080 1518.459229
1538 11.982920 4.235041 1518.859863
1539 11.403458 4.162263 1518.387329
1540 11.621754 4.502820 1519.289185
1541 10.717775 4.528929 1518.942261
1542 10.306330 4.137121 1517.831787
1543 10.929418 3.987376 1517.747192
1544 11.388412 3.849555 1517.637939
1545 9.855138 4.585889 1518.759888
1546 10.212030 4.938289 1519.776245
1547 10.986192 4.764801 1519.620239
1548 10.994118 5.048208 1520.328125
1549 10.512689 5.207785 1520.581787
1550 10.930202 5.367524 1521.145752
1551 10.370812 5.478838 1521.303833
1552 9.896694 5.285141 1520.646606
1553 9.777366 5.550853 1521.430176
1554 9.221703 5.413095 1520.965576
1555 9.190425 5.597024 1521.572998
1556 8.693705 5.454964 1521.118774
1557 8.861055 5.179524 1520.176025
1558 9.484096 5.144104 1520.156982
1559 9.270898 4.938654 1519.521118
1560 8.337436 4.989469 1519.474731
1561 8.152097 5.222798 1520.277954
1562 7.346305 5.114661 1519.757080
1563 7.297471 5.242152 1520.312500
1564 6.727859 5.185249 1519.963745
1565 6.702534 5.077773 1519.383911
1566 5.920096 5.228474 1519.910889
1567 6.166793 5.056626 1518.940796
1568 6.811733 4.912117 1518.652588
1569 6.226456 4.897077 1518.105835
1570 6.930189 4.712110 1517.850342
1571 7.490004 4.730548 1518.290771
1572 7.469547 4.968730 1519.189819
1573 8.049546 4.734141 1518.559814
1574 8.951349 4.692207 1518.744629
1575 8.754676 4.430687 1517.934448
1576 9.298639 4.398328 1518.075317
1577 9.758576 4.262160 1517.911377
1578 8.144893 4.500573 1517.857666
1579 7.638946 4.436249 1517.312744
1580 6.475454 4.675889 1517.228882
1581 5.837660 4.857155 1517.386108
1582 5.988418 4.685285 1516.548096
1583 5.434987 4.877341 1516.797119
1584 5.333767 4.799414 1515.887451
1585 4.854208 5.006019 1516.441895
1586 4.514658 5.038699 1515.657471
1587 4.268189 5.162397 1516.180908
1588 3.772623 5.285329 1515.752686
1589 3.709498 5.369765 1516.514893
1590 3.194047 5.489279 1515.943970
1591 3.092030 5.569841 1516.520264
1592 3.237945 5.582672 1517.260742
1593 2.541292 5.771096 1516.761841
1594 2.433392 5.857711 1517.490845
1595 1.664968 6.084548 1516.997437
1596 2.011708 5.921002 1516.379272
1597 1.417985 6.120420 1516.251099
1598 1.922319 5.903252 1515.739624
1599 2.575250 5.696881 1515.966797
1600 2.374244 5.717685 1515.317017
1601 3.014990 5.497015 1515.226318
1602 2.362049 5.686440 1514.664429
1603 1.852123 5.880175 1515.018188
1604 1.819157 5.861587 1514.262451
1605 1.292980 6.063613 1514.608276
1606 1.217142 6.078202 1513.857544
1607 0.654620 6.304651 1514.138672
1608 0.584119 6.345885 1513.363770
1609 1.169768 6.123254 1513.078247
1610 1.756459 5.888750 1513.392334
1611 1.644429 5.982390 1512.633301
1612 0.633882 6.374964 1512.698486
1613 1.156027 6.273456 1511.931885
1614 0.314964 6.586488 1512.251953
1615 0.505810 6.616013 1511.663696
1616 -0.141853 6.868320 1511.987183
1617 0.026516 6.946068 1511.333740
1618 0.792678 6.694794 1510.900391
1619 1.037455 6.449030 1511.368286
1620 1.713843 6.233142 1511.084229
1621 1.553751 6.539267 1510.310059
1622 2.405430 6.180629 1510.261719
1623 2.030393 6.614270 1509.538208
1624 2.528420 6.413074 1509.464966
1625 3.067646 6.081820 1509.704956
1626 3.004621 6.370567 1509.058228
1627 3.585344 6.076869 1509.154175
1628 3.486354 6.362719 1508.619019
1629 4.118153 6.109560 1508.587158
1630 3.683511 6.597010 1508.021118
1631 4.477388 6.309649 1507.948853
1632 4.149862 6.741836 1507.455078
1633 3.551437 6.990984 1507.459473
1634 3.036700 7.009704 1507.817261
1635 3.004013 6.677996 1508.432861
1636 2.436138 7.038493 1508.276001
1637 2.441744 6.716826 1508.884155
1638 1.793946 7.091693 1508.780640
1639 1.923132 7.410081 1508.079590
1640 1.338157 7.525595 1508.417725
1641 1.335154 7.856297 1507.839966
1642 2.003584 7.682517 1507.540649
1643 1.734935 8.065070 1507.120605
1644 2.415007 7.779515 1507.027222
1645 2.492495 7.387580 1507.623657
1646 3.095410 7.382060 1507.155640
1647 3.000956 7.870822 1506.407715
1648 3.536637 7.464562 1506.707153
1649 3.634301 7.688307 1506.274902
1650 4.032636 7.366161 1506.552246
1651 3.802438 7.185894 1506.978394
1652 6.477053 5.616269 1507.956665
1653 5.898375 6.655780 1506.675903
1654 7.042625 5.866992 1507.280396
1655 7.525772 7.100994 1505.269043
1656 4.649188 7.304536 1506.310547
1657 6.556963 6.697465 1506.327637
1658 7.188724 6.767941 1505.937134
1659 5.400840 5.667220 1508.509033
1660 4.791426 5.965956 1508.350220
1661 4.774257 5.716299 1508.889648
1662 5.523757 5.355576 1509.140381
1663 4.674240 5.519284 1509.510132
1664 5.282922 5.204119 1509.865601
1665 4.640275 5.333590 1510.214111
1666 4.086450 5.609617 1509.925781
1667 4.040429 5.470419 1510.543579
1668 3.518018 5.759077 1510.184814
1669 3.661199 5.845400 1509.696655
1670 4.134225 5.799412 1509.290405
1671 3.344299 5.646727 1510.881470
1672 4.022133 5.347048 1511.218140
1673 3.451356 5.484639 1511.583862
1674 2.700408 5.842263 1511.100098
1675 2.852912 5.635853 1511.960327
1676 2.097491 5.916278 1511.892212
1677 2.424963 5.720784 1512.484863
1678 2.403664 5.679587 1513.079224
1679 3.105332 5.468388 1512.735107
1680 3.071587 5.440885 1513.444702
1681 2.360195 5.671675 1513.724854
1682 2.911064 5.491380 1514.316772
1683 3.618347 5.256788 1513.873657
1684 3.694621 5.247351 1513.231567
1685 4.215148 5.066637 1513.682739
1686 4.054623 5.120957 1514.413696
1687 3.429871 5.330724 1514.642090
1688 3.899974 5.199679 1515.101929
1689 4.795737 4.900698 1514.962402
1690 4.737731 4.895180 1514.097168
1691 5.349851 4.696074 1513.988281
1692 4.827659 4.875381 1513.502441
1693 5.492123 4.671457 1513.240479
1694 4.881117 4.886954 1512.910645
1695 5.303546 4.783275 1512.509521
1696 5.955259 4.566320 1512.603760
1697 6.260379 4.419154 1513.211304
1698 5.984927 4.487126 1513.828735
1699 6.618990 4.273761 1513.707275
1700 6.919314 4.194736 1513.185181
1701 7.301953 4.037201 1513.649048
1702 7.471543 4.005181 1513.131348
1703 7.951796 3.819502 1513.372925
1704 8.694993 3.600788 1512.793579
1705 7.898174 3.894276 1512.708862
1706 8.293556 3.833773 1512.112305
1707 7.669726 4.050186 1512.126221
1708 8.014146 4.042814 1511.476563
1709 8.643668 3.815052 1511.528931
1710 8.827970 3.650837 1512.061035
1711 9.124949 3.608875 1511.697876
1712 9.341296 3.442703 1512.203003
1713 9.522614 3.310860 1512.775024
1714 9.924644 3.227468 1512.227173
1715 10.175099 3.086039 1512.780762
1716 10.450114 3.030156 1512.321167
1717 9.635362 3.430969 1511.653442
1718 9.947721 3.450335 1511.048828
1719 9.188822 3.728502 1511.050049
1720 9.574659 3.775496 1510.347656
1721 8.973077 3.989170 1510.328979
1722 8.440853 4.039174 1510.829224
1723 8.440281 4.210022 1510.149048
1724 7.915024 4.336790 1510.273438
1725 7.749929 4.257238 1510.837524
1726 7.329108 4.480531 1510.384155
1727 7.128043 4.419353 1510.977295
1728 6.755534 4.637104 1510.417725
1729 6.455598 4.616450 1510.997070
1730 6.226097 4.774776 1510.492188
1731 6.386680 4.870215 1509.859619
1732 5.777021 4.967849 1510.202637
1733 5.834962 5.097176 1509.624390
1734 6.226075 5.112094 1509.209106
1735 6.065480 5.391107 1508.635376
1736 6.687804 5.142901 1508.773926
1737 5.231674 6.038541 1507.934204
1738 6.727564 7.175663 1505.567261
1739 5.893743 5.815107 1507.932495
1740 7.123846 5.178118 1508.424683
1741 7.649137 5.172832 1508.128784
1742 7.601647 4.936989 1508.660400
1743 7.182424 4.968200 1508.867432
1744 6.932414 4.855171 1509.381714
1745 7.530922 4.759017 1509.178711
1746 7.459785 4.583508 1509.818848
1747 6.947215 4.680064 1509.991943
1748 8.037339 4.486100 1509.596191
1749 8.032545 4.712483 1508.924927
1750 7.994732 4.915561 1508.455811
1751 8.250710 5.048045 1508.016479
1752 7.727674 5.508572 1507.490234
1753 8.520704 5.232855 1507.505249
1754 8.211946 5.626342 1507.031128
1755 8.765332 5.406873 1507.047607
1756 8.684491 5.699216 1506.628418
1757 9.169056 5.730336 1506.220581
1758 8.540621 6.084048 1506.144531
1759 8.925977 6.081995 1505.858643
1760 8.425028 6.380105 1505.781616
1761 8.656919 6.609221 1505.252197
1762 9.313172 6.217334 1505.303833
1763 9.108367 6.656805 1504.769287
1764 9.840881 6.166212 1504.841431
1765 9.951349 5.624734 1505.665649
1766 10.506740 5.712291 1504.865112
1767 10.634928 5.291245 1505.489136
1768 10.537779 5.029639 1506.124390
1769 9.876767 5.248235 1506.418335
1770 11.260874 4.486154 1506.370728
1771 11.301257 4.831016 1505.523438
1772 12.011498 4.238995 1505.774170
1773 12.053137 4.506326 1505.069214
1774 11.665733 4.939377 1504.758789
1775 11.120494 5.322429 1504.786621
1776 11.681287 5.260639 1504.129517
1777 12.247043 4.695078 1504.368164
1778 12.304605 5.074822 1503.610107
1779 12.877126 4.409357 1503.972412
1780 12.757438 4.180162 1504.611694
1781 12.578845 4.060195 1505.200806
1782 13.221678 3.675792 1504.948120
1783 13.534638 3.249986 1505.500488
1784 13.469295 4.181660 1503.552002
1785 12.916049 4.788702 1503.292725
1786 13.451632 4.518558 1503.067383
1787 13.983126 4.171126 1502.985718
1788 13.804715 4.571113 1502.640869
1789 14.152107 4.787446 1502.096558
1790 13.580742 5.050368 1502.252197
1791 13.185936 4.994972 1502.696045
1792 12.882009 5.552526 1502.260132
1793 13.280522 5.620420 1501.817749
1794 12.631213 6.090134 1501.785156
1795 12.083708 6.002797 1502.442017
1796 12.023413 6.508820 1501.779785
1797 12.545468 6.469018 1501.368042
1798 13.162845 6.251970 1501.151367
1799 12.739578 6.739622 1500.875244
1800 13.317885 6.709904 1500.516846
1801 13.799899 6.331059 1500.639893
1802 13.860435 5.823213 1501.154785
1803 14.385168 6.030293 1500.634888
1804 14.477354 5.502957 1501.125488
1805 15.047614 5.760059 1500.603027
1806 15.078898 5.238857 1501.089478
1807 14.555875 5.001442 1501.595581
1808 13.976654 5.281458 1501.674072
1809 14.653938 4.589184 1501.963623
1810 15.107206 4.740890 1501.556641
1811 15.680795 4.969908 1501.100098
1812 16.389297 4.698842 1501.116089
1813 16.213398 5.271554 1500.671509
1814 16.867350 5.048626 1500.712769
1815 16.659870 5.574098 1500.319214
1816 17.375675 5.410662 1500.337891
1817 17.436434 4.882035 1500.738403
1818 17.177525 4.439358 1501.141113
1819 17.859530 4.511362 1500.941406
1820 17.871353 3.973440 1501.355713
1821 18.434147 4.188856 1501.058960
1822 19.075979 4.008979 1501.021240
1823 18.732553 4.760578 1500.588135
1824 17.925367 4.989362 1500.573486
1825 18.086302 5.480500 1500.193237
1826 18.927673 5.463050 1500.092896
1827 19.616894 4.909396 1500.295898
1828 19.466066 4.376231 1500.661255
1829 20.288200 4.336801 1500.415039
1830 19.837828 3.834163 1500.888306
1831 20.153227 3.246697 1501.173462
1832 20.336304 5.026845 1500.044434
1833 20.877285 5.209886 1499.810181
1834 20.506298 5.675207 1499.701904
1835 21.144463 5.834614 1499.513184
1836 22.094160 5.563913 1499.378784
1837 21.633104 6.412951 1499.234497
1838 22.175177 6.211111 1499.195801
1839 21.812670 7.064996 1499.019165
1840 21.065065 6.669179 1499.223022
1841 21.008526 7.346182 1498.973999
1842 21.781229 7.767486 1498.808716
1843 22.486288 7.465657 1498.841064
1844 22.382282 8.213316 1498.661377
1845 23.013458 7.992560 1498.664917
1846 22.746605 6.498254 1499.032104
1847 23.284744 6.161097 1499.012817
1848 22.689104 5.871708 1499.178711
1849 23.259481 5.520583 1499.142700
1850 23.698500 5.810374 1499.020630
1851 23.834379 5.273491 1499.108887
1852 23.948383 4.643265 1499.202637
1853 23.548990 7.620942 1498.664795
1854 22.986610 8.719960 1498.525391
1855 23.534287 9.044926 1498.442505
1856 22.937920 9.651674 1498.347412
1857 23.878977 9.635971 1498.364014
1858 23.620050 10.218703 1498.299072
1859 24.382450 10.379972 1498.336548
1860 23.626034 10.809349 1498.233643
1861 24.238882 11.198865 1498.284180
1862 23.707731 11.743095 1498.137207
1863 23.018475 11.222179 1498.080566
1864 22.718937 11.764148 1497.926270
1865 23.119942 12.263021 1497.933960
1866 23.672131 12.473529 1498.038940
1867 24.397465 12.468088 1498.223145
1868 24.687044 11.812880 1498.336426
1869 25.286633 12.478722 1498.474731
1870 24.804382 13.287918 1498.274780
1871 25.606920 13.222292 1498.561646
1872 26.107042 12.653280 1498.756592
1873 25.873819 12.074341 1498.653198
1874 25.378256 11.626325 1498.496216
1875 25.962702 11.385039 1498.623657
1876 25.655758 10.847373 1498.493896
1877 24.855526 11.101019 1498.378784
1878 25.133005 10.402830 1498.384033
1879 26.536186 11.082982 1498.740967
1880 27.167730 10.662874 1498.863281
1881 27.280203 11.579795 1499.130615
1882 27.854275 11.130620 1499.324463
1883 28.026716 12.114302 1499.601685
1884 27.303854 12.350705 1499.253052
1885 27.713715 12.841478 1499.514160
1886 27.191109 13.137071 1499.264404
1887 27.743654 13.656159 1499.600830
1888 27.084034 13.974231 1499.248535
1889 27.526524 14.455487 1499.534424
1890 27.040588 14.875362 1499.257202
1891 26.487865 14.161095 1498.934204
1892 26.359194 14.768525 1498.863403
1893 26.548429 15.329904 1498.972412
1894 25.724581 15.013202 1498.523560
1895 25.738478 15.647579 1498.514160
1896 25.206652 15.380663 1498.257568
1897 25.143963 14.689309 1498.277344
1898 24.685186 15.114962 1498.050171
1899 24.664215 14.278957 1498.125977
1900 24.154806 14.835208 1497.877075
1901 24.144436 13.874531 1497.992065
1902 23.611868 14.588379 1497.723511
1903 23.614182 15.297505 1497.642212
1904 24.127024 15.523864 1497.800537
1905 23.561251 15.933459 1497.576050
1906 24.071045 16.114977 1497.747681
1907 24.622816 15.769165 1497.978882
1908 24.485527 16.313845 1497.907715
1909 25.080557 16.175053 1498.174316
1910 24.660700 16.791567 1497.997681
1911 24.099157 16.712988 1497.760620
1912 24.194857 17.286776 1497.842896
1913 23.601162 17.224171 1497.612061
1914 23.534922 16.584738 1497.554199
1915 22.978144 17.106522 1497.396362
1916 22.878136 16.410236 1497.345459
1917 22.339546 17.109489 1497.205688
1918 22.096596 16.446692 1497.118774
1919 21.678308 17.121904 1497.022217
1920 21.504307 16.642986 1496.957275
1921 21.119823 17.027012 1496.866699
1922 21.010595 16.476963 1496.824097
1923 20.662344 16.832838 1496.738525
1924 20.348770 16.375736 1496.651611
1925 20.917841 15.884234 1496.814453
1926 20.292307 15.709038 1496.659058
1927 19.792748 16.103094 1496.516235
1928 19.648798 15.584682 1496.504639
1929 19.122673 16.226021 1496.355957
1930 19.012627 15.502232 1496.362915
1931 18.421030 16.014498 1496.217407
1932 18.412748 15.339067 1496.254395
1933 17.784256 15.777505 1496.124512
1934 17.794924 16.397532 1496.107300
1935 18.324236 16.772591 1496.194946
1936 17.801510 16.903717 1496.112305
1937 17.250668 16.781050 1496.041138
1938 17.246031 16.201525 1496.045166
1939 16.665468 16.659683 1495.993652
1940 16.667742 16.042728 1496.007324
1941 16.090061 16.508730 1495.972900
1942 16.068361 15.872386 1495.996460
1943 15.482821 16.361519 1495.973511
1944 15.608817 16.912180 1495.961792
1945 15.990549 17.182049 1495.968750
1946 15.254600 17.315762 1495.959961
1947 15.473882 17.818348 1495.972046
1948 14.938905 17.816736 1495.964722
1949 14.962359 18.392550 1495.983643
1950 14.501979 18.040833 1495.966187
1951 14.280109 18.664888 1495.980591
1952 13.846416 17.975195 1495.961914
1953 13.517656 18.613026 1495.966797
1954 13.320513 17.937799 1495.956299
1955 12.799089 18.648413 1495.952515
1956 13.160804 19.189037 1495.972900
1957 13.713528 19.263115 1495.990112
1958 13.175028 19.732344 1495.991943
1959 12.670067 19.475723 1495.967773
1960 12.667187 20.026814 1495.987183
1961 13.063470 20.495169 1496.025635
1962 12.255785 20.531061 1495.998291
1963 12.518746 21.278299 1496.059326
1964 13.213353 21.238289 1496.090698
1965 13.799048 20.641586 1496.076172
1966 13.766151 19.954496 1496.026001
1967 14.454836 20.139502 1496.078369
1968 14.418978 19.453152 1496.023438
1969 15.046528 18.966497 1496.017456
1970 15.333120 19.761580 1496.105591
1971 15.772614 18.998764 1496.059448
1972 15.579208 18.397030 1496.001953
1973 16.142351 18.396095 1496.030884
1974 16.099525 17.815187 1495.991577
1975 16.699150 17.840811 1496.031250
1976 16.672352 17.262043 1496.001709
1977 17.263838 17.331177 1496.057617
1978 17.267307 17.893080 1496.093994
1979 17.843786 17.383451 1496.138672
1980 17.832594 17.993025 1496.186157
1981 18.334164 17.502045 1496.231934
1982 19.004299 17.028929 1496.341431
1983 18.967478 17.703520 1496.382813
1984 18.297251 18.145508 1496.289063
1985 18.976822 18.375422 1496.471069
1986 18.355438 18.885115 1496.413330
1987 17.742615 18.633007 1496.249756
1988 17.211100 18.490007 1496.147095
1989 17.148050 19.125580 1496.225464
1990 16.525925 18.943003 1496.118896
1991 16.709089 18.378918 1496.075439
1992 16.631741 19.511021 1496.210938
1993 16.048571 19.549490 1496.146240
1994 16.352592 20.055765 1496.261719
1995 17.109413 19.916403 1496.360107
1996 16.684887 20.597281 1496.421265
1997 17.380589 20.645433 1496.574951
1998 17.846706 20.124546 1496.557007
1999 17.750698 19.400661 1496.381836
2000 18.337120 19.697842 1496.574463
2001 19.005968 19.119371 1496.614136
2002 19.093750 19.787447 1496.790894
2003 19.636364 19.332664 1496.828613
2004 19.645792 19.901352 1496.975464
2005 20.294294 19.603834 1497.083740
2006 20.022398 20.403208 1497.232666
2007 20.662859 20.127201 1497.346802
2008 20.685392 20.702747 1497.540039
2009 21.217043 20.324127 1497.587891
2010 21.136446 19.620806 1497.339844
2011 21.762518 19.913742 1497.631226
2012 21.767200 19.369236 1497.461792
2013 22.287424 19.471577 1497.662720
2014 22.165537 18.924927 1497.462158
2015 21.521090 18.937223 1497.268921
2016 21.982151 18.339951 1497.268799
2017 21.323286 18.338381 1497.079956
2018 20.843967 18.972248 1497.081055
2019 20.678116 18.322723 1496.900391
2020 20.184240 18.856810 1496.870972
2021 20.101326 18.188091 1496.724365
2022 19.583082 18.642792 1496.667847
2023 19.537844 17.942272 1496.545654
2024 20.074772 17.569305 1496.637695
2025 19.564951 17.309649 1496.488403
2026 20.165251 17.010077 1496.618408
2027 19.643078 16.661749 1496.477783
2028 20.635870 17.358160 1496.763062
2029 20.505102 17.807644 1496.776367
2030 21.112329 17.684135 1496.921387
2031 21.826214 17.736256 1497.123047
2032 22.512417 17.730011 1497.320435
2033 22.639624 18.386248 1497.479614
2034 23.104704 17.787674 1497.515381
2035 23.241648 18.406197 1497.687012
2036 23.715139 17.840014 1497.738892
2037 23.881752 18.440229 1497.938477
2038 24.336098 17.868580 1497.994873
2039 24.768354 17.353157 1498.102905
2040 24.930292 17.892797 1498.279419
2041 25.242926 17.421608 1498.352905
2042 25.195206 16.886513 1498.261353
2043 25.781740 17.180584 1498.624268
2044 25.609587 16.427166 1498.453125
2045 26.298895 16.606422 1498.883057
2046 26.195457 15.958258 1498.775391
2047 26.995598 15.891129 1499.291016
2048 26.868246 16.694851 1499.282715
2049 27.414881 16.530783 1499.670166
2050 27.703850 15.930434 1499.807373
2051 27.736000 15.182211 1499.740845
2052 28.275013 15.645964 1500.208740
2053 28.045382 16.423967 1500.165649
2054 28.752150 16.256561 1500.748291
2055 28.805166 15.334466 1500.572754
2056 28.365330 14.962871 1500.161011
2057 28.873150 14.461027 1500.429565
2058 28.075190 14.387318 1499.878052
2059 28.455576 13.742319 1500.035522
2060 29.352221 13.388252 1500.519775
2061 28.859005 13.225819 1500.204346
2062 28.263842 13.048891 1499.841064
2063 28.630936 12.565552 1499.994141
2064 28.666693 11.997827 1499.947266
2065 28.394785 11.299206 1499.673340
2066 28.942184 11.450793 1500.030273
2067 28.943518 10.858179 1499.909180
2068 29.499479 12.629392 1500.476440
2069 29.896793 12.845433 1500.712158
2070 30.170156 13.445177 1500.992798
2071 29.649017 14.330193 1500.931763
2072 30.342876 13.962544 1501.254761
2073 30.695728 13.433470 1501.252441
2074 30.483326 13.000218 1501.021362
2075 30.965321 14.009612 1501.619995
2076 30.513475 14.423498 1501.540283
2077 30.902084 14.682667 1501.913452
2078 31.382648 14.404894 1502.025391
2079 31.462456 15.046010 1502.433594
2080 31.939756 14.422592 1502.252441
2081 32.506424 14.461874 1502.387085
2082 31.671186 13.889775 1501.882813
2083 30.758478 15.300485 1502.139526
2084 31.072901 15.729165 1502.606812
2085 31.505770 15.648943 1502.839478
2086 30.852835 16.210709 1502.710449
2087 31.047899 16.688684 1503.135376
2088 30.603167 16.714165 1502.732056
2089 30.678665 17.297825 1503.073120
2090 30.461414 17.927982 1503.099976
2091 30.714642 18.393087 1503.579956
2092 30.221325 18.572960 1503.081177
2093 30.098045 18.041265 1502.734131
2094 29.786224 18.401789 1502.512085
2095 29.794258 19.042692 1502.771729
2096 30.133936 19.196686 1503.237915
2097 30.558323 18.995131 1503.656250
2098 30.303761 19.729504 1503.696289
2099 29.791765 19.667307 1503.047119
2100 29.813665 20.310268 1503.408447
2101 29.363726 20.160170 1502.794067
2102 29.355663 20.805075 1503.155273
2103 29.812508 20.943127 1503.802002
2104 30.266785 20.452095 1504.058838
2105 30.236200 21.034035 1504.422363
2106 29.740032 21.643858 1504.241577
2107 30.200783 21.518595 1504.773560
2108 30.608477 21.090780 1504.989746
2109 30.717684 20.553524 1504.726929
2110 30.956106 20.929771 1505.366943
2111 31.267345 20.344471 1505.354980
2112 31.104723 19.930611 1504.837158
2113 31.575668 19.746843 1505.373169
2114 31.380743 19.429256 1504.904297
2115 30.911106 19.394064 1504.279907
2116 30.674717 20.001553 1504.311523
2117 31.873537 19.061655 1505.346558
2118 32.053856 19.508997 1505.911377
2119 32.316345 18.973948 1505.916870
2120 32.419243 18.411823 1505.658813
2121 32.738152 18.645853 1506.306274
2122 32.899113 18.170742 1506.145630
2123 32.871464 17.759277 1505.721069
2124 33.347565 17.725256 1506.357178
2125 33.122410 18.324053 1506.639038
2126 33.528271 18.049908 1507.028931
2127 33.864010 17.538382 1506.923340
2128 33.819160 17.215719 1506.324219
2129 33.344601 17.265276 1505.747803
2130 33.799595 16.920811 1505.672363
2131 33.343933 16.913782 1505.181030
2132 33.934372 16.704296 1505.217163
2133 34.674282 16.644760 1505.326538
2134 34.279354 16.745932 1505.650024
2135 34.930599 16.697332 1506.058838
2136 35.454224 16.685766 1505.750488
2137 35.386280 16.691627 1505.020996
2138 36.092514 16.813793 1505.265259
2139 36.195347 16.757099 1506.020142
2140 35.571861 16.683151 1506.556641
2141 35.951134 16.706650 1507.205078
2142 35.444012 16.736555 1507.088501
2143 35.646168 16.786469 1507.597168
2144 35.100613 16.855862 1507.262695
2145 34.948395 16.780710 1506.731445
2146 34.624321 16.924488 1506.834473
2147 34.519726 16.836695 1506.362793
2148 34.274715 16.986208 1506.500854
2149 34.260929 17.158710 1506.882690
2150 34.143787 16.915180 1506.112793
2151 34.673695 17.102085 1507.379639
2152 34.301289 17.418772 1507.436035
2153 33.956661 17.782764 1507.424438
2154 34.269920 17.752762 1507.919434
2155 34.726357 17.336548 1507.960083
2156 34.604885 17.740448 1508.469971
2157 35.131481 17.320059 1508.539673
2158 35.027649 17.671284 1509.076660
2159 34.574074 18.095898 1508.983643
2160 34.926800 18.039291 1509.575439
2161 35.408878 17.647551 1509.706665
2162 35.541325 17.330574 1509.175171
2163 35.914951 17.337437 1509.782471
2164 36.100742 17.094099 1509.253418
2165 36.462742 17.126242 1509.847778
2166 36.689972 16.968271 1509.314331
2167 36.317513 16.911514 1508.751099
2168 35.717628 17.048935 1508.643677
2169 35.946480 16.850945 1508.177979
2170 36.180599 16.756237 1507.799438
2171 35.282360 16.993769 1507.942261
2172 37.355892 16.934139 1509.327637
2173 37.031681 17.013540 1509.911011
2174 37.645683 16.976664 1509.980591
2175 38.112022 16.989141 1509.358521
2176 38.340713 16.994612 1509.994141
2177 37.961563 16.969763 1510.660767
2178 38.576984 16.964018 1510.557373
2179 38.835938 17.015911 1510.069092
2180 38.797009 17.054632 1509.536377
2181 39.330524 17.057140 1509.898804
2182 39.954300 17.070539 1509.809814
2183 39.779999 16.977596 1510.393433
2184 40.391365 16.937059 1510.276733
2185 40.215553 16.826103 1510.897461
2186 40.826908 16.713821 1510.807007
2187 41.250538 16.428850 1511.312744
2188 40.594635 16.613695 1511.429199
2189 41.004066 16.315910 1512.017090
2190 41.617104 16.095547 1511.852661
2191 40.375210 16.492189 1512.057007
2192 39.898991 16.386518 1512.834595
2193 39.727638 16.602877 1512.139038
2194 39.981064 16.712055 1511.520996
2195 39.296612 16.783186 1511.574829
2196 39.582321 16.869171 1511.016357
2197 38.921162 16.896704 1511.056885
2198 38.545322 16.850872 1511.594116
2199 39.007183 16.716722 1512.110596
2200 38.280769 16.806435 1512.327637
2201 38.804100 16.650459 1512.674072
2202 39.329548 16.537878 1512.720703
2203 38.941570 16.523396 1513.186401
2204 39.536324 16.334972 1513.375977
2205 39.072037 16.348938 1513.849976
2206 39.103519 16.175089 1514.565063
2207 38.587727 16.425720 1514.223999
2208 38.501564 16.572319 1513.569458
2209 38.067303 16.661858 1513.993774
2210 37.941311 16.785963 1513.412720
2211 38.388691 16.694580 1513.005371
2212 37.792377 16.892776 1512.862305
2213 37.364376 17.058809 1513.266113
2214 37.562656 16.916449 1513.843872
2215 36.969929 17.301119 1513.795532
2216 36.811695 17.400459 1513.038452
2217 37.189190 17.160501 1512.678345
2218 36.726028 17.419539 1512.505859
2219 36.269936 17.791742 1512.627563
2220 36.440163 17.566786 1512.067017
2221 36.030632 17.905052 1512.075684
2222 36.061493 17.762262 1511.585449
2223 36.585918 17.386183 1511.508057
2224 36.145679 17.539385 1510.941650
2225 36.557644 17.295151 1510.865601
2226 36.253479 17.326242 1510.347900
2227 35.767040 17.621304 1510.340698
2228 35.603653 17.987427 1510.984741
2229 35.270599 18.014153 1510.247070
2230 35.126686 18.373426 1510.701294
2231 35.202503 18.538143 1511.302612
2232 35.649109 18.185703 1511.718506
2233 35.286488 18.690790 1511.988525
2234 34.793240 19.189152 1511.607056
2235 35.012379 19.154631 1512.323486
2236 35.373222 18.792356 1512.685059
2237 35.726372 18.281406 1512.349243
2238 35.807049 18.339472 1512.998901
2239 35.547325 18.729551 1513.370117
2240 34.994263 19.384621 1513.061401
2241 35.312313 19.118952 1513.832031
2242 35.727291 18.611633 1514.054443
2243 35.504196 18.936851 1514.376343
2244 35.845150 18.516397 1514.760132
2245 36.133251 18.133373 1514.340820
2246 36.013611 18.213245 1513.679688
2247 36.474957 17.742590 1514.066040
2248 36.498871 17.727262 1514.718628
2249 36.884434 17.352268 1514.562134
2250 37.326393 17.014135 1514.429077
2251 37.232830 17.015234 1515.082886
2252 37.680870 16.731331 1514.883667
2253 37.768230 16.756014 1514.332764
2254 38.108421 16.544506 1514.627808
2255 38.098896 16.433033 1515.266846
2256 37.580044 16.691505 1515.536377
2257 38.003208 16.368742 1515.816406
2258 38.545109 16.119072 1515.704712
2259 38.214211 16.102816 1516.378784
2260 38.683723 15.921407 1516.184082
2261 39.149082 15.761841 1516.039673
2262 39.120193 15.993406 1515.277222
2263 38.589836 16.263142 1515.016602
2264 38.799774 15.716404 1516.623901
2265 39.359276 15.406486 1516.745361
2266 39.858364 15.124628 1516.822632
2267 39.457748 15.084280 1517.298340
2268 39.928741 14.832638 1517.273560
2269 40.244442 14.476540 1517.486572
2270 39.593590 14.644614 1517.843262
2271 40.015869 14.112061 1518.086304
2272 39.331516 14.190482 1518.572754
2273 39.816261 13.649992 1518.643555
2274 40.406998 13.594887 1518.188354
2275 40.148914 13.187112 1518.670898
2276 40.699295 13.096926 1518.243164
2277 40.973270 13.543377 1517.729248
2278 40.612316 14.026269 1517.653076
2279 41.161224 13.945168 1517.214722
2280 41.622986 13.465335 1517.188232
2281 41.631844 13.918008 1516.742676
2282 42.060581 13.615742 1516.602173
2283 42.292423 13.139766 1516.810303
2284 42.943184 12.835484 1516.476318
2285 42.552547 12.556293 1516.948730
2286 43.187702 12.428194 1516.550903
2287 43.009907 12.034001 1516.821045
2288 42.422276 11.985284 1517.241333
2289 42.069939 12.340333 1517.398560
2290 41.968452 11.920514 1517.598877
2291 42.203690 11.393416 1517.526733
2292 41.656303 11.541350 1517.942505
2293 41.557758 12.286342 1517.832275
2294 41.136784 11.774687 1518.341309
2295 41.339783 11.065532 1518.336182
2296 41.829060 10.844124 1517.946777
2297 40.832298 11.271677 1518.770142
2298 40.611870 11.978962 1518.771118
2299 40.348621 11.478232 1519.198242
2300 40.115730 11.048791 1519.613647
2301 39.956711 11.604247 1519.564209
2302 39.688431 11.345071 1519.978760
2303 39.608589 11.969104 1519.771851
2304 39.187202 11.711899 1520.367798
2305 39.448032 10.988583 1520.465576
2306 39.872204 10.725539 1520.057617
2307 39.674953 10.452428 1520.480591
2308 39.342213 10.545119 1520.913696
2309 39.020809 11.163201 1520.926392
2310 38.945995 10.686368 1521.419312
2311 39.292801 10.090692 1521.380371
2312 39.661453 9.446465 1521.328613
2313 39.194450 9.731976 1521.949341
2314 39.639244 9.083442 1521.787231
2315 40.003014 8.787356 1521.346191
2316 40.368256 8.469131 1520.944580
2317 40.310699 8.181253 1521.371948
2318 40.005733 8.396370 1521.817749
2319 40.460873 7.596651 1521.725830
2320 40.723637 7.700885 1520.984253
2321 40.946846 6.821239 1521.299194
2322 41.161999 6.991968 1520.599243
2323 41.075317 7.690933 1520.329468
2324 41.206955 6.370991 1520.774170
2325 40.726696 8.207883 1520.525513
2326 41.157555 6.032993 1521.262329
2327 40.970222 6.275003 1521.800781
2328 40.691044 6.763005 1522.117676
2329 40.832081 6.021295 1522.477417
2330 40.425682 6.804533 1522.760864
2331 40.384350 6.239230 1523.319458
2332 40.741955 5.504112 1523.002563
2333 40.342831 5.565186 1523.697021
2334 40.580379 4.981638 1523.407227
2335 41.041870 5.414202 1522.298706
2336 40.170712 5.001881 1524.021851
2337 39.875725 5.630932 1524.354614
2338 40.077984 6.090238 1523.926880
2339 39.730621 6.353920 1524.323608
2340 39.935326 6.673810 1523.844360
2341 39.532616 6.996012 1524.268677
2342 39.288456 6.640863 1524.770752
2343 39.415855 5.992321 1524.843384
2344 38.965973 6.256204 1525.262451
2345 38.785793 6.927583 1525.196045
2346 39.087410 7.298608 1524.675293
2347 38.529133 7.673695 1525.057495
2348 38.990009 7.801731 1524.460571
2349 38.594158 8.325047 1524.534912
2350 38.103504 8.334724 1525.016602
2351 38.280819 8.822338 1524.467773
2352 38.701065 8.847332 1523.922485
2353 38.379433 9.254056 1523.944580
2354 37.931850 9.318501 1524.391357
2355 37.749378 8.917192 1524.886963
2356 37.414852 9.486610 1524.704224
2357 37.132454 9.099482 1525.199585
2358 36.831226 9.698739 1524.961304
2359 36.588051 9.318334 1525.378784
2360 36.225224 9.819309 1525.256348
2361 36.056156 9.267424 1525.700317
2362 35.596493 9.849427 1525.601929
2363 35.393677 9.241165 1526.054688
2364 35.854252 8.663524 1526.154297
2365 35.160027 8.622858 1526.495117
2366 35.564960 8.068781 1526.597778
2367 36.268551 8.064102 1526.295898
2368 36.640881 8.695680 1525.751953
2369 37.010849 7.956638 1525.989746
2370 37.437504 8.461532 1525.435425
2371 37.787571 7.719242 1525.643066
2372 37.236683 7.295115 1526.199097
2373 37.733704 7.090939 1525.985840
2374 37.413982 6.697357 1526.340454
2375 37.938225 6.599607 1526.034302
2376 38.228836 7.096141 1525.620728
2377 38.457321 6.471547 1525.671509
2378 38.100468 6.057537 1526.071899
2379 38.575409 5.866794 1525.725464
2380 39.053463 5.630822 1525.310791
2381 38.618122 5.265027 1525.767700
2382 39.113201 4.972152 1525.294922
2383 39.449009 5.459517 1524.904297
2384 39.686062 4.981068 1524.646973
2385 39.319035 4.393852 1525.022095
2386 39.569801 4.274274 1524.687622
2387 39.041981 3.742503 1525.217896
2388 38.947620 4.350039 1525.431030
2389 38.568623 3.982386 1525.765503
2390 38.525711 3.307577 1525.688110
2391 38.833069 3.005336 1525.270508
2392 39.012493 2.572303 1524.851563
2393 38.641006 2.435827 1525.321411
2394 38.678158 1.993306 1525.084961
2395 38.194000 1.950685 1525.670898
2396 38.366215 1.388374 1525.286377
2397 37.572929 1.800760 1526.127441
2398 37.807472 2.405548 1526.118286
2399 37.300423 2.392710 1526.463867
2400 37.647991 2.948506 1526.352295
2401 37.139286 3.035937 1526.698975
2402 37.565838 3.623803 1526.521729
2403 36.933826 3.757248 1526.927490
2404 36.505470 3.173564 1527.078247
2405 36.707314 2.447457 1526.822754
2406 36.092731 2.625081 1527.182983
2407 36.248127 1.860206 1526.912354
2408 36.933235 1.767220 1526.519531
2409 36.482948 0.995884 1526.519653
2410 35.726337 1.275583 1526.991089
2411 35.527668 2.074337 1527.325439
2412 35.208420 1.404818 1527.279053
2413 35.198395 0.778140 1527.065430
2414 35.788963 0.554482 1526.709595
2415 35.184456 0.188206 1526.838379
2416 34.505428 0.376909 1527.213745
2417 34.700127 -0.191404 1526.869019
2418 34.552307 -0.707110 1526.648560
2419 34.136250 -0.244295 1527.062378
2420 33.778049 0.257437 1527.471924
2421 34.020058 0.874575 1527.641235
2422 34.646610 1.106413 1527.441406
2423 34.246742 1.521397 1527.768433
2424 33.645409 1.355129 1527.984741
2425 33.379475 0.730937 1527.864746
2426 32.937370 1.171472 1528.211304
2427 33.330399 1.807788 1528.240356
2428 32.735661 1.817607 1528.446899
2429 32.328239 1.266493 1528.437988
2430 32.446896 0.813986 1528.253540
2431 32.804783 0.533778 1528.008789
2432 31.675673 1.373165 1528.615967
2433 32.212299 1.792375 1528.583130
2434 31.849157 2.058922 1528.693237
2435 31.224766 1.806555 1528.759033
2436 31.385447 2.497613 1528.793213
2437 30.749763 2.189656 1528.848877
2438 30.708080 1.646427 1528.787598
2439 30.980934 1.224912 1528.680542
2440 30.388927 1.264034 1528.730835
2441 30.226053 1.834724 1528.848389
2442 29.794693 1.410591 1528.777344
2443 30.049978 0.926309 1528.643066
2444 30.580828 0.655347 1528.541870
2445 29.957394 0.471023 1528.469849
2446 29.502996 0.916737 1528.617554
2447 29.323891 0.355224 1528.349854
2448 28.841681 0.899011 1528.539063
2449 29.028095 1.537004 1528.802002
2450 28.269615 1.356184 1528.687134
2451 28.202412 0.782729 1528.353516
2452 28.711458 0.454137 1528.278076
2453 28.295959 0.249102 1528.005615
2454 28.906715 0.013174 1528.048584
2455 29.460394 -0.192467 1528.049316
2456 29.837450 0.055383 1528.256592
2457 30.007666 -0.380733 1528.001099
2458 30.346125 0.057416 1528.281616
2459 30.074228 -0.848163 1527.647095
2460 29.569069 -0.625543 1527.751221
2461 29.605831 -1.069234 1527.365234
2462 30.104216 -1.315578 1527.215576
2463 29.586786 -1.530409 1526.884033
2464 29.627684 -2.031078 1526.334106
2465 28.942461 -1.624161 1526.495483
2466 29.125433 -1.190851 1527.072876
2467 28.506926 -1.108744 1526.813110
2468 28.289650 -1.368214 1526.349854
2469 28.435572 -1.818452 1525.930786
2470 29.088825 -2.198951 1525.914429
2471 28.583944 -2.391484 1525.382813
2472 29.218163 -2.652073 1525.464355
2473 29.719666 -2.547009 1525.768677
2474 30.371534 -2.912252 1525.438721
2475 29.657896 -3.038362 1525.189331
2476 30.179592 -3.457946 1524.784180
2477 30.830301 -3.337229 1524.875977
2478 30.053005 -3.914334 1524.184082
2479 29.435701 -3.521239 1524.558472
2480 29.422766 -4.037347 1523.888672
2481 29.327328 -4.387037 1523.273315
2482 29.814514 -4.629581 1522.812500
2483 29.188038 -4.642308 1522.542114
2484 29.645363 -4.774888 1522.143799
2485 29.106560 -4.739691 1521.855347
2486 29.554861 -4.806138 1521.571777
2487 28.493071 -4.517838 1522.227295
2488 28.673124 -4.310238 1523.032471
2489 28.013771 -4.114996 1522.704102
2490 27.976233 -4.263775 1522.225342
2491 27.921240 -4.331984 1521.733276
2492 27.545824 -3.983103 1522.212524
2493 27.300217 -3.951079 1521.534424
2494 26.918280 -3.570989 1521.890869
2495 26.782104 -3.578637 1521.280762
2496 27.208557 -3.917538 1520.903198
2497 26.688309 -3.530936 1520.616455
2498 26.273901 -3.183820 1521.072144
2499 26.112492 -3.095217 1520.293457
2500 25.744568 -2.759079 1520.937744
2501 25.497986 -2.636169 1520.280762
2502 25.214182 -2.337952 1520.839966
2503 25.463240 -2.386236 1521.463989
2504 24.964235 -1.983632 1521.361694
2505 25.204479 -1.976142 1521.916870
2506 24.779953 -1.653981 1521.784180
2507 24.477476 -1.578764 1521.338867
2508 24.677307 -1.921104 1520.780151
2509 24.128695 -1.491880 1520.773438
2510 23.999601 -1.156553 1521.394531
2511 23.601944 -1.056276 1520.842651
2512 23.182297 -0.661812 1521.003174
2513 22.699945 -0.362102 1520.825073
2514 23.000889 -0.245053 1521.573364
2515 23.533758 -0.726955 1521.489380
2516 23.508713 -0.401913 1522.083740
2517 23.112335 0.038940 1522.278198
2518 22.586952 0.311307 1521.974854
2519 22.384123 0.130282 1521.322144
2520 22.041828 0.634305 1521.739380
2521 22.208685 0.832330 1522.348633
2522 21.676783 1.150800 1522.120361
2523 21.530331 0.927765 1521.510376
2524 20.956728 1.541005 1521.753784
2525 21.028160 1.142351 1521.171997
2526 20.367680 1.797697 1521.384521
2527 20.429813 2.191598 1522.128906
2528 19.799421 2.453168 1521.734985
2529 19.941242 2.878615 1522.659180
2530 19.317797 3.479628 1522.937988
2531 19.823889 3.237456 1523.180054
2532 19.719677 3.552203 1523.682739
2533 19.037607 3.944252 1523.531372
2534 19.249758 4.062033 1524.129639
2535 18.801239 4.243782 1523.907959
2536 18.413275 4.318592 1523.569946
2537 18.653467 3.925589 1522.988525
2538 18.026787 4.267641 1523.005615
2539 17.793177 4.550563 1523.404419
2540 17.338970 4.527386 1522.901245
2541 17.310856 4.798269 1523.517944
2542 16.652021 4.852033 1523.056763
2543 16.806183 5.047510 1523.682739
2544 17.319534 5.030364 1524.154419
2545 16.761805 5.322135 1524.423340
2546 16.181145 5.357920 1523.980957
2547 16.153868 5.132975 1523.351807
2548 15.606953 5.383298 1523.593262
2549 15.612339 5.600988 1524.207397
2550 15.078096 5.612955 1523.843018
2551 15.065242 5.811226 1524.401489
2552 14.663722 5.788033 1524.052979
2553 14.483971 6.009665 1524.572998
2554 14.069801 5.906141 1524.012085
2555 14.553628 5.612780 1523.501831
2556 13.970933 5.661757 1523.293945
2557 13.384317 5.910256 1523.641602
2558 13.311879 5.687668 1523.015503
2559 12.790909 5.879664 1523.265137
2560 12.798736 5.694471 1522.782593
2561 12.265960 5.807387 1522.836914
2562 12.156061 6.063104 1523.472534
2563 11.562463 5.954206 1522.955322
2564 11.427736 6.240057 1523.689209
2565 10.854760 6.049083 1523.022705
2566 10.668323 6.279409 1523.634399
2567 11.085121 6.459410 1524.211914
2568 10.435141 6.464096 1524.141357
2569 10.042466 6.257201 1523.549805
2570 9.794895 6.428664 1524.083008
2571 9.437411 6.211170 1523.505127
2572 9.143683 6.359887 1524.059814
2573 8.828842 6.142371 1523.487915
2574 8.502734 6.255827 1524.039429
2575 8.210734 6.034390 1523.429565
2576 8.554796 5.963109 1522.994629
2577 9.116254 5.988476 1522.885986
2578 8.563435 5.803522 1522.419678
2579 8.055888 5.839613 1522.773682
2580 8.039989 5.664980 1522.074951
2581 8.653786 5.629474 1521.757080
2582 9.160009 5.781282 1522.192017
2583 9.756587 5.746601 1522.034058
2584 9.717897 5.935528 1522.615723
2585 9.706102 6.104095 1523.128906
2586 10.216780 6.084566 1523.049683
2587 10.349678 5.884584 1522.479370
2588 10.976349 5.817525 1522.404663
2589 10.375008 5.690892 1521.919189
2590 10.985700 5.587790 1521.768677
2591 11.713760 5.668785 1522.240845
2592 11.526847 5.432267 1521.537720
2593 12.171546 5.414310 1521.767578
2594 12.486812 5.572813 1522.321045
2595 12.835131 5.338099 1521.895386
2596 13.136789 5.492089 1522.428955
2597 13.632193 5.210238 1521.993774
2598 13.783471 5.468060 1522.698486
2599 14.243255 5.247196 1522.406738
2600 14.433673 5.422040 1522.938477
2601 14.920067 5.141127 1522.540771
2602 14.419596 4.983517 1521.897949
2603 15.165034 4.787289 1521.898682
2604 15.617673 4.915454 1522.456055
2605 15.553787 5.167428 1523.002563
2606 15.033401 5.392953 1523.225830
2607 16.033947 4.973266 1522.871582
2608 16.220036 4.743365 1522.487061
2609 16.722740 4.599905 1522.543701
2610 14.621917 4.603979 1521.204834
2611 13.886661 4.863914 1521.341675
2612 13.108423 5.050576 1521.345215
2613 12.447683 5.177224 1521.306763
2614 11.986846 5.060472 1520.792969
2615 11.899389 5.279751 1521.299927
2616 11.437853 5.220273 1520.946289
2617 11.579248 4.869686 1520.134644
2618 8.242671 5.514233 1521.403564
2619 7.729426 5.383662 1520.949463
2620 7.561295 5.535295 1521.683594
2621 7.098897 5.434917 1521.330566
2622 6.287884 5.287591 1520.491089
2623 6.541102 5.414614 1521.319458
2624 5.708310 5.402607 1521.306763
2625 5.695535 5.317165 1520.517212
2626 5.284596 5.292047 1519.897705
2627 5.525315 5.180627 1519.187744
2628 4.741086 5.334195 1519.373657
2629 4.789191 5.380637 1520.195801
2630 4.124029 5.485728 1520.034424
2631 4.068473 5.466805 1519.187866
2632 4.393662 5.341576 1518.484253
2633 5.148726 5.184473 1518.628052
2634 4.911506 5.171886 1518.036987
2635 5.509365 5.027786 1518.003052
2636 5.740582 5.060538 1518.550171
2637 5.043499 5.051816 1517.315552
2638 4.421580 5.260966 1517.653442
2639 4.362327 5.197923 1516.856934
2640 3.910394 5.373579 1517.264771
2641 3.774367 5.468524 1517.939331
2642 2.993172 5.716641 1518.152466
2643 3.642019 5.551537 1518.678711
2644 3.115172 5.706277 1518.882935
2645 2.557161 5.867841 1518.855957
2646 2.928465 5.761379 1519.514526
2647 2.314939 5.926160 1519.552002
2648 2.757725 5.787525 1520.223022
2649 2.091401 5.952488 1520.179199
2650 1.707877 6.093145 1519.523438
2651 1.458435 6.113616 1520.140015
2652 1.051868 6.271521 1519.564331
2653 0.784898 6.280531 1520.130737
2654 0.372434 6.453078 1519.558594
2655 0.115485 6.447485 1520.106567
2656 -0.276158 6.646317 1519.432983
2657 0.018864 6.618921 1518.942139
2658 -0.736850 6.878342 1518.735962
2659 -0.250841 6.749209 1518.451782
2660 0.261914 6.580806 1518.462524
2661 -0.128217 6.735972 1517.969604
2662 0.638426 6.470671 1517.897827
2663 0.015700 6.694740 1517.370728
2664 0.809040 6.398838 1517.267334
2665 1.565544 6.160748 1517.864746
2666 0.928495 6.325422 1516.653076
2667 0.214044 6.607563 1516.802734
2668 0.365212 6.519895 1516.180664
2669 -0.351819 6.836257 1516.229980
2670 -0.142937 6.716880 1515.543213
2671 -0.836664 7.074600 1515.714111
2672 -0.799002 7.046790 1514.990234
2673 -0.032177 6.628998 1514.638916
2674 0.510516 6.417731 1515.434814
2675 0.769801 6.279126 1514.855225
2676 1.264229 6.121878 1515.475098
2677 0.889883 6.299806 1516.003418
2678 0.067841 6.574449 1513.596436
2679 -0.363661 6.791950 1513.897217
2680 -0.790281 7.034871 1514.184082
2681 -0.809233 7.067012 1513.432617
2682 -1.241145 7.339288 1513.688232
2683 -1.268532 7.336110 1514.529663
2684 -1.697232 7.649058 1514.015381
2685 -1.646364 7.659986 1513.264282
2686 -1.199442 7.362875 1512.966553
2687 -1.605189 7.727720 1512.468750
2688 -1.030957 7.324090 1512.411255
2689 -0.752218 7.084136 1512.804565
2690 -0.378302 6.829337 1513.161987
2691 -0.328246 6.860678 1512.586914
2692 0.098073 6.598733 1512.968384
2693 -0.660412 7.091878 1512.362183
2694 -0.609170 7.273747 1511.460693
2695 -1.116113 7.485617 1511.907959
2696 -1.176186 7.675602 1511.357300
2697 -0.838502 7.649042 1510.769653
2698 -0.081629 7.185861 1510.785645
2699 -0.301051 7.554262 1510.179688
2700 0.663395 6.998088 1510.238037
2701 0.500298 7.348637 1509.633179
2702 -0.197463 7.841086 1509.430176
2703 0.343974 7.733798 1509.032104
2704 1.032007 7.383729 1508.983887
2705 1.408529 6.891263 1509.599854
2706 0.609399 7.929965 1508.398560
2707 -0.143372 8.160810 1508.750488
2708 -0.090767 8.502844 1508.076538
2709 -0.696224 8.654615 1508.444336
2710 -0.757797 9.152361 1507.621094
2711 -1.130092 9.004058 1508.296997
2712 -1.582824 9.351234 1508.195801
2713 -1.601858 9.739892 1507.547852
2714 -2.059814 9.777586 1508.015625
2715 -2.324664 10.258427 1507.545288
2716 -1.883505 10.312428 1506.958374
2717 -2.678131 10.995040 1506.900879
2718 -2.926326 10.592998 1507.730103
2719 -3.393904 11.092442 1507.547974
2720 -3.210226 11.400656 1506.961304
2721 -2.858252 11.550213 1506.396118
2722 -2.347735 11.262721 1506.172119
2723 -1.856008 10.808293 1506.208740
2724 1.468017 10.927002 1502.570313
2725 -0.548602 12.640733 1502.547241
2726 2.233140 10.516707 1502.501709
2727 0.051369 12.362864 1502.244385
2728 0.591942 11.824840 1502.298218
2729 0.245200 10.596231 1504.130981
2730 -1.252818 13.300545 1502.639038
2731 1.975348 12.633711 1500.451172
2732 2.506369 9.595110 1503.642700
2733 0.222580 11.435621 1503.068115
2734 -0.491867 14.847315 1500.763672
2735 3.881412 10.814812 1501.124146
2736 -2.226967 13.071845 1503.931519
2737 2.112678 9.356611 1504.369507
2738 -2.447018 12.728580 1504.556030
2739 2.104431 10.096457 1503.175537
2740 -0.285803 11.060259 1504.050537
2741 -2.728948 12.386556 1505.270386
2742 2.433762 8.890278 1504.964966
2743 -1.847834 13.287848 1503.285278
2744 -0.197914 10.279632 1505.079834
2745 -3.269531 12.811436 1505.421875
2746 -1.239326 13.980756 1502.042725
2747 3.164022 10.290361 1502.184082
2748 1.951737 8.604026 1505.942871
2749 2.898504 12.962192 1499.553345
2750 2.653866 8.326700 1505.859009
2751 2.145165 8.247474 1506.435425
2752 1.585017 8.614628 1506.268921
2753 1.416614 8.462179 1506.705444
2754 1.091522 8.821181 1506.351074
2755 0.885537 8.672799 1506.824585
2756 1.090508 8.330825 1507.241943
2757 0.540498 8.695109 1507.116455
2758 0.589207 8.991716 1506.531006
2759 0.004999 9.152121 1506.825195
2760 -0.006537 8.786738 1507.488403
2761 -0.590064 9.528893 1506.783325
2762 -0.310400 9.651381 1506.265503
2763 -0.859801 10.130411 1506.068848
2764 0.252987 9.338377 1506.228149
2765 -1.164789 9.816346 1506.930176
2766 -1.389753 10.246817 1506.492065
2767 0.589299 8.256927 1507.840576
2768 3.424417 8.038076 1505.807495
2769 2.996284 8.416105 1505.422852
2770 3.493423 8.328741 1505.230957
2771 1.334686 12.976493 1500.640381
2772 -0.567386 12.066987 1503.149536
2773 4.166175 8.302980 1504.872314
2774 4.118890 7.965383 1505.508423
2775 4.858765 7.924592 1505.201294
2776 4.402083 7.008015 1506.893433
2777 4.093762 7.654299 1506.052490
2778 5.587523 6.262866 1507.387085
2779 7.179774 5.483081 1507.820190
2780 6.169236 7.515759 1505.299438
2781 7.092186 6.279750 1506.663818
2782 5.473031 7.219656 1506.051880
2783 4.766409 7.630077 1505.740356
2784 7.726218 6.217648 1506.435669
2785 5.411273 7.652915 1505.409790
2786 6.115697 7.022894 1506.060425
2787 5.093633 6.812449 1506.822876
2788 6.403462 6.190117 1507.106445
2789 4.785840 6.523860 1507.414551
2790 8.061181 6.776457 1505.432617
2791 6.920669 7.620485 1504.773682
2792 6.442318 7.972413 1504.406616
2793 7.066821 7.937205 1504.127563
2794 7.591052 7.512089 1504.556519
2795 8.135947 7.086251 1504.889282
2796 8.273637 7.384766 1504.260254
2797 8.622630 6.964939 1504.696045
2798 8.930999 7.052836 1504.249756
2799 8.743393 7.435408 1503.727295
2800 9.417623 7.071936 1503.697998
2801 9.252311 7.501904 1503.068115
2802 10.037441 7.050448 1503.030029
2803 9.956483 6.576189 1503.982910
2804 9.412432 6.752052 1504.286621
2805 10.397655 6.138372 1504.234131
2806 10.622429 6.430431 1503.442261
2807 11.067371 5.802768 1503.981934
2808 11.315433 6.177249 1503.037476
2809 11.792006 5.643386 1503.330322
2810 12.506886 5.419300 1502.832886
2811 11.601761 6.474835 1502.246582
2812 10.694381 6.859891 1502.617554
2813 11.165530 6.752133 1502.277100
2814 10.928624 7.075629 1502.005737
2815 11.485557 6.855318 1501.790405
2816 11.051103 7.368724 1501.424438
2817 11.671366 7.250993 1501.047119
2818 12.120163 6.807441 1501.277588
2819 12.327760 7.223680 1500.574341
2820 12.919713 7.052065 1500.381836
2821 12.815885 7.455663 1499.995483
2822 12.234560 7.762289 1499.999146
2823 12.713642 7.953246 1499.538940
2824 13.316214 7.644958 1499.550171
2825 13.357918 7.156847 1500.013062
2826 13.845013 7.303806 1499.634277
2827 13.847062 6.809594 1500.113525
2828 14.369615 6.876862 1499.812500
2829 14.252520 6.483010 1500.243408
2830 14.836184 6.364296 1500.110474
2831 14.906134 6.908011 1499.591431
2832 15.328871 6.509487 1499.813721
2833 15.464196 6.037291 1500.197388
2834 15.584577 5.541616 1500.612305
2835 16.045208 5.791770 1500.261597
2836 15.929144 6.347075 1499.807739
2837 16.455151 6.000685 1500.000732
2838 16.998159 5.941766 1499.970459
2839 16.574636 6.374314 1499.676636
2840 17.198992 6.356040 1499.626953
2841 17.662237 5.958549 1499.888672
2842 18.345596 6.145855 1499.705444
2843 17.872326 6.535249 1499.457886
2844 18.472799 6.670730 1499.351807
2845 17.984921 7.163232 1499.026245
2846 18.557871 7.316168 1498.943848
2847 18.014753 7.778263 1498.636230
2848 17.408735 7.597649 1498.734497
2849 17.500328 8.188646 1498.371826
2850 18.077978 8.358526 1498.303467
2851 18.732443 8.009279 1498.552368
2852 19.147827 8.605321 1498.286255
2853 19.527840 8.205802 1498.526245
2854 19.363012 7.466182 1498.894897
2855 20.259806 7.688197 1498.827637
2856 20.081985 6.923858 1499.181396
2857 21.126764 8.154583 1498.676514
2858 20.336523 8.530263 1498.467651
2859 20.945690 8.923649 1498.382568
2860 20.382135 9.294032 1498.163818
2861 21.296028 9.566807 1498.208496
2862 21.593103 8.917286 1498.446655
2863 22.084679 9.488457 1498.326538
2864 22.272232 8.904430 1498.487061
2865 22.096067 10.220072 1498.140015
2866 22.880371 10.578239 1498.172485
2867 22.285480 11.238020 1497.936401
2868 21.389879 10.719378 1497.880493
2869 21.668411 11.264547 1497.798706
2870 21.024174 11.162025 1497.675293
2871 21.308130 11.782083 1497.584106
2872 20.640995 11.663966 1497.446045
2873 20.846386 12.284568 1497.344727
2874 21.586630 12.396499 1497.516113
2875 22.025785 11.838119 1497.749146
2876 22.462078 12.485170 1497.728882
2877 21.811655 13.049314 1497.445068
2878 21.054159 12.907008 1497.264404
2879 21.239141 13.509290 1497.199097
2880 21.888868 13.702964 1497.348145
2881 22.632975 13.329611 1497.623169
2882 22.531090 14.031725 1497.477905
2883 23.031200 13.799669 1497.660400
2884 23.372978 13.420277 1497.819336
2885 23.195272 12.847454 1497.859009
2886 23.970524 13.083158 1498.039795
2887 23.089014 14.317571 1497.600586
2888 23.093382 14.983245 1497.511719
2889 22.557838 14.685606 1497.389893
2890 21.971405 14.386975 1497.262329
2891 22.017441 15.058045 1497.187012
2892 22.572834 15.352866 1497.315308
2893 22.047176 15.738536 1497.132080
2894 22.578991 15.957873 1497.270752
2895 21.504217 16.108555 1496.963135
2896 21.447033 15.470094 1496.986084
2897 20.851374 15.242822 1496.843506
2898 21.413725 14.803729 1497.047363
2899 20.762104 14.557873 1496.898804
2900 20.203960 15.034976 1496.691528
2901 20.047859 14.325966 1496.739624
2902 19.547007 14.966302 1496.532959
2903 19.493505 14.464081 1496.581787
2904 18.966965 14.911283 1496.405762
2905 18.977186 14.284191 1496.488892
2906 18.394133 14.711484 1496.314575
2907 18.385818 14.068953 1496.405273
2908 17.731380 14.520307 1496.235352
2909 17.768082 15.156440 1496.166992
2910 17.239626 14.999373 1496.122681
2911 17.140474 14.289590 1496.206665
2912 16.601942 14.735661 1496.111450
2913 16.516130 14.050671 1496.212524
2914 16.087791 14.452880 1496.139771
2915 15.869584 13.840191 1496.248413
2916 16.356209 13.296075 1496.365967
2917 15.594713 13.239435 1496.389771
2918 15.994241 12.639990 1496.540039
2919 15.290918 12.642220 1496.564697
2920 15.719175 12.046146 1496.731201
2921 15.008557 12.055835 1496.766113
2922 14.603159 12.621093 1496.609741
2923 14.327543 12.033617 1496.820435
2924 13.936445 12.599273 1496.657349
2925 13.634651 12.026102 1496.872925
2926 13.235144 12.609327 1496.694214
2927 12.899374 12.058858 1496.911377
2928 12.493541 12.758052 1496.679932
2929 12.132171 12.068829 1496.961548
2930 11.693202 12.688105 1496.744629
2931 11.952565 13.302587 1496.521729
2932 11.267375 13.266020 1496.557983
2933 10.991656 12.665608 1496.803345
2934 10.578878 13.242023 1496.607056
2935 10.327116 12.638596 1496.884766
2936 9.900235 13.203143 1496.685669
2937 9.682663 12.596652 1497.000366
2938 9.216991 13.185694 1496.785156
2939 9.016237 12.560680 1497.150146
2940 8.534385 13.143913 1496.927490
2941 8.683802 13.817486 1496.581421
2942 8.013504 13.635572 1496.781006
2943 7.848491 13.105237 1497.105835
2944 7.360516 13.568205 1496.965942
2945 7.508008 14.068070 1496.681274
2946 6.896815 13.990055 1496.868042
2947 7.008677 14.506272 1496.606323
2948 7.682049 14.556252 1496.448608
2949 7.190487 15.009116 1496.388184
2950 7.946732 15.048270 1496.251221
2951 7.491679 15.562367 1496.192261
2952 6.776453 15.400275 1496.364380
2953 6.430860 14.975375 1496.578735
2954 6.210053 15.431847 1496.497925
2955 6.417442 15.837019 1496.347046
2956 5.833833 15.972692 1496.472290
2957 5.742637 15.327524 1496.672119
2958 5.194587 15.802733 1496.724487
2959 5.218330 16.541767 1496.550049
2960 4.582722 16.202042 1496.855591
2961 4.502427 16.773033 1496.752563
2962 4.021976 16.678904 1496.971924
2963 4.000820 16.003254 1497.182739
2964 3.460838 16.649284 1497.249390
2965 3.353202 16.079298 1497.500854
2966 2.906387 16.635466 1497.554443
2967 2.820418 16.089714 1497.809570
2968 2.357768 16.640896 1497.877563
2969 2.275755 16.050238 1498.167480
2970 1.755276 16.635010 1498.256470
2971 1.719222 15.996959 1498.554077
2972 1.174437 16.543240 1498.670410
2973 1.173897 15.910618 1498.959595
2974 0.660502 16.410734 1499.070068
2975 0.611710 15.689659 1499.455444
2976 0.082499 16.202007 1499.566406
2977 0.048261 14.062477 1500.850708
2978 1.911183 11.089546 1502.033325
2979 -1.941573 16.006151 1501.243408
2980 -1.617314 11.526823 1504.965210
2981 4.996826 9.978860 1501.673828
2982 3.355503 12.334761 1499.799561
2983 3.622658 12.733409 1499.284668
2984 0.620615 9.804990 1504.997314
2985 0.975476 10.756215 1503.206909
2986 -2.282407 14.910194 1502.325928
2987 4.651560 11.426046 1500.005981
2988 3.985484 9.435871 1502.956543
2989 -3.067609 14.627134 1503.377930
2990 3.881368 9.114028 1503.544189
2991 3.264784 8.631303 1504.812744
2992 -0.951694 10.883280 1505.034912
2993 1.785127 11.545741 1501.620483
2994 1.736349 13.969171 1499.637939
2995 3.641618 8.851613 1504.153809
2996 0.831860 9.338717 1505.626709
2997 -3.144994 13.782605 1504.268555
2998 -1.747780 11.151685 1505.608398
2999 0.914919 12.590592 1501.292236
3000 1.476800 10.189814 1503.554077
3001 3.317358 11.838348 1500.302490
3002 1.223085 13.710931 1500.180420
3003 1.697845 8.942665 1505.528687
3004 -1.849679 12.404550 1504.203613
3005 0.965937 14.680823 1499.756958
3006 0.841381 10.392378 1503.834839
3007 1.624174 10.491164 1503.003540
3008 -1.147788 12.700445 1503.101929
3009 4.008486 12.029769 1499.707764
3010 4.130177 9.819751 1502.304443
3011 0.328701 13.193080 1501.268066
3012 0.172122 14.987276 1500.160889
3013 5.063775 10.633994 1500.764404
3014 -0.980662 16.539925 1500.162354
3015 -0.500073 11.571183 1503.640137
3016 -1.489011 17.050053 1500.283813
3017 -0.930003 17.201422 1499.797241
3018 -1.420876 17.679205 1499.932861
3019 -0.928791 17.854593 1499.512451
3020 -0.416340 17.378216 1499.362549
3021 -0.449593 16.660645 1499.713989
3022 0.101433 16.898149 1499.223999
3023 0.112704 17.626230 1498.917358
3024 0.674567 17.061596 1498.778687
3025 0.785999 17.720640 1498.462769
3026 1.213365 17.220631 1498.374146
3027 1.369698 17.889172 1498.056030
3028 0.948209 18.380898 1498.166260
3029 1.508557 18.540039 1497.807739
3030 1.093920 19.054075 1497.933350
3031 0.521032 18.865351 1498.293457
3032 0.630331 19.642015 1498.088623
3033 0.080380 19.236670 1498.464233
3034 0.157566 18.677624 1498.551880
3035 -0.348308 18.774702 1498.827271
3036 -0.408317 19.577797 1498.676514
3037 -0.028535 19.889759 1498.411987
3038 -0.478610 20.289043 1498.613770
3039 0.013557 20.539501 1498.323853
3040 0.601761 20.154234 1498.044556
3041 1.265569 19.740376 1497.741943
3042 1.143930 20.411295 1497.750732
3043 1.754907 20.224207 1497.463989
3044 2.019692 19.630985 1497.376465
3045 1.707386 19.098989 1497.596436
3046 2.400963 19.002684 1497.262573
3047 1.987931 18.614676 1497.531250
3048 2.436697 18.298681 1497.358643
3049 1.925636 18.077662 1497.682373
3050 2.436814 17.668699 1497.503784
3051 1.924474 17.317629 1497.902100
3052 2.503748 17.100502 1497.631470
3053 2.953398 17.218258 1497.348022
3054 2.959786 17.921068 1497.175781
3055 3.503994 17.278061 1497.060547
3056 3.613280 17.967623 1496.881470
3057 4.063758 17.268215 1496.824463
3058 4.210869 17.728451 1496.697021
3059 4.158982 18.340567 1496.647827
3060 4.667546 17.775524 1496.552002
3061 4.631821 17.226164 1496.628540
3062 5.215647 17.240572 1496.453369
3063 5.808869 16.722734 1496.357056
3064 5.827138 17.367071 1496.298096
3065 6.476562 16.945509 1496.191895
3066 6.421975 16.308771 1496.265869
3067 7.069944 16.548607 1496.116577
3068 7.218193 17.197395 1496.059692
3069 7.536252 16.738630 1496.035156
3070 7.877295 16.304087 1496.027100
3071 7.006378 15.972283 1496.198730
3072 8.269485 15.584571 1496.088989
3073 8.569577 15.991880 1495.997070
3074 8.982091 15.521013 1496.042725
3075 8.727515 15.015356 1496.172363
3076 8.368358 14.498724 1496.364624
3077 9.061242 14.379336 1496.326904
3078 9.474063 13.786458 1496.496582
3079 9.807212 14.378976 1496.271240
3080 10.174142 13.821683 1496.426392
3081 10.564260 14.402685 1496.236694
3082 10.899469 13.831114 1496.389160
3083 11.241164 14.421704 1496.224243
3084 11.587207 13.849298 1496.368164
3085 11.998365 14.447172 1496.222168
3086 11.488363 15.074880 1496.095459
3087 10.911991 14.866117 1496.126587
3088 10.980884 15.477015 1496.021484
3089 10.250221 15.021334 1496.096069
3090 10.317301 15.750505 1495.972656
3091 9.646303 15.550377 1496.008545
3092 9.427628 14.960243 1496.136353
3093 9.112710 16.063404 1495.954590
3094 9.701638 16.083166 1495.934814
3095 9.155823 16.730824 1495.899658
3096 8.534387 16.493423 1495.948364
3097 8.566189 17.170544 1495.918579
3098 7.964102 16.956659 1495.974609
3099 7.940845 17.808809 1495.978394
3100 7.039314 17.940702 1496.088135
3101 7.378004 18.493168 1496.067017
3102 6.802994 18.506050 1496.137451
3103 6.369410 18.230053 1496.189331
3104 6.241593 18.966333 1496.228882
3105 6.947850 19.059225 1496.146240
3106 6.468953 19.701488 1496.238525
3107 5.762690 19.605761 1496.319702
3108 5.620693 19.126585 1496.320923
3109 5.177839 19.580076 1496.401978
3110 5.175601 19.009773 1496.390747
3111 4.606640 19.535120 1496.500977
3112 4.543572 18.876225 1496.517822
3113 4.032011 19.537588 1496.630127
3114 3.950494 18.979933 1496.665894
3115 3.515199 19.382185 1496.781738
3116 3.524743 18.730051 1496.821167
3117 3.006172 19.160236 1496.979248
3118 3.030237 19.797035 1496.936523
3119 3.549824 19.992939 1496.762817
3120 3.111423 20.403797 1496.907837
3121 2.417595 20.183954 1497.168945
3122 2.587998 19.562471 1497.122925
3123 2.585654 20.862949 1497.111694
3124 3.142971 21.039001 1496.929565
3125 3.610982 20.564249 1496.763794
3126 3.715362 21.139484 1496.778320
3127 4.161902 20.639427 1496.636353
3128 4.088420 20.079580 1496.624023
3129 4.660597 20.115742 1496.509521
3130 4.732678 20.690681 1496.533813
3131 5.250432 20.141970 1496.417725
3132 5.362599 20.673880 1496.440308
3133 5.859108 20.223341 1496.343872
3134 5.922544 20.817455 1496.383423
3135 6.431051 20.463865 1496.295532
3136 7.024855 20.142260 1496.206543
3137 7.101164 19.585928 1496.160156
3138 7.659487 19.857037 1496.119385
3139 7.532586 19.183043 1496.088379
3140 8.053397 18.690001 1496.007324
3141 8.173824 19.425278 1496.041260
3142 8.649467 18.992668 1495.975830
3143 8.619922 18.373653 1495.944214
3144 8.654988 17.807512 1495.919434
3145 9.195779 17.909370 1495.894043
3146 9.184186 17.316719 1495.885010
3147 9.767524 17.493681 1495.872192
3148 9.737114 16.873333 1495.880127
3149 10.333860 17.091415 1495.876587
3150 10.442109 17.831146 1495.878540
3151 10.994790 17.293102 1495.890137
3152 10.822511 16.712637 1495.900879
3153 10.308569 16.397856 1495.907593
3154 10.959953 16.064745 1495.950439
3155 11.494960 16.651714 1495.928467
3156 11.654961 15.893847 1495.990967
3157 12.127266 16.658398 1495.952881
3158 12.574249 16.166553 1495.999390
3159 12.176677 15.382741 1496.066284
3160 12.747780 15.645389 1496.050537
3161 13.152608 16.133081 1496.012451
3162 12.863763 16.707500 1495.973633
3163 13.550863 16.684463 1495.982666
3164 13.949191 15.993646 1496.019775
3165 13.307394 15.501749 1496.069458
3166 13.964061 15.186397 1496.096191
3167 14.623200 15.544410 1496.041992
3168 14.440693 14.901707 1496.118652
3169 13.994926 14.400973 1496.211426
3170 14.782989 14.429621 1496.176270
3171 14.463505 13.774221 1496.314941
3172 13.752519 13.679887 1496.367676
3173 13.225500 14.100288 1496.291016
3174 13.129441 13.548135 1496.422119
3175 12.759807 13.844112 1496.357178
3176 12.570436 13.397201 1496.477661
3177 12.239561 13.852386 1496.360474
3178 12.720480 14.354976 1496.245117
3179 12.731449 15.005419 1496.131836
3180 13.319759 14.741089 1496.170898
3181 12.980161 13.087262 1496.554932
3182 13.542623 13.116853 1496.522583
3183 14.194948 13.172294 1496.474731
3184 14.859372 13.204546 1496.430908
3185 15.172181 13.824610 1496.271851
3186 15.479404 14.453152 1496.147339
3187 15.010153 15.028069 1496.084106
3188 15.938992 15.150083 1496.052124
3189 15.341296 15.719637 1496.009766
3190 14.761799 16.176857 1495.992920
3191 14.981169 16.805490 1495.965454
3192 14.264641 16.714283 1495.976929
3193 14.514545 17.404459 1495.961914
3194 13.831188 17.243483 1495.965698
3195 13.248056 17.249683 1495.962036
3196 12.659984 17.941498 1495.942871
3197 12.442110 17.314928 1495.942627
3198 11.942836 17.923960 1495.921509
3199 11.704762 17.348322 1495.915649
3200 11.221495 17.899744 1495.897705
3201 11.432222 18.472742 1495.912476
3202 10.786161 18.427172 1495.897339
3203 10.246136 18.391277 1495.891479
3204 9.768066 18.077297 1495.884033
3205 9.774688 18.626263 1495.905029
3206 9.207385 18.457296 1495.915161
3207 9.230340 18.960548 1495.939575
3208 9.147050 19.539234 1495.976440
3209 9.787500 19.181059 1495.930298
3210 9.804669 19.753998 1495.958862
3211 10.385997 19.424688 1495.931274
3212 10.336039 18.966179 1495.912598
3213 10.921519 18.988182 1495.916138
3214 10.979622 19.569500 1495.936768
3215 11.533922 19.073616 1495.929199
3216 12.095815 18.545038 1495.932373
3217 12.127998 19.218079 1495.946899
3218 12.124759 19.887054 1495.966675
3219 11.545144 19.685791 1495.947876
3220 11.446249 20.222754 1495.967651
3221 11.669676 21.135954 1496.024902
3222 10.876143 20.722317 1495.992920
3223 10.977281 21.456917 1496.051636
3224 10.359575 21.304676 1496.047607
3225 10.130296 20.721640 1496.006348
3226 9.721680 21.264101 1496.067993
3227 9.431731 20.664358 1496.032349
3228 9.127133 21.257578 1496.102661
3229 9.257514 21.742334 1496.147949
3230 9.879722 21.841795 1496.125732
3231 9.399134 22.298655 1496.217896
3232 10.016595 22.345070 1496.194214
3233 10.471477 21.868692 1496.108032
3234 10.597114 22.347675 1496.176392
3235 10.948584 21.961641 1496.111816
3236 11.451029 21.851973 1496.095947
3237 11.155825 22.349941 1496.169067
3238 11.734502 22.351488 1496.171997
3239 12.090540 21.851368 1496.106323
3240 12.733377 21.849089 1496.131714
3241 12.333802 22.363298 1496.189575
3242 12.923979 22.431049 1496.231079
3243 13.264850 21.874453 1496.168823
3244 13.867297 21.280396 1496.144775
3245 13.991311 21.884695 1496.237793
3246 14.490397 21.350935 1496.217773
3247 14.436327 20.761219 1496.138184
3248 14.994140 20.908627 1496.215576
3249 15.033237 20.337233 1496.145508
3250 15.690881 20.107752 1496.184448
3251 15.414609 20.544189 1496.214722
3252 16.002377 20.562237 1496.298462
3253 15.564108 21.070871 1496.320190
3254 15.050460 21.513962 1496.317383
3255 15.661517 21.774364 1496.469971
3256 14.987896 22.150070 1496.422852
3257 15.420982 22.433634 1496.560669
3258 15.930996 22.350592 1496.650757
3259 16.439703 21.765196 1496.630005
3260 16.254036 21.179886 1496.461548
3261 16.940252 21.192989 1496.607544
3262 17.130556 21.841394 1496.817505
3263 17.596695 21.253613 1496.781372
3264 18.016823 20.785177 1496.764648
3265 18.289331 21.356367 1497.000122
3266 18.779291 20.849031 1496.992432
3267 18.565580 20.271458 1496.772827
3268 19.261295 20.359550 1496.991211
3269 19.518402 20.953821 1497.247070
3270 20.116934 21.153786 1497.504883
3271 19.576355 21.795773 1497.542969
3272 18.962095 21.362179 1497.202759
3273 18.664989 21.913712 1497.285156
3274 19.042395 22.501783 1497.603394
3275 19.762678 22.599697 1497.886597
3276 19.325138 23.131031 1497.916870
3277 20.015083 23.188555 1498.187134
3278 20.340931 22.703953 1498.131714
3279 20.718231 23.112717 1498.424438
3280 20.878643 22.491957 1498.252930
3281 20.255508 22.211391 1497.921997
3282 20.740597 21.915926 1497.988525
3283 21.207134 22.051582 1498.211670
3284 21.240824 21.575315 1498.044434
3285 21.711258 21.860279 1498.333984
3286 21.792900 21.254400 1498.129272
3287 21.259869 21.000141 1497.839233
3288 20.701468 21.359205 1497.773071
3289 20.286650 21.718395 1497.757202
3290 21.818764 20.595100 1497.890137
3291 22.425280 20.863449 1498.223145
3292 22.400917 20.136984 1497.932861
3293 23.121881 20.349173 1498.299805
3294 22.937441 19.608843 1497.940796
3295 22.804310 18.999151 1497.693726
3296 23.418257 19.027189 1497.927490
3297 23.570623 19.661528 1498.213745
3298 24.065710 19.037491 1498.198853
3299 24.519014 18.448812 1498.219482
3300 24.694538 19.001886 1498.483765
3301 24.253988 19.584309 1498.490601
3302 24.858040 19.518517 1498.770264
3303 25.283419 19.014938 1498.806885
3304 25.133593 18.456232 1498.533691
3305 25.673075 18.458630 1498.848145
3306 25.546047 17.920523 1498.623657
3307 26.080891 17.849434 1498.941650
3308 26.285255 18.422375 1499.239380
3309 26.692951 17.794897 1499.358521
3310 26.448332 17.237833 1499.067017
3311 27.127445 17.168455 1499.554810
3312 27.326269 17.726715 1499.837646
3313 26.919437 18.399189 1499.701050
3314 27.542690 18.285809 1500.177979
3315 27.809280 17.725382 1500.250732
3316 27.751970 17.112991 1500.053467
3317 28.291143 17.514589 1500.637207
3318 28.341673 16.879921 1500.525269
3319 28.720947 17.127947 1500.949951
3320 29.162783 16.958212 1501.342896
3321 28.980103 17.636801 1501.360962
3322 28.520365 17.905052 1500.972046
3323 28.697594 18.348520 1501.294434
3324 29.307205 18.163801 1501.885864
3325 29.482761 17.419397 1501.828369
3326 29.804077 17.782541 1502.308350
3327 29.355572 18.864517 1502.195923
3328 28.984623 18.747128 1501.740845
3329 28.957928 19.319227 1501.940796
3330 28.597759 19.068460 1501.455688
3331 28.538469 19.718182 1501.674927
3332 28.938648 19.962826 1502.216309
3333 28.474188 20.398197 1501.951538
3334 28.078567 20.076469 1501.392456
3335 27.979904 20.750849 1501.663940
3336 28.350105 21.181627 1502.286865
3337 28.912704 20.622791 1502.542114
3338 28.890043 21.234953 1502.898193
3339 29.321432 21.453030 1503.555542
3340 28.801291 21.888174 1503.268433
3341 28.463379 21.714684 1502.765137
3342 28.207586 22.390848 1503.010254
3343 28.651453 22.478281 1503.581665
3344 28.219036 22.816063 1503.381714
3345 28.474188 23.028027 1503.877441
3346 28.954039 22.682100 1504.148438
3347 28.723940 23.165041 1504.338379
3348 29.167826 22.986467 1504.766602
3349 29.423641 22.344032 1504.450317
3350 29.162512 22.087553 1503.867676
3351 29.870550 22.093773 1504.841675
3352 29.698673 22.525047 1505.043579
3353 30.124399 22.085396 1505.218506
3354 30.591681 21.603510 1505.445435
3355 30.332073 22.209499 1505.697266
3356 30.692999 22.047770 1506.122559
3357 31.111185 21.337528 1506.015503
3358 31.150040 21.764118 1506.596436
3359 31.539352 21.119757 1506.524902
3360 31.427011 20.733883 1505.931152
3361 31.875753 20.523046 1506.488159
3362 31.749838 20.158396 1505.944336
3363 32.249828 19.888386 1506.541260
3364 32.528854 19.216265 1506.439453
3365 32.671242 19.580742 1507.013306
3366 33.110104 18.764343 1507.039429
3367 33.025352 19.353313 1507.463501
3368 33.431152 18.911184 1507.790283
3369 33.155865 19.559837 1507.965698
3370 32.711529 20.030272 1507.569214
3371 32.901279 20.248743 1508.277344
3372 33.277252 19.760489 1508.496216
3373 33.598721 19.024343 1508.269775
3374 33.756878 19.128374 1508.752441
3375 33.550190 19.748390 1509.149902
3376 33.957733 19.219877 1509.351563
3377 34.204159 18.586893 1508.974854
3378 33.890507 18.542168 1508.269531
3379 34.215462 18.159925 1508.393188
3380 33.776585 18.257893 1507.707642
3381 34.568222 18.404402 1509.467407
3382 34.333572 18.858109 1509.676025
3383 34.772457 18.512264 1510.114136
3384 34.392506 19.140614 1510.314331
3385 34.095455 19.345638 1509.898926
3386 34.020149 19.717585 1510.369873
3387 33.770508 19.776236 1509.772949
3388 33.537304 20.399574 1510.282349
3389 33.415539 20.224209 1509.580444
3390 33.091709 20.793535 1509.713867
3391 33.046597 21.188782 1510.453125
3392 32.576778 21.530947 1509.680786
3393 32.621948 21.743053 1510.350952
3394 32.895573 21.594320 1510.989624
3395 32.362011 22.229250 1510.731689
3396 32.652031 22.092796 1511.569214
3397 33.257343 21.347237 1511.764160
3398 32.854813 22.029573 1512.415771
3399 32.402210 22.570780 1512.184814
3400 32.469627 22.632612 1513.008545
3401 32.090084 23.073910 1512.630737
3402 31.959877 23.353985 1513.260498
3403 31.680832 23.592947 1512.374390
3404 31.444672 24.064331 1513.030029
3405 31.624556 23.904190 1513.860596
3406 32.126171 23.214769 1514.152954
3407 32.400692 22.810900 1513.706421
3408 32.690060 22.483315 1514.426270
3409 32.389191 22.885141 1514.875122
3410 32.724945 22.440779 1515.343750
3411 32.239189 23.065968 1515.491333
3412 32.609112 22.506239 1516.277588
3413 33.164860 21.865576 1515.815796
3414 33.192959 21.863918 1515.011108
3415 33.512402 21.466187 1515.440674
3416 33.729546 21.208139 1514.753296
3417 33.891563 21.003117 1515.631104
3418 34.336132 20.476143 1515.097290
3419 34.219635 20.583584 1514.273682
3420 33.741337 21.130054 1513.798950
3421 33.233261 21.791031 1514.206787
3422 33.345558 21.566931 1513.356567
3423 33.877567 20.816414 1512.904785
3424 33.367584 21.409918 1512.608887
3425 32.972961 21.994053 1513.063965
3426 32.844162 22.234779 1513.675537
3427 33.784355 20.786264 1512.263794
3428 33.850060 20.513401 1511.655884
3429 33.459072 20.838552 1511.046997
3430 33.916351 20.168222 1511.000854
3431 34.282074 19.910112 1511.643188
3432 34.363518 19.504299 1510.955688
3433 34.774464 18.876427 1510.831909
3434 34.628990 19.656349 1512.277954
3435 34.189690 20.239098 1512.236694
3436 34.480129 20.018065 1512.852295
3437 34.329960 20.374147 1513.667480
3438 34.653679 19.915373 1513.422607
3439 34.792950 19.882067 1514.492798
3440 34.905949 19.655413 1513.851685
3441 35.173153 19.375442 1514.394043
3442 35.069191 19.546785 1514.989258
3443 35.437942 19.058525 1514.870239
3444 35.297398 19.250931 1515.489258
3445 35.655762 18.771559 1515.471313
3446 36.059349 18.236227 1515.408081
3447 36.203823 18.064871 1514.893921
3448 36.452358 17.754599 1515.328125
3449 36.829914 17.359728 1515.199219
3450 36.722431 17.396936 1515.844604
3451 36.282349 17.905005 1515.957520
3452 36.533562 17.489162 1516.584351
3453 37.044834 16.975916 1516.332642
3454 36.907101 16.962231 1516.989014
3455 36.501446 17.351702 1517.310303
3456 36.834934 16.844522 1517.626953
3457 37.239208 16.540497 1517.264160
3458 37.065281 16.519264 1517.807617
3459 37.638393 16.106182 1517.485352
3460 37.688026 16.281919 1516.895020
3461 37.288704 16.652514 1516.739502
3462 37.595833 16.547445 1516.178101
3463 37.176014 16.977020 1515.693848
3464 38.235226 15.812693 1517.176025
3465 38.898731 15.416587 1517.224854
3466 38.520184 15.416631 1517.655884
3467 39.009846 15.057540 1517.765991
3468 39.046497 14.705419 1518.235352
3469 38.495193 15.127443 1518.175659
3470 38.698780 14.565721 1518.722168
3471 38.092678 14.935081 1518.885376
3472 38.268520 14.489670 1519.220093
3473 38.775070 14.047202 1519.181641
3474 39.255745 13.602796 1519.145020
3475 38.727066 13.480573 1519.697876
3476 38.268936 13.934977 1519.751587
3477 38.201126 13.387465 1520.271362
3478 37.790157 13.881806 1520.299683
3479 37.876717 14.411885 1519.714478
3480 37.338196 14.448883 1520.338989
3481 37.232952 13.972682 1520.900146
3482 36.899693 14.634166 1520.797729
3483 36.759945 14.348907 1521.260620
3484 36.926872 13.819124 1521.448853
3485 37.242119 13.297407 1521.450439
3486 37.709454 13.391584 1520.799316
3487 37.731178 12.799006 1521.256104
3488 38.136883 12.857409 1520.748047
3489 38.659840 12.837232 1520.222168
3490 38.433456 12.345125 1520.806274
3491 38.071110 12.437803 1521.149048
3492 38.233982 11.949743 1521.343994
3493 37.831802 12.264350 1521.579834
3494 37.940952 11.637021 1522.002441
3495 38.539303 11.275317 1521.511597
3496 38.720989 11.701671 1520.931763
3497 38.829372 12.292741 1520.411987
3498 39.164291 12.426702 1519.987549
3499 39.183178 13.026355 1519.607788
3500 39.609337 12.602497 1519.465332
3501 39.669067 13.155241 1519.101685
3502 39.976276 12.763007 1519.049316
3503 40.406303 12.635843 1518.719727
3504 40.063946 12.171759 1519.228882
3505 40.945824 12.478765 1518.296997
3506 41.289623 12.982636 1517.786255
3507 41.898819 12.829949 1517.336792
3508 38.216858 11.087271 1522.154053
3509 37.851315 11.113141 1522.644531
3510 37.454723 11.625093 1522.651611
3511 37.375553 11.078779 1523.284790
3512 37.844860 10.634580 1523.163940
3513 38.248421 10.664609 1522.554932
3514 38.337517 10.184507 1522.963867
3515 37.965157 10.147406 1523.532593
3516 38.382305 9.723371 1523.430908
3517 38.844269 9.631180 1522.762451
3518 38.682178 10.243734 1522.318115
3519 39.293377 9.229681 1522.367310
3520 39.215118 8.936286 1522.921753
3521 39.614090 8.671363 1522.387451
3522 40.004440 7.928108 1522.452148
3523 39.528011 8.324812 1523.046753
3524 39.827045 7.662175 1523.193726
3525 40.141552 7.356328 1522.835083
3526 40.350327 7.296259 1522.394775
3527 40.091362 7.005828 1523.303711
3528 39.730640 7.311027 1523.723755
3529 39.430477 7.988297 1523.626343
3530 39.315804 7.614061 1524.153564
3531 39.050636 8.232030 1524.015869
3532 39.114464 8.604365 1523.525269
3533 38.801414 9.161967 1523.419922
3534 38.955135 10.291887 1521.780029
3535 38.585369 10.711757 1521.971191
3536 37.994087 9.723006 1523.939697
3537 37.589031 10.137949 1523.973633
3538 37.618275 9.759264 1524.297485
3539 37.111092 10.127645 1524.418945
3540 37.192127 10.623003 1523.914673
3541 36.658321 10.763614 1524.272583
3542 36.805599 11.221330 1523.765625
3543 36.308315 11.357417 1524.131714
3544 36.066963 10.934432 1524.623657
3545 36.451279 10.306808 1524.774414
3546 35.813770 10.434371 1525.119629
3547 35.450138 11.147882 1524.976318
3548 35.176647 10.472696 1525.521484
3549 34.949959 9.836400 1525.986084
3550 34.513496 10.464203 1525.986084
3551 34.834530 11.068223 1525.492798
3552 34.337830 11.130659 1525.872681
3553 34.030758 10.808310 1526.236328
3554 33.920353 10.270071 1526.505737
3555 34.327877 9.777591 1526.403320
3556 33.795609 9.667901 1526.813354
3557 34.180443 9.099923 1526.780518
3558 34.748699 9.187162 1526.420288
3559 34.511166 8.545577 1526.840820
3560 34.888515 8.006569 1526.910767
3561 34.162086 7.881864 1527.273560
3562 33.964596 8.457412 1527.155640
3563 33.392616 8.244068 1527.541260
3564 33.634304 7.496752 1527.632935
3565 34.481018 7.268140 1527.372314
3566 33.807495 6.694468 1527.791260
3567 34.476704 6.473745 1527.633667
3568 35.045410 6.811733 1527.333374
3569 35.290527 7.489902 1526.978149
3570 35.915157 7.515013 1526.719971
3571 35.628647 7.050743 1527.031128
3572 36.174053 6.919500 1526.866699
3573 36.575539 7.435681 1526.470825
3574 36.825012 6.809088 1526.616211
3575 36.457512 6.279387 1526.963257
3576 35.644783 6.353228 1527.269165
3577 36.080280 5.694145 1527.268555
3578 36.814247 5.635196 1526.946167
3579 37.088989 6.201718 1526.677734
3580 37.383003 5.654667 1526.632080
3581 37.622185 6.154902 1526.378906
3582 37.799564 5.730154 1526.353882
3583 38.168049 5.527132 1526.117065
3584 37.750484 5.287707 1526.446655
3585 38.147274 4.948099 1526.178711
3586 38.584213 4.627810 1525.807129
3587 38.033714 4.240333 1526.248901
3588 37.752880 4.739557 1526.472168
3589 37.415295 4.275952 1526.683472
3590 37.231899 4.994435 1526.794800
3591 36.926891 4.443993 1526.977295
3592 36.488510 4.995582 1527.185913
3593 36.248108 4.492403 1527.320801
3594 36.321373 3.871708 1527.261230
3595 35.665909 4.175543 1527.581299
3596 35.809906 3.287430 1527.443115
3597 35.144726 3.480798 1527.765869
3598 35.186211 2.638340 1527.620972
3599 34.499958 2.926508 1527.974609
3600 34.456127 2.226040 1527.865112
3601 33.983177 2.602512 1528.137451
3602 33.991390 1.963547 1528.007324
3603 34.882683 1.854066 1527.571655
3604 33.598904 2.319900 1528.240723
3605 33.102219 2.314962 1528.411621
3606 33.519363 2.799627 1528.327026
3607 32.842785 2.940199 1528.527710
3608 32.481270 2.266756 1528.579468
3609 32.083336 2.736855 1528.687622
3610 32.319073 3.342061 1528.635010
3611 31.602953 3.356424 1528.756348
3612 32.234077 3.967472 1528.611694
3613 32.851025 3.698648 1528.510010
3614 32.850830 4.382261 1528.452148
3615 32.287869 4.690442 1528.533447
3616 31.559566 4.319963 1528.710449
3617 31.838879 5.051941 1528.602905
3618 31.326416 4.913517 1528.741089
3619 31.520370 5.444118 1528.680542
3620 30.955864 5.201933 1528.864868
3621 30.894608 4.514396 1528.856323
3622 30.437983 4.819698 1529.017090
3623 30.525578 5.567076 1529.084717
3624 30.016649 5.152920 1529.248413
3625 30.060780 5.726443 1529.370361
3626 29.661419 5.298428 1529.477173
3627 29.525785 4.751674 1529.389526
3628 29.879940 4.424370 1529.168945
3629 29.350285 4.096239 1529.305176
3630 29.710773 3.685822 1529.117920
3631 30.332689 4.077592 1528.989868
3632 30.228018 3.294900 1528.972900
3633 29.487894 2.870048 1529.058472
3634 30.175587 2.521395 1528.930664
3635 30.829107 2.924302 1528.873047
3636 30.891596 3.741662 1528.860229
3637 29.595198 2.066065 1528.920776
3638 28.930065 2.281777 1529.016846
3639 28.348795 1.937003 1528.944702
3640 28.362185 2.469458 1529.142700
3641 27.811012 2.281404 1529.140015
3642 27.677498 1.743924 1528.859253
3643 27.591745 1.194451 1528.488647
3644 26.954433 1.618476 1528.709595
3645 26.967304 1.077866 1528.214233
3646 27.548302 0.579191 1527.969727
3647 26.890711 0.705529 1527.772339
3648 26.345119 0.987638 1527.816650
3649 26.594120 0.489593 1527.291138
3650 25.976984 0.720102 1527.138550
3651 25.561274 1.176478 1527.562256
3652 25.394754 0.860834 1526.837158
3653 25.059702 1.168174 1527.084595
3654 24.860126 0.995772 1526.510254
3655 25.183128 0.603591 1526.096436
3656 25.727854 0.542966 1526.590820
3657 25.870914 0.198686 1526.130981
3658 26.243574 0.319881 1526.727295
3659 26.449177 -0.095057 1526.275757
3660 26.845636 0.042321 1526.871582
3661 27.181931 0.263158 1527.429688
3662 27.498188 -0.271967 1527.020752
3663 27.872776 -0.006000 1527.578247
3664 28.177277 -0.559008 1527.199951
3665 28.532181 -0.255841 1527.696411
3666 28.808964 -0.738767 1527.384521
3667 27.800066 -0.876023 1526.534790
3668 29.086193 -0.449473 1527.758545
3669 29.233585 -0.822946 1527.483765
3670 27.079693 -0.451848 1526.402710
3671 27.256044 -0.952370 1525.907104
3672 27.836296 -1.388502 1525.932251
3673 27.375870 -1.453782 1525.398315
3674 27.973871 -1.893425 1525.460449
3675 27.503563 -1.967757 1524.927856
3676 28.026543 -2.327038 1525.017456
3677 28.397755 -2.797698 1524.802490
3678 29.018364 -2.971311 1525.007202
3679 28.789137 -3.248342 1524.567993
3680 28.273521 -3.171904 1524.294189
3681 28.814753 -3.646196 1524.119507
3682 28.168938 -3.586159 1523.719238
3683 28.788588 -4.048381 1523.566284
3684 28.290167 -3.999190 1523.244629
3685 27.800282 -3.722437 1523.152710
3686 27.590256 -3.830748 1522.673096
3687 27.260632 -3.343304 1523.031982
3688 27.052547 -3.466088 1522.481323
3689 26.682734 -2.941314 1522.792480
3690 26.521807 -3.109109 1522.172607
3691 26.078026 -2.519939 1522.489380
3692 26.404531 -2.393999 1523.184326
3693 25.884775 -1.962196 1523.057495
3694 26.224190 -1.911216 1523.574585
3695 25.799883 -1.489188 1523.584839
3696 26.368479 -1.516307 1524.224609
3697 25.720390 -1.028059 1524.087158
3698 25.306414 -1.065139 1523.537354
3699 25.362968 -1.489498 1523.011108
3700 24.853235 -1.008497 1523.030029
3701 24.912380 -1.467538 1522.377319
3702 24.381458 -0.925699 1522.491211
3703 24.403559 -1.266865 1521.902222
3704 23.953718 -0.830020 1521.993774
3705 23.914284 -0.476982 1522.565308
3706 23.529263 -0.145252 1522.573730
3707 23.798378 -0.083906 1523.065186
3708 24.286598 -0.447651 1523.136719
3709 24.218191 -0.002407 1523.770386
3710 23.523556 0.363539 1523.454590
3711 23.281895 0.224149 1522.859009
3712 22.964500 0.664580 1523.183838
3713 22.760466 0.506567 1522.590454
3714 22.370523 1.023289 1522.947266
3715 22.535320 1.190892 1523.529419
3716 23.214447 0.779881 1523.776123
3717 22.863543 1.268982 1524.219971
3718 22.197996 1.686028 1523.990234
3719 21.978653 1.548386 1523.335083
3720 21.503794 2.159744 1523.777466
3721 21.366280 1.910273 1523.039429
3722 20.777390 2.398222 1523.025391
3723 21.108982 1.784356 1522.402832
3724 21.684107 1.479724 1522.729980
3725 20.865923 2.775141 1523.948730
3726 21.343388 2.550501 1524.331421
3727 21.885012 2.145809 1524.434204
3728 21.589718 2.581984 1524.869019
3729 20.874477 3.066674 1524.618774
3730 21.316198 2.992501 1525.294922
3731 21.922222 2.582807 1525.507202
3732 22.193256 2.164106 1525.047363
3733 22.517525 2.202029 1525.732056
3734 22.264959 2.579154 1526.140747
3735 21.619123 3.030992 1525.970337
3736 22.026894 2.931423 1526.507813
3737 21.567953 3.332178 1526.579712
3738 21.118841 3.512764 1526.154785
3739 21.095255 3.332878 1525.674316
3740 20.785072 3.395532 1525.226318
3741 20.708923 3.658131 1525.725830
3742 20.332853 3.780504 1525.317993
3743 20.205965 4.046560 1525.771729
3744 19.793497 4.150238 1525.290283
3745 19.636791 4.417454 1525.754639
3746 19.147480 4.516842 1525.192383
3747 19.447329 4.169507 1524.733887
3748 19.962585 3.879220 1524.884888
3749 19.848824 3.759305 1524.382690
3750 20.372700 3.526068 1524.761597
3751 20.337273 3.296210 1524.156128
3752 20.335365 2.960415 1523.423706
3753 18.927832 4.401570 1524.510498
3754 18.470757 4.774377 1524.882080
3755 18.434177 4.574808 1524.256592
3756 17.888193 4.935465 1524.556519
3757 18.013769 5.111654 1525.278564
3758 18.641336 4.857837 1525.399414
3759 18.486134 5.080760 1525.877686
3760 19.053593 4.761189 1525.768188
3761 18.979778 4.983382 1526.359863
3762 18.459377 5.276087 1526.510864
3763 19.004057 5.141749 1526.954346
3764 18.464506 5.461354 1527.216187
3765 17.862173 5.597531 1526.754395
3766 17.873941 5.759779 1527.411499
3767 17.261087 5.891648 1526.978882
3768 17.212933 6.060430 1527.579468
3769 16.685083 6.115515 1527.032471
3770 16.678467 6.266459 1527.617798
3771 16.133169 6.313522 1527.076416
3772 16.174320 6.446739 1527.650024
3773 15.627778 6.475324 1527.098389
3774 15.722980 6.615462 1527.765625
3775 15.303013 6.690798 1527.584106
3776 15.113871 6.571209 1526.923950
3777 15.569300 6.367006 1526.639771
3778 15.025517 6.411037 1526.271973
3779 14.522755 6.634342 1526.620483
3780 14.728539 6.774292 1527.338745
3781 14.087951 6.844735 1527.056030
3782 14.306904 6.952757 1527.707764
3783 15.089711 6.877172 1528.169556
3784 14.476123 7.061861 1528.422241
3785 13.976727 7.094698 1528.088013
3786 13.718306 7.030822 1527.542847
3787 13.398957 7.206944 1528.159546
3788 13.870739 7.219230 1528.713379
3789 13.159019 7.328560 1528.694702
3790 12.757467 7.294868 1528.086426
3791 12.511651 7.428636 1528.734009
3792 12.123524 7.391903 1528.122803
3793 12.390235 7.231284 1527.456665
3794 11.691363 7.358266 1527.631348
3795 11.954661 7.193363 1526.998291
3796 12.634906 7.072533 1526.906372
3797 13.032334 7.134957 1527.474854
3798 13.367109 6.945477 1526.898926
3799 13.800594 6.694858 1526.272217
3800 12.934188 6.872863 1526.317993
3801 13.181963 6.649114 1525.697510
3802 12.418655 6.820572 1525.821289
3803 12.628555 6.600142 1525.218994
3804 13.300424 6.405145 1525.001831
3805 12.720705 6.360699 1524.553589
3806 13.378924 6.169094 1524.355835
3807 12.753674 6.127145 1523.914551
3808 12.128583 6.306315 1524.125366
3809 12.102632 6.507949 1524.687500
3810 11.651513 6.427698 1524.282593
3811 11.465591 6.619469 1524.773193
3812 10.821732 6.665181 1524.760132
3813 11.221686 6.837169 1525.370483
3814 11.936489 6.737102 1525.308350
3815 11.670387 6.963430 1525.950439
3816 10.911713 7.005947 1525.869385
3817 10.538564 6.853754 1525.319336
3818 10.180631 6.989576 1525.794556
3819 10.568230 7.144303 1526.344482
3820 10.038541 7.121808 1526.307739
3821 9.605322 7.012918 1526.036987
3822 9.629561 6.881309 1525.556885
3823 9.026366 6.841135 1525.723999
3824 9.148769 7.020689 1526.313232
3825 8.640980 6.896138 1526.210938
3826 8.598774 7.036209 1526.787109
3827 8.119415 6.849977 1526.497559
3828 7.987968 6.987708 1527.149902
3829 7.577928 6.797587 1526.818115
3830 7.539378 6.951252 1527.425903
3831 7.180279 6.772839 1527.097046
3832 7.031271 6.871956 1527.581055
3833 6.701206 6.643939 1527.050537
3834 6.363057 6.747658 1527.669189
3835 6.046725 6.475868 1526.967163
3836 5.578681 6.573590 1527.588989
3837 5.230074 6.284150 1526.808472
3838 5.847545 6.253496 1526.316772
3839 6.486692 6.439621 1526.497314
3840 6.350489 6.233748 1525.839844
3841 6.937836 6.403392 1525.953613
3842 6.790048 6.203238 1525.308838
3843 7.315176 6.335776 1525.323486
3844 7.560801 6.602756 1526.102539
3845 7.865983 6.466338 1525.294434
3846 8.319778 6.709308 1525.782959
3847 8.580254 6.598163 1525.172485
3848 8.158771 6.359594 1524.646240
3849 8.865849 6.483362 1524.592651
3850 9.234794 6.693974 1525.095459
3851 9.522580 6.579019 1524.608765
3852 9.894365 6.784428 1525.156250
3853 10.173310 6.643299 1524.674805
3854 7.811667 6.116076 1524.012817
3855 7.342094 6.193029 1524.732178
3856 6.984585 5.909609 1523.847778
3857 6.482876 5.980102 1524.644775
3858 6.324140 5.810499 1523.954468
3859 5.823924 5.794708 1524.309692
3860 5.793710 5.924201 1524.999878
3861 5.197493 5.766507 1524.626587
3862 5.161928 5.897683 1525.331055
3863 4.608187 5.762700 1524.924194
3864 4.597692 5.893323 1525.598267
3865 4.064147 5.778256 1525.178589
3866 4.036045 5.904424 1525.822021
3867 3.533928 5.795899 1525.320679
3868 3.447387 5.913756 1525.937622
3869 2.889609 5.829207 1525.422607
3870 2.714207 6.002265 1526.318481
3871 3.346184 6.048152 1526.525513
3872 2.760372 6.204555 1527.166748
3873 2.006343 6.118602 1526.754761
3874 2.008587 5.964869 1525.918945
3875 1.133265 6.092057 1526.231812
3876 1.359217 6.221000 1527.075439
3877 0.592998 6.303388 1527.142944
3878 1.117804 6.409750 1527.861572
3879 0.429680 6.507265 1528.051636
3880 -0.269065 6.521588 1527.645386
3881 -0.090954 6.383430 1527.025269
3882 0.222895 6.246852 1526.460571
3883 -0.576232 6.424245 1526.587891
3884 -0.288987 6.287905 1525.947876
3885 -1.055281 6.478529 1525.883545
3886 -0.680008 6.327048 1525.270020
3887 0.061632 6.157922 1525.268188
3888 0.366708 6.149418 1525.836304
3889 0.841894 6.018609 1525.250366
3890 1.452973 5.967246 1525.560181
3891 1.520221 5.896661 1524.919678
3892 2.005210 5.880315 1525.322876
3893 2.255990 5.795875 1524.749634
3894 3.048519 5.755068 1524.947021
3895 2.933218 5.708700 1524.426270
3896 3.524814 5.714058 1524.767822
3897 3.470442 5.657265 1524.208374
3898 4.034617 5.684890 1524.564941
3899 3.944325 5.629134 1524.049805
3900 4.553261 5.651869 1524.188354
3901 4.109634 5.589657 1523.594116
3902 3.487863 5.618884 1523.635742
3903 3.614006 5.589004 1523.054688
3904 2.897242 5.660112 1523.130859
3905 2.877431 5.675331 1523.786621
3906 2.188686 5.753106 1523.319336
3907 2.323978 5.746343 1524.067383
3908 1.713233 5.825449 1524.052246
3909 1.207216 5.908680 1523.243408
3910 1.028674 5.935631 1524.249268
3911 0.497830 6.026632 1523.618286
3912 0.370554 6.058956 1524.514282
3913 -0.168970 6.159317 1523.988770
3914 -0.243186 6.192341 1524.707764
3915 -0.871044 6.336977 1524.430908
3916 -0.745749 6.296011 1523.526855
3917 -1.434833 6.489445 1523.999146
3918 -1.298896 6.450880 1523.172485
3919 -1.923154 6.646125 1523.547241
3920 -2.115609 6.736102 1524.303955
3921 -2.628091 6.928458 1523.774902
3922 -2.700045 7.000125 1524.622314
3923 -3.147967 7.192945 1524.276367
3924 -3.355115 7.273605 1523.664185
3925 -2.925130 7.059706 1523.004150
3926 -2.291316 6.791210 1522.928101
3927 -2.682807 6.995534 1522.161987
3928 -3.264443 7.263381 1522.212891
3929 -2.805629 7.115504 1521.558228
3930 -2.086455 6.824446 1521.588745
3931 -2.192808 6.956997 1520.977661
3932 -1.491481 6.715658 1521.026611
3933 -1.568387 6.850145 1520.410278
3934 -0.896074 6.615175 1520.643188
3935 -1.194140 6.826133 1519.933472
3936 -1.991156 7.133389 1519.709229
3937 -1.518972 7.107533 1518.989624
3938 -0.898099 6.841550 1519.344360
3939 -1.301944 7.155617 1518.166016
3940 -0.674235 6.927297 1518.072754
3941 -1.034977 7.127060 1517.332886
3942 -1.813188 7.454689 1517.517456
3943 -1.550888 7.413621 1516.755615
3944 -2.346017 7.815506 1516.825195
3945 -1.900138 7.636636 1516.355957
3946 -1.318961 7.340609 1515.838501
3947 -1.870080 7.688765 1515.535645
3948 -1.314593 7.353912 1515.238037
3949 -0.918209 7.109453 1516.444092
3950 -1.768355 7.666348 1514.767944
3951 -2.292628 8.014528 1514.933594
3952 -2.168729 7.978542 1514.278687
3953 -2.692003 8.334128 1514.498291
3954 -2.564331 8.309278 1513.835205
3955 -3.074890 8.650058 1514.083252
3956 -2.933091 8.631927 1513.411377
3957 -2.449743 8.287126 1513.210938
3958 -2.089633 7.970764 1513.591919
3959 -2.036938 7.997560 1512.923462
3960 -2.374050 8.298826 1512.660156
3961 -2.098953 8.134649 1512.333496
3962 -1.816113 7.987003 1511.962524
3963 -2.238423 8.349862 1511.810059
3964 -2.330666 8.557126 1511.265137
3965 -2.757499 8.776537 1511.689697
3966 -2.918571 9.072916 1510.981445
3967 -3.335404 9.226989 1511.600830
3968 -3.630061 9.573407 1511.020142
3969 -3.277301 9.532687 1510.311401
3970 -2.690762 9.183834 1510.124023
3971 -2.270588 8.699951 1510.646851
3972 -2.155544 8.828621 1510.061768
3973 -2.239392 9.139494 1509.467529
3974 -1.553089 8.602845 1509.621582
3975 -1.764339 8.451350 1510.319092
3976 -1.160046 8.061983 1510.258057
3977 -1.617272 8.116482 1510.955811
3978 -0.832846 8.090326 1509.715210
3979 -0.792541 8.360103 1509.112305
3980 -1.502860 8.964381 1508.816040
3981 -2.344351 9.584812 1508.709351
3982 -2.927803 9.656897 1509.374146
3983 -3.242150 10.116624 1508.884155
3984 -2.763545 10.163469 1508.206543
3985 -3.518641 10.636694 1508.330322
3986 -3.781250 10.464315 1508.941528
3987 -4.076775 10.857709 1508.621704
3988 -4.085332 11.280698 1508.010742
3989 -3.774514 11.613747 1507.281006
3990 -4.403701 11.969668 1507.457397
3991 -4.071286 12.172702 1506.926147
3992 -3.467596 11.877349 1506.667236
3993 -3.755094 12.323251 1506.460938
3994 -4.251509 12.688851 1506.541016
3995 -3.750877 12.720197 1506.033325
3996 -3.195542 12.156876 1506.061890
3997 2.296005 13.475814 1499.576416
3998 -0.952464 15.658382 1500.633057
3999 1.312523 11.453480 1502.086548
4000 2.321316 8.656053 1505.514038
4001 -1.438270 15.580139 1501.081055
4002 0.599252 14.241183 1500.298218
4003 2.658911 12.314601 1500.261230
4004 -3.354763 15.433646 1502.979248
4005 -1.206779 15.004689 1501.258301
4006 0.684659 10.138466 1504.376099
4007 2.849086 9.936009 1502.874146
4008 1.283358 9.799767 1504.347900
4009 -0.948364 11.463935 1504.262817
4010 -1.261360 10.626908 1505.767578
4011 4.703239 10.441138 1501.186035
4012 -2.603516 13.891490 1503.549805
4013 3.307418 10.725441 1501.548828
4014 3.136348 11.307117 1500.974365
4015 1.509684 9.353798 1504.923462
4016 4.789042 9.315923 1502.754272
4017 -3.603779 14.944135 1503.656128
4018 3.918176 11.380820 1500.447021
4019 4.465139 9.024285 1503.392822
4020 0.890328 11.249725 1502.671875
4021 -0.339017 10.743687 1504.539917
4022 0.463692 12.457215 1501.787720
4023 -0.763280 13.328773 1502.129761
4024 -3.674123 14.311864 1504.324707
4025 4.581153 10.938537 1500.619507
4026 0.751302 13.549506 1500.655029
4027 1.812014 13.246415 1500.081665
4028 -2.724231 13.343266 1504.231567
4029 -0.375018 15.465637 1500.296143
4030 2.765640 11.804070 1500.679688
4031 4.810812 8.712273 1503.782837
4032 -2.695749 14.729125 1502.895020
4033 5.243274 8.859150 1503.322144
4034 5.540862 8.593375 1503.674683
4035 5.297907 8.342458 1504.251099
4036 4.734462 8.339212 1504.515137
4037 5.233441 8.085053 1504.751221
4038 7.591217 5.892174 1506.972534
4039 7.897157 6.517124 1505.916138
4040 5.756331 8.022859 1504.631104
4041 5.943777 8.287315 1504.065552
4042 6.490155 8.214450 1503.936035
4043 6.187346 8.497974 1503.554810
4044 6.788229 8.334574 1503.542603
4045 7.503513 8.092628 1503.538940
4046 7.709815 7.759568 1504.022339
4047 8.143857 7.779969 1503.628052
4048 8.057156 8.158660 1502.967529
4049 7.218525 8.522392 1502.914673
4050 7.591397 8.697077 1502.328247
4051 8.428121 8.338349 1502.301025
4052 8.730594 7.979101 1502.695190
4053 8.927039 8.144965 1502.191650
4054 9.300419 7.855331 1502.352173
4055 9.412576 8.080699 1501.835449
4056 9.791752 7.765766 1502.011230
4057 9.708053 7.495211 1502.585327
4058 10.217333 7.296837 1502.389038
4059 10.447515 7.539631 1501.735474
4060 10.032257 8.054098 1501.287476
4061 10.593581 7.754976 1501.249023
4062 10.540602 8.172118 1500.666138
4063 9.898021 8.533823 1500.657104
4064 9.412423 8.429942 1501.239136
4065 9.270421 8.855989 1500.686157
4066 9.671603 9.041526 1500.108032
4067 9.060604 9.313982 1500.176636
4068 8.626069 9.122730 1500.796265
4069 8.922077 8.736513 1501.167114
4070 8.510174 8.834087 1501.354980
4071 8.820552 8.466592 1501.715698
4072 8.152436 8.754936 1501.787109
4073 8.059682 9.117016 1501.250977
4074 7.562503 9.088346 1501.668579
4075 6.941210 9.158883 1501.961182
4076 7.043406 9.429941 1501.458984
4077 7.513572 9.452573 1501.113037
4078 6.947017 9.765844 1501.000000
4079 7.458804 9.921516 1500.441528
4080 8.065069 9.490378 1500.660156
4081 8.537626 9.513832 1500.277100
4082 8.169186 9.852385 1500.058228
4083 8.774373 9.834918 1499.674316
4084 8.159139 10.316444 1499.451416
4085 7.582640 10.306672 1499.821899
4086 7.063379 10.345948 1500.089355
4087 7.050598 10.684299 1499.645996
4088 6.495198 10.628190 1500.036133
4089 6.401634 11.069943 1499.519531
4090 5.850856 11.016494 1499.878662
4091 5.950878 10.500920 1500.501709
4092 5.338746 10.911291 1500.273193
4093 -3.186198 14.280922 1503.827271
4094 -1.767218 14.496327 1502.143677
4095 -0.151708 12.939942 1501.898438
4096 0.033286 15.658452 1499.885376
4097 0.100962 14.525111 1500.499878
4098 -1.498715 11.926832 1504.336914
4099 4.654790 11.920484 1499.464966
4100 4.323632 12.468571 1499.111328
4101 3.395345 13.421556 1498.891113
4102 3.940359 13.031394 1498.852539
4103 3.844989 13.523602 1498.542358
4104 4.383171 13.399397 1498.318115
4105 4.652099 12.865932 1498.582886
4106 5.043309 13.237705 1498.082520
4107 5.268740 12.682551 1498.413940
4108 5.789194 12.998867 1497.903442
4109 5.832637 12.381157 1498.402344
4110 5.425962 12.242440 1498.735596
4111 5.838172 11.897214 1498.872437
4112 5.328211 11.883281 1499.148804
4113 4.949559 12.351808 1498.878418
4114 5.300678 11.385928 1499.716675
4115 5.840743 11.455680 1499.355347
4116 6.373053 11.500060 1499.029419
4117 7.005200 11.063914 1499.200439
4118 6.950021 11.590714 1498.642212
4119 7.531614 11.153905 1498.821167
4120 7.582268 10.718489 1499.295898
4121 8.116487 10.798086 1498.908447
4122 8.712276 10.395562 1499.034912
4123 8.603490 10.913861 1498.544922
4124 9.334190 10.598335 1498.515381
4125 9.377588 10.014558 1499.094238
4126 9.987826 10.149603 1498.656006
4127 10.006003 9.644933 1499.161011
4128 10.707543 9.729697 1498.743042
4129 10.535579 9.218866 1499.341187
4130 11.154283 9.237568 1499.017456
4131 11.009926 8.802723 1499.540649
4132 10.364105 8.753201 1500.000854
4133 10.012218 9.228612 1499.636719
4134 9.481370 9.512405 1499.623291
4135 11.036549 8.334854 1500.079224
4136 11.194419 7.772307 1500.709106
4137 11.656794 8.019548 1500.057617
4138 11.815294 7.593550 1500.477905
4139 12.115296 8.242286 1499.548340
4140 11.531062 8.484330 1499.602905
4141 11.966009 8.646197 1499.221313
4142 12.568742 8.446255 1499.144531
4143 13.217536 8.188531 1499.107788
4144 13.005216 8.761115 1498.725586
4145 13.779927 8.509401 1498.671875
4146 13.872536 7.821038 1499.169678
4147 14.424020 7.943904 1498.898315
4148 14.410293 7.385402 1499.344727
4149 14.962840 7.429091 1499.143555
4150 15.463195 6.926952 1499.423950
4151 15.522861 7.435379 1499.011963
4152 16.063616 6.903245 1499.326538
4153 16.690193 6.919890 1499.238403
4154 16.143715 7.458557 1498.898682
4155 16.775501 7.494028 1498.819580
4156 17.324207 6.996799 1499.145264
4157 16.879436 8.049015 1498.455688
4158 16.228489 8.030845 1498.505615
4159 16.325172 8.701321 1498.104736
4160 15.645463 8.581680 1498.237549
4161 15.595654 7.992894 1498.607788
4162 15.055947 8.518413 1498.365723
4163 15.005010 7.973324 1498.731445
4164 14.470532 8.513321 1498.490112
4165 14.615273 8.974957 1498.175781
4166 14.060637 9.166273 1498.174438
4167 14.438004 9.567649 1497.880859
4168 15.070171 9.088237 1498.036011
4169 15.080891 9.683210 1497.729126
4170 15.655347 9.207180 1497.897827
4171 15.653379 9.848044 1497.590088
4172 16.227869 9.404533 1497.752075
4173 16.683889 9.105987 1497.876709
4174 17.012383 8.649736 1498.107422
4175 17.146336 9.198081 1497.827881
4176 17.626329 8.775410 1498.054565
4177 17.741814 9.354872 1497.777466
4178 18.240814 8.903461 1498.037109
4179 18.863209 9.044860 1498.035767
4180 18.379435 9.491951 1497.773560
4181 19.034393 9.633684 1497.803223
4182 19.749054 9.722939 1497.886230
4183 19.191959 10.337476 1497.549805
4184 20.011089 10.380927 1497.693237
4185 20.380102 9.870929 1497.948364
4186 19.717978 8.972158 1498.195679
4187 20.754618 10.473285 1497.819214
4188 21.248211 10.165023 1498.013428
4189 20.352106 11.014457 1497.561157
4190 19.625731 10.941366 1497.423462
4191 19.978987 11.506699 1497.328979
4192 20.195248 12.159057 1497.207153
4193 19.513195 12.011776 1497.083130
4194 19.282642 11.475426 1497.185791
4195 18.966978 11.911468 1496.997559
4196 18.669310 11.541480 1497.053223
4197 18.368088 12.127955 1496.834351
4198 18.072760 11.578673 1496.956543
4199 18.415644 11.172484 1497.131836
4200 17.938671 11.073032 1497.107910
4201 17.464872 11.541390 1496.911011
4202 17.361515 10.963612 1497.102539
4203 16.843155 11.477346 1496.905396
4204 16.775475 10.818148 1497.140381
4205 16.145409 11.345993 1496.956787
4206 16.230450 10.637169 1497.219971
4207 15.725262 10.951474 1497.122559
4208 15.686519 10.437924 1497.331299
4209 15.185194 10.874186 1497.191895
4210 15.107290 10.281250 1497.449707
4211 14.465904 10.740870 1497.315918
4212 14.619342 10.100732 1497.587891
4213 14.047401 10.203087 1497.615479
4214 13.700166 10.820311 1497.365723
4215 13.387326 10.281949 1497.672729
4216 13.721410 9.699671 1497.933350
4217 13.070856 9.774323 1498.017578
4218 12.769750 10.325650 1497.748291
4219 13.036123 10.860401 1497.425903
4220 12.501194 10.769643 1497.543701
4221 12.527523 11.366020 1497.239136
4222 11.988103 10.918942 1497.536621
4223 12.181265 10.382705 1497.820923
4224 11.586235 10.542463 1497.838135
4225 11.814281 9.991873 1498.163208
4226 12.445097 9.865178 1498.096436
4227 12.080816 9.463458 1498.480225
4228 11.443573 9.645473 1498.540283
4229 11.735497 9.104842 1498.897461
4230 11.461824 8.841305 1499.265869
4231 12.329665 8.918840 1498.831787
4232 12.721490 9.331344 1498.391846
4233 13.404231 9.182130 1498.315552
4234 11.169918 10.112487 1498.251221
4235 10.526435 10.341634 1498.273804
4236 10.943398 10.717829 1497.867188
4237 11.345609 11.064096 1497.558716
4238 10.766077 11.145256 1497.623047
4239 11.093438 11.542398 1497.328003
4240 11.752025 11.487757 1497.265991
4241 11.403190 12.080293 1497.020142
4242 10.743405 12.086637 1497.095093
4243 10.499591 11.585964 1497.407593
4244 10.126962 12.055724 1497.209839
4245 9.940138 11.545020 1497.557129
4246 10.276591 11.214998 1497.692627
4247 9.737048 11.066996 1497.957031
4248 9.275375 11.584305 1497.716309
4249 9.004469 11.180632 1498.128174
4250 8.624657 11.665952 1497.869629
4251 8.460230 11.324731 1498.220215
4252 8.017247 11.230129 1498.504517
4253 8.023523 11.680292 1498.083130
4254 7.469452 11.527935 1498.461060
4255 7.475884 12.220016 1497.837769
4256 6.921719 12.058480 1498.202148
4257 6.363848 11.994271 1498.515503
4258 6.381002 12.502425 1498.044189
4259 7.005813 12.593296 1497.717407
4260 6.514094 13.035045 1497.573120
4261 7.174868 13.095984 1497.302002
4262 7.672711 12.622075 1497.468018
4263 8.349067 12.605866 1497.283813
4264 8.166386 12.146965 1497.653809
4265 8.825371 12.090912 1497.493164
4266 9.508511 12.030675 1497.354370
4267 6.741428 13.515063 1497.176147
4268 6.115966 13.530765 1497.389893
4269 6.393893 13.900858 1497.068970
4270 6.384136 14.371180 1496.835571
4271 5.859664 14.096733 1497.156494
4272 5.770192 14.721538 1496.888428
4273 5.120334 14.400573 1497.311279
4274 5.159169 15.135038 1496.960693
4275 4.582676 14.968590 1497.296021
4276 4.388172 14.426064 1497.667969
4277 4.036104 14.901464 1497.617920
4278 3.843547 14.540209 1497.914795
4279 3.409764 15.048153 1497.913696
4280 3.706165 15.497536 1497.532837
4281 4.197332 15.386806 1497.312622
4282 4.611856 15.587829 1497.033936
4283 3.222106 15.634884 1497.756714
4284 2.802798 15.534433 1498.061157
4285 2.834283 14.945622 1498.328613
4286 2.275744 15.455731 1498.440063
4287 2.273172 14.876585 1498.736328
4288 1.720111 15.396357 1498.841797
4289 1.685153 14.769283 1499.197510
4290 1.223419 15.344518 1499.208984
4291 -1.788720 15.125668 1501.694580
4292 -0.430269 13.614025 1501.588379
4293 3.992500 10.289548 1501.729492
4294 1.633535 12.155859 1501.125488
4295 -1.500221 16.283533 1500.708496
4296 2.921086 9.061603 1504.258179
4297 -2.085751 12.079096 1504.855469
4298 2.229568 12.074934 1500.772949
4299 2.297085 11.623114 1501.173950
4300 5.553695 9.342999 1502.369995
4301 5.374390 9.065539 1502.905518
4302 6.063146 9.018314 1502.672241
4303 5.879121 8.812138 1503.120850
4304 6.493164 8.685664 1503.047119
4305 6.763376 8.892372 1502.524658
4306 6.272079 9.263483 1502.158936
4307 6.483275 9.608408 1501.504639
4308 5.777413 9.624496 1501.833252
4309 5.910961 9.907030 1501.353516
4310 6.340237 10.026032 1500.960449
4311 6.710964 10.199297 1500.505615
4312 5.638109 10.250013 1501.000854
4313 2.335542 12.883780 1499.992920
4314 -1.358819 14.557028 1501.710449
4315 1.922432 9.760179 1503.840454
4316 4.265248 8.701054 1504.074341
4317 2.317746 14.294973 1499.032959
4318 2.867826 13.834020 1498.949341
4319 2.850244 14.387678 1498.622681
4320 3.405951 13.899006 1498.561646
4321 3.392469 14.462807 1498.231934
4322 4.010482 13.988376 1498.137695
4323 4.730742 13.838900 1497.830200
4324 5.435285 13.675089 1497.586792
4325 9.985388 10.590540 1498.258545
4326 10.370797 10.832000 1497.940063
4327 13.317243 11.425886 1497.136719
4328 14.030927 11.405312 1497.080444
4329 14.744069 11.419349 1497.013794
4330 15.416143 11.445689 1496.955322
4331 16.239321 10.020769 1497.472656
4332 16.772215 10.199915 1497.382446
4333 16.723993 9.613252 1497.635254
4334 17.264891 9.754714 1497.575195
4335 17.316835 10.348262 1497.331421
4336 17.850052 9.904650 1497.543091
4337 18.470457 10.068121 1497.541626
4338 17.912336 10.493900 1497.314087
4339 18.473543 10.686718 1497.307373
4340 18.941904 11.015728 1497.266846
4341 16.387920 12.028811 1496.720581
4342 17.020849 12.048818 1496.725708
4343 16.651848 12.584476 1496.556030
4344 17.218040 12.571656 1496.584595
4345 17.648399 12.078280 1496.759399
4346 17.847319 12.644338 1496.624634
4347 18.463144 12.802898 1496.675049
4348 18.996786 12.412572 1496.869995
4349 19.020071 13.033592 1496.728638
4350 18.431007 13.422222 1496.532349
4351 18.981352 13.675375 1496.590942
4352 19.586729 13.265193 1496.807983
4353 19.613567 12.609484 1496.956787
4354 20.327152 12.863765 1497.078491
4355 20.717480 13.330454 1497.088257
4356 20.157124 13.568727 1496.893188
4357 20.711819 13.894467 1496.985718
4358 21.363337 14.135588 1497.128052
4359 19.569481 13.890031 1496.687866
4360 17.713570 13.741796 1496.360596
4361 17.986773 13.142001 1496.522217
4362 17.449041 13.130031 1496.461670
4363 17.000231 13.624412 1496.316650
4364 16.956320 13.028441 1496.449585
4365 8.605893 7.778040 1503.203735
4366 -0.654402 10.336477 1505.503784
4367 -1.969521 14.060658 1502.708008
4368 -1.219462 12.206367 1503.699097
4369 3.473241 9.779425 1502.716309
4370 -3.493030 13.557378 1504.885254
4371 0.190995 10.297468 1504.633301
4372 -1.703975 12.738324 1503.675903
4373 1.056230 12.013101 1501.713989
4374 -0.022672 9.814636 1505.665405
4375 2.527740 11.010112 1501.692993
4376 -2.887146 15.583252 1502.401978
4377 -4.015618 13.990968 1504.996460
4378 -4.346493 14.558780 1504.766235
4379 -4.044780 14.884328 1504.161865
4380 -4.627941 15.195084 1504.427490
4381 -4.226378 15.476242 1503.799683
4382 -4.861241 15.935648 1503.969238
4383 -5.247781 15.510127 1504.672363
4384 -5.559075 16.110624 1504.394043
4385 -5.368340 16.623280 1503.803955
4386 -5.976140 16.690290 1504.224976
4387 -6.171556 16.297606 1504.696045
4388 -6.570205 16.817606 1504.559326
4389 -6.439544 17.243099 1504.125732
4390 -5.883542 17.201714 1503.735840
4391 -6.360315 17.632942 1503.763916
4392 -5.972828 17.779743 1503.357178
4393 -5.303907 17.265734 1503.231812
4394 -5.575977 18.088739 1502.838135
4395 -4.877885 17.549730 1502.691162
4396 -5.026547 18.217421 1502.356201
4397 -4.445079 17.803297 1502.191772
4398 -4.353806 17.206335 1502.521118
4399 -4.730506 17.064310 1502.930176
4400 -4.324139 16.650085 1502.908081
4401 -4.809268 16.615973 1503.348022
4402 -4.314373 16.100258 1503.342163
4403 -3.872981 16.209854 1502.853516
4404 -3.882103 16.756681 1502.448486
4405 -3.457013 16.310677 1502.396729
4406 -3.428907 16.857557 1501.991455
4407 -3.835952 17.416473 1501.964478
4408 -3.253550 17.373726 1501.523438
4409 -3.054315 16.856016 1501.673950
4410 -3.039256 16.420366 1501.945068
4411 -2.676126 16.629452 1501.491211
4412 -2.760931 17.221725 1501.209839
4413 -2.144472 16.967319 1500.845947
4414 -0.779082 14.296446 1501.380249
4415 4.985219 9.628325 1502.184082
4416 -0.485338 16.043886 1500.056519
4417 -2.995007 13.129658 1504.769287
4418 0.832277 13.061285 1500.963623
4419 -2.387447 11.737759 1505.625977
4420 3.276098 9.404223 1503.419434
4421 0.248298 10.961170 1503.628052
4422 -3.867561 15.698809 1503.261108
4423 -0.048954 12.022416 1502.681274
4424 -2.468979 17.678009 1500.729736
4425 -1.928407 17.592468 1500.351807
4426 -2.236074 18.222872 1500.296753
4427 -1.802622 18.096643 1500.030273
4428 -1.433516 18.294897 1499.688354
4429 -1.978119 18.676012 1499.930420
4430 -1.475473 18.965824 1499.488159
4431 -0.921420 18.546793 1499.255127
4432 -0.417688 18.075075 1499.091553
4433 -0.931931 19.247763 1499.061768
4434 -0.013471 18.258791 1498.777100
4435 0.447526 18.259506 1498.495972
4436 -1.498138 19.639935 1499.328369
4437 -2.024926 19.332613 1499.752197
4438 -2.088187 19.974697 1499.643799
4439 -2.436564 19.633316 1499.951294
4440 -2.662985 20.243172 1499.972046
4441 -2.925474 19.610395 1500.289673
4442 -2.488478 18.970175 1500.188599
4443 -3.082566 18.966036 1500.613892
4444 -2.751128 18.332298 1500.634644
4445 -3.262444 18.386299 1500.991577
4446 -3.623820 18.920120 1501.014282
4447 -3.704244 18.413839 1501.302490
4448 -4.178227 18.816196 1501.441406
4449 -4.039463 18.097437 1501.713257
4450 -4.544270 18.382107 1501.918091
4451 -3.484862 17.902489 1501.404541
4452 -4.721951 18.980833 1501.731689
4453 -5.113967 18.834858 1502.067017
4454 -5.147556 19.439592 1501.811157
4455 -5.606260 19.344532 1502.155762
4456 -5.583941 18.737242 1502.442261
4457 -6.133173 19.309399 1502.538208
4458 -5.987788 19.803972 1502.235474
4459 -5.605072 19.933477 1501.932495
4460 -6.075272 20.452745 1502.112793
4461 -5.504207 20.561863 1501.706421
4462 -5.839274 21.021574 1501.860474
4463 -6.350526 21.198950 1502.200073
4464 -5.842628 21.614090 1501.837280
4465 -5.330693 21.207020 1501.511841
4466 -5.344059 21.959745 1501.528320
4467 -4.867867 21.657459 1501.215698
4468 -4.850988 22.313328 1501.264648
4469 -4.355783 21.957064 1500.922485
4470 -4.374877 21.382460 1500.915283
4471 -4.809635 21.095194 1501.196533
4472 -4.477459 20.632925 1501.049927
4473 -4.989145 20.586872 1501.374268
4474 -5.092057 20.032375 1501.569946
4475 -4.567174 20.035482 1501.238037
4476 -4.629530 19.473391 1501.462402
4477 -4.089354 19.460915 1501.115845
4478 -3.990739 20.057716 1500.868652
4479 -3.519561 19.527153 1500.716553
4480 -3.334335 20.168995 1500.424072
4481 -3.787097 20.845488 1500.597412
4482 -3.116256 20.774406 1500.188354
4483 -3.380543 21.166330 1500.321777
4484 -3.834548 21.557261 1500.589722
4485 -3.333750 21.750189 1500.295776
4486 -3.828783 22.173412 1500.630859
4487 -3.280368 22.360004 1500.329956
4488 -3.714820 22.789333 1500.676880
4489 -3.179416 22.894592 1500.381470
4490 -3.360166 23.437279 1500.662598
4491 -4.114907 23.233778 1501.044434
4492 -3.873325 23.905712 1501.160645
4493 -4.563830 23.571550 1501.434937
4494 -4.432904 24.183571 1501.624878
4495 -3.861069 24.574486 1501.487671
4496 -3.406045 24.385349 1501.112793
4497 -3.209094 24.030544 1500.816528
4498 -2.785328 24.514555 1500.802490
4499 -2.592488 23.882593 1500.368774
4500 -2.683807 23.219725 1500.173706
4501 -2.065850 23.521002 1499.895996
4502 -2.134617 22.944742 1499.756836
4503 -2.724764 22.606966 1500.038208
4504 -2.170897 22.237301 1499.634766
4505 -2.789993 21.952694 1499.980103
4506 -2.256320 21.429136 1499.622314
4507 -2.916110 21.324247 1500.031250
4508 -2.614410 20.878378 1499.860962
4509 -2.121845 20.615511 1499.570923
4510 -1.580598 21.076378 1499.208008
4511 -1.521383 20.333775 1499.225586
4512 -0.975058 20.698183 1498.863281
4513 -0.976368 21.487598 1498.855469
4514 -1.586617 21.883755 1499.239990
4515 -0.978254 22.303085 1498.935181
4516 -0.406286 21.927864 1498.568115
4517 -0.374870 21.066793 1498.512573
4518 0.094494 21.559870 1498.276123
4519 0.175727 21.028749 1498.221313
4520 0.599437 20.728123 1498.010498
4521 0.591451 21.287458 1498.013794
4522 1.093524 20.998713 1497.764038
4523 1.622714 20.782505 1497.514526
4524 1.583686 21.355539 1497.549072
4525 2.087940 21.147264 1497.321899
4526 2.071118 20.666622 1497.314575
4527 2.623664 21.455738 1497.136963
4528 2.073758 21.746769 1497.372681
4529 2.639103 22.133593 1497.209839
4530 2.003667 22.393393 1497.484131
4531 2.603846 22.895273 1497.356079
4532 1.835835 23.015316 1497.672363
4533 2.249116 23.523544 1497.642090
4534 2.957604 23.556576 1497.405640
4535 3.292691 23.107758 1497.189941
4536 3.264065 22.504869 1497.075195
4537 3.949045 22.902227 1496.982300
4538 3.658607 23.580269 1497.213867
4539 4.352913 23.562410 1497.054321
4540 4.758261 22.955402 1496.840088
4541 4.529987 22.335182 1496.764648
4542 3.865759 22.166637 1496.868530
4543 4.399262 21.725988 1496.698486
4544 3.886101 21.617498 1496.788696
4545 3.273536 21.740191 1496.959351
4546 4.277923 21.187078 1496.659180
4547 4.878018 21.229362 1496.560669
4548 5.033408 21.773888 1496.602173
4549 5.534978 21.261007 1496.473877
4550 5.745544 21.836617 1496.515991
4551 6.302452 21.209021 1496.377563
4552 6.459476 21.872335 1496.436890
4553 7.036926 21.420494 1496.318604
4554 7.023728 20.791857 1496.258423
4555 7.691073 21.088972 1496.214966
4556 7.637300 20.540745 1496.172485
4557 8.032622 21.131647 1496.184326
4558 8.458153 20.322145 1496.077515
4559 8.658218 21.415676 1496.155029
4560 8.213728 21.875719 1496.250000
4561 7.637563 21.632183 1496.278076
4562 7.702509 22.349592 1496.368164
4563 8.345987 22.466095 1496.324829
4564 8.792599 22.133564 1496.234741
4565 8.838997 22.844311 1496.352905
4566 8.112771 22.975849 1496.438965
4567 8.485855 23.543068 1496.534058
4568 9.136429 23.547529 1496.490723
4569 9.553423 22.915134 1496.322266
4570 9.766777 23.572952 1496.465942
4571 10.180844 22.932886 1496.298950
4572 10.370555 23.588449 1496.450073
4573 10.772964 22.941435 1496.285889
4574 11.357081 22.964106 1496.286377
4575 10.963737 23.603806 1496.443726
4576 11.558347 23.626595 1496.449097
4577 11.939446 23.067341 1496.315430
4578 12.530045 23.060818 1496.333618
4579 12.159059 23.641638 1496.463623
4580 12.755623 23.632046 1496.485596
4581 13.087824 23.034758 1496.361328
4582 13.510316 22.476166 1496.285522
4583 13.688168 23.130308 1496.437622
4584 14.278660 22.509110 1496.381714
4585 14.564467 21.866928 1496.306396
4586 14.875649 22.761475 1496.527832
4587 14.288942 23.240324 1496.540039
4588 14.857744 23.395454 1496.671997
4589 15.450100 22.917631 1496.675903
4590 15.519805 23.535629 1496.844604
4591 16.066820 22.972494 1496.832764
4592 16.594807 22.395697 1496.822266
4593 16.697899 23.020857 1497.014526
4594 17.232744 22.482973 1497.020996
4595 17.861412 21.977814 1497.058960
4596 17.735502 22.655907 1497.222656
4597 18.295444 22.535891 1497.365234
4598 17.925121 23.223665 1497.458618
4599 17.314459 23.094168 1497.219360
4600 17.276747 23.782202 1497.410767
4601 16.794300 23.555643 1497.190918
4602 16.199541 23.694304 1497.058350
4603 16.569572 24.133341 1497.291016
4604 16.140732 24.476442 1497.272461
4605 16.585444 24.858044 1497.526855
4606 17.266081 24.563065 1497.649658
4607 17.046618 25.134630 1497.769775
4608 17.540413 25.191959 1497.958130
4609 17.963911 24.603899 1497.909668
4610 17.862412 23.976803 1497.671509
4611 18.491974 24.120876 1497.945557
4612 18.355198 23.566452 1497.716064
4613 18.673588 23.064283 1497.664185
4614 18.931469 23.656008 1497.952881
4615 19.628296 23.645874 1498.205933
4616 19.199978 24.271391 1498.261108
4617 18.626760 24.743711 1498.203735
4618 19.181129 24.887684 1498.468384
4619 19.583805 24.701757 1498.561157
4620 19.898788 24.250280 1498.522949
4621 20.070663 24.805281 1498.798218
4622 20.555973 24.389477 1498.841064
4623 20.434826 23.744350 1498.548584
4624 21.035124 24.031179 1498.905151
4625 21.222645 23.515537 1498.782104
4626 21.406240 22.931313 1498.630005
4627 21.901171 23.246979 1498.975830
4628 21.731682 23.931152 1499.184082
4629 22.414751 23.535320 1499.358643
4630 22.471004 22.904150 1499.105591
4631 22.997297 23.099056 1499.478760
4632 22.997665 22.465952 1499.179077
4633 22.501852 22.302753 1498.858765
4634 21.993826 22.676210 1498.781616
4635 22.040550 22.184572 1498.600464
4636 21.568842 22.385199 1498.482788
4637 22.374819 21.617535 1498.509644
4638 23.132101 21.806047 1498.942993
4639 22.998230 21.127296 1498.576050
4640 23.639111 21.186192 1498.908447
4641 23.539890 20.733366 1498.651123
4642 24.058773 20.664577 1498.873657
4643 23.843901 20.175667 1498.546265
4644 24.432657 20.116381 1498.809326
4645 24.599123 20.594954 1499.126709
4646 25.001900 20.051638 1499.088135
4647 25.405693 19.507278 1499.077148
4648 25.547895 19.984661 1499.382324
4649 25.910673 19.512285 1499.397461
4650 25.830130 18.993652 1499.132446
4651 26.440807 19.012732 1499.557007
4652 27.089436 19.034138 1500.060303
4653 26.477070 19.552099 1499.807739
4654 26.952860 19.711531 1500.240356
4655 26.414995 20.094730 1500.020264
4656 26.028379 19.923653 1499.665649
4657 25.799074 20.460707 1499.784912
4658 26.385857 20.689718 1500.315918
4659 26.925400 20.276258 1500.497681
4660 26.931391 20.889267 1500.841675
4661 27.498369 20.372688 1501.019409
4662 27.319906 19.898815 1500.626953
4663 27.459854 19.408770 1500.521973
4664 27.743582 19.745106 1500.921753
4665 27.876911 19.248426 1500.824829
4666 27.734852 18.848679 1500.539307
4667 28.216917 18.856665 1500.992310
4668 28.139906 18.281912 1500.718628
4669 28.182526 19.446173 1501.197144
4670 27.421614 21.093534 1501.365479
4671 27.782471 21.399979 1501.878296
4672 27.374548 21.587572 1501.638550
4673 27.492884 21.927694 1501.972412
4674 26.963041 21.962475 1501.547852
4675 26.973932 22.598852 1502.009521
4676 26.476326 22.378962 1501.450439
4677 26.426399 22.840559 1501.738892
4678 25.997709 22.779375 1501.362061
4679 26.057690 23.250755 1501.742188
4680 26.567148 23.230112 1502.141479
4681 26.103376 23.759068 1502.154297
4682 25.602386 23.781126 1501.760986
4683 25.815332 24.271500 1502.302734
4684 26.330351 24.191952 1502.691162
4685 25.974190 24.712370 1502.798706
4686 26.446466 24.566008 1503.118286
4687 26.974417 24.091404 1503.215820
4688 26.773317 23.638254 1502.638794
4689 27.397047 23.499077 1503.114624
4690 27.197702 23.084612 1502.577271
4691 27.629414 22.486980 1502.507446
4692 27.785530 22.957653 1503.040527
4693 28.004656 21.836075 1502.384399
4694 27.962290 23.383207 1503.613037
4695 27.613396 23.767347 1503.588989
4696 27.855883 23.927795 1504.032349
4697 28.316874 23.545984 1504.207886
4698 28.183674 24.055092 1504.598511
4699 28.670431 23.570007 1504.718018
4700 28.554649 24.075451 1505.164429
4701 28.014978 24.669727 1505.096069
4702 28.471146 24.553368 1505.653687
4703 28.913712 24.070328 1505.737549
4704 28.879339 24.516186 1506.298950
4705 28.498955 24.968327 1506.249512
4706 28.879314 25.012934 1506.977295
4707 28.398901 25.503029 1506.752075
4708 28.683037 25.623707 1507.375610
4709 29.069113 25.223755 1507.597900
4710 28.990252 25.686146 1507.992798
4711 29.451220 25.069792 1508.156128
4712 29.343611 24.728769 1507.468140
4713 29.806459 24.398520 1507.942139
4714 29.980495 24.644896 1508.720337
4715 30.285175 24.001488 1508.380493
4716 30.450848 24.141048 1509.052124
4717 30.705946 23.628952 1508.749023
4718 30.617996 23.443449 1508.172485
4719 31.148960 23.123608 1508.913452
4720 30.867121 23.698366 1509.335083
4721 31.322557 23.272932 1509.770996
4722 30.966335 23.815598 1509.897095
4723 31.319666 23.528271 1510.414551
4724 31.801847 22.879393 1510.433350
4725 31.687679 22.715254 1509.601318
4726 32.184792 22.198252 1509.978760
4727 32.097656 22.072628 1509.391357
4728 31.702991 22.401785 1508.939697
4729 32.201534 21.685780 1508.877930
4730 31.790365 21.867681 1508.132568
4731 32.296467 21.116598 1508.109375
4732 32.111191 21.039499 1507.565063
4733 31.602848 21.559446 1507.213989
4734 31.961266 20.853683 1507.011353
4735 32.313736 20.582319 1507.396973
4736 32.319763 20.255859 1507.031738
4737 32.501362 20.651014 1507.900879
4738 31.264124 22.358311 1507.735718
4739 31.374516 22.585333 1508.422607
4740 30.964243 22.930855 1508.055176
4741 30.682379 22.766274 1507.136841
4742 30.603306 23.192247 1507.687134
4743 30.264139 23.301556 1507.132324
4744 30.184755 23.744791 1507.704346
4745 29.875553 23.768776 1507.084351
4746 29.644936 24.216122 1507.316406
4747 29.494011 24.081402 1506.809814
4748 29.790092 23.533075 1506.546509
4749 29.278635 24.037972 1506.337646
4750 29.252697 24.435324 1506.869995
4751 29.371923 23.573601 1505.836670
4752 29.909134 22.997328 1505.983032
4753 29.546236 23.051916 1505.432983
4754 29.043653 23.554798 1505.264282
4755 29.985313 22.584326 1505.572510
4756 30.334131 22.510286 1506.082275
4757 30.355581 22.856001 1506.614990
4758 30.730490 22.354961 1506.606445
4759 31.128551 22.188242 1507.159790
4760 32.645004 20.811882 1508.499023
4761 33.084812 20.384037 1508.947510
4762 32.718243 21.056845 1509.125610
4763 32.116962 22.736282 1511.324097
4764 31.618521 23.278360 1510.883667
4765 31.689913 23.383869 1511.568359
4766 32.030411 23.026211 1512.007813
4767 31.317564 23.963375 1511.728149
4768 31.180420 24.303762 1512.213013
4769 30.787037 24.740326 1511.511108
4770 30.865746 24.422825 1510.993774
4771 30.525578 24.983566 1510.952393
4772 30.473804 25.314091 1511.492310
4773 30.238892 25.542032 1510.957520
4774 30.204113 25.901556 1511.550049
4775 30.416758 25.599260 1511.963623
4776 30.213638 26.124601 1512.217041
4777 30.308912 26.087818 1512.911621
4778 30.544909 25.514305 1512.580078
4779 30.778259 25.014057 1512.332275
4780 30.705292 25.332554 1513.205688
4781 31.053293 24.665646 1512.914917
4782 31.158586 24.619278 1513.770874
4783 30.702166 25.425043 1513.875366
4784 30.947790 25.021664 1514.345947
4785 31.348026 24.381300 1514.696045
4786 31.766430 23.742769 1514.541626
4787 31.716589 23.808331 1515.415771
4788 32.048946 23.346750 1514.874756
4789 32.027546 23.283831 1516.216431
4790 31.503889 24.042547 1516.234619
4791 31.178635 24.629528 1515.566650
4792 31.058296 24.716955 1516.400635
4793 31.262325 24.236385 1517.040771
4794 30.865606 24.831282 1517.173706
4795 30.934488 24.515646 1517.713623
4796 31.396648 23.795225 1517.756470
4797 31.712355 23.587557 1516.950439
4798 31.857698 23.223635 1517.526489
4799 31.785746 23.103434 1518.165161
4800 32.295094 22.554493 1517.883789
4801 32.214760 22.882561 1517.024780
4802 32.743523 22.188822 1517.159668
4803 33.183113 21.753265 1516.616699
4804 33.307137 21.495869 1517.268799
4805 32.900803 21.837332 1517.864014
4806 33.453907 21.219505 1517.777832
4807 33.886124 20.802624 1517.345703
4808 33.719643 21.101881 1516.725342
4809 34.270782 20.439766 1516.752930
4810 33.998863 20.827257 1516.261841
4811 33.554295 21.368946 1516.136108
4812 34.393250 20.377626 1515.958374
4813 34.843933 19.748327 1516.603638
4814 34.966827 19.684959 1515.534180
4815 35.094685 19.482733 1516.041382
4816 35.496113 18.949251 1516.047852
4817 35.276817 19.170839 1516.643066
4818 35.645901 18.670115 1516.613892
4819 35.908722 18.394527 1515.983154
4820 36.081913 18.072447 1516.585083
4821 35.844318 18.253477 1517.279419
4822 36.202965 17.805817 1517.072754
4823 36.120502 17.771297 1517.613892
4824 36.427738 17.237310 1517.955688
4825 36.037945 17.698898 1518.187012
4826 35.701675 18.304390 1517.828857
4827 35.737823 18.057508 1518.412476
4828 35.922119 17.633915 1518.785889
4829 36.312302 17.150465 1518.572021
4830 36.114178 17.163328 1519.173706
4831 36.526367 16.666090 1518.952148
4832 36.775982 16.623465 1518.356201
4833 36.951210 16.074875 1518.989868
4834 37.256260 16.008129 1518.481567
4835 37.563370 15.938815 1518.017944
4836 37.803837 15.507187 1518.416870
4837 37.984146 15.672431 1517.865601
4838 37.508488 15.370102 1519.068237
4839 37.850788 14.816680 1519.315308
4840 37.439400 14.938962 1519.709229
4841 37.034164 15.546907 1519.610352
4842 36.625664 16.147192 1519.586304
4843 36.651104 15.716650 1520.110352
4844 36.996658 15.082551 1520.211426
4845 36.597248 15.320274 1520.652832
4846 36.511337 15.010657 1521.105103
4847 36.275295 15.568096 1521.028076
4848 36.280109 15.988419 1520.556030
4849 35.910561 16.078770 1521.286133
4850 35.947029 16.553068 1520.631592
4851 35.609737 16.753952 1521.222900
4852 35.530655 16.397963 1521.829590
4853 35.705956 15.874499 1521.949219
4854 36.090500 15.427258 1521.539307
4855 35.882992 15.173839 1522.174438
4856 35.616825 15.485746 1522.469971
4857 35.659725 14.835084 1522.848999
4858 36.127586 14.470754 1522.236206
4859 35.995159 14.190978 1522.664429
4860 36.389130 13.791636 1522.291992
4861 36.559013 14.100535 1521.783325
4862 36.803349 13.498618 1521.886719
4863 36.599274 13.167743 1522.442749
4864 36.154045 13.456728 1522.893188
4865 36.396885 12.799337 1522.999390
4866 36.757664 12.622548 1522.654419
4867 36.647873 12.231579 1523.107544
4868 37.059441 12.186728 1522.633057
4869 36.975967 11.678857 1523.184570
4870 37.479668 12.161976 1522.116089
4871 37.051491 12.831400 1522.089111
4872 37.446266 12.673693 1521.710571
4873 36.498844 11.785934 1523.627075
4874 36.250450 12.324662 1523.517334
4875 36.037560 11.898899 1524.028809
4876 35.791977 12.434270 1523.981445
4877 35.645832 11.986159 1524.370728
4878 35.797287 11.520516 1524.484497
4879 35.340298 11.761456 1524.766479
4880 35.302368 12.390233 1524.542725
4881 34.898460 11.987393 1525.095581
4882 35.035713 11.500456 1525.149414
4883 34.608746 11.602786 1525.486572
4884 34.359238 12.163410 1525.574463
4885 34.752274 12.586324 1525.068604
4886 34.303749 12.934707 1525.488525
4887 33.948288 12.691979 1525.917114
4888 33.919094 13.377534 1525.868774
4889 33.569691 13.213581 1526.291260
4890 33.376896 12.512336 1526.563721
4891 33.848980 11.988452 1526.121338
4892 33.398273 11.678749 1526.633667
4893 33.861645 11.329995 1526.241333
4894 34.200176 11.622926 1525.853149
4895 33.503643 10.896772 1526.681641
4896 32.988926 11.361597 1527.116333
4897 32.973713 10.591625 1527.267822
4898 33.410339 10.244138 1526.938354
4899 33.083294 9.862192 1527.323975
4900 33.413628 9.048982 1527.288696
4901 32.674145 9.306266 1527.805420
4902 33.024433 8.748318 1527.644897
4903 32.645752 8.427524 1527.971924
4904 32.907230 7.703247 1527.935059
4905 32.244556 7.804883 1528.311768
4906 32.395786 7.146814 1528.274658
4907 31.763935 7.396563 1528.626465
4908 31.817410 6.730956 1528.572998
4909 31.175877 6.934940 1528.954712
4910 31.201258 6.053132 1528.831055
4911 31.961246 6.133021 1528.522095
4912 32.449451 5.994441 1528.353394
4913 32.613178 6.513146 1528.242920
4914 32.968166 5.736722 1528.241089
4915 33.331467 6.167607 1528.062500
4916 33.463882 5.388136 1528.174194
4917 34.084839 5.801612 1527.924683
4918 33.946060 5.061973 1528.104126
4919 33.423275 4.748788 1528.281616
4920 33.906235 4.410951 1528.196655
4921 34.596558 5.060110 1527.915161
4922 34.372742 4.146913 1528.076416
4923 33.927711 3.817392 1528.224609
4924 33.987503 3.192472 1528.196655
4925 34.627335 3.665269 1527.986450
4926 34.936096 4.278959 1527.874512
4927 33.437477 3.429677 1528.374878
4928 33.404163 4.096194 1528.355103
4929 35.280857 4.833063 1527.709717
4930 35.370319 5.537201 1527.572510
4931 34.884506 6.010386 1527.630127
4932 35.866341 5.008854 1527.461182
4933 32.904087 5.057176 1528.357544
4934 33.085106 6.982800 1527.987305
4935 32.407177 5.356173 1528.435425
4936 32.033600 5.579849 1528.516479
4937 30.550968 6.293084 1529.223145
4938 30.553457 7.101434 1529.460815
4939 31.086332 7.746857 1529.177612
4940 30.538332 7.887084 1529.739868
4941 30.111727 7.299275 1529.939453
4942 29.856182 6.476908 1529.798828
4943 29.649843 7.156412 1530.335938
4944 29.275368 6.560118 1530.362427
4945 29.184805 6.021447 1530.135742
4946 29.492786 5.671976 1529.727173
4947 28.948381 5.450361 1530.015015
4948 29.210007 5.044995 1529.656372
4949 28.675352 4.911846 1529.934937
4950 28.474419 5.284009 1530.275024
4951 28.124371 4.861899 1530.273560
4952 28.034185 5.466850 1530.738770
4953 27.521833 4.876192 1530.694092
4954 27.723246 4.263140 1530.170288
4955 27.084543 4.375975 1530.604980
4956 26.901390 4.865219 1531.082275
4957 27.301069 5.418015 1531.270142
4958 26.595194 5.216863 1531.559814
4959 26.204668 4.845450 1531.426147
4960 26.010794 5.311672 1531.959106
4961 25.533548 4.922976 1531.754639
4962 25.726183 4.387911 1531.181030
4963 26.486965 4.362575 1530.888672
4964 26.191946 3.944238 1530.654663
4965 26.705633 3.895288 1530.433350
4966 27.231745 3.934094 1530.227051
4967 26.991638 3.496782 1530.043091
4968 27.600399 3.692856 1529.913452
4969 28.145203 3.794076 1529.713135
4970 28.392231 4.367112 1529.846802
4971 28.743292 3.882979 1529.486816
4972 28.977804 4.499173 1529.585693
4973 29.113586 3.343040 1529.219116
4974 28.484241 3.316577 1529.400146
4975 28.800047 2.891634 1529.187744
4976 28.039558 2.882076 1529.367188
4977 27.993553 3.404403 1529.606445
4978 27.438433 3.168458 1529.684692
4979 27.319744 2.664795 1529.429077
4980 26.681986 2.964377 1529.768066
4981 26.758055 2.533850 1529.438110
4982 27.198973 2.141804 1529.119507
4983 26.475748 2.165795 1529.148315
4984 26.161259 2.617126 1529.553101
4985 25.938305 2.206393 1529.140137
4986 26.254473 1.764329 1528.727295
4987 26.470224 1.409202 1528.396362
4988 25.934389 1.473820 1528.258545
4989 25.673634 1.866904 1528.666016
4990 25.325943 1.643613 1528.158936
4991 25.091484 2.062438 1528.652710
4992 24.726307 1.892422 1528.121948
4993 24.931921 1.502399 1527.602661
4994 24.328346 1.792253 1527.540649
4995 24.452381 1.410882 1526.899902
4996 23.842669 1.803409 1526.957520
4997 23.830503 1.550456 1526.380737
4998 24.309444 1.173493 1526.198730
4999 23.791616 1.330302 1525.821655
5000 24.273499 0.924297 1525.604004
5001 24.669451 0.851882 1525.972778
5002 24.732273 0.572916 1525.480225
5003 25.356377 0.189694 1525.519531
5004 24.864908 0.164680 1524.876343
5005 25.450409 -0.190260 1524.982178
5006 25.997349 -0.218821 1525.574097
5007 25.875578 -0.475528 1525.034058
5008 25.559566 -0.560924 1524.542358
5009 26.051115 -0.879978 1524.664063
5010 26.299870 -0.708249 1525.184570
5011 26.482429 -1.117895 1524.843750
5012 26.927586 -1.538680 1524.821411
5013 26.825718 -1.032639 1525.336182
5014 27.071741 -2.067101 1524.371582
5015 26.701906 -2.214782 1523.786255
5016 27.272543 -2.648910 1523.934448
5017 27.743444 -2.578103 1524.489380
5018 27.778208 -3.045328 1524.003052
5019 27.516945 -3.203910 1523.542603
5020 26.950558 -2.794940 1523.380981
5021 26.659359 -0.568331 1525.790771
5022 25.265125 -0.672506 1524.036011
5023 24.946875 -0.173498 1524.408813
5024 24.808073 -0.546024 1523.661621
5025 24.337366 0.338919 1524.517090
5026 23.707119 0.559860 1524.072876
5027 23.814955 0.762883 1524.619751
5028 23.393553 0.892082 1524.266235
5029 23.358421 1.126315 1524.702271
5030 23.798332 1.033810 1525.166260
5031 23.240860 1.451757 1525.239990
5032 22.920567 1.484234 1524.784302
5033 22.749235 1.798036 1525.206421
5034 22.461624 1.754566 1524.599731
5035 23.190628 1.777107 1525.911255
5036 22.870276 2.191060 1526.324829
5037 23.423353 1.876894 1526.509888
5038 23.272856 2.169908 1526.929321
5039 22.603319 2.632056 1526.857666
5040 23.145372 2.543041 1527.528931
5041 22.592043 2.972564 1527.574097
5042 22.054611 3.145370 1527.041870
5043 22.002611 3.434822 1527.601318
5044 21.504566 3.622600 1527.149780
5045 21.476248 3.855102 1527.662476
5046 21.042097 3.995763 1527.221191
5047 21.079607 3.762402 1526.695923
5048 20.569332 4.167170 1526.783325
5049 20.573778 4.357363 1527.327393
5050 19.981409 4.589537 1526.898315
5051 20.107115 4.302138 1526.287476
5052 20.636358 3.915043 1526.240234
5053 19.541483 4.656114 1526.293457
5054 19.400290 4.883495 1526.766357
5055 19.568411 4.942949 1527.280029
5056 19.172581 5.254774 1527.696045
5057 19.763720 4.983238 1527.799438
5058 19.669594 5.163398 1528.302246
5059 19.058283 5.481002 1528.425537
5060 18.482567 5.619695 1527.906372
5061 18.425032 5.813009 1528.692871
5062 17.819794 5.932080 1528.061279
5063 17.699966 6.113203 1528.703735
5064 17.186371 6.203157 1528.158447
5065 17.016369 6.387335 1528.745483
5066 17.484718 6.311848 1529.326660
5067 16.653202 6.604731 1529.226440
5068 17.151863 6.543483 1530.000977
5069 16.375454 6.794772 1529.882324
5070 16.646568 6.775047 1530.423096
5071 16.102457 6.949738 1530.501221
5072 15.630306 7.014365 1529.908813
5073 15.513123 7.106880 1530.529419
5074 15.814886 7.103405 1531.271362
5075 16.521519 6.879859 1530.976563
5076 16.482386 6.955066 1531.534790
5077 16.272348 7.076005 1532.079224
5078 15.578301 7.252487 1532.164917
5079 15.042502 7.296457 1531.515381
5080 14.914439 7.392820 1532.197266
5081 14.407417 7.417973 1531.604614
5082 14.320501 7.498218 1532.201294
5083 13.796236 7.516144 1531.645264
5084 13.713131 7.600243 1532.251587
5085 13.154259 7.611372 1531.683350
5086 12.985032 7.723737 1532.370239
5087 12.466131 7.708288 1531.693115
5088 12.190222 7.814641 1532.222290
5089 11.677078 7.818969 1531.691284
5090 11.603415 7.908279 1532.294678
5091 10.920671 7.978752 1532.137939
5092 10.768725 7.901443 1531.372925
5093 10.124020 8.062350 1532.044189
5094 9.972506 7.959800 1531.203613
5095 9.324817 8.066962 1531.635620
5096 9.295592 7.974922 1531.057861
5097 9.507475 7.878100 1530.431030
5098 10.260930 7.874278 1530.651855
5099 10.320384 7.797362 1529.975830
5100 10.827271 7.805919 1530.471436
5101 10.913050 7.734712 1529.785889
5102 11.455487 7.734069 1530.462280
5103 11.270434 7.806537 1531.037842
5104 11.942938 7.721224 1531.085327
5105 12.097764 7.651581 1530.485352
5106 11.672782 7.666571 1529.968506
5107 12.189997 7.592153 1529.885254
5108 11.629338 7.611915 1529.314087
5109 10.909329 7.656159 1529.063477
5110 11.343316 7.571543 1528.706177
5111 10.925694 7.569266 1528.452271
5112 11.494365 7.485207 1528.227539
5113 11.932701 7.505539 1528.720825
5114 11.038273 7.453297 1527.814819
5115 10.427632 7.530562 1528.108276
5116 10.485689 7.387321 1527.379150
5117 9.949384 7.461405 1527.798218
5118 9.779494 7.330418 1527.246216
5119 9.262383 7.411031 1527.864624
5120 9.831343 7.570708 1528.389282
5121 9.333992 7.575099 1528.611694
5122 8.644348 7.389643 1528.195190
5123 8.607955 7.210535 1527.477051
5124 9.176305 7.211037 1527.053589
5125 7.969366 7.150722 1527.792969
5126 8.031275 7.342350 1528.485474
5127 7.491134 7.107264 1528.039429
5128 7.426504 7.279335 1528.714111
5129 8.003860 7.510990 1529.178467
5130 8.644013 7.547959 1528.898315
5131 8.576912 7.683300 1529.574951
5132 7.972669 7.696422 1529.951782
5133 7.279554 7.454976 1529.439453
5134 7.165745 7.677834 1530.273071
5135 6.433848 7.535560 1530.140015
5136 6.480752 7.289169 1529.352783
5137 5.801160 7.281981 1529.660522
5138 5.590672 7.535683 1530.456787
5139 6.082144 7.709245 1530.782349
5140 5.608514 7.851537 1531.312500
5141 6.278787 7.927512 1531.355103
5142 6.115458 8.155624 1532.036499
5143 5.159768 8.114590 1532.110229
5144 5.685915 8.434535 1532.853271
5145 4.970973 8.431370 1532.963745
5146 4.285350 8.238934 1532.643433
5147 4.428293 7.861562 1531.645264
5148 5.030478 7.873160 1531.516479
5149 4.925672 7.649840 1530.963257
5150 4.105243 7.477178 1530.741089
5151 3.728605 7.697004 1531.413696
5152 3.357433 7.493869 1530.981812
5153 2.947012 7.692519 1531.621216
5154 3.672648 7.947348 1532.077026
5155 2.986478 7.967111 1532.347534
5156 2.133187 7.836513 1532.262939
5157 2.053580 7.527731 1531.398315
5158 1.278295 7.586146 1531.725220
5159 1.085650 7.813800 1532.472900
5160 0.552283 7.587875 1531.790771
5161 0.162966 7.737985 1532.289551
5162 -0.164605 7.551558 1531.596558
5163 -0.670184 7.748074 1532.156982
5164 -1.119513 7.604399 1531.407715
5165 -0.286184 7.379525 1530.962646
5166 0.571964 7.385435 1531.133423
5167 0.249289 7.183884 1530.436646
5168 1.070569 7.182889 1530.502808
5169 0.685491 6.971413 1529.816162
5170 1.592638 6.997209 1529.914185
5171 1.865249 7.236259 1530.594360
5172 1.368976 7.384087 1531.096924
5173 2.639350 7.375002 1530.837891
5174 2.527584 7.063714 1529.984985
5175 3.308677 7.257399 1530.359985
5176 3.469452 7.037914 1529.711792
5177 3.990434 7.206780 1530.049927
5178 4.835340 7.279490 1530.004150
5179 4.126089 7.007076 1529.458008
5180 4.689709 6.946848 1529.114868
5181 5.274453 7.109822 1529.375122
5182 5.822807 7.096496 1529.099731
5183 5.240607 6.905278 1528.787720
5184 5.791236 6.899858 1528.514282
5185 6.251540 7.081587 1528.830200
5186 6.795057 7.184279 1528.827148
5187 6.347179 6.942418 1528.326294
5188 6.924097 7.023201 1528.192505
5189 5.868561 6.760033 1528.028931
5190 5.233814 6.687944 1528.125244
5191 4.911063 6.442549 1527.487427
5192 4.623933 6.569014 1527.999268
5193 4.242678 6.420355 1527.652100
5194 4.078902 6.576778 1528.192749
5195 3.374292 6.380667 1527.723145
5196 3.490464 6.609795 1528.436035
5197 2.984705 6.487876 1528.139160
5198 2.919733 6.648315 1528.666382
5199 2.428861 6.485285 1528.197632
5200 2.295251 6.666840 1528.813843
5201 1.743598 6.518882 1528.343750
5202 1.716246 6.681920 1528.905396
5203 1.025218 6.614306 1528.638428
5204 1.394086 6.800225 1529.299438
5205 0.663306 6.808624 1529.266968
5206 0.233717 6.682930 1528.688354
5207 -0.038381 6.873694 1529.290649
5208 -0.394113 6.778466 1528.723999
5209 -0.227671 6.620790 1528.166382
5210 -0.856707 6.752691 1528.179077
5211 -1.129938 6.955032 1528.805298
5212 -1.496446 6.935733 1528.205444
5213 -1.264157 6.757618 1527.606812
5214 -1.825055 6.947855 1527.615723
5215 -2.241646 7.205031 1528.212646
5216 -1.916015 7.200661 1528.854736
5217 -2.675998 7.448318 1528.599854
5218 -2.911815 7.435025 1527.776245
5219 -3.376417 7.708050 1528.122437
5220 -3.553412 7.695227 1527.236328
5221 -2.848816 7.331283 1527.211670
5222 -3.020142 7.354156 1526.700928
5223 -2.444083 7.101825 1526.884277
5224 -2.348974 7.133235 1527.443604
5225 -2.021301 6.953528 1527.128174
5226 -2.003298 6.860121 1526.422363
5227 -1.635998 6.809202 1527.140381
5228 -1.351170 6.637935 1526.550903
5229 -0.821443 6.578404 1527.261841
5230 -1.641397 6.664169 1525.839355
5231 -1.529673 6.562417 1525.003418
5232 -2.118658 6.817884 1525.518921
5233 -2.212776 6.808852 1524.908447
5234 -2.697452 7.049167 1525.274292
5235 -3.292213 7.313100 1524.929199
5236 -3.228621 7.331268 1525.497192
5237 -3.852734 7.647591 1525.203125
5238 -3.787306 7.543112 1524.391602
5239 -4.198123 7.816106 1524.835205
5240 -4.578081 8.011292 1524.192871
5241 -5.042466 8.351000 1524.773438
5242 -5.337761 8.511790 1523.901001
5243 -5.735476 8.822947 1524.656006
5244 -6.038287 9.021313 1523.912842
5245 -5.844781 8.880305 1523.223267
5246 -6.316028 9.240103 1523.332031
5247 -6.359528 9.305348 1522.676636
5248 -5.849604 8.928110 1522.310913
5249 -6.378843 9.369095 1522.047974
5250 -6.036185 9.131669 1521.648193
5251 -6.504366 9.539155 1521.368896
5252 -6.832521 9.720722 1522.344482
5253 -7.239269 10.158482 1521.461792
5254 -7.413462 10.250524 1522.050781
5255 -7.801565 10.649250 1521.461182
5256 -7.485243 10.434000 1520.820923
5257 -6.908364 9.964443 1520.596191
5258 -7.480503 10.499534 1520.060913
5259 -8.007006 10.911601 1520.370117
5260 -8.105403 11.028595 1519.806641
5261 -8.458957 11.266232 1520.518188
5262 -8.832405 11.577601 1519.961304
5263 -8.615635 11.443403 1519.424194
5264 -8.195544 11.156196 1519.008179
5265 -7.614316 10.674272 1519.341919
5266 -7.473548 10.626608 1518.727173
5267 -6.971514 10.217461 1518.881470
5268 -6.967616 10.122494 1519.636475
5269 -6.405965 9.734698 1519.222900
5270 -6.281943 9.522066 1520.048340
5271 -5.818303 9.276104 1519.371582
5272 -5.467243 8.939289 1519.898193
5273 -5.105644 8.866869 1518.966309
5274 -4.914395 8.646016 1519.481934
5275 -4.721039 8.430170 1519.969849
5276 -5.098944 8.587547 1520.487061
5277 -5.807149 9.048292 1520.839844
5278 -5.074513 8.486293 1521.056641
5279 -5.441924 8.682685 1521.606201
5280 -4.803604 8.236441 1521.574341
5281 -5.100886 8.387020 1522.151123
5282 -5.349419 8.531703 1522.697021
5283 -4.855422 8.184819 1522.701416
5284 -5.276473 8.464136 1523.244995
5285 -4.745472 8.098865 1523.447510
5286 -4.301230 7.820881 1522.752808
5287 -4.058269 7.665632 1523.551758
5288 -3.539471 7.370631 1522.916626
5289 -3.878354 7.596597 1522.203247
5290 -3.458466 7.456622 1521.371948
5291 -4.173351 7.837983 1521.540527
5292 -4.524570 7.998600 1522.133911
5293 -4.510022 8.158077 1520.758545
5294 -3.856516 7.766709 1520.777100
5295 -3.920727 7.964215 1519.932983
5296 -3.315175 7.555406 1520.384277
5297 -2.794769 7.236206 1520.776367
5298 -2.708481 7.358731 1519.985718
5299 -2.219139 7.091053 1520.321899
5300 -2.479998 7.463279 1519.064331
5301 -3.198619 7.677835 1519.543091
5302 -3.121386 7.818784 1518.758911
5303 -2.709384 7.714407 1518.354614
5304 -2.050725 7.443663 1518.262329
5305 -2.623685 7.809068 1517.678833
5306 -3.436151 8.134532 1518.037720
5307 -3.151293 8.206269 1517.014893
5308 -2.710067 8.143511 1516.026733
5309 -2.250900 7.876888 1516.014038
5310 -2.460393 8.075401 1515.428589
5311 -3.057432 8.456495 1515.368530
5312 -3.484368 8.539456 1516.251465
5313 -3.787154 8.828527 1515.662598
5314 -3.647249 8.876611 1514.998291
5315 -4.366678 9.197813 1515.452637
5316 -4.085044 9.219864 1514.562134
5317 -4.700041 9.533238 1514.773804
5318 -4.972632 9.530342 1515.486816
5319 -5.358102 9.877975 1514.922363
5320 -5.584534 9.898060 1515.427124
5321 -5.977983 10.211812 1515.072632
5322 -6.050654 10.122823 1515.700684
5323 -6.537031 10.498101 1515.366821
5324 -6.531438 10.360655 1516.058716
5325 -7.126904 10.795988 1515.866699
5326 -6.724482 11.453291 1511.291870
5327 -9.263440 13.363452 1510.760864
5328 -8.360102 12.136317 1512.800659
5329 -7.750795 11.651193 1513.236084
5330 -6.829813 11.776539 1510.480591
5331 -8.927908 12.214097 1514.626587
5332 -6.919778 11.112905 1513.374146
5333 -10.047707 13.906315 1511.056519
5334 -10.992592 14.733275 1511.264038
5335 -9.807261 13.034134 1513.667480
5336 -8.347337 12.354384 1511.816528
5337 -5.744297 10.208817 1514.442139
5338 -5.472343 10.173985 1513.863037
5339 -5.100122 9.866641 1514.297363
5340 -4.862955 9.865838 1513.632935
5341 -4.480134 9.547766 1514.087646
5342 -4.229806 9.537442 1513.321045
5343 -3.954235 9.263498 1513.883667
5344 -3.698263 9.185459 1513.342041
5345 -3.476928 8.984429 1513.674072
5346 -3.291995 8.949538 1513.012939
5347 -2.806204 8.616861 1512.794678
5348 -3.148028 8.961050 1512.264160
5349 -2.582627 8.532140 1512.238770
5350 -3.654779 9.250210 1512.747192
5351 -3.703994 9.403123 1512.052246
5352 -3.822517 9.589995 1511.521484
5353 -4.459383 9.938850 1511.906738
5354 -4.276459 9.699014 1512.565552
5355 -4.981735 10.169882 1512.413086
5356 -5.016896 10.315635 1511.776489
5357 -6.473824 11.023724 1512.494141
5358 -5.670056 10.583262 1512.371826
5359 -9.704579 12.720697 1515.054443
5360 -11.410332 14.969123 1511.870239
5361 -8.346129 11.753175 1515.013672
5362 -7.836896 11.871753 1512.416748
5363 -5.720691 11.841608 1508.871704
5364 -10.024274 13.633061 1511.833496
5365 -10.416998 13.354509 1514.709106
5366 -9.413125 12.638064 1514.182495
5367 -6.820748 12.435267 1509.088013
5368 -7.570940 11.847357 1511.795776
5369 -8.551311 13.539316 1509.255249
5370 -9.666780 15.700612 1507.740234
5371 -9.273316 14.021827 1509.402710
5372 -10.770698 15.685063 1509.093262
5373 -11.197138 17.539867 1507.884766
5374 -11.741465 17.525475 1508.607788
5375 -12.025544 17.100693 1509.449463
5376 -10.450957 17.450096 1507.122070
5377 -10.662226 14.935029 1510.062378
5378 -7.824410 13.957913 1507.936768
5379 -7.526870 12.174290 1510.623169
5380 -12.335530 16.904402 1510.297607
5381 -10.547216 18.434868 1506.649414
5382 -7.833427 12.198767 1511.148315
5383 -7.003087 13.538724 1507.762207
5384 -10.197120 16.482698 1507.579346
5385 -12.262749 15.730761 1512.626099
5386 -10.823542 16.537132 1508.242432
5387 -9.751459 17.332605 1506.537476
5388 -9.159369 17.079889 1506.207275
5389 -10.295051 15.815964 1508.309448
5390 -9.017261 15.667125 1507.177002
5391 -10.897129 13.909657 1514.063354
5392 -11.630426 18.665188 1507.716553
5393 -11.272693 15.360724 1510.522827
5394 -11.400457 15.208389 1511.179199
5395 -11.173527 14.345270 1513.280396
5396 -7.599372 11.304650 1514.685059
5397 -8.961719 12.906762 1511.416870
5398 -5.257560 11.219045 1509.417358
5399 -8.729621 12.972008 1510.718994
5400 -6.280787 11.065736 1511.775513
5401 -4.972937 10.699323 1510.200562
5402 -4.896196 10.873739 1509.650146
5403 -4.384332 10.412521 1509.951782
5404 -4.591037 10.320957 1510.645752
5405 -10.549312 14.384451 1511.015015
5406 -4.828495 10.307199 1511.274414
5407 -4.226928 9.949204 1511.142090
5408 -3.987957 9.960745 1510.505615
5409 -3.673385 10.086450 1509.571289
5410 -4.311339 10.666999 1509.259644
5411 -4.639122 11.176790 1508.746948
5412 -5.088094 11.658771 1508.494873
5413 -4.751726 11.788750 1507.994873
5414 -5.351894 12.103017 1508.143921
5415 -4.976542 12.245533 1507.643799
5416 -5.541378 12.540298 1507.774536
5417 -5.938996 12.458140 1508.207397
5418 -6.101614 12.941845 1507.761963
5419 -5.582704 13.084339 1507.210815
5420 -5.160637 12.690463 1507.301147
5421 -4.973330 13.170923 1506.657104
5422 -4.646774 12.474908 1507.108398
5423 -4.282276 13.202225 1506.044312
5424 -4.765906 13.735249 1505.934448
5425 -4.191623 13.645513 1505.515259
5426 -3.753624 13.169416 1505.564453
5427 -2.425465 15.760497 1501.837646
5428 -4.594231 14.181756 1505.355469
5429 -5.188940 14.304231 1505.730103
5430 -5.366960 13.865976 1506.277466
5431 -5.741239 14.385343 1506.060669
5432 -5.647756 14.841043 1505.579590
5433 -5.037089 14.832479 1505.117310
5434 -5.567707 15.241495 1505.162354
5435 -6.095322 15.349649 1505.443848
5436 -6.238801 14.909880 1505.920532
5437 -7.586805 15.606935 1506.188110
5438 -6.469037 15.898086 1505.233521
5439 -5.837288 15.722020 1504.940918
5440 -6.797036 16.433029 1505.021973
5441 -8.712763 17.621613 1505.514771
5442 -9.491884 16.167961 1507.160156
5443 -9.698922 12.598876 1515.834229
5444 -6.808027 14.148918 1506.986450
5445 -6.156446 11.175289 1511.048950
5446 -8.892188 16.283161 1506.570435
5447 -9.457472 17.883299 1505.949951
5448 -9.709690 16.772108 1506.885254
5449 -11.591932 18.022238 1508.045166
5450 -8.762021 12.253646 1513.652954
5451 -11.102510 18.210402 1507.350586
5452 -5.544837 10.881375 1510.774536
5453 -13.128074 17.946001 1510.737793
5454 -9.058311 18.270781 1505.409058
5455 -12.026034 18.352425 1508.408325
5456 -8.601901 15.225149 1507.239258
5457 -10.902439 19.684395 1506.478394
5458 -10.396073 19.446831 1506.060791
5459 -6.340900 11.843851 1509.586670
5460 -9.865248 19.382221 1505.591675
5461 -9.453779 18.805395 1505.472046
5462 -6.934654 11.434838 1511.866577
5463 -8.911155 18.842905 1504.998169
5464 -8.486438 18.326576 1504.923584
5465 -7.948085 17.144669 1505.271362
5466 -7.966853 17.837194 1504.824463
5467 -7.944273 18.405104 1504.452148
5468 -7.453998 17.850330 1504.432007
5469 -7.479224 17.442022 1504.736328
5470 -7.184283 16.982824 1504.863647
5471 -6.999897 17.342049 1504.462646
5472 -6.922009 17.836294 1504.039307
5473 -7.463038 18.314487 1504.130005
5474 -7.143764 18.493490 1503.763794
5475 -7.773103 18.898537 1504.035278
5476 -8.401093 18.881733 1504.559937
5477 -8.314971 19.472534 1504.215942
5478 -8.768984 19.184713 1504.723511
5479 -8.794686 19.783266 1504.511108
5480 -8.260283 20.178261 1503.923584
5481 -7.739241 19.563663 1503.689941
5482 -7.589085 20.311922 1503.314209
5483 -7.223600 19.689735 1503.211670
5484 -6.982177 20.205746 1502.847168
5485 -6.678469 19.577215 1502.825684
5486 -6.817281 19.294603 1503.057373
5487 -7.280774 19.086975 1503.532349
5488 -6.761483 18.693216 1503.339478
5489 -6.578010 18.139826 1503.559570
5490 -6.262488 18.414953 1503.131592
5491 -6.433874 19.029625 1502.896729
5492 -6.016078 18.735012 1502.751343
5493 -6.441830 19.984610 1502.499512
5494 -6.665821 20.621557 1502.506958
5495 -7.175326 20.766390 1502.878174
5496 -6.851214 21.114002 1502.580078
5497 -7.236532 21.343218 1502.866089
5498 -6.736701 21.620092 1502.473022
5499 -7.199692 21.919802 1502.838379
5500 -6.720422 22.202494 1502.496582
5501 -7.098955 22.423374 1502.809692
5502 -6.701102 22.767834 1502.576050
5503 -7.231499 22.878248 1502.991455
5504 -6.736563 23.349655 1502.751587
5505 -7.293218 23.466761 1503.184692
5506 -6.722962 23.992603 1502.964844
5507 -7.353426 24.137348 1503.451172
5508 -7.911771 23.634090 1503.690674
5509 -7.912244 24.256323 1503.887939
5510 -8.419898 23.848875 1504.134033
5511 -8.321442 24.370024 1504.221802
5512 -8.782713 24.183252 1504.505005
5513 -8.989640 23.532513 1504.496338
5514 -9.435070 23.966995 1504.954346
5515 -9.545870 23.177385 1504.880371
5516 -9.928341 23.494450 1505.258545
5517 -10.094356 23.995310 1505.502563
5518 -10.403414 23.286215 1505.640503
5519 -10.039761 22.832636 1505.258545
5520 -10.549401 22.610708 1505.703369
5521 -10.966049 23.173779 1506.150391
5522 -11.084682 22.349236 1506.212646
5523 -11.370256 22.831675 1506.522461
5524 -11.402231 23.225468 1506.584473
5525 -11.270993 23.972702 1506.548096
5526 -10.681854 23.952597 1506.005249
5527 -10.930105 24.613396 1506.341675
5528 -10.391975 24.584204 1505.884644
5529 -9.648924 24.743540 1505.332764
5530 -10.051446 25.280508 1505.777710
5531 -10.603650 25.225418 1506.182495
5532 -10.312596 25.745886 1506.061279
5533 -10.757721 25.876625 1506.386353
5534 -10.312793 26.433290 1506.167236
5535 -9.848456 25.931799 1505.785156
5536 -9.604160 26.591972 1505.775757
5537 -9.284652 26.071321 1505.454224
5538 -9.497068 25.482824 1505.429321
5539 -8.971166 25.662355 1505.123901
5540 -9.158732 25.173712 1505.095459
5541 -8.984689 24.665987 1504.805054
5542 -8.677839 25.275471 1504.791748
5543 -8.469196 24.793243 1504.473145
5544 -8.064837 25.447023 1504.446899
5545 -8.378867 25.848110 1504.804932
5546 -7.872676 26.177124 1504.629517
5547 -8.410703 26.453957 1505.048706
5548 -7.983073 26.851723 1504.961182
5549 -8.527954 27.049931 1505.313843
5550 -8.978156 26.589003 1505.416748
5551 -9.242567 27.253357 1505.727783
5552 -8.582407 27.680845 1505.529419
5553 -9.114151 27.940697 1505.822021
5554 -8.580871 28.327814 1505.709229
5555 -8.066893 28.116774 1505.450195
5556 -8.114038 28.738020 1505.668091
5557 -8.611029 29.002003 1505.897095
5558 -9.141131 28.596548 1505.966553
5559 -9.207984 29.283451 1506.122803
5560 -9.770616 28.880699 1506.207153
5561 -9.857118 29.696465 1506.339722
5562 -10.364264 29.191198 1506.401978
5563 -10.325274 28.387424 1506.339600
5564 -9.643944 28.182932 1506.071289
5565 -10.080824 27.684027 1506.188232
5566 -10.692937 27.693899 1506.457153
5567 -11.023121 28.249207 1506.593384
5568 -10.870002 28.920435 1506.534912
5569 -11.541906 28.762903 1506.750366
5570 -11.593566 28.087629 1506.826782
5571 -12.192797 28.620075 1506.990967
5572 -12.082656 27.864952 1507.063354
5573 -12.616714 28.171909 1507.239502
5574 -12.877134 28.765823 1507.205566
5575 -12.697639 29.294781 1507.039429
5576 -13.231343 29.272331 1507.198730
5577 -13.621262 28.896795 1507.433228
5578 -13.057086 28.255844 1507.407959
5579 -13.627646 28.202917 1507.672241
5580 -14.396405 28.706285 1507.792480
5581 -14.193139 27.855907 1508.084839
5582 -14.785849 28.335567 1508.140381
5583 -14.875041 27.673534 1508.559204
5584 -14.424861 27.145893 1508.570190
5585 -15.027977 27.054157 1509.041504
5586 -14.612987 26.511221 1509.052612
5587 -14.006591 26.548159 1508.562012
5588 -14.190029 25.947950 1508.981689
5589 -14.697772 25.896637 1509.485596
5590 -14.356188 25.354898 1509.423828
5591 -14.841151 25.407885 1509.945313
5592 -14.535161 24.803699 1509.925415
5593 -14.989712 24.892311 1510.505981
5594 -14.602422 24.234695 1510.347900
5595 -14.928941 24.218496 1510.911743
5596 -15.272885 24.665501 1511.135498
5597 -15.527541 25.198179 1511.023926
5598 -15.326229 25.583830 1510.399292
5599 -15.940351 25.867802 1510.875000
5600 -15.637355 26.096682 1510.302979
5601 -15.197928 25.995626 1509.926147
5602 -15.642531 26.534210 1509.928223
5603 -15.115620 26.504789 1509.480469
5604 -15.594227 27.035984 1509.477539
5605 -16.193041 27.110224 1509.883423
5606 -16.080744 27.519421 1509.437622
5607 -16.658953 27.455957 1509.908569
5608 -16.622129 26.950298 1510.402222
5609 -17.139025 27.361525 1510.379761
5610 -17.142155 26.891544 1510.942627
5611 -16.582329 26.440306 1510.943848
5612 -17.134541 26.450397 1511.519409
5613 -17.712523 26.882824 1511.502930
5614 -17.709530 26.485474 1512.105835
5615 -18.286951 26.901270 1512.059448
5616 -18.255951 26.495676 1512.733276
5617 -18.882956 26.955935 1512.619629
5618 -18.875694 26.623341 1513.275635
5619 -19.439541 27.034767 1513.145630
5620 -19.454424 27.412155 1512.452637
5621 -18.883116 27.359200 1511.935547
5622 -19.442005 27.827606 1511.768066
5623 -18.849182 27.793282 1511.255127
5624 -19.433475 28.281845 1511.088745
5625 -18.754553 28.260019 1510.538452
5626 -18.235535 27.736900 1510.806763
5627 -18.288223 27.323332 1511.417480
5628 -17.701347 27.314079 1510.906006
5629 -17.670858 27.729198 1510.368774
5630 -17.158651 27.842682 1509.871460
5631 -17.732075 28.176947 1509.899414
5632 -18.126007 28.050402 1510.325317
5633 -18.308634 28.456627 1509.963257
5634 -17.890446 28.603584 1509.529907
5635 -17.223427 28.468504 1509.282959
5636 -17.806543 28.999992 1509.062134
5637 -17.095264 29.019985 1508.704956
5638 -16.534040 28.522251 1508.862427
5639 -16.579697 27.951448 1509.386353
5640 -16.006468 28.047575 1508.961304
5641 -15.487324 27.538971 1509.025391
5642 -15.416871 28.165503 1508.553223
5643 -15.937015 28.623999 1508.494385
5644 -15.418247 28.641706 1508.251221
5645 -15.121646 28.985592 1507.932739
5646 -15.842075 29.233006 1508.044312
5647 -15.409452 29.646145 1507.670410
5648 -14.879536 29.337416 1507.672729
5649 -14.940308 29.980999 1507.401855
5650 -14.327503 29.462328 1507.457764
5651 -14.331764 30.175085 1507.206543
5652 -13.738993 29.655397 1507.234009
5653 -13.767271 30.339575 1507.059570
5654 -13.197557 29.815062 1507.065308
5655 -13.193368 30.474371 1506.938965
5656 -12.627682 29.920433 1506.918945
5657 -12.094652 29.336275 1506.862427
5658 -11.999310 30.049145 1506.775024
5659 -11.474920 29.423042 1506.692383
5660 -11.325507 29.950495 1506.643799
5661 -10.887441 29.598072 1506.547607
5662 -10.456823 29.837217 1506.472656
5663 -10.878057 30.331055 1506.580933
5664 -10.288616 30.404718 1506.510376
5665 -9.691006 30.441095 1506.440186
5666 -10.118412 31.005030 1506.588867
5667 -10.780537 31.115183 1506.646606
5668 -10.438448 31.540104 1506.703735
5669 -9.955960 31.603130 1506.721558
5670 -9.555592 31.070065 1506.574829
5671 -9.368119 31.671947 1506.757080
5672 -8.997519 31.098465 1506.561523
5673 -9.218949 30.585655 1506.421875
5674 -9.203536 30.010340 1506.277344
5675 -8.667583 30.399382 1506.303223
5676 -8.634946 29.677149 1506.084839
5677 -8.098684 30.051889 1506.098877
5678 -8.061479 29.422262 1505.873657
5679 -7.467231 29.890524 1505.907715
5680 -7.619280 30.343365 1506.128296
5681 -7.074839 30.385424 1506.051270
5682 -7.401604 30.839800 1506.329590
5683 -6.747287 31.011551 1506.341064
5684 -6.357291 30.564239 1506.007324
5685 -6.771162 29.792374 1505.695679
5686 -5.776450 30.160973 1505.638184
5687 -6.170100 29.450739 1505.362427
5688 -6.862644 29.056675 1505.389648
5689 -7.498877 29.215000 1505.646118
5690 -7.499026 28.591915 1505.409668
5691 -6.901653 28.407148 1505.119873
5692 -6.290054 28.820148 1505.092773
5693 -6.305148 28.174492 1504.787109
5694 -6.872635 27.811752 1504.843384
5695 -6.311796 27.648640 1504.530640
5696 -6.769668 27.353609 1504.586548
5697 -7.360921 27.245983 1504.811890
5698 -6.856284 26.896526 1504.410034
5699 -7.382155 26.590876 1504.535767
5700 -8.026959 27.475832 1505.213989
5701 -7.485811 27.953228 1505.158081
5702 -6.894243 26.245777 1504.112915
5703 -7.442557 25.890894 1504.253662
5704 -7.000918 25.389418 1503.758301
5705 -7.581356 25.249899 1504.054810
5706 -7.968801 24.807825 1504.131104
5707 -7.452717 24.760067 1503.763428
5708 -6.861681 24.719086 1503.361938
5709 -6.302770 25.258291 1503.280762
5710 -6.187224 24.629272 1502.898315
5711 -6.177907 23.897274 1502.567505
5712 -5.593646 24.493916 1502.470215
5713 -5.543839 23.718195 1502.090820
5714 -6.239745 23.168070 1502.353394
5715 -5.694669 23.008135 1501.946289
5716 -5.156137 23.277815 1501.689575
5717 -5.275360 22.622486 1501.584229
5718 -5.797750 22.280256 1501.859375
5719 -6.251800 22.524427 1502.208130
5720 -6.294447 21.917004 1502.161133
5721 -4.739966 22.937126 1501.331177
5722 -4.930427 23.821943 1501.758057
5723 -4.377033 22.592539 1501.028687
5724 -4.961466 24.356907 1502.023926
5725 -4.380829 24.814875 1501.928955
5726 -4.980834 25.098040 1502.435791
5727 -5.691425 25.141275 1502.866211
5728 -5.263062 25.580317 1502.873291
5729 -4.753046 25.766321 1502.708374
5730 -4.274328 25.448193 1502.246948
5731 -4.159709 26.053366 1502.571411
5732 -3.648051 25.790218 1502.116089
5733 -3.764495 25.177963 1501.786621
5734 -3.148540 25.521460 1501.648560
5735 -3.275590 24.901009 1501.327026
5736 -2.661891 25.218311 1501.154663
5737 -2.185036 24.910925 1500.663330
5738 -2.083495 24.474430 1500.345337
5739 -1.646156 24.937902 1500.345703
5740 -1.404468 24.604462 1499.996582
5741 -1.819581 24.059603 1499.970703
5742 -1.192918 24.164419 1499.635986
5743 -1.545027 23.727690 1499.656372
5744 -1.568916 23.252302 1499.501953
5745 -1.061838 23.666412 1499.341064
5746 -0.979918 23.037834 1499.090576
5747 -1.573623 22.616371 1499.340820
5748 -0.359999 22.760721 1498.673828
5749 -0.535101 23.549225 1498.992188
5750 0.019108 23.371586 1498.629639
5751 0.054076 23.929893 1498.811279
5752 0.618395 23.652084 1498.409546
5753 0.519963 24.263990 1498.707275
5754 1.148315 24.180119 1498.354004
5755 1.276734 23.697733 1498.107788
5756 1.111756 23.138329 1498.018677
5757 0.368885 22.961067 1498.336182
5758 0.769550 22.518288 1498.048096
5759 1.359659 22.533401 1497.778198
5760 1.051698 22.102947 1497.854492
5761 0.594353 21.890694 1498.049316
5762 0.160337 22.268970 1498.311157
5763 1.067846 21.586178 1497.798462
5764 1.529936 21.946106 1497.620972
5765 1.673875 23.495720 1497.866577
5766 1.828101 24.017593 1497.979492
5767 2.597691 24.086658 1497.702637
5768 2.254313 24.524000 1498.016846
5769 2.959332 24.740768 1497.852661
5770 3.318035 24.123650 1497.479614
5771 3.986343 24.134745 1497.306274
5772 3.700037 24.670122 1497.587891
5773 4.316037 24.690659 1497.440674
5774 4.667664 24.171337 1497.174072
5775 5.171993 23.582478 1496.918213
5776 5.350315 24.301979 1497.099976
5777 5.909086 23.906874 1496.899780
5778 5.906137 23.219007 1496.730957
5779 5.383970 22.919176 1496.738403
5780 5.232267 22.387932 1496.664185
5781 5.957791 22.487133 1496.586060
5782 6.494349 22.874454 1496.590454
5783 6.611766 22.348068 1496.487305
5784 7.079807 22.025089 1496.387939
5785 7.041461 22.603722 1496.480469
5786 7.460546 23.006840 1496.508789
5787 7.781911 23.610008 1496.610962
5788 7.194958 23.426739 1496.626831
5789 7.171535 23.961189 1496.764526
5790 6.578689 23.533560 1496.720459
5791 6.932958 23.084204 1496.581299
5792 6.561809 24.250990 1496.917969
5793 7.197049 24.626535 1496.969116
5794 7.777439 24.284792 1496.799194
5795 7.853934 24.928242 1497.015137
5796 8.360285 24.543549 1496.835693
5797 8.243166 24.073122 1496.695801
5798 8.764892 24.136871 1496.677124
5799 8.961519 24.663956 1496.838135
5800 9.366868 24.185459 1496.658569
5801 9.567291 24.731569 1496.833740
5802 9.970427 24.218809 1496.645386
5803 10.174539 24.783785 1496.833618
5804 10.570014 24.251019 1496.641113
5805 11.174829 24.273819 1496.642212
5806 10.790069 24.873154 1496.856079
5807 11.419971 24.890224 1496.859741
5808 11.787882 24.261538 1496.641113
5809 12.418161 24.238834 1496.649292
5810 12.078053 24.863140 1496.856812
5811 12.686646 24.863455 1496.876221
5812 13.117746 24.184164 1496.668701
5813 13.266795 23.560354 1496.501831
5814 13.722182 23.743063 1496.594360
5815 14.277249 23.907278 1496.710815
5816 13.791551 24.392618 1496.795044
5817 14.461788 24.556530 1496.936157
5818 14.966991 24.058538 1496.870605
5819 15.122493 24.686560 1497.096191
5820 15.605302 24.206627 1497.051636
5821 15.662268 24.759151 1497.240112
5822 16.038599 25.182501 1497.484497
5823 15.342968 25.209562 1497.327148
5824 15.640348 25.695229 1497.586426
5825 16.420919 25.610298 1497.754761
5826 15.908661 26.224926 1497.886597
5827 15.165314 26.160587 1497.695190
5828 14.891472 25.678080 1497.427246
5829 14.423376 26.125769 1497.558350
5830 14.674582 26.654097 1497.864868
5831 15.418884 26.712238 1498.026611
5832 14.941605 27.137335 1498.185181
5833 15.690657 27.307779 1498.429077
5834 16.179823 26.789417 1498.240112
5835 16.590075 26.286997 1498.097046
5836 16.812963 26.878984 1498.458618
5837 17.203421 26.411501 1498.341431
5838 17.081984 25.748760 1498.013794
5839 17.735851 25.857607 1498.279663
5840 18.193611 25.300640 1498.234375
5841 18.399897 25.948137 1498.561523
5842 18.862944 25.458925 1498.550659
5843 18.982794 26.063789 1498.842896
5844 19.507311 25.760765 1498.937256
5845 19.550661 25.163378 1498.718872
5846 20.095509 25.372343 1499.034912
5847 20.648438 24.955885 1499.110107
5848 20.654261 25.568735 1499.386841
5849 20.057255 25.992996 1499.293945
5850 20.586161 26.144819 1499.645142
5851 21.261803 25.711464 1499.789551
5852 21.046036 26.373976 1500.054077
5853 21.676767 25.987663 1500.219482
5854 21.940836 25.477173 1500.070923
5855 21.848768 25.129993 1499.816040
5856 21.253986 25.079487 1499.459839
5857 21.823471 24.610041 1499.537354
5858 21.176376 24.509996 1499.166016
5859 22.356491 24.127127 1499.602783
5860 22.341745 24.698576 1499.884033
5861 22.843813 24.297152 1499.989746
5862 22.950186 23.723219 1499.758179
5863 23.460300 23.899841 1500.190552
5864 23.538486 23.207170 1499.864624
5865 24.090176 23.314581 1500.300171
5866 24.123028 22.696468 1499.966919
5867 24.776913 22.827648 1500.494629
5868 24.687365 22.173542 1500.038086
5869 24.026604 22.102009 1499.580933
5870 24.468369 21.621834 1499.587769
5871 23.830225 21.655020 1499.236694
5872 24.236395 21.127722 1499.194580
5873 24.832537 21.070810 1499.507080
5874 25.187975 20.534010 1499.436768
5875 25.351936 20.954473 1499.764160
5876 25.807447 21.107092 1500.150635
5877 25.191816 21.565197 1500.010132
5878 25.844959 21.719929 1500.547729
5879 26.398100 21.306757 1500.687378
5880 26.449089 21.844360 1501.067261
5881 26.895849 21.528906 1501.206543
5882 25.946741 22.251953 1500.965088
5883 25.329166 22.207256 1500.494507
5884 25.466398 22.744432 1500.940674
5885 25.585958 23.214720 1501.348755
5886 25.096254 23.209669 1500.973267
5887 25.242167 23.612732 1501.356445
5888 25.068481 24.024336 1501.504639
5889 25.240288 24.442881 1501.948364
5890 24.559441 24.547106 1501.458496
5891 24.812143 24.986700 1502.000732
5892 25.427427 24.826529 1502.404907
5893 25.071745 25.297787 1502.477173
5894 24.509447 25.451012 1502.111694
5895 24.044765 25.311308 1501.597656
5896 24.017523 25.830177 1502.003296
5897 23.475578 25.847225 1501.543701
5898 23.489416 26.304556 1501.960815
5899 22.989174 26.246185 1501.464233
5900 22.880095 26.833483 1501.913574
5901 22.429398 26.597960 1501.286987
5902 22.202650 27.171680 1501.620239
5903 21.800180 26.957317 1501.063354
5904 21.676899 27.441256 1501.398193
5905 21.137136 27.412998 1500.905151
5906 21.425007 26.668802 1500.524170
5907 20.827530 26.996866 1500.335327
5908 20.475712 26.711494 1499.912720
5909 20.326897 27.168653 1500.123291
5910 20.424738 27.591673 1500.504395
5911 19.833586 27.489012 1500.041870
5912 19.909143 28.091427 1500.550781
5913 20.566320 28.132051 1501.077759
5914 19.940033 28.589870 1501.013916
5915 20.357050 28.658714 1501.410278
5916 19.930532 29.044828 1501.454346
5917 20.431646 29.034182 1501.865479
5918 19.975815 29.463171 1501.942749
5919 20.522196 29.445831 1502.408203
5920 21.003668 28.971363 1502.333618
5921 20.828022 28.509840 1501.673950
5922 21.401840 28.375519 1502.080566
5923 21.247509 27.954422 1501.502319
5924 21.874187 27.821693 1501.962646
5925 21.815495 28.294689 1502.399658
5926 22.219702 27.933502 1502.411133
5927 22.477848 27.468460 1502.175781
5928 22.667648 27.791628 1502.686279
5929 23.043829 27.295650 1502.524292
5930 23.510551 26.800138 1502.451294
5931 23.537327 27.300386 1502.970215
5932 24.051851 26.817244 1502.945923
5933 24.044592 26.298941 1502.447876
5934 24.580202 26.298849 1502.922485
5935 24.569080 25.815115 1502.475220
5936 25.130058 25.753994 1502.924072
5937 25.128471 26.283665 1503.408691
5938 25.649292 25.775822 1503.433960
5939 25.621986 25.193480 1502.884521
5940 26.174103 25.147633 1503.373413
5941 26.103296 25.777073 1503.899658
5942 26.590662 25.311771 1503.972046
5943 26.781658 24.721708 1503.602295
5944 27.131636 24.886559 1504.163818
5945 27.349573 24.305752 1503.820435
5946 27.679543 24.469547 1504.395508
5947 27.469078 25.049292 1504.774902
5948 27.645275 25.335806 1505.361084
5949 28.079910 25.077904 1505.705322
5950 27.773993 25.670326 1505.949463
5951 28.138870 25.426527 1506.231812
5952 27.976999 25.914865 1506.537109
5953 28.254166 26.061483 1507.130005
5954 27.841736 26.471872 1506.900635
5955 28.154230 26.639154 1507.518433
5956 28.575424 26.173819 1507.762695
5957 28.488916 26.767488 1508.146484
5958 28.892939 26.240496 1508.374146
5959 28.826921 26.840582 1508.780273
5960 29.208117 26.281330 1509.018799
5961 29.287395 25.691601 1508.575684
5962 29.575510 25.688435 1509.195557
5963 29.643618 25.224304 1508.773804
5964 29.939302 25.082050 1509.284424
5965 29.893583 25.528645 1509.799316
5966 30.255117 24.897570 1509.859497
5967 30.306862 24.542458 1509.385986
5968 30.596659 24.366451 1509.907104
5969 30.571432 24.662189 1510.433350
5970 30.963171 24.072676 1510.493164
5971 30.607008 24.142427 1509.489258
5972 31.287224 23.805742 1511.069336
5973 30.236116 25.223257 1510.366577
5974 29.876547 25.940001 1510.320801
5975 29.928705 26.282286 1511.028076
5976 29.573132 26.818247 1510.501831
5977 29.666368 27.035786 1511.167969
5978 29.940464 26.581894 1511.662842
5979 29.684996 27.308542 1511.818481
5980 29.916519 26.838930 1512.177856
5981 30.016109 26.721987 1512.680664
5982 29.715992 27.430170 1512.480469
5983 29.769306 27.394369 1513.162964
5984 30.098574 26.617779 1513.304443
5985 30.368063 26.052061 1513.546509
5986 30.193096 26.441278 1513.772827
5987 29.953764 26.975689 1513.784058
5988 30.096724 26.650570 1514.266235
5989 30.351805 26.123793 1514.167236
5990 30.211802 26.388491 1514.855225
5991 30.586813 25.675928 1514.616089
5992 30.485950 25.834410 1515.342285
5993 30.892330 25.128483 1515.030273
5994 30.723917 25.370022 1515.784912
5995 30.380592 25.929180 1516.110229
5996 30.664396 25.399899 1516.270996
5997 30.772120 25.126598 1516.690430
5998 30.455610 25.656610 1516.748901
5999 30.588469 25.324352 1517.090942
6000 30.569675 25.179701 1517.565674
6001 30.263210 25.826754 1517.279175
6002 30.201025 25.632593 1517.988281
6003 29.873775 26.354866 1517.739136
6004 29.813253 26.129475 1518.415527
6005 30.112236 25.434671 1518.639648
6006 30.538879 24.943092 1518.190796
6007 30.467571 24.649143 1518.932007
6008 30.933716 24.235851 1518.333374
6009 30.897621 23.931051 1519.036621
6010 31.378405 23.454218 1518.636841
6011 31.407085 23.086351 1519.373413
6012 31.944067 22.660986 1518.817871
6013 31.923082 22.386946 1519.590332
6014 31.590351 22.539816 1520.157715
6015 32.313309 21.754158 1520.156006
6016 31.933046 22.094055 1520.348389
6017 32.133827 21.729883 1520.768066
6018 32.510895 21.403635 1520.564819
6019 32.422085 21.296827 1521.149658
6020 32.883762 20.941601 1520.764648
6021 32.664337 20.938360 1521.447266
6022 33.051460 20.564472 1521.315552
6023 32.668415 20.698174 1522.111816
6024 32.254047 21.242750 1521.841309
6025 32.142883 21.153841 1522.473999
6026 32.473396 20.651264 1522.833496
6027 32.947124 20.194691 1522.576050
6028 33.200447 20.156757 1521.944214
6029 33.331444 19.807322 1522.379761
6030 33.590206 19.677973 1521.945801
6031 33.530758 19.994297 1521.373535
6032 33.911472 19.493885 1521.422485
6033 33.910919 19.773281 1520.751221
6034 33.455467 20.365952 1520.620728
6035 33.902645 20.025137 1520.102051
6036 33.568802 20.499722 1519.863525
6037 33.198170 20.811949 1520.161499
6038 33.236012 20.970158 1519.560059
6039 33.611286 20.649452 1519.244629
6040 33.885826 20.224918 1519.572632
6041 34.173126 20.002239 1519.169678
6042 33.772110 20.640245 1518.630615
6043 33.304375 21.067104 1519.003784
6044 33.236141 21.309940 1518.419434
6045 33.867245 20.695183 1517.968872
6046 34.267399 20.143911 1518.250000
6047 34.444283 20.112408 1517.420898
6048 34.764038 19.622732 1517.789429
6049 35.043262 19.382986 1517.204590
6050 35.467461 18.787231 1517.270142
6051 35.253098 18.956308 1517.790894
6052 35.415245 18.538589 1518.400757
6053 35.059719 19.054773 1518.389282
6054 34.635471 19.618158 1518.450562
6055 34.863667 19.136198 1518.988892
6056 35.204243 18.633078 1519.009521
6057 34.966503 18.735338 1519.659546
6058 35.347275 18.185539 1519.569580
6059 35.541763 18.139732 1518.965942
6060 35.735802 17.656307 1519.378906
6061 35.544720 17.627098 1520.057739
6062 35.919376 17.216362 1519.663818
6063 36.241962 16.734198 1519.595581
6064 35.933815 16.941629 1520.094727
6065 36.279671 16.351238 1520.089844
6066 35.586857 17.201277 1520.657349
6067 35.193314 17.857557 1520.731079
6068 35.087578 18.269484 1520.283081
6069 34.792744 18.457489 1520.868286
6070 34.868710 18.099943 1521.290405
6071 35.249519 17.420563 1521.271851
6072 34.928532 17.636038 1521.839722
6073 35.259815 17.025795 1521.776489
6074 34.926926 17.211006 1522.383667
6075 34.588860 17.829420 1522.451294
6076 34.573685 17.405888 1522.983398
6077 34.868073 16.769438 1522.974731
6078 35.211658 16.608656 1522.360596
6079 35.107460 16.189245 1522.973633
6080 35.432747 16.024620 1522.414185
6081 35.334045 15.587453 1522.969360
6082 34.990250 15.711863 1523.555664
6083 34.753597 16.394930 1523.526001
6084 34.651939 16.061567 1523.950073
6085 34.412651 16.576588 1524.025757
6086 34.384029 16.051453 1524.415405
6087 34.074894 16.644281 1524.552979
6088 34.006306 16.045477 1525.011230
6089 34.344036 15.470061 1524.777588
6090 34.672787 15.556044 1524.210449
6091 34.704720 14.877973 1524.472168
6092 35.046829 15.043727 1523.838257
6093 35.280735 15.144053 1523.364136
6094 35.390892 14.540912 1523.503906
6095 35.722672 14.020607 1523.227661
6096 35.467743 13.981624 1523.656616
6097 35.751202 13.508178 1523.467407
6098 35.996616 12.904802 1523.464355
6099 35.548752 12.975945 1524.007202
6100 35.076733 13.073857 1524.555542
6101 34.582573 13.245776 1525.107300
6102 34.912514 13.684709 1524.577637
6103 35.325237 13.591372 1524.039917
6104 35.127048 14.272183 1524.058594
6105 34.640923 14.269533 1524.777832
6106 34.527096 13.805424 1525.052612
6107 34.239891 14.254653 1525.327148
6108 34.228828 13.542840 1525.477173
6109 33.901070 14.013343 1525.804321
6110 33.543167 13.709829 1526.277954
6111 33.489586 14.332419 1526.266846
6112 33.861752 14.727104 1525.713013
6113 33.389729 14.935895 1526.279053
6114 33.604679 15.308426 1525.890381
6115 33.958675 15.401412 1525.370483
6116 34.303761 14.853159 1525.075195
6117 33.526630 15.996199 1525.730469
6118 33.235554 15.517614 1526.322388
6119 33.011578 16.152927 1526.396973
6120 32.839825 15.597836 1526.852295
6121 33.036922 15.127844 1526.701782
6122 33.027683 14.631052 1526.811523
6123 32.704376 14.919962 1527.206055
6124 32.757679 14.231151 1527.218018
6125 33.149612 13.916826 1526.739990
6126 32.746567 13.502627 1527.270630
6127 33.217045 13.297434 1526.698975
6128 32.857025 12.762513 1527.153442
6129 32.895088 12.059003 1527.147095
6130 32.502445 12.369253 1527.608887
6131 32.527309 11.685225 1527.613770
6132 32.615429 10.972951 1527.585327
6133 32.188934 10.929501 1528.095581
6134 32.494644 10.212265 1527.828247
6135 31.991953 10.358161 1528.380859
6136 32.064041 9.711538 1528.345703
6137 31.627562 10.072832 1528.849365
6138 31.605629 9.317104 1528.859741
6139 32.107471 9.014902 1528.348755
6140 32.062710 8.372281 1528.418335
6141 31.605080 8.683543 1528.829346
6142 31.604651 8.014061 1528.775513
6143 31.132624 8.316631 1529.249512
6144 31.199848 8.956902 1529.288452
6145 30.748875 8.603272 1529.739868
6146 30.829288 9.242903 1529.806152
6147 30.495640 8.906057 1530.157227
6148 30.269562 8.410239 1530.255371
6149 29.963276 7.792119 1530.334473
6150 29.785446 8.403238 1530.894653
6151 30.166113 8.953753 1530.640503
6152 29.857840 9.142836 1531.214600
6153 30.170334 9.464303 1530.866089
6154 30.000511 9.823433 1531.350464
6155 30.361711 9.955475 1530.741821
6156 30.198374 10.453595 1531.284424
6157 30.543135 10.579857 1530.621582
6158 30.392908 11.046023 1531.127930
6159 30.121960 10.989553 1531.804199
6160 29.824820 10.292998 1532.049927
6161 29.886938 10.963395 1532.510620
6162 29.572422 10.449259 1532.911377
6163 29.322468 9.603827 1532.603516
6164 29.619751 9.449592 1531.838745
6165 29.224821 8.889754 1532.109619
6166 29.478544 8.717429 1531.550415
6167 29.099575 8.241224 1531.764893
6168 29.373777 8.152980 1531.306885
6169 29.472790 7.697797 1530.870361
6170 29.047869 7.665599 1531.379272
6171 29.140495 7.135679 1530.879761
6172 28.672146 7.155419 1531.430054
6173 28.701473 7.713719 1531.870972
6174 28.764362 8.264431 1532.294312
6175 28.311684 7.729331 1532.409668
6176 28.225491 7.156803 1531.951782
6177 27.776787 7.186654 1532.503662
6178 27.673420 6.544320 1531.958008
6179 27.204922 6.729951 1532.611206
6180 27.422333 7.282053 1533.029419
6181 27.951363 7.728631 1532.901367
6182 27.646364 7.745847 1533.346436
6183 27.186325 7.465699 1533.559204
6184 26.867491 6.941971 1533.194580
6185 26.651678 7.183592 1533.752686
6186 26.350985 6.724360 1533.377319
6187 26.448957 6.322053 1532.794922
6188 26.982815 6.145470 1532.183472
6189 26.449718 5.737471 1532.147339
6190 26.913010 5.663092 1531.763550
6191 27.328102 5.948591 1531.708496
6192 27.812561 5.999935 1531.337769
6193 28.380373 6.099201 1530.901733
6194 28.236860 6.597428 1531.438965
6195 28.757467 6.624981 1530.924805
6196 28.850273 6.212286 1530.546387
6197 28.684431 5.758707 1530.399902
6198 25.818922 5.823339 1532.609863
6199 25.784571 6.378294 1533.319092
6200 25.284777 5.998037 1533.084717
6201 25.046711 6.304997 1533.618652
6202 24.726820 5.899989 1533.155762
6203 25.103315 5.605855 1532.656250
6204 24.433867 5.526213 1532.705200
6205 24.833199 5.112981 1532.125610
6206 25.472521 5.337454 1532.216309
6207 24.985727 4.610129 1531.540527
6208 24.297644 4.790488 1531.766602
6209 24.486801 4.351367 1531.250732
6210 23.798821 4.557410 1531.373291
6211 23.626558 4.954229 1531.890869
6212 23.148294 4.754443 1531.414795
6213 23.055334 5.129320 1531.991211
6214 23.500763 5.321694 1532.413208
6215 22.970503 5.485463 1532.565674
6216 23.415628 5.659981 1532.936401
6217 22.833878 5.824946 1533.135376
6218 22.387245 5.662446 1532.701538
6219 22.202717 5.982719 1533.279175
6220 21.787268 5.836206 1532.806274
6221 21.665222 6.073570 1533.289063
6222 21.240492 6.005618 1532.925659
6223 21.194117 6.228529 1533.466064
6224 20.802591 6.150163 1533.058350
6225 20.574451 6.359366 1533.521973
6226 20.264767 6.225677 1532.940063
6227 20.700974 5.995262 1532.563110
6228 19.975763 6.066622 1532.204590
6229 19.454603 6.378903 1532.837036
6230 19.155701 6.261802 1532.107422
6231 19.452463 6.035073 1531.554077
6232 20.113163 5.805362 1531.461670
6233 20.687187 5.770973 1531.908569
6234 20.730410 5.534986 1531.255249
6235 21.313877 5.495810 1531.693970
6236 21.279818 5.768800 1532.356689
6237 21.895525 5.542683 1532.216309
6238 21.930578 5.242555 1531.584717
6239 22.563461 5.321987 1532.126343
6240 22.616259 4.952101 1531.465576
6241 22.107607 4.907624 1530.998779
6242 22.753778 4.631188 1530.970825
6243 22.312201 4.546791 1530.433716
6244 22.943798 4.260530 1530.458618
6245 23.354691 4.380430 1530.931519
6246 23.525131 4.003376 1530.457275
6247 23.041601 3.916870 1529.950317
6248 23.613045 3.610848 1529.927856
6249 23.059364 3.588709 1529.396118
6250 22.500135 3.941109 1529.417236
6251 22.520222 3.635303 1528.831543
6252 21.923559 4.024150 1528.809937
6253 21.877737 4.299022 1529.376099
6254 21.494104 4.328736 1528.878418
6255 21.427650 4.538910 1529.324585
6256 20.903831 4.608540 1528.674683
6257 21.346012 4.199064 1528.299438
6258 20.698822 4.494066 1527.964355
6259 20.208544 4.855031 1528.200928
6260 20.188101 5.042639 1528.823730
6261 19.534227 5.377266 1528.915649
6262 20.032433 5.308677 1529.545532
6263 19.352636 5.600578 1529.543701
6264 19.022810 5.620275 1528.993042
6265 18.732199 5.830342 1529.426636
6266 18.117405 6.059344 1529.315796
6267 18.453245 6.021199 1529.840332
6268 17.915016 6.245842 1529.929565
6269 18.400240 6.147645 1530.417480
6270 17.779829 6.402055 1530.581177
6271 17.132301 6.655279 1530.749878
6272 17.658325 6.541756 1531.195923
6273 18.302805 6.299531 1531.054199
6274 18.152338 6.454554 1531.624146
6275 17.529619 6.676454 1531.787354
6276 17.030684 6.769979 1531.363525
6277 16.895905 6.892999 1531.973267
6278 17.447964 6.799179 1532.387817
6279 16.805119 7.008415 1532.593872
6280 16.104734 7.230999 1532.898926
6281 16.824354 7.118094 1533.290527
6282 16.378973 7.274570 1533.556152
6283 15.861383 7.399423 1533.567627
6284 15.320592 7.413940 1532.940918
6285 15.187899 7.579474 1533.720825
6286 15.641552 7.577071 1534.212646
6287 16.264296 7.400387 1534.069702
6288 16.123014 7.556018 1534.651611
6289 16.738750 7.381895 1534.526733
6290 16.687027 7.531947 1535.153198
6291 16.056639 7.706942 1535.252441
6292 16.666576 7.663820 1535.712646
6293 16.105568 7.828382 1535.829712
6294 16.657253 7.796463 1536.288696
6295 16.191851 7.932740 1536.376099
6296 15.656355 7.985657 1536.004272
6297 15.534567 7.887252 1535.464844
6298 15.016467 8.131304 1535.914429
6299 15.534883 8.150675 1536.546143
6300 15.049814 8.340592 1536.752441
6301 14.498333 8.392450 1536.381470
6302 14.499828 8.600079 1537.091797
6303 13.978512 8.621685 1536.696899
6304 14.031478 8.378241 1535.922485
6305 14.482439 8.265387 1535.906372
6306 14.418683 8.155218 1535.436768
6307 14.950104 7.941784 1535.094604
6308 14.305654 7.974070 1534.639282
6309 13.847048 8.216199 1535.195190
6310 13.544358 8.110963 1534.583008
6311 13.842128 7.914910 1534.023804
6312 13.150887 8.035537 1534.026245
6313 13.436449 7.859993 1533.478638
6314 12.806869 7.955506 1533.463989
6315 13.094584 7.816978 1533.010620
6316 13.612009 7.713435 1532.878784
6317 12.508159 7.875977 1532.867188
6318 14.079478 7.735573 1533.405029
6319 14.237121 7.594796 1532.778442
6320 14.711878 7.597205 1533.292969
6321 14.549216 7.755615 1533.923706
6322 14.947751 7.779451 1534.410889
6323 14.727533 7.494195 1532.690186
6324 12.176439 8.034364 1533.399048
6325 12.502375 8.131179 1534.000610
6326 11.869810 8.212943 1533.956177
6327 12.239079 8.312168 1534.528931
6328 11.607908 8.407574 1534.540283
6329 11.178631 8.303444 1533.924194
6330 10.976704 8.500657 1534.550781
6331 10.561072 8.408112 1533.989258
6332 10.362659 8.583584 1534.531616
6333 9.950212 8.486269 1533.958496
6334 9.780499 8.653120 1534.477173
6335 9.218134 8.642536 1534.157715
6336 9.765018 8.356179 1533.330200
6337 10.808881 8.225112 1533.378540
6338 10.413072 8.153392 1532.781982
6339 11.108511 8.049375 1532.723267
6340 11.500275 8.125918 1533.374146
6341 11.875441 7.969700 1532.878296
6342 9.762836 8.214527 1532.678711
6343 9.357008 8.168858 1532.224121
6344 9.080089 8.307961 1532.770752
6345 8.552965 8.176517 1532.007202
6346 8.294280 8.367435 1532.746704
6347 7.699263 8.232120 1532.147217
6348 8.023728 8.032215 1531.364624
6349 8.745883 8.026539 1531.300537
6350 8.601170 7.906728 1530.685425
6351 7.603828 7.876498 1530.834717
6352 8.630020 7.798118 1530.121338
6353 9.184546 7.786160 1529.868652
6354 9.216111 7.679626 1529.230835
6355 9.778302 7.759973 1529.579346
6356 9.810088 7.671136 1528.981323
6357 10.351098 7.723476 1529.354858
6358 10.369940 7.647217 1528.806885
6359 6.993721 8.050593 1531.583740
6360 6.677053 7.803052 1530.868286
6361 6.935448 8.312934 1532.416138
6362 7.594648 8.417302 1532.787354
6363 7.176076 8.558671 1533.184570
6364 6.434265 8.482139 1532.923706
6365 6.831155 8.756292 1533.726685
6366 6.145035 8.733216 1533.619995
6367 6.554629 8.999790 1534.374390
6368 7.173127 8.989861 1534.464600
6369 6.840453 9.244772 1535.095825
6370 7.401918 9.181075 1535.077515
6371 7.198178 9.469379 1535.795654
6372 7.979946 9.157261 1535.224121
6373 7.807438 9.392440 1535.810425
6374 8.489935 9.304824 1535.862915
6375 8.577690 9.040944 1535.142578
6376 7.891527 8.964506 1534.618408
6377 8.697147 8.845684 1534.590942
6378 9.172814 8.908972 1535.021606
6379 9.615277 8.800227 1534.889282
6380 9.724027 8.950889 1535.415527
6381 9.174576 9.116750 1535.647339
6382 9.795025 9.156435 1536.044678
6383 9.180877 9.317817 1536.207275
6384 8.722622 9.483209 1536.435303
6385 9.177268 9.570926 1536.833618
6386 8.584867 9.703885 1536.903687
6387 8.194857 9.547794 1536.375610
6388 7.944849 9.819751 1536.918335
6389 7.575868 9.636436 1536.351685
6390 7.345044 9.886088 1536.852783
6391 6.993979 9.702026 1536.316895
6392 6.837966 9.922798 1536.778320
6393 6.457444 9.756664 1536.311646
6394 6.356701 10.039344 1536.908936
6395 5.871651 9.821181 1536.370483
6396 5.730971 10.112896 1536.963623
6397 6.237011 10.331126 1537.439331
6398 5.566940 10.426149 1537.505127
6399 6.037194 10.685329 1537.974121
6400 6.695572 10.562163 1537.925415
6401 6.501610 10.958787 1538.441162
6402 5.844164 11.087719 1538.476807
6403 5.373189 10.785139 1538.022949
6404 5.183738 11.197698 1538.513428
6405 4.700035 10.849557 1538.064331
6406 4.528192 11.278473 1538.546143
6407 4.979528 11.651262 1538.952026
6408 4.365283 11.719281 1538.951294
6409 3.900145 11.352049 1538.596558
6410 3.790421 11.851195 1539.022461
6411 3.286562 11.476429 1538.702271
6412 3.386596 10.974871 1538.235718
6413 2.693771 11.072318 1538.365967
6414 2.917380 10.508570 1537.781738
6415 3.592795 10.621692 1537.830933
6416 3.530193 10.260162 1537.371460
6417 2.871875 10.015471 1537.164917
6418 3.489523 9.890494 1536.816772
6419 4.091553 10.114811 1537.054932
6420 4.199543 10.490315 1537.602539
6421 4.584922 10.241741 1537.197144
6422 4.905475 10.480073 1537.557373
6423 4.031523 10.915960 1538.146606
6424 5.124227 10.185844 1537.075317
6425 4.643323 9.987266 1536.747559
6426 5.278957 9.897029 1536.517334
6427 4.658248 9.626101 1536.013916
6428 5.424868 9.560997 1535.765991
6429 6.027635 9.559217 1535.776001
6430 5.497410 9.289227 1535.095337
6431 6.208251 9.273366 1535.067993
6432 6.610538 9.524891 1535.780640
6433 5.819856 9.006083 1534.352051
6434 5.060002 9.037178 1534.507202
6435 4.669960 9.288331 1535.220947
6436 4.433180 8.915556 1534.345947
6437 5.217122 8.738089 1533.708496
6438 4.412192 8.600862 1533.537842
6439 3.779282 8.746140 1534.135132
6440 3.833201 8.458651 1533.353882
6441 3.451851 8.216295 1532.850220
6442 3.127294 8.483694 1533.704956
6443 2.732854 8.162331 1532.979126
6444 2.407933 8.330791 1533.597534
6445 1.920969 8.072984 1533.034302
6446 1.726377 8.285561 1533.758789
6447 1.204724 8.056350 1533.219849
6448 0.875977 8.204793 1533.790527
6449 0.484669 7.957748 1533.032959
6450 0.023561 8.085239 1533.481812
6451 -0.395289 7.914421 1532.839111
6452 -0.824478 8.115665 1533.427734
6453 -1.188529 7.970703 1532.753174
6454 -1.404603 7.827922 1532.086304
6455 -1.922249 8.021253 1532.430542
6456 -1.646717 8.205510 1533.303467
6457 -2.318956 8.223849 1532.813110
6458 -2.617149 8.127810 1532.125366
6459 -2.124468 7.861175 1531.596802
6460 -2.905359 8.029770 1531.297974
6461 -3.252760 8.278986 1531.847656
6462 -3.502837 8.208506 1531.064819
6463 -3.180952 7.977442 1530.518066
6464 -2.579578 7.805463 1530.744629
6465 -2.894977 7.760631 1529.927979
6466 -2.196946 7.568928 1530.193481
6467 -2.420495 7.484278 1529.402222
6468 -1.491111 7.241295 1529.634277
6469 -0.692486 7.007049 1529.417847
6470 -0.852978 7.213008 1530.087158
6471 -1.432169 7.446116 1530.541016
6472 -0.836416 7.381709 1530.726563
6473 -1.957888 7.665045 1530.936646
6474 -0.381705 7.232235 1530.412354
6475 -0.138303 7.054592 1529.891724
6476 -3.323040 7.796996 1529.008057
6477 -3.572926 8.019514 1529.764404
6478 -4.140825 8.221713 1529.182861
6479 -4.141204 8.326242 1530.029907
6480 -4.791605 8.613131 1529.563599
6481 -4.869410 8.759154 1530.405396
6482 -5.466623 9.033595 1529.797241
6483 -5.495684 9.177232 1530.718750
6484 -5.947255 9.397738 1530.271973
6485 -6.100586 9.624044 1530.985718
6486 -6.521652 9.807375 1530.367798
6487 -6.742005 10.118612 1531.138794
6488 -7.138838 10.296579 1530.559937
6489 -7.283915 10.616323 1531.445068
6490 -7.702510 10.806038 1530.901611
6491 -7.600856 10.583250 1530.100220
6492 -8.176357 11.096553 1530.444702
6493 -8.257097 11.056830 1529.730591
6494 -8.806421 11.553866 1530.161743
6495 -8.654170 11.341688 1529.506714
6496 -8.306696 11.017103 1529.062622
6497 -7.813301 10.660062 1529.335693
6498 -7.854815 10.626219 1528.628906
6499 -7.233003 10.165280 1528.753662
6500 -7.280027 10.252133 1529.369385
6501 -6.711389 9.812422 1529.153809
6502 -6.900336 10.017196 1529.864014
6503 -6.172256 9.469463 1529.572876
6504 -6.193202 9.426129 1528.839966
6505 -5.672730 9.087691 1528.925903
6506 -5.189660 8.801265 1529.108154
6507 -5.244461 8.770608 1528.276978
6508 -4.735992 8.498805 1528.686157
6509 -4.594429 8.344735 1527.853638
6510 -5.276752 8.739306 1527.579102
6511 -4.646770 8.301767 1527.036499
6512 -3.937606 7.946920 1527.621582
6513 -4.044379 8.083586 1528.374023
6514 -4.134296 7.964968 1526.710571
6515 -4.647357 8.232188 1526.302856
6516 -5.185887 8.584893 1526.410278
6517 -4.808756 8.262464 1525.552368
6518 -4.235676 7.937561 1525.873047
6519 -3.750641 7.641882 1525.760132
6520 -3.655629 7.663200 1526.450439
6521 -3.149515 7.347341 1526.048218
6522 -2.634370 7.098217 1526.088379
6523 -5.390977 8.636097 1525.439575
6524 -5.811430 8.985991 1526.221436
6525 -5.874059 8.960465 1525.321777
6526 -6.301967 9.285832 1525.662842
6527 -6.330737 9.269141 1525.003052
6528 -6.345712 9.260168 1524.436523
6529 -7.025400 9.779786 1524.786499
6530 -6.705093 9.531724 1523.952881
6531 -7.406255 10.078388 1524.204102
6532 -7.831417 10.392689 1524.944336
6533 -7.970745 10.526094 1524.174072
6534 -8.385819 10.816729 1524.756226
6535 -8.436506 10.900063 1524.098267
6536 -8.928123 11.241796 1524.465088
6537 -8.901181 11.180050 1525.129150
6538 -9.323714 11.499460 1524.793091
6539 -9.482944 11.574579 1525.421997
6540 -9.837430 11.855233 1524.725342
6541 -9.451479 11.655788 1524.160278
6542 -10.085093 12.112567 1523.972900
6543 -9.475946 11.760535 1523.519775
6544 -9.982517 12.156566 1523.210083
6545 -10.563413 12.505390 1523.380981
6546 -10.408330 12.489555 1522.796509
6547 -10.903530 12.788094 1522.863159
6548 -10.677469 12.715205 1522.310913
6549 -11.219816 13.046501 1522.362061
6550 -11.452344 13.106180 1522.953003
6551 -11.754629 13.372959 1522.438477
6552 -11.975094 13.408532 1523.048706
6553 -12.303968 13.711547 1522.568481
6554 -12.544765 13.746528 1523.168335
6555 -12.928755 14.132518 1522.675415
6556 -12.508156 13.968715 1522.030518
6557 -12.051294 13.630272 1522.062500
6558 -12.119865 13.766699 1521.508667
6559 -11.558550 13.330977 1521.785645
6560 -11.683969 13.500528 1521.011108
6561 -11.136055 13.094387 1521.270874
6562 -11.278597 13.224920 1520.810059
6563 -11.488553 13.403367 1520.470703
6564 -11.044327 13.093888 1520.219971
6565 -11.550687 13.496223 1519.933350
6566 -11.187911 13.247411 1519.525757
6567 -11.619240 13.618629 1519.290283
6568 -11.310741 13.401981 1518.936279
6569 -10.806664 13.002679 1519.037109
6570 -10.646038 12.843769 1519.650269
6571 -10.262932 12.602150 1519.233887
6572 -10.114193 12.473289 1519.756348
6573 -9.754111 12.276771 1518.852539
6574 -9.273174 11.915970 1519.428467
6575 -9.435524 12.003723 1520.074341
6576 -9.066518 11.723619 1520.614990
6577 -9.728102 12.185916 1520.677246
6578 -9.213647 11.798751 1521.366943
6579 -9.764982 12.173692 1521.635620
6580 -9.435205 11.915140 1522.009277
6581 -9.803310 12.127191 1522.499634
6582 -9.165224 11.676590 1522.401001
6583 -9.481447 11.843733 1522.950317
6584 -8.858116 11.354159 1523.067139
6585 -8.557783 11.212335 1522.245972
6586 -8.282984 10.921247 1522.774780
6587 -8.350874 10.894487 1523.479004
6588 -8.930032 11.318691 1523.770020
6589 -7.890303 10.558738 1523.049683
6590 -7.666627 10.325593 1523.545166
6591 -7.359624 10.127225 1522.837036
6592 -7.820559 10.559672 1522.485840
6593 -8.035233 10.794429 1522.033447
6594 -7.184867 9.930570 1523.504883
6595 -6.775890 9.614821 1523.152710
6596 -8.321770 11.080786 1521.596558
6597 -8.114387 10.954680 1521.010498
6598 -8.660595 11.391870 1521.119751
6599 -8.832862 11.481833 1521.757690
6600 -10.389708 12.572182 1521.873047
6601 -10.240851 12.437912 1522.285400
6602 -10.927088 12.916080 1521.837158
6603 -10.572822 12.720749 1521.329102
6604 -10.214505 12.505272 1520.862549
6605 -10.762517 12.871661 1520.785278
6606 -10.408711 12.653393 1520.276367
6607 -9.285039 11.959585 1518.782227
6608 -8.824592 11.639853 1518.715454
6609 -9.167963 11.945091 1517.987061
6610 -8.684748 11.631801 1517.730347
6611 -9.072021 11.946416 1517.356689
6612 -9.491224 12.207896 1517.631104
6613 -9.598185 12.346867 1517.106445
6614 -8.926887 11.942802 1516.580933
6615 -8.534444 11.607340 1517.050903
6616 -8.289197 11.525028 1516.372681
6617 -7.973157 11.239748 1516.827026
6618 -7.759749 11.189603 1516.135498
6619 -7.429644 10.881403 1516.634399
6620 -7.626639 10.926538 1517.277588
6621 -8.163583 11.288035 1517.494263
6622 -7.847264 10.963454 1518.264038
6623 -8.336257 11.323477 1518.295776
6624 -7.316095 10.616097 1517.859009
6625 -7.125476 10.577306 1517.188599
6626 -6.608121 10.217962 1517.114624
6627 -6.862327 10.245720 1518.081787
6628 -6.321235 9.906479 1517.754883
6629 -6.416012 9.855879 1518.473022
6630 -5.861262 9.538047 1518.047241
6631 -5.856948 9.410209 1518.745972
6632 -5.363677 9.170960 1518.263062
6633 -4.739129 8.841403 1518.021484
6634 -4.267251 8.467441 1518.499634
6635 -4.068507 8.553482 1517.637451
6636 -3.617054 8.379212 1517.345093
6637 -3.935013 8.651594 1516.870483
6638 -4.575312 8.919412 1517.234985
6639 -4.325319 8.977787 1516.349121
6640 -5.080590 9.285117 1516.870605
6641 -4.948898 9.362830 1516.174805
6642 -5.478007 9.593512 1516.533936
6643 -5.867744 9.709666 1517.162109
6644 -6.020701 9.980433 1516.298340
6645 -5.527246 9.751959 1515.935059
6646 -6.435260 10.194432 1516.595337
6647 -6.918082 10.539077 1516.525024
6648 -5.252647 9.240153 1517.574585
6649 -3.746903 8.078983 1518.988525
6650 -4.349577 8.346028 1519.278564
6651 -8.799512 13.319167 1510.023926
6652 -8.152758 12.651307 1510.480225
6653 -9.076175 12.176518 1515.623413
6654 -7.400649 13.158806 1508.580811
6655 -9.547652 13.362213 1511.414185
6656 -8.406655 11.682365 1515.818115
6657 -5.509223 11.087871 1510.088379
6658 -10.650971 13.834801 1513.297852
6659 -9.261558 14.410449 1508.789185
6660 -10.689401 14.275800 1511.713257
6661 -7.547170 11.397256 1513.929810
6662 -9.575618 13.871093 1510.165161
6663 -7.066521 11.060543 1514.130493
6664 -8.410748 12.601192 1511.122192
6665 -9.824414 14.721610 1509.063354
6666 -7.878402 11.375893 1515.425781
6667 -10.705206 13.443407 1515.611450
6668 -11.130964 13.930712 1515.098022
6669 -8.786646 13.997227 1508.822388
6670 -8.243855 11.936141 1513.440308
6671 -11.618137 14.484259 1514.790649
6672 -11.605086 14.595817 1514.192505
6673 -10.449078 15.092470 1509.428223
6674 -10.260355 14.377205 1510.385254
6675 -11.109846 14.486895 1512.431641
6676 -10.850501 14.819296 1510.694092
6677 -7.313126 11.006895 1515.354248
6678 -8.873730 12.621724 1512.229736
6679 -6.279766 12.260763 1508.799683
6680 -5.775169 11.465778 1509.609253
6681 -11.859182 15.323822 1512.368530
6682 -7.971281 13.224031 1509.077881
6683 -8.191731 13.681454 1508.629272
6684 -10.189930 13.461790 1513.112549
6685 -7.457756 12.370090 1510.025513
6686 -9.463173 13.067216 1512.224854
6687 -10.592115 13.956577 1512.526978
6688 -8.024443 12.944821 1509.636108
6689 -6.093669 10.659353 1513.222046
6690 -8.754646 14.408334 1508.244385
6691 -5.541810 10.686901 1511.522949
6692 -11.571067 14.892766 1512.747437
6693 -8.399957 14.639984 1507.656616
6694 -11.451429 16.274120 1509.428955
6695 -11.225366 17.056179 1508.294434
6696 -10.221765 15.239583 1508.888672
6697 -11.080961 15.532711 1509.824219
6698 -11.918290 16.583664 1509.875732
6699 -7.420476 12.680670 1509.352783
6700 -12.441082 18.098322 1509.220459
6701 -12.757543 17.794964 1510.085693
6702 -9.922621 13.011925 1514.317505
6703 -11.724187 16.070868 1510.239502
6704 -10.919318 16.171455 1508.733154
6705 -9.652294 13.040750 1512.999146
6706 -12.100191 19.050846 1508.114990
6707 -10.313701 13.425940 1513.831177
6708 -6.913178 15.534423 1505.817383
6709 -9.079249 12.615911 1512.934692
6710 -10.047121 17.858467 1506.482666
6711 -9.320242 12.680611 1513.531250
6712 -11.754387 15.671900 1511.071289
6713 -6.024122 11.356552 1510.241455
6714 -12.406774 18.737440 1508.716187
6715 -6.934322 12.147970 1509.756958
6716 -6.939707 10.879607 1514.696411
6717 -9.947958 18.348604 1506.126343
6718 -8.125357 16.135164 1506.127075
6719 -10.132894 18.898851 1506.034424
6720 -13.054529 17.178802 1511.715088
6721 -10.014486 14.495345 1509.708130
6722 -10.011724 13.449667 1512.488892
6723 -6.354982 10.607834 1514.250610
6724 -7.966154 15.025085 1506.945068
6725 -12.299783 16.239927 1511.373169
6726 -7.134819 14.873639 1506.524292
6727 -12.037538 15.720778 1511.813721
6728 -11.366797 16.713982 1508.802856
6729 -6.236891 13.447238 1507.302124
6730 -6.457877 12.812284 1508.197266
6731 -5.701601 13.584168 1506.793091
6732 -5.873323 14.035321 1506.475220
6733 -7.207103 11.454883 1512.519409
6734 -7.641457 14.422510 1507.290161
6735 -12.473366 16.177198 1512.092041
6736 -9.046344 15.097308 1507.746460
6737 -7.240185 11.804070 1511.185791
6738 -6.517408 14.518827 1506.449097
6739 -12.277917 19.646952 1508.083252
6740 -12.004614 19.965103 1507.620361
6741 -11.646722 19.623968 1507.310669
6742 -11.721810 20.167915 1507.217896
6743 -11.349104 19.954531 1506.866211
6744 -11.516548 20.568045 1506.876465
6745 -11.067920 20.349688 1506.447998
6746 -11.187000 21.070976 1506.416260
6747 -11.706598 21.145885 1506.970825
6748 -11.933887 20.582909 1507.352539
6749 -12.175258 21.128035 1507.525513
6750 -11.921687 21.752981 1507.138062
6751 -12.381450 21.715736 1507.692749
6752 -12.125929 22.396057 1507.337769
6753 -12.571818 22.176149 1507.887085
6754 -12.808721 21.707554 1508.251953
6755 -12.941943 22.311958 1508.357544
6756 -12.563061 22.719978 1507.844727
6757 -12.971602 22.913361 1508.342407
6758 -12.583674 23.344639 1507.854126
6759 -12.997784 23.488691 1508.331543
6760 -12.636031 23.979515 1507.898560
6761 -13.097498 24.056402 1508.393921
6762 -12.767015 24.680338 1507.990845
6763 -13.248799 24.519850 1508.497070
6764 -13.510242 24.089613 1508.872925
6765 -13.633240 24.664314 1508.883301
6766 -13.233057 25.063896 1508.381104
6767 -13.782102 25.359676 1508.830078
6768 -13.257123 25.707592 1508.256592
6769 -12.744160 25.417908 1507.886475
6770 -12.264526 25.174091 1507.505249
6771 -12.284227 25.821886 1507.474243
6772 -11.756047 25.596815 1507.091187
6773 -11.755203 24.879099 1507.072754
6774 -12.209972 24.465738 1507.469727
6775 -11.742847 24.227835 1507.019409
6776 -12.174250 23.792547 1507.416504
6777 -11.733715 23.549721 1506.950073
6778 -12.141494 23.132853 1507.357910
6779 -11.719505 22.927574 1506.892456
6780 -11.618609 22.346888 1506.771606
6781 -11.376184 24.596882 1506.723389
6782 -11.201603 25.267141 1506.649658
6783 -11.296582 26.035620 1506.766846
6784 -10.903392 26.536678 1506.531982
6785 -11.467012 26.736929 1506.867188
6786 -11.104147 27.097111 1506.653931
6787 -11.585890 27.399569 1506.886230
6788 -11.188557 27.700281 1506.679443
6789 -10.498555 27.077229 1506.337280
6790 -12.069750 27.099352 1507.175171
6791 -11.841178 26.314259 1507.123535
6792 -12.383314 26.519220 1507.450073
6793 -12.777285 26.083263 1507.799072
6794 -12.838899 26.685595 1507.708984
6795 -13.351925 26.467590 1508.117676
6796 -13.217545 27.142424 1507.816040
6797 -13.793397 27.124077 1508.177246
6798 -13.573671 27.597036 1507.864746
6799 -13.118834 27.699533 1507.595825
6800 -12.691420 27.138807 1507.514038
6801 -12.588807 27.735529 1507.325562
6802 -13.706056 26.002890 1508.541870
6803 -9.871167 27.105125 1506.015991
6804 -9.569639 27.660303 1505.960693
6805 -14.084511 24.762003 1509.372803
6806 -13.911523 24.162645 1509.365479
6807 -14.263332 24.224680 1509.833252
6808 -14.079201 23.646166 1509.781250
6809 -14.347045 23.758356 1510.172974
6810 -14.619535 23.530088 1510.788696
6811 -14.255402 23.201647 1510.253296
6812 -14.444235 22.789804 1510.818237
6813 -14.754848 22.931444 1511.435547
6814 -15.014364 23.666834 1511.503906
6815 -15.317368 24.284441 1511.574463
6816 -15.395256 23.869585 1512.146118
6817 -15.718595 24.451101 1512.172241
6818 -15.771455 24.085680 1512.738647
6819 -16.129169 24.622494 1512.757080
6820 -16.205345 24.357800 1513.329346
6821 -16.625635 24.884638 1513.309448
6822 -16.599506 25.197596 1512.716553
6823 -16.106060 24.989754 1512.184814
6824 -16.570345 25.536707 1512.135132
6825 -16.025362 25.353619 1511.579346
6826 -15.651958 24.824692 1511.612793
6827 -16.553505 25.946821 1511.533325
6828 -16.095591 26.500946 1510.381958
6829 -17.110836 26.012915 1512.142822
6830 -17.116591 25.647289 1512.766357
6831 -17.647051 26.094904 1512.702026
6832 -17.723093 25.823624 1513.348389
6833 -17.988981 26.150309 1513.060059
6834 -18.330055 26.213821 1513.415039
6835 -18.209106 25.920019 1513.933105
6836 -17.593607 25.491194 1513.883545
6837 -18.049456 25.612206 1514.494263
6838 -18.635281 26.019567 1514.498169
6839 -18.789612 26.304192 1513.927002
6840 -19.192957 26.378752 1514.501709
6841 -19.454432 26.725521 1513.906250
6842 -19.722544 26.707083 1514.512695
6843 -20.130138 27.041988 1514.225952
6844 -20.215250 26.935116 1514.908691
6845 -19.568468 26.514698 1514.998535
6846 -19.874580 26.657822 1515.523560
6847 -19.340681 26.315668 1515.455566
6848 -19.372599 26.341728 1516.076782
6849 -20.146086 26.855961 1516.110474
6850 -20.537945 27.080196 1515.542725
6851 -20.785551 27.264839 1516.101440
6852 -21.135815 27.473137 1515.593018
6853 -21.376347 27.659357 1516.130737
6854 -21.759142 27.917837 1515.621460
6855 -21.383118 27.678053 1515.162476
6856 -20.889853 27.353472 1515.034424
6857 -21.291061 27.732231 1514.573120
6858 -21.762062 27.990278 1515.000488
6859 -21.799543 28.161467 1514.467041
6860 -21.418509 28.049370 1513.951538
6861 -20.920855 27.660017 1513.977295
6862 -20.999710 27.999146 1513.365601
6863 -21.512125 28.420475 1513.365845
6864 -21.028152 28.360117 1512.776733
6865 -21.497974 28.814100 1512.712524
6866 -21.020212 28.767000 1512.137817
6867 -20.526993 28.319096 1512.202271
6868 -20.536854 27.930138 1512.848877
6869 -19.996758 27.867117 1512.299805
6870 -20.007324 27.485390 1512.979004
6871 -20.542320 27.593412 1513.502563
6872 -20.011124 27.189644 1513.608521
6873 -20.465124 27.356031 1513.943237
6874 -20.678885 27.336119 1514.449463
6875 -19.996893 28.284760 1511.648804
6876 -20.538391 28.734983 1511.576050
6877 -20.010984 28.709061 1511.020874
6878 -19.447926 28.721899 1510.469116
6879 -20.074007 29.134398 1510.404053
6880 -20.579304 29.136992 1510.974487
6881 -20.658937 29.520815 1510.340698
6882 -20.135941 29.512890 1509.781128
6883 -19.513800 29.158604 1509.874390
6884 -19.604031 29.557892 1509.310547
6885 -18.978458 29.257915 1509.379517
6886 -19.074255 29.693527 1508.844482
6887 -18.418409 29.392046 1508.928101
6888 -18.413143 28.956238 1509.433228
6889 -18.901453 28.801752 1509.936035
6890 -17.762234 29.501955 1508.538696
6891 -18.457022 29.941034 1508.328125
6892 -17.712509 29.987434 1508.065308
6893 -17.113352 29.558027 1508.249634
6894 -16.461510 29.177147 1508.310181
6895 -16.550255 29.673107 1507.979126
6896 -16.050421 29.940407 1507.667847
6897 -16.599802 30.139271 1507.669189
6898 -17.090302 30.045597 1507.851929
6899 -16.967028 30.506916 1507.490112
6900 -17.554770 30.451609 1507.632324
6901 -17.394949 30.927113 1507.254517
6902 -17.911461 30.830948 1507.380005
6903 -17.847086 31.324471 1507.005005
6904 -17.178951 31.485493 1506.888306
6905 -16.784092 31.012066 1507.147339
6906 -16.484875 31.551731 1506.850464
6907 -16.094828 31.012058 1507.096802
6908 -16.368986 30.515074 1507.392822
6909 -15.632580 30.400177 1507.339478
6910 -15.476790 31.100451 1507.016724
6911 -14.934435 30.646429 1507.138794
6912 -14.905570 31.170557 1506.960205
6913 -14.349211 30.830446 1507.013184
6914 -14.399200 31.560980 1506.843018
6915 -15.144596 31.671024 1506.817749
6916 -14.807537 32.251389 1506.697266
6917 -15.516367 32.230946 1506.649292
6918 -15.240631 32.849384 1506.557129
6919 -16.005651 32.894634 1506.441162
6920 -15.668998 33.490566 1506.424072
6921 -16.221956 33.479309 1506.324097
6922 -16.120529 33.966053 1506.334473
6923 -16.661510 33.802803 1506.229126
6924 -16.734970 34.430153 1506.253784
6925 -17.313440 34.125736 1506.125122
6926 -17.455574 34.727802 1506.184692
6927 -17.011524 35.075760 1506.344727
6928 -16.491323 34.899803 1506.393555
6929 -16.578110 35.448013 1506.555542
6930 -16.038015 35.132370 1506.552979
6931 -16.088270 35.809628 1506.809814
6932 -15.497712 35.434414 1506.776001
6933 -15.563264 36.152126 1507.092285
6934 -14.901009 35.716518 1507.022461
6935 -15.018900 35.005119 1506.741089
6936 -15.492397 34.767326 1506.573486
6937 -14.970564 34.490971 1506.632446
6938 -15.391794 34.122406 1506.493896
6939 -16.056532 34.507771 1506.401123
6940 -14.635590 33.998714 1506.636475
6941 -14.915586 33.470936 1506.561890
6942 -14.189664 33.431728 1506.677612
6943 -14.501692 32.866699 1506.647949
6944 -13.832333 32.801125 1506.718018
6945 -14.133525 32.240932 1506.735352
6946 -13.585562 32.241066 1506.754761
6947 -13.711143 31.675825 1506.808105
6948 -13.767498 31.012396 1506.916138
6949 -13.189950 31.152498 1506.841309
6950 -12.633750 30.610529 1506.836182
6951 -12.592113 31.335825 1506.779663
6952 -12.058479 30.800604 1506.746216
6953 -11.969369 31.495888 1506.741577
6954 -11.463127 30.980858 1506.687256
6955 -11.559882 30.418850 1506.683472
6956 -11.378005 31.645136 1506.732056
6957 -10.889116 31.893467 1506.764404
6958 -11.303939 32.206154 1506.805176
6959 -11.852144 32.126225 1506.779297
6960 -12.489425 32.027077 1506.769409
6961 -12.296892 32.727390 1506.820435
6962 -11.674957 32.745281 1506.869141
6963 -12.135832 33.387939 1506.933716
6964 -12.800718 33.331764 1506.844482
6965 -12.611041 33.995594 1506.985352
6966 -13.265024 33.972248 1506.872681
6967 -13.505849 33.347477 1506.764648
6968 -13.945803 33.973648 1506.759155
6969 -13.742617 34.581554 1506.905640
6970 -14.423196 34.528507 1506.756226
6971 -14.339638 35.131901 1506.930786
6972 -13.565887 35.278519 1507.150146
6973 -13.082496 34.575951 1507.036133
6974 -12.781784 35.095161 1507.265747
6975 -12.494497 34.550751 1507.151123
6976 -11.927789 34.143593 1507.150757
6977 -12.129956 34.881908 1507.349731
6978 -11.482558 34.638660 1507.431885
6979 -11.202296 34.005890 1507.269653
6980 -11.469826 33.384468 1507.031494
6981 -10.885219 33.383976 1507.132813
6982 -11.009212 32.633339 1506.910400
6983 -10.307023 32.796253 1507.043335
6984 -10.416801 32.101807 1506.831665
6985 -9.774242 32.244286 1506.925537
6986 -9.553596 32.936466 1507.229126
6987 -9.143427 32.259567 1506.999512
6988 -8.787743 31.715593 1506.792969
6989 -8.537510 32.271835 1507.071899
6990 -8.214906 31.789560 1506.847656
6991 -8.061345 32.308224 1507.146240
6992 -7.531007 32.003784 1506.998047
6993 -7.706505 32.666565 1507.429565
6994 -7.001672 32.494087 1507.392822
6995 -6.773567 31.997892 1507.018799
6996 -7.122984 31.421038 1506.629395
6997 -6.415866 31.572193 1506.684204
6998 -6.053609 31.187941 1506.359253
6999 -5.684968 31.743322 1506.758423
7000 -6.127002 32.087505 1507.089355
7001 -5.508265 32.232620 1507.214844
7002 -5.933058 32.552456 1507.535034
7003 -5.231678 32.723465 1507.755859
7004 -5.889094 33.007587 1508.017334
7005 -5.409947 33.146824 1508.236206
7006 -4.890552 33.102512 1508.239258
7007 -4.532302 32.763390 1507.825317
7008 -4.773232 32.363445 1507.335205
7009 -4.162250 32.535049 1507.525513
7010 -3.874979 32.801525 1507.883911
7011 -3.585500 32.514015 1507.471069
7012 -4.082951 32.242096 1507.146729
7013 -3.457186 32.147026 1506.964844
7014 -4.032784 31.772467 1506.583862
7015 -3.287122 31.785364 1506.491577
7016 -3.703579 31.363430 1506.095215
7017 -3.049911 31.395945 1506.006470
7018 -3.392875 30.960468 1505.640625
7019 -4.025491 30.880239 1505.712891
7020 -4.349299 31.260437 1506.118408
7021 -4.547064 30.838442 1505.798584
7022 -4.955312 31.087065 1506.087036
7023 -5.029943 30.572432 1505.715820
7024 -5.616901 30.828335 1506.026611
7025 -5.049963 30.019159 1505.356445
7026 -5.584207 29.669277 1505.304932
7027 -5.147675 29.489964 1505.068115
7028 -5.706997 29.154427 1505.065063
7029 -5.681468 28.566820 1504.749268
7030 -5.133139 28.954166 1504.760986
7031 -5.075522 28.324408 1504.387695
7032 -5.620750 27.852261 1504.348145
7033 -4.993597 27.799898 1504.056030
7034 -5.149477 27.310259 1503.841797
7035 -5.839806 27.118429 1504.045288
7036 -6.413588 27.150303 1504.323730
7037 -6.348885 26.639503 1504.030029
7038 -5.780532 26.387608 1503.610229
7039 -6.341827 25.962942 1503.670044
7040 -5.747331 25.746584 1503.231445
7041 -5.230409 26.092878 1503.159058
7042 -5.223417 26.700911 1503.518311
7043 -4.670861 26.349821 1503.029175
7044 -4.626973 26.940043 1503.376221
7045 -4.091619 26.652309 1502.927856
7046 -3.560197 26.393988 1502.476685
7047 -3.526867 27.008234 1502.878296
7048 -2.888729 26.835899 1502.426880
7049 -3.017714 26.154139 1502.010986
7050 -2.377688 26.515099 1501.913696
7051 -2.526480 25.872749 1501.526611
7052 -1.895119 26.240313 1501.430054
7053 -2.087647 25.558237 1501.036865
7054 -1.544392 25.852070 1500.924438
7055 -1.756419 25.331415 1500.675171
7056 -1.266002 25.457689 1500.462769
7057 -1.048586 25.090174 1500.076294
7058 -0.667334 25.649927 1500.242065
7059 -0.418565 25.231575 1499.791870
7060 -0.788028 24.695951 1499.673340
7061 -0.152602 24.805437 1499.364014
7062 -0.518694 24.190481 1499.247314
7063 0.055485 24.408480 1499.028809
7064 0.410257 24.808104 1499.050293
7065 0.233475 25.308558 1499.466309
7066 0.865791 25.301380 1499.113525
7067 0.701014 25.861353 1499.610840
7068 1.250115 25.711441 1499.200195
7069 1.590746 25.315094 1498.752563
7070 1.789290 25.924276 1499.086182
7071 2.301504 25.690363 1498.673096
7072 2.252619 25.087791 1498.310791
7073 2.953578 25.474573 1498.259155
7074 3.584775 25.230503 1497.896362
7075 4.069105 25.048445 1497.662842
7076 4.181130 25.525763 1497.885986
7077 4.572688 25.168110 1497.597656
7078 4.823593 25.698088 1497.821045
7079 5.192397 25.293577 1497.528687
7080 5.498446 25.845049 1497.758179
7081 5.826150 25.398279 1497.465820
7082 5.547761 24.876917 1497.280396
7083 6.082444 25.024218 1497.258911
7084 5.992118 24.536861 1497.085938
7085 4.933610 24.763317 1497.341797
7086 6.596416 24.883926 1497.133423
7087 6.478251 25.419138 1497.375854
7088 7.243418 25.361717 1497.253418
7089 6.896433 25.924665 1497.567749
7090 7.592694 25.944963 1497.492920
7091 8.007622 25.518875 1497.247314
7092 8.506630 25.106363 1497.032959
7093 8.639660 25.694553 1497.278320
7094 9.126196 25.243505 1497.051514
7095 9.254696 25.851631 1497.316772
7096 9.747564 25.324213 1497.059082
7097 9.951157 25.906994 1497.315796
7098 10.386282 25.386185 1497.068359
7099 11.039228 25.444628 1497.084595
7100 10.604067 25.943911 1497.317871
7101 11.358404 26.056269 1497.364502
7102 11.692470 25.436968 1497.081543
7103 12.292690 25.398098 1497.074829
7104 11.960326 25.831171 1497.260376
7105 12.458904 25.917780 1497.310669
7106 12.887966 25.436819 1497.112671
7107 13.337298 24.886229 1496.923218
7108 13.525998 25.506676 1497.183105
7109 13.991264 25.020599 1497.035400
7110 14.206723 25.589899 1497.287842
7111 14.687469 25.151754 1497.181519
7112 13.709627 26.084288 1497.459229
7113 13.867785 26.687136 1497.784668
7114 13.179963 26.566196 1497.666870
7115 13.054458 26.025927 1497.385620
7116 12.554299 26.500692 1497.605225
7117 11.960947 26.314760 1497.496704
7118 11.943994 26.967983 1497.858032
7119 11.384851 26.673223 1497.688599
7120 10.778594 26.498959 1497.599609
7121 10.846951 27.020245 1497.900391
7122 10.279136 26.897774 1497.842285
7123 10.144582 26.401762 1497.562988
7124 9.762422 26.795643 1497.802490
7125 9.491282 26.391239 1497.583008
7126 9.131604 27.001549 1497.967285
7127 9.757308 27.272049 1498.106689
7128 9.233456 27.659153 1498.422363
7129 8.646003 27.506771 1498.362793
7130 8.339012 26.940792 1497.995972
7131 7.936189 27.398060 1498.365356
7132 7.629225 26.881788 1498.039185
7133 7.951779 26.425892 1497.718262
7134 7.274373 26.408466 1497.788330
7135 8.181308 25.995001 1497.461060
7136 8.698916 26.350313 1497.608398
7137 7.013624 26.847553 1498.106445
7138 7.296235 27.309900 1498.393799
7139 6.791628 27.234646 1498.426025
7140 6.403695 26.916031 1498.264282
7141 6.345358 27.388325 1498.642090
7142 6.876248 27.636745 1498.736450
7143 6.352760 27.879049 1499.074585
7144 5.804550 27.542053 1498.909424
7145 5.706810 28.078266 1499.449219
7146 5.184420 27.618883 1499.163330
7147 4.943439 28.027740 1499.646729
7148 4.486665 27.571650 1499.356445
7149 4.656337 27.118320 1498.884033
7150 5.292551 27.126896 1498.695801
7151 4.826708 26.646067 1498.448730
7152 5.362925 26.717844 1498.356079
7153 5.108772 26.232859 1498.081909
7154 4.450249 26.101206 1498.168579
7155 4.172892 26.575413 1498.598877
7156 3.679027 25.941315 1498.301636
7157 3.500042 26.566460 1498.836060
7158 4.009083 27.079294 1499.078125
7159 3.383167 27.066553 1499.316772
7160 3.826763 27.539103 1499.579468
7161 4.284422 28.004890 1499.866333
7162 3.589150 27.974030 1500.119507
7163 3.185534 27.480259 1499.796265
7164 2.910869 27.879631 1500.325684
7165 3.338734 28.460766 1500.748291
7166 2.611664 28.269459 1500.874634
7167 2.902902 28.689598 1501.191772
7168 3.409694 28.996992 1501.311890
7169 3.963926 28.913206 1500.988159
7170 4.084668 28.465042 1500.438354
7171 4.594429 28.909882 1500.741333
7172 4.747263 28.468101 1500.186523
7173 5.317772 28.916954 1500.494873
7174 5.315249 28.437990 1499.954346
7175 5.882775 28.656715 1500.015015
7176 6.457067 28.413332 1499.583374
7177 6.543039 28.935856 1500.143921
7178 7.196995 28.687864 1499.696045
7179 7.070969 28.192162 1499.207031
7180 7.675264 28.316530 1499.206421
7181 7.500805 27.824585 1498.780273
7182 8.170182 27.936735 1498.770996
7183 8.299527 28.406082 1499.186890
7184 8.749137 28.048698 1498.791870
7185 8.863570 28.506380 1499.202271
7186 9.309927 28.195141 1498.857544
7187 9.804556 27.808222 1498.492798
7188 9.882038 28.347769 1498.939575
7189 10.375921 27.940067 1498.560059
7190 10.332030 27.406122 1498.168579
7191 10.892452 27.504484 1498.215942
7192 11.322393 27.141836 1497.967651
7193 11.470928 27.529074 1498.219971
7194 12.170401 27.546835 1498.229980
7195 12.669785 27.008625 1497.895508
7196 12.953864 27.421228 1498.166382
7197 13.242700 26.989031 1497.909912
7198 13.609648 27.269516 1498.107422
7199 14.274276 27.126802 1498.084106
7200 14.032125 27.620272 1498.377441
7201 13.371439 27.792824 1498.445190
7202 13.826472 28.189175 1498.777466
7203 14.536602 27.905771 1498.638428
7204 14.576483 27.465971 1498.338379
7205 15.063368 27.633251 1498.523560
7206 15.070984 28.116974 1498.870483
7207 15.598725 27.893196 1498.798462
7208 16.246897 27.719488 1498.817017
7209 16.397219 27.236877 1498.549072
7210 16.994814 27.508764 1498.873657
7211 17.508623 26.972361 1498.721558
7212 17.826992 27.495647 1499.127930
7213 18.253843 27.016645 1499.009277
7214 17.955946 26.469374 1498.624390
7215 18.638395 26.522053 1498.909790
7216 18.940756 27.011250 1499.288818
7217 19.393719 26.429409 1499.190674
7218 19.560894 27.003233 1499.579468
7219 20.015882 26.546518 1499.556885
7220 20.042982 26.988468 1499.832275
7221 19.169857 27.512539 1499.697266
7222 19.335381 27.993456 1500.121094
7223 18.782516 27.995609 1499.839966
7224 18.946175 28.394157 1500.223022
7225 18.413837 28.486420 1500.041870
7226 18.742483 28.920601 1500.563354
7227 17.969635 28.997938 1500.280396
7228 17.774214 28.509878 1499.808105
7229 18.178635 28.042114 1499.614014
7230 17.445909 28.036837 1499.353516
7231 17.193426 28.460054 1499.583862
7232 17.282684 28.886477 1499.948608
7233 16.679184 28.687307 1499.623291
7234 16.718891 29.244448 1500.101929
7235 16.066813 29.039715 1499.783203
7236 16.114370 28.546480 1499.386597
7237 15.579057 28.837320 1499.525513
7238 15.547893 29.321997 1499.948730
7239 15.068954 29.091795 1499.674927
7240 15.073652 28.605114 1499.255615
7241 15.561943 28.347715 1499.127563
7242 14.506729 28.403084 1499.017334
7243 14.542954 28.916803 1499.458862
7244 13.936991 28.752630 1499.258667
7245 13.305686 28.653105 1499.131470
7246 13.164845 28.229601 1498.766479
7247 12.636294 28.558813 1499.026245
7248 12.728836 27.977770 1498.552002
7249 12.119954 28.243599 1498.753052
7250 12.060663 28.700098 1499.153687
7251 11.584635 28.612551 1499.082031
7252 11.550418 28.107594 1498.648560
7253 11.019680 28.546902 1499.043701
7254 10.955015 28.051439 1498.621094
7255 10.443262 28.467707 1499.005005
7256 10.548973 28.940149 1499.458496
7257 9.996896 28.841789 1499.406128
7258 10.154956 29.299820 1499.887939
7259 9.595647 29.198063 1499.837646
7260 9.799258 29.731272 1500.447021
7261 10.355881 29.672308 1500.307617
7262 10.691300 29.369268 1499.915649
7263 10.827790 29.813772 1500.433350
7264 11.248641 29.434862 1499.947510
7265 11.116547 29.007822 1499.489624
7266 11.678307 29.059126 1499.515747
7267 11.850289 29.487419 1499.972656
7268 12.245408 29.069443 1499.510742
7269 12.417397 29.517286 1499.984985
7270 12.838704 29.085022 1499.525146
7271 13.014423 29.560097 1500.022949
7272 13.460758 29.144360 1499.598145
7273 13.618756 29.621286 1500.093262
7274 14.047750 29.249449 1499.729492
7275 14.178328 29.717159 1500.212036
7276 14.601942 29.374262 1499.890747
7277 15.066331 29.474142 1500.031860
7278 14.754180 29.781506 1500.312256
7279 15.343535 29.774412 1500.359497
7280 16.080854 29.679893 1500.372437
7281 15.600138 30.161554 1500.797485
7282 14.980519 30.157679 1500.732544
7283 15.194105 30.473143 1501.111328
7284 14.637135 30.530493 1501.149536
7285 14.370078 30.141359 1500.683472
7286 13.779229 30.065401 1500.588257
7287 13.917868 30.532856 1501.146973
7288 13.410097 30.364119 1500.950073
7289 13.219522 30.696012 1501.381226
7290 12.875421 30.348816 1500.953247
7291 13.218417 29.985050 1500.500244
7292 12.635652 29.928200 1500.450806
7293 12.249811 30.341564 1500.982544
7294 12.580011 30.743265 1501.484863
7295 11.907229 30.716446 1501.504761
7296 12.237380 31.042139 1501.926392
7297 11.641107 31.000938 1501.924927
7298 11.821187 31.352514 1502.422485
7299 11.116982 31.128763 1502.165894
7300 11.124089 31.481979 1502.700195
7301 11.721191 31.701317 1502.984253
7302 12.309370 31.665733 1502.864990
7303 12.586862 31.363943 1502.366943
7304 12.972187 31.682665 1502.836182
7305 13.278643 31.390627 1502.355347
7306 12.914698 31.053057 1501.886719
7307 13.603949 31.022846 1501.802856
7308 13.979614 31.407711 1502.348389
7309 14.314639 30.978968 1501.724487
7310 15.094582 30.914648 1501.660156
7311 14.695513 31.345062 1502.251587
7312 15.396456 31.373678 1502.337402
7313 15.839908 30.989521 1501.838013
7314 16.057514 31.349617 1502.394653
7315 16.524900 31.018934 1502.013550
7316 16.330809 30.636547 1501.467651
7317 15.700540 30.560902 1501.269287
7318 16.187906 30.183716 1500.913086
7319 16.799418 30.250290 1501.124512
7320 16.668293 29.718096 1500.532959
7321 17.347960 29.384235 1500.404785
7322 17.315563 29.884512 1500.884033
7323 18.092747 29.499355 1500.793823
7324 17.922739 29.998890 1501.237915
7325 18.460621 29.759895 1501.237549
7326 18.848434 29.415171 1501.092529
7327 19.395039 29.005136 1501.026123
7328 19.394041 28.515425 1500.577393
7329 19.434761 29.443552 1501.500854
7330 18.943192 29.805433 1501.566650
7331 19.480040 29.849117 1501.990723
7332 20.032827 29.870352 1502.467407
7333 19.524498 30.250042 1502.518555
7334 18.963900 30.202028 1502.047974
7335 18.965025 30.615160 1502.587280
7336 18.420601 30.516644 1502.109375
7337 18.437437 30.121483 1501.630005
7338 17.910847 30.395395 1501.692261
7339 17.857346 30.813663 1502.210327
7340 18.402916 30.922699 1502.659180
7341 17.780100 31.226337 1502.779053
7342 18.359924 31.320450 1503.246338
7343 18.989471 30.974689 1503.118408
7344 19.575375 30.619993 1503.051392
7345 19.572113 31.006086 1503.600464
7346 20.182415 30.607557 1503.540894
7347 20.103382 30.254501 1503.008301
7348 20.681479 30.195793 1503.452515
7349 20.579775 29.870499 1502.962280
7350 20.873169 29.482700 1502.782593
7351 21.033897 29.727894 1503.218872
7352 21.318562 29.233141 1502.930664
7353 21.625864 28.702417 1502.650269
7354 21.881109 29.014664 1503.231934
7355 22.257389 28.391245 1502.927490
7356 22.502655 28.823875 1503.602539
7357 22.850472 28.149452 1503.221924
7358 23.127916 28.434002 1503.751831
7359 23.397257 27.850157 1503.398315
7360 23.146185 27.653563 1502.980103
7361 24.018429 27.453236 1503.538086
7362 23.707405 28.132454 1503.940674
7363 24.286291 27.894175 1504.197754
7364 24.591898 27.331060 1503.920166
7365 24.547588 26.823694 1503.389771
7366 25.081799 26.807707 1503.864990
7367 25.598902 26.286160 1503.868286
7368 25.531759 26.749792 1504.251343
7369 26.078455 26.320606 1504.412476
7370 26.453617 25.772795 1504.285034
7371 26.631668 25.984076 1504.717896
7372 26.430845 26.632746 1505.142822
7373 26.937590 26.150154 1505.288330
7374 27.145803 25.655285 1505.025635
7375 26.866556 25.506767 1504.501099
7376 27.328072 25.934736 1505.591553
7377 27.012897 26.512602 1505.767090
7378 27.494972 26.320955 1506.244629
7379 27.076311 26.970833 1506.300903
7380 27.467030 26.851555 1506.718140
7381 27.197062 27.485498 1506.906616
7382 27.716391 27.077131 1507.256592
7383 27.581182 27.754913 1507.610352
7384 28.057188 27.285273 1507.902222
7385 27.965071 28.041660 1508.341797
7386 27.439417 28.419489 1507.936890
7387 27.676954 28.750280 1508.506714
7388 27.296106 28.924267 1508.165405
7389 27.392664 29.329634 1508.643066
7390 27.813643 29.136196 1509.046021
7391 27.489061 29.695820 1509.151245
7392 26.969013 29.863071 1508.640747
7393 26.948206 29.310884 1508.087891
7394 26.455456 29.740528 1507.944092
7395 26.336332 30.254307 1508.343750
7396 26.711515 30.375626 1508.911621
7397 26.233404 30.776352 1508.870239
7398 25.753681 30.671133 1508.235596
7399 25.526079 31.075375 1508.542969
7400 25.802702 31.325445 1509.219360
7401 25.081345 31.615927 1508.961792
7402 25.441212 31.695566 1509.493286
7403 25.897451 31.573830 1509.806152
7404 26.352039 31.124596 1509.552368
7405 26.389280 31.412155 1510.186523
7406 26.771927 31.012403 1509.977417
7407 26.739098 30.698860 1509.389893
7408 27.147665 30.584742 1509.835938
7409 27.122946 30.220825 1509.258301
7410 27.573530 30.051182 1509.740723
7411 27.941826 29.472025 1509.623291
7412 28.042765 29.796671 1510.305054
7413 27.550150 30.421438 1510.326660
7414 27.835758 30.330973 1510.882080
7415 28.291479 29.779169 1510.996948
7416 28.521463 29.248049 1510.621216
7417 28.415234 29.079716 1510.083130
7418 28.727806 28.725101 1510.380371
7419 28.593428 28.556034 1509.845459
7420 28.948538 28.128983 1510.211670
7421 28.966379 28.446133 1510.684692
7422 29.204588 27.982767 1510.801758
7423 29.259432 27.528395 1510.386108
7424 29.026546 27.683163 1509.928223
7425 29.263605 27.123951 1509.956177
7426 28.993643 27.442284 1509.622070
7427 28.732115 28.033194 1509.609253
7428 28.768744 27.442377 1509.168091
7429 28.413265 28.004381 1508.994263
7430 28.426613 27.406021 1508.550049
7431 28.090849 28.564857 1508.944946
7432 28.399992 28.429380 1509.338623
7433 28.215216 28.889473 1509.456543
7434 29.139757 26.905275 1509.452026
7435 29.509029 26.333870 1509.758667
7436 29.439068 27.433964 1510.858765
7437 29.407726 27.828415 1511.399658
7438 29.045824 28.563065 1511.196655
7439 29.190973 28.513699 1511.879272
7440 29.499138 27.870155 1512.092529
7441 29.270998 28.476015 1512.506226
7442 29.524885 27.947763 1512.831299
7443 29.272163 28.516628 1513.244263
7444 29.521362 27.978441 1513.356323
7445 29.668312 27.627146 1513.836914
7446 29.819223 27.249609 1514.317871
7447 29.512693 27.897863 1514.443359
7448 29.684328 27.464201 1514.887085
7449 29.944271 26.944632 1514.696533
7450 29.870171 27.025599 1515.254761
7451 29.570070 27.582819 1515.505249
7452 29.374550 28.063526 1515.092773
7453 29.278698 28.115637 1515.728271
7454 29.444838 27.691248 1516.130859
7455 29.763231 27.117565 1515.912598
7456 29.613266 27.224668 1516.671631
7457 29.321743 27.807108 1516.648438
7458 29.198700 28.135180 1516.328979
7459 29.090914 28.216520 1516.927734
7460 29.298302 27.708101 1517.178345
7461 29.029411 28.209551 1517.537109
7462 29.236799 27.626829 1517.835693
7463 28.958679 28.219700 1518.215210
7464 29.148258 27.610943 1518.398071
7465 29.478262 26.948977 1518.171387
7466 29.568106 27.068672 1517.448486
7467 29.927881 26.521696 1517.032959
7468 30.003130 26.566242 1516.359375
7469 30.206846 26.095552 1516.760498
7470 30.122250 26.480078 1515.626465
7471 29.191870 27.317858 1518.746338
7472 29.444948 26.576551 1518.945557
7473 29.736925 25.881580 1519.058105
7474 29.382708 26.274372 1519.579346
7475 29.673370 25.647749 1519.579224
7476 30.001308 25.228241 1519.282471
7477 29.798662 25.187674 1519.886108
7478 30.203428 24.651855 1519.635376
7479 30.564028 24.184366 1519.474731
7480 30.413733 24.057415 1520.091431
7481 30.849863 23.665369 1519.683716
7482 30.800762 23.421011 1520.305908
7483 31.211193 23.090385 1519.908691
7484 31.165506 22.863489 1520.564209
7485 31.610430 22.252649 1520.864624
7486 31.076221 22.706486 1521.247192
7487 31.428398 22.192358 1521.624023
7488 31.966627 21.679737 1521.436768
7489 31.841343 21.603233 1522.095459
7490 31.284168 22.129683 1522.357422
7491 30.834093 22.730148 1522.017944
7492 30.808117 22.599665 1522.592407
7493 31.129019 22.115595 1523.051147
7494 31.645235 21.608360 1522.786621
7495 31.464338 21.599764 1523.521362
7496 31.978640 21.090721 1523.219482
7497 31.795437 21.052580 1523.958496
7498 32.255405 20.611931 1523.591431
7499 32.735050 20.167406 1523.217285
7500 32.547138 20.087656 1523.874512
7501 32.101608 20.507679 1524.279297
7502 32.416271 19.863811 1524.574219
7503 32.852551 19.534969 1524.038818
7504 32.799057 19.178175 1524.616211
7505 33.216389 18.950586 1524.036377
7506 33.130833 18.559795 1524.618652
7507 33.604240 18.335350 1523.969360
7508 33.654331 18.657658 1523.499634
7509 33.964161 18.146500 1523.466309
7510 34.002586 18.555813 1522.870361
7511 33.647614 19.066742 1522.941284
7512 33.275139 19.255655 1523.503906
7513 33.233902 19.659584 1522.930908
7514 32.940182 19.749495 1523.493164
7515 33.623222 19.368551 1522.483398
7516 33.971619 18.880718 1522.450928
7517 33.928658 19.208963 1521.973633
7518 34.254360 18.736200 1521.951172
7519 34.277012 18.384068 1522.457397
7520 34.601280 18.220739 1521.855835
7521 34.537216 18.581947 1521.418091
7522 34.203987 19.057381 1521.486450
7523 34.464249 18.900105 1521.011597
7524 34.637051 18.927498 1520.380127
7525 34.246712 19.270870 1520.888550
7526 34.257473 19.525915 1520.226929
7527 34.586819 19.286304 1519.663696
7528 34.240307 19.765633 1519.628784
7529 34.470562 19.642437 1519.088867
7530 34.283497 18.001905 1522.951172
7531 34.262615 17.578903 1523.459473
7532 34.427834 17.061012 1523.614380
7533 34.156410 17.164482 1524.033081
7534 33.889587 17.721920 1524.035156
7535 33.774288 17.217581 1524.643555
7536 33.411224 17.870150 1524.739746
7537 33.346973 17.239853 1525.305542
7538 33.680782 16.656216 1525.161621
7539 33.215755 16.677765 1525.841797
7540 32.937126 17.288500 1525.917847
7541 32.769882 16.795937 1526.463867
7542 32.513477 17.454037 1526.532227
7543 32.376720 16.901558 1527.082031
7544 32.198452 17.587202 1527.060791
7545 32.070908 17.058733 1527.615356
7546 32.204815 16.256817 1527.674561
7547 32.595665 16.228497 1527.002930
7548 32.455753 15.563761 1527.444214
7549 32.313835 14.874833 1527.797363
7550 32.488064 14.440282 1527.576050
7551 32.209087 14.302247 1528.005981
7552 32.011951 14.822318 1528.316895
7553 31.890667 14.200531 1528.546265
7554 32.119324 13.742916 1528.150146
7555 32.439011 13.899281 1527.672363
7556 32.373569 13.431820 1527.770508
7557 32.449837 12.938441 1527.667480
7558 32.101475 13.150496 1528.161377
7559 32.127407 12.532079 1528.112305
7560 31.783075 12.826253 1528.648926
7561 31.757387 13.518071 1528.745361
7562 31.461994 13.056907 1529.252441
7563 31.496227 12.399639 1529.110840
7564 31.841299 12.170223 1528.529541
7565 31.562519 11.724830 1528.956055
7566 31.901690 11.565768 1528.439697
7567 32.191902 11.949376 1528.032837
7568 31.685297 11.114923 1528.759277
7569 31.278618 11.187024 1529.396851
7570 31.513538 10.701613 1529.007080
7571 31.216166 10.406312 1529.433960
7572 31.218924 9.658159 1529.356567
7573 30.791822 10.006258 1530.033081
7574 30.468687 9.418644 1530.375122
7575 30.894114 10.828428 1530.023682
7576 30.952923 11.568751 1530.046021
7577 31.221371 11.968679 1529.576538
7578 30.937304 12.235444 1530.239502
7579 30.696350 11.820710 1530.698853
7580 30.655716 11.221354 1530.592773
7581 30.509462 11.527398 1531.062622
7582 30.354845 11.543028 1531.506470
7583 30.504087 11.997594 1531.334351
7584 30.361013 12.095375 1531.928833
7585 30.564138 12.572779 1531.540894
7586 30.433252 12.595325 1532.166382
7587 30.232656 12.165544 1532.628662
7588 30.423515 12.879119 1532.718628
7589 30.600809 13.150763 1531.965942
7590 30.590837 13.573376 1532.825928
7591 30.433966 13.120709 1533.321533
7592 30.548637 13.591323 1533.789307
7593 30.353540 12.925419 1533.866943
7594 30.265942 12.589590 1533.411621
7595 30.151886 12.334538 1533.896118
7596 30.259169 12.639532 1534.328857
7597 30.075758 12.153311 1534.440796
7598 29.925077 11.762925 1534.011353
7599 30.049755 11.926826 1533.354126
7600 29.782074 11.306059 1533.576294
7601 29.968813 11.492298 1532.907349
7602 29.722460 10.955887 1533.130127
7603 30.148333 11.576386 1532.235962
7604 29.476389 10.665210 1533.666870
7605 29.680338 11.245374 1534.190674
7606 29.368622 10.679183 1534.375244
7607 29.085043 10.093221 1534.068970
7608 29.198309 9.946185 1533.356445
7609 28.886230 9.592826 1533.701660
7610 28.699812 9.555675 1534.222534
7611 28.583643 9.152679 1533.745850
7612 28.877024 9.262312 1533.211304
7613 28.446243 8.641099 1533.266724
7614 28.093807 8.587614 1533.884033
7615 28.014891 8.158816 1533.361694
7616 27.556330 8.059134 1533.962524
7617 27.765503 8.571706 1534.546143
7618 27.238989 8.175290 1534.718140
7619 27.482925 8.600616 1535.276245
7620 26.969528 8.279965 1535.461914
7621 26.703604 7.874366 1534.911987
7622 26.956980 7.689691 1534.213257
7623 26.406591 7.404895 1534.370728
7624 26.142239 7.592471 1535.009399
7625 25.840782 7.171926 1534.497559
7626 26.096119 6.918848 1533.868774
7627 25.517895 6.743846 1534.022705
7628 25.231754 6.957546 1534.563477
7629 25.000835 6.649058 1534.170532
7630 24.539839 6.424106 1534.001465
7631 24.427206 6.131540 1533.577148
7632 23.872522 6.247494 1533.878662
7633 23.998779 5.841242 1533.212891
7634 23.324228 5.997405 1533.494751
7635 23.881243 5.506683 1532.720825
7636 24.099655 5.207380 1532.302734
7637 23.178377 6.271784 1533.981445
7638 22.658930 6.133996 1533.686279
7639 22.592619 6.435217 1534.285889
7640 21.840109 6.325455 1533.922241
7641 21.988022 6.633018 1534.660767
7642 21.368120 6.662534 1534.624512
7643 21.748270 6.857985 1535.191040
7644 21.023502 6.905360 1535.222534
7645 21.524776 7.083605 1535.791138
7646 20.728737 7.133757 1535.876587
7647 20.204432 6.942024 1535.136963
7648 20.671520 6.725513 1534.612671
7649 20.115004 6.749512 1534.483276
7650 19.598703 6.839442 1534.552002
7651 19.442907 7.031456 1535.157104
7652 18.976912 6.931087 1534.541138
7653 18.757990 7.108849 1535.091553
7654 18.429605 7.028672 1534.551758
7655 18.043112 7.187962 1534.915771
7656 18.548197 7.279849 1535.646362
7657 17.871265 7.384926 1535.611084
7658 17.320467 7.357533 1535.014648
7659 17.251097 7.514679 1535.636963
7660 17.682928 7.538274 1536.125854
7661 17.231905 7.647395 1536.207153
7662 17.786316 7.632858 1536.644653
7663 17.230476 7.774518 1536.794067
7664 16.618864 7.930770 1536.856079
7665 17.097008 7.931010 1537.421387
7666 16.480513 8.098569 1537.469482
7667 16.046919 8.101730 1536.940063
7668 15.847928 8.297145 1537.521484
7669 15.527367 8.277526 1537.048096
7670 15.136330 8.531874 1537.533813
7671 15.616598 8.544512 1538.161499
7672 14.985914 8.849741 1538.338013
7673 14.467889 8.847966 1537.798706
7674 14.424371 9.114506 1538.408203
7675 13.913606 9.114317 1537.975830
7676 13.918723 9.327497 1538.416992
7677 13.418044 9.359919 1538.134155
7678 13.604444 9.592353 1538.645996
7679 12.873177 9.670188 1538.358154
7680 12.786505 9.353906 1537.764404
7681 13.356904 9.114227 1537.583252
7682 12.775099 9.099610 1537.206299
7683 12.183660 9.295648 1537.360474
7684 12.209850 9.564930 1537.893311
7685 11.625816 9.461317 1537.477661
7686 11.732493 9.714565 1537.971802
7687 11.031611 9.693140 1537.714844
7688 10.986196 9.353820 1537.020020
7689 11.595509 9.204778 1536.910278
7690 11.029998 9.091558 1536.396362
7691 10.412684 9.238334 1536.524780
7692 10.376565 9.547419 1537.223022
7693 9.793332 9.406198 1536.689697
7694 9.710824 9.720338 1537.350220
7695 9.048554 9.861317 1537.405396
7696 9.513957 10.050117 1537.889771
7697 8.821921 10.176038 1537.900635
7698 8.391100 9.980707 1537.412842
7699 8.150396 10.291316 1537.892334
7700 7.729272 10.089760 1537.399048
7701 7.456773 10.410975 1537.884644
7702 7.004145 10.178542 1537.343872
7703 7.192501 10.793229 1538.382080
7704 7.886654 10.633474 1538.338013
7705 7.672140 11.029840 1538.788086
7706 8.345264 10.859376 1538.737183
7707 8.109060 11.264095 1539.124878
7708 7.482051 11.459648 1539.198975
7709 7.004950 11.218596 1538.857300
7710 6.846698 11.737509 1539.335938
7711 6.326023 11.423368 1538.939697
7712 6.156032 12.036439 1539.465942
7713 5.644779 11.556561 1538.954468
7714 5.379823 12.105694 1539.395508
7715 4.722572 12.126754 1539.322266
7716 5.006300 12.634800 1539.719604
7717 4.359977 12.587346 1539.602905
7718 4.546836 13.253124 1540.018921
7719 3.889496 12.988497 1539.789795
7720 3.880883 13.575192 1540.096313
7721 3.458518 13.278163 1539.897461
7722 3.314489 12.777861 1539.609375
7723 3.784455 12.406939 1539.422485
7724 3.158700 12.100932 1539.172241
7725 4.207497 12.132346 1539.269287
7726 2.692288 12.624370 1539.469482
7727 2.428716 12.036633 1539.094238
7728 2.764823 11.621152 1538.813721
7729 2.190891 11.479678 1538.702881
7730 1.715014 11.921408 1538.986938
7731 1.989429 12.533108 1539.366577
7732 1.160925 12.471622 1539.264038
7733 1.012177 11.745624 1538.824707
7734 0.434768 12.140695 1538.993652
7735 0.471659 12.772362 1539.340454
7736 -0.135576 12.544882 1539.124512
7737 -0.225818 11.885380 1538.728638
7738 0.395672 11.493060 1538.588745
7739 -0.239350 11.222298 1538.290283
7740 0.427298 10.817308 1538.104004
7741 0.926000 11.203656 1538.449463
7742 1.515864 11.329993 1538.577393
7743 1.276317 10.745572 1538.110107
7744 1.975799 10.964832 1538.296143
7745 2.342957 10.643535 1537.985718
7746 1.820453 10.527465 1537.907593
7747 2.181149 10.182717 1537.505859
7748 1.450795 10.212234 1537.607422
7749 1.624445 9.819296 1537.134521
7750 1.008684 9.858853 1537.223999
7751 1.191493 9.581067 1536.857178
7752 0.642967 9.529073 1536.800415
7753 1.015825 9.303245 1536.448242
7754 1.616208 9.485073 1536.657104
7755 1.463506 9.126322 1536.056274
7756 2.227139 9.388057 1536.332397
7757 2.303867 9.751897 1536.915405
7758 2.865522 9.654607 1536.600952
7759 2.837449 9.334010 1536.000977
7760 2.241640 9.095213 1535.731445
7761 2.949599 9.087748 1535.396729
7762 3.373625 9.297153 1535.698486
7763 3.470361 9.581713 1536.261475
7764 4.054077 9.472858 1535.836548
7765 4.070858 9.781719 1536.468262
7766 3.757006 9.091567 1535.042358
7767 3.099360 8.826356 1534.656372
7768 2.401489 8.565648 1534.281006
7769 2.343895 8.840867 1535.068970
7770 1.531120 8.505570 1534.506958
7771 1.630371 8.839510 1535.372192
7772 1.146052 8.605970 1534.921509
7773 0.988760 8.827105 1535.519043
7774 0.511134 8.608818 1535.050171
7775 0.357668 8.873284 1535.679810
7776 -0.173926 8.650784 1535.141357
7777 -0.355088 8.979690 1535.813110
7778 -0.971465 8.761259 1535.189087
7779 -1.056674 9.127934 1535.867554
7780 -0.557151 9.361252 1536.394775
7781 -1.201558 9.432131 1536.277710
7782 -1.636472 9.356544 1535.965942
7783 -1.634164 9.061883 1535.480347
7784 -2.128448 9.387218 1535.721924
7785 -2.246485 9.130177 1535.212646
7786 -1.713417 8.774950 1534.850098
7787 -1.226819 8.538821 1534.541870
7788 -0.632461 8.462395 1534.560425
7789 -1.022802 8.343127 1534.082153
7790 -0.414625 8.224519 1533.896484
7791 -1.775833 8.468152 1534.034302
7792 -2.352004 8.413533 1533.408691
7793 -2.641352 8.715705 1533.991455
7794 -2.973696 8.644597 1533.461182
7795 -2.949269 8.392220 1532.702148
7796 -3.371347 8.645222 1532.993286
7797 -3.518436 8.901921 1533.501221
7798 -3.982756 9.155208 1533.543579
7799 -3.662464 9.180843 1533.980347
7800 -4.244302 9.480452 1533.886353
7801 -4.507535 9.329957 1533.233521
7802 -4.835474 9.776215 1533.690308
7803 -5.057310 9.652095 1533.149536
7804 -5.050972 9.368578 1532.486450
7805 -4.270057 8.998157 1532.740234
7806 -4.683320 8.971173 1531.930664
7807 -4.172120 8.729279 1532.038086
7808 -4.373963 8.696141 1531.493164
7809 -3.850248 8.464854 1531.580078
7810 -3.662698 8.574756 1532.347412
7811 -4.197438 8.481765 1530.858643
7812 -4.835062 8.867626 1531.145508
7813 -3.701597 8.182370 1530.443359
7814 -5.499098 9.366469 1531.580200
7815 -5.759381 9.722508 1532.165161
7816 -6.275245 9.935570 1531.710449
7817 -6.377963 10.327926 1532.523193
7818 -6.816485 10.441819 1531.996826
7819 -6.847041 10.762729 1532.662720
7820 -7.343402 10.892853 1532.097046
7821 -7.367404 11.205909 1532.727417
7822 -7.891336 11.337602 1532.137451
7823 -7.897260 11.603383 1532.714844
7824 -7.303555 11.500023 1533.319824
7825 -7.915575 11.949964 1533.318848
7826 -7.353080 11.930722 1533.903809
7827 -7.967392 12.382298 1533.953491
7828 -7.321637 12.413312 1534.584961
7829 -8.007247 12.826756 1534.574951
7830 -7.442330 12.935541 1535.167480
7831 -8.048648 13.267941 1535.176392
7832 -8.651192 13.195641 1534.639771
7833 -8.697968 13.594379 1535.239746
7834 -9.260958 13.514153 1534.744873
7835 -9.302788 13.865850 1535.335938
7836 -9.925597 13.835886 1534.926880
7837 -9.798269 13.474605 1534.264404
7838 -10.518724 13.828235 1534.513428
7839 -10.231927 13.448202 1533.800537
7840 -10.977245 13.759796 1533.923828
7841 -11.256043 14.070072 1534.640503
7842 -11.662037 13.976860 1533.981323
7843 -11.864787 14.190054 1534.615845
7844 -12.472281 14.171782 1534.037231
7845 -12.088190 13.950574 1533.357178
7846 -11.361350 13.690678 1533.197754
7847 -11.883991 13.752345 1532.645386
7848 -12.564706 13.982667 1532.812500
7849 -12.265895 13.797091 1532.161499
7850 -12.899526 13.991229 1532.256348
7851 -12.704448 13.867850 1531.700195
7852 -12.035676 13.619338 1531.470093
7853 -11.602409 13.540343 1532.016357
7854 -11.528397 13.395626 1531.292114
7855 -11.019715 13.233926 1531.684937
7856 -11.116105 13.376901 1532.221069
7857 -11.434732 13.576008 1532.562256
7858 -10.899503 13.384089 1532.677979
7859 -10.607330 13.121612 1532.140137
7860 -10.263895 13.085888 1532.677368
7861 -10.571055 13.396275 1533.238892
7862 -9.943503 13.105127 1533.222778
7863 -9.685525 13.198064 1533.757446
7864 -9.210726 12.801435 1533.406738
7865 -9.615014 12.764124 1532.765015
7866 -9.002038 12.412785 1532.806030
7867 -8.527277 12.384288 1533.368164
7868 -8.608019 12.788344 1534.002686
7869 -9.218853 13.173187 1534.147095
7870 -8.401577 11.956128 1532.682983
7871 -8.838457 12.110554 1532.321655
7872 -9.348628 12.422925 1532.235474
7873 -9.060884 12.112791 1531.854370
7874 -9.651968 12.442422 1531.568359
7875 -9.334134 12.151232 1531.240234
7876 -9.900184 12.490186 1531.001709
7877 -10.336567 12.833591 1531.433105
7878 -10.389726 12.749592 1530.754150
7879 -10.938465 13.088077 1531.037842
7880 -10.898513 12.976545 1530.399658
7881 -10.382722 12.657889 1530.159790
7882 -9.962244 12.437452 1530.432373
7883 -9.972792 12.351324 1529.809326
7884 -10.367938 12.558841 1529.541504
7885 -10.051141 12.319018 1529.256592
7886 -9.608156 12.035150 1529.353271
7887 -9.497147 12.060558 1530.054199
7888 -9.107994 11.688821 1529.489868
7889 -9.085176 11.866185 1530.742065
7890 -8.538491 11.470649 1530.894165
7891 -8.797540 11.788787 1531.392456
7892 -8.334307 11.444150 1531.440308
7893 -8.486106 11.775012 1532.100830
7894 -7.784362 11.028392 1531.501709
7895 -8.120192 11.149796 1530.949585
7896 -9.552520 12.206733 1530.728271
7897 -9.283368 11.729424 1528.848022
7898 -8.771226 11.357431 1528.916870
7899 -8.947873 11.413192 1528.311401
7900 -8.403763 11.025251 1528.447998
7901 -8.553318 11.067642 1527.804565
7902 -7.981217 10.664175 1527.986694
7903 -8.084538 10.681111 1527.307373
7904 -7.521344 10.286788 1527.499146
7905 -7.454356 10.291589 1528.226807
7906 -7.063912 9.972995 1527.759644
7907 -6.618816 9.691830 1528.369995
7908 -6.595891 9.620350 1527.489380
7909 -5.952765 9.211402 1528.026611
7910 -6.156564 9.285356 1527.056030
7911 -5.451079 8.813377 1527.079834
7912 -6.310007 9.340604 1526.354370
7913 -6.615687 9.585119 1526.764771
7914 -6.775506 9.654858 1526.119263
7915 -6.910640 9.715017 1525.454956
7916 -7.304018 10.034684 1526.091431
7917 -7.093036 9.933758 1526.883545
7918 -7.571391 10.270795 1526.776123
7919 -7.878519 10.454439 1526.156006
7920 -8.122766 10.663817 1526.727295
7921 -8.465469 10.881110 1526.303833
7922 -8.644854 11.054027 1526.994629
7923 -9.049660 11.298951 1526.500977
7924 -8.936225 11.196272 1525.836060
7925 -9.379094 11.502872 1526.076904
7926 -9.544624 11.635748 1526.569458
7927 -9.854612 11.812822 1526.027222
7928 -10.157738 12.019185 1525.304565
7929 -10.491463 12.206088 1525.912598
7930 -10.865046 12.459392 1525.128174
7931 -11.114501 12.568662 1525.823730
7932 -11.479903 12.801787 1525.234497
7933 -11.406345 12.823237 1524.618530
7934 -10.962530 12.583649 1524.489746
7935 -10.450680 12.259335 1524.618774
7936 -10.763904 12.534894 1523.994629
7937 -11.304097 12.846269 1524.040527
7938 -11.151608 12.852488 1523.431519
7939 -11.667950 13.138537 1523.537354
7940 -11.868417 13.162639 1524.090942
7941 -12.215046 13.448036 1523.621338
7942 -12.515088 13.520570 1524.196533
7943 -12.689151 13.728534 1523.681396
7944 -13.071533 14.044013 1523.412964
7945 -13.052176 13.884876 1524.026001
7946 -13.555046 14.272057 1523.825928
7947 -13.467292 14.063508 1524.430664
7948 -13.953095 14.420045 1524.298584
7949 -14.093996 14.748174 1523.577515
7950 -14.474525 14.813506 1524.231323
7951 -14.617068 15.099265 1523.749146
7952 -14.585259 15.299794 1523.195190
7953 -14.072640 15.054332 1522.695679
7954 -14.652711 15.631268 1522.581543
7955 -14.317101 15.560068 1521.998169
7956 -13.818433 15.106604 1521.937012
7957 -14.030310 15.510874 1521.387451
7958 -14.555160 16.067816 1521.352173
7959 -14.192666 15.901958 1520.766357
7960 -13.724669 15.378549 1520.843994
7961 -13.569448 15.064310 1521.352417
7962 -13.264055 14.904735 1520.857666
7963 -13.131686 14.652966 1521.335205
7964 -13.422412 14.803233 1521.747803
7965 -13.016131 14.390925 1521.950806
7966 -13.450842 14.638996 1522.352905
7967 -13.575945 14.465025 1523.218872
7968 -12.633486 14.194671 1521.413452
7969 -12.767283 14.427190 1520.859619
7970 -12.300488 14.011690 1520.854492
7971 -12.492578 14.293260 1520.183228
7972 -11.925915 13.762248 1520.351074
7973 -12.040478 13.944431 1519.672974
7974 -12.511485 14.459545 1519.313599
7975 -12.032727 14.029987 1519.014282
7976 -11.698171 13.747853 1518.821045
7977 -11.919914 14.017295 1518.422363
7978 -11.508207 13.639276 1518.405273
7979 -11.022766 13.232061 1518.421631
7980 -11.272523 13.518285 1517.872559
7981 -11.696533 13.885666 1517.959595
7982 -11.562688 13.877874 1517.339111
7983 -10.986503 13.370016 1517.314819
7984 -11.142865 13.614071 1516.730835
7985 -11.584196 14.035868 1516.686401
7986 -11.259372 13.862389 1516.031250
7987 -10.702612 13.331236 1516.204102
7988 -10.597265 13.140028 1516.794434
7989 -10.100745 12.833673 1516.291382
7990 -10.070243 12.712618 1516.931152
7991 -10.537557 13.009973 1517.304810
7992 -10.717219 13.071559 1517.831055
7993 -10.073881 12.620371 1517.627075
7994 -10.347247 12.723876 1518.447266
7995 -9.682572 12.286871 1518.151001
7996 -9.495059 12.359874 1516.464355
7997 -10.359602 13.116776 1515.819214
7998 -11.867222 14.408698 1516.299316
7999 -11.700357 14.402098 1515.557739
8000 -12.196832 14.866763 1515.871338
8001 -12.072495 14.889336 1515.177979
8002 -12.038725 15.017744 1514.435791
8003 -12.359759 15.281788 1514.885742
8004 -12.528714 15.357813 1515.400024
8005 -12.714231 15.670772 1514.997437
8006 -12.532604 15.585356 1514.446045
8007 -12.987678 16.095654 1514.593750
8008 -13.102551 16.090437 1515.183594
8009 -13.386678 16.511946 1514.879639
8010 -13.320249 16.637215 1514.109863
8011 -12.796465 16.022440 1513.957886
8012 -13.016932 16.449038 1513.423950
8013 -13.462551 17.029453 1513.476196
8014 -13.159972 16.817450 1512.898560
8015 -12.725316 16.249502 1512.846558
8016 -12.527032 15.857606 1513.327637
8017 -12.004096 15.259135 1513.226440
8018 -12.292545 15.443901 1513.848389
8019 -11.789540 14.888785 1513.768921
8020 -8.180018 11.784190 1514.076416
8021 -8.216630 15.615580 1506.606934
8022 -12.873170 17.383980 1510.869019
8023 -9.614753 15.048198 1508.379395
8024 -10.681410 19.094048 1506.479004
8025 -8.445410 16.783588 1505.872314
8026 -7.329780 14.001562 1507.498901
8027 -12.401626 17.447025 1509.762451
8028 -12.868951 16.661598 1512.236938
8029 -13.329901 17.260975 1512.428467
8030 -13.489342 17.774677 1511.957520
8031 -13.319863 17.799810 1511.430054
8032 -13.732566 18.414780 1511.722778
8033 -13.975767 18.388357 1512.460571
8034 -14.158404 19.073175 1512.156982
8035 -14.366115 18.978573 1512.852905
8036 -14.421893 19.543898 1512.457031
8037 -14.171606 19.576134 1511.744629
8038 -14.417212 20.111546 1512.030396
8039 -14.634625 20.067608 1512.658325
8040 -14.611871 20.577951 1512.287598
8041 -14.814256 20.593115 1512.841187
8042 -14.786824 21.018538 1512.539551
8043 -14.648872 21.199793 1512.073242
8044 -14.429868 20.730068 1511.718018
8045 -14.453588 21.386358 1511.473389
8046 -14.206391 20.912228 1511.060425
8047 -14.248332 21.584723 1510.882324
8048 -14.007023 21.222960 1510.463257
8049 -14.048138 21.910784 1510.310791
8050 -13.758587 21.621805 1509.809448
8051 -13.834770 22.363342 1509.749512
8052 -13.497102 22.086214 1509.224731
8053 -13.393998 21.295752 1509.228760
8054 -13.671376 20.884211 1509.868896
8055 -13.334740 20.645958 1509.317383
8056 -13.548863 20.183285 1509.903320
8057 -13.891079 20.351330 1510.563477
8058 -13.632294 19.667919 1510.353027
8059 -13.915421 19.641378 1511.034302
8060 -14.180814 20.214623 1511.343872
8061 -13.863582 19.013886 1511.415405
8062 -13.591954 19.076040 1510.684082
8063 -13.442557 18.360889 1511.018799
8064 -13.221478 18.532406 1510.326782
8065 -7.477296 16.348808 1505.533081
8066 -11.144341 18.998726 1507.001221
8067 -12.612979 16.814812 1511.118530
8068 -10.770737 17.014357 1507.775391
8069 -12.663658 16.605047 1511.685425
8070 -12.524186 19.294842 1508.583130
8071 -12.785605 18.999878 1509.150024
8072 -12.928122 19.742928 1508.988892
8073 -12.663272 20.016893 1508.472900
8074 -13.015453 20.351130 1508.885010
8075 -12.753287 20.602139 1508.410156
8076 -12.359698 20.438738 1507.919922
8077 -12.610153 21.120527 1508.084595
8078 -13.042838 21.072386 1508.714844
8079 -13.185738 21.832605 1508.776367
8080 -13.259370 19.992134 1509.439453
8081 -13.139760 19.372849 1509.541626
8082 -13.401895 19.670467 1509.869873
8083 -13.356227 19.174873 1510.089478
8084 -12.999681 18.748518 1509.697266
8085 -12.200760 16.401094 1510.782471
8086 -13.261086 22.516508 1508.781494
8087 -13.567553 22.882797 1509.181519
8088 -13.255256 23.070272 1508.701294
8089 -13.379409 23.531467 1508.802856
8090 -13.731174 23.564421 1509.280273
8091 -13.938480 23.023876 1509.749146
8092 -14.107621 22.531471 1510.221069
8093 -14.323578 22.177320 1510.819336
8094 -14.606737 22.384506 1511.388306
8095 -14.472267 21.891298 1511.295288
8096 -14.713291 21.894072 1511.907837
8097 -14.910467 22.594084 1512.026489
8098 -15.127136 23.249191 1512.092773
8099 -15.239173 22.845222 1512.701294
8100 -15.025782 22.183035 1512.583984
8101 -15.307426 22.371292 1513.246338
8102 -15.596653 23.091846 1513.451660
8103 -15.478400 23.480324 1512.740967
8104 -15.823698 23.753702 1513.293579
8105 -15.959236 23.498199 1513.986084
8106 -15.798461 22.929567 1514.183228
8107 -16.071768 23.281794 1514.579468
8108 -16.328484 23.798603 1514.562622
8109 -16.251282 24.066441 1513.914063
8110 -16.567858 24.251268 1514.387573
8111 -16.538883 23.899548 1514.974609
8112 -16.953566 24.396461 1515.111450
8113 -16.750893 23.923006 1515.538208
8114 -17.089222 24.273464 1515.830322
8115 -17.363100 24.691803 1515.568970
8116 -17.517101 25.005440 1515.049072
8117 -17.765617 25.076731 1515.656372
8118 -18.015312 25.378746 1515.268677
8119 -17.857700 25.373001 1514.800659
8120 -18.394325 25.699476 1515.132813
8121 -18.282583 25.523630 1515.718750
8122 -18.842932 25.957649 1515.634033
8123 -19.005533 26.143091 1515.041626
8124 -18.595026 25.768185 1516.304810
8125 -17.974506 25.198160 1516.230591
8126 -18.128954 25.353725 1516.826416
8127 -17.656471 24.791859 1516.729126
8128 -17.832542 25.020498 1517.398560
8129 -18.225586 25.553339 1517.387451
8130 -18.541412 25.788033 1516.920410
8131 -18.696331 26.070358 1517.372314
8132 -19.024729 26.175350 1516.746216
8133 -19.260647 26.528559 1517.267334
8134 -19.704363 26.675907 1516.720703
8135 -19.913958 27.008528 1517.279175
8136 -20.434826 27.151758 1516.700562
8137 -20.577049 27.386322 1517.147461
8138 -20.996441 27.486336 1516.600830
8139 -21.111624 27.711748 1517.116211
8140 -20.689344 27.676340 1517.651001
8141 -21.247122 28.046280 1517.698486
8142 -21.682266 28.109377 1517.169189
8143 -21.780655 28.437229 1517.776489
8144 -22.274330 28.582935 1517.271606
8145 -22.261688 28.383856 1516.587769
8146 -22.753706 28.861488 1516.849487
8147 -22.649971 28.940901 1517.397827
8148 -23.135918 29.327421 1517.216187
8149 -22.749914 29.223248 1517.836426
8150 -23.220970 29.693094 1517.885132
8151 -23.651203 29.953793 1517.431274
8152 -23.618067 30.193644 1518.030640
8153 -24.012661 30.467678 1517.635986
8154 -24.045872 30.290895 1516.967651
8155 -23.643518 29.749392 1516.746094
8156 -24.017820 30.141350 1516.280762
8157 -24.388266 30.677160 1516.485107
8158 -24.320370 30.526947 1515.775391
8159 -23.882975 29.959206 1515.644287
8160 -23.666349 29.699755 1516.114746
8161 -23.305326 29.304251 1515.704346
8162 -23.232237 29.252214 1516.456055
8163 -22.792704 28.792444 1516.168945
8164 -22.712149 28.728876 1515.518555
8165 -22.311747 28.355543 1515.907227
8166 -21.879505 28.024601 1516.165283
8167 -21.570524 27.875889 1516.622803
8168 -22.189632 28.284084 1515.343262
8169 -22.117090 28.316702 1514.845459
8170 -22.536171 28.664206 1514.945679
8171 -22.256849 28.564177 1514.445068
8172 -22.757912 29.021935 1514.471802
8173 -22.374941 28.891453 1513.940430
8174 -22.869743 29.347809 1513.969849
8175 -22.439217 29.301489 1513.334595
8176 -21.954264 28.839518 1513.331543
8177 -21.892241 28.459454 1513.925171
8178 -21.957497 29.261768 1512.703003
8179 -21.490129 29.211626 1512.117065
8180 -21.932463 29.690228 1512.069580
8181 -21.557283 29.658525 1511.514893
8182 -21.049858 29.179535 1511.537598
8183 -21.133148 29.578007 1510.937744
8184 -21.693418 30.058947 1510.920166
8185 -21.257421 29.910471 1510.296631
8186 -20.757282 29.855303 1509.636963
8187 -21.439011 30.142244 1509.610596
8188 -21.873758 30.333500 1510.326294
8189 -22.093395 30.469629 1509.729858
8190 -21.765234 30.324120 1509.035767
8191 -20.843250 30.211819 1508.616211
8192 -21.647587 30.394768 1508.417114
8193 -22.245947 30.472445 1508.624146
8194 -22.451057 30.566139 1509.271118
8195 -22.872957 30.623104 1508.882690
8196 -23.019363 30.868048 1509.482056
8197 -23.499298 30.848427 1509.050659
8198 -23.540588 31.272854 1509.711670
8199 -24.096504 31.206541 1509.219849
8200 -23.816090 30.934872 1508.402954
8201 -24.136057 31.658611 1508.521973
8202 -23.844620 31.451523 1508.085938
8203 -23.425291 31.131142 1507.947632
8204 -23.307236 30.726147 1508.354492
8205 -22.910103 30.856085 1507.921997
8206 -22.688663 30.640385 1508.177368
8207 -22.405907 30.714817 1507.843994
8208 -22.003767 30.533445 1508.096680
8209 -21.961927 30.741188 1507.595825
8210 -21.453545 30.583160 1507.855713
8211 -21.405449 30.899269 1507.370361
8212 -20.845913 30.729294 1507.628174
8213 -20.234884 30.627026 1507.783569
8214 -19.937737 30.235687 1508.349976
8215 -19.552853 30.587240 1507.803101
8216 -19.853926 31.083326 1507.279419
8217 -19.204594 31.053961 1507.288696
8218 -18.841015 30.519976 1507.789551
8219 -19.264380 30.137234 1508.324585
8220 -19.728926 29.917391 1508.789795
8221 -20.192678 30.055611 1508.730957
8222 -20.213552 29.858509 1509.150635
8223 -18.167404 30.445822 1507.750122
8224 -18.479042 31.046877 1507.251099
8225 -18.963385 31.591480 1506.830688
8226 -19.576818 31.626333 1506.810547
8227 -19.289497 32.170662 1506.429932
8228 -19.978628 32.270287 1506.357788
8229 -20.209122 31.603285 1506.853760
8230 -20.686039 32.064674 1506.577515
8231 -20.803192 31.526615 1506.938354
8232 -21.311014 31.919317 1506.750000
8233 -21.352032 31.378973 1507.020264
8234 -21.914236 31.714170 1506.957520
8235 -21.928076 32.293427 1506.635986
8236 -21.252714 32.436852 1506.381592
8237 -21.769148 32.860001 1506.429077
8238 -22.439951 32.192036 1506.972534
8239 -21.048483 32.986145 1506.079102
8240 -20.600706 32.604904 1506.151611
8241 -20.536219 33.181087 1505.980957
8242 -20.733997 33.670078 1505.971069
8243 -20.184612 33.631023 1505.966675
8244 -20.068405 32.977554 1506.024536
8245 -19.587851 33.410484 1505.974121
8246 -19.725826 34.128853 1506.012451
8247 -20.419010 34.303776 1506.129395
8248 -19.939268 34.866322 1506.234497
8249 -20.835531 35.022354 1506.437012
8250 -20.104443 35.613850 1506.530273
8251 -19.379429 35.391960 1506.357910
8252 -19.532917 36.092552 1506.667480
8253 -18.867374 35.873272 1506.511963
8254 -18.687260 35.210117 1506.228027
8255 -18.223671 35.624245 1506.404053
8256 -18.067884 35.007290 1506.184692
8257 -18.462227 34.705101 1506.075562
8258 -17.942652 34.456688 1506.072998
8259 -18.514259 34.199871 1505.994629
8260 -19.117109 34.642075 1506.041138
8261 -19.055140 33.834591 1505.963013
8262 -18.415840 33.482159 1506.021484
8263 -18.946646 33.153652 1506.044312
8264 -19.466143 32.758488 1506.130981
8265 -18.855721 32.582844 1506.239014
8266 -18.358299 32.941292 1506.143066
8267 -18.298183 32.339024 1506.384766
8268 -18.780586 32.052448 1506.518066
8269 -18.352440 31.714729 1506.741333
8270 -17.657989 32.018826 1506.582642
8271 -17.768980 32.696671 1506.275269
8272 -17.243073 32.504726 1506.395996
8273 -16.898199 32.073486 1506.598267
8274 -16.695959 32.659107 1506.405029
8275 -16.219790 32.169247 1506.609009
8276 -15.811440 31.634010 1506.821045
8277 -16.689968 33.244816 1506.274536
8278 -17.226719 33.018433 1506.242188
8279 -17.213306 33.584236 1506.149902
8280 -17.812220 33.267879 1506.115601
8281 -17.810986 33.819756 1506.053955
8282 -17.612146 35.349445 1506.348145
8283 -17.731121 35.997822 1506.626953
8284 -17.142090 35.715511 1506.569946
8285 -17.233061 36.340824 1506.896606
8286 -16.669542 36.091549 1506.844727
8287 -16.806726 36.618309 1507.149536
8288 -17.272594 36.907181 1507.295044
8289 -17.815104 36.624691 1507.004639
8290 -17.876648 37.178780 1507.460938
8291 -18.449532 36.902420 1507.143555
8292 -18.505926 37.400826 1507.659790
8293 -17.938904 37.753704 1508.070801
8294 -17.267788 37.452198 1507.772583
8295 -17.212908 37.987442 1508.281494
8296 -16.617130 37.661823 1508.012207
8297 -16.689983 37.095863 1507.524902
8298 -16.056765 37.249207 1507.735107
8299 -16.197683 36.559593 1507.212280
8300 -15.508942 36.818760 1507.511230
8301 -14.957506 36.429920 1507.374023
8302 -14.880579 37.006725 1507.760498
8303 -14.504377 36.662296 1507.611450
8304 -14.283010 37.090538 1507.945679
8305 -14.719566 37.541077 1508.190063
8306 -13.969382 37.620186 1508.424927
8307 -13.615798 37.021923 1508.060425
8308 -13.212585 37.416290 1508.479980
8309 -13.078690 36.878082 1508.114380
8310 -13.215301 36.411133 1507.773193
8311 -13.964516 36.563091 1507.672974
8312 -13.746007 35.971848 1507.401611
8313 -13.038877 35.734856 1507.464111
8314 -14.179790 35.650635 1507.156982
8315 -14.397834 36.119125 1507.326294
8316 -12.540480 36.084145 1507.784546
8317 -12.352704 35.496517 1507.543457
8318 -11.721434 35.253273 1507.625854
8319 -11.930186 35.855465 1507.862305
8320 -11.337487 35.605064 1507.949341
8321 -11.585105 36.221188 1508.225830
8322 -11.057173 35.866795 1508.234619
8323 -10.719888 35.427799 1508.112915
8324 -11.057804 35.027843 1507.748291
8325 -10.279771 34.808746 1507.942139
8326 -10.810890 34.416672 1507.542969
8327 -10.205014 34.081463 1507.586548
8328 -9.676086 34.279766 1507.886597
8329 -9.626467 33.649128 1507.553101
8330 -9.040177 33.846184 1507.863159
8331 -8.948845 33.210304 1507.505615
8332 -8.860764 32.707935 1507.251343
8333 -8.368733 32.764397 1507.374756
8334 -8.157377 33.366032 1507.829956
8335 -7.190512 33.052753 1507.828003
8336 -7.403223 33.576054 1508.222534
8337 -6.573373 33.377384 1508.268799
8338 -7.006083 33.908043 1508.669556
8339 -6.324998 33.815872 1508.798584
8340 -5.824868 33.433277 1508.496704
8341 -6.475880 32.816330 1507.740723
8342 -5.620798 33.765972 1508.935547
8343 -5.992594 34.170734 1509.325439
8344 -6.762061 34.369118 1509.265747
8345 -6.218435 34.628239 1509.830200
8346 -5.661119 34.402908 1509.746216
8347 -5.250330 34.038490 1509.380981
8348 -5.067445 34.450226 1510.020386
8349 -4.617829 34.146523 1509.699341
8350 -4.396844 34.374886 1510.110840
8351 -4.000669 34.234215 1509.986450
8352 -3.959059 33.827881 1509.366211
8353 -4.624705 33.765732 1509.155029
8354 -4.127078 33.453262 1508.793457
8355 -4.702204 33.429867 1508.686279
8356 -5.096920 33.688084 1508.956787
8357 -5.259800 33.434509 1508.606689
8358 -4.286729 33.109631 1508.297729
8359 -3.672828 33.145996 1508.387085
8360 -3.089706 32.859673 1507.964233
8361 -3.052688 33.253403 1508.580322
8362 -2.374943 33.076607 1508.304565
8363 -2.248010 32.697350 1507.674561
8364 -2.922744 32.475201 1507.373413
8365 -2.396852 32.383194 1507.193115
8366 -1.897343 32.430508 1507.213867
8367 -2.230958 32.111889 1506.774414
8368 -1.627065 32.113976 1506.691040
8369 -1.168537 32.455299 1507.161499
8370 -0.946400 32.120724 1506.590332
8371 -1.425274 31.735767 1506.118042
8372 -2.061433 31.732437 1506.229370
8373 -1.952403 31.277256 1505.648560
8374 -1.197798 31.385471 1505.617188
8375 -1.526971 30.944868 1505.178955
8376 -0.913934 31.088745 1505.193481
8377 -1.155040 30.738718 1504.862183
8378 -1.634003 30.465090 1504.714233
8379 -2.169380 30.686398 1505.076172
8380 -2.264760 30.015490 1504.497925
8381 -1.542675 29.980505 1504.234375
8382 -1.910557 29.474161 1503.928833
8383 -2.578144 29.349136 1504.077881
8384 -2.147068 28.858088 1503.538940
8385 -2.859680 28.759485 1503.760620
8386 -2.604425 28.360359 1503.368774
8387 -3.171352 28.191208 1503.504517
8388 -3.517795 28.586195 1503.917114
8389 -3.801609 28.066500 1503.703125
8390 -4.060165 28.491840 1504.080444
8391 -4.468277 28.051973 1503.982544
8392 -4.106152 27.582642 1503.533569
8393 -4.586754 27.458426 1503.675537
8394 -4.078395 27.199736 1503.276611
8395 -3.511688 27.593241 1503.261963
8396 -3.043377 27.349224 1502.868652
8397 -2.734584 27.807964 1503.038452
8398 -2.585349 27.351173 1502.639404
8399 -2.200815 27.110741 1502.263428
8400 -2.122172 27.656244 1502.632080
8401 -1.599226 27.441355 1502.205322
8402 -1.557938 28.010012 1502.629883
8403 -1.014769 27.800201 1502.201660
8404 -1.073408 27.217575 1501.751587
8405 -1.711845 26.861897 1501.809937
8406 -1.186326 26.616539 1501.319580
8407 -0.498241 27.032410 1501.284790
8408 -0.533409 26.555845 1500.895630
8409 -0.914643 26.064110 1500.713379
8410 -0.266508 26.202217 1500.442993
8411 0.223659 26.852488 1500.726074
8412 0.356301 26.310274 1500.174927
8413 -0.012906 25.765078 1499.943115
8414 0.962566 26.455671 1499.959473
8415 0.627213 26.785069 1500.439697
8416 1.279894 27.005428 1500.285278
8417 1.596394 26.648098 1499.788452
8418 1.346631 26.153135 1499.494751
8419 1.858419 26.346371 1499.390869
8420 2.338670 26.254824 1499.081543
8421 2.271563 26.771240 1499.556030
8422 2.872517 26.641462 1499.161133
8423 2.888691 26.051222 1498.679932
8424 2.839865 27.023508 1499.516846
8425 2.546093 27.340630 1499.957397
8426 1.899319 27.163218 1500.108887
8427 2.226629 27.711309 1500.483398
8428 1.602121 27.528477 1500.618042
8429 1.950045 28.088415 1501.005005
8430 2.353394 28.625263 1501.373047
8431 1.618776 28.524998 1501.612793
8432 2.196229 29.050869 1501.901001
8433 1.628580 28.986818 1502.086670
8434 1.995054 29.490917 1502.468384
8435 2.748154 29.505854 1502.166138
8436 2.843351 29.071754 1501.637817
8437 3.493789 29.519150 1501.873657
8438 3.913212 29.290205 1501.441650
8439 4.232574 29.675430 1501.775635
8440 4.446901 29.325098 1501.280029
8441 4.895451 29.761517 1501.649292
8442 4.637030 30.120821 1502.182007
8443 5.328594 30.227346 1502.099731
8444 5.620286 29.820881 1501.493774
8445 5.065197 29.354670 1501.097778
8446 5.634275 29.374157 1500.936890
8447 6.010336 29.150328 1500.550903
8448 6.150043 29.599512 1501.060547
8449 6.606771 29.383694 1500.664429
8450 6.719259 29.820892 1501.183838
8451 7.139093 29.621834 1500.822632
8452 7.109094 29.186216 1500.292480
8453 7.603978 29.478773 1500.531738
8454 7.666454 29.082392 1500.038818
8455 7.886058 28.691971 1499.554321
8456 8.162457 29.063902 1499.915283
8457 8.484393 28.837784 1499.603882
8458 8.623388 29.271435 1500.071777
8459 9.030430 29.012877 1499.708862
8460 9.163862 29.505289 1500.261353
8461 8.620603 29.709885 1500.608521
8462 8.124331 29.404335 1500.326904
8463 8.043538 29.799479 1500.838257
8464 8.508084 30.216417 1501.286499
8465 7.798669 30.161356 1501.363403
8466 7.992840 30.600950 1501.915771
8467 7.407765 30.420397 1501.801270
8468 7.241083 30.024584 1501.314575
8469 7.567960 29.814707 1500.964355
8470 6.866560 30.226898 1501.674438
8471 6.950085 30.618282 1502.183960
8472 6.512702 30.382452 1501.973267
8473 6.357163 30.712225 1502.464966
8474 6.894103 31.061594 1502.834473
8475 7.523176 30.835991 1502.354248
8476 7.646770 31.238075 1502.925659
8477 8.198890 31.067039 1502.542114
8478 8.685529 30.738800 1501.966187
8479 8.905661 31.138451 1502.507202
8480 8.588727 31.437984 1503.039307
8481 9.173123 31.490829 1503.011597
8482 9.526500 31.261637 1502.584717
8483 9.351587 30.885901 1502.056396
8484 9.956244 31.056705 1502.210083
8485 9.874930 30.723976 1501.746582
8486 9.235401 30.476463 1501.504395
8487 9.173368 30.005659 1500.889404
8488 9.804587 30.267504 1501.136719
8489 10.357850 30.072451 1500.810669
8490 10.434105 30.483393 1501.343384
8491 10.949076 30.303995 1501.046875
8492 11.405603 29.899244 1500.488892
8493 11.597078 30.338434 1501.030029
8494 12.009967 29.924528 1500.477905
8495 11.150650 30.766525 1501.647827
8496 10.498302 30.902941 1501.914673
8497 10.536860 31.229074 1502.385620
8498 10.053090 31.327406 1502.603149
8499 10.483916 31.520090 1502.845337
8500 11.024205 31.847115 1503.317993
8501 10.241281 31.812733 1503.374878
8502 10.548608 32.003223 1503.668335
8503 10.001040 32.043800 1503.839111
8504 10.419923 32.260666 1504.187012
8505 11.047166 32.183681 1503.930542
8506 10.975256 32.526001 1504.633789
8507 11.571193 32.392868 1504.266846
8508 11.623832 32.065392 1503.629272
8509 12.198617 31.977442 1503.406006
8510 12.142693 32.296062 1504.004883
8511 12.700330 32.184044 1503.737793
8512 12.689092 31.917715 1503.255615
8513 13.284249 32.023167 1503.400269
8514 13.631202 31.722696 1502.862793
8515 13.935642 31.974827 1503.288208
8516 14.401005 31.743280 1502.881104
8517 15.065706 31.594713 1502.658447
8518 15.065135 31.887602 1503.159546
8519 15.677718 31.679043 1502.862915
8520 15.662384 31.999887 1503.437866
8521 16.196127 31.868851 1503.298218
8522 16.259296 31.596573 1502.833130
8523 16.673288 31.377600 1502.585327
8524 16.699224 31.721394 1503.169678
8525 17.225986 31.485525 1502.951172
8526 17.176935 31.071966 1502.288574
8527 16.923542 30.689133 1501.683960
8528 17.450304 30.662289 1501.831177
8529 17.371666 30.328270 1501.391479
8530 17.805340 31.602715 1503.416260
8531 17.238483 31.834768 1503.575562
8532 17.795370 31.944880 1504.047241
8533 18.383450 31.706661 1503.925293
8534 18.973904 31.374586 1503.734253
8535 18.975010 31.768496 1504.416016
8536 19.546268 31.392872 1504.178589
8537 20.137451 31.039494 1504.104492
8538 20.009222 31.394627 1504.536987
8539 20.615015 31.174788 1504.690674
8540 20.836555 30.594585 1504.092773
8541 21.332666 30.775000 1504.744629
8542 21.506968 30.273008 1504.284424
8543 21.210630 30.049122 1503.758423
8544 21.518799 29.573927 1503.500366
8545 21.664814 29.847317 1503.938721
8546 22.029278 29.426632 1503.808350
8547 22.033680 29.886595 1504.304932
8548 22.504564 29.406136 1504.201904
8549 22.500957 29.940950 1504.753418
8550 23.022440 29.419214 1504.642822
8551 22.911337 28.961552 1504.095581
8552 23.409344 28.744932 1504.293091
8553 23.979546 28.478765 1504.502563
8554 23.735947 29.038042 1504.842163
8555 24.216282 28.731764 1504.941040
8556 24.503620 28.271437 1504.747192
8557 24.623823 28.655718 1505.215454
8558 25.098143 28.046331 1505.070679
8559 24.833595 27.757339 1504.550171
8560 25.399445 27.585806 1504.928467
8561 25.575726 28.040646 1505.535278
8562 25.933788 27.362467 1505.278931
8563 25.776814 26.986004 1504.740601
8564 26.595232 27.132248 1505.836914
8565 26.186836 27.747633 1505.922363
8566 26.724731 27.524267 1506.352783
8567 26.383051 28.057575 1506.415527
8568 25.923241 28.326908 1506.153442
8569 26.255262 28.517506 1506.667358
8570 26.710762 28.075531 1506.802368
8571 26.621510 28.648970 1507.171021
8572 26.144657 29.058361 1507.014282
8573 26.537109 29.199158 1507.540771
8574 26.992254 28.793509 1507.701050
8575 27.093145 28.200481 1507.348755
8576 26.035555 29.584143 1507.374268
8577 25.809055 30.176292 1507.733765
8578 25.570862 29.862186 1507.196777
8579 25.207174 30.261120 1507.274780
8580 25.259798 30.672052 1507.777222
8581 25.274137 30.990234 1508.187988
8582 24.757629 31.149193 1507.943115
8583 24.719841 30.718729 1507.367188
8584 24.212355 31.114355 1507.443115
8585 24.158693 31.492012 1507.934326
8586 24.588305 31.585371 1508.449951
8587 25.027899 31.321335 1508.431519
8588 24.420448 31.969320 1508.994507
8589 24.002464 31.884649 1508.457031
8590 23.692593 32.257984 1508.936279
8591 24.193089 32.378185 1509.708252
8592 24.932199 31.981514 1509.533691
8593 24.837675 32.272789 1510.152222
8594 24.265982 32.628319 1510.530029
8595 24.758635 32.492195 1510.732422
8596 25.329565 32.185497 1510.569702
8597 25.407732 31.937870 1509.993164
8598 25.936003 31.835676 1510.509766
8599 25.688885 32.138275 1511.049072
8600 26.196938 31.870846 1511.184082
8601 26.518774 31.546984 1510.808716
8602 26.773317 31.234701 1510.477417
8603 27.007246 31.195717 1510.936279
8604 27.127628 30.895708 1510.411255
8605 27.451519 30.768627 1510.916016
8606 27.341904 31.043671 1511.554932
8607 27.720078 30.607004 1511.343384
8608 28.082619 30.207886 1511.460938
8609 27.815208 30.609819 1511.878296
8610 28.256262 30.102978 1512.069580
8611 28.430641 29.770761 1511.596924
8612 28.686638 29.221598 1511.147461
8613 28.858608 29.113773 1511.712524
8614 28.807993 28.840851 1510.809326
8615 28.648436 29.561890 1512.199341
8616 28.990541 28.998968 1512.295410
8617 28.798601 29.376308 1512.767456
8618 29.067829 28.908293 1512.811890
8619 28.955519 29.113806 1513.333252
8620 29.068588 28.862474 1513.936279
8621 29.368549 28.274065 1513.909546
8622 29.153028 28.600397 1514.607056
8623 29.062479 28.621859 1515.360718
8624 28.838398 29.091608 1515.104126
8625 28.830076 29.218399 1514.437622
8626 28.535070 29.645311 1514.868896
8627 28.543573 29.573114 1515.325317
8628 28.749670 29.156021 1515.659668
8629 28.429504 29.723804 1515.887207
8630 28.672815 29.216881 1516.262451
8631 28.351570 29.902130 1516.500122
8632 28.632193 29.262785 1516.920166
8633 28.941509 28.601912 1516.614502
8634 29.004171 28.609238 1515.950806
8635 28.846119 28.718220 1517.212402
8636 28.645550 29.256956 1517.467651
8637 28.812319 28.746038 1517.800049
8638 28.686340 29.245157 1518.048584
8639 28.547060 29.708931 1517.670776
8640 28.704140 29.728344 1518.417725
8641 28.752493 29.150410 1518.629028
8642 28.791031 28.800512 1518.298828
8643 28.820116 28.613331 1518.793213
8644 28.945772 27.955332 1518.970459
8645 28.799231 28.545136 1519.461548
8646 28.791792 28.999323 1519.151978
8647 28.850353 29.144564 1519.778687
8648 28.824774 29.500885 1519.062622
8649 29.000334 29.792479 1519.509155
8650 28.899677 30.071646 1518.880737
8651 28.725376 30.475025 1518.248169
8652 28.508427 30.269218 1517.764893
8653 28.515656 30.845451 1517.738892
8654 28.828449 31.049831 1518.098877
8655 28.547022 31.433054 1517.608521
8656 28.976671 31.673138 1517.863159
8657 29.292397 31.304096 1518.400757
8658 29.077061 30.648863 1518.740479
8659 29.525576 30.984734 1518.974243
8660 29.856678 31.570805 1518.551025
8661 30.213448 31.275488 1519.226318
8662 30.510815 31.792307 1518.623535
8663 30.958639 31.653814 1519.090698
8664 30.844439 31.279383 1519.752075
8665 30.261070 30.897951 1519.962524
8666 30.876575 31.005934 1520.406006
8667 30.298775 30.634336 1520.616089
8668 29.784962 30.453577 1520.220825
8669 29.819452 30.233097 1520.830811
8670 29.413363 30.013765 1520.422241
8671 29.349632 29.752033 1520.952637
8672 29.089294 29.593447 1520.319580
8673 29.315582 30.146175 1519.874634
8674 29.218063 30.382830 1519.280518
8675 29.713999 30.728920 1519.579590
8676 29.056269 29.303373 1521.077393
8677 29.283085 29.486530 1521.513062
8678 29.005600 29.051392 1521.646851
8679 29.243479 29.271761 1521.979248
8680 29.020048 28.900518 1522.137817
8681 28.786299 28.541645 1521.804443
8682 28.832603 28.793369 1521.306030
8683 28.715681 28.392883 1521.499390
8684 28.678850 28.153643 1521.886230
8685 28.649273 28.012905 1521.431396
8686 28.714773 28.405191 1521.024048
8687 28.681152 27.914890 1520.880249
8688 28.753374 28.414465 1520.274414
8689 28.754744 27.816275 1520.345947
8690 28.817245 27.962574 1519.828125
8691 28.882545 27.401056 1520.020630
8692 28.770954 27.233524 1520.696777
8693 29.045515 26.711918 1520.133667
8694 29.121399 26.941563 1519.584351
8695 28.972809 27.527575 1519.436890
8696 29.329113 25.865152 1520.266602
8697 28.957510 26.312229 1520.930664
8698 29.207088 25.661858 1520.932739
8699 29.602705 25.126978 1520.514160
8700 29.197836 25.328917 1521.501709
8701 29.532930 24.921972 1521.069336
8702 29.550320 24.583330 1521.665894
8703 29.852205 24.320028 1521.188721
8704 29.805336 24.632679 1520.740479
8705 30.121738 24.171576 1520.674316
8706 29.978809 24.640585 1520.242432
8707 30.462292 23.706972 1520.640991
8708 30.283298 23.687757 1521.216553
8709 30.735142 23.235134 1520.914429
8710 30.639357 23.109888 1521.548340
8711 30.524261 23.054134 1522.152466
8712 30.297009 23.454176 1521.781006
8713 30.086565 23.567060 1522.275269
8714 30.335901 23.117233 1522.756714
8715 29.776878 23.803320 1522.920410
8716 29.647299 24.194654 1522.254028
8717 29.394941 24.451744 1522.690063
8718 29.243547 24.893591 1522.219971
8719 29.133972 24.884907 1522.814941
8720 29.267754 24.495365 1523.232788
8721 28.899143 25.210165 1523.336182
8722 28.770676 25.737364 1522.915283
8723 28.673773 25.841505 1523.473022
8724 28.616194 26.384302 1523.080322
8725 28.561760 26.402384 1523.810547
8726 28.670055 25.512178 1524.076904
8727 28.494465 26.117102 1524.574097
8728 28.547232 25.498449 1524.787231
8729 28.825447 24.785549 1524.745850
8730 29.058140 24.654886 1523.920044
8731 29.336931 24.026077 1524.457886
8732 29.474506 24.036652 1523.702026
8733 29.839888 23.553892 1523.573730
8734 29.708916 23.631933 1523.978638
8735 30.043932 23.204891 1523.931274
8736 30.182840 23.158951 1523.369629
8737 30.474934 22.689249 1523.857666
8738 30.644337 22.631699 1523.231567
8739 30.929180 22.176586 1523.727417
8740 30.737324 22.245214 1524.380127
8741 31.269684 21.597479 1524.329102
8742 30.943928 21.858038 1524.848022
8743 31.266901 21.354197 1525.057495
8744 31.665882 20.930416 1524.708130
8745 31.940836 20.405663 1524.931274
8746 31.564205 20.788469 1525.345581
8747 31.808521 20.246353 1525.566895
8748 31.461369 20.638222 1525.952271
8749 31.671482 20.061470 1526.210205
8750 32.019360 19.687485 1525.760986
8751 32.117634 19.931772 1525.207520
8752 32.370350 19.449234 1525.219360
8753 32.252129 19.070913 1525.860352
8754 31.842672 19.403830 1526.506348
8755 32.113304 18.691378 1526.491455
8756 31.797331 18.837362 1527.141602
8757 32.010845 18.226458 1527.068848
8758 32.331192 18.094893 1526.470093
8759 31.906433 17.717312 1527.649780
8760 31.742426 18.335625 1527.683594
8761 31.667957 17.835093 1528.249146
8762 31.796972 17.194860 1528.218994
8763 31.914696 16.532125 1528.188843
8764 31.676838 16.666380 1528.780273
8765 31.757631 16.016495 1528.719971
8766 31.970865 15.950079 1528.231079
8767 32.130932 15.479017 1528.019409
8768 31.860781 15.399240 1528.566406
8769 31.725328 14.765230 1528.889160
8770 31.618479 15.413081 1529.150146
8771 31.481689 14.747345 1529.482422
8772 31.596392 14.143448 1529.124634
8773 31.448744 13.631879 1529.375244
8774 31.332705 14.100729 1529.761353
8775 31.174078 13.411287 1529.991455
8776 31.116323 14.064945 1530.416626
8777 30.951126 13.510899 1530.718018
8778 30.959930 14.023857 1531.016235
8779 30.821705 13.582914 1531.292969
8780 30.758163 13.029381 1531.123901
8781 30.930008 12.920753 1530.497925
8782 30.713909 12.438544 1530.923706
8783 31.189651 12.667189 1529.760864
8784 30.750809 13.897283 1532.080200
8785 30.913383 14.272141 1531.488037
8786 30.882923 14.579701 1532.134277
8787 30.763165 14.286822 1532.795044
8788 30.691893 14.118391 1533.382935
8789 30.829479 14.749118 1533.381592
8790 30.768759 14.474594 1534.088135
8791 30.918024 15.304735 1533.872925
8792 30.955704 15.443574 1533.251709
8793 31.008053 16.090305 1533.796265
8794 30.971777 15.807837 1534.539551
8795 30.905115 15.138149 1534.615967
8796 30.996918 15.603062 1535.229980
8797 30.981928 16.277058 1535.163086
8798 31.044933 16.038248 1535.799194
8799 31.087706 15.440575 1535.792358
8800 30.994110 14.966882 1535.476074
8801 31.203571 14.910796 1536.123291
8802 30.973881 14.052856 1535.850708
8803 30.805376 14.278299 1535.048706
8804 30.731485 13.876578 1535.140625
8805 30.803263 14.423801 1534.824951
8806 30.635365 13.809196 1534.564453
8807 30.432615 13.136896 1534.433594
8808 30.543049 13.253146 1535.078491
8809 30.278980 12.559919 1534.968628
8810 30.470926 12.705913 1535.648560
8811 30.201063 12.098845 1535.685303
8812 30.020588 11.929741 1535.105591
8813 29.873610 11.685668 1534.526367
8814 29.701263 11.315772 1535.099365
8815 29.599911 11.139945 1534.631226
8816 29.369171 10.760389 1534.952515
8817 28.974113 10.111231 1534.721558
8818 29.100960 10.370495 1535.244995
8819 28.735529 9.893874 1535.334839
8820 28.464273 9.462730 1534.867676
8821 28.266218 9.052578 1534.390381
8822 28.037302 9.042059 1535.058960
8823 28.289698 9.413701 1535.530518
8824 27.794876 8.993586 1535.762329
8825 27.118670 8.553285 1536.032349
8826 27.624155 8.972018 1536.437866
8827 27.054050 8.650587 1536.691895
8828 26.688848 8.339643 1536.177368
8829 26.411842 7.997152 1535.604492
8830 26.095991 8.102224 1536.340210
8831 25.816948 7.745395 1535.689331
8832 25.466106 7.863494 1536.351318
8833 25.591036 8.100233 1537.010010
8834 24.837095 7.811448 1536.760864
8835 24.889399 7.991579 1537.374146
8836 24.222382 7.785677 1537.144653
8837 24.280409 7.943318 1537.792969
8838 23.750671 7.776541 1537.443481
8839 23.519497 7.605692 1536.942139
8840 24.188259 7.585620 1536.533081
8841 23.626919 7.395907 1536.275635
8842 23.066450 7.435296 1536.585571
8843 23.136106 7.652425 1537.295898
8844 22.493723 7.443843 1536.784058
8845 22.325876 7.600604 1537.427979
8846 21.841974 7.428013 1536.864868
8847 21.613873 7.560732 1537.449463
8848 21.219532 7.421914 1536.909912
8849 21.000574 7.545389 1537.463257
8850 20.618412 7.423722 1536.916138
8851 20.341393 7.547166 1537.470459
8852 19.977423 7.438684 1536.891113
8853 19.526749 7.591635 1537.527344
8854 20.148491 7.640988 1538.001099
8855 19.713593 7.710260 1538.400024
8856 18.989382 7.744893 1538.238159
8857 18.645935 7.672171 1537.527466
8858 18.227081 7.829866 1538.135498
8859 17.843607 7.766631 1537.370239
8860 18.312345 7.611377 1536.958496
8861 18.887001 7.525959 1536.902222
8862 18.317883 7.475992 1536.330444
8863 19.011591 7.371704 1536.275879
8864 19.215172 7.205613 1535.703735
8865 19.639513 7.318223 1536.302856
8866 19.418234 7.449539 1536.780518
8867 20.284401 7.296613 1536.372314
8868 19.911438 7.151484 1535.759033
8869 20.843893 7.308037 1536.479736
8870 21.364380 7.273469 1536.374023
8871 17.494299 7.955698 1538.049683
8872 16.831926 8.111667 1538.004761
8873 17.107841 8.150124 1538.619385
8874 16.563383 8.287894 1538.475098
8875 16.218193 8.308311 1538.063110
8876 16.052679 8.519812 1538.672852
8877 15.481898 8.824473 1538.862061
8878 16.044662 8.721044 1539.348022
8879 15.442934 9.141083 1539.564453
8880 16.083109 8.956975 1540.044556
8881 15.730103 9.325740 1540.281128
8882 16.205803 9.138696 1540.600342
8883 16.087990 9.394517 1540.857300
8884 15.471739 9.762523 1540.564697
8885 15.884166 9.942340 1541.238403
8886 15.287048 10.293616 1540.880859
8887 14.960073 10.068529 1540.347046
8888 15.178683 9.578416 1539.995239
8889 14.599145 9.918838 1539.842285
8890 14.470206 10.361580 1540.179443
8891 14.091432 10.332969 1539.869019
8892 14.239401 10.761881 1540.319702
8893 14.754930 10.602510 1540.613647
8894 14.498989 11.164896 1540.760498
8895 15.158361 10.873218 1541.157593
8896 14.846098 11.605376 1541.239380
8897 14.229268 11.784208 1540.872925
8898 13.925345 11.304128 1540.460083
8899 13.615680 11.902257 1540.593628
8900 13.964471 12.419655 1540.948975
8901 13.324108 12.506631 1540.703491
8902 12.964272 11.966004 1540.368042
8903 13.293217 11.373173 1540.183716
8904 12.617161 11.408555 1539.961182
8905 12.998265 10.827159 1539.688232
8906 12.206809 10.825131 1539.421021
8907 11.907698 11.485150 1539.833252
8908 11.422100 10.999600 1539.386841
8909 11.227467 11.565313 1539.770752
8910 10.756806 11.124788 1539.383911
8911 10.584615 11.666447 1539.760010
8912 10.206778 11.285632 1539.442993
8913 9.879839 11.773611 1539.764526
8914 10.368147 12.220854 1540.069702
8915 9.871961 12.333920 1540.096313
8916 9.352597 12.211332 1539.994629
8917 9.555948 12.745080 1540.279541
8918 8.938075 12.680599 1540.217773
8919 8.593743 12.196025 1539.923096
8920 8.417559 12.751539 1540.217773
8921 7.951670 12.566753 1540.080444
8922 7.944804 12.041113 1539.748535
8923 8.428856 11.621746 1539.497437
8924 9.123681 11.659989 1539.611938
8925 8.875793 11.106189 1539.102051
8926 7.885554 11.647363 1539.437500
8927 9.620253 11.222083 1539.317871
8928 9.435926 10.753929 1538.829712
8929 10.164227 10.792229 1538.991089
8930 9.836657 10.370875 1538.445923
8931 10.410425 10.362030 1538.554199
8932 10.269420 9.968697 1537.961548
8933 9.167787 10.431121 1538.376343
8934 10.938005 10.173018 1538.427002
8935 10.869394 10.591802 1538.905518
8936 11.530859 10.500330 1538.946899
8937 11.590130 10.001923 1538.363647
8938 12.158553 10.253800 1538.849365
8939 12.803374 10.371031 1539.202148
8940 12.643250 10.024547 1538.750366
8941 13.242148 9.974648 1538.964600
8942 13.488368 10.360667 1539.519043
8943 13.666111 10.821165 1540.003174
8944 14.043303 9.861239 1539.322144
8945 14.311389 9.455496 1538.952148
8946 14.750718 9.501139 1539.426636
8947 14.899562 9.144112 1538.935425
8948 12.190729 9.865659 1538.364746
8949 8.891068 10.717319 1538.682739
8950 8.552258 10.509574 1538.335205
8951 7.406723 11.920026 1539.582642
8952 7.408731 12.409845 1539.925415
8953 6.835522 12.266088 1539.748413
8954 6.907353 12.779992 1540.081299
8955 7.449972 12.968084 1540.241211
8956 6.942104 13.322224 1540.356812
8957 7.491868 13.527513 1540.490845
8958 7.003843 13.889552 1540.589355
8959 7.483757 13.988039 1540.654297
8960 7.168415 14.398142 1540.763916
8961 6.574724 14.371413 1540.720825
8962 6.303784 13.717866 1540.461182
8963 5.855773 14.459840 1540.694092
8964 6.276289 14.840108 1540.843994
8965 5.819236 15.162835 1540.911499
8966 5.271913 14.985094 1540.818604
8967 5.378856 15.528964 1540.993042
8968 5.840126 15.739638 1541.070801
8969 5.268767 16.127062 1541.159790
8970 4.739875 15.560952 1540.962524
8971 4.567494 16.304237 1541.183350
8972 3.976242 15.900323 1541.013916
8973 3.891497 16.614805 1541.245728
8974 3.167256 16.201918 1541.048950
8975 3.216772 17.001022 1541.331177
8976 2.507064 16.750765 1541.189453
8977 2.316433 16.071739 1540.920166
8978 2.720779 15.484113 1540.741821
8979 2.006837 15.444738 1540.650757
8980 1.592171 15.958152 1540.806274
8981 1.392478 15.417001 1540.576782
8982 1.580899 14.883678 1540.389160
8983 0.813358 15.049829 1540.373535
8984 0.947729 15.761306 1540.666992
8985 0.351465 15.556554 1540.525146
8986 0.358323 16.198145 1540.784790
8987 -0.380773 15.755636 1540.522339
8988 -0.029970 15.042115 1540.274292
8989 -0.845000 15.128777 1540.196777
8990 -0.484005 14.416933 1539.951416
8991 0.334593 14.379268 1540.049805
8992 -0.077626 13.674713 1539.690430
8993 0.682558 13.763514 1539.832886
8994 1.095534 14.342779 1540.122681
8995 1.361668 13.715879 1539.888184
8996 1.801202 14.257876 1540.163330
8997 2.362885 14.792490 1540.437988
8998 2.374598 14.151092 1540.180420
8999 3.003910 14.329410 1540.325562
9000 3.016172 14.971449 1540.581055
9001 3.571124 14.782808 1540.573120
9002 3.434411 15.460722 1540.808960
9003 4.097654 15.183919 1540.779175
9004 4.173312 14.530952 1540.546997
9005 4.689441 14.808742 1540.706787
9006 5.195975 14.345283 1540.590332
9007 4.652342 14.284586 1540.506348
9008 4.941084 13.800569 1540.337891
9009 5.591107 13.773358 1540.405884
9010 5.304626 13.186276 1540.086792
9011 5.953990 13.159807 1540.162476
9012 5.687475 12.608924 1539.803223
9013 6.338949 12.648350 1539.926025
9014 6.488563 13.115282 1540.208130
9015 4.331625 13.945596 1540.325073
9016 3.718142 14.163732 1540.342163
9017 3.282954 13.727348 1540.096313
9018 2.658741 13.706544 1540.017334
9019 2.947782 13.217171 1539.812622
9020 2.321008 13.131640 1539.710083
9021 1.628866 13.103218 1539.632935
9022 2.023531 13.671289 1539.936035
9023 0.949945 13.175623 1539.598267
9024 0.404829 13.288646 1539.583374
9025 0.024256 13.060352 1539.417236
9026 -0.568082 13.084536 1539.321899
9027 -0.911057 12.374942 1538.858643
9028 -1.362591 13.122519 1539.153931
9029 -1.727393 12.536592 1538.708618
9030 -1.494398 11.923787 1538.403809
9031 -2.137707 12.132922 1538.292603
9032 -1.959123 11.587413 1537.988770
9033 -1.388408 11.408136 1538.089111
9034 -1.722240 11.048841 1537.687378
9035 -2.434637 11.304096 1537.540771
9036 -2.212416 10.651898 1537.113647
9037 -1.382680 10.523216 1537.394409
9038 -0.933465 10.959497 1537.913208
9039 -0.673342 10.376542 1537.507935
9040 -0.268489 10.703989 1537.890991
9041 0.032722 10.282815 1537.583008
9042 0.766100 10.272709 1537.660645
9043 0.339942 9.860080 1537.192261
9044 -0.430632 9.853601 1537.048828
9045 0.038630 9.527060 1536.745728
9046 0.277497 9.194001 1536.276367
9047 -1.089128 9.732921 1536.708252
9048 -1.047350 10.103903 1537.127930
9049 -1.622061 10.106280 1536.894775
9050 -1.648749 9.696926 1536.421997
9051 -2.269184 10.038961 1536.473877
9052 -2.031459 9.593339 1536.078369
9053 -2.415463 9.700930 1535.972046
9054 -2.762668 9.579139 1535.544922
9055 -2.896360 10.094288 1536.104492
9056 -3.458291 10.055615 1535.591064
9057 -3.510349 10.570234 1536.136475
9058 -4.092698 10.576467 1535.620483
9059 -4.087673 11.101416 1536.181885
9060 -4.668047 11.188267 1535.730469
9061 -4.650291 11.658781 1536.228271
9062 -4.094895 11.579033 1536.637451
9063 -4.606315 12.124073 1536.720337
9064 -4.087881 11.997551 1537.026489
9065 -4.423164 12.591441 1537.299805
9066 -5.121582 12.710224 1536.852661
9067 -5.091968 13.237186 1537.381958
9068 -5.728615 13.217355 1536.866821
9069 -5.692555 13.743197 1537.424438
9070 -5.093201 13.823876 1537.904663
9071 -5.701326 14.289072 1537.919556
9072 -5.102288 14.438612 1538.385986
9073 -5.778597 14.935145 1538.395386
9074 -5.054413 15.017133 1538.806030
9075 -5.582831 15.553872 1538.901611
9076 -4.978571 15.466568 1539.107544
9077 -5.147970 15.929386 1539.287964
9078 -5.705657 16.263638 1539.255005
9079 -6.172048 15.969714 1538.918457
9080 -6.389790 16.658606 1539.245361
9081 -5.716156 16.923016 1539.584717
9082 -5.179723 16.521578 1539.570190
9083 -5.162808 17.107466 1539.844116
9084 -5.650476 17.599909 1539.915039
9085 -5.084018 17.752098 1540.144165
9086 -5.536637 18.143934 1540.174805
9087 -6.191527 18.179605 1540.030762
9088 -6.263939 17.422626 1539.672852
9089 -6.711981 17.826845 1539.762695
9090 -6.981049 18.403881 1539.973389
9091 -6.511261 18.935051 1540.256958
9092 -7.259985 18.991983 1540.165405
9093 -6.877455 19.573887 1540.391602
9094 -7.606197 19.564150 1540.310547
9095 -7.958462 19.004065 1540.103271
9096 -8.275459 19.569563 1540.273682
9097 -8.610580 19.004755 1540.072510
9098 -8.930278 19.562754 1540.264526
9099 -9.286489 19.028633 1540.081177
9100 -9.614520 19.620913 1540.307617
9101 -10.000216 19.064438 1540.128784
9102 -10.327596 19.643751 1540.371826
9103 -10.722249 19.058323 1540.189209
9104 -11.023808 19.636869 1540.452637
9105 -11.418121 19.032972 1540.260742
9106 -11.736553 19.578754 1540.535400
9107 -12.119939 18.978222 1540.333130
9108 -11.766152 18.456234 1540.008423
9109 -12.412127 18.410746 1540.067627
9110 -12.897576 18.866398 1540.399048
9111 -12.923565 18.296825 1540.072144
9112 -13.419842 18.389341 1540.210205
9113 -13.620208 18.973125 1540.586548
9114 -14.059675 18.414583 1540.344604
9115 -14.305761 19.067152 1540.778198
9116 -14.814269 18.425737 1540.521729
9117 -14.975494 19.172773 1540.986816
9118 -15.496963 18.655922 1540.843750
9119 -15.635788 19.317646 1541.215210
9120 -16.101418 18.777315 1541.084229
9121 -16.096226 18.160982 1540.724365
9122 -15.517587 18.019135 1540.441895
9123 -15.969618 17.679338 1540.345581
9124 -16.505199 17.668751 1540.539795
9125 -16.715939 18.246410 1540.992920
9126 -17.251028 17.527401 1540.744995
9127 -17.482391 18.064054 1541.168457
9128 -17.904295 17.526960 1541.020630
9129 -17.699335 17.051456 1540.590942
9130 -18.355820 17.050671 1540.893677
9131 -18.174416 16.623047 1540.458496
9132 -18.895390 16.562641 1540.767456
9133 -18.543201 16.261457 1540.301392
9134 -19.051996 16.028292 1540.330933
9135 -19.585934 16.208017 1540.806885
9136 -19.716845 15.648172 1540.269531
9137 -20.193142 15.912003 1540.853882
9138 -20.323772 15.519596 1540.491333
9139 -20.207899 15.246314 1540.029175
9140 -20.762913 15.232595 1540.412964
9141 -20.756523 15.625315 1540.896973
9142 -21.360889 15.262712 1540.891479
9143 -21.316284 14.862388 1540.288940
9144 -21.801243 14.836718 1540.659790
9145 -21.981335 14.452148 1540.178833
9146 -21.333092 14.537927 1539.703125
9147 -21.888096 14.179067 1539.494873
9148 -21.336903 14.276545 1539.097534
9149 -20.725018 14.611714 1539.261475
9150 -20.744864 14.894567 1539.858154
9151 -20.151852 14.938655 1539.444702
9152 -19.630999 15.284919 1539.678955
9153 -19.527172 14.998886 1539.055908
9154 -18.952463 15.333221 1539.284790
9155 -19.033682 15.651634 1539.847168
9156 -18.548302 15.592591 1539.455078
9157 -18.512321 15.920224 1539.890137
9158 -17.941898 15.753953 1539.332642
9159 -18.281223 15.356920 1538.880737
9160 -17.677692 15.503419 1538.785645
9161 -17.715374 15.226059 1538.270996
9162 -17.167164 15.421556 1538.377563
9163 -17.117950 15.100509 1537.686279
9164 -16.601353 15.364934 1538.032837
9165 -16.382338 15.132783 1537.484375
9166 -16.030312 15.401480 1537.916260
9167 -16.238625 15.616130 1538.326294
9168 -15.759994 15.768969 1538.400757
9169 -16.198830 15.978290 1538.808105
9170 -16.675793 15.672521 1538.574463
9171 -16.715611 16.078899 1539.142212
9172 -17.245575 15.752293 1538.952026
9173 -17.364431 16.143641 1539.532959
9174 -18.008381 16.213789 1539.959961
9175 -17.513638 16.598627 1540.102173
9176 -16.820330 16.566763 1539.734131
9177 -16.981630 17.084524 1540.286133
9178 -16.222595 17.103935 1539.979004
9179 -16.152277 16.489653 1539.371948
9180 -15.590052 16.927923 1539.593994
9181 -15.500905 16.385094 1539.043945
9182 -14.994561 16.933994 1539.428101
9183 -15.153469 17.278519 1539.765869
9184 -15.585738 17.451359 1540.037964
9185 -15.008746 17.741629 1540.093018
9186 -14.659750 17.346659 1539.697021
9187 -14.395154 17.867775 1540.039429
9188 -14.082655 17.390596 1539.613281
9189 -13.775505 17.891104 1539.936035
9190 -13.506340 17.414421 1539.536377
9191 -13.201708 17.889889 1539.842773
9192 -12.943129 17.428608 1539.469849
9193 -12.662833 17.911488 1539.783081
9194 -12.383887 17.435816 1539.408813
9195 -12.116497 17.910398 1539.714233
9196 -11.817874 17.434586 1539.348145
9197 -11.478784 17.938457 1539.661743
9198 -11.098742 18.486401 1539.947754
9199 -10.762300 17.982012 1539.623535
9200 -10.382678 18.510654 1539.895142
9201 -10.078927 17.972630 1539.575928
9202 -9.629162 18.495834 1539.847900
9203 -9.342027 17.921120 1539.532227
9204 -8.960209 18.445333 1539.818359
9205 -8.637314 17.854710 1539.519531
9206 -8.286329 18.423300 1539.835571
9207 -7.920517 17.844101 1539.577515
9208 -7.634976 18.436039 1539.899170
9209 -7.277704 17.834604 1539.662598
9210 -7.538537 17.257999 1539.308350
9211 -6.878484 17.277920 1539.451660
9212 -7.129114 16.672047 1539.050781
9213 -6.708924 16.062983 1538.789429
9214 -7.497220 16.074997 1538.555664
9215 -7.828634 16.733101 1538.932251
9216 -8.142024 16.335077 1538.590698
9217 -8.521638 16.750599 1538.830933
9218 -8.717467 16.276663 1538.442383
9219 -9.190353 16.674667 1538.703369
9220 -9.369538 16.191551 1538.286621
9221 -8.902617 15.841326 1538.029663
9222 -9.599339 15.729288 1537.815063
9223 -10.048211 16.113943 1538.165527
9224 -10.351871 15.651551 1537.667358
9225 -10.744759 16.070753 1538.110596
9226 -11.114919 15.701975 1537.708374
9227 -11.303596 16.003866 1538.052979
9228 -11.662847 15.763331 1537.797241
9229 -11.724392 15.435198 1537.378296
9230 -12.195446 15.704376 1537.760498
9231 -12.440119 15.374203 1537.330444
9232 -12.814773 15.645471 1537.741821
9233 -13.164407 15.302077 1537.281494
9234 -12.760641 14.993840 1536.692017
9235 -12.109694 15.136416 1536.933228
9236 -12.082287 14.869444 1536.432373
9237 -11.544794 15.049566 1536.791382
9238 -10.977620 15.317126 1537.217407
9239 -10.888567 14.933568 1536.648071
9240 -10.268478 15.183397 1537.091431
9241 -9.791092 15.425349 1537.455566
9242 -9.594172 15.070941 1537.053345
9243 -9.182726 15.441723 1537.574951
9244 -8.881363 15.048049 1537.195923
9245 -8.472106 15.427246 1537.721191
9246 -8.213151 15.886686 1538.214355
9247 -7.641830 15.384621 1537.942749
9248 -8.179135 14.970280 1537.330444
9249 -7.529642 14.771119 1537.380127
9250 -6.958025 14.992240 1537.861450
9251 -6.916972 15.529117 1538.333008
9252 -6.456172 15.129416 1538.212524
9253 -6.278666 15.526005 1538.585938
9254 -6.330494 14.622197 1537.846436
9255 -6.913966 14.475342 1537.380005
9256 -6.261043 14.133059 1537.423218
9257 -6.863341 13.951728 1536.837402
9258 -7.474303 14.276758 1536.850342
9259 -8.061141 14.531075 1536.866089
9260 -8.033302 14.100717 1536.331787
9261 -8.647474 14.362720 1536.393433
9262 -8.610992 14.722554 1536.881226
9263 -9.286545 14.658419 1536.571533
9264 -9.269030 14.232928 1535.948853
9265 -9.796600 14.419341 1536.048096
9266 -9.879571 14.127192 1535.510620
9267 -8.651194 13.954224 1535.810913
9268 -10.383730 14.384166 1535.789917
9269 -10.172402 14.755503 1536.483398
9270 -10.879618 14.596195 1536.049194
9271 -10.955715 14.361315 1535.539063
9272 -11.457368 14.479968 1535.651123
9273 -11.510871 14.735822 1536.209229
9274 -12.034816 14.575610 1535.748291
9275 -12.657888 14.698830 1535.992920
9276 -12.611793 14.493056 1535.353394
9277 -13.217209 14.571894 1535.507568
9278 -13.154421 14.438151 1534.927124
9279 -12.539154 14.334353 1534.756958
9280 -11.970227 14.378038 1535.192627
9281 -11.357553 14.263872 1535.128418
9282 -13.109755 14.323980 1534.316772
9283 -13.715261 14.421045 1534.541504
9284 -13.780985 14.506632 1535.058472
9285 -14.347281 14.466241 1534.550903
9286 -14.403567 14.549103 1535.147461
9287 -14.976644 14.497890 1534.615845
9288 -15.055239 14.579393 1535.251709
9289 -15.589463 14.513243 1534.729980
9290 -15.718419 14.592108 1535.362427
9291 -16.199963 14.517879 1534.949829
9292 -16.250969 14.589201 1535.478394
9293 -15.944293 14.690735 1535.957642
9294 -16.652704 14.635401 1535.902832
9295 -16.339506 14.783176 1536.456055
9296 -15.627265 14.833776 1536.500000
9297 -15.155334 14.710039 1535.973145
9298 -14.977089 14.892726 1536.615723
9299 -15.368105 15.016159 1536.994385
9300 -16.037708 14.965083 1536.977905
9301 -15.726658 15.180437 1537.426514
9302 -16.723621 14.909023 1537.012817
9303 -17.089912 14.691188 1536.383179
9304 -17.508034 14.808806 1537.061523
9305 -17.977922 14.553589 1536.392456
9306 -17.427723 14.529657 1535.830566
9307 -18.182652 14.362576 1535.644165
9308 -18.732904 14.312632 1536.018799
9309 -18.759846 14.198820 1535.453735
9310 -18.455359 14.201889 1535.044189
9311 -19.126471 14.027821 1535.007813
9312 -19.331976 14.076048 1535.606934
9313 -19.807037 13.840860 1535.056030
9314 -20.121193 13.872394 1535.789673
9315 -20.496311 13.625223 1535.062134
9316 -20.871906 13.593235 1535.636108
9317 -21.175653 13.390603 1535.009644
9318 -21.544197 13.348593 1535.604492
9319 -21.953590 13.118985 1534.979492
9320 -21.490034 13.214830 1534.418457
9321 -20.827782 13.430294 1534.432739
9322 -21.209921 13.254498 1533.829346
9323 -20.587799 13.439288 1533.808105
9324 -20.201979 13.627102 1534.436279
9325 -19.948742 13.624562 1533.787964
9326 -20.414759 13.443593 1533.129883
9327 -20.991711 13.288794 1533.188232
9328 -20.818691 13.336663 1532.519409
9329 -20.176825 13.492436 1532.382080
9330 -19.600561 13.661946 1533.102661
9331 -19.515728 13.654077 1532.296875
9332 -19.959370 13.571951 1531.727295
9333 -19.305786 13.717612 1531.656982
9334 -19.731096 13.682426 1531.114258
9335 -19.032963 13.816107 1531.104736
9336 -18.664934 13.859886 1531.614868
9337 -18.879711 13.806211 1532.149902
9338 -18.243288 13.950034 1532.057739
9339 -18.521683 13.902724 1532.549561
9340 -18.985113 13.798229 1532.713501
9341 -18.357557 13.972242 1533.020508
9342 -17.908184 14.048756 1532.691650
9343 -17.727463 14.146817 1533.427979
9344 -17.249702 14.191848 1532.909424
9345 -17.040737 14.275928 1533.502197
9346 -17.256132 14.292642 1533.990479
9347 -17.933725 14.171086 1534.028564
9348 -17.484932 14.314870 1534.489014
9349 -18.177685 14.188314 1534.550415
9350 -17.661043 14.374574 1535.122559
9351 -18.859194 14.016580 1534.485474
9352 -18.597839 14.017245 1534.011108
9353 -19.244318 13.832871 1533.880493
9354 -18.881437 13.875580 1533.385254
9355 -19.544283 13.821813 1534.431519
9356 -18.247473 14.058079 1533.652344
9357 -16.985865 14.439757 1534.880981
9358 -16.846188 14.526071 1535.375488
9359 -16.812960 14.407060 1534.457153
9360 -16.150084 14.445020 1534.275635
9361 -16.653904 14.360470 1533.860229
9362 -16.078421 14.391842 1533.651245
9363 -15.528836 14.452697 1534.118286
9364 -15.483385 14.400889 1533.492188
9365 -14.919331 14.436897 1534.011108
9366 -14.880287 14.384792 1533.406982
9367 -14.306696 14.399227 1533.954468
9368 -14.261917 14.337512 1533.335815
9369 -13.683529 14.331663 1533.870972
9370 -13.570033 14.242223 1533.219360
9371 -13.128822 14.244241 1533.780396
9372 -12.829161 14.125683 1533.346069
9373 -13.166628 14.115510 1532.761475
9374 -13.726925 14.199966 1532.599487
9375 -14.242559 14.279562 1532.703247
9376 -14.206557 14.218211 1531.996216
9377 -14.835781 14.293837 1532.165771
9378 -14.849400 14.337667 1532.806641
9379 -15.414707 14.322048 1532.299805
9380 -15.416083 14.356688 1532.871460
9381 -15.921196 14.318735 1532.462646
9382 -16.069819 14.341785 1532.986328
9383 -16.667604 14.243804 1532.324219
9384 -16.618055 14.306195 1533.206787
9385 -17.556383 14.095515 1532.174927
9386 -17.335819 14.125382 1531.623291
9387 -18.048578 13.991197 1531.581055
9388 -17.909962 14.041842 1531.004272
9389 -18.453459 13.925901 1531.175415
9390 -18.593700 13.959746 1530.597656
9391 -19.415569 13.837227 1530.509521
9392 -19.025269 14.002671 1530.010010
9393 -18.391865 14.087628 1530.031006
9394 -17.863178 14.111192 1530.384277
9395 -17.859325 14.246063 1529.603516
9396 -17.144018 14.237739 1530.171143
9397 -17.179119 14.172849 1530.854980
9398 -16.609901 14.249166 1530.695557
9399 -16.618311 14.228750 1531.427124
9400 -16.099354 14.272915 1531.204102
9401 -16.054644 14.291353 1530.496338
9402 -15.472107 14.281628 1530.993042
9403 -15.448225 14.294575 1531.672852
9404 -16.028063 14.288394 1531.892090
9405 -14.862494 14.259648 1531.474243
9406 -14.927553 14.245241 1530.773438
9407 -15.472170 14.290433 1530.292236
9408 -14.928553 14.244685 1530.081787
9409 -14.386475 14.165471 1530.500854
9410 -14.360715 14.188166 1531.189941
9411 -13.788941 14.068114 1530.912476
9412 -13.744994 14.107234 1531.559570
9413 -13.485717 14.114466 1532.181885
9414 -13.224138 14.019243 1531.817383
9415 -13.250875 13.976939 1531.340210
9416 -12.600469 13.775467 1531.190674
9417 -13.202020 13.903954 1530.678833
9418 -13.839113 14.039932 1530.214722
9419 -13.219742 13.857674 1530.022339
9420 -12.637866 13.711178 1530.468384
9421 -12.686209 13.673172 1529.898560
9422 -13.117768 13.778785 1529.380371
9423 -13.868853 14.016923 1529.459717
9424 -13.534866 13.881804 1528.740601
9425 -14.172113 14.088466 1528.716919
9426 -13.936090 14.002711 1527.999878
9427 -13.256675 13.744665 1528.109863
9428 -13.506618 13.825804 1527.605713
9429 -12.997685 13.597730 1527.497803
9430 -13.465328 13.799063 1527.130615
9431 -13.110085 13.625983 1526.735229
9432 -12.506244 13.339999 1527.027588
9433 -12.432720 13.349860 1527.643555
9434 -12.649256 13.494590 1528.163452
9435 -11.944795 13.171955 1528.105957
9436 -12.274341 13.398212 1528.773682
9437 -11.629835 13.115055 1528.804565
9438 -12.003196 13.361090 1529.436890
9439 -12.500754 13.553274 1529.372681
9440 -12.893058 13.647191 1528.757202
9441 -12.131335 13.492032 1530.132568
9442 -11.445011 13.182411 1529.958984
9443 -11.270077 13.019528 1529.353882
9444 -10.851642 12.870316 1529.805420
9445 -11.507456 13.294645 1530.617432
9446 -10.755928 12.744018 1529.288330
9447 -10.967076 12.790222 1528.835449
9448 -11.312842 12.895948 1528.344482
9449 -10.747111 12.565920 1528.166626
9450 -10.388589 12.473947 1528.904907
9451 -10.050753 12.165228 1528.269653
9452 -10.357144 12.275283 1527.741455
9453 -9.856565 11.957963 1527.705322
9454 -9.505313 11.802936 1528.267456
9455 -9.205374 11.508504 1527.608887
9456 -9.776914 11.841865 1527.185669
9457 -10.294113 12.167737 1527.199219
9458 -10.128816 12.010792 1526.591553
9459 -10.829652 12.428766 1526.609253
9460 -10.828301 12.502748 1527.391113
9461 -11.410172 12.780336 1527.000732
9462 -11.484117 12.778938 1526.313232
9463 -11.997475 13.064846 1526.676636
9464 -11.944714 13.088140 1527.357300
9465 -12.563230 13.347589 1526.336548
9466 -12.019471 13.062522 1526.022705
9467 -12.545684 13.357463 1525.659302
9468 -12.028482 13.091548 1525.407593
9469 -11.608706 12.845420 1525.754639
9470 -11.932178 13.110928 1524.686157
9471 -12.501722 13.395066 1524.972656
9472 -12.981281 13.722546 1524.630249
9473 -13.030344 13.659561 1525.267090
9474 -13.366188 13.902229 1524.936646
9475 -13.828831 14.186897 1524.933472
9476 -13.569167 13.947479 1525.429565
9477 -14.169109 14.270797 1525.580688
9478 -13.792210 14.009366 1525.969971
9479 -14.248924 14.221787 1526.223877
9480 -14.635307 14.478500 1525.878540
9481 -14.820057 14.481630 1526.381226
9482 -15.138115 14.755511 1525.840942
9483 -15.478297 14.751306 1526.508179
9484 -15.892162 15.087832 1526.004272
9485 -16.194424 14.982697 1526.661011
9486 -16.659775 15.321396 1526.245728
9487 -16.508131 15.498994 1525.730835
9488 -17.049551 15.669954 1525.886719
9489 -16.782337 15.941324 1525.200562
9490 -17.498976 16.106121 1525.550537
9491 -17.438131 16.475084 1525.007202
9492 -16.882956 16.389729 1524.608032
9493 -17.442312 16.905308 1524.475220
9494 -17.924709 16.936607 1524.864380
9495 -17.949528 16.500902 1525.370239
9496 -18.442692 16.898508 1525.294434
9497 -18.513535 16.473181 1525.761108
9498 -18.954462 16.798342 1525.721680
9499 -18.943087 16.277634 1526.189941
9500 -19.482470 16.644745 1526.153564
9501 -19.546429 16.018826 1526.714111
9502 -20.083492 16.553318 1526.544922
9503 -20.137201 16.040888 1526.954224
9504 -20.722580 16.526943 1526.894165
9505 -20.734222 16.058189 1527.207520
9506 -21.157909 16.265091 1527.264893
9507 -21.254951 16.932272 1526.965820
9508 -21.588017 16.454639 1527.359619
9509 -21.994352 17.100092 1527.274292
9510 -21.709356 17.774008 1526.936523
9511 -22.418571 17.749886 1527.287598
9512 -22.512671 17.228018 1527.460693
9513 -22.931686 17.597393 1527.515991
9514 -22.897402 17.034168 1527.666138
9515 -23.458836 17.424610 1527.719238
9516 -23.471741 18.008213 1527.587769
9517 -22.959221 18.191465 1527.410278
9518 -23.509714 18.597734 1527.511108
9519 -23.045452 18.964331 1527.364136
9520 -23.621742 19.131809 1527.491211
9521 -23.463932 19.519146 1527.450806
9522 -24.045040 19.622675 1527.536377
9523 -24.019865 18.898954 1527.571899
9524 -24.755671 19.257368 1527.614014
9525 -24.735426 19.824181 1527.597900
9526 -24.370893 20.364210 1527.596069
9527 -23.635452 20.146667 1527.502075
9528 -23.584673 20.834528 1527.570801
9529 -24.237911 20.993052 1527.660156
9530 -23.610975 21.368698 1527.674438
9531 -23.002148 21.167984 1527.544678
9532 -22.989946 20.396830 1527.410522
9533 -22.395468 20.686506 1527.308838
9534 -22.336145 21.350281 1527.450195
9535 -21.860481 20.980297 1527.198364
9536 -21.872480 20.319820 1527.043945
9537 -22.388004 19.957289 1527.190308
9538 -21.846201 19.541317 1526.912720
9539 -22.420519 19.189335 1527.151489
9540 -22.988657 19.686687 1527.349609
9541 -22.373871 18.430193 1527.164307
9542 -21.830599 18.697491 1526.879517
9543 -21.249256 18.289419 1526.569336
9544 -20.994141 17.593107 1526.567871
9545 -20.670893 18.077097 1526.213257
9546 -20.359295 17.527334 1526.174438
9547 -20.577805 17.018366 1526.547363
9548 -19.914946 17.052143 1526.127319
9549 -19.785675 17.546864 1525.762451
9550 -19.375816 17.160267 1525.711182
9551 -19.305183 17.550972 1525.406128
9552 -18.929674 17.287666 1525.308105
9553 -18.958841 17.850464 1524.939453
9554 -19.573051 17.995235 1525.381714
9555 -19.308254 18.559273 1524.907959
9556 -18.711775 18.392750 1524.386963
9557 -18.928745 18.881502 1524.390747
9558 -18.514366 18.858416 1523.911377
9559 -18.126158 18.296337 1523.814087
9560 -18.338434 17.878326 1524.358521
9561 -17.801044 17.840313 1523.838623
9562 -17.907671 17.386349 1524.385986
9563 -17.395496 17.316938 1523.945557
9564 -16.914911 16.818897 1524.040161
9565 -16.869911 17.212265 1523.461792
9566 -16.497263 16.751842 1523.627930
9567 -16.479866 16.384113 1524.161499
9568 -16.362026 15.968672 1524.700195
9569 -16.011225 16.017233 1524.163696
9570 -16.178801 16.377638 1523.781982
9571 -15.788430 16.132719 1523.630127
9572 -15.457348 15.652861 1524.023438
9573 -15.771108 15.579197 1524.658691
9574 -15.272830 15.277128 1524.544922
9575 -15.397112 15.102753 1525.209717
9576 -14.856703 14.920012 1524.721680
9577 -14.761068 14.672949 1525.339111
9578 -14.348329 14.537257 1524.856201
9579 -14.955859 15.204766 1524.145874
9580 -16.124048 15.521141 1525.256348
9581 -15.003592 15.494375 1523.568481
9582 -15.380685 15.876581 1523.447876
9583 -15.057069 15.790833 1523.039795
9584 -15.572145 16.300903 1522.980713
9585 -16.088049 16.594177 1523.300781
9586 -16.012516 16.882772 1522.713867
9587 -15.514190 16.664938 1522.212036
9588 -15.098180 16.131533 1522.433472
9589 -15.076179 16.422749 1521.791992
9590 -15.460164 16.951181 1521.546265
9591 -15.972198 17.259880 1522.012451
9592 -15.879617 17.507217 1521.374390
9593 -15.393823 17.187185 1520.875000
9594 -15.826512 17.696339 1520.868286
9595 -16.195051 18.006975 1521.158569
9596 -16.031130 18.126677 1520.510620
9597 -15.589190 17.663965 1520.276611
9598 -15.791458 18.147020 1519.724365
9599 -16.282141 18.689402 1520.096802
9600 -16.461374 18.520140 1520.899536
9601 -16.715738 19.182365 1520.522339
9602 -16.465151 19.234932 1519.678955
9603 -16.790514 19.752234 1519.944702
9604 -17.023399 19.834173 1520.544800
9605 -17.000925 20.220249 1520.067383
9606 -17.222603 20.450670 1520.536987
9607 -17.310057 20.019100 1521.134155
9608 -17.493862 20.747845 1521.109375
9609 -17.615147 20.269825 1521.694824
9610 -17.749861 20.882515 1521.727783
9611 -17.661978 21.223356 1521.352661
9612 -17.536703 21.333954 1520.928711
9613 -17.349226 21.102398 1520.464478
9614 -17.459299 21.764416 1520.483765
9615 -17.666590 21.880724 1521.158325
9616 -17.562719 22.468094 1520.625366
9617 -17.372627 22.263540 1519.944580
9618 -17.473650 22.963207 1520.096436
9619 -17.613544 23.143373 1520.762817
9620 -17.524492 23.701956 1520.210327
9621 -17.619202 23.656620 1520.907471
9622 -17.546097 24.181160 1520.615234
9623 -17.515095 24.457047 1520.116943
9624 -17.480734 24.109064 1519.542969
9625 -17.391403 23.354698 1519.472168
9626 -17.374327 23.783817 1518.876099
9627 -17.520201 24.453949 1518.815308
9628 -17.379642 24.036976 1518.239136
9629 -17.249205 23.507212 1518.421143
9630 -17.135664 23.485693 1517.828857
9631 -17.111605 22.984886 1518.351318
9632 -17.256414 23.161381 1518.876343
9633 -17.155165 22.560387 1518.891968
9634 -17.302847 22.728962 1519.418701
9635 -17.186464 22.013729 1519.357788
9636 -17.243788 21.501730 1519.866577
9637 -17.028872 21.205521 1519.301636
9638 -17.123236 20.797014 1519.944458
9639 -16.863361 20.323780 1519.496094
9640 -16.782646 20.646645 1518.898804
9641 -16.641760 20.094074 1518.995850
9642 -16.561914 19.681721 1519.277588
9643 -16.407078 19.706375 1518.686523
9644 -16.183090 19.091164 1518.950806
9645 -16.104507 19.305944 1518.233032
9646 -16.307369 19.906555 1518.036987
9647 -16.046349 19.543982 1517.609741
9648 -15.790581 18.942835 1517.750000
9649 -15.744883 18.608826 1518.350098
9650 -15.454654 18.353996 1517.836304
9651 -15.372772 18.029497 1518.441772
9652 -15.776889 18.405066 1518.999268
9653 -15.346953 17.782242 1519.106567
9654 -14.794479 17.283939 1518.465698
9655 -14.960487 17.233585 1519.338989
9656 -15.373112 17.633728 1519.647095
9657 -15.123107 17.198868 1520.037109
9658 -14.842917 16.726793 1520.459229
9659 -14.658802 16.747164 1519.771606
9660 -14.381398 16.294580 1520.205811
9661 -14.584164 16.326033 1520.769531
9662 -14.979018 16.628134 1521.098877
9663 -14.740522 15.965509 1522.034790
9664 -13.889101 15.786260 1520.071167
9665 -14.197606 16.274958 1519.576904
9666 -13.807998 15.896248 1519.326416
9667 -13.430005 15.390886 1519.625732
9668 -13.433035 15.232335 1520.272583
9669 -12.962647 14.830387 1519.846191
9670 -12.945635 14.698267 1520.387451
9671 -13.004654 15.017540 1519.173218
9672 -13.421135 15.542844 1518.949951
9673 -13.054330 15.220819 1518.509766
9674 -12.716513 14.793027 1518.717773
9675 -12.648153 14.868903 1518.008179
9676 -13.089730 15.418634 1517.842651
9677 -12.790739 15.205222 1517.276611
9678 -13.203779 15.707734 1517.216064
9679 -13.457342 15.881730 1517.728882
9680 -13.708532 16.308275 1517.218140
9681 -13.805690 16.212536 1518.059326
9682 -14.226321 16.771465 1517.822510
9683 -14.180800 16.902655 1517.100342
9684 -13.775926 16.555061 1516.561035
9685 -13.355347 16.034662 1516.632935
9686 -13.454128 16.299601 1516.046997
9687 -13.775064 16.721924 1515.905518
9688 -13.453295 16.442625 1515.471802
9689 -13.758573 16.857008 1515.315186
9690 -14.144724 17.210032 1515.789917
9691 -14.103407 17.339670 1515.169434
9692 -13.715997 16.981457 1514.678589
9693 -14.141102 17.588228 1514.579956
9694 -14.395423 17.779333 1515.064209
9695 -14.470499 18.073669 1514.628174
9696 -14.692133 18.152906 1515.271362
9697 -14.795784 18.587915 1514.753662
9698 -15.053509 18.695333 1515.455444
9699 -15.133691 19.238089 1514.892822
9700 -14.842575 19.046539 1514.212769
9701 -15.093416 19.674202 1514.293701
9702 -14.852206 19.547537 1513.691650
9703 -14.589858 18.956171 1513.547119
9704 -14.635870 19.526434 1513.079956
9705 -14.835039 20.061239 1513.228760
9706 -15.068069 20.160982 1513.831665
9707 -15.042791 20.668690 1513.446289
9708 -15.240129 20.765249 1513.961060
9709 -15.191461 21.268486 1513.555542
9710 -15.400575 21.371397 1514.107178
9711 -15.360652 21.888372 1513.708374
9712 -15.577413 21.990057 1514.278320
9713 -15.548509 22.454559 1513.877075
9714 -15.118851 21.752142 1513.091797
9715 -15.738974 22.475317 1514.414307
9716 -15.807148 22.155022 1514.841553
9717 -15.933184 22.736511 1514.757446
9718 -16.063999 22.448174 1515.374634
9719 -16.182541 23.096575 1515.112793
9720 -16.301735 23.541716 1514.882568
9721 -16.446863 23.509443 1515.343506
9722 -16.336830 22.963701 1515.693726
9723 -16.608751 23.424248 1515.940430
9724 -16.529297 22.807714 1516.415405
9725 -16.772839 23.384418 1516.511353
9726 -16.907757 23.836819 1516.195801
9727 -17.039106 23.726803 1516.922729
9728 -17.247925 24.262310 1516.498291
9729 -17.417252 24.316242 1517.418945
9730 -17.464527 24.668459 1516.082031
9731 -16.825415 23.098984 1517.064697
9732 -16.914097 22.744057 1517.770508
9733 -16.623255 22.333527 1517.107056
9734 -16.801086 22.080698 1517.885498
9735 -16.982693 22.350983 1518.353882
9736 -16.886675 21.814211 1518.371948
9737 -17.023762 21.875254 1518.833374
9738 -16.862770 21.295994 1518.646362
9739 -16.731443 21.450470 1518.076416
9740 -16.662100 20.837652 1518.301147
9741 -16.565107 20.234127 1518.554932
9742 -16.448561 20.463154 1517.901733
9743 -16.214142 20.125988 1517.440918
9744 -16.330278 20.692970 1517.299683
9745 -16.064411 20.322680 1516.743286
9746 -16.238762 20.999332 1516.782471
9747 -15.993462 20.715961 1516.217407
9748 -15.827948 20.176067 1516.112549
9749 -15.813535 19.808771 1516.433228
9750 -15.611194 19.745756 1515.833862
9751 -15.596273 19.384192 1516.233276
9752 -15.371104 19.268452 1515.630859
9753 -15.294402 18.809139 1516.114868
9754 -15.533339 18.978588 1516.682251
9755 -15.748175 19.431187 1516.700073
9756 -15.780206 19.216322 1517.168823
9757 -15.966829 19.764181 1517.010010
9758 -15.505744 18.665909 1517.245483
9759 -15.216742 18.418972 1516.684082
9760 -15.189306 18.146093 1517.315430
9761 -15.061004 17.794954 1517.856201
9762 -14.880501 17.691755 1517.409302
9763 -14.621173 17.304871 1517.611450
9764 -14.553556 17.412352 1516.914063
9765 -14.173597 17.066635 1516.444214
9766 -14.535692 17.578337 1516.261841
9767 -14.886084 17.897461 1516.766113
9768 -14.908505 18.190681 1516.021240
9769 -14.480038 17.711653 1515.602539
9770 -14.208126 16.572084 1518.514526
9771 -14.492606 16.748045 1519.107910
9772 -14.110217 16.313244 1519.068237
9773 -13.796700 16.042351 1518.697998
9774 -13.439410 15.718342 1518.308594
9775 -15.441576 19.792578 1515.248047
9776 -15.694112 20.393587 1515.526733
9777 -15.484969 20.346560 1514.932251
9778 -15.291026 19.851606 1514.731079
9779 -15.262072 20.268442 1514.325684
9780 -15.452950 20.867254 1514.524048
9781 -15.686826 20.981274 1515.145386
9782 -15.640182 21.521410 1514.725708
9783 -15.876985 21.700363 1515.314941
9784 -15.946369 21.087189 1515.845825
9785 -16.101027 21.910398 1515.837646
9786 -16.271965 22.484533 1515.940063
9787 -16.346666 22.101849 1516.428467
9788 -16.402416 21.634306 1516.887451
9789 -16.173843 21.412119 1516.333008
9790 -16.416670 21.197777 1517.209229
9791 -16.588701 21.630243 1517.476929
9792 -16.537815 21.040373 1517.715210
9793 -14.977114 21.144575 1513.007690
9794 -14.880066 21.552416 1512.528809
9795 -14.206986 18.298244 1513.307861
9796 -14.488357 18.398075 1514.051514
9797 -14.243593 18.015459 1513.944702
9798 -13.853006 17.628408 1513.416870
9799 -13.809341 17.315725 1514.030518
9800 -13.522328 17.304796 1512.994629
9801 -13.746754 17.775200 1512.762817
9802 -13.183565 16.068888 1515.670654
9803 -13.055170 15.811416 1516.093506
9804 -12.857485 15.708648 1515.552124
9805 -12.636488 15.333750 1516.023315
9806 -12.909273 15.501662 1516.641846
9807 -12.416759 14.945092 1516.575806
9808 -12.413995 14.758940 1517.341187
9809 -12.008293 14.395350 1517.007324
9810 -12.103395 14.321777 1517.799072
9811 -12.329850 14.409638 1518.547363
9812 -16.133184 18.771885 1519.436523
9813 -17.638615 24.731146 1518.093140
9814 -17.965931 25.369701 1518.008667
9815 -17.741295 25.225399 1518.772949
9816 -18.074543 25.861191 1518.521973
9817 -18.320436 25.885170 1517.936157
9818 -18.480450 26.381062 1518.364502
9819 -18.178493 26.519720 1518.981079
9820 -18.547054 26.837587 1518.768433
9821 -18.303160 27.133459 1519.271973
9822 -18.860041 27.176683 1518.765625
9823 -18.814508 27.643858 1519.230347
9824 -19.337305 27.552671 1518.738403
9825 -19.301012 27.142633 1518.282104
9826 -18.875824 26.764185 1518.277466
9827 -19.318161 26.818382 1517.770508
9828 -18.823172 26.405922 1517.816284
9829 -19.786440 27.221088 1517.870605
9830 -19.742233 27.487698 1518.316040
9831 -20.208172 27.611076 1518.058716
9832 -20.243452 27.373425 1517.602417
9833 -20.696190 28.001087 1518.208008
9834 -20.019444 27.926029 1518.655762
9835 -20.679379 28.409012 1518.782959
9836 -20.064518 28.436106 1519.207886
9837 -20.680292 28.900595 1519.344971
9838 -21.310743 28.843124 1518.863281
9839 -21.415915 29.408794 1519.429199
9840 -21.910795 29.212845 1518.834106
9841 -22.061424 29.610027 1519.173584
9842 -22.459084 29.577974 1518.768799
9843 -22.379860 29.175047 1518.293579
9844 -22.832846 29.560307 1518.296387
9845 -22.948629 29.952465 1518.700195
9846 -23.230005 29.945181 1518.305542
9847 -23.534279 30.420700 1518.534058
9848 -23.069260 30.398270 1519.095215
9849 -23.671328 30.945484 1518.990234
9850 -23.975176 30.773582 1518.302612
9851 -24.108107 31.247900 1518.720825
9852 -24.393728 31.309849 1518.281250
9853 -24.390223 31.682531 1518.781372
9854 -23.922829 31.572952 1519.319458
9855 -24.471800 32.215710 1519.192383
9856 -23.978201 32.233337 1519.831055
9857 -23.435205 31.699459 1519.956787
9858 -23.453518 31.242460 1519.538696
9859 -22.913443 31.181824 1519.981445
9860 -22.899025 31.712276 1520.424561
9861 -23.345606 32.227337 1520.484497
9862 -22.779531 32.098244 1520.810425
9863 -22.398144 31.726868 1520.773682
9864 -22.279402 32.299175 1521.244019
9865 -22.950895 32.563999 1521.066650
9866 -22.568893 32.953499 1521.569824
9867 -23.161032 33.055672 1521.371460
9868 -23.515394 32.754498 1520.805664
9869 -24.000336 32.762268 1520.265991
9870 -24.565508 32.890076 1519.611450
9871 -24.546959 33.342628 1520.092041
9872 -24.968243 33.542755 1519.606689
9873 -25.043278 33.307549 1519.167480
9874 -24.952183 32.798397 1518.915649
9875 -25.325235 33.486156 1518.566406
9876 -25.622616 33.280380 1517.885254
9877 -25.856537 33.249413 1517.264160
9878 -25.491108 32.724087 1517.562134
9879 -25.231438 32.761539 1518.247437
9880 -25.125076 32.205456 1517.864990
9881 -24.856228 32.209717 1518.541870
9882 -24.768229 31.759430 1518.124146
9883 -24.948183 31.769497 1517.530762
9884 -25.265837 32.198631 1517.177734
9885 -24.994270 31.715681 1516.883667
9886 -25.283884 32.209793 1516.430298
9887 -24.983345 31.658022 1516.169434
9888 -25.273743 32.183586 1515.667236
9889 -24.984058 31.619295 1515.403320
9890 -25.242712 32.155815 1514.886475
9891 -25.569992 32.639797 1515.201660
9892 -25.748381 32.827885 1514.396606
9893 -25.220722 32.192787 1514.086548
9894 -24.930895 31.437496 1514.514038
9895 -25.018562 31.657276 1513.609619
9896 -25.245882 32.328175 1513.293457
9897 -24.864876 31.889929 1513.111816
9898 -24.608446 31.372149 1513.175537
9899 -24.557713 31.762768 1512.647705
9900 -24.039070 31.261900 1512.635376
9901 -24.081333 30.862524 1513.227661
9902 -23.435680 30.767874 1512.621826
9903 -23.541615 30.344244 1513.323608
9904 -24.025488 30.500822 1513.880981
9905 -24.557865 31.053154 1513.852173
9906 -24.409773 30.737757 1514.483154
9907 -23.891647 30.172239 1514.449951
9908 -24.153545 30.339266 1515.081421
9909 -24.614395 30.956646 1515.212646
9910 -24.650648 31.046364 1515.990479
9911 -23.609808 29.720726 1515.041382
9912 -23.315023 29.595013 1514.412231
9913 -23.072474 29.152304 1515.067383
9914 -23.619385 30.073273 1513.966064
9915 -23.220655 29.704733 1513.940063
9916 -23.016821 29.813211 1513.402466
9917 -22.933416 30.282970 1512.652100
9918 -22.433687 29.752625 1512.690796
9919 -22.412973 30.230751 1512.042725
9920 -22.062395 30.174467 1511.529663
9921 -22.502499 30.611238 1511.638428
9922 -22.323923 30.655245 1511.027466
9923 -22.872795 31.093351 1511.557861
9924 -22.921587 30.775915 1512.053223
9925 -23.430283 31.238400 1512.086304
9926 -23.419874 31.675974 1511.416260
9927 -23.992071 31.784208 1512.131348
9928 -24.014605 32.382244 1511.652588
9929 -23.676966 32.186127 1510.817261
9930 -23.332085 31.627110 1510.712524
9931 -23.560812 31.765036 1510.236328
9932 -23.059473 31.300400 1510.172729
9933 -24.054739 31.597689 1509.911255
9934 -24.021217 32.266022 1510.242920
9935 -24.417305 32.089588 1509.764404
9936 -24.382326 31.670387 1509.328979
9937 -22.884190 31.279570 1510.880371
9938 -22.475462 30.824411 1510.310181
9939 -22.617165 30.795050 1509.810059
9940 -24.185337 32.557037 1510.848389
9941 -24.595203 32.306358 1512.213745
9942 -25.051895 32.136402 1512.751465
9943 -25.630766 32.713799 1513.794800
9944 -26.044764 32.968452 1515.089722
9945 -26.439123 33.144775 1515.544189
9946 -25.824221 32.869499 1515.935303
9947 -26.441992 33.348339 1516.042603
9948 -26.200333 33.250916 1516.626587
9949 -25.653635 32.738472 1516.829346
9950 -24.686861 31.171381 1516.688477
9951 -24.409397 30.838209 1517.159912
9952 -24.747578 31.390121 1517.316406
9953 -24.394974 31.028723 1517.763916
9954 -24.692791 31.480356 1517.806396
9955 -24.595663 33.630444 1520.616455
9956 -24.067917 33.179077 1520.685669
9957 -24.081541 33.686939 1521.407227
9958 -23.695259 33.208397 1521.155396
9959 -23.488676 33.437653 1521.560303
9960 -23.554296 33.845219 1522.031250
9961 -23.089134 34.156113 1522.499023
9962 -22.929840 33.562557 1521.933228
9963 -22.449694 34.000225 1522.421021
9964 -22.576551 34.564335 1522.797241
9965 -22.079851 35.083675 1522.996094
9966 -21.897102 34.413448 1522.735718
9967 -21.351141 34.967747 1522.998901
9968 -21.738514 35.594948 1523.157471
9969 -21.201962 35.744297 1523.219971
9970 -20.636627 35.202309 1523.226440
9971 -20.633556 35.906643 1523.354248
9972 -21.161835 36.330170 1523.479980
9973 -20.650366 36.513912 1523.515503
9974 -20.091164 36.712460 1523.517578
9975 -19.442358 36.779846 1523.509766
9976 -19.184811 37.356422 1523.510010
9977 -18.965729 37.930126 1523.513306
9978 -18.854933 38.554134 1523.494263
9979 -18.660967 39.154213 1523.296265
9980 -18.469170 39.717361 1523.276611
9981 -18.039852 39.205185 1523.427612
9982 -17.733175 39.792912 1523.403931
9983 -17.365433 39.208115 1523.484863
9984 -17.048183 39.829891 1523.463867
9985 -17.393393 40.466778 1523.347168
9986 -16.804199 40.390697 1523.342651
9987 -16.908705 40.904743 1523.323242
9988 -17.236151 41.176647 1523.178223
9989 -16.684860 41.528755 1523.195679
9990 -16.295845 40.704418 1523.164063
9991 -15.936481 41.274742 1522.855225
9992 -16.153816 41.882496 1522.805420
9993 -15.566036 41.724998 1522.498657
9994 -16.087589 42.226387 1522.394165
9995 -15.440901 42.260078 1521.953735
9996 -15.230714 41.606621 1521.761719
9997 -15.333117 41.946465 1521.225098
9998 -15.081347 41.520683 1521.236084
9999 -15.171692 41.705067 1520.740967
10000 -15.677324 41.987362 1520.757690
10001 -15.496187 41.867184 1520.199463
10002 -14.893732 41.556454 1520.199829
10003 -15.190294 41.806026 1519.545166
10004 -15.922046 41.939808 1519.575195
10005 -15.398322 42.023102 1518.873535
10006 -16.080170 42.150311 1518.925171
10007 -16.600607 42.092609 1519.231567
10008 -16.580418 42.356117 1518.642578
10009 -15.949828 42.345570 1518.325928
10010 -16.631889 42.601353 1518.060913
10011 -17.153475 42.594936 1518.274780
10012 -17.096737 42.798931 1517.772583
10013 -16.698961 42.821556 1517.426147
10014 -17.323631 42.979034 1517.318359
10015 -16.948917 43.000046 1516.811523
10016 -16.446539 42.868462 1516.897217
10017 -16.554777 42.960815 1516.349487
10018 -17.155115 43.104404 1516.200806
10019 -16.752279 43.025448 1515.831909
10020 -17.274725 43.155399 1515.574463
10021 -17.928940 43.252029 1516.030640
10022 -17.604227 43.110195 1516.707520
10023 -18.336294 43.167332 1516.669678
10024 -17.975237 43.088463 1517.306030
10025 -17.607903 42.843468 1517.857666
10026 -18.258043 42.882526 1517.945679
10027 -17.759628 42.531147 1518.378662
10028 -17.189602 42.310341 1518.913452
10029 -17.843399 42.219841 1518.958984
10030 -17.223898 42.015827 1519.408447
10031 -16.619005 41.934223 1519.893799
10032 -17.219259 41.933792 1520.119141
10033 -16.659502 41.933861 1520.653198
10034 -16.086802 41.934975 1520.326172
10035 -16.189503 42.105518 1520.887451
10036 -15.823853 42.346485 1521.267456
10037 -16.524506 42.399185 1521.453857
10038 -16.051456 42.342239 1521.854126
10039 -17.819588 41.935574 1519.464478
10040 -18.400845 41.936203 1518.931885
10041 -18.452770 42.372044 1518.473633
10042 -18.980009 42.784748 1518.024902
10043 -18.736332 43.090084 1517.317993
10044 -17.787422 43.463139 1515.328979
10045 -18.385111 43.560669 1514.909668
10046 -18.332935 43.361008 1514.435791
10047 -18.217215 43.117489 1513.893555
10048 -18.063736 42.920769 1513.311890
10049 -18.407026 42.189793 1512.284546
10050 -17.922131 42.675388 1512.689087
10051 -17.623507 42.364632 1512.134399
10052 -18.010002 41.920509 1511.732910
10053 -18.677856 41.771610 1511.819458
10054 -18.411411 41.482231 1511.302124
10055 -17.549397 41.613548 1511.159058
10056 -17.268774 41.980854 1511.786377
10057 -16.726801 41.632336 1511.437500
10058 -17.031401 41.245007 1510.856079
10059 -16.481243 41.199284 1511.000366
10060 -16.598274 40.826519 1510.581543
10061 -17.163170 40.826366 1510.445801
10062 -17.533558 41.158981 1510.689453
10063 -17.737007 40.788242 1510.377441
10064 -18.097475 41.172249 1510.756836
10065 -18.447615 40.677414 1510.415039
10066 -17.935574 40.276585 1510.021484
10067 -18.614077 40.191990 1510.089844
10068 -19.178301 40.428139 1510.562256
10069 -18.821056 40.967731 1510.940063
10070 -19.595564 40.706253 1511.064819
10071 -19.191399 41.258316 1511.459961
10072 -19.975159 40.294212 1510.844727
10073 -19.711021 39.971043 1510.325806
10074 -20.442682 39.864349 1510.648560
10075 -20.086439 39.412575 1509.972046
10076 -20.708448 39.353001 1510.335571
10077 -20.583675 38.871479 1509.944580
10078 -20.419052 38.407715 1509.601685
10079 -20.465590 37.865154 1509.275513
10080 -19.978407 38.230804 1509.322021
10081 -20.127884 37.906139 1508.754272
10082 -20.544201 37.556301 1508.813843
10083 -20.224674 37.530560 1508.240845
10084 -20.817356 37.166851 1508.234741
10085 -20.445202 37.185062 1507.758789
10086 -20.881922 36.680275 1507.685791
10087 -20.302275 36.850346 1507.281372
10088 -20.635950 36.407383 1507.204468
10089 -20.165306 36.305981 1506.844482
10090 -20.722742 35.882481 1506.872314
10091 -21.043272 36.207829 1507.418091
10092 -21.225864 35.546284 1507.105469
10093 -19.663074 36.786995 1506.948486
10094 -19.780020 37.383160 1507.642334
10095 -19.113077 37.195591 1507.359009
10096 -19.136662 37.570606 1507.937988
10097 -19.622124 37.700516 1508.377930
10098 -18.896587 37.963940 1508.533325
10099 -18.556356 37.739441 1508.111328
10100 -18.294878 38.011497 1508.402344
10101 -17.777575 38.235794 1508.548584
10102 -18.326405 38.384106 1508.788452
10103 -17.739815 38.724773 1508.954346
10104 -18.343384 38.893677 1509.168213
10105 -17.730721 39.292522 1509.351440
10106 -17.115334 39.005875 1509.129150
10107 -17.149946 38.495842 1508.729736
10108 -16.499365 38.729305 1508.934082
10109 -16.558769 38.249752 1508.530151
10110 -15.887240 38.397507 1508.713745
10111 -15.966423 37.836689 1508.227905
10112 -15.288378 37.979500 1508.443237
10113 -15.407854 37.421978 1507.970825
10114 -14.560096 38.021004 1508.618896
10115 -15.155258 38.585663 1508.990479
10116 -14.387460 38.506622 1509.095459
10117 -13.996041 38.131111 1508.858765
10118 -13.421598 37.969543 1508.891479
10119 -13.708084 38.448071 1509.251709
10120 -13.050441 38.329788 1509.393799
10121 -12.648351 37.748726 1508.987427
10122 -12.479170 38.188667 1509.522583
10123 -12.026742 37.786980 1509.339966
10124 -12.051367 37.264114 1508.819092
10125 -12.577340 37.138050 1508.482788
10126 -12.003227 36.713634 1508.391724
10127 -12.543782 36.575386 1508.083008
10128 -12.164863 36.268028 1508.020752
10129 -11.550117 36.801216 1508.676514
10130 -11.070408 36.381207 1508.597900
10131 -11.047062 36.885647 1509.042847
10132 -10.559531 36.490273 1509.000977
10133 -10.546316 35.955109 1508.565430
10134 -9.915003 36.038410 1509.034668
10135 -9.966108 35.385704 1508.470581
10136 -9.337528 35.510220 1508.954224
10137 -9.295000 34.997288 1508.554199
10138 -9.689324 34.797806 1508.204834
10139 -9.173233 34.446079 1508.206177
10140 -8.687670 34.646118 1508.594604
10141 -8.550798 34.072552 1508.205933
10142 -8.103286 33.835197 1508.200562
10143 -8.081558 34.284168 1508.583252
10144 -7.595262 33.969616 1508.508911
10145 -7.468415 34.321056 1508.903442
10146 -7.334160 34.716076 1509.392212
10147 -8.096086 34.902622 1509.159424
10148 -7.509589 35.141529 1509.798218
10149 -6.871417 34.855717 1509.813354
10150 -7.016414 35.256527 1510.289307
10151 -6.392850 35.000938 1510.286011
10152 -5.761369 34.740208 1510.200439
10153 -5.921765 35.091667 1510.702759
10154 -5.280911 34.856674 1510.603760
10155 -4.668052 34.662975 1510.507935
10156 -4.906397 34.966515 1510.982178
10157 -4.351836 34.860458 1511.003906
10158 -4.071926 34.549458 1510.505615
10159 -3.696717 34.716396 1510.947632
10160 -3.551949 34.402809 1510.388794
10161 -3.488469 34.069130 1509.831665
10162 -3.096452 34.246864 1510.215698
10163 -2.871518 33.955399 1509.747681
10164 -3.283571 33.684883 1509.246582
10165 -2.651253 33.609337 1509.186523
10166 -3.619942 33.457592 1508.856201
10167 -2.394571 33.357731 1508.777466
10168 -2.052706 33.583927 1509.181763
10169 -1.884302 33.275002 1508.638550
10170 -1.456475 33.541336 1509.113647
10171 -1.257919 33.248901 1508.568848
10172 -1.696178 33.011536 1508.169556
10173 -1.079019 32.984722 1508.072266
10174 -1.441595 32.736218 1507.672607
10175 -0.681501 32.837410 1507.753540
10176 -0.468511 32.480038 1507.089355
10177 -0.030985 32.827915 1507.621704
10178 0.181871 32.507088 1507.003662
10179 -0.247318 32.144428 1506.495117
10180 0.419698 32.239399 1506.500244
10181 -0.024192 31.819576 1505.953247
10182 -0.733846 31.784697 1506.052979
10183 -0.546663 31.454567 1505.562622
10184 0.029099 31.444666 1505.417725
10185 0.465034 31.668444 1505.622192
10186 0.641045 31.414188 1505.223511
10187 0.109107 31.105574 1504.960571
10188 0.685339 31.017826 1504.697754
10189 0.117489 30.683317 1504.457397
10190 -0.550256 30.794403 1504.763672
10191 -0.434650 30.344603 1504.246094
10192 -1.056777 30.386320 1504.470215
10193 -0.928402 29.985260 1504.041260
10194 -0.324406 29.926785 1503.789063
10195 -0.817420 29.465334 1503.524536
10196 -0.201202 29.578789 1503.410278
10197 -0.330328 29.171473 1503.079102
10198 0.250197 29.457857 1503.129150
10199 0.171893 29.009804 1502.730469
10200 -0.402215 28.691032 1502.678223
10201 -0.934747 28.888708 1503.068604
10202 -0.983832 28.350475 1502.640381
10203 -1.546384 28.568817 1503.062744
10204 -1.459877 29.121212 1503.470459
10205 -2.120989 28.208654 1503.041138
10206 -1.356389 29.594254 1503.830688
10207 -0.423728 28.194874 1502.254639
10208 -0.479167 27.535839 1501.710205
10209 0.215010 28.024918 1501.799683
10210 0.172432 27.419846 1501.267212
10211 0.546667 27.217709 1500.881104
10212 1.024291 27.326012 1500.725830
10213 0.683733 27.696520 1501.258301
10214 1.287227 27.897408 1501.143555
10215 0.900235 28.239027 1501.670410
10216 1.087823 28.702799 1502.039917
10217 0.585088 28.482847 1502.053589
10218 0.667387 28.872936 1502.392822
10219 1.242261 29.136536 1502.410400
10220 0.803379 29.347725 1502.806885
10221 1.391693 29.669058 1502.909912
10222 2.004978 30.005938 1503.043579
10223 2.624053 29.945292 1502.724487
10224 2.533973 30.387045 1503.291992
10225 3.150234 30.371473 1503.034546
10226 3.013084 30.791328 1503.627319
10227 2.408244 30.815380 1503.881714
10228 1.932428 30.425161 1503.566650
10229 1.823345 30.836813 1504.116821
10230 1.334759 30.511200 1503.882202
10231 1.272427 30.919016 1504.400635
10232 1.776212 31.210260 1504.621094
10233 2.231599 31.114218 1504.340942
10234 2.307013 31.434792 1504.758667
10235 2.857105 31.265038 1504.330444
10236 2.847348 31.693830 1504.952881
10237 2.351119 31.759283 1505.212769
10238 1.827668 31.591053 1505.133423
10239 2.067094 31.996695 1505.659302
10240 1.286264 31.859484 1505.683105
10241 1.242342 31.343592 1504.962524
10242 1.783525 32.335464 1506.280273
10243 2.481507 32.330677 1506.051147
10244 2.716724 32.033684 1505.508545
10245 3.185096 32.332333 1505.827393
10246 3.341431 32.020527 1505.287109
10247 3.589697 31.627150 1504.607544
10248 4.002387 32.047600 1505.127319
10249 4.406850 31.762791 1504.563721
10250 4.211197 31.384502 1504.046753
10251 4.864278 31.536160 1504.081787
10252 4.779342 31.216839 1503.624390
10253 5.285204 31.297659 1503.601074
10254 5.045854 30.965445 1503.181763
10255 4.556902 30.797335 1503.096191
10256 4.113010 30.977737 1503.491333
10257 4.068920 30.660301 1503.072510
10258 4.335400 30.423626 1502.670166
10259 3.729088 30.346579 1502.785767
10260 3.961992 30.013716 1502.284790
10261 3.301762 29.962200 1502.473633
10262 3.601210 30.752985 1503.361084
10263 5.031566 30.604124 1502.685791
10264 3.582692 31.154757 1503.921021
10265 5.518667 30.990477 1503.083008
10266 5.736724 30.659615 1502.557739
10267 5.987715 30.319437 1502.030151
10268 6.138517 31.043713 1502.996582
10269 5.834588 31.359398 1503.550781
10270 5.474082 31.640827 1504.085083
10271 6.134354 31.708017 1504.036377
10272 6.470296 31.421495 1503.491821
10273 6.727917 31.788019 1504.038940
10274 6.437624 32.077728 1504.603149
10275 6.968964 32.083874 1504.512085
10276 7.314730 31.871963 1504.059082
10277 7.125372 31.502771 1503.468872
10278 7.718755 31.625237 1503.539429
10279 8.077779 31.400991 1503.087769
10280 8.305192 31.714687 1503.567871
10281 7.907292 31.970274 1504.114624
10282 8.562782 32.035877 1504.105469
10283 8.910878 31.767548 1503.536377
10284 9.337700 32.092815 1504.060669
10285 9.574733 31.798985 1503.465332
10286 9.806672 31.546028 1502.991577
10287 9.881324 32.291824 1504.351807
10288 9.445442 32.345287 1504.548218
10289 9.768613 32.489475 1504.787231
10290 9.337617 32.542454 1504.985840
10291 8.905012 32.317863 1504.598022
10292 8.727947 32.580315 1505.179077
10293 9.288358 32.790920 1505.534302
10294 9.932876 32.734009 1505.285522
10295 9.850193 33.004208 1505.898682
10296 10.317505 32.976723 1505.745850
10297 10.400909 33.234081 1506.302368
10298 10.898470 33.061222 1505.818970
10299 10.615756 32.791561 1505.275269
10300 11.265434 32.850784 1505.284058
10301 11.569651 32.652008 1504.804199
10302 11.927635 32.884117 1505.255859
10303 12.084283 32.610229 1504.647583
10304 12.688334 32.515270 1504.391357
10305 12.599117 32.849163 1505.108643
10306 13.342510 32.712357 1504.771118
10307 13.142879 33.058548 1505.546387
10308 13.829779 32.982410 1505.376587
10309 14.105218 32.697807 1504.742920
10310 13.768972 32.494705 1504.301147
10311 13.259260 32.354122 1504.029175
10312 13.847934 32.240650 1503.787598
10313 14.339796 32.438152 1504.191162
10314 14.528008 32.112194 1503.545288
10315 14.992260 32.369270 1504.090454
10316 15.164717 32.126816 1503.616577
10317 15.671966 32.288155 1504.015991
10318 16.231972 32.142097 1503.837646
10319 16.270908 32.465927 1504.542358
10320 16.785797 32.258770 1504.251831
10321 16.733858 31.990925 1503.684937
10322 17.277487 32.102886 1504.118652
10323 17.323278 32.334335 1504.629150
10324 17.739033 32.193081 1504.520996
10325 18.320217 32.131657 1504.708862
10326 17.948429 32.426620 1505.133545
10327 18.570108 32.344692 1505.301758
10328 18.486488 32.570663 1505.753784
10329 19.094862 32.409073 1505.765137
10330 19.151800 32.079563 1505.125488
10331 19.683310 32.231228 1505.786743
10332 19.841425 31.938845 1505.334717
10333 19.584913 31.727118 1504.770386
10334 20.174603 31.610367 1505.010498
10335 20.345179 31.809546 1505.474121
10336 20.254166 32.078808 1505.892334
10337 20.758289 31.871258 1505.889648
10338 20.722998 31.562653 1505.357422
10339 21.291628 31.596760 1505.849731
10340 21.253860 31.242323 1505.301880
10341 21.864582 31.281807 1505.835083
10342 21.857672 30.884115 1505.309204
10343 22.409809 31.025570 1505.919312
10344 22.437954 30.481834 1505.291016
10345 21.963573 30.396606 1504.812256
10346 23.001766 30.046253 1505.264038
10347 22.868105 30.554888 1505.711670
10348 23.477535 30.294611 1505.897461
10349 23.000435 30.892794 1506.209961
10350 23.614153 30.783346 1506.554077
10351 24.126669 30.296293 1506.410767
10352 24.161978 29.772676 1505.899902
10353 23.556549 29.650084 1505.296997
10354 24.257254 29.175709 1505.396973
10355 24.589888 29.403057 1505.892090
10356 24.871944 28.941036 1505.700073
10357 25.117937 28.478069 1505.493164
10358 25.416590 28.684879 1505.966187
10359 25.770498 28.873058 1506.478516
10360 25.170441 29.292540 1506.293579
10361 25.646048 29.425600 1506.854736
10362 25.157751 29.835068 1506.798218
10363 24.644590 29.820038 1506.343018
10364 24.678339 30.287827 1506.850952
10365 24.169865 30.750237 1506.954834
10366 23.767712 31.084528 1507.048706
10367 23.667686 31.424709 1507.436523
10368 23.165369 31.311573 1506.880493
10369 23.073977 31.727392 1507.427368
10370 23.577826 31.792110 1507.939331
10371 23.496469 32.071793 1508.377319
10372 23.055098 32.047958 1507.965698
10373 23.058357 32.308285 1508.488892
10374 22.994007 32.581821 1509.067505
10375 23.408310 32.630604 1509.588379
10376 22.858372 32.806435 1509.546509
10377 23.014088 32.943752 1510.133423
10378 22.399599 33.004620 1509.699829
10379 22.420845 32.807430 1509.138672
10380 21.849070 33.031769 1509.267944
10381 21.857664 32.814053 1508.669312
10382 22.458971 32.574856 1508.579590
10383 21.894411 32.548092 1508.056519
10384 22.491497 32.298843 1507.998413
10385 21.903475 32.268097 1507.474731
10386 22.488720 32.006603 1507.439575
10387 21.902916 31.963196 1506.911621
10388 22.507481 31.669586 1506.894653
10389 21.897987 31.617855 1506.347900
10390 22.465858 31.309067 1506.338379
10391 21.315445 31.914181 1506.382690
10392 21.323622 32.212173 1506.928101
10393 20.747463 32.159309 1506.402344
10394 20.767359 32.409031 1506.913086
10395 21.324053 32.492287 1507.496948
10396 20.717840 32.707340 1507.536133
10397 21.318119 32.764992 1508.117432
10398 20.618364 33.003685 1508.203369
10399 21.258308 33.030109 1508.765259
10400 20.699146 33.251312 1508.965210
10401 21.286047 33.239029 1509.414185
10402 21.868582 33.222137 1509.897583
10403 21.315235 33.369053 1509.878296
10404 21.780321 33.379704 1510.384277
10405 22.367998 33.199909 1510.334839
10406 22.222776 33.395168 1510.946655
10407 22.907072 33.174477 1510.858032
10408 23.416842 32.971928 1510.694946
10409 23.652357 32.736179 1510.157227
10410 23.960424 32.837959 1510.882202
10411 24.501802 32.680374 1511.046021
10412 24.330858 32.844082 1511.461548
10413 23.543892 33.098274 1511.375244
10414 24.072483 33.054619 1512.021118
10415 24.850708 32.734802 1511.956909
10416 24.969082 32.563507 1511.359375
10417 25.356874 32.418530 1511.523315
10418 25.292553 32.356922 1511.112427
10419 25.878464 32.160305 1511.631104
10420 25.521135 32.434772 1512.086426
10421 26.018301 32.158665 1512.158813
10422 26.377483 31.877234 1511.831787
10423 26.744041 31.531950 1511.406616
10424 26.920198 31.496555 1512.061279
10425 26.406651 31.942934 1512.578979
10426 27.052435 31.441618 1512.740967
10427 27.465382 31.025583 1512.277466
10428 27.501951 31.025105 1512.868164
10429 27.962784 30.515341 1512.604370
10430 27.720696 30.802364 1513.378418
10431 28.197927 30.240240 1513.331055
10432 28.432928 29.925396 1512.759766
10433 28.653772 29.601963 1513.437988
10434 28.376682 29.973783 1513.934204
10435 28.741268 29.435476 1513.870850
10436 28.540960 29.697308 1514.355347
10437 28.177418 30.196667 1514.675903
10438 28.260393 30.037777 1515.326416
10439 27.900345 30.577930 1515.296875
10440 27.675385 30.852333 1514.716187
10441 27.526503 31.089594 1515.236572
10442 27.650370 31.072649 1515.836060
10443 27.207262 31.550581 1515.429810
10444 27.252434 31.774540 1515.978516
10445 27.683836 31.394686 1516.418579
10446 27.990055 30.702732 1516.432983
10447 28.095463 30.330748 1515.885132
10448 28.224670 30.379786 1516.911133
10449 28.038435 30.986763 1516.867065
10450 28.305044 30.629528 1517.317627
10451 28.388290 30.164843 1517.339111
10452 28.454172 29.772680 1517.118652
10453 28.262461 31.149164 1517.306396
10454 27.872488 31.649424 1516.840088
10455 27.328045 32.210434 1516.450562
10456 27.682154 32.281925 1516.790283
10457 27.159796 32.907444 1516.616699
10458 26.818121 32.773296 1516.319092
10459 26.636160 33.262207 1516.505005
10460 26.407887 32.967667 1516.134888
10461 26.062323 33.474266 1516.350098
10462 26.376242 33.831387 1516.746460
10463 25.728714 33.975693 1516.652466
10464 25.867861 34.361687 1517.043335
10465 25.249664 34.375099 1516.920166
10466 25.463924 34.749641 1517.408569
10467 24.711536 34.736229 1517.278076
10468 24.703991 34.366203 1516.715210
10469 24.156803 34.518246 1516.733643
10470 24.366209 34.183643 1516.241211
10471 23.710424 34.361015 1516.191040
10472 23.449669 34.679340 1516.734131
10473 23.931198 34.893517 1517.346802
10474 23.144766 35.039513 1517.410400
10475 23.743038 35.233292 1518.012451
10476 24.402973 35.106964 1517.855225
10477 25.097109 35.076286 1517.843994
10478 24.791538 35.405853 1518.450195
10479 25.516867 35.433052 1518.383057
10480 25.798981 35.124134 1517.858643
10481 26.129744 34.775795 1517.432739
10482 26.522734 35.207649 1517.779907
10483 26.138113 35.493309 1518.276245
10484 26.660559 35.607643 1518.193970
10485 26.530716 35.838417 1518.647583
10486 27.088259 35.917213 1518.356079
10487 26.975698 36.171261 1518.936646
10488 27.570381 36.332844 1518.589355
10489 27.766790 35.999352 1517.879272
10490 27.133903 35.551304 1517.853516
10491 27.699221 35.473652 1517.429565
10492 27.171652 35.099281 1517.442017
10493 27.805387 34.973049 1517.106812
10494 27.224503 34.538891 1517.129150
10495 27.954899 34.462620 1516.927490
10496 27.493752 34.016491 1516.935181
10497 27.001598 33.939388 1516.909790
10498 26.529079 34.366020 1517.105225
10499 27.032164 33.380001 1516.716553
10500 27.504093 33.452072 1516.850220
10501 27.583258 32.868340 1516.817871
10502 28.342369 33.162445 1516.988525
10503 28.176682 32.460800 1517.083740
10504 28.670841 32.575600 1517.244995
10505 28.609882 32.055546 1517.426636
10506 29.098064 32.273388 1517.551636
10507 29.516668 31.922167 1518.000366
10508 29.657040 32.492413 1517.551025
10509 30.200211 32.155037 1518.031372
10510 30.291777 32.705936 1517.431641
10511 30.851406 32.460159 1517.785767
10512 30.798016 32.132660 1518.239868
10513 31.105757 31.973213 1518.596313
10514 31.353771 32.292160 1518.118530
10515 31.744646 32.120071 1518.527710
10516 31.458113 31.869146 1518.928955
10517 31.654907 31.653360 1519.497559
10518 32.073254 31.950750 1519.008179
10519 32.492149 31.815001 1519.544434
10520 32.273399 31.557728 1520.121216
10521 31.540890 31.326750 1520.206909
10522 32.172787 31.317518 1520.730103
10523 31.495716 31.059826 1520.877808
10524 30.878159 30.759380 1521.048706
10525 31.521770 30.840538 1521.517578
10526 30.880030 30.523455 1521.701172
10527 30.260601 30.342833 1521.336914
10528 30.391851 30.151085 1522.062256
10529 29.966393 29.982811 1521.816284
10530 29.674900 29.910679 1521.404663
10531 29.548885 29.590218 1521.984375
10532 29.947815 29.752645 1522.395508
10533 29.427973 29.260464 1522.531494
10534 29.979446 29.497042 1523.087036
10535 29.510452 29.031900 1523.250732
10536 29.095177 28.722141 1522.818359
10537 29.159472 28.551886 1523.408203
10538 29.535400 28.810934 1523.847412
10539 29.187775 28.380024 1523.924194
10540 28.886715 28.035030 1523.541504
10541 28.879124 27.841883 1524.048218
10542 29.157293 28.116879 1524.678833
10543 28.754589 27.468271 1524.582397
10544 28.926123 27.725845 1525.175659
10545 28.608641 27.172491 1525.369751
10546 28.914234 27.700460 1525.797974
10547 28.573818 27.235531 1526.072144
10548 28.337950 26.695480 1525.935181
10549 28.230900 26.775761 1526.581299
10550 28.179091 26.221760 1526.135010
10551 28.414911 26.496250 1525.244995
10552 28.374514 25.890997 1525.290161
10553 28.554308 26.829683 1524.496460
10554 28.203217 25.586992 1526.011719
10555 27.875166 25.716074 1526.905396
10556 27.887629 26.261877 1527.108643
10557 27.552197 25.940535 1527.759521
10558 27.775406 26.540985 1527.806519
10559 28.127157 26.894529 1527.281616
10560 28.072987 27.057850 1527.946533
10561 27.783297 26.812971 1528.347900
10562 27.422836 26.283863 1528.443115
10563 27.691099 26.885563 1528.880859
10564 27.277876 26.440542 1529.167114
10565 27.137941 26.004971 1528.834595
10566 27.276665 25.759588 1528.297119
10567 27.507223 25.428278 1527.728882
10568 27.186848 25.187037 1528.344849
10569 27.552561 24.880070 1527.796143
10570 27.816740 25.114408 1527.170898
10571 27.964632 24.478079 1527.390503
10572 28.181458 24.670483 1526.787231
10573 28.068230 25.222029 1526.559692
10574 28.411890 24.808271 1526.081421
10575 28.719046 24.043127 1526.508179
10576 28.914062 24.090910 1525.906250
10577 28.726561 24.577633 1525.531982
10578 29.097855 24.113054 1525.241699
10579 29.281105 23.659426 1525.786865
10580 29.547312 23.560665 1525.058716
10581 29.817373 23.374964 1524.436157
10582 29.982502 23.026114 1524.996826
10583 29.739683 23.196535 1525.470093
10584 30.121178 22.705074 1525.552734
10585 30.527906 22.353827 1524.975464
10586 30.529102 22.142944 1525.709229
10587 30.902023 21.750601 1525.374390
10588 30.840635 21.621040 1525.984863
10589 30.542082 21.950680 1526.234375
10590 30.749992 21.519579 1526.575439
10591 30.373463 21.980993 1526.771606
10592 30.576927 21.486214 1527.262695
10593 30.976933 20.956184 1526.972168
10594 31.109533 21.068901 1526.295654
10595 31.323183 20.507591 1526.605347
10596 31.205843 21.183735 1525.708252
10597 31.162558 20.419701 1527.268188
10598 31.486589 19.933838 1526.907837
10599 31.301918 19.858799 1527.588867
10600 31.560030 19.382113 1527.306885
10601 31.367575 19.348667 1527.968628
10602 31.568850 18.881851 1527.764893
10603 31.397860 18.938168 1528.305298
10604 31.529772 18.444136 1528.274048
10605 31.343575 18.597357 1528.879395
10606 31.473095 17.967678 1528.861938
10607 31.586567 17.319023 1528.815063
10608 31.418619 17.482370 1529.418091
10609 31.319145 18.145027 1529.437866
10610 31.293571 17.655407 1529.999023
10611 31.188313 18.325388 1530.040771
10612 31.182098 18.807508 1529.436157
10613 31.005543 19.039915 1530.141235
10614 31.081360 18.447788 1530.690308
10615 31.196671 17.821140 1530.577637
10616 31.125442 17.907228 1531.177979
10617 31.189707 17.401953 1531.038330
10618 31.253260 17.195265 1530.569214
10619 31.353010 16.995630 1529.980225
10620 31.270414 16.527950 1530.571167
10621 31.384968 16.284325 1529.940430
10622 31.491539 16.810740 1529.381958
10623 31.547913 16.110672 1529.320190
10624 31.385736 15.469776 1529.891602
10625 31.262846 15.821980 1530.506226
10626 31.227575 15.216655 1530.482178
10627 31.268885 14.699235 1530.131470
10628 31.085621 14.664943 1530.869873
10629 31.144722 15.385823 1531.024170
10630 31.013237 14.942894 1531.552979
10631 31.087748 15.582121 1531.631958
10632 30.989393 15.211827 1532.144409
10633 30.901299 14.950089 1532.723633
10634 31.007124 15.582288 1532.628662
10635 31.059906 15.735753 1532.129395
10636 31.083078 16.169897 1532.394653
10637 31.127310 16.177820 1531.769897
10638 31.133224 16.752558 1532.010376
10639 31.191263 16.777124 1531.249146
10640 31.183201 16.050772 1531.126709
10641 31.147528 17.347589 1531.602539
10642 31.105495 17.340576 1532.262207
10643 31.094946 16.729929 1532.673950
10644 31.065676 17.344387 1532.914917
10645 31.058899 16.733618 1533.330444
10646 31.043098 16.105442 1533.030518
10647 31.016335 16.857609 1533.972778
10648 30.989813 16.484377 1534.518799
10649 30.957361 17.019928 1534.524780
10650 30.945784 17.498579 1534.094971
10651 31.015301 17.385714 1533.549805
10652 30.902332 17.983786 1533.708374
10653 30.969620 17.953070 1533.142700
10654 31.021154 17.956301 1532.501221
10655 30.834501 18.608854 1532.815918
10656 30.827572 18.418827 1533.377563
10657 30.636250 18.921555 1533.369629
10658 30.712223 18.545311 1533.850952
10659 30.784512 18.116646 1534.256348
10660 30.530947 18.699556 1534.401978
10661 30.438927 19.092541 1533.933228
10662 30.212862 19.209784 1534.499146
10663 30.312635 18.763676 1535.055908
10664 29.950937 19.260902 1535.128906
10665 30.040304 18.834749 1535.694458
10666 29.628355 19.333471 1535.710693
10667 29.698507 18.924294 1536.330688
10668 29.241657 19.415043 1536.262695
10669 29.287331 19.075386 1536.860718
10670 28.784519 19.511517 1536.783936
10671 28.804459 19.214081 1537.394531
10672 29.347834 18.763277 1537.435181
10673 29.778820 18.562708 1536.883545
10674 29.903639 18.214556 1537.467163
10675 29.407505 18.504532 1538.018066
10676 29.978340 18.023191 1538.034668
10677 30.459337 17.608854 1537.505493
10678 30.238766 17.988743 1536.861816
10679 30.666237 17.361031 1536.776123
10680 30.494337 17.781195 1536.229126
10681 30.122824 18.385645 1536.297852
10682 30.410267 18.246782 1535.631592
10683 30.726587 17.521235 1535.531616
10684 30.620848 18.154898 1534.973877
10685 30.835995 17.546377 1534.806885
10686 30.917189 16.944838 1535.071167
10687 30.910875 16.764696 1535.756592
10688 30.765875 17.187784 1536.184570
10689 31.052156 16.530823 1536.505859
10690 31.229326 15.669894 1536.288330
10691 31.391239 15.967567 1536.781494
10692 31.292292 16.599670 1537.265259
10693 31.730661 15.884542 1537.111694
10694 31.755510 16.511019 1537.611816
10695 31.298910 17.002819 1537.950317
10696 31.789064 16.963648 1538.200073
10697 32.301758 16.558777 1537.790894
10698 32.223907 15.932390 1537.380737
10699 32.833450 16.060093 1537.460693
10700 32.999214 16.753979 1537.790161
10701 33.515533 16.244392 1537.343384
10702 33.367031 15.547250 1537.268311
10703 32.727573 15.413255 1537.302979
10704 33.223141 14.915700 1537.279785
10705 32.702091 14.847424 1537.262451
10706 32.175442 15.154482 1537.135864
10707 31.571669 15.140451 1536.706909
10708 31.849035 14.324856 1536.944458
10709 31.341326 14.192303 1536.472534
10710 31.502928 13.434537 1536.901001
10711 31.152857 13.442389 1536.497437
10712 30.899195 13.343584 1536.122314
10713 30.714525 13.347450 1535.657959
10714 30.674147 12.844162 1536.060059
10715 30.889635 12.783884 1536.530029
10716 30.426861 12.117155 1536.338989
10717 30.832525 12.060482 1537.068481
10718 30.242235 11.522258 1536.765137
10719 30.077747 11.616901 1536.211914
10720 29.876415 11.493515 1535.711182
10721 29.755924 11.069347 1536.409912
10722 29.431900 10.822662 1535.643799
10723 29.244555 10.467027 1536.288574
10724 28.952526 10.178338 1535.732300
10725 28.866024 10.051888 1536.217773
10726 28.585238 9.761902 1535.856445
10727 28.538271 9.708909 1536.484741
10728 28.202118 9.402053 1536.144287
10729 28.091434 9.327947 1536.816650
10730 28.564194 9.643521 1537.194214
10731 28.053282 9.251961 1537.522461
10732 27.539810 8.967713 1537.111694
10733 27.502665 8.938250 1537.773560
10734 26.985979 8.697522 1537.359253
10735 26.984051 8.711205 1537.949097
10736 26.576918 8.547155 1537.596924
10737 26.471642 8.534144 1538.080688
10738 26.060457 8.368597 1537.593384
10739 25.773087 8.335658 1538.179810
10740 25.459801 8.190595 1537.618286
10741 26.421165 8.400111 1536.989136
10742 25.019171 8.121732 1537.912109
10743 25.174473 8.209469 1538.664185
10744 24.545982 8.063023 1538.300903
10745 23.989075 7.970457 1538.417114
10746 23.550797 7.851399 1537.997437
10747 23.318697 7.874755 1538.520752
10748 22.834116 7.767956 1538.058350
10749 22.609772 7.796707 1538.567017
10750 22.023880 7.695279 1538.067139
10751 21.911350 7.744229 1538.616089
10752 21.401484 7.660933 1538.062622
10753 21.165556 7.719910 1538.728882
10754 20.743797 7.642918 1538.044556
10755 20.398741 7.703535 1538.573242
10756 20.656321 7.737077 1539.191162
10757 21.240608 7.736925 1539.312622
10758 21.795948 7.753458 1539.194458
10759 21.595947 7.720771 1539.733521
10760 20.940964 7.727270 1539.723022
10761 21.339140 7.671112 1540.296265
10762 20.588919 7.701182 1540.494141
10763 20.233498 7.756272 1539.750366
10764 19.956703 7.755349 1539.090698
10765 19.507351 7.813695 1539.661987
10766 19.785929 7.792659 1540.343628
10767 19.064714 7.899435 1540.237915
10768 19.345423 7.878822 1540.888062
10769 18.646652 8.041580 1540.808960
10770 18.372635 8.034127 1540.127075
10771 18.796200 7.900111 1539.555542
10772 18.100712 8.020876 1539.447510
10773 18.527353 7.875979 1538.851807
10774 19.246531 7.798779 1538.969360
10775 17.802090 7.996846 1538.751587
10776 17.334103 8.219731 1539.419189
10777 16.620506 8.396793 1539.063721
10778 16.668900 8.575307 1539.874634
10779 17.302116 8.386510 1540.210083
10780 17.796770 8.170330 1539.978271
10781 17.890209 8.258953 1540.679321
10782 17.265749 8.564763 1540.828247
10783 16.919704 8.628985 1540.467407
10784 16.888372 8.796670 1540.878662
10785 16.541937 8.870018 1540.533569
10786 16.645088 9.129010 1541.191895
10787 17.147503 8.821163 1541.307861
10788 16.997566 9.149276 1541.683716
10789 16.498600 9.463609 1541.475952
10790 16.905321 9.529495 1542.044800
10791 16.412918 9.926407 1541.846313
10792 16.845709 10.014016 1542.417847
10793 16.400528 10.408381 1542.196289
10794 16.757805 10.606582 1542.722534
10795 16.338745 11.003886 1542.461792
10796 16.631781 11.258503 1542.918335
10797 16.183340 11.603896 1542.540527
10798 15.919266 11.317465 1542.139038
10799 15.943832 10.811303 1541.924805
10800 15.468263 11.301684 1541.670654
10801 15.587771 10.610267 1541.429810
10802 16.037924 10.313787 1541.721436
10803 15.717643 11.857671 1542.119507
10804 15.171968 12.121208 1541.681519
10805 15.539550 12.549548 1542.102783
10806 14.949295 12.878469 1541.654297
10807 14.572643 12.298914 1541.271484
10808 14.291543 12.885997 1541.233521
10809 13.688927 13.031775 1540.982666
10810 14.037643 13.555666 1541.207397
10811 14.579430 13.518770 1541.474121
10812 14.349046 14.030744 1541.369141
10813 13.863690 14.237547 1541.186157
10814 14.459801 14.720955 1541.373779
10815 13.778172 14.957252 1541.153931
10816 13.155330 14.483241 1541.026123
10817 13.426137 13.701786 1541.010986
10818 12.781332 13.794281 1540.875610
10819 13.045392 13.126727 1540.794800
10820 12.678448 12.581238 1540.536743
10821 12.407520 13.199607 1540.674805
10822 12.028885 12.648158 1540.432251
10823 12.306110 12.015225 1540.213013
10824 11.643693 12.058945 1540.114380
10825 11.370584 12.717886 1540.376587
10826 10.974865 12.150659 1540.082275
10827 10.697787 12.749019 1540.338135
10828 10.120550 12.763848 1540.313477
10829 10.380739 13.321560 1540.534912
10830 11.088697 13.408819 1540.594238
10831 10.592998 13.972032 1540.730713
10832 11.228230 14.165394 1540.796021
10833 10.733875 14.629032 1540.881104
10834 10.129625 14.496313 1540.848267
10835 9.980218 13.851629 1540.686646
10836 9.534988 14.384903 1540.818481
10837 9.379909 13.825372 1540.668701
10838 8.952592 14.370809 1540.808960
10839 8.766692 13.797292 1540.646240
10840 9.178156 13.253524 1540.473877
10841 9.773899 13.285854 1540.503906
10842 8.569409 13.241037 1540.443970
10843 8.056250 13.802627 1540.622681
10844 7.989645 13.227758 1540.405640
10845 8.349659 14.357679 1540.794800
10846 7.733648 14.397339 1540.787354
10847 7.937465 14.901902 1540.918579
10848 8.507013 14.904646 1540.927490
10849 8.039903 15.431243 1541.033936
10850 8.598375 15.471560 1541.044678
10851 8.082163 16.007008 1541.148438
10852 8.667848 16.054264 1541.156250
10853 8.154984 16.622141 1541.267578
10854 8.779905 16.626677 1541.264526
10855 8.334276 17.220238 1541.382690
10856 8.987116 17.165983 1541.366943
10857 8.625501 17.832529 1541.498779
10858 9.224902 17.580122 1541.444458
10859 9.200434 18.124981 1541.548706
10860 9.756567 17.670618 1541.450073
10861 9.631569 17.096357 1541.344238
10862 10.313399 17.142370 1541.329102
10863 10.373007 17.768642 1541.437622
10864 9.786979 18.275194 1541.562256
10865 10.375222 18.388981 1541.547119
10866 9.800827 18.882099 1541.669067
10867 10.683124 19.113976 1541.640991
10868 9.983017 19.559393 1541.769897
10869 9.230036 19.376688 1541.757080
10870 9.230887 19.977694 1541.834106
10871 8.652358 19.821964 1541.805908
10872 8.635778 20.438580 1541.859375
10873 9.236213 20.586517 1541.895508
10874 8.652434 21.070486 1541.896851
10875 9.252436 21.211582 1541.945801
10876 8.657970 21.703516 1541.919067
10877 9.271384 21.855721 1541.984497
10878 8.672393 22.349596 1541.932007
10879 9.276803 22.519005 1542.014038
10880 8.701855 23.015110 1541.939575
10881 9.270465 23.202337 1542.033203
10882 8.743295 23.688297 1541.941895
10883 9.279078 23.903965 1542.045410
10884 9.826939 23.417610 1542.144043
10885 9.872730 24.122744 1542.184814
10886 9.302607 24.603149 1542.047729
10887 9.880396 24.820530 1542.200073
10888 9.342428 25.266737 1542.036255
10889 8.790077 25.083511 1541.901978
10890 8.878008 25.779957 1541.865601
10891 9.435258 25.880989 1542.021729
10892 9.081470 26.405592 1541.847168
10893 9.638670 26.403114 1542.032349
10894 9.357141 26.822781 1541.870483
10895 8.833197 27.035887 1541.645264
10896 9.467051 27.380033 1541.792358
10897 9.034136 27.819691 1541.500732
10898 8.362775 27.556896 1541.341675
10899 8.540151 28.225588 1541.161621
10900 7.900723 27.903757 1541.064209
10901 7.734152 27.257299 1541.239502
10902 8.143277 26.855312 1541.469482
10903 7.586778 26.624739 1541.378418
10904 7.136999 26.976032 1541.174316
10905 7.018598 26.335737 1541.329346
10906 6.507776 26.758928 1541.120117
10907 6.357274 26.019733 1541.309937
10908 6.991949 25.681807 1541.469604
10909 7.526714 25.988949 1541.505249
10910 7.495484 25.325153 1541.607788
10911 8.195621 25.664293 1541.703613
10912 7.985170 26.302103 1541.549438
10913 8.493068 26.370707 1541.674072
10914 8.243802 24.781460 1541.802979
10915 8.773285 24.371717 1541.932739
10916 8.313953 24.106338 1541.854736
10917 8.193737 23.538343 1541.856445
10918 7.664258 24.110844 1541.754517
10919 7.547650 23.347782 1541.785034
10920 6.919445 23.811203 1541.704346
10921 6.915648 23.126230 1541.751831
10922 6.362134 23.586382 1541.703735
10923 6.384279 24.253176 1541.635254
10924 6.974648 24.471157 1541.646851
10925 6.455663 24.876047 1541.552856
10926 6.984181 25.076628 1541.570435
10927 6.555753 25.398884 1541.470337
10928 6.032405 25.364576 1541.436157
10929 5.640192 25.923908 1541.270508
10930 5.382732 25.286119 1541.429688
10931 5.851764 24.743357 1541.550781
10932 5.108092 24.594927 1541.584839
10933 5.751578 24.068304 1541.655396
10934 5.133037 23.828108 1541.713013
10935 5.738583 23.346014 1541.736206
10936 6.350499 22.901661 1541.755859
10937 5.827532 22.614656 1541.790161
10938 6.340805 22.222902 1541.795776
10939 6.899549 22.450579 1541.786255
10940 7.499076 22.656553 1541.808594
10941 7.480429 21.991558 1541.826050
10942 6.888923 21.769930 1541.812500
10943 7.492198 21.360952 1541.835571
10944 8.061363 21.533209 1541.867065
10945 8.056801 22.185753 1541.865967
10946 8.083860 20.903864 1541.856812
10947 7.477942 20.622795 1541.828369
10948 8.084973 20.227074 1541.825439
10949 7.539760 19.927536 1541.797241
10950 6.773757 20.229744 1541.822021
10951 7.080178 19.457878 1541.767700
10952 7.655297 19.364962 1541.747559
10953 7.424132 18.753296 1541.673218
10954 6.690475 18.907902 1541.721069
10955 6.933658 18.257034 1541.610352
10956 7.543064 17.994017 1541.543945
10957 8.033488 18.312376 1541.591309
10958 8.089708 18.986629 1541.697998
10959 8.615424 18.554764 1541.629883
10960 8.651696 19.224350 1541.733398
10961 9.218351 18.751318 1541.660278
10962 8.117537 19.605562 1541.774170
10963 8.027364 17.753510 1541.489380
10964 7.653131 17.259327 1541.399902
10965 7.125474 17.667318 1541.494019
10966 6.874747 17.028091 1541.370850
10967 7.529951 16.518648 1541.253418
10968 6.931883 16.256948 1541.204834
10969 7.522018 15.867105 1541.121094
10970 6.978840 15.522427 1541.042847
10971 7.566643 15.347547 1541.011963
10972 7.366305 14.915621 1540.908691
10973 6.785500 14.899740 1540.885498
10974 6.340617 15.359832 1540.988403
10975 6.377230 15.959043 1541.136841
10976 5.880560 16.229410 1541.198975
10977 6.301532 16.583469 1541.283936
10978 5.623869 16.702517 1541.318970
10979 5.043643 16.676355 1541.308472
10980 5.243360 17.298620 1541.475342
10981 4.532674 16.965343 1541.381714
10982 4.529285 17.644274 1541.570923
10983 3.892225 17.307367 1541.464478
10984 3.893116 17.979261 1541.655273
10985 3.249285 17.688038 1541.554443
10986 2.578109 17.428892 1541.434448
10987 2.614173 18.087973 1541.646729
10988 3.266245 18.347528 1541.739624
10989 2.649228 18.731735 1541.819824
10990 1.977070 18.496368 1541.738525
10991 2.026838 19.231342 1541.918701
10992 1.331707 18.883627 1541.818726
10993 1.334429 19.486664 1541.954712
10994 0.720593 19.302538 1541.897461
10995 0.886117 19.997707 1542.029663
10996 0.080262 19.861609 1541.975708
10997 0.051921 19.007841 1541.791748
10998 0.653695 18.578886 1541.704468
10999 -0.104744 18.187487 1541.526733
11000 0.625416 17.883213 1541.471436
11001 1.302852 18.207392 1541.621216
11002 1.293342 17.551102 1541.393555
11003 1.947564 17.832077 1541.532349
11004 1.909440 17.185995 1541.302124
11005 1.803937 16.555845 1541.056396
11006 1.267759 16.938963 1541.159668
11007 1.130785 16.359722 1540.920898
11008 0.717932 16.710859 1541.024536
11009 0.119267 16.835863 1541.021851
11010 0.670709 17.222996 1541.224365
11011 -0.058964 17.516335 1541.280518
11012 -0.541208 16.940613 1540.995850
11013 -0.539337 17.534060 1541.238525
11014 -1.046136 17.199999 1541.036743
11015 -1.098715 17.682039 1541.223999
11016 -0.843241 18.125595 1541.427490
11017 -1.437275 18.045536 1541.307007
11018 -1.578000 17.494843 1541.067261
11019 -2.070575 17.950630 1541.140381
11020 -1.854066 18.479225 1541.376465
11021 -1.223674 18.546881 1541.516968
11022 -1.657362 19.031218 1541.582886
11023 -2.214496 18.985571 1541.445923
11024 -2.632160 18.625099 1541.228516
11025 -2.798653 19.340954 1541.378052
11026 -3.234682 19.192846 1541.212036
11027 -3.285918 18.503290 1540.993164
11028 -2.731654 17.915371 1540.953247
11029 -2.171001 17.347803 1540.880005
11030 -2.803359 17.269049 1540.680054
11031 -2.230731 16.710064 1540.601074
11032 -1.528132 16.828802 1540.800659
11033 -0.906325 16.726427 1540.858765
11034 -1.003757 16.258303 1540.647217
11035 -0.397412 16.446880 1540.807129
11036 -1.121070 15.718465 1540.401001
11037 -1.660281 16.141653 1540.483765
11038 -1.724287 15.366996 1540.138062
11039 -2.350355 16.034214 1540.284424
11040 -2.840987 16.669592 1540.422363
11041 -3.033283 16.001780 1540.081421
11042 -2.572297 15.391284 1539.944458
11043 -3.242599 15.432986 1539.760254
11044 -2.877111 14.835963 1539.593628
11045 -2.166759 14.705522 1539.736572
11046 -1.343500 14.535188 1539.849121
11047 -1.886487 13.878440 1539.406860
11048 -2.571740 14.272080 1539.405640
11049 -2.652273 13.680145 1539.054321
11050 -2.123525 13.132563 1538.926392
11051 -0.952999 13.777291 1539.580688
11052 -2.745639 13.030796 1538.621704
11053 -2.306958 12.629020 1538.548462
11054 -2.725429 12.435312 1538.230591
11055 -2.596217 11.869003 1537.888428
11056 -3.216114 12.270432 1537.846802
11057 -3.095207 11.694231 1537.467041
11058 -3.714572 12.138083 1537.422241
11059 -3.592706 11.590919 1537.041870
11060 -2.980648 11.132266 1537.069946
11061 -3.543129 11.082678 1536.619019
11062 -2.919581 10.577189 1536.599976
11063 -3.841764 12.757947 1537.844849
11064 -3.291717 12.886944 1538.261353
11065 -3.883634 13.407727 1538.315186
11066 -3.291752 13.547066 1538.710205
11067 -3.890438 14.076293 1538.769775
11068 -4.486987 13.957949 1538.377808
11069 -4.490887 14.588885 1538.806519
11070 -3.921960 14.737168 1539.153076
11071 -4.485258 15.162517 1539.150146
11072 -3.925388 15.406966 1539.504883
11073 -4.574338 15.712544 1539.402710
11074 -4.278398 16.063494 1539.684082
11075 -3.675823 16.012934 1539.877441
11076 -4.125247 16.613808 1539.982788
11077 -3.515082 16.624290 1540.194824
11078 -4.040939 17.210764 1540.261475
11079 -3.428412 17.240047 1540.476563
11080 -4.017163 17.824162 1540.512939
11081 -3.372589 17.857262 1540.736084
11082 -3.898535 18.428169 1540.771729
11083 -3.843050 19.059328 1540.985107
11084 -4.339712 18.862886 1540.772949
11085 -4.523100 19.558186 1540.900513
11086 -3.738273 19.740034 1541.175903
11087 -4.113298 20.235918 1541.140503
11088 -4.676233 20.263971 1540.979004
11089 -5.184708 20.150158 1540.829102
11090 -5.028200 20.718588 1540.919678
11091 -4.445686 20.740295 1541.082275
11092 -4.777627 21.248777 1540.989624
11093 -4.167433 21.280437 1541.168335
11094 -4.493049 21.818110 1541.031982
11095 -5.045837 21.688784 1540.887573
11096 -5.376308 21.253920 1540.834351
11097 -5.612421 21.939005 1540.719116
11098 -4.933862 22.267094 1540.838379
11099 -5.422211 22.704517 1540.622314
11100 -6.108796 22.529261 1540.513550
11101 -6.374169 21.959444 1540.569458
11102 -6.704587 22.553179 1540.415527
11103 -6.909916 22.075844 1540.481934
11104 -6.786080 21.424749 1540.568481
11105 -6.027625 21.329786 1540.691528
11106 -6.315648 20.749647 1540.646362
11107 -5.633383 20.719563 1540.775024
11108 -5.855562 20.146509 1540.676025
11109 -5.370394 19.510345 1540.662354
11110 -6.126938 19.543024 1540.506470
11111 -5.672356 18.814304 1540.389038
11112 -4.906621 18.910639 1540.620117
11113 -5.032112 18.297579 1540.373291
11114 -4.446662 18.357040 1540.571899
11115 -4.546963 17.769745 1540.318848
11116 -4.622497 17.180384 1540.052734
11117 -6.556826 20.173655 1540.556152
11118 -7.251523 20.138260 1540.465454
11119 -6.991725 20.725655 1540.553711
11120 -7.649631 20.673153 1540.497192
11121 -7.950654 20.107752 1540.411133
11122 -8.263744 20.681547 1540.479858
11123 -8.019918 21.257832 1540.497437
11124 -7.475955 21.275024 1540.516235
11125 -7.977376 21.862263 1540.452881
11126 -7.447332 21.935368 1540.459717
11127 -7.871009 22.466249 1540.353760
11128 -7.279654 22.525875 1540.365234
11129 -7.688191 23.051104 1540.214233
11130 -7.084447 23.091595 1540.239990
11131 -7.482539 23.648411 1540.034546
11132 -6.869617 23.686720 1540.076050
11133 -7.233194 24.251503 1539.821777
11134 -6.603630 24.293898 1539.880249
11135 -6.915676 24.882133 1539.566772
11136 -7.578998 24.877602 1539.500854
11137 -7.861351 24.204632 1539.802246
11138 -8.286213 24.864397 1539.479004
11139 -8.504745 24.206350 1539.800049
11140 -8.862854 24.790676 1539.530884
11141 -9.207916 24.162767 1539.865601
11142 -8.738454 23.554544 1540.071777
11143 -8.128690 23.612412 1540.030029
11144 -8.308910 22.995829 1540.228638
11145 -8.928724 22.944309 1540.277100
11146 -8.465309 22.423088 1540.370972
11147 -9.076488 22.403633 1540.414551
11148 -9.562359 22.879250 1540.361450
11149 -9.704413 22.294117 1540.503296
11150 -9.156703 21.788141 1540.507813
11151 -8.560546 21.830851 1540.466187
11152 -8.647562 21.244720 1540.504150
11153 -9.197071 21.212061 1540.534302
11154 -8.762055 20.694773 1540.485962
11155 -8.638646 20.187910 1540.413696
11156 -9.161180 20.665443 1540.499878
11157 -9.184217 20.099571 1540.410156
11158 -9.836417 20.668446 1540.552490
11159 -9.767529 21.142099 1540.584351
11160 -9.748958 21.703842 1540.575562
11161 -10.323122 21.546333 1540.661377
11162 -10.347701 22.132557 1540.621704
11163 -10.866638 21.804796 1540.740601
11164 -10.782511 21.311575 1540.732788
11165 -10.373789 20.973177 1540.651245
11166 -11.008570 20.805336 1540.728271
11167 -11.330789 21.279976 1540.828125
11168 -11.694169 20.672388 1540.827271
11169 -11.345704 20.188898 1540.664429
11170 -12.035165 20.109808 1540.760986
11171 -12.320595 20.613884 1540.934570
11172 -12.680682 20.074158 1540.869751
11173 -12.429560 19.520811 1540.627808
11174 -13.145589 19.519987 1540.757080
11175 -13.302546 20.118109 1541.004272
11176 -12.851764 20.525156 1541.019043
11177 -13.296636 20.747013 1541.148071
11178 -12.688698 21.050604 1541.068970
11179 -13.175165 21.412264 1541.185547
11180 -13.805191 21.031664 1541.283691
11181 -13.730124 21.703911 1541.283691
11182 -13.109396 21.941814 1541.159424
11183 -13.425550 22.331093 1541.166870
11184 -14.027289 22.285444 1541.263672
11185 -14.430890 21.717943 1541.391479
11186 -14.253926 21.256380 1541.376465
11187 -14.902013 21.101385 1541.478516
11188 -15.136892 21.734001 1541.481079
11189 -14.667998 22.298107 1541.336670
11190 -15.363118 22.276731 1541.397461
11191 -14.970031 22.952393 1541.177246
11192 -15.631877 22.939898 1541.193237
11193 -16.021439 22.328894 1541.406250
11194 -16.246941 22.933628 1541.175659
11195 -16.625038 22.332657 1541.400879
11196 -16.825356 22.933729 1541.130615
11197 -17.212090 22.337923 1541.371094
11198 -17.415957 22.929386 1541.061768
11199 -17.821987 22.305593 1541.337891
11200 -18.018888 22.869457 1541.003174
11201 -18.438463 22.335165 1541.261230
11202 -18.637976 22.812679 1540.936646
11203 -19.118044 22.418207 1541.137817
11204 -19.463139 22.945599 1540.692383
11205 -19.843645 22.464748 1541.024536
11206 -19.543451 22.093790 1541.322021
11207 -20.136257 22.023317 1541.351929
11208 -19.684542 21.681360 1541.575928
11209 -18.978952 21.868238 1541.482788
11210 -19.233643 21.278439 1541.766724
11211 -19.863098 21.154301 1541.856079
11212 -20.366014 21.599173 1541.648926
11213 -20.506262 21.117519 1541.935913
11214 -21.126690 21.552593 1541.739624
11215 -21.119747 21.020697 1542.063354
11216 -20.587410 20.593399 1542.162354
11217 -19.960064 20.636179 1542.057373
11218 -20.077732 20.095070 1542.196899
11219 -19.433569 20.195457 1542.077148
11220 -19.364040 20.719011 1541.965454
11221 -18.878712 20.259212 1541.992676
11222 -18.802650 20.820312 1541.891113
11223 -18.651756 21.364813 1541.717285
11224 -18.333662 20.936169 1541.832520
11225 -18.024118 21.316757 1541.723022
11226 -18.243040 21.840195 1541.528320
11227 -17.617319 21.801649 1541.565063
11228 -17.435009 21.256927 1541.720703
11229 -17.028572 21.781378 1541.578369
11230 -16.838150 21.243011 1541.691895
11231 -17.191965 20.637453 1541.776245
11232 -17.851757 20.781622 1541.826172
11233 -17.756536 20.126858 1541.842041
11234 -17.156713 19.828278 1541.708862
11235 -16.582806 20.291229 1541.676270
11236 -16.560472 19.598070 1541.531738
11237 -15.839383 20.045095 1541.498779
11238 -16.095278 20.726357 1541.641602
11239 -16.595602 20.854040 1541.704590
11240 -16.257763 21.260271 1541.645996
11241 -16.440647 21.695244 1541.588135
11242 -15.814895 21.746920 1541.542114
11243 -15.689743 21.274637 1541.585571
11244 -15.538924 20.692883 1541.554688
11245 -15.083503 20.439888 1541.437988
11246 -14.439406 20.730316 1541.364624
11247 -14.624308 20.197035 1541.294067
11248 -13.955827 20.281176 1541.181763
11249 -14.479562 19.685034 1541.097534
11250 -15.104030 19.825922 1541.284302
11251 -13.882909 19.572929 1540.926270
11252 -16.122816 19.336786 1541.342773
11253 -16.590878 18.934175 1541.304199
11254 -17.121695 19.142141 1541.526123
11255 -17.092558 18.606356 1541.307251
11256 -17.645266 18.623808 1541.485840
11257 -17.770453 19.329258 1541.736938
11258 -18.204611 18.686741 1541.672241
11259 -18.562952 19.146317 1541.880615
11260 -18.856718 18.440123 1541.784790
11261 -19.213249 19.077784 1542.025391
11262 -19.006908 19.660524 1542.031494
11263 -18.373625 19.804920 1541.924683
11264 -18.329130 20.439245 1541.908569
11265 -19.618296 19.586363 1542.149536
11266 -19.744961 19.110466 1542.156250
11267 -19.600330 18.617268 1542.043701
11268 -20.195499 18.870468 1542.250977
11269 -20.205362 19.485128 1542.278198
11270 -20.815384 19.285187 1542.437988
11271 -20.751143 18.531500 1542.378784
11272 -20.133013 18.257858 1542.127075
11273 -20.659340 17.907804 1542.222412
11274 -21.196676 18.214075 1542.488159
11275 -21.308094 18.860275 1542.582642
11276 -21.842045 18.547552 1542.762573
11277 -21.791483 17.874832 1542.672607
11278 -21.102240 17.551992 1542.297119
11279 -21.803650 17.194712 1542.510010
11280 -21.240744 16.908586 1542.114136
11281 -20.649538 17.279152 1542.003662
11282 -20.108143 17.647360 1541.931885
11283 -20.108988 16.997643 1541.633179
11284 -20.667343 16.657103 1541.696289
11285 -20.127060 16.439018 1541.279663
11286 -19.521559 16.763756 1541.223877
11287 -19.533169 17.379230 1541.593506
11288 -18.954098 17.141718 1541.222046
11289 -18.935797 17.731281 1541.535278
11290 -19.544130 18.029160 1541.866821
11291 -18.204077 18.058409 1541.424561
11292 -18.467253 17.488998 1541.228760
11293 -20.704224 16.118763 1541.333740
11294 -21.270641 16.315920 1541.796631
11295 -21.915268 16.529797 1542.289551
11296 -21.878876 15.858842 1541.833618
11297 -21.253355 15.767612 1541.357422
11298 -21.672201 15.467257 1541.346558
11299 -21.982023 15.092124 1541.152832
11300 -22.119326 15.367462 1541.564697
11301 -22.530905 15.017404 1541.502319
11302 -22.473803 14.611690 1540.914551
11303 -23.050371 14.606101 1541.425049
11304 -23.029768 14.252213 1540.865723
11305 -23.597168 14.211480 1541.350708
11306 -23.594231 14.613994 1541.919434
11307 -24.157948 14.183773 1541.842407
11308 -24.183182 13.796389 1541.212158
11309 -23.579470 13.891083 1540.769775
11310 -24.029966 13.585937 1540.630981
11311 -23.626669 13.601747 1540.200562
11312 -22.943579 14.009315 1540.317261
11313 -23.109081 13.628973 1539.612427
11314 -22.478235 14.047493 1539.869629
11315 -22.569160 14.263131 1540.417969
11316 -22.435759 13.809064 1539.207031
11317 -21.865292 13.945122 1538.833374
11318 -22.391188 13.616610 1538.535889
11319 -21.851307 13.759480 1538.198608
11320 -21.309189 14.075497 1538.485107
11321 -20.753578 14.363121 1538.655273
11322 -20.763420 14.171000 1538.066284
11323 -20.369860 14.366782 1538.215088
11324 -20.131151 14.638201 1538.737671
11325 -19.858438 14.481087 1537.997070
11326 -19.422264 14.760841 1538.388184
11327 -18.898746 15.046538 1538.665894
11328 -18.871059 14.801062 1538.017944
11329 -18.339649 15.031479 1538.220825
11330 -18.412357 14.819595 1537.702393
11331 -17.875181 14.943968 1537.686768
11332 -18.207075 14.700917 1537.161621
11333 -18.797207 14.623545 1537.393066
11334 -18.733501 14.465281 1536.722412
11335 -19.296625 14.400025 1537.074463
11336 -19.447006 14.194901 1536.370117
11337 -19.770456 14.217571 1536.907959
11338 -20.156965 14.014379 1536.557983
11339 -20.717216 13.760884 1536.257080
11340 -20.676613 13.906262 1536.889282
11341 -21.212769 13.646882 1536.596558
11342 -21.256905 13.532665 1536.078369
11343 -21.728741 13.381262 1536.223389
11344 -22.200123 13.129094 1535.752075
11345 -22.433899 13.146490 1536.450439
11346 -22.843939 12.931208 1536.047119
11347 -22.775457 12.864836 1535.255371
11348 -23.341980 12.716469 1535.723755
11349 -23.454649 12.635009 1535.137207
11350 -23.244518 12.677503 1534.639282
11351 -23.949497 12.485265 1534.695679
11352 -23.999500 12.482162 1535.371338
11353 -24.643517 12.310742 1535.069214
11354 -24.609118 12.321333 1535.625366
11355 -25.273596 12.174549 1535.149048
11356 -25.326313 12.148031 1535.816650
11357 -25.799305 12.076832 1535.278076
11358 -26.081972 12.003887 1535.722900
11359 -25.682192 12.065616 1536.308716
11360 -26.332748 11.932466 1536.256470
11361 -26.844978 11.915393 1535.571777
11362 -27.001642 11.825990 1536.287842
11363 -27.568005 11.847342 1535.688843
11364 -27.723042 11.729150 1536.434692
11365 -28.239109 11.828435 1535.737183
11366 -28.456083 11.711017 1536.364136
11367 -28.880718 11.864766 1535.750854
11368 -29.086422 11.756416 1536.338501
11369 -29.494951 11.949598 1535.774658
11370 -29.705317 11.895463 1536.347412
11371 -30.101316 12.041230 1535.769775
11372 -30.333094 12.011743 1536.283936
11373 -30.632828 12.248157 1535.821045
11374 -30.829979 12.576241 1536.179932
11375 -31.035709 12.728764 1535.566895
11376 -30.600298 12.117859 1535.237671
11377 -31.001207 12.504682 1534.574951
11378 -30.484489 12.125700 1534.643433
11379 -29.982252 12.037865 1535.161011
11380 -29.913269 12.069589 1534.504761
11381 -29.374500 11.971324 1535.134644
11382 -29.279827 12.010901 1534.510620
11383 -28.752913 11.926283 1535.117798
11384 -28.646860 11.997186 1534.493896
11385 -28.121914 11.915127 1535.087280
11386 -28.013269 12.009634 1534.464722
11387 -27.493803 11.937880 1535.028564
11388 -27.385956 12.038903 1534.433228
11389 -26.987785 11.982735 1534.921143
11390 -26.414015 12.011087 1535.097412
11391 -26.761999 12.070752 1534.460815
11392 -25.967062 12.115779 1534.631714
11393 -26.459217 12.201992 1533.911865
11394 -27.158163 12.174181 1533.867676
11395 -27.861506 12.145512 1533.859619
11396 -27.642881 12.315006 1533.327271
11397 -28.332083 12.288095 1533.331055
11398 -28.506754 12.117504 1533.890625
11399 -28.959415 12.290517 1533.303833
11400 -29.148811 12.110690 1533.917603
11401 -29.640862 12.340740 1533.317017
11402 -29.417555 12.506293 1532.736938
11403 -30.055323 12.553445 1532.743164
11404 -29.883234 12.713340 1532.182495
11405 -30.451746 12.674617 1532.200073
11406 -30.613201 12.633273 1532.740112
11407 -31.130970 12.840225 1532.413574
11408 -31.114964 12.811413 1533.001953
11409 -31.385185 13.242475 1532.669800
11410 -31.385445 13.248187 1532.087646
11411 -31.087233 12.896354 1531.815063
11412 -31.391195 13.314018 1531.558472
11413 -30.744711 13.008125 1531.139893
11414 -30.350182 12.944777 1531.698242
11415 -30.142641 13.205491 1531.126709
11416 -30.523806 13.217952 1530.654785
11417 -31.242039 13.240831 1530.350342
11418 -30.567837 13.565465 1530.139404
11419 -31.268131 13.848742 1529.879150
11420 -30.601700 13.985190 1529.759766
11421 -30.098782 13.908939 1529.992065
11422 -30.033060 13.484931 1530.521240
11423 -29.424366 13.813482 1530.359375
11424 -29.708025 14.360698 1529.795776
11425 -29.066486 14.354781 1529.949219
11426 -28.776579 13.944567 1530.395264
11427 -28.783947 13.484355 1530.990601
11428 -29.516603 13.355376 1531.018555
11429 -29.049675 13.066983 1531.611450
11430 -29.698126 12.997981 1531.656128
11431 -29.233946 12.750510 1532.170166
11432 -28.610310 12.765834 1532.200317
11433 -28.783989 12.500349 1532.750122
11434 -28.148125 12.512232 1532.771118
11435 -27.980469 12.776178 1532.237915
11436 -27.507090 12.560379 1532.718262
11437 -26.860186 12.376444 1533.239014
11438 -26.924374 12.659430 1532.537354
11439 -26.433483 12.558332 1532.799927
11440 -26.161177 12.379883 1533.326294
11441 -25.762959 12.246676 1533.959717
11442 -25.521784 12.402619 1533.384766
11443 -25.158159 12.316590 1533.947144
11444 -25.251057 12.224367 1534.529175
11445 -24.664080 12.338572 1534.393799
11446 -24.629137 12.408339 1533.855957
11447 -24.209078 12.447411 1534.186768
11448 -23.674330 12.567259 1534.175659
11449 -24.106226 12.517408 1533.710815
11450 -23.521845 12.644169 1533.603638
11451 -23.972836 12.654714 1533.046997
11452 -23.408739 12.729115 1533.131470
11453 -23.500734 12.822286 1532.595093
11454 -22.976585 12.841710 1532.897827
11455 -23.006882 12.769219 1533.481323
11456 -22.335709 12.942849 1533.238281
11457 -22.445099 12.896605 1533.921875
11458 -23.064842 12.725826 1534.059814
11459 -22.577229 12.871793 1534.480103
11460 -22.021610 13.037289 1534.325806
11461 -21.805450 13.077405 1533.821045
11462 -21.597343 13.128179 1533.224365
11463 -21.402922 13.197901 1532.600952
11464 -22.032110 13.060686 1532.618530
11465 -21.845718 13.168845 1532.076172
11466 -21.247719 13.289124 1531.979248
11467 -20.622025 13.425436 1531.843018
11468 -21.051428 13.424888 1531.348999
11469 -21.666700 13.311589 1531.487183
11470 -21.430738 13.497683 1530.888794
11471 -22.032187 13.413957 1531.014160
11472 -22.280237 13.218858 1531.581055
11473 -22.665010 13.381317 1531.038696
11474 -22.914488 13.140281 1531.666382
11475 -23.480724 13.380196 1531.051392
11476 -23.519531 13.026881 1531.892212
11477 -24.132664 13.109742 1531.643677
11478 -24.297132 13.438290 1531.015747
11479 -24.753624 13.225619 1531.431641
11480 -24.843639 13.503675 1530.974487
11481 -24.582510 13.756908 1530.569214
11482 -25.194899 13.748923 1530.670654
11483 -24.963442 14.124072 1530.174072
11484 -25.623095 14.103664 1530.292358
11485 -25.416784 14.542100 1529.803223
11486 -24.808802 14.561753 1529.684692
11487 -25.282213 14.993411 1529.375732
11488 -25.859015 15.025722 1529.420044
11489 -26.033630 14.586007 1529.832275
11490 -26.447958 15.050295 1529.447510
11491 -26.582972 14.673043 1529.789795
11492 -27.014385 15.047113 1529.475342
11493 -27.095390 14.559974 1529.913818
11494 -27.582930 15.011649 1529.513306
11495 -27.646778 14.502579 1529.962769
11496 -28.187145 14.950732 1529.556885
11497 -28.331089 14.335593 1530.071777
11498 -28.807180 14.864953 1529.600952
11499 -29.423555 14.892015 1529.546021
11500 -29.206587 15.326933 1529.306030
11501 -29.761084 15.450282 1529.285156
11502 -30.062124 14.917307 1529.482056
11503 -30.457586 15.479282 1529.298584
11504 -30.727247 14.913406 1529.411865
11505 -31.385807 15.494284 1529.465332
11506 -30.869699 16.086226 1529.289673
11507 -30.128862 16.051672 1528.998291
11508 -30.555740 16.699812 1528.869019
11509 -29.889843 16.653166 1528.615479
11510 -29.362982 15.958581 1528.926025
11511 -29.152079 16.672766 1528.490845
11512 -29.608973 17.251923 1528.338257
11513 -28.889229 17.285913 1528.225586
11514 -28.318274 16.772835 1528.377686
11515 -28.607573 16.077785 1528.779297
11516 -27.903078 16.057486 1528.757690
11517 -28.084612 15.508385 1529.136963
11518 -28.708773 15.444197 1529.203613
11519 -27.483671 15.518376 1529.115845
11520 -27.336828 15.933734 1528.821533
11521 -26.915022 15.527303 1529.093262
11522 -26.822443 16.021885 1528.749023
11523 -26.322172 15.533963 1529.059814
11524 -26.149446 16.047762 1528.702881
11525 -25.698740 15.497973 1529.034668
11526 -25.373207 15.976851 1528.682495
11527 -25.983471 16.681383 1528.343140
11528 -26.687107 16.563526 1528.429810
11529 -26.547379 17.148323 1528.154541
11530 -27.202713 17.002352 1528.231567
11531 -27.137791 17.512436 1528.041870
11532 -26.597290 17.827810 1527.931274
11533 -25.879683 17.339643 1528.060425
11534 -26.020737 18.107298 1527.842407
11535 -25.262392 17.529886 1527.963379
11536 -25.342432 18.320219 1527.768066
11537 -24.651926 17.740200 1527.851563
11538 -24.662415 17.092396 1528.058472
11539 -25.201172 16.751501 1528.254761
11540 -24.559820 16.634792 1528.229248
11541 -24.670132 16.025997 1528.557617
11542 -24.742714 15.491177 1528.907959
11543 -25.168787 15.386805 1529.049927
11544 -24.756836 15.017657 1529.267578
11545 -24.309452 15.115888 1529.098267
11546 -24.238157 14.678156 1529.456787
11547 -24.246267 14.155271 1530.001953
11548 -23.676954 14.417204 1529.584106
11549 -23.563007 14.017961 1530.029541
11550 -23.927349 13.718334 1530.514038
11551 -23.381010 13.722548 1530.422852
11552 -23.019924 13.946592 1530.022461
11553 -23.193527 14.247298 1529.662231
11554 -22.696171 14.245931 1529.551880
11555 -23.129055 14.564378 1529.294678
11556 -22.499153 14.601624 1529.089966
11557 -21.968449 14.195336 1529.469238
11558 -21.853950 14.610839 1528.910522
11559 -21.297279 14.344997 1529.130615
11560 -21.258043 13.989917 1529.709351
11561 -21.846498 13.807588 1530.097412
11562 -21.279762 13.707085 1530.320435
11563 -21.752361 13.598830 1530.551514
11564 -22.280056 13.593576 1530.552979
11565 -22.448942 13.891018 1530.014404
11566 -22.890615 13.632833 1530.517212
11567 -20.817022 13.610547 1530.698120
11568 -20.529478 13.864866 1530.001587
11569 -20.119102 13.726578 1530.561646
11570 -20.409206 13.552721 1531.193604
11571 -19.704136 13.927105 1530.001831
11572 -19.914179 14.114038 1529.447632
11573 -20.634359 14.182434 1529.306885
11574 -20.051455 14.407574 1528.852295
11575 -19.379404 14.324005 1528.996948
11576 -19.232538 14.110200 1529.562134
11577 -18.864134 14.285158 1529.143066
11578 -18.636362 14.158923 1529.599121
11579 -18.322706 14.374909 1528.985474
11580 -17.614767 14.480919 1528.777954
11581 -18.197845 14.681717 1528.216309
11582 -18.847687 14.500575 1528.624756
11583 -18.940826 14.825408 1528.006104
11584 -19.484848 14.616452 1528.429688
11585 -19.580061 15.054038 1527.786865
11586 -20.191479 14.760157 1528.324707
11587 -20.753099 14.534983 1528.752686
11588 -20.996632 14.972970 1528.266968
11589 -21.328859 14.674955 1528.700073
11590 -21.742399 14.995093 1528.473755
11591 -22.329096 14.996465 1528.654297
11592 -22.248442 15.422002 1528.273682
11593 -22.764875 15.355774 1528.497437
11594 -22.836098 15.832466 1528.202026
11595 -23.424017 15.593586 1528.530396
11596 -22.964611 14.988091 1528.851074
11597 -23.696362 14.958616 1529.076294
11598 -24.151154 15.528503 1528.762451
11599 -24.057966 16.104235 1528.393677
11600 -23.453461 16.257513 1528.160889
11601 -24.053095 16.695601 1528.110229
11602 -23.409477 16.845444 1527.893433
11603 -22.888371 16.479773 1527.880615
11604 -22.107399 16.032122 1527.815186
11605 -22.331886 16.701145 1527.575806
11606 -21.414034 15.884279 1527.622925
11607 -21.609598 15.411662 1528.052856
11608 -20.983726 15.417427 1527.822754
11609 -20.973681 15.839215 1527.471924
11610 -20.556267 15.656372 1527.452271
11611 -20.354986 15.173332 1527.857544
11612 -19.875954 15.571581 1527.278076
11613 -19.230698 15.466403 1527.173340
11614 -18.961094 15.134265 1527.527954
11615 -18.607420 15.355121 1527.119263
11616 -18.441204 15.016782 1527.594238
11617 -18.091757 15.208873 1527.184448
11618 -17.808479 14.963042 1527.564331
11619 -17.405212 14.737267 1528.012451
11620 -17.144096 14.943062 1527.409058
11621 -16.695353 14.726064 1527.858032
11622 -16.837105 14.540201 1528.587769
11623 -17.096180 14.361099 1529.391846
11624 -16.513176 14.402287 1529.266235
11625 -16.198061 14.474611 1528.767700
11626 -15.977147 14.393993 1529.232300
11627 -16.021492 14.337108 1529.805054
11628 -16.587099 14.308120 1529.972168
11629 -15.419149 14.319826 1529.559326
11630 -15.596474 14.393387 1528.904785
11631 -15.044588 14.296162 1529.053101
11632 -14.874067 14.247436 1529.540283
11633 -14.459001 14.167618 1529.816162
11634 -14.528117 14.183757 1529.221436
11635 -14.691401 14.233546 1528.712769
11636 -14.616675 14.232422 1528.176514
11637 -15.158952 14.356903 1528.471558
11638 -15.237944 14.446501 1527.768921
11639 -15.760791 14.489434 1528.333618
11640 -16.293070 14.587034 1528.214722
11641 -16.036322 14.634689 1527.794556
11642 -16.462622 14.861915 1527.269897
11643 -15.731506 14.692835 1527.158081
11644 -15.048238 14.480547 1527.021484
11645 -14.537017 14.240232 1527.492432
11646 -14.413549 14.240130 1526.824463
11647 -13.925001 14.002729 1527.257202
11648 -13.738788 13.940346 1526.575562
11649 -16.898426 15.136661 1526.825928
11650 -17.540245 15.220595 1526.970947
11651 -17.319822 15.458853 1526.434814
11652 -18.049793 15.552279 1526.640137
11653 -17.711527 15.831755 1526.074829
11654 -18.399073 16.037127 1526.172363
11655 -18.808834 15.770060 1526.664795
11656 -17.991501 16.189970 1525.766479
11657 -24.057409 17.265894 1527.902344
11658 -24.024385 17.876957 1527.731567
11659 -24.524031 18.456606 1527.686279
11660 -23.925718 18.396837 1527.617798
11661 -25.413805 19.034126 1527.671875
11662 -25.416851 19.690262 1527.640991
11663 -26.164242 19.653725 1527.691528
11664 -25.909706 20.191744 1527.694946
11665 -25.202263 20.249987 1527.644409
11666 -25.665352 20.953133 1527.769897
11667 -25.090006 21.370102 1527.794800
11668 -24.452581 21.496908 1527.774780
11669 -24.925285 22.413858 1528.099609
11670 -25.792860 21.826458 1528.002441
11671 -25.766850 22.686152 1528.336426
11672 -26.336359 22.390284 1528.319458
11673 -26.309404 23.155218 1528.728149
11674 -27.063826 22.444731 1528.557129
11675 -27.246706 23.372465 1529.272705
11676 -27.981358 22.486971 1528.989624
11677 -28.102404 23.069923 1529.545532
11678 -27.744982 23.666786 1529.942749
11679 -26.521553 24.094288 1529.604492
11680 -26.438084 23.658316 1529.141846
11681 -25.870020 23.843996 1529.099365
11682 -25.494623 23.261312 1528.594604
11683 -25.345457 23.804998 1528.934937
11684 -25.439943 24.250122 1529.349487
11685 -24.863108 24.310293 1529.265991
11686 -24.746456 23.805552 1528.836182
11687 -24.583628 23.222855 1528.442749
11688 -24.082329 23.791901 1528.741455
11689 -23.857536 23.294968 1528.412231
11690 -24.158087 22.792309 1528.185303
11691 -23.522694 22.854004 1528.161255
11692 -23.785292 22.338177 1527.978027
11693 -23.127279 22.403730 1527.931763
11694 -23.374397 21.780636 1527.751587
11695 -23.987740 21.820946 1527.821533
11696 -22.746531 21.863474 1527.686768
11697 -22.444578 22.617355 1527.916626
11698 -22.125738 21.948053 1527.586914
11699 -21.876942 21.490223 1527.357056
11700 -21.573755 21.872766 1527.386597
11701 -21.468739 21.301256 1527.130737
11702 -21.369951 20.697998 1526.888550
11703 -20.947613 21.162292 1526.794434
11704 -20.762875 20.452694 1526.406372
11705 -21.331366 19.955389 1526.679443
11706 -20.813490 19.656628 1526.254517
11707 -21.249262 19.100855 1526.525269
11708 -20.675545 19.026680 1526.095947
11709 -20.428715 19.417713 1525.895996
11710 -20.186033 19.011921 1525.667480
11711 -20.410494 18.515900 1525.919556
11712 -19.890404 18.546383 1525.465332
11713 -19.714516 19.051210 1525.199097
11714 -19.240347 19.221436 1524.657104
11715 -19.586090 19.650328 1525.031738
11716 -19.141788 19.846642 1524.475708
11717 -19.422689 20.236631 1524.897461
11718 -19.872849 20.106897 1525.430908
11719 -19.634075 20.717674 1525.323364
11720 -20.140221 20.642673 1525.899902
11721 -19.759842 21.450771 1525.857178
11722 -19.334724 21.208740 1525.122803
11723 -19.297689 20.728592 1524.852905
11724 -19.029007 21.069490 1524.540771
11725 -19.041981 20.473074 1524.387329
11726 -18.685043 20.967550 1523.853760
11727 -18.774305 21.610401 1524.285400
11728 -18.471342 21.760828 1523.614868
11729 -18.278107 21.261602 1523.001221
11730 -18.408743 20.492825 1523.274170
11731 -18.758562 20.167753 1523.905151
11732 -18.432356 19.815680 1523.438599
11733 -18.780842 19.424019 1524.041382
11734 -18.406847 19.311792 1523.564941
11735 -18.115599 19.415573 1523.088623
11736 -18.124413 18.863571 1523.414551
11737 -17.797693 18.999813 1522.857178
11738 -17.802612 19.522671 1522.521484
11739 -17.536345 19.141851 1522.328735
11740 -17.448908 19.591444 1521.804443
11741 -17.225994 19.032806 1521.869141
11742 -17.409615 18.706139 1522.510620
11743 -17.006958 18.497774 1522.060181
11744 -16.853271 18.827240 1521.352295
11745 -17.078480 19.398788 1521.169434
11746 -16.601812 18.267710 1521.605103
11747 -16.727207 17.957195 1522.270630
11748 -17.185303 18.182524 1522.707642
11749 -16.823343 17.597946 1522.893555
11750 -17.311579 17.763557 1523.343018
11751 -16.456238 17.071993 1523.100220
11752 -16.405245 17.427387 1522.497681
11753 -16.316151 17.739706 1521.862671
11754 -17.691988 18.378279 1523.213745
11755 -17.775707 19.982470 1522.203735
11756 -17.891695 20.501240 1522.217529
11757 -18.088535 20.061300 1522.773071
11758 -18.133268 20.717266 1522.687744
11759 -17.990316 21.087051 1522.286621
11760 -17.829580 21.476833 1521.771851
11761 -18.030533 21.687355 1522.349243
11762 -18.209816 22.018642 1522.956421
11763 -18.004356 22.397263 1522.357178
11764 -18.105446 22.670465 1522.905762
11765 -17.932476 23.060076 1522.387207
11766 -17.989294 23.202410 1522.865723
11767 -17.809210 23.713160 1522.513916
11768 -17.929197 23.575483 1523.187134
11769 -18.132080 23.012459 1523.377686
11770 -18.081280 23.407185 1523.813599
11771 -17.836515 23.934443 1523.633301
11772 -17.703680 24.129015 1523.005005
11773 -17.534922 24.509354 1523.559692
11774 -17.416304 24.713980 1522.940918
11775 -17.175831 25.057129 1523.511230
11776 -17.330149 24.833635 1524.151367
11777 -16.843924 25.423283 1524.110107
11778 -17.132343 25.097490 1524.796265
11779 -16.639666 25.606249 1524.845215
11780 -16.249325 26.008066 1524.268188
11781 -16.493341 25.830654 1523.746460
11782 -16.803156 25.540648 1523.391235
11783 -16.375725 26.044237 1523.268677
11784 -16.140726 26.195471 1523.678955
11785 -15.837631 26.605667 1523.250000
11786 -15.770553 26.507078 1523.879883
11787 -15.423509 26.860832 1523.749512
11788 -15.420741 27.117214 1523.048096
11789 -15.862205 26.870588 1522.546265
11790 -15.479671 27.443268 1522.410034
11791 -15.953508 27.165386 1521.972900
11792 -15.709500 27.694040 1521.867676
11793 -16.098541 27.495476 1521.527466
11794 -15.900266 27.957010 1521.534668
11795 -16.281912 27.870386 1521.215942
11796 -15.932892 28.514843 1521.405884
11797 -16.621887 28.389545 1520.964355
11798 -16.225473 29.110546 1521.279663
11799 -16.869947 29.098593 1521.013672
11800 -17.390671 28.518377 1520.591675
11801 -17.116615 28.023657 1520.597168
11802 -17.640411 27.910114 1520.215454
11803 -17.266495 27.488903 1520.384644
11804 -17.776712 27.306017 1519.874756
11805 -17.385447 26.890093 1520.190186
11806 -16.953609 27.085289 1520.701050
11807 -16.774574 27.697264 1520.820313
11808 -16.516182 27.311548 1521.137329
11809 -16.745567 26.734623 1521.113892
11810 -16.362772 26.924156 1521.567627
11811 -16.665625 26.353828 1521.607910
11812 -16.942890 26.139791 1521.213989
11813 -17.098694 26.517181 1520.643677
11814 -17.211273 25.943832 1520.701050
11815 -17.161003 25.588758 1521.257813
11816 -16.965633 25.791231 1521.653809
11817 -17.239231 25.219347 1521.726563
11818 -17.058575 25.424118 1522.222656
11819 -16.678930 26.028980 1522.139648
11820 -16.294767 26.609484 1522.057251
11821 -16.310488 26.292439 1522.669678
11822 -16.740164 25.736168 1522.784546
11823 -17.099180 25.231550 1522.872437
11824 -17.328678 24.926060 1522.307373
11825 -17.562347 24.408619 1522.403198
11826 -17.484705 24.607271 1521.696411
11827 -17.666491 24.046320 1521.985229
11828 -17.771997 23.519356 1521.891602
11829 -17.609421 24.082294 1521.342163
11830 -17.711094 23.296875 1521.314453
11831 -17.843744 22.852800 1521.824341
11832 -17.719566 22.659698 1521.241455
11833 -17.856041 22.162884 1521.776489
11834 -17.508070 24.535334 1521.072632
11835 -17.377344 25.018608 1521.166260
11836 -17.474028 24.785015 1520.624146
11837 -17.361958 25.357344 1520.669312
11838 -17.497810 25.091482 1520.074341
11839 -17.554325 24.811583 1519.461914
11840 -17.618408 25.450859 1519.519043
11841 -17.842762 25.958309 1519.168701
11842 -17.621857 25.999434 1519.682373
11843 -17.792479 26.609463 1519.584839
11844 -17.415051 26.280247 1520.125610
11845 -17.458115 25.681702 1520.109375
11846 -18.258917 27.793177 1519.740356
11847 -18.075525 28.311306 1520.149536
11848 -18.470024 28.205065 1519.874512
11849 -18.831278 28.111834 1519.598999
11850 -19.394087 28.012894 1519.175171
11851 -19.382236 28.493059 1519.628296
11852 -18.693645 28.568312 1520.016357
11853 -19.301498 28.970404 1520.065918
11854 -19.989265 28.940023 1519.741821
11855 -19.805733 29.415924 1520.233276
11856 -19.222925 29.381620 1520.415283
11857 -19.479099 29.813379 1520.656982
11858 -20.187643 29.955647 1520.524170
11859 -20.593351 29.505259 1519.975952
11860 -20.786558 30.107376 1520.398071
11861 -21.316626 29.988886 1520.036133
11862 -21.960361 29.978361 1519.628174
11863 -21.853775 30.461843 1520.130249
11864 -22.549362 30.526613 1519.701782
11865 -22.272165 30.926765 1520.244263
11866 -23.164556 30.883852 1519.493164
11867 -22.516443 29.998451 1519.206055
11868 -22.505516 31.355982 1520.426025
11869 -22.044132 31.266537 1520.645874
11870 -21.805834 31.714809 1521.089478
11871 -21.475836 31.206636 1520.902832
11872 -21.193493 31.636374 1521.323730
11873 -21.523924 32.230469 1521.555664
11874 -20.884085 32.120331 1521.760254
11875 -21.134539 32.808609 1522.065674
11876 -20.443262 32.523319 1522.179810
11877 -20.554478 33.154377 1522.509644
11878 -19.922791 32.886642 1522.581421
11879 -20.026915 33.461781 1522.888428
11880 -20.634485 33.799683 1522.831055
11881 -21.163322 33.509087 1522.442505
11882 -21.246571 34.161659 1522.749390
11883 -21.743490 33.821346 1522.389648
11884 -21.623241 33.277588 1522.130493
11885 -21.886778 32.804718 1521.751343
11886 -22.195641 33.412178 1522.027466
11887 -20.687889 34.461819 1523.090942
11888 -20.096521 34.087509 1523.199097
11889 -20.152290 34.649029 1523.412476
11890 -20.051710 35.344021 1523.469238
11891 -19.702080 34.787632 1523.510742
11892 -19.439417 35.141434 1523.563721
11893 -19.161764 34.562942 1523.493652
11894 -18.808331 35.048401 1523.560791
11895 -19.167635 35.621639 1523.581665
11896 -18.520723 35.604820 1523.572754
11897 -18.980293 36.194489 1523.546509
11898 -18.345732 36.214386 1523.532227
11899 -18.779501 36.770870 1523.514771
11900 -18.206434 36.716503 1523.506226
11901 -18.407045 37.333084 1523.510986
11902 -17.693436 36.932030 1523.464478
11903 -17.692635 37.588383 1523.482544
11904 -18.304575 38.036690 1523.512207
11905 -17.676956 38.231323 1523.499756
11906 -18.218967 38.645687 1523.472778
11907 -17.689024 38.754917 1523.497437
11908 -17.130247 38.589500 1523.464233
11909 -17.076754 37.899616 1523.417480
11910 -16.483503 38.378025 1523.294189
11911 -16.430853 37.618896 1523.226440
11912 -15.861782 38.118092 1522.999390
11913 -16.019825 38.828209 1523.089600
11914 -16.566608 39.172092 1523.383423
11915 -16.057299 39.531120 1523.074219
11916 -16.424770 39.966904 1523.266602
11917 -16.033350 40.149834 1522.950684
11918 -15.804568 40.597794 1522.617676
11919 -15.599602 39.882397 1522.588135
11920 -15.352284 40.522999 1522.084839
11921 -15.053148 39.901642 1522.021729
11922 -14.842481 40.546055 1521.511230
11923 -15.110928 41.137455 1521.612549
11924 -15.613235 41.126823 1522.203613
11925 -14.763130 41.144981 1520.937988
11926 -14.396764 40.530304 1520.944336
11927 -14.323279 41.023113 1520.237183
11928 -14.027232 40.463612 1520.502075
11929 -13.782864 40.605934 1520.014038
11930 -14.003368 41.140667 1519.473633
11931 -13.497279 40.739632 1519.416992
11932 -13.716969 41.189793 1518.906738
11933 -14.182734 41.494675 1518.918457
11934 -13.957870 41.491005 1518.551270
11935 -14.379517 41.747795 1518.477661
11936 -14.748148 41.775723 1518.960571
11937 -14.841709 41.957546 1518.470947
11938 -15.230626 42.201504 1518.126953
11939 -14.518186 41.977516 1517.908936
11940 -15.034433 42.294697 1517.488403
11941 -14.462254 42.116062 1517.154663
11942 -15.017179 42.414097 1516.755005
11943 -14.483435 42.210144 1516.467651
11944 -15.026622 42.467030 1516.079590
11945 -14.596479 42.281956 1515.892700
11946 -15.015995 42.455231 1515.488159
11947 -14.471078 42.201328 1515.394043
11948 -14.980775 42.393196 1514.955200
11949 -14.442634 42.118725 1514.829224
11950 -14.924329 42.292934 1514.488037
11951 -14.510733 42.041695 1514.287842
11952 -14.936646 42.115570 1513.778076
11953 -14.402842 41.843925 1513.801270
11954 -13.959653 41.796333 1514.490723
11955 -13.825475 41.532867 1513.830078
11956 -14.293519 41.551941 1513.197510
11957 -13.749727 41.266258 1513.245239
11958 -13.251154 41.202007 1513.859985
11959 -13.173650 40.932953 1513.265137
11960 -13.706246 40.958755 1512.641235
11961 -13.120009 40.629032 1512.664185
11962 -12.621214 40.600258 1513.302368
11963 -12.576777 40.284111 1512.637817
11964 -13.109497 40.285961 1512.024780
11965 -12.536191 39.939976 1512.005981
11966 -12.027746 39.923622 1512.625244
11967 -11.962737 39.620255 1512.076172
11968 -11.499549 39.574692 1512.660889
11969 -11.534404 39.829052 1513.256470
11970 -11.021546 39.432930 1513.247314
11971 -10.988971 39.210651 1512.689941
11972 -10.492593 38.997063 1513.226196
11973 -10.484851 38.801003 1512.644287
11974 -10.946616 38.940369 1512.117920
11975 -10.425791 38.515430 1512.041748
11976 -10.963338 38.657520 1511.506836
11977 -10.412461 38.170242 1511.340332
11978 -11.105746 38.411343 1510.896362
11979 -11.643713 38.868732 1511.075684
11980 -11.637394 38.522045 1510.538574
11981 -12.166355 38.788002 1510.478271
11982 -12.333108 39.206806 1510.962891
11983 -11.880470 39.283665 1511.538940
11984 -12.464001 39.573540 1511.434204
11985 -11.439192 39.285259 1512.104858
11986 -11.381595 39.027084 1511.664429
11987 -12.941551 39.508205 1510.924438
11988 -12.793443 39.085567 1510.434937
11989 -13.354600 39.390835 1510.483643
11990 -13.395967 38.913200 1509.879639
11991 -14.030852 39.528900 1510.290405
11992 -13.554294 39.779606 1510.873901
11993 -14.196993 40.091434 1510.883911
11994 -14.785513 39.956726 1510.421631
11995 -14.731197 39.421597 1509.883789
11996 -14.153567 38.966904 1509.621582
11997 -14.746614 38.959023 1509.425781
11998 -15.318861 39.230549 1509.531006
11999 -15.898529 38.982418 1509.206055
12000 -15.982781 39.614117 1509.714355
12001 -16.543909 39.277657 1509.363037
12002 -16.707857 39.919079 1509.821777
12003 -16.090204 40.318127 1510.280884
12004 -15.406770 39.823296 1510.049438
12005 -15.441472 40.385841 1510.586914
12006 -14.848492 40.457344 1510.961914
12007 -15.417358 40.853928 1511.122559
12008 -14.832834 40.877056 1511.515747
12009 -14.257832 40.546146 1511.456787
12010 -13.655744 40.221424 1511.433472
12011 -13.683666 40.610279 1512.029541
12012 -13.057161 39.904579 1511.434082
12013 -14.263867 40.928997 1512.037964
12014 -14.264660 41.255928 1512.614014
12015 -14.822635 41.227993 1512.048462
12016 -15.302342 41.170063 1511.603760
12017 -15.406652 41.504898 1512.024048
12018 -14.846647 41.563293 1512.607056
12019 -15.422032 41.838997 1512.580566
12020 -14.883513 41.869404 1513.201294
12021 -15.424453 42.127869 1513.166748
12022 -15.451482 42.363434 1513.759277
12023 -16.003519 42.406239 1513.176514
12024 -16.009829 42.117825 1512.600586
12025 -16.570135 42.357597 1512.645996
12026 -16.607210 42.048244 1512.091919
12027 -16.024925 41.767178 1511.995605
12028 -15.935664 41.313087 1511.404175
12029 -17.033709 42.279446 1512.241943
12030 -17.192862 42.548950 1512.691040
12031 -16.662518 42.716499 1513.220581
12032 -17.348560 42.972137 1513.207275
12033 -16.853113 43.056892 1513.908569
12034 -16.105497 42.686260 1513.808716
12035 -16.160330 42.827854 1514.471680
12036 -15.519441 42.551945 1514.414917
12037 -15.548856 42.635899 1514.993530
12038 -16.084526 42.839001 1515.132080
12039 -15.582013 42.678116 1515.500610
12040 -16.184647 42.875858 1515.841431
12041 -15.549175 42.656227 1516.302124
12042 -16.015991 42.784515 1516.610229
12043 -15.555485 42.574966 1517.030518
12044 -16.090111 42.692108 1517.298706
12045 -15.665670 42.469181 1517.681152
12046 -16.216499 42.602310 1517.769287
12047 -16.703655 43.021873 1515.311768
12048 -16.727884 43.052704 1514.666138
12049 -17.273697 43.207821 1514.968140
12050 -17.695524 43.504734 1514.688110
12051 -17.310398 43.312050 1514.316040
12052 -17.923368 43.422852 1514.136230
12053 -17.550505 43.224403 1513.718262
12054 -16.009645 40.834488 1510.805664
12055 -16.746378 40.465252 1510.233398
12056 -17.279226 40.381927 1510.092896
12057 -17.457083 39.857761 1509.720215
12058 -18.133881 39.794777 1509.708130
12059 -18.381416 39.367920 1509.463623
12060 -18.776072 39.727753 1509.740845
12061 -18.992933 39.100498 1509.426392
12062 -19.339497 39.656704 1509.768311
12063 -19.600265 39.126038 1509.585449
12064 -20.032837 38.781101 1509.598999
12065 -19.485760 38.582066 1509.371704
12066 -19.467978 38.083759 1508.965088
12067 -18.917610 38.464081 1509.062622
12068 -19.136539 40.037094 1510.117432
12069 -17.087084 39.446457 1509.448242
12070 -12.640318 38.614861 1509.927856
12071 -11.968983 38.295841 1509.967041
12072 -11.291083 38.135574 1510.293945
12073 -11.460995 37.796806 1509.720703
12074 -11.526713 37.311981 1509.151123
12075 -10.971363 37.318485 1509.536133
12076 -10.617066 36.929184 1509.385376
12077 -10.392110 37.200527 1509.880737
12078 -10.167482 36.613792 1509.404541
12079 -9.794212 36.794346 1509.935913
12080 -9.666544 36.374382 1509.558594
12081 -9.249078 35.968525 1509.462891
12082 -9.263920 36.396568 1509.943726
12083 -8.729695 35.975517 1509.905273
12084 -8.722631 35.489090 1509.358521
12085 -8.839231 35.111637 1508.913940
12086 -8.160373 35.548859 1509.843140
12087 -8.234008 36.012573 1510.417236
12088 -7.638622 35.618221 1510.361938
12089 -7.796358 36.049248 1510.932007
12090 -7.174753 35.670967 1510.853394
12091 -6.552058 35.370071 1510.805298
12092 -6.758553 35.740906 1511.387329
12093 -6.107462 35.443863 1511.284912
12094 -5.425136 35.175240 1511.148682
12095 -5.648555 35.478630 1511.730835
12096 -6.374924 35.762699 1511.843262
12097 -5.923970 35.760105 1512.348877
12098 -5.227096 35.511009 1512.169922
12099 -4.853080 35.205021 1511.549438
12100 -4.484083 35.335999 1512.141846
12101 -4.790628 35.557484 1512.739624
12102 -4.116372 35.423393 1512.704346
12103 -3.754699 35.206684 1512.140381
12104 -4.100796 35.045296 1511.529785
12105 -3.366667 34.920650 1511.517334
12106 -3.017788 34.563366 1510.834229
12107 -2.709260 34.840134 1511.525757
12108 -3.105811 35.132362 1512.193726
12109 -2.390453 35.065346 1512.221558
12110 -1.998010 34.792019 1511.567505
12111 -2.276393 34.520279 1510.906982
12112 -1.542670 34.541748 1511.052856
12113 -1.788271 34.198708 1510.328857
12114 -2.530744 34.211887 1510.258179
12115 -2.259832 33.895256 1509.717896
12116 -1.657757 33.839127 1509.659546
12117 -1.236330 34.037319 1510.047974
12118 -1.087388 33.789131 1509.571777
12119 -0.855770 33.508865 1509.027222
12120 -0.482671 33.756657 1509.474487
12121 -0.212327 33.500698 1508.940186
12122 -0.681174 33.203480 1508.431030
12123 -0.093735 33.170029 1508.277588
12124 0.424745 33.469807 1508.760376
12125 0.579029 33.131756 1508.054932
12126 0.659225 32.839657 1507.482422
12127 1.234853 33.128422 1507.861084
12128 1.302925 32.825016 1507.270996
12129 0.843146 32.534508 1506.888184
12130 1.516173 32.560234 1506.737915
12131 1.069896 32.265450 1506.375488
12132 0.634900 31.975639 1506.033325
12133 2.217172 32.595833 1506.573853
12134 1.978755 32.841709 1507.080933
12135 2.632791 32.876541 1506.918701
12136 2.949034 32.629147 1506.388306
12137 3.409028 32.974895 1506.834351
12138 3.776258 32.622643 1506.122925
12139 3.744283 32.294132 1505.595337
12140 4.319694 32.387169 1505.587280
12141 4.592557 32.741013 1506.111694
12142 5.024361 32.512184 1505.630371
12143 4.696730 32.099777 1505.021729
12144 5.378692 32.263561 1505.135986
12145 5.053910 31.918291 1504.637573
12146 5.757758 32.015778 1504.636108
12147 6.129629 32.369808 1505.178467
12148 6.956887 32.432888 1505.161743
12149 6.525948 32.691715 1505.704468
12150 5.750597 32.633076 1505.707031
12151 6.183020 32.982750 1506.281494
12152 6.891486 33.013088 1506.272705
12153 7.262848 32.760765 1505.750977
12154 7.551345 33.004673 1506.203247
12155 7.724649 32.792572 1505.762695
12156 7.612900 32.544991 1505.282959
12157 7.454737 32.199326 1504.635742
12158 8.107987 32.314789 1504.741821
12159 8.148710 32.689434 1505.498657
12160 8.674304 32.863388 1505.789917
12161 8.081378 32.950184 1506.044678
12162 8.602029 33.132126 1506.367920
12163 9.254638 33.035851 1506.073364
12164 9.112049 33.303764 1506.670410
12165 9.814378 33.265125 1506.479736
12166 9.334071 33.505741 1507.072998
12167 8.598345 33.387386 1506.901001
12168 8.697677 33.643223 1507.424438
12169 9.281510 33.752293 1507.602661
12170 9.764144 33.745468 1507.531250
12171 10.079812 33.497540 1506.943604
12172 10.418214 33.748192 1507.440308
12173 10.731756 33.517166 1506.871216
12174 11.152386 33.324768 1506.362305
12175 11.410814 33.587299 1506.912476
12176 11.889468 33.403130 1506.424316
12177 11.585999 33.126938 1505.844238
12178 12.452710 33.160881 1505.814575
12179 12.567513 33.463642 1506.495972
12180 12.976964 33.305378 1506.114136
12181 13.643383 33.286385 1506.076538
12182 13.153333 33.542915 1506.662109
12183 13.870277 33.533066 1506.669067
12184 14.233135 33.382664 1506.345093
12185 14.334381 33.168892 1505.846436
12186 14.566677 32.880089 1505.187012
12187 14.991720 33.131313 1505.839111
12188 15.373887 32.893223 1505.330566
12189 14.815906 32.652512 1504.690063
12190 15.533466 32.581478 1504.631836
12191 16.112827 32.776672 1505.219238
12192 16.765581 32.688698 1505.214844
12193 16.886120 32.475060 1504.764648
12194 17.347893 32.589394 1505.214111
12195 17.896322 32.718376 1505.775635
12196 17.299435 32.849926 1505.810059
12197 17.823128 32.975319 1506.357910
12198 18.441076 32.805092 1506.274536
12199 19.033356 32.673737 1506.318848
12200 18.969648 32.938602 1506.914429
12201 19.593910 32.777401 1506.924072
12202 19.623621 32.516441 1506.345825
12203 20.178331 32.607822 1506.927856
12204 20.226910 32.320904 1506.346680
12205 20.121775 32.866276 1507.498901
12206 19.524582 33.023205 1507.486694
12207 19.988430 33.085678 1507.969727
12208 20.059837 33.288929 1508.589355
12209 19.479105 33.270897 1508.120117
12210 19.425875 33.478985 1508.681885
12211 19.728733 33.563545 1509.173340
12212 20.264944 33.437954 1509.200684
12213 20.000187 33.665638 1509.740112
12214 20.697969 33.483246 1509.715454
12215 20.396252 33.726101 1510.329346
12216 21.081497 33.557648 1510.354614
12217 20.839003 33.763611 1510.951538
12218 21.542263 33.578976 1510.943115
12219 21.369568 33.756515 1511.550903
12220 22.054886 33.572266 1511.536377
12221 22.766699 33.365643 1511.502686
12222 22.602053 33.546333 1512.140503
12223 23.344284 33.305111 1512.044678
12224 23.164263 33.488998 1512.681641
12225 22.477562 33.699413 1512.727539
12226 23.069977 33.652157 1513.332764
12227 23.713161 33.418583 1513.244141
12228 23.871782 33.240673 1512.620361
12229 24.333464 33.160374 1513.157227
12230 24.491491 32.994591 1512.586182
12231 24.835678 32.915649 1513.038330
12232 25.125832 32.709991 1512.592651
12233 25.741909 32.386147 1512.654541
12234 25.328094 32.683556 1513.176025
12235 25.980530 32.304295 1513.349854
12236 26.672169 31.789000 1513.287231
12237 26.442049 32.015743 1513.884644
12238 26.925003 31.601334 1513.837891
12239 27.222647 31.310673 1513.370483
12240 27.410376 31.135420 1514.102051
12241 27.934460 30.543695 1514.028564
12242 27.240690 31.369509 1514.833862
12243 26.905134 31.662603 1514.377441
12244 26.812912 31.863184 1515.000854
12245 26.792549 32.102158 1515.562256
12246 26.375143 32.327671 1515.127686
12247 26.336472 32.635612 1515.663940
12248 25.863834 32.778732 1515.180298
12249 25.806179 33.164974 1515.796509
12250 26.808409 32.425854 1516.024780
12251 25.324301 33.135250 1515.130493
12252 25.557053 32.781200 1514.520752
12253 24.891666 33.140102 1514.350464
12254 24.711390 33.480907 1515.114868
12255 25.167397 33.539516 1515.744507
12256 24.551624 33.836639 1515.733154
12257 25.041998 33.997032 1516.353638
12258 25.567736 33.639729 1516.210327
12259 23.900572 34.067589 1515.675049
12260 24.057516 33.779434 1515.109497
12261 23.478788 33.981915 1515.077759
12262 23.509121 33.806396 1514.553345
12263 22.959305 34.001232 1514.617676
12264 22.981951 33.830116 1513.996460
12265 22.383270 34.042274 1514.174438
12266 22.333723 33.885204 1513.433960
12267 23.573248 33.614456 1513.909790
12268 21.950048 34.062965 1513.787598
12269 21.910736 34.191547 1514.299805
12270 22.448061 34.186203 1514.777954
12271 21.895771 34.355854 1514.916504
12272 22.544025 34.382439 1515.481445
12273 22.988043 34.147099 1515.118774
12274 23.277002 34.228172 1515.578857
12275 23.026161 34.523754 1516.163330
12276 22.330818 34.675785 1516.173340
12277 22.763475 34.807995 1516.721313
12278 22.119522 34.907578 1516.685913
12279 21.631060 34.786621 1516.126465
12280 21.832912 34.576706 1515.607788
12281 21.144470 34.685303 1515.539795
12282 21.294138 34.487999 1514.933228
12283 21.350033 34.336803 1514.368896
12284 20.846952 34.471207 1514.466187
12285 20.733549 34.369526 1513.851685
12286 21.431669 34.191017 1513.795410
12287 20.903610 34.188164 1513.134521
12288 21.635733 34.028828 1513.254395
12289 21.294901 34.015968 1512.757935
12290 21.829882 33.875225 1512.741577
12291 21.299116 33.904655 1512.194458
12292 21.892429 33.728691 1512.086426
12293 20.652239 33.968163 1511.671143
12294 20.765392 34.088715 1512.427124
12295 20.268225 34.165985 1512.144775
12296 20.272369 34.290180 1512.806641
12297 19.637964 34.362572 1512.256104
12298 12.490880 35.594917 1513.486938
12299 16.038429 35.406513 1513.107300
12300 14.839162 35.636276 1513.870239
12301 9.952289 35.568291 1513.552002
12302 10.075406 35.716881 1515.056152
12303 13.191958 35.661766 1513.862183
12304 18.356213 34.476971 1511.092529
12305 18.856159 34.307644 1510.988159
12306 18.257414 34.340767 1510.482910
12307 17.815483 34.594604 1510.962280
12308 17.487864 34.520672 1510.394287
12309 17.154701 34.774067 1510.991333
12310 10.860250 35.599133 1513.805054
12311 15.391155 35.340431 1512.132202
12312 14.055344 35.646572 1513.708618
12313 10.598876 35.435589 1512.602173
12314 9.818357 35.464340 1512.751831
12315 12.349251 35.743629 1514.761597
12316 11.716769 35.595039 1513.650513
12317 13.778635 35.485298 1512.555298
12318 15.360852 35.712540 1514.849854
12319 14.625278 35.471237 1512.572876
12320 16.559765 35.466858 1514.340332
12321 9.159457 35.621326 1514.057739
12322 19.507555 34.680012 1513.878662
12323 20.085270 34.499073 1513.690186
12324 20.321772 34.373367 1513.329834
12325 20.211643 34.579842 1514.297363
12326 19.423956 34.807640 1514.525024
12327 19.973064 34.782211 1515.039063
12328 20.676159 34.624447 1514.978760
12329 20.492937 34.804482 1515.548706
12330 20.975216 34.889942 1516.110229
12331 20.292925 34.988251 1516.074707
12332 20.787430 35.129208 1516.736816
12333 21.484825 35.010551 1516.692139
12334 21.311497 35.261536 1517.310425
12335 21.982262 35.130684 1517.213623
12336 22.504934 35.028667 1517.152466
12337 22.518724 35.237297 1517.684448
12338 23.110783 35.350136 1518.150757
12339 22.485386 35.486782 1518.347046
12340 23.131588 35.605179 1518.873901
12341 23.681519 35.463444 1518.566895
12342 24.168989 35.360558 1518.359375
12343 24.216953 35.562737 1518.864014
12344 24.747753 35.736576 1519.271484
12345 25.371727 35.721458 1519.036499
12346 25.261665 35.929710 1519.686523
12347 25.853893 35.961727 1519.416260
12348 25.954578 35.750072 1518.828979
12349 26.419199 36.054340 1519.208008
12350 26.319304 36.216049 1519.794800
12351 26.878839 36.362736 1519.574951
12352 26.740356 36.481953 1520.255615
12353 27.325930 36.683716 1519.997437
12354 27.481033 36.556141 1519.252197
12355 27.954161 36.998165 1519.838623
12356 28.153751 36.986935 1519.318237
12357 28.082426 36.763374 1518.811890
12358 28.095463 36.537560 1518.304688
12359 28.569895 36.951466 1518.413086
12360 28.598999 37.210800 1519.021606
12361 29.081936 37.433086 1518.584717
12362 29.057091 37.107342 1517.915039
12363 29.564495 37.627491 1518.064941
12364 29.654392 37.242867 1517.213745
12365 28.991179 36.712914 1517.386353
12366 28.504684 36.596207 1517.859375
12367 28.578428 36.226746 1517.317993
12368 28.277533 35.766010 1517.207031
12369 28.858332 35.991127 1516.851563
12370 28.704712 35.541397 1516.761597
12371 28.186186 35.345272 1517.043457
12372 28.528189 34.985260 1516.753174
12373 29.177988 35.308136 1516.384033
12374 29.266207 35.819733 1516.420410
12375 29.680279 35.715675 1516.066406
12376 29.739969 35.197273 1516.013794
12377 29.262203 34.689823 1516.379028
12378 29.957867 34.748833 1515.991943
12379 29.831017 34.231434 1516.283691
12380 29.219145 34.018547 1516.608032
12381 28.642565 34.343689 1516.710693
12382 28.684916 33.769028 1516.819214
12383 28.092890 33.872746 1516.880493
12384 29.135647 33.394829 1516.919067
12385 29.101879 32.832611 1517.211670
12386 29.720686 33.047802 1517.106079
12387 29.784218 33.618870 1516.678833
12388 30.373941 33.213161 1516.902344
12389 30.954161 32.870514 1517.230347
12390 31.050711 33.299213 1516.671265
12391 31.642302 32.967766 1517.005859
12392 31.526428 32.619080 1517.582886
12393 32.110023 32.424492 1517.975220
12394 32.216526 32.737354 1517.339355
12395 32.789192 32.578320 1517.653931
12396 32.693714 32.403267 1518.074951
12397 32.389553 32.206890 1518.501953
12398 33.046963 32.246227 1518.549683
12399 32.732777 32.042294 1519.026001
12400 33.251434 32.119247 1518.978271
12401 33.692791 32.290539 1518.536011
12402 33.722664 32.075241 1519.279541
12403 33.120071 31.947266 1519.456543
12404 33.595108 31.879896 1519.898682
12405 34.205627 31.997992 1519.760864
12406 34.324558 32.185684 1519.060547
12407 34.831718 32.095177 1519.629272
12408 34.685959 31.943369 1520.244507
12409 34.098000 31.826756 1520.368042
12410 34.597500 31.792982 1520.847778
12411 34.040897 31.645758 1521.021973
12412 33.507339 31.677431 1520.541992
12413 32.959026 31.732803 1520.033081
12414 32.888245 31.506891 1520.687378
12415 33.470833 31.464392 1521.243408
12416 32.844238 31.292208 1521.326538
12417 32.121281 31.054405 1521.456299
12418 32.849850 31.110615 1521.900635
12419 32.164482 30.883018 1521.997925
12420 31.639774 30.681433 1522.085327
12421 32.129684 30.676962 1522.567627
12422 32.780571 30.897688 1522.505859
12423 32.635712 30.658527 1523.119507
12424 31.999649 30.445547 1523.115967
12425 31.610931 30.478868 1522.625488
12426 31.372597 30.238569 1523.039063
12427 31.821157 30.218231 1523.600098
12428 31.160072 29.962809 1523.555420
12429 30.597532 29.975111 1522.816284
12430 30.537130 29.638485 1523.606079
12431 30.006481 29.256567 1523.730469
12432 30.519211 29.401283 1524.245117
12433 30.030664 29.060953 1524.320068
12434 29.580675 28.644579 1524.450195
12435 29.995956 28.878771 1524.843018
12436 30.442095 29.177298 1524.840088
12437 30.191210 28.901209 1525.362427
12438 29.675566 28.557528 1525.112671
12439 29.890530 28.607018 1525.899170
12440 30.470388 28.996988 1525.911865
12441 30.422560 28.939199 1526.403320
12442 30.931374 29.251537 1526.258423
12443 30.899027 29.292061 1525.551758
12444 31.483767 29.567947 1526.029907
12445 31.352854 29.523037 1526.682861
12446 31.976276 29.878193 1526.459839
12447 31.821760 29.880566 1526.973999
12448 31.331324 29.626612 1527.303589
12449 30.887606 29.245001 1526.802979
12450 30.712532 29.231817 1527.447266
12451 30.948959 29.574617 1527.992554
12452 30.454828 29.203035 1528.038696
12453 30.183336 28.891420 1527.618042
12454 29.943272 28.831671 1528.146484
12455 29.644409 28.495766 1527.658936
12456 29.901625 28.623709 1527.199341
12457 29.434797 28.254082 1527.073975
12458 29.025335 27.993313 1527.689331
12459 28.914789 27.782768 1526.946777
12460 29.297960 28.101757 1526.312866
12461 28.874603 27.684477 1526.407837
12462 29.305181 28.151861 1525.464478
12463 29.881138 28.572512 1526.651245
12464 28.506868 27.291506 1526.777344
12465 28.485683 27.407408 1527.395630
12466 28.508333 27.599308 1528.165405
12467 28.912804 28.031054 1528.404175
12468 28.560623 27.801376 1528.834961
12469 29.119432 28.378038 1529.046753
12470 28.595181 28.009113 1529.554321
12471 28.114634 27.447414 1529.225464
12472 28.112600 27.606483 1529.953979
12473 27.651747 27.030611 1529.555786
12474 28.105944 27.272894 1528.559692
12475 27.640324 27.170338 1530.278076
12476 28.082087 27.725609 1530.706665
12477 27.566654 27.192408 1531.053345
12478 28.014206 27.766188 1531.475586
12479 27.490612 27.119122 1531.732788
12480 27.020527 26.636744 1531.324585
12481 26.980047 26.557957 1532.003540
12482 26.370646 26.031809 1531.691406
12483 26.457468 26.039787 1532.358887
12484 25.864651 25.611805 1532.087524
12485 25.817099 25.511055 1531.498291
12486 26.162758 25.774809 1531.145630
12487 26.578529 26.160814 1530.912476
12488 26.217009 25.637810 1530.591919
12489 26.699581 26.103228 1530.227173
12490 27.106087 26.657270 1530.597900
12491 27.176868 26.568504 1529.866211
12492 26.846252 25.938444 1529.481934
12493 26.377901 25.490026 1530.004028
12494 26.582769 25.264368 1529.425415
12495 26.946066 25.542738 1528.878174
12496 26.843935 24.908955 1528.929688
12497 27.254131 24.636618 1528.397827
12498 26.890638 24.336708 1529.032104
12499 27.402605 24.003191 1528.658081
12500 27.732874 24.257296 1527.987305
12501 28.091015 23.658281 1528.193970
12502 28.480303 23.706072 1527.545410
12503 28.401007 24.129633 1527.046265
12504 28.946764 23.568367 1526.902222
12505 29.232996 23.488674 1526.361572
12506 29.380810 23.079584 1526.948853
12507 29.696960 22.912117 1526.483765
12508 29.716183 23.068354 1525.969482
12509 30.139412 22.474380 1526.226685
12510 29.872679 22.520342 1526.991699
12511 30.164278 21.973360 1527.468018
12512 29.798470 22.326679 1527.660034
12513 29.458057 22.730419 1527.561646
12514 29.035528 23.162266 1527.530029
12515 29.118021 22.785864 1528.117065
12516 29.462830 22.407459 1528.235596
12517 29.241636 22.362150 1528.724854
12518 29.695461 21.927593 1528.746460
12519 29.452494 21.903093 1529.264282
12520 29.934679 21.442194 1529.215820
12521 30.130663 21.466547 1528.668213
12522 29.947884 21.942802 1528.134277
12523 30.351259 21.484747 1527.993042
12524 30.710938 20.982552 1527.843628
12525 30.501202 21.000509 1528.518677
12526 30.837233 20.431711 1528.411011
12527 30.606165 20.560926 1529.033081
12528 30.299011 21.061741 1529.033936
12529 30.276403 20.825575 1529.618042
12530 29.720425 21.401089 1529.796021
12531 30.006424 20.876341 1530.299683
12532 30.451834 20.317207 1530.168945
12533 30.700705 20.138979 1529.527344
12534 30.803734 19.706865 1529.959351
12535 30.559809 19.916597 1530.701172
12536 30.814960 19.414610 1530.570190
12537 30.644760 19.571545 1531.214722
12538 30.355961 20.024065 1531.370239
12539 30.506840 19.629221 1531.875732
12540 30.789337 19.101503 1531.633667
12541 30.894415 19.052727 1530.918457
12542 30.999132 18.503551 1531.373047
12543 30.924782 18.552086 1532.053589
12544 31.071402 17.935164 1531.825806
12545 30.690409 19.133995 1532.323975
12546 30.541407 19.261099 1532.918335
12547 30.350777 19.688740 1532.532959
12548 30.228859 19.715284 1533.028320
12549 30.327017 19.450274 1533.448730
12550 30.078909 19.586430 1534.020630
12551 29.880459 19.982725 1533.483398
12552 29.642769 19.981440 1534.191284
12553 29.834194 19.630579 1534.625977
12554 29.425875 19.933859 1534.818848
12555 29.583622 19.614338 1535.236450
12556 29.182913 19.807556 1535.556274
12557 28.968224 20.174093 1535.034424
12558 29.185452 20.249987 1534.434570
12559 28.809961 20.401737 1534.641235
12560 28.824392 20.553272 1534.124268
12561 29.320484 20.352901 1533.812012
12562 28.821783 20.724138 1533.501221
12563 29.403835 20.475431 1533.161499
12564 28.861319 20.882851 1532.837769
12565 29.458523 20.616798 1532.509521
12566 28.876738 21.065445 1532.190552
12567 29.462391 20.812448 1531.848999
12568 28.844164 21.304380 1531.539551
12569 29.393141 21.095533 1531.179443
12570 28.790922 21.601980 1530.874023
12571 29.381998 21.402380 1530.451172
12572 28.718952 21.983208 1530.161865
12573 28.142445 22.064550 1530.572388
12574 28.093987 22.427349 1529.975952
12575 27.500790 22.515646 1530.289917
12576 27.516558 22.912113 1529.723633
12577 28.023960 22.805552 1529.450684
12578 27.585249 23.306087 1529.192749
12579 28.010935 23.131287 1529.003906
12580 27.802677 23.535694 1528.702271
12581 26.951893 23.708181 1529.372314
12582 26.984873 22.998827 1530.023438
12583 26.519711 23.437151 1529.970337
12584 26.605207 22.936703 1530.351929
12585 26.050125 23.161749 1530.532837
12586 26.461004 22.640556 1530.766846
12587 27.013004 22.567253 1530.534912
12588 26.990936 22.224026 1531.056030
12589 27.557776 22.155045 1530.838257
12590 27.597143 21.835278 1531.433960
12591 28.203001 21.736321 1531.191650
12592 28.239529 21.460484 1531.832520
12593 27.606258 21.575478 1532.039063
12594 28.252073 21.243559 1532.454712
12595 27.573139 21.368805 1532.647949
12596 28.221115 21.062405 1533.106201
12597 27.528152 21.187872 1533.273315
12598 28.178482 20.878735 1533.847412
12599 27.438093 21.029335 1533.914917
12600 27.852154 20.805716 1534.444214
12601 27.221376 20.908310 1534.483887
12602 26.781973 21.099628 1533.950317
12603 26.483261 20.933224 1534.614258
12604 26.077379 21.163212 1533.890869
12605 25.711573 20.992083 1534.476685
12606 26.030516 20.795715 1535.127808
12607 25.372234 20.806147 1535.063354
12608 24.954729 21.014187 1534.453369
12609 24.592157 20.794769 1535.050903
12610 24.224440 21.038952 1534.485352
12611 23.950632 20.765802 1535.126953
12612 24.421543 20.566103 1535.651001
12613 23.798014 20.492119 1535.753296
12614 23.349112 20.768730 1535.169678
12615 23.190630 20.449774 1535.800537
12616 22.749405 20.797010 1535.220337
12617 22.522791 20.508383 1535.710693
12618 22.118610 20.872435 1535.280518
12619 21.921656 20.547802 1535.733032
12620 21.542868 20.915167 1535.417847
12621 21.341925 20.596569 1535.798462
12622 20.977526 20.931646 1535.605225
12623 20.781981 20.518814 1536.018921
12624 20.427858 20.928988 1535.816772
12625 20.165524 20.480286 1536.226318
12626 19.885736 20.935461 1536.025635
12627 19.514601 20.478994 1536.435181
12628 19.272108 20.910604 1536.294067
12629 18.897715 20.575939 1536.615356
12630 18.670570 20.928110 1536.568115
12631 18.400263 20.619741 1536.822021
12632 18.503250 20.205645 1537.011719
12633 19.096865 20.139059 1536.832520
12634 18.689943 19.671871 1537.394653
12635 18.107964 19.802650 1537.494507
12636 17.928055 20.378653 1537.187500
12637 17.625929 19.960402 1537.611938
12638 17.289743 20.347206 1537.592407
12639 17.160389 19.815115 1537.979126
12640 17.694649 19.476465 1537.980957
12641 17.171946 19.202194 1538.490479
12642 16.638588 19.681948 1538.395386
12643 16.714504 20.262981 1538.032959
12644 16.284800 20.135334 1538.414185
12645 16.424131 20.705521 1538.147583
12646 15.878594 20.032232 1538.777222
12647 16.050390 20.861071 1538.478760
12648 15.490582 20.538809 1539.042725
12649 15.447065 19.903149 1539.175781
12650 15.076392 20.022795 1539.471924
12651 14.956604 20.536161 1539.581909
12652 14.417322 20.004234 1540.050903
12653 14.435827 20.653290 1540.126587
12654 13.959270 20.376909 1540.484741
12655 13.943145 20.958776 1540.723755
12656 13.425652 20.507786 1540.933472
12657 13.678905 19.773006 1540.609131
12658 12.905840 20.013170 1541.127197
12659 13.044997 19.210653 1540.943604
12660 13.812274 19.046913 1540.529419
12661 14.215109 19.395918 1540.232544
12662 14.411060 18.777145 1540.245850
12663 13.930995 18.492935 1540.551392
12664 14.305047 18.145020 1540.489746
12665 13.768074 17.922665 1540.725830
12666 13.309225 18.385195 1540.831177
12667 13.281611 17.778475 1540.892578
12668 13.690016 17.249094 1540.869751
12669 14.266625 17.575417 1540.678955
12670 14.377142 17.030348 1540.832764
12671 14.049120 16.611963 1540.958618
12672 14.575640 16.606035 1540.970581
12673 14.467822 16.156258 1541.096558
12674 15.049019 16.410555 1541.106934
12675 14.952417 16.893076 1540.874634
12676 15.595171 16.835724 1540.996094
12677 15.307733 17.271372 1540.685669
12678 14.813453 17.379629 1540.661621
12679 15.251931 17.782640 1540.380981
12680 14.699093 17.821491 1540.486084
12681 14.816447 18.264170 1540.249023
12682 15.380918 18.389874 1539.968018
12683 14.923081 18.831543 1539.946289
12684 15.530410 18.954254 1539.544800
12685 15.237528 19.443489 1539.492676
12686 15.730349 19.461136 1539.138306
12687 16.025883 19.078901 1539.190674
12688 16.154728 19.586393 1538.777222
12689 16.534729 19.171625 1538.840698
12690 16.422812 18.756401 1539.261597
12691 16.894392 18.757229 1539.078125
12692 16.634642 18.379992 1539.575073
12693 17.154364 18.410196 1539.429077
12694 17.541515 18.714848 1538.918335
12695 17.889523 19.001478 1538.430664
12696 18.095545 18.627138 1538.930176
12697 18.481829 18.882284 1538.453125
12698 18.270380 19.232170 1538.020996
12699 18.890299 19.188723 1537.915894
12700 19.326502 19.567781 1537.335938
12701 19.508389 19.134975 1537.914795
12702 19.951311 19.467703 1537.371460
12703 19.836372 19.951475 1536.800903
12704 20.366100 19.738392 1536.963501
12705 20.564798 20.123112 1536.470337
12706 20.939526 19.769133 1536.888794
12707 20.566278 19.427156 1537.423950
12708 21.297096 19.420269 1537.527344
12709 20.731352 19.143066 1537.994507
12710 21.253605 19.145273 1538.152344
12711 21.781973 19.260403 1538.072998
12712 22.102856 19.533066 1537.508667
12713 21.709499 19.827780 1536.823853
12714 22.552938 19.858986 1536.921509
12715 22.225018 20.167789 1536.280884
12716 21.656971 20.251436 1536.169922
12717 21.159159 20.273632 1536.195679
12718 22.993635 20.199694 1536.291016
12719 23.236807 19.877012 1537.111328
12720 23.637377 20.058243 1536.798218
12721 23.667307 20.269579 1536.270020
12722 24.166012 20.140230 1536.774902
12723 24.276974 20.341160 1536.241821
12724 24.772406 20.212784 1536.791626
12725 24.897995 20.407488 1536.223877
12726 25.065886 20.615368 1535.618164
12727 25.522724 20.453018 1536.226807
12728 25.731810 20.631399 1535.666992
12729 26.143604 20.483521 1536.182617
12730 26.343065 20.636118 1535.664917
12731 26.562019 20.754097 1535.234131
12732 26.871843 20.622328 1535.612915
12733 27.042667 20.759302 1535.091431
12734 27.396599 20.577665 1535.532471
12735 27.628859 20.696453 1534.999023
12736 28.032476 20.441576 1535.467407
12737 28.108854 20.602404 1534.902954
12738 28.407904 20.617424 1534.514038
12739 28.529213 20.391344 1535.067505
12740 28.615273 20.159323 1535.577637
12741 28.143015 20.150196 1536.131592
12742 27.600058 20.356239 1536.055298
12743 27.640522 20.119066 1536.658325
12744 27.136562 20.315025 1536.455444
12745 27.154196 20.473734 1535.977295
12746 26.708788 20.478937 1536.122192
12747 26.589550 20.308662 1536.682373
12748 27.092026 20.112648 1537.044800
12749 26.487473 20.127464 1537.253784
12750 27.005716 19.879871 1537.724976
12751 27.682751 19.849363 1537.296387
12752 28.196886 19.862783 1536.757202
12753 28.255598 19.561550 1537.375610
12754 27.753757 19.546358 1537.970459
12755 28.365805 19.300306 1537.842529
12756 28.825941 18.958342 1537.967651
12757 28.244925 19.155802 1538.367432
12758 28.837025 18.707499 1538.661011
12759 28.084103 18.997328 1539.019165
12760 27.606775 19.343657 1538.633057
12761 27.192101 19.614494 1538.291382
12762 26.939873 19.500196 1538.781372
12763 26.659649 19.725292 1538.324219
12764 26.229172 19.605091 1538.849243
12765 26.703661 19.327085 1539.418579
12766 27.383072 19.191790 1539.263184
12767 27.101049 19.033854 1539.986816
12768 26.441545 19.229052 1539.875244
12769 26.488926 19.057138 1540.409180
12770 27.113121 18.803467 1540.750488
12771 27.760666 18.686359 1540.436523
12772 27.860003 18.866905 1539.700439
12773 28.375082 18.531450 1540.136597
12774 28.547976 18.636921 1539.438721
12775 28.982576 18.315720 1539.911499
12776 28.876095 18.238695 1540.571655
12777 29.432611 18.051237 1540.387573
12778 29.579193 18.061872 1539.770996
12779 29.220470 18.328857 1539.228882
12780 29.925014 17.952702 1539.048462
12781 29.548822 18.255260 1538.574219
12782 30.050596 17.913408 1538.506104
12783 30.442623 17.633081 1538.147217
12784 30.433371 17.672317 1538.730103
12785 30.852497 17.387243 1538.348389
12786 30.874750 17.224546 1537.703613
12787 30.862822 17.109344 1537.213013
12788 31.314449 17.262568 1538.613159
12789 30.874958 17.502218 1539.001465
12790 31.331100 17.418129 1539.187866
12791 31.877705 17.295649 1538.906250
12792 32.384239 17.048262 1538.321411
12793 32.571598 17.386412 1538.895630
12794 32.284492 17.506504 1539.538574
12795 31.686405 17.482962 1539.647583
12796 32.114944 17.571608 1540.195679
12797 32.643177 17.642035 1540.114746
12798 32.913937 17.631943 1539.439941
12799 33.372478 17.803284 1539.963013
12800 33.289635 17.757818 1540.756836
12801 33.959518 17.906855 1540.437988
12802 34.087582 17.999538 1539.732056
12803 34.724384 18.048607 1540.203857
12804 34.795330 18.178230 1539.420410
12805 34.349987 18.085094 1539.083618
12806 35.006870 18.264229 1538.764038
12807 34.658840 18.146257 1538.460693
12808 35.356960 18.308981 1538.151367
12809 34.946598 18.173496 1538.050659
12810 35.403774 18.243408 1537.787231
12811 34.948288 18.068266 1537.749512
12812 34.360325 17.913748 1538.105713
12813 34.397713 17.691114 1537.675537
12814 35.015598 17.882298 1537.395142
12815 34.712284 17.526373 1537.269165
12816 34.123383 17.333027 1537.548706
12817 33.987885 17.561672 1537.893677
12818 33.548347 17.240051 1537.896606
12819 33.693134 17.601124 1538.275269
12820 33.962082 17.885920 1538.671875
12821 33.238056 17.592394 1538.815552
12822 33.506065 17.801048 1539.280884
12823 33.022015 17.270864 1538.332764
12824 33.775528 16.857765 1537.470215
12825 34.473000 17.059383 1537.161011
12826 34.235554 16.445177 1537.096558
12827 34.152874 15.702662 1537.062622
12828 34.763538 16.032122 1536.848999
12829 34.930836 16.700945 1536.833130
12830 35.394020 16.226948 1536.629150
12831 35.253086 15.627212 1536.721313
12832 34.755436 15.479585 1536.893677
12833 35.150013 15.032636 1536.871582
12834 34.545345 14.986211 1537.037231
12835 33.879822 14.972600 1537.190674
12836 34.367516 14.344931 1537.247192
12837 33.686150 14.350573 1537.337646
12838 33.030983 14.350062 1537.345093
12839 33.453285 13.807634 1537.497070
12840 32.772034 13.792884 1537.431641
12841 32.424690 14.366571 1537.224121
12842 32.115173 13.679747 1537.240967
12843 32.534267 13.201801 1537.566772
12844 31.836063 12.927042 1537.377197
12845 31.290321 12.866462 1536.982666
12846 31.378933 12.401873 1537.360474
12847 31.265417 11.873762 1537.650757
12848 31.784317 12.269119 1537.708740
12849 31.688452 11.692880 1538.041016
12850 31.210239 11.290660 1538.082764
12851 31.652174 11.129598 1538.439209
12852 31.111462 10.724233 1538.522095
12853 31.619318 10.529955 1538.892090
12854 31.051384 10.165313 1539.002075
12855 30.565811 10.335992 1538.592163
12856 30.679586 10.853278 1538.119141
12857 30.105669 10.414104 1538.135742
12858 30.244402 10.881484 1537.661865
12859 30.762182 11.378822 1537.647461
12860 30.396780 11.345679 1537.258057
12861 29.965195 10.959630 1537.129883
12862 29.455551 10.498922 1536.956543
12863 29.721008 10.446706 1537.610840
12864 29.124306 9.989289 1537.523682
12865 28.966953 10.070259 1536.766357
12866 28.600252 9.505833 1537.890381
12867 29.053654 9.685772 1538.168945
12868 28.729759 9.324515 1538.625000
12869 28.045120 9.113160 1538.287598
12870 28.269583 9.019969 1538.911133
12871 27.671423 8.821432 1538.897095
12872 27.446192 8.860852 1538.304199
12873 27.008022 8.684813 1538.511963
12874 27.009636 8.584567 1539.122925
12875 26.416605 8.503492 1538.658813
12876 26.323544 8.398995 1539.286255
12877 25.856546 8.356462 1538.799683
12878 25.621149 8.261512 1539.254639
12879 24.963875 8.124326 1539.337280
12880 24.443064 8.060705 1538.879028
12881 24.296059 7.983780 1539.510132
12882 23.778370 7.947650 1539.010742
12883 23.572447 7.854949 1539.681885
12884 23.121731 7.858708 1539.068237
12885 22.926279 7.806395 1539.519409
12886 22.459621 7.794007 1539.106934
12887 22.320227 7.745238 1539.706299
12888 23.075085 7.742187 1540.033813
12889 22.397314 7.671214 1540.240723
12890 23.004724 7.589312 1540.690186
12891 22.380512 7.506280 1541.029053
12892 22.985285 7.403891 1541.382446
12893 23.560144 7.485670 1541.132690
12894 23.582800 7.293447 1541.772949
12895 23.016045 7.253438 1541.992432
12896 22.391863 7.364120 1541.680542
12897 22.436316 7.253480 1542.319092
12898 23.055014 7.144142 1542.647095
12899 22.514769 7.203976 1542.945435
12900 21.883530 7.327734 1542.681763
12901 22.032734 7.333770 1543.296387
12902 21.316172 7.517903 1543.147217
12903 21.712126 7.529928 1543.747559
12904 21.034174 7.800691 1543.770996
12905 20.633768 7.813721 1543.327393
12906 20.302181 8.193247 1543.828247
12907 20.228285 8.007071 1543.347168
12908 20.192720 7.893216 1542.957764
12909 20.714439 7.651538 1542.720459
12910 20.160545 7.781507 1542.340576
12911 20.687704 7.610867 1542.033203
12912 21.268173 7.471317 1542.386230
12913 21.230932 7.514221 1541.684814
12914 21.820988 7.382201 1542.012085
12915 21.802689 7.482578 1541.344482
12916 21.825066 7.601883 1540.649658
12917 21.226992 7.595325 1540.975464
12918 21.893827 7.681555 1540.136841
12919 20.639130 7.639977 1541.320923
12920 20.012005 7.754673 1541.020996
12921 20.118334 7.739998 1541.682739
12922 19.613268 7.848836 1541.406616
12923 19.011709 8.029224 1541.500366
12924 19.599518 7.910294 1541.957153
12925 19.078152 8.145245 1542.178101
12926 18.610952 8.250567 1541.847168
12927 18.294756 8.252082 1541.352905
12928 18.055122 8.511298 1541.830322
12929 17.674677 8.522738 1541.329956
12930 17.534655 8.815399 1541.810059
12931 17.999559 8.777360 1542.310913
12932 17.440737 9.153341 1542.225098
12933 17.935318 9.139128 1542.762451
12934 17.371849 9.598191 1542.646118
12935 17.870384 9.625879 1543.208740
12936 18.526829 9.138840 1543.389893
12937 18.302303 9.713597 1543.734009
12938 17.833550 10.074533 1543.544556
12939 17.326601 10.173023 1543.072876
12940 17.596870 10.553929 1543.630249
12941 17.092691 10.905427 1543.276123
12942 17.401186 11.179664 1543.790283
12943 16.936491 11.569106 1543.424316
12944 17.259872 11.844630 1543.961060
12945 16.845926 12.219365 1543.567383
12946 16.499517 11.908639 1543.018188
12947 16.413364 12.606356 1543.098511
12948 16.784351 12.916606 1543.673828
12949 17.156443 12.492944 1544.096802
12950 17.111687 13.169838 1544.237671
12951 16.746855 13.584744 1543.691528
12952 17.092493 13.847075 1544.289185
12953 16.806255 14.261024 1543.719238
12954 17.151449 14.509475 1544.311157
12955 16.931442 14.933782 1543.680908
12956 17.263409 15.112964 1544.262939
12957 17.455881 14.714709 1544.883911
12958 17.580334 15.268140 1544.889160
12959 17.524942 15.723774 1544.336670
12960 17.208300 15.637380 1543.675781
12961 17.555788 16.100761 1543.900757
12962 17.805468 16.242447 1544.358521
12963 17.854328 16.599409 1543.765869
12964 18.277512 16.914255 1544.338745
12965 18.299654 17.158888 1543.600830
12966 17.840014 16.843493 1543.114502
12967 17.439003 16.276463 1543.321655
12968 17.292627 16.557707 1542.535400
12969 17.876862 17.111719 1542.479126
12970 17.414017 16.996809 1541.925171
12971 18.077595 17.442581 1541.900757
12972 18.344715 17.482321 1542.412598
12973 18.670706 17.759748 1542.048096
12974 18.339985 17.726162 1541.367798
12975 17.710575 17.443819 1541.330688
12976 18.005079 17.736444 1540.889160
12977 18.545456 17.944216 1540.786987
12978 17.965591 17.972231 1540.254150
12979 17.432232 17.640121 1540.702026
12980 17.117477 17.973215 1540.050537
12981 16.675283 17.509035 1540.615601
12982 16.350218 17.954874 1540.085938
12983 15.902586 17.477587 1540.549438
12984 16.309347 17.053965 1541.009033
12985 16.988411 17.150566 1541.238281
12986 16.494055 16.766977 1541.396606
12987 16.866009 16.665501 1541.813599
12988 16.296110 16.362272 1541.653320
12989 16.666130 16.139088 1542.209473
12990 16.967943 15.910922 1542.890747
12991 16.452351 15.569971 1542.462646
12992 16.744806 15.299184 1543.089844
12993 16.561911 14.648861 1543.176270
12994 16.273195 14.979043 1542.612549
12995 16.148174 14.382580 1542.695313
12996 16.439314 14.001037 1543.180176
12997 16.045355 13.780514 1542.690674
12998 16.386711 13.322908 1543.149048
12999 15.920435 13.050327 1542.558350
13000 16.044525 12.256825 1542.578003
13001 15.436152 13.151638 1542.075073
13002 15.617628 13.683743 1542.240967
13003 15.142424 13.593979 1541.845947
13004 15.389914 14.214875 1541.985718
13005 15.789152 14.174418 1542.346436
13006 15.792362 14.663880 1542.220825
13007 15.233270 14.839999 1541.741333
13008 15.885259 15.238855 1542.078735
13009 16.067007 15.824935 1541.893555
13010 15.452085 15.504904 1541.653809
13011 15.645721 16.197691 1541.402710
13012 14.977421 15.843664 1541.310669
13013 14.855843 15.266358 1541.440186
13014 14.292356 15.498904 1541.213501
13015 14.841360 14.162363 1541.620239
13016 13.853183 16.058266 1541.054077
13017 13.677719 15.547112 1541.098633
13018 13.194001 15.291322 1541.057373
13019 13.249881 15.957924 1541.043823
13020 12.659652 15.768250 1541.040161
13021 12.715612 16.463682 1541.050415
13022 13.390368 16.606567 1540.990723
13023 12.811253 17.238464 1541.029785
13024 12.108161 16.960957 1541.133789
13025 12.174464 17.680393 1541.169678
13026 11.535688 17.448889 1541.261475
13027 11.583119 18.095304 1541.333740
13028 10.992587 17.839130 1541.390381
13029 10.945799 18.527067 1541.507080
13030 11.481311 18.763445 1541.448364
13031 11.297764 19.479406 1541.602173
13032 10.808039 19.954561 1541.765991
13033 11.571169 19.951382 1541.627808
13034 11.429180 20.633497 1541.802856
13035 12.164005 20.251631 1541.514893
13036 12.208301 21.228106 1541.792725
13037 11.519716 21.495825 1542.001099
13038 11.997594 21.891846 1542.073608
13039 11.394528 22.270048 1542.202881
13040 12.154544 22.461973 1542.269409
13041 11.668880 23.020086 1542.414307
13042 12.296614 23.028515 1542.488525
13043 11.929286 23.716990 1542.642700
13044 12.542646 23.460188 1542.683960
13045 12.906741 23.068462 1542.546753
13046 13.114665 23.593222 1542.843872
13047 12.577112 24.022322 1542.893066
13048 13.207481 24.159428 1543.123779
13049 12.642364 24.677027 1543.099487
13050 13.241069 24.784616 1543.350342
13051 12.747826 25.285938 1543.259644
13052 13.416361 25.310387 1543.544922
13053 13.019502 25.869202 1543.441040
13054 13.705091 25.931768 1543.753418
13055 14.011641 25.270256 1543.789551
13056 14.280843 25.818512 1543.999146
13057 14.070400 26.415054 1543.930420
13058 13.391896 26.565878 1543.617310
13059 13.969578 26.925232 1543.852051
13060 13.613811 27.301798 1543.634888
13061 14.319241 27.529661 1543.903564
13062 14.518193 26.829815 1544.105713
13063 15.082577 27.285849 1544.277954
13064 14.891085 27.791149 1544.081909
13065 14.559122 28.057404 1543.860596
13066 15.159037 28.215500 1544.052734
13067 14.873859 28.531479 1543.811035
13068 15.442586 28.685581 1543.968506
13069 15.174085 28.906078 1543.754883
13070 15.621435 29.135414 1543.801270
13071 15.203138 29.305574 1543.537964
13072 15.695319 29.628813 1543.509033
13073 15.239666 29.790476 1543.216431
13074 15.842812 30.113064 1543.177246
13075 16.189205 29.914032 1543.467041
13076 16.514961 30.293453 1543.243530
13077 15.972004 30.562471 1542.789795
13078 15.375157 30.292963 1542.840088
13079 15.479689 30.730087 1542.429688
13080 15.977133 30.938267 1542.366333
13081 16.613039 30.914963 1542.609131
13082 16.262026 31.303507 1541.983643
13083 16.911404 31.417894 1542.022827
13084 16.478523 31.709648 1541.421997
13085 17.159096 31.804132 1541.455933
13086 17.633644 31.536688 1542.029785
13087 17.898380 31.900286 1541.447266
13088 17.520052 32.120136 1540.911865
13089 18.165485 32.167889 1540.918701
13090 17.815929 32.312649 1540.504272
13091 18.333654 32.372860 1540.396973
13092 17.775429 32.477318 1540.026489
13093 17.273928 32.329285 1540.358032
13094 17.056549 32.554142 1539.670410
13095 17.751791 32.656841 1539.405151
13096 17.149719 32.748840 1538.994873
13097 16.513531 32.707474 1539.051025
13098 16.640215 32.865818 1538.456177
13099 17.289265 32.908226 1538.276611
13100 16.721003 33.008499 1537.795288
13101 17.412277 33.041077 1537.511230
13102 16.710064 33.138390 1537.126953
13103 17.168585 33.161278 1536.882690
13104 16.659571 33.266094 1536.507202
13105 17.234245 33.253593 1536.366211
13106 16.663935 33.399414 1535.913818
13107 17.280891 33.374237 1535.786011
13108 16.709707 33.550972 1535.322632
13109 17.325821 33.522133 1535.202026
13110 16.770065 33.719254 1534.766235
13111 17.368584 33.696014 1534.643799
13112 16.859821 33.882633 1534.292358
13113 17.325737 33.920383 1534.074341
13114 16.607656 34.158440 1533.704346
13115 16.289940 33.942322 1534.297974
13116 15.831801 34.210033 1533.760742
13117 15.641437 33.982113 1534.365112
13118 16.158381 33.754505 1534.853271
13119 15.562979 33.764683 1534.993774
13120 14.949457 33.997429 1534.479736
13121 15.006128 33.746067 1535.183472
13122 14.404344 33.925625 1534.775391
13123 14.443439 33.702888 1535.415039
13124 15.042755 33.539307 1535.833984
13125 15.579240 33.568287 1535.615234
13126 15.467752 33.383648 1536.303589
13127 16.031933 33.407841 1536.080078
13128 16.089523 33.578346 1535.434204
13129 16.090141 33.260014 1536.679810
13130 15.537988 33.231544 1536.883423
13131 16.125772 33.114651 1537.325928
13132 15.562864 33.078121 1537.498291
13133 16.081959 32.969536 1537.966187
13134 15.611547 32.918125 1538.122437
13135 16.001173 32.819511 1538.551636
13136 15.412984 32.762196 1538.631226
13137 15.829311 32.650730 1539.085205
13138 16.249313 32.520771 1539.580688
13139 15.727696 32.453125 1539.621826
13140 15.206838 32.569378 1539.154907
13141 14.939878 32.316051 1539.708862
13142 15.369973 32.061844 1540.400024
13143 15.997491 32.266987 1540.160400
13144 16.072054 31.973797 1540.807495
13145 16.559481 32.297470 1540.257446
13146 16.844477 32.059364 1540.872437
13147 15.843667 31.565668 1541.447876
13148 15.464176 31.743063 1541.021729
13149 15.214104 31.395166 1541.479980
13150 14.870871 31.654840 1540.958008
13151 14.493542 31.169453 1541.521729
13152 14.191110 31.560696 1540.853516
13153 13.908289 31.198687 1541.256714
13154 13.549871 31.499912 1540.705811
13155 13.147876 31.098158 1541.087402
13156 12.867324 31.406942 1540.578125
13157 12.474543 30.947895 1540.998169
13158 12.781144 30.708336 1541.383423
13159 12.143905 30.382769 1541.434814
13160 12.808766 30.243101 1541.838379
13161 13.318721 30.728367 1541.581543
13162 13.424809 30.292246 1542.053101
13163 12.983375 29.801611 1542.266357
13164 13.642625 29.882324 1542.486694
13165 13.916193 30.325016 1542.225708
13166 13.900867 30.731180 1541.810913
13167 14.419653 30.615164 1542.144165
13168 15.017910 30.928774 1542.024170
13169 14.865588 30.430181 1542.510132
13170 15.635528 31.163206 1541.958008
13171 14.240699 30.120104 1542.543457
13172 14.705555 29.903250 1542.914917
13173 14.630779 29.414602 1543.237427
13174 14.064990 29.592396 1542.879150
13175 13.955139 28.950001 1543.220825
13176 14.701049 28.917892 1543.556641
13177 14.226858 28.423185 1543.583984
13178 13.549758 28.298300 1543.331665
13179 13.890555 27.892832 1543.620239
13180 13.221642 27.711527 1543.365723
13181 12.958295 27.116505 1543.361572
13182 12.669106 27.503059 1543.157837
13183 12.776564 28.108391 1543.043457
13184 12.167132 27.611406 1542.901123
13185 12.065894 28.236029 1542.675903
13186 11.564558 27.755772 1542.590332
13187 11.497986 28.360973 1542.374878
13188 11.006852 27.914320 1542.297974
13189 10.981848 28.523653 1542.081543
13190 10.467011 28.043535 1542.021973
13191 10.428224 28.650244 1541.781860
13192 10.976934 29.094231 1541.820435
13193 10.435718 29.291748 1541.466797
13194 9.853282 28.893539 1541.413696
13195 9.754806 28.105654 1541.696899
13196 9.198890 28.549932 1541.288330
13197 9.343155 29.316387 1540.955078
13198 8.673669 28.933113 1540.879028
13199 8.763759 29.475601 1540.594971
13200 8.207882 29.270702 1540.493530
13201 8.479086 29.894176 1540.171387
13202 7.743377 29.853563 1539.896484
13203 7.312418 29.323887 1540.117554
13204 6.973846 29.835316 1539.618286
13205 7.393133 30.356218 1539.317017
13206 6.572491 30.317919 1539.030884
13207 7.075903 30.769032 1538.758911
13208 7.868528 30.882914 1538.984009
13209 7.373674 31.208963 1538.377197
13210 7.976887 31.398796 1538.419067
13211 7.494961 31.637978 1537.872437
13212 8.038492 31.790140 1537.917969
13213 7.568709 32.017395 1537.362427
13214 8.128017 32.166393 1537.399048
13215 7.678503 32.330273 1536.931519
13216 8.160672 32.516705 1536.843872
13217 7.448060 32.667656 1536.271484
13218 8.124472 32.883266 1536.184326
13219 7.540526 33.102104 1535.530396
13220 8.190777 33.216717 1535.574707
13221 7.672464 33.478210 1534.817261
13222 8.428146 33.509041 1535.056763
13223 8.129147 33.734631 1534.424683
13224 8.704486 33.715096 1534.697632
13225 8.640225 33.929905 1534.158325
13226 8.055287 33.971561 1533.810913
13227 7.551362 33.774990 1534.081787
13228 7.519607 34.009369 1533.466431
13229 6.981953 33.841496 1533.651001
13230 6.944206 34.058929 1533.041260
13231 7.447684 34.199505 1532.907593
13232 6.929776 34.246056 1532.492432
13233 7.499901 34.413136 1532.321655
13234 6.957378 34.469547 1531.841187
13235 7.583607 34.659634 1531.645020
13236 7.047272 34.725197 1531.127686
13237 6.381312 34.495152 1531.409912
13238 6.427622 34.769875 1530.599609
13239 7.171146 34.967209 1530.477661
13240 6.732038 35.043678 1529.963623
13241 6.107405 34.928402 1529.902466
13242 6.468216 35.149902 1529.455566
13243 5.934839 35.073383 1529.327026
13244 6.239205 35.309261 1528.764526
13245 6.998533 35.344147 1529.195068
13246 6.921567 35.537228 1528.470703
13247 6.369521 35.530712 1528.050171
13248 6.952462 35.784935 1527.464111
13249 6.366386 35.695599 1527.305176
13250 5.811054 35.615543 1527.125610
13251 5.884781 35.512920 1527.676880
13252 5.658272 35.338379 1528.198608
13253 5.220356 35.409142 1527.513428
13254 4.862520 35.156986 1528.229980
13255 5.374270 35.054180 1528.984253
13256 4.518967 34.883579 1528.936890
13257 4.863022 34.753483 1529.601807
13258 4.158116 34.598301 1529.632935
13259 4.566945 34.538506 1530.093506
13260 5.079586 34.590443 1530.266602
13261 5.492616 34.845901 1529.740356
13262 5.698577 34.667774 1530.434570
13263 5.234099 34.380257 1531.038696
13264 4.625734 34.358757 1530.712646
13265 4.585416 34.162663 1531.325317
13266 5.116253 34.163929 1531.658691
13267 5.710103 34.263023 1531.715942
13268 5.870263 34.512558 1531.030884
13269 6.351624 34.263149 1532.105957
13270 5.810867 34.039024 1532.472656
13271 6.399932 34.068283 1532.719727
13272 5.920868 33.825520 1533.156006
13273 6.469766 33.906704 1533.219360
13274 6.414449 33.693794 1533.755859
13275 6.929465 33.598804 1534.226318
13276 6.370186 33.444801 1534.327148
13277 6.947083 33.297569 1534.894409
13278 6.320442 33.134686 1534.950317
13279 6.863720 32.928806 1535.565674
13280 6.217429 32.804188 1535.509766
13281 6.682106 32.547863 1536.137695
13282 7.105531 32.257988 1536.783325
13283 6.407572 32.101810 1536.707764
13284 6.986467 31.859077 1537.323120
13285 6.410315 31.627848 1537.388916
13286 6.957438 31.458065 1537.865723
13287 6.420455 31.242884 1537.908691
13288 6.870068 31.103022 1538.281128
13289 6.450557 30.827965 1538.431885
13290 5.869489 30.971016 1538.022339
13291 5.881079 31.367163 1537.514282
13292 5.351852 31.153023 1537.582397
13293 5.280073 30.722937 1538.100464
13294 5.874705 30.525080 1538.551880
13295 5.269753 30.246012 1538.646118
13296 5.871302 30.045591 1539.051147
13297 6.358865 29.828426 1539.411255
13298 5.871405 29.555813 1539.489990
13299 6.533700 29.325663 1539.862183
13300 5.865427 29.028799 1539.886841
13301 6.389591 28.726717 1540.217651
13302 6.972907 28.944069 1540.252075
13303 7.480505 28.804649 1540.498413
13304 6.886818 28.440212 1540.510986
13305 7.400186 28.194508 1540.781494
13306 8.037911 28.565296 1540.821045
13307 7.282208 27.584108 1541.002075
13308 6.770368 27.845821 1540.763672
13309 6.739076 27.310287 1540.972778
13310 6.039529 27.443426 1540.786377
13311 5.829804 26.621761 1541.069336
13312 5.291194 27.152134 1540.798706
13313 5.163989 26.497715 1541.047119
13314 4.656684 26.969526 1540.806519
13315 4.510094 26.353060 1541.055054
13316 4.961378 25.862139 1541.254761
13317 4.301864 25.844107 1541.237183
13318 4.660624 25.271660 1541.428711
13319 3.922298 25.361876 1541.396606
13320 3.664998 25.901047 1541.185791
13321 3.182767 25.506950 1541.316040
13322 3.241173 25.992226 1541.113892
13323 2.758837 26.124413 1540.999634
13324 2.388224 25.465725 1541.263306
13325 1.958067 26.088198 1540.889526
13326 1.612634 25.403357 1541.182983
13327 1.216297 25.903557 1540.834351
13328 0.964100 25.305729 1541.111450
13329 1.286255 24.881147 1541.375854
13330 1.980630 24.718548 1541.528687
13331 1.242640 24.285284 1541.613281
13332 1.823573 23.908165 1541.785156
13333 2.654947 24.099514 1541.762573
13334 2.826286 24.869024 1541.533691
13335 3.418542 24.461880 1541.667236
13336 3.512329 24.972336 1541.518921
13337 4.163395 24.703600 1541.588623
13338 3.923535 24.073872 1541.743530
13339 3.270233 23.883530 1541.808960
13340 3.687148 23.448053 1541.868042
13341 2.987224 23.394972 1541.911499
13342 2.268197 23.349976 1541.929810
13343 2.653154 22.727089 1542.019165
13344 3.398865 22.774755 1541.974976
13345 3.030743 22.081884 1542.057739
13346 3.886708 22.063503 1541.993286
13347 3.335113 21.392290 1542.065186
13348 4.087031 21.202232 1542.009033
13349 4.700600 21.690870 1541.934692
13350 4.574790 22.380108 1541.906738
13351 5.160895 22.246023 1541.861694
13352 5.002126 23.002142 1541.816406
13353 5.774271 21.968691 1541.832275
13354 5.306060 21.700371 1541.879272
13355 5.699803 21.355846 1541.864380
13356 6.290908 21.548101 1541.827148
13357 6.166702 20.850702 1541.849854
13358 6.853230 21.065041 1541.827881
13359 5.900446 20.155149 1541.860474
13360 6.341671 19.535179 1541.804321
13361 5.605474 19.504051 1541.847656
13362 5.970192 18.984962 1541.771729
13363 6.272194 18.457298 1541.677002
13364 5.585166 18.526630 1541.727783
13365 5.816679 17.928614 1541.602661
13366 6.510180 17.770121 1541.538208
13367 6.072997 17.250427 1541.443115
13368 5.077220 18.073910 1541.664307
13369 4.981969 18.683617 1541.786011
13370 5.419349 18.993322 1541.807373
13371 4.979462 19.318022 1541.873291
13372 5.053244 20.098328 1541.921143
13373 4.386571 19.694429 1541.944824
13374 4.278839 20.433414 1541.990967
13375 3.817879 20.043438 1542.002808
13376 3.835563 19.326611 1541.928833
13377 4.429278 18.983931 1541.858765
13378 3.873591 18.646543 1541.812012
13379 4.477183 18.318413 1541.733887
13380 3.264205 18.983723 1541.881592
13381 3.192832 19.608587 1541.982178
13382 2.721557 19.263388 1541.932373
13383 2.489622 19.790377 1542.014771
13384 1.705837 20.048779 1542.049194
13385 2.347809 20.447203 1542.084595
13386 1.789786 20.823137 1542.116211
13387 1.119330 20.691004 1542.106934
13388 1.339513 21.381084 1542.129517
13389 1.983589 21.441177 1542.124023
13390 1.619384 22.028969 1542.104858
13391 0.914345 21.971630 1542.100098
13392 1.234975 22.615177 1542.038574
13393 0.528759 22.561268 1542.015991
13394 0.220833 21.928390 1542.072632
13395 -0.180090 22.494646 1541.971069
13396 -0.488134 21.869930 1542.017334
13397 -0.099841 21.275352 1542.077881
13398 0.644007 21.322470 1542.116943
13399 0.376116 20.632195 1542.082275
13400 -0.351115 20.628580 1542.035034
13401 -0.652559 20.050421 1541.943604
13402 -0.500572 19.405024 1541.842773
13403 -0.960195 19.646280 1541.839355
13404 -1.054883 19.149212 1541.715942
13405 -0.601169 18.739140 1541.659180
13406 -1.447411 19.566328 1541.747925
13407 -1.239206 20.085138 1541.870117
13408 -1.799391 20.016886 1541.757202
13409 -1.590999 20.586046 1541.860718
13410 -1.007246 20.645756 1541.961792
13411 -1.438281 21.197298 1541.910522
13412 -0.783536 21.239590 1542.010498
13413 -1.231209 21.762535 1541.924438
13414 -1.863742 21.775068 1541.800415
13415 -2.136430 21.084318 1541.762451
13416 -2.545974 21.763109 1541.630859
13417 -2.878376 21.218773 1541.563232
13418 -3.167543 21.774858 1541.448364
13419 -3.513034 21.358768 1541.368652
13420 -3.250636 20.686684 1541.442261
13421 -3.849888 20.764297 1541.262451
13422 -3.829422 21.856434 1541.233398
13423 -3.592706 20.279253 1541.303223
13424 -3.077024 19.958344 1541.416992
13425 -2.638848 20.562769 1541.611694
13426 -2.410972 19.958534 1541.604248
13427 -2.100863 20.447676 1541.740234
13428 -2.053000 19.473694 1541.603760
13429 -3.433774 22.368208 1541.284668
13430 -4.165517 22.505072 1541.024292
13431 -4.782545 23.021997 1540.715942
13432 -4.134041 23.148371 1540.874023
13433 -4.384633 23.606077 1540.648804
13434 -5.006176 23.722908 1540.432007
13435 -4.628026 24.159628 1540.358521
13436 -3.877943 24.016081 1540.630493
13437 -4.193972 24.587282 1540.269897
13438 -3.527779 24.447033 1540.519409
13439 -3.735386 25.020302 1540.140015
13440 -4.398677 25.143606 1539.912720
13441 -4.870838 24.758404 1540.015503
13442 -5.008532 25.312963 1539.680664
13443 -5.579689 24.959337 1539.757080
13444 -5.470841 25.501600 1539.472290
13445 -5.090334 25.853674 1539.317627
13446 -5.650889 25.925886 1539.159302
13447 -5.957353 25.453297 1539.408569
13448 -6.168530 25.944164 1539.052124
13449 -5.819799 26.307817 1538.845215
13450 -6.262338 26.471092 1538.634521
13451 -6.769933 26.015560 1538.902954
13452 -6.932805 26.618164 1538.399048
13453 -7.455083 26.040688 1538.793457
13454 -7.213490 25.481903 1539.196899
13455 -7.875230 25.449324 1539.157593
13456 -8.173045 26.014641 1538.752930
13457 -8.538930 25.412010 1539.159424
13458 -8.875047 25.959393 1538.778442
13459 -9.190746 25.384272 1539.196899
13460 -9.512706 25.918797 1538.833252
13461 -9.837576 25.370663 1539.263184
13462 -10.081356 25.893469 1538.905518
13463 -10.460267 25.429453 1539.308960
13464 -10.140103 24.893311 1539.605347
13465 -10.710287 24.958115 1539.662476
13466 -11.057318 25.473034 1539.381958
13467 -11.308818 24.888498 1539.821655
13468 -11.674699 25.523300 1539.465698
13469 -12.056112 24.937466 1539.943115
13470 -11.557137 24.322157 1540.185791
13471 -10.915551 24.389931 1540.021362
13472 -11.087980 23.728188 1540.353882
13473 -11.774787 23.718327 1540.497314
13474 -11.394897 23.152411 1540.613037
13475 -10.710544 23.219826 1540.457031
13476 -10.382800 23.891470 1540.150391
13477 -9.993655 23.348900 1540.286011
13478 -9.751221 23.821259 1540.075439
13479 -9.359432 23.451332 1540.164307
13480 -9.898494 24.331314 1539.869995
13481 -9.528303 24.808573 1539.574097
13482 -10.397305 24.482872 1539.875244
13483 -10.246735 22.752258 1540.495239
13484 -11.051016 22.512209 1540.691406
13485 -11.999047 22.559723 1540.870850
13486 -12.042051 23.223122 1540.720703
13487 -12.610601 23.077894 1540.868774
13488 -12.432449 23.699675 1540.629883
13489 -12.197994 24.262964 1540.342163
13490 -12.808748 24.242384 1540.458984
13491 -13.175832 23.684031 1540.756470
13492 -13.415765 24.361074 1540.485596
13493 -13.915540 24.031059 1540.692871
13494 -13.810871 23.332191 1540.962891
13495 -13.252229 22.937555 1541.011841
13496 -12.796148 22.400835 1541.048706
13497 -13.747481 22.775755 1541.121948
13498 -14.281488 22.902319 1541.147461
13499 -14.524236 23.656248 1540.893555
13500 -15.283125 23.584023 1540.932739
13501 -15.035063 24.215078 1540.637207
13502 -15.632686 24.195406 1540.614502
13503 -15.914309 23.548601 1540.918457
13504 -16.228138 24.112003 1540.592773
13505 -16.477339 23.498686 1540.887207
13506 -16.723213 23.971981 1540.593384
13507 -17.041656 23.523561 1540.791748
13508 -17.192076 24.130787 1540.404053
13509 -17.682121 23.572756 1540.635742
13510 -17.765930 24.296139 1540.152954
13511 -18.100748 23.939291 1540.296143
13512 -18.312489 23.396915 1540.606079
13513 -18.654114 23.794241 1540.242676
13514 -18.346825 24.331018 1539.957520
13515 -18.916080 24.253927 1539.829590
13516 -18.072618 24.899271 1539.648315
13517 -18.910513 25.016346 1539.264893
13518 -18.140926 25.496214 1539.172974
13519 -18.826389 25.627209 1538.795654
13520 -19.537832 25.247755 1538.826538
13521 -19.720110 24.498770 1539.369995
13522 -20.134434 24.933598 1538.851440
13523 -20.537666 24.488136 1539.089722
13524 -20.545731 23.903467 1539.603638
13525 -19.842556 23.772734 1539.919067
13526 -20.248518 23.578783 1539.978394
13527 -19.996618 23.313805 1540.274658
13528 -19.486748 23.439356 1540.288696
13529 -18.950975 23.362980 1540.478760
13530 -19.194149 23.769043 1540.110229
13531 -20.233818 22.827045 1540.668945
13532 -20.546810 23.244179 1540.227783
13533 -20.893518 22.819323 1540.594604
13534 -21.155706 23.270325 1540.080322
13535 -21.573416 22.876245 1540.458496
13536 -21.798340 23.287912 1539.945679
13537 -22.332357 22.894709 1540.357178
13538 -21.963207 22.474743 1540.901855
13539 -21.229498 22.453129 1540.947021
13540 -21.538591 22.033838 1541.366699
13541 -22.238523 22.078306 1541.347900
13542 -22.609343 22.439646 1540.924072
13543 -22.911699 22.002640 1541.454712
13544 -23.232561 22.441477 1540.898926
13545 -23.610672 22.106234 1541.334839
13546 -23.380636 21.639038 1541.868042
13547 -24.046612 21.733765 1541.790527
13548 -24.263805 22.164221 1541.226440
13549 -24.587580 21.860739 1541.623779
13550 -24.620600 21.432266 1542.145996
13551 -25.107967 21.771923 1541.713867
13552 -24.883791 22.139658 1541.193726
13553 -25.468668 22.068142 1541.212891
13554 -25.703474 21.715214 1541.741699
13555 -26.214283 21.939322 1541.271362
13556 -26.433418 21.627640 1541.782349
13557 -26.026056 21.385220 1542.215332
13558 -25.341753 21.333651 1542.286133
13559 -25.618053 20.943041 1542.805542
13560 -26.262321 20.944853 1542.895142
13561 -26.714201 21.303171 1542.326172
13562 -27.032927 21.044918 1542.817627
13563 -27.361492 21.276802 1542.341064
13564 -27.657091 21.095415 1542.744629
13565 -27.951687 21.248287 1542.358643
13566 -28.287457 21.093418 1542.741943
13567 -27.899326 20.945217 1543.183350
13568 -27.296141 20.878353 1543.229004
13569 -27.532021 20.778975 1543.576294
13570 -26.966627 20.612392 1543.716797
13571 -26.583725 20.708645 1543.364868
13572 -26.255075 20.350210 1543.814331
13573 -25.909733 20.593378 1543.315674
13574 -25.615314 20.128775 1543.758911
13575 -25.136850 20.397045 1543.284912
13576 -25.023554 19.825777 1543.734619
13577 -24.591551 20.038685 1543.384399
13578 -24.512428 19.545424 1543.660522
13579 -24.084553 19.611414 1543.431641
13580 -24.138971 18.970753 1543.722290
13581 -23.577019 19.128746 1543.397095
13582 -23.576275 19.779377 1543.164917
13583 -24.127079 20.183069 1543.132446
13584 -23.642292 20.300196 1542.928223
13585 -24.019365 20.689611 1542.760376
13586 -23.420191 20.725685 1542.626221
13587 -23.832979 21.216856 1542.307373
13588 -23.121706 21.165655 1542.266113
13589 -22.750498 21.512146 1541.939087
13590 -22.508749 21.060385 1542.253662
13591 -22.167374 21.383110 1541.980103
13592 -22.374918 21.756254 1541.681396
13593 -21.870356 21.641281 1541.741577
13594 -21.643534 21.318810 1541.960327
13595 -20.820156 21.977884 1541.392090
13596 -21.832964 20.913399 1542.233398
13597 -21.232225 20.492512 1542.312744
13598 -21.817635 20.356215 1542.480713
13599 -21.313152 19.916208 1542.491089
13600 -20.701050 20.003735 1542.335449
13601 -21.440937 19.426453 1542.598755
13602 -21.898735 19.193407 1542.762573
13603 -21.881554 19.808893 1542.656494
13604 -22.474880 19.579517 1542.880493
13605 -22.360916 20.238073 1542.647705
13606 -23.039940 20.114494 1542.866455
13607 -22.778660 20.728212 1542.505371
13608 -22.259262 20.678017 1542.432373
13609 -23.019121 19.365862 1543.113281
13610 -22.456860 18.918684 1542.984253
13611 -23.043062 18.640183 1543.256714
13612 -22.449291 18.202240 1543.000610
13613 -23.142508 17.830996 1543.332275
13614 -22.408947 17.414923 1542.878418
13615 -23.046637 17.030085 1543.155151
13616 -23.593914 17.219223 1543.555298
13617 -23.472765 16.580658 1543.307495
13618 -22.978603 16.511051 1542.935913
13619 -22.668558 16.833368 1542.865356
13620 -22.508898 16.487320 1542.621948
13621 -22.263651 16.887705 1542.647705
13622 -22.439552 16.045069 1542.331787
13623 -22.866098 16.106913 1542.659546
13624 -23.086349 15.605084 1542.482788
13625 -22.519871 15.467582 1541.950439
13626 -23.073956 15.039714 1541.966797
13627 -23.654541 15.052898 1542.464233
13628 -24.166933 14.611050 1542.440063
13629 -24.175900 15.089900 1542.969971
13630 -23.716686 15.556978 1542.951172
13631 -24.135731 15.557552 1543.326172
13632 -24.623964 15.219319 1543.561523
13633 -24.686247 14.627692 1542.989868
13634 -25.163166 14.626186 1543.555054
13635 -25.155502 15.071514 1544.074585
13636 -25.636324 14.535267 1544.086548
13637 -25.646406 14.209027 1543.597412
13638 -26.179266 14.004000 1544.053467
13639 -26.098427 14.455784 1544.662109
13640 -26.654737 14.038612 1544.728760
13641 -26.747597 13.652965 1544.270142
13642 -26.536350 13.443984 1543.670654
13643 -27.139229 13.248719 1544.160645
13644 -27.072636 12.712419 1543.565918
13645 -26.634722 13.156023 1543.144897
13646 -27.095396 12.839195 1542.843384
13647 -27.566961 12.310541 1543.022339
13648 -27.866720 12.370966 1543.769897
13649 -28.141918 12.048885 1543.138550
13650 -27.647066 13.275223 1544.610718
13651 -27.562773 13.594409 1545.322388
13652 -27.171329 13.660399 1544.742188
13653 -27.042645 13.966871 1545.350464
13654 -27.482178 13.839989 1545.989380
13655 -26.921305 14.378192 1545.906128
13656 -27.377205 14.436469 1546.414185
13657 -27.420610 14.892262 1546.859863
13658 -27.155352 15.192989 1546.908325
13659 -27.197733 15.536793 1547.159912
13660 -26.550398 15.493116 1546.651245
13661 -26.673717 16.133123 1547.094849
13662 -27.172646 16.088190 1547.631226
13663 -27.619036 15.621997 1547.490479
13664 -27.673979 16.128328 1547.746582
13665 -27.662275 16.745098 1547.947632
13666 -27.425575 17.599365 1548.167603
13667 -28.173027 17.744226 1548.361816
13668 -27.622536 18.386242 1548.147705
13669 -28.327578 18.476614 1548.369995
13670 -28.479450 18.109259 1548.240234
13671 -28.678627 18.467024 1548.181396
13672 -28.645676 18.736595 1548.306641
13673 -28.029594 18.895880 1548.097412
13674 -28.385433 19.363567 1548.079712
13675 -27.923189 19.355616 1547.631104
13676 -28.226347 19.966017 1547.721680
13677 -27.857262 19.978136 1547.023438
13678 -27.483519 19.182556 1547.253052
13679 -27.278841 19.467319 1546.641724
13680 -27.490372 19.918598 1546.226807
13681 -27.009935 19.531509 1546.080200
13682 -26.846836 19.114151 1546.360352
13683 -26.452923 18.933937 1545.961426
13684 -26.587950 19.440533 1545.559082
13685 -27.093605 19.847683 1545.642212
13686 -26.752062 19.829124 1545.167603
13687 -27.235006 20.124958 1545.224976
13688 -27.590433 20.201395 1545.621704
13689 -28.092728 20.348646 1546.221436
13690 -28.370361 20.591196 1545.550537
13691 -28.790680 20.688599 1546.099976
13692 -29.116241 20.809919 1545.368530
13693 -29.465961 20.840384 1546.012573
13694 -29.178837 20.793230 1546.595703
13695 -29.810116 20.832424 1546.557495
13696 -29.582176 20.832756 1547.044067
13697 -29.030985 20.812349 1547.259766
13698 -28.528481 20.527454 1546.758301
13699 -28.323122 20.435524 1547.371704
13700 -28.877964 20.660164 1547.816895
13701 -29.052221 19.763079 1548.159302
13702 -29.602850 20.111145 1547.700317
13703 -29.456305 19.543995 1547.641846
13704 -29.196249 19.028021 1547.681885
13705 -29.796356 20.560848 1547.622070
13706 -30.130013 20.591154 1547.121094
13707 -30.422142 20.510805 1546.547729
13708 -30.106525 20.800823 1545.961060
13709 -30.619173 20.613939 1545.952881
13710 -30.429401 20.628834 1545.408203
13711 -30.300259 20.847630 1544.877075
13712 -29.847109 20.835434 1545.414185
13713 -29.665823 20.882904 1544.808838
13714 -30.155510 21.084721 1544.401978
13715 -30.738976 20.856842 1544.302124
13716 -30.575050 21.013353 1543.750488
13717 -29.893290 21.082308 1543.683838
13718 -30.433928 20.849792 1543.116333
13719 -30.924412 20.838320 1543.264038
13720 -31.052090 21.139940 1542.493530
13721 -30.269836 21.086945 1542.543091
13722 -30.732321 21.490385 1542.140991
13723 -31.542883 21.421600 1542.119507
13724 -31.107864 21.427793 1541.506592
13725 -31.825228 21.172617 1541.424072
13726 -31.336208 21.243757 1540.942871
13727 -31.521122 21.371241 1540.451050
13728 -31.028063 21.346083 1540.494263
13729 -30.691635 21.406879 1540.978638
13730 -30.500174 21.406975 1540.321289
13731 -29.869888 21.549780 1540.904663
13732 -30.384064 21.675558 1541.426025
13733 -29.548368 21.594337 1541.368408
13734 -29.884979 21.528364 1542.161133
13735 -29.123344 21.416132 1541.922241
13736 -29.289480 21.226192 1542.319702
13737 -29.607344 21.017654 1542.589478
13738 -29.850559 20.879295 1543.185791
13739 -29.177795 20.956278 1543.155029
13740 -28.944649 21.083580 1542.675903
13741 -28.527163 20.971014 1543.176636
13742 -28.712257 21.231758 1542.328735
13743 -28.720301 20.912569 1543.714233
13744 -28.077982 20.834223 1543.689453
13745 -28.269650 20.754271 1544.299072
13746 -27.461250 20.570742 1544.185425
13747 -27.792099 20.478054 1544.935059
13748 -28.590780 20.744082 1544.873291
13749 -28.929907 20.892189 1544.270508
13750 -29.156797 20.864531 1544.714355
13751 -29.483257 21.003614 1544.204956
13752 -29.357321 20.996700 1543.699951
13753 -27.020451 20.201338 1544.740479
13754 -26.670782 20.280733 1544.216797
13755 -26.408785 19.907349 1544.631836
13756 -26.259600 19.485250 1545.069336
13757 -25.956530 19.606709 1544.595093
13758 -26.034548 19.975790 1544.207153
13759 -25.428471 19.531248 1544.236572
13760 -25.711494 19.135946 1544.822510
13761 -25.070185 18.666098 1544.527954
13762 -24.777784 19.181881 1544.016968
13763 -24.433292 18.522390 1544.063599
13764 -24.031990 18.439638 1543.812012
13765 -23.628347 18.483540 1543.569580
13766 -23.802477 17.899754 1543.732666
13767 -24.214607 17.876421 1544.034058
13768 -23.990362 17.373981 1543.866211
13769 -24.002979 16.663866 1543.753052
13770 -24.379179 17.146652 1544.187012
13771 -24.545277 16.391001 1544.193848
13772 -24.288675 15.930737 1543.718994
13773 -23.828535 16.046251 1543.355347
13774 -23.322939 16.050549 1542.957397
13775 -24.808165 15.671026 1544.140381
13776 -25.030846 16.062757 1544.662964
13777 -24.889019 17.024366 1544.722534
13778 -25.327194 16.541639 1545.238403
13779 -25.423889 15.724076 1545.070190
13780 -25.268557 15.440562 1544.603882
13781 -25.607143 15.251000 1544.983887
13782 -25.787714 15.356378 1545.430542
13783 -25.967478 14.871385 1545.163818
13784 -26.251848 14.895497 1545.882324
13785 -26.492189 14.422230 1545.287598
13786 -25.619560 14.925029 1544.603271
13787 -26.912395 14.772463 1546.438232
13788 -26.003101 15.757176 1546.056274
13789 -26.270153 16.119665 1546.573608
13790 -25.947205 16.174376 1546.119263
13791 -26.095127 16.608063 1546.404419
13792 -25.739424 16.575060 1545.869507
13793 -25.682074 15.959318 1545.625000
13794 -25.600214 17.155445 1545.659912
13795 -25.900234 17.026432 1546.113037
13796 -25.964737 17.642159 1546.071899
13797 -26.213875 17.170378 1546.553223
13798 -26.452782 16.670292 1546.894043
13799 -26.584188 17.271917 1547.064087
13800 -26.895229 16.727159 1547.394897
13801 -26.940269 17.374840 1547.590576
13802 -26.758137 17.873087 1547.130615
13803 -27.240721 18.062628 1547.654541
13804 -27.095285 18.497974 1547.251587
13805 -27.521730 18.725046 1547.734741
13806 -26.963957 18.891422 1546.761719
13807 -26.635540 18.308458 1546.722534
13808 -26.603769 18.704355 1546.387207
13809 -26.300776 18.294731 1546.246338
13810 -25.963188 18.368734 1545.719238
13811 -26.068319 18.968645 1545.391846
13812 -25.561150 18.467699 1545.141113
13813 -25.558147 17.792189 1545.449829
13814 -25.136753 17.868776 1544.913086
13815 -24.672209 17.872051 1544.432251
13816 -25.261763 17.295141 1545.174072
13817 -26.391205 17.766918 1546.646973
13818 -28.375860 21.422268 1541.884155
13819 -28.744162 21.595129 1541.318970
13820 -28.079693 21.621456 1541.414063
13821 -27.714651 21.460619 1541.892456
13822 -27.428471 21.695337 1541.424316
13823 -27.765970 21.801289 1541.047729
13824 -27.212393 21.945351 1540.927979
13825 -26.809788 21.811100 1541.357422
13826 -26.589043 22.106575 1540.822388
13827 -25.960718 22.244226 1540.769165
13828 -26.389582 22.436325 1540.188843
13829 -25.747400 22.529121 1540.274536
13830 -26.221201 22.704079 1539.670898
13831 -25.601263 22.848652 1539.672729
13832 -26.035362 23.003666 1539.104736
13833 -26.634855 22.844851 1539.070313
13834 -26.942457 22.531593 1539.635010
13835 -27.216070 22.698944 1538.990356
13836 -27.539108 22.475578 1539.330933
13837 -27.575216 22.271215 1539.871460
13838 -28.072399 22.289759 1539.404663
13839 -27.848661 22.549036 1538.834595
13840 -28.636562 22.302904 1538.817505
13841 -28.202917 22.657404 1538.067017
13842 -27.441763 22.836569 1538.396362
13843 -27.574230 23.022764 1537.702515
13844 -28.233664 22.853460 1537.270508
13845 -27.697874 23.197454 1537.014893
13846 -28.234768 22.997942 1536.711060
13847 -27.881336 23.309607 1536.377686
13848 -27.260643 23.562923 1536.657104
13849 -27.409119 23.780346 1535.898315
13850 -28.099974 23.391735 1535.708008
13851 -27.787218 23.773067 1535.237549
13852 -28.316078 23.418877 1535.122681
13853 -28.655596 23.028391 1535.564209
13854 -28.776426 23.069136 1535.057739
13855 -29.157537 22.687809 1535.311646
13856 -29.054737 22.631777 1535.961914
13857 -29.689775 22.158098 1535.674316
13858 -29.600979 22.386383 1534.887695
13859 -30.126993 21.862032 1535.047241
13860 -30.306931 21.562597 1535.767456
13861 -29.990788 21.837135 1536.326294
13862 -29.464893 22.265186 1536.390137
13863 -29.762314 22.047749 1536.777222
13864 -29.334232 22.317572 1537.018433
13865 -29.764692 22.088097 1537.286743
13866 -29.293831 22.316042 1537.526855
13867 -28.803570 22.548271 1537.437988
13868 -28.897799 22.406071 1538.046753
13869 -29.638247 22.168161 1537.889771
13870 -29.435871 22.155479 1538.538208
13871 -29.305145 21.988741 1539.211304
13872 -28.670874 22.046364 1539.594604
13873 -29.252151 21.774124 1539.885254
13874 -28.636717 21.842924 1540.341431
13875 -29.328899 21.637297 1540.497681
13876 -29.060137 21.646666 1540.922852
13877 -29.941975 21.477472 1540.092651
13878 -28.347904 21.748413 1540.925903
13879 -27.800631 21.998274 1540.482300
13880 -28.139048 22.090958 1539.947510
13881 -27.071562 22.240070 1540.284668
13882 -29.882463 21.712252 1539.486694
13883 -30.440397 21.484062 1539.627686
13884 -30.375477 21.763275 1539.201904
13885 -30.935907 21.532043 1539.077393
13886 -30.574734 21.884716 1538.692505
13887 -31.076887 21.687521 1538.457397
13888 -30.732721 21.787962 1538.073364
13889 -30.110773 22.021538 1538.302246
13890 -30.239279 21.906725 1537.645142
13891 -30.807150 21.536772 1537.443359
13892 -31.296007 21.438911 1537.832520
13893 -31.256960 21.060085 1537.218750
13894 -30.831135 21.355000 1536.932007
13895 -31.064915 20.943275 1536.651001
13896 -30.520668 21.359575 1536.470825
13897 -30.894674 20.980125 1535.908203
13898 -30.659542 21.289125 1535.197876
13899 -31.071350 20.715940 1535.242798
13900 -31.069286 20.947510 1534.602173
13901 -30.549137 21.570858 1534.393555
13902 -31.013659 21.157757 1533.881470
13903 -30.556932 21.603477 1533.748047
13904 -30.745340 21.361898 1533.253418
13905 -30.275045 21.866240 1533.294678
13906 -30.425713 21.606129 1532.702148
13907 -30.955254 20.958786 1532.659546
13908 -31.280365 20.891010 1533.377930
13909 -31.449734 20.689470 1532.863647
13910 -31.367149 20.285759 1532.305786
13911 -31.445827 20.443909 1534.103271
13912 -31.308865 20.279911 1534.777832
13913 -31.337341 20.263357 1535.290771
13914 -31.262611 20.472246 1535.723999
13915 -31.362345 20.427637 1536.345825
13916 -31.608130 20.560770 1537.013062
13917 -31.026426 20.867979 1531.963867
13918 -31.271023 20.157757 1531.679199
13919 -31.177980 20.976604 1531.248169
13920 -31.215761 20.146225 1531.107300
13921 -31.290871 20.625269 1530.645630
13922 -31.047358 21.254572 1530.551270
13923 -30.740084 21.682312 1531.012207
13924 -30.638042 21.422901 1531.637695
13925 -30.288044 22.054419 1531.340454
13926 -30.287066 22.079189 1530.814331
13927 -29.940132 22.419386 1531.077637
13928 -29.504877 22.644835 1530.524902
13929 -29.374294 22.928270 1531.072021
13930 -29.818279 22.537962 1531.578735
13931 -29.283113 23.080509 1531.744629
13932 -29.670166 22.646896 1532.215698
13933 -30.195463 21.977049 1532.053589
13934 -29.972334 22.222935 1532.758911
13935 -29.459358 22.833426 1532.817871
13936 -29.788958 22.411707 1533.402954
13937 -30.136278 22.015713 1533.909180
13938 -29.556795 22.569580 1534.117188
13939 -30.010612 22.076090 1534.470947
13940 -29.094566 22.887217 1534.691528
13941 -28.941397 23.180025 1534.007202
13942 -28.627302 23.327654 1534.562256
13943 -28.418503 23.654602 1533.980957
13944 -28.120855 23.724684 1534.623047
13945 -27.809259 24.135233 1534.029419
13946 -28.069593 24.079956 1533.345215
13947 -28.673422 23.572569 1533.249146
13948 -28.204041 24.054203 1532.670288
13949 -28.696312 23.633101 1532.515259
13950 -29.082579 23.234215 1532.806519
13951 -29.254879 22.982199 1533.401245
13952 -29.186655 23.165453 1532.344116
13953 -28.760330 23.582418 1531.964844
13954 -28.247217 24.029333 1532.064087
13955 -28.242735 23.967751 1531.456665
13956 -28.807442 23.468575 1531.297607
13957 -28.357370 23.695734 1530.786133
13958 -28.871498 23.275412 1530.782104
13959 -28.602493 23.182858 1530.171265
13960 -28.875792 22.489496 1529.575439
13961 -29.909512 21.931765 1529.935791
13962 -29.356960 21.858929 1529.403442
13963 -30.112173 21.325357 1529.605469
13964 -30.628466 21.420601 1530.124878
13965 -30.825825 20.558212 1529.907837
13966 -30.185528 20.384460 1529.277954
13967 -29.515974 21.193216 1529.114136
13968 -29.586378 20.350788 1528.841675
13969 -30.040138 19.354961 1528.878540
13970 -30.805294 19.646069 1529.610474
13971 -30.982811 18.908680 1529.491333
13972 -31.060415 18.954315 1530.165039
13973 -31.101397 18.304073 1529.990845
13974 -31.113361 19.575924 1530.542236
13975 -31.189184 20.127686 1530.281738
13976 -30.894323 18.339678 1529.306641
13977 -31.019962 17.743898 1529.733398
13978 -30.973646 17.057638 1530.000977
13979 -30.959307 17.196615 1529.348633
13980 -30.957144 16.572847 1529.633057
13981 -31.244703 16.437798 1530.132690
13982 -31.440033 16.067169 1529.952148
13983 -30.714933 17.457489 1528.722656
13984 -30.261253 17.269119 1528.495117
13985 -30.047718 18.286190 1528.468994
13986 -29.481085 17.906612 1528.233765
13987 -29.371046 18.840239 1528.298950
13988 -28.771166 18.301783 1528.065186
13989 -28.470200 19.152235 1528.039673
13990 -27.820248 18.768606 1527.888184
13991 -27.518606 19.665747 1527.868774
13992 -26.701151 19.226778 1527.741333
13993 -26.611589 20.149689 1527.770142
13994 -26.050446 18.818624 1527.724731
13995 -26.660469 18.575792 1527.790405
13996 -27.301216 18.204754 1527.882568
13997 -27.298752 20.561314 1527.958496
13998 -28.171839 20.120939 1528.106689
13999 -28.002214 21.097437 1528.313354
14000 -27.235527 21.629772 1528.244629
14001 -26.297842 20.972845 1527.853271
14002 -26.591789 21.721228 1528.115845
14003 -27.824833 21.876534 1528.562500
14004 -28.705519 21.733587 1528.911743
14005 -28.815434 20.729427 1528.534546
14006 -29.062067 19.761318 1528.374634
14007 -28.126204 17.703131 1528.044678
14008 -27.620243 17.329695 1528.119629
14009 -27.779961 16.984987 1528.255981
14010 -27.454504 16.480093 1528.495605
14011 -30.536970 18.361732 1528.810303
14012 -30.935095 17.774536 1529.147339
14013 -27.751953 23.997744 1530.489380
14014 -27.854391 24.153385 1531.041016
14015 -27.356125 24.382908 1530.757324
14016 -27.242565 24.216402 1530.281982
14017 -26.912271 24.601484 1530.674805
14018 -26.714260 24.389803 1530.118774
14019 -26.338890 24.799732 1530.511353
14020 -26.153904 24.536798 1529.969727
14021 -25.984915 24.206556 1529.487427
14022 -25.580330 24.664946 1529.856323
14023 -25.860710 25.065792 1530.662842
14024 -25.115454 25.113760 1530.323364
14025 -24.659229 24.776600 1529.712402
14026 -24.241150 24.323832 1529.172974
14027 -23.740364 24.834482 1529.587646
14028 -23.576107 24.294817 1529.059692
14029 -23.439964 23.744690 1528.641724
14030 -22.923046 24.170120 1528.875122
14031 -22.877729 23.583248 1528.473755
14032 -23.320745 23.300138 1528.363770
14033 -22.932661 23.005371 1528.167603
14034 -22.358555 23.336485 1528.254150
14035 -21.768698 23.078550 1527.992798
14036 -21.724831 22.431738 1527.670898
14037 -21.147806 22.882828 1527.692139
14038 -21.128399 22.280067 1527.379395
14039 -21.065712 21.725197 1527.095337
14040 -20.625614 22.089090 1527.011353
14041 -20.652502 21.598909 1526.784058
14042 -20.411839 21.180901 1526.398193
14043 -20.220989 21.805511 1526.549805
14044 -19.818237 22.092192 1526.326416
14045 -20.144480 22.368456 1526.818481
14046 -20.614750 22.624605 1527.296387
14047 -20.052864 22.924627 1527.115479
14048 -19.598089 22.675480 1526.511353
14049 -19.589815 23.265425 1526.975830
14050 -19.127430 23.242064 1526.432739
14051 -19.081635 22.752666 1525.882202
14052 -19.398216 22.173725 1525.858765
14053 -18.954208 22.420174 1525.323975
14054 -19.208542 21.797050 1525.279297
14055 -18.843489 22.061905 1524.756104
14056 -19.040785 21.545959 1524.802490
14057 -18.537674 22.304396 1524.162354
14058 -18.545197 22.783693 1524.706665
14059 -18.317377 22.854681 1524.002930
14060 -18.307318 22.409405 1523.497681
14061 -18.238194 23.318045 1524.442261
14062 -17.997738 23.756683 1524.249878
14063 -18.141855 23.661325 1524.766113
14064 -18.288708 23.522062 1525.042236
14065 -18.142494 23.860802 1525.257690
14066 -17.893427 24.083364 1524.768311
14067 -17.832027 24.334227 1525.344482
14068 -17.553522 24.582445 1524.773438
14069 -17.441217 24.825348 1525.407104
14070 -16.984234 25.308907 1525.458130
14071 -17.359325 25.061272 1526.058350
14072 -16.853251 25.529917 1526.113403
14073 -16.490480 25.763672 1525.514282
14074 -16.125313 26.068916 1524.944824
14075 -16.000002 26.172298 1525.587646
14076 -16.344788 25.949183 1526.166626
14077 -15.824075 26.345352 1526.213501
14078 -16.186588 26.168852 1526.792236
14079 -16.712990 25.781561 1526.740356
14080 -16.581915 26.040760 1527.343506
14081 -15.994817 26.426588 1527.389404
14082 -15.625418 26.558748 1526.826660
14083 -15.432209 26.791931 1527.456909
14084 -15.813682 26.673237 1527.920288
14085 -15.360424 26.985312 1528.142334
14086 -14.841314 27.186623 1527.627686
14087 -14.946139 27.304531 1528.532593
14088 -14.308219 27.592960 1528.174805
14089 -14.225434 27.561659 1527.531372
14090 -13.676996 27.956673 1528.051636
14091 -13.573451 27.983326 1527.442261
14092 -13.915629 27.733618 1526.965942
14093 -13.446083 28.066214 1526.939209
14094 -13.619739 27.955423 1526.471558
14095 -14.151730 27.561794 1526.412476
14096 -14.465352 27.354500 1526.969727
14097 -14.698870 27.161686 1526.303467
14098 -14.332200 27.460508 1525.671875
14099 -14.974071 26.963886 1525.651489
14100 -15.272892 26.746719 1526.250977
14101 -15.508880 26.555162 1525.628784
14102 -15.030805 26.961023 1526.840210
14103 -15.270416 26.772598 1525.011841
14104 -15.710322 26.408972 1525.108154
14105 -15.652422 26.518160 1524.445068
14106 -15.097826 27.021015 1524.321045
14107 -14.986210 27.337450 1523.594971
14108 -14.561136 27.535326 1524.216064
14109 -14.511791 27.938040 1523.405151
14110 -15.046997 27.629782 1522.895142
14111 -14.587888 28.263474 1522.857422
14112 -15.124586 28.108936 1522.285034
14113 -14.670422 28.728626 1522.406128
14114 -14.198527 28.800093 1522.892700
14115 -14.345791 29.248619 1522.478394
14116 -14.861404 29.332981 1522.040283
14117 -14.536089 29.714544 1522.195679
14118 -14.967237 29.953869 1521.929565
14119 -15.366383 29.548409 1521.724731
14120 -15.386535 28.930527 1521.741333
14121 -15.073969 28.663128 1522.046631
14122 -15.501782 28.310551 1521.779053
14123 -15.749819 29.140974 1521.513306
14124 -15.880876 29.661484 1521.515747
14125 -15.513144 30.161667 1521.728394
14126 -16.106924 30.315933 1521.609131
14127 -15.679355 30.841711 1521.830444
14128 -16.397627 31.126127 1521.851074
14129 -15.893395 31.558846 1522.016357
14130 -16.666914 31.752821 1522.105835
14131 -17.064756 31.070293 1521.802124
14132 -17.473381 31.686972 1522.109619
14133 -17.752298 31.075542 1521.777710
14134 -18.105652 31.629860 1522.077637
14135 -18.388599 31.059803 1521.718506
14136 -18.722591 31.589470 1522.008301
14137 -19.013121 31.047062 1521.620605
14138 -18.669100 30.524448 1521.344238
14139 -18.096094 30.507675 1521.421875
14140 -18.415491 30.023420 1521.074463
14141 -18.918926 30.077549 1520.998657
14142 -19.263086 30.482525 1521.193115
14143 -19.890009 30.453938 1520.999146
14144 -19.619408 31.012968 1521.463745
14145 -20.263210 31.010521 1521.268066
14146 -19.976009 31.524216 1521.703003
14147 -20.601385 31.541750 1521.503052
14148 -20.891077 31.081480 1521.079224
14149 -20.548964 30.525831 1520.819702
14150 -21.237652 30.587172 1520.565063
14151 -21.766464 30.859455 1520.498169
14152 -20.345404 31.983883 1521.880371
14153 -19.809843 32.224670 1522.201904
14154 -19.365976 31.588579 1521.902344
14155 -19.057550 32.146645 1522.313354
14156 -19.305155 32.764641 1522.654785
14157 -18.677305 32.701172 1522.683716
14158 -18.863594 33.176140 1522.939697
14159 -19.442245 33.288799 1522.937988
14160 -19.001726 33.648823 1523.172119
14161 -19.528603 33.808678 1523.198608
14162 -19.629799 34.242565 1523.370117
14163 -19.089430 34.103851 1523.358765
14164 -18.601961 34.471954 1523.447754
14165 -18.567535 33.950912 1523.287354
14166 -17.997536 34.270416 1523.313721
14167 -18.058281 33.749439 1523.156006
14168 -17.394596 33.901451 1523.081177
14169 -17.289543 34.621307 1523.236450
14170 -18.037918 34.970245 1523.460693
14171 -17.174688 35.211578 1523.295044
14172 -17.815311 35.683769 1523.474976
14173 -17.081831 35.845699 1523.322754
14174 -17.713844 36.309193 1523.463257
14175 -17.028810 36.496315 1523.338623
14176 -17.029917 37.198463 1523.369385
14177 -16.280659 36.738125 1523.130493
14178 -16.374933 36.020794 1523.125854
14179 -15.694810 36.142086 1522.882446
14180 -15.594955 36.718739 1522.856323
14181 -15.830738 37.392914 1522.973511
14182 -15.357728 37.261135 1522.741333
14183 -15.400545 37.846138 1522.742798
14184 -14.891162 37.549473 1522.461304
14185 -15.039976 38.151077 1522.484009
14186 -14.597500 38.124798 1522.180908
14187 -14.898921 38.681419 1522.280640
14188 -15.437232 38.584957 1522.711060
14189 -15.202226 39.270992 1522.386719
14190 -15.674559 39.209625 1522.810425
14191 -14.746391 39.289806 1521.968140
14192 -14.546216 39.929272 1521.495972
14193 -14.210075 39.313667 1521.468994
14194 -14.402558 38.698101 1521.878662
14195 -13.847708 38.701458 1521.422607
14196 -13.679475 39.321922 1520.968018
14197 -14.074620 39.934734 1520.987671
14198 -13.665833 40.011032 1520.478271
14199 -13.177513 39.495621 1520.356567
14200 -13.337703 40.187614 1519.924194
14201 -12.953382 39.856625 1519.797485
14202 -13.014339 40.311993 1519.355347
14203 -12.600274 39.847309 1519.372314
14204 -12.568741 40.291492 1518.740112
14205 -12.240160 39.753124 1518.993652
14206 -12.222146 39.355759 1519.398315
14207 -11.868838 39.404709 1518.873657
14208 -12.007915 39.884838 1518.455566
14209 -11.498451 39.396969 1518.299805
14210 -11.684585 39.920647 1517.779419
14211 -12.271267 40.386974 1518.039917
14212 -12.060938 40.439251 1517.429443
14213 -11.601850 40.111263 1517.084717
14214 -11.952488 40.514851 1516.786499
14215 -12.446918 40.861599 1517.112671
14216 -12.519888 40.771969 1517.639893
14217 -12.926867 41.150013 1517.445557
14218 -12.898049 40.902550 1518.126953
14219 -13.426245 41.408207 1517.774536
14220 -13.521297 41.266644 1518.388916
14221 -13.971613 41.648041 1518.095459
14222 -13.952399 41.798420 1517.471924
14223 -13.395295 41.539722 1517.123535
14224 -13.912518 41.893101 1516.780640
14225 -13.354981 41.603588 1516.408569
14226 -13.969116 41.970512 1515.977051
14227 -13.277386 41.558437 1515.595337
14228 -12.793482 41.248642 1516.116333
14229 -12.631246 41.125118 1515.503906
14230 -12.973330 41.292057 1514.933472
14231 -13.476293 41.608398 1514.950317
14232 -13.353971 41.425083 1514.415649
14233 -12.762130 41.036030 1514.365234
14234 -12.407814 40.908051 1514.953491
14235 -12.232121 40.691216 1514.463257
14236 -12.670307 40.832096 1513.861206
14237 -12.128258 40.466049 1513.882568
14238 -11.706397 40.301254 1514.501343
14239 -11.594892 40.072891 1513.889282
14240 -11.068089 39.788200 1514.604370
14241 -11.024258 39.595413 1513.809448
14242 -12.066049 40.211609 1513.260254
14243 -10.518719 39.270985 1514.423584
14244 -10.503286 39.148254 1513.786621
14245 -10.012349 38.789761 1514.325073
14246 -10.016590 38.704659 1513.716553
14247 -9.989339 38.552425 1513.151123
14248 -9.439804 38.170090 1513.598267
14249 -9.576628 38.166294 1513.023682
14250 -9.956035 38.349854 1512.580444
14251 -9.448387 37.925808 1512.561279
14252 -9.081723 37.765781 1513.085083
14253 -8.893240 37.473015 1512.546631
14254 -8.450868 37.250771 1513.024170
14255 -8.294958 37.005348 1512.490479
14256 -7.836824 36.813057 1512.984741
14257 -7.698481 36.569080 1512.343750
14258 -7.191055 36.397511 1512.790894
14259 -7.057593 36.110394 1511.989868
14260 -7.647144 36.371471 1511.832886
14261 -8.185683 36.740490 1511.909302
14262 -7.964784 36.402309 1511.438965
14263 -7.382351 36.058193 1511.425781
14264 -8.369828 36.426868 1510.954468
14265 -8.543628 36.809227 1511.475952
14266 -8.939657 36.836033 1510.958252
14267 -8.807965 36.419304 1510.435913
14268 -9.387959 36.842861 1510.421997
14269 -9.534559 37.272610 1510.929199
14270 -9.125033 37.256180 1511.504517
14271 -9.718019 37.692444 1511.451172
14272 -9.285764 37.596619 1512.004639
14273 -9.855844 38.050957 1512.002075
14274 -10.150968 37.710571 1510.869385
14275 -10.712081 37.989445 1510.654663
14276 -10.429871 37.624565 1510.410767
14277 -10.887566 37.720383 1510.093872
14278 -9.948194 37.256226 1510.398315
14279 -8.718760 37.153843 1511.994995
14280 -6.574391 36.050102 1512.543457
14281 -6.676163 36.232132 1513.272339
14282 -6.104988 35.969051 1513.017700
14283 -5.476190 35.745888 1512.856445
14284 -5.661981 35.895969 1513.463257
14285 -5.058331 35.725540 1513.333862
14286 -4.434351 35.598213 1513.301025
14287 -4.764208 35.729759 1513.828247
14288 -4.183419 35.654125 1513.964600
14289 -3.784903 35.495213 1513.275269
14290 -3.465204 35.315628 1512.664917
14291 -3.122012 35.425915 1513.322021
14292 -2.753025 35.286701 1512.868530
14293 -2.430499 35.386555 1513.411499
14294 -2.090175 35.228657 1512.843384
14295 -1.723675 35.033688 1512.263428
14296 -1.434188 35.203991 1512.859619
14297 -1.063355 35.024239 1512.299194
14298 -1.297495 34.810444 1511.701782
14299 -0.596471 34.852940 1511.832764
14300 -0.824277 34.600521 1511.222168
14301 -0.981870 34.297356 1510.570557
14302 -0.335398 34.398418 1510.767456
14303 -0.421002 34.170544 1510.296143
14304 -0.738715 34.009117 1509.987549
14305 -0.158453 33.980881 1509.887695
14306 0.149402 33.741848 1509.362061
14307 0.442144 33.996735 1509.832031
14308 0.811294 33.738800 1509.216187
14309 1.230945 33.473366 1508.549805
14310 1.428767 33.804825 1509.182495
14311 1.875334 33.642933 1508.688110
14312 1.822362 33.351192 1508.103271
14313 2.420385 33.506245 1508.199951
14314 2.394186 33.278240 1507.750244
14315 1.833972 33.081112 1507.571411
14316 2.349185 33.049194 1507.329590
14317 2.873026 33.155724 1507.341431
14318 2.987083 33.457523 1507.888306
14319 3.398102 33.263611 1507.365234
14320 3.973716 33.249016 1507.163818
14321 4.198136 32.979832 1506.618774
14322 4.622596 33.269432 1507.043335
14323 4.815440 33.039005 1506.584595
14324 5.402936 32.935680 1506.296875
14325 5.265352 33.278881 1506.943970
14326 5.936602 33.292049 1506.883911
14327 6.637753 33.306084 1506.853760
14328 6.414974 33.607479 1507.459473
14329 7.116427 33.599369 1507.407471
14330 7.321423 33.281597 1506.766357
14331 7.913092 33.557461 1507.291870
14332 7.996143 33.217716 1506.598389
14333 7.585210 33.879494 1507.963867
14334 6.879973 33.898170 1508.030518
14335 7.337255 34.162922 1508.578247
14336 8.019767 34.132999 1508.486450
14337 8.287599 33.867977 1507.914673
14338 8.592870 34.066376 1508.320313
14339 8.908489 33.922806 1507.995117
14340 9.082309 34.257912 1508.711426
14341 8.455474 34.353710 1508.956177
14342 8.880569 34.563335 1509.429443
14343 9.546867 34.509785 1509.270142
14344 9.297188 34.746082 1509.881226
14345 9.939723 34.711269 1509.767822
14346 10.220889 34.496887 1509.195557
14347 9.835367 34.256580 1508.654907
14348 10.532438 34.270630 1508.616333
14349 10.136793 33.992050 1508.025269
14350 9.500263 33.972198 1508.053833
14351 10.916878 34.010582 1507.958252
14352 10.932186 33.727489 1507.309570
14353 11.572419 33.842136 1507.473145
14354 12.177631 33.705246 1507.083984
14355 12.106593 34.002327 1507.785522
14356 12.770434 33.907230 1507.518188
14357 12.803367 33.692520 1507.014160
14358 13.411680 33.816139 1507.307617
14359 13.307646 34.109779 1507.999390
14360 13.936607 34.055653 1507.907227
14361 14.206403 33.809959 1507.354248
14362 14.565837 34.016136 1507.887817
14363 14.856822 33.788998 1507.396362
14364 14.548176 33.570114 1506.828491
14365 15.149260 33.551277 1506.880615
14366 14.754762 33.345772 1506.320557
14367 15.386085 33.342037 1506.420898
14368 15.559676 33.146633 1505.981689
14369 15.985322 33.284313 1506.419922
14370 16.032576 33.056023 1505.873657
14371 16.595816 33.194527 1506.383423
14372 16.685509 32.955673 1505.828369
14373 17.221998 33.094574 1506.374878
14374 17.095421 33.344898 1506.943970
14375 17.755136 33.212849 1506.915283
14376 18.366623 33.071766 1506.887207
14377 18.207573 33.297028 1507.372803
14378 18.852955 33.197617 1507.502563
14379 18.864248 33.530239 1508.425903
14380 18.266588 33.499855 1507.946167
14381 18.192476 33.754372 1508.605591
14382 17.727043 33.705528 1508.180176
14383 17.622957 33.496941 1507.573853
14384 17.220682 33.768051 1508.075684
14385 17.522268 33.903683 1508.597168
14386 16.916813 34.035149 1508.621948
14387 16.533920 33.887108 1508.076416
14388 16.862432 33.609390 1507.510742
14389 16.178740 33.700520 1507.492676
14390 16.429825 33.434460 1506.919556
14391 15.791105 33.508591 1506.917114
14392 15.512297 33.754539 1507.444336
14393 15.853078 33.957035 1508.020020
14394 15.206641 33.987656 1507.934448
14395 15.626478 34.215340 1508.583130
14396 16.276033 34.146904 1508.628418
14397 15.974451 34.408024 1509.178711
14398 15.189857 34.480728 1509.124512
14399 14.881090 34.228043 1508.443115
14400 14.451787 34.406216 1508.804077
14401 14.310708 34.208488 1508.309448
14402 13.772878 34.309059 1508.500854
14403 14.021914 34.545864 1509.106323
14404 14.600165 34.609852 1509.336426
14405 14.400124 34.787388 1509.785767
14406 13.799770 34.790413 1509.747681
14407 14.219333 34.975952 1510.327637
14408 14.784646 34.954323 1510.340698
14409 15.009991 34.746548 1509.780029
14410 15.428888 34.903454 1510.361694
14411 15.674870 34.660305 1509.739258
14412 16.099949 34.816525 1510.385254
14413 16.396505 34.561687 1509.780762
14414 16.658203 34.305038 1509.207764
14415 17.081770 34.424034 1509.787842
14416 17.326344 34.163342 1509.196411
14417 17.775103 34.258968 1509.791992
14418 17.975348 34.006435 1509.182373
14419 18.648491 33.817608 1509.119019
14420 18.506783 34.055084 1509.750000
14421 19.236431 33.829365 1509.635010
14422 19.163542 33.653286 1509.011719
14423 19.019844 34.096512 1510.363159
14424 19.709723 33.901596 1510.323730
14425 19.493910 34.118893 1510.949463
14426 20.153131 33.943539 1510.958862
14427 19.947262 34.139915 1511.589966
14428 19.281424 34.317387 1511.545532
14429 16.795496 34.681889 1510.384033
14430 16.473358 34.925133 1510.992554
14431 8.314908 35.577045 1513.645996
14432 15.418845 35.447571 1512.817383
14433 15.805281 35.034855 1510.975708
14434 9.636107 35.790379 1515.836670
14435 15.134514 35.099182 1510.924927
14436 14.703174 35.251217 1511.418213
14437 18.220119 34.894390 1512.978516
14438 7.661829 35.522053 1513.237305
14439 13.156351 35.793819 1514.938354
14440 14.604067 35.782578 1514.920410
14441 10.919023 35.690907 1514.671875
14442 12.547683 35.321091 1511.798462
14443 12.964430 35.447941 1512.417236
14444 16.644938 35.324749 1513.302856
14445 7.864733 35.265774 1511.667236
14446 16.085188 35.143509 1511.606934
14447 17.385614 35.151253 1513.241089
14448 16.790861 35.108662 1512.106934
14449 7.963340 35.690556 1514.958862
14450 12.969636 35.722149 1514.395874
14451 9.487399 35.682865 1514.723511
14452 9.013311 35.471855 1512.765137
14453 9.325141 35.732121 1515.274048
14454 19.263886 34.960354 1515.171753
14455 18.779497 35.163422 1515.662231
14456 19.322033 35.081356 1515.786621
14457 18.972406 35.265713 1516.251465
14458 19.638031 35.132919 1516.198486
14459 19.422342 35.314220 1516.681519
14460 20.051908 35.263218 1516.819092
14461 19.837389 34.942955 1515.621338
14462 19.544825 35.474537 1517.219482
14463 20.098259 35.480282 1517.457764
14464 19.760893 35.686440 1517.900513
14465 20.467154 35.631992 1518.020508
14466 20.650984 35.380886 1517.391357
14467 21.209400 35.532112 1518.020264
14468 21.885075 35.380569 1517.845581
14469 21.877132 35.607693 1518.492188
14470 22.433901 35.711143 1519.020386
14471 21.858799 35.786789 1519.054321
14472 22.327024 35.884487 1519.605591
14473 22.941589 35.817394 1519.554443
14474 23.561693 35.783405 1519.540527
14475 23.746187 35.643040 1519.086426
14476 24.158173 35.770329 1519.490845
14477 24.005735 35.921116 1520.086426
14478 24.665863 35.946705 1520.030884
14479 24.435621 36.064243 1520.672974
14480 23.811579 36.041164 1520.689087
14481 23.391708 35.927605 1520.105103
14482 23.195305 36.049061 1520.674438
14483 22.775520 35.969875 1520.144043
14484 22.576941 36.096836 1520.704712
14485 22.933466 36.160946 1521.282227
14486 23.600008 36.140076 1521.306641
14487 23.302946 36.219185 1521.916626
14488 24.109905 36.230606 1521.947632
14489 24.212231 36.147491 1521.254761
14490 24.763433 36.253563 1521.699341
14491 24.778461 36.181915 1521.171143
14492 25.097614 36.150482 1520.737183
14493 25.337679 36.297523 1521.389282
14494 25.798422 36.312267 1520.888428
14495 26.030848 36.475948 1521.577148
14496 25.441151 36.407673 1522.109985
14497 24.732141 36.311722 1522.239380
14498 25.031610 36.397224 1522.722412
14499 25.788774 36.544445 1522.761475
14500 25.489223 36.523426 1523.370483
14501 26.167917 36.683811 1523.375122
14502 26.366541 36.702663 1522.834839
14503 26.180864 36.592518 1522.229980
14504 26.897991 36.843441 1522.370728
14505 26.646734 36.679676 1521.696411
14506 27.199524 36.893089 1521.667603
14507 27.023998 36.762447 1521.227051
14508 26.549021 36.547043 1520.989990
14509 27.158735 36.735249 1520.664917
14510 26.138506 36.305309 1520.386963
14511 25.455582 36.120419 1520.299438
14512 25.813848 36.109467 1519.931274
14513 27.526314 36.977245 1521.085815
14514 27.711239 36.977531 1520.437256
14515 28.056814 37.252434 1520.894165
14516 27.744488 37.154205 1521.590332
14517 28.224529 37.440979 1521.569824
14518 28.582659 37.635429 1521.073120
14519 28.587257 37.529995 1520.344727
14520 28.181496 37.228481 1520.239624
14521 28.529472 37.354553 1519.709717
14522 29.037422 37.797005 1519.925537
14523 29.002806 37.892654 1520.562988
14524 29.391712 38.167110 1520.222656
14525 29.473431 38.076073 1519.538818
14526 29.073999 37.658073 1519.268188
14527 29.615755 37.981544 1518.836426
14528 29.971008 38.468082 1519.297607
14529 30.102507 38.408772 1518.768433
14530 30.401583 38.821678 1519.055420
14531 30.511971 38.639862 1518.330322
14532 30.027622 38.119526 1518.232666
14533 30.395500 38.229614 1517.702148
14534 30.015852 37.833279 1517.645264
14535 30.268282 37.833118 1517.202393
14536 30.725777 38.276859 1517.161011
14537 30.613949 37.905811 1516.749023
14538 31.021376 38.256527 1516.604004
14539 31.247877 38.774574 1517.024536
14540 31.420250 38.620987 1516.456787
14541 31.357645 38.226013 1516.034424
14542 31.779472 38.748215 1516.012939
14543 31.780764 38.276676 1515.483887
14544 32.213993 38.901031 1515.490356
14545 32.210045 38.307884 1514.958740
14546 31.801334 37.699398 1514.994873
14547 32.269131 37.799683 1514.573853
14548 31.930897 37.029633 1514.563599
14549 32.589882 37.168388 1514.068237
14550 32.364250 36.536915 1514.152588
14551 31.878675 36.393295 1514.485352
14552 31.489933 36.530727 1514.791870
14553 31.394985 37.086224 1515.055542
14554 31.002550 36.573891 1515.197144
14555 30.880461 37.120770 1515.579346
14556 30.520313 36.581505 1515.621582
14557 30.400551 37.075184 1516.064087
14558 30.821880 37.684132 1516.156860
14559 31.336140 37.701225 1515.521240
14560 30.262339 37.457493 1516.646851
14561 29.893606 36.949074 1516.528687
14562 29.425428 36.745403 1516.879150
14563 29.572842 36.511078 1516.506836
14564 30.111225 36.604950 1516.023193
14565 29.675352 36.175396 1516.206177
14566 29.294518 36.187721 1516.564941
14567 29.113150 36.396881 1516.901123
14568 30.168039 36.112213 1515.759644
14569 30.690372 36.011551 1515.325806
14570 30.202787 35.562420 1515.671387
14571 30.648142 35.402122 1515.383789
14572 31.237713 35.698254 1514.948853
14573 31.106033 35.122887 1515.177002
14574 31.639093 35.437611 1514.751831
14575 31.616627 34.804325 1515.035767
14576 31.028477 34.569820 1515.501831
14577 30.550745 34.912823 1515.592163
14578 30.462679 34.466797 1515.858276
14579 30.975697 34.111946 1515.866089
14580 30.512688 33.794632 1516.322754
14581 31.291056 33.727989 1516.101318
14582 31.761213 33.326946 1516.434448
14583 31.962774 33.685692 1515.870850
14584 32.369888 33.332462 1516.216064
14585 32.277973 33.033535 1516.759521
14586 32.754242 33.096050 1516.509033
14587 32.927010 32.838009 1517.019897
14588 33.263844 33.013420 1516.525879
14589 33.670753 32.798782 1516.967529
14590 33.443619 32.620911 1517.503418
14591 34.011841 32.625160 1517.435303
14592 33.922207 32.481792 1517.915405
14593 33.281078 32.440754 1518.022461
14594 34.458797 32.362408 1518.380249
14595 35.097031 32.259964 1518.928833
14596 35.123104 32.430649 1518.108643
14597 35.704723 32.358913 1518.485718
14598 35.814568 32.260525 1519.122559
14599 36.310768 32.322617 1518.802734
14600 36.371067 32.260139 1519.416504
14601 35.966282 32.195969 1519.667603
14602 36.364891 32.206821 1519.990845
14603 35.836388 32.121479 1520.115723
14604 35.454067 32.156139 1519.610718
14605 35.276787 32.038712 1520.167725
14606 35.731308 32.030495 1520.663818
14607 35.175381 31.915491 1520.754028
14608 35.674675 31.935062 1521.263550
14609 35.082554 31.784367 1521.354614
14610 34.552166 31.663939 1521.375854
14611 34.869991 31.642904 1521.830078
14612 34.141205 31.485506 1521.720093
14613 33.467026 31.266613 1521.915649
14614 34.031120 31.280640 1522.419434
14615 33.465538 31.123487 1522.409668
14616 33.285286 30.876648 1523.094727
14617 33.904247 31.087225 1523.062622
14618 33.747097 30.898321 1523.699463
14619 33.113663 30.651772 1523.739014
14620 33.558769 30.717476 1524.366089
14621 32.850571 30.404633 1524.413574
14622 33.397305 30.593376 1525.043579
14623 32.764816 30.269545 1525.176514
14624 32.222363 30.089222 1524.671753
14625 32.219143 30.216900 1524.118774
14626 32.458900 30.427336 1523.684204
14627 31.710213 29.999845 1524.156494
14628 31.651926 29.813076 1524.780884
14629 31.092371 29.716484 1524.193237
14630 31.042095 29.508934 1524.838745
14631 31.578192 29.665386 1525.413452
14632 32.165298 29.968605 1525.287231
14633 32.081070 29.895109 1525.881836
14634 32.600491 30.177530 1525.702515
14635 32.610943 30.235651 1526.209351
14636 32.433975 30.291819 1526.885620
14637 33.124558 30.665157 1526.485840
14638 32.998165 30.874729 1527.118652
14639 33.583561 31.207462 1526.795898
14640 33.377956 31.498253 1527.390503
14641 32.874298 31.120752 1527.593872
14642 32.986382 31.670771 1527.938232
14643 32.471497 31.055233 1527.998535
14644 32.473824 30.641661 1527.512085
14645 32.008583 30.531691 1527.996948
14646 31.952290 30.145567 1527.440796
14647 31.532068 30.058359 1527.974854
14648 31.537193 30.513264 1528.574341
14649 31.944675 31.004227 1528.541382
14650 31.451870 30.960445 1529.031128
14651 31.827377 31.613619 1529.004639
14652 32.414673 31.632820 1528.466919
14653 32.248261 32.233501 1528.852295
14654 32.821373 32.228085 1528.380371
14655 33.334057 32.302124 1527.981445
14656 33.117359 32.841423 1528.359863
14657 33.730911 32.927551 1527.941162
14658 33.330914 33.521416 1528.376343
14659 33.906715 33.676003 1528.052368
14660 33.505737 34.235733 1528.376465
14661 32.890953 34.020638 1528.685303
14662 32.746231 33.284637 1528.705933
14663 32.287743 33.678925 1529.010742
14664 32.362953 34.479061 1528.931274
14665 33.040123 34.745125 1528.614136
14666 32.544128 35.226917 1528.760986
14667 31.786699 35.027126 1529.065430
14668 32.105801 35.738106 1528.779297
14669 31.470606 35.707863 1528.939575
14670 31.762571 36.213951 1528.685059
14671 32.303474 36.215919 1528.596191
14672 32.063919 36.776844 1528.427246
14673 31.410734 36.635906 1528.526001
14674 31.352083 37.185654 1528.219360
14675 30.664227 36.768410 1528.431519
14676 31.150709 36.233131 1528.753174
14677 30.354296 36.103142 1528.878906
14678 30.897369 35.760281 1529.024414
14679 31.045063 35.256519 1529.218018
14680 30.485249 35.467869 1529.242920
14681 30.534096 34.941719 1529.486816
14682 29.944027 35.248180 1529.464478
14683 29.967381 35.755562 1529.133301
14684 29.264339 35.535244 1529.346680
14685 29.406599 34.975670 1529.732788
14686 29.961517 34.685989 1529.766846
14687 29.398672 34.437752 1530.057617
14688 28.890608 34.750706 1529.988403
14689 28.718540 34.141056 1530.440186
14690 29.372524 33.884544 1530.351685
14691 28.808868 33.555191 1530.735596
14692 29.438931 33.309258 1530.561523
14693 29.954330 33.570381 1530.231323
14694 30.021626 33.037544 1530.349487
14695 30.475708 33.265007 1530.055176
14696 30.454208 33.807095 1529.930054
14697 29.940292 34.129936 1530.027710
14698 30.517921 34.374973 1529.718872
14699 31.096508 34.609863 1529.427490
14700 30.993937 33.983242 1529.638550
14701 31.668056 34.054226 1529.309448
14702 31.282890 33.444427 1529.584961
14703 31.734476 33.238907 1529.340576
14704 32.199383 32.921436 1529.018799
14705 31.398235 32.385754 1529.524414
14706 31.367800 32.992893 1529.565186
14707 30.948471 33.018337 1529.824463
14708 30.576118 32.713631 1530.081787
14709 30.543016 32.089046 1530.123291
14710 30.021635 32.479740 1530.453125
14711 29.584953 32.824253 1530.641846
14712 29.433369 32.345543 1530.851685
14713 29.933361 31.870199 1530.575439
14714 29.356596 31.637966 1531.035034
14715 28.857807 32.140881 1531.280762
14716 28.816202 31.322668 1531.538940
14717 29.330412 30.879023 1531.109863
14718 29.830658 31.168694 1530.654175
14719 29.707508 30.476086 1530.652588
14720 29.255474 30.193365 1531.111816
14721 29.534199 29.860222 1530.597046
14722 30.005346 30.131739 1530.138184
14723 30.175251 30.755724 1530.241333
14724 30.424582 30.416592 1529.810181
14725 30.248579 29.886995 1529.606201
14726 30.705000 30.216904 1529.315674
14727 30.513695 29.718609 1529.004639
14728 31.035061 30.014299 1528.644653
14729 31.123520 30.558193 1529.106445
14730 30.722265 30.699448 1529.642212
14731 31.025991 31.072432 1529.520020
14732 30.614426 30.995169 1529.886230
14733 30.896294 31.595070 1529.800049
14734 30.369528 31.428036 1530.213623
14735 31.333130 31.531385 1529.411255
14736 30.647699 29.533550 1528.462646
14737 30.231457 29.236357 1528.628662
14738 30.012547 29.350031 1529.277344
14739 29.717533 28.852474 1528.822021
14740 29.397623 28.427467 1528.306641
14741 29.514517 28.943369 1529.529175
14742 29.031897 28.560564 1529.859375
14743 29.319759 29.020258 1530.096436
14744 28.963474 28.769531 1530.505249
14745 29.262836 29.284643 1530.561768
14746 29.723013 29.496822 1529.990479
14747 29.106197 29.591246 1531.091064
14748 28.896484 29.029846 1531.041382
14749 28.747154 29.280167 1531.582397
14750 28.578783 28.734856 1531.509766
14751 28.618078 28.519243 1531.012451
14752 28.332808 28.257902 1531.500244
14753 28.322350 28.093634 1531.020630
14754 28.550922 28.189373 1530.380493
14755 28.129112 28.033196 1532.048706
14756 28.360790 28.470467 1531.889893
14757 28.218119 28.314919 1532.402100
14758 28.057001 27.885958 1532.768677
14759 27.823654 27.515457 1532.200806
14760 27.764908 27.273203 1532.816772
14761 27.443682 26.972986 1532.360107
14762 27.462996 26.822969 1532.855957
14763 27.038731 26.472450 1532.595825
14764 27.277344 26.423521 1533.196655
14765 26.626076 25.946047 1533.044189
14766 27.105446 25.938688 1533.671997
14767 26.497824 25.535931 1533.662964
14768 26.027378 25.484520 1533.237915
14769 25.939800 25.593615 1532.705322
14770 25.471895 25.249361 1533.034180
14771 25.371025 25.249987 1532.448486
14772 25.345219 25.166550 1531.895386
14773 24.863232 24.855143 1532.274292
14774 24.877291 24.935726 1532.742676
14775 24.348022 24.588001 1532.742920
14776 24.351406 24.652975 1533.340088
14777 23.932552 24.405388 1533.175049
14778 23.735931 24.362608 1533.634155
14779 23.447117 24.106256 1533.327759
14780 23.178560 24.083786 1533.842041
14781 22.915440 23.787292 1533.625732
14782 22.648609 23.785393 1534.079834
14783 22.443930 23.454443 1533.904053
14784 22.794353 23.373283 1533.408691
14785 23.346764 23.747316 1532.977417
14786 23.176546 23.187111 1532.932495
14787 23.713871 23.426458 1532.416138
14788 23.912521 23.921127 1532.399292
14789 23.868391 24.199724 1532.781616
14790 24.407787 24.376322 1532.184082
14791 24.319466 24.035309 1531.982300
14792 24.745008 24.301626 1531.610474
14793 24.990112 24.751059 1531.734253
14794 25.336298 24.703768 1531.103882
14795 24.966280 23.870569 1531.200439
14796 25.469370 24.278311 1530.714111
14797 25.901703 25.055336 1530.485229
14798 25.810852 25.297310 1530.952393
14799 25.440092 25.090210 1531.417114
14800 26.182623 24.905214 1529.942871
14801 25.951120 24.305988 1530.150513
14802 26.449947 24.584967 1529.520264
14803 26.470112 24.019154 1529.654541
14804 26.075130 23.718607 1530.173950
14805 25.541452 23.678410 1530.669434
14806 25.477295 23.070936 1531.007935
14807 25.898468 22.666899 1531.070190
14808 25.367960 22.613939 1531.445068
14809 24.907719 22.925047 1531.513184
14810 24.779781 22.503374 1531.921387
14811 24.242701 22.740255 1532.118896
14812 24.312647 22.104221 1532.635010
14813 25.053604 22.029558 1532.311768
14814 24.799505 21.748287 1532.881470
14815 25.430532 21.689915 1532.719482
14816 25.769730 21.905277 1532.177368
14817 25.335430 22.261192 1531.849243
14818 25.837173 22.274868 1531.568481
14819 26.387806 21.932367 1531.861694
14820 26.409256 22.270037 1531.287109
14821 26.992580 21.899929 1531.641846
14822 26.971905 21.660494 1532.177979
14823 26.380701 21.681820 1532.380005
14824 26.860361 21.425793 1532.857788
14825 26.089462 21.562708 1532.763794
14826 26.425364 21.304380 1533.371338
14827 27.011189 21.213530 1533.466553
14828 25.749960 21.408165 1533.253784
14829 25.323807 21.263796 1533.731445
14830 25.200991 21.514858 1533.166016
14831 24.781263 21.493631 1533.354980
14832 24.181797 21.685232 1533.280762
14833 24.512148 21.291225 1533.862671
14834 23.834633 21.382566 1533.932007
14835 23.565807 21.079567 1534.555420
14836 23.128880 21.478176 1534.108521
14837 22.984516 21.171293 1534.595337
14838 22.537716 21.635372 1534.251831
14839 22.772974 22.017429 1533.758179
14840 22.165106 22.317743 1534.051270
14841 22.671022 22.546883 1533.521362
14842 22.331320 22.875238 1533.777710
14843 21.928431 22.877800 1534.222168
14844 21.695463 22.364580 1534.453735
14845 21.479010 22.787392 1534.690552
14846 21.122784 22.294621 1534.950439
14847 21.397036 21.691113 1534.919922
14848 21.951990 21.764193 1534.520142
14849 21.734612 21.305563 1534.989014
14850 22.299997 21.278749 1534.744263
14851 21.175198 21.313259 1535.253540
14852 20.781464 21.803131 1535.263550
14853 20.571117 21.355520 1535.523071
14854 20.017752 21.867613 1535.718262
14855 20.498493 22.336887 1535.443481
14856 19.935272 22.426821 1535.884277
14857 19.435616 22.361254 1536.181152
14858 19.244642 21.876795 1536.163452
14859 18.816916 22.275734 1536.538940
14860 18.637156 21.819307 1536.503296
14861 18.285873 22.144117 1536.832397
14862 18.421627 22.569952 1537.013672
14863 17.941643 22.362753 1537.226440
14864 17.837755 21.947817 1537.075806
14865 17.556026 22.451254 1537.631348
14866 17.253181 22.071421 1537.634155
14867 17.137383 21.510859 1537.527954
14868 17.744579 21.439030 1537.041138
14869 17.485708 20.880524 1537.272583
14870 18.056984 20.971846 1536.887085
14871 18.371517 21.396179 1536.641235
14872 18.166466 21.764818 1536.790771
14873 19.032578 21.456308 1536.269897
14874 16.912422 20.802519 1537.718750
14875 16.614882 21.128176 1537.954956
14876 16.430443 21.513233 1538.212280
14877 15.809240 21.306589 1538.832520
14878 16.155922 21.958056 1538.818726
14879 15.571899 21.724239 1539.408325
14880 15.971737 22.272276 1539.520996
14881 15.505613 22.133812 1540.038940
14882 16.153522 22.580990 1539.959839
14883 15.659958 22.445063 1540.486816
14884 16.119493 22.708082 1540.612671
14885 16.667860 22.873190 1540.153198
14886 16.688478 22.913074 1540.746704
14887 16.159157 22.828751 1541.331787
14888 15.511925 22.589321 1541.160400
14889 15.754297 22.844492 1541.832153
14890 15.166027 22.676550 1541.723267
14891 15.441734 23.012709 1542.406982
14892 14.782564 22.957224 1542.393555
14893 15.220573 23.207600 1542.781250
14894 15.679140 23.270012 1542.973145
14895 15.293820 23.525038 1543.238403
14896 14.430762 23.381433 1542.892334
14897 14.559188 23.911911 1543.385620
14898 13.795692 23.724749 1543.053467
14899 13.636453 23.178453 1542.650513
14900 14.056691 22.891960 1542.394043
14901 14.451649 22.590233 1541.939697
14902 13.789573 22.447491 1542.018555
14903 14.145823 22.174437 1541.578979
14904 13.582443 22.033342 1541.733521
14905 13.819791 21.715015 1541.344238
14906 14.488024 21.865297 1540.941650
14907 14.812585 22.370440 1541.372681
14908 15.126526 22.207529 1540.731201
14909 14.930247 21.773314 1540.332397
14910 14.188479 21.437481 1540.818481
14911 14.538235 21.198965 1540.274658
14912 15.085559 21.508766 1539.863281
14913 14.890583 21.007708 1539.778931
14914 15.303359 21.114277 1539.350342
14915 13.419675 21.261112 1541.287964
14916 12.947498 21.544046 1541.688110
14917 13.181210 22.234421 1542.021973
14918 12.632632 22.016745 1542.023804
14919 12.749718 22.586267 1542.297607
14920 13.380506 22.729912 1542.331787
14921 12.826155 20.756994 1541.387817
14922 13.850220 24.278238 1543.382080
14923 14.331448 24.385777 1543.602051
14924 13.886419 24.789284 1543.600708
14925 14.480968 24.787611 1543.841309
14926 14.947764 24.243578 1543.760254
14927 15.083383 24.769236 1544.087036
14928 14.641945 25.338818 1544.075562
14929 15.308053 25.359724 1544.369751
14930 14.808919 25.756924 1544.222534
14931 15.228917 26.010349 1544.426514
14932 14.658342 26.240358 1544.190308
14933 15.121425 26.608473 1544.380371
14934 15.689098 26.383379 1544.624756
14935 15.540298 26.898800 1544.526245
14936 16.093029 26.857437 1544.754028
14937 15.799341 27.401251 1544.542358
14938 16.476070 27.493095 1544.782837
14939 16.141418 27.957825 1544.521240
14940 16.835526 28.116358 1544.721436
14941 16.463680 28.554844 1544.404785
14942 17.212423 28.759367 1544.562134
14943 17.437603 28.227537 1544.892456
14944 17.961582 28.565735 1544.915649
14945 17.928461 27.988228 1545.166260
14946 18.566177 28.335417 1545.241821
14947 18.707657 28.898029 1544.966553
14948 19.187508 28.532740 1545.349487
14949 19.410421 29.054195 1545.070679
14950 19.061321 29.400299 1544.707764
14951 18.531281 29.549711 1544.452393
14952 17.867222 29.161245 1544.537842
14953 17.852732 29.787411 1544.078003
14954 18.543344 30.139641 1543.934326
14955 17.831066 30.359119 1543.555176
14956 18.342216 30.637274 1543.373535
14957 18.909472 30.671000 1543.430298
14958 18.510628 30.982508 1542.987549
14959 17.889187 30.865772 1543.014404
14960 18.087280 31.268463 1542.528320
14961 17.386780 31.122454 1542.569946
14962 18.324127 31.646692 1541.981079
14963 18.753761 31.358440 1542.497803
14964 19.091497 31.721554 1541.923706
14965 18.554646 31.964539 1541.415405
14966 19.099419 32.009617 1541.349731
14967 18.783955 32.192844 1540.910889
14968 19.451393 32.173168 1540.939941
14969 19.088068 32.411598 1540.265137
14970 19.936092 32.316914 1540.414795
14971 19.693832 32.505741 1539.757690
14972 18.993618 32.612209 1539.498169
14973 18.383959 32.554558 1539.802612
14974 18.356064 32.721535 1539.107910
14975 18.949162 32.766281 1538.698242
14976 18.283613 32.857639 1538.388794
14977 17.793909 32.813625 1538.718872
14978 17.951248 32.926991 1538.065796
14979 18.600157 32.896797 1538.003174
14980 18.179447 33.007141 1537.447144
14981 18.876492 32.953598 1537.403931
14982 18.389273 33.081795 1536.812744
14983 19.147436 33.018040 1536.715820
14984 18.469042 33.177689 1536.180420
14985 18.997808 33.147610 1536.033325
14986 18.528193 33.298210 1535.572998
14987 19.235701 33.240631 1535.475830
14988 18.661600 33.441868 1534.984497
14989 19.276733 33.429485 1534.800415
14990 18.812080 33.657707 1534.318481
14991 18.044529 33.698128 1534.433228
14992 18.418175 33.938583 1533.762695
14993 19.116060 33.875813 1533.739258
14994 18.789171 34.238312 1533.095825
14995 19.552608 34.048935 1533.304565
14996 19.424879 34.359428 1532.762939
14997 18.900557 34.536991 1532.542358
14998 18.243923 34.560833 1532.606079
14999 17.981058 34.250633 1533.222656
15000 17.362194 34.586903 1532.699463
15001 17.289062 34.221867 1533.416992
15002 16.704031 34.488758 1532.996582
15003 16.046202 34.460751 1533.168579
15004 16.178421 34.743057 1532.580688
15005 15.672328 34.682083 1532.767700
15006 15.705835 34.942715 1532.243042
15007 16.336287 34.999374 1532.074097
15008 15.858993 35.286831 1531.565430
15009 16.569092 35.284615 1531.524536
15010 17.012339 34.962334 1532.068237
15011 17.287947 35.244419 1531.533569
15012 17.772099 34.912605 1532.060303
15013 18.047638 35.206276 1531.515381
15014 17.586054 35.532864 1530.983521
15015 16.832964 35.562092 1530.989136
15016 17.158476 35.835171 1530.438965
15017 16.605167 35.948627 1530.229370
15018 17.486256 36.091614 1529.878296
15019 16.621807 36.280602 1529.479492
15020 16.087156 36.143055 1529.798096
15021 15.809486 35.867527 1530.402588
15022 16.093765 35.578621 1530.989746
15023 15.391531 35.552635 1531.052002
15024 15.013470 35.829945 1530.453979
15025 14.734081 35.514313 1531.123657
15026 15.114504 35.232113 1531.703979
15027 14.411605 35.280540 1531.612915
15028 13.778814 35.356442 1531.429565
15029 14.006238 35.061577 1532.082275
15030 14.559582 34.957935 1532.289429
15031 14.052655 34.775932 1532.712891
15032 14.618477 34.563656 1533.145386
15033 14.023982 34.537300 1533.261597
15034 14.488918 34.295158 1533.793823
15035 13.875893 34.321938 1533.797241
15036 14.311901 34.130463 1534.236816
15037 15.135441 34.242199 1533.821533
15038 13.847082 34.113407 1534.336304
15039 13.867290 33.884125 1534.958862
15040 13.309201 34.060444 1534.520508
15041 13.281348 34.296352 1533.906006
15042 12.740379 34.205158 1534.164063
15043 12.661160 34.467690 1533.495483
15044 13.344521 34.563713 1533.239746
15045 12.596086 34.773239 1532.746338
15046 12.086273 34.585903 1533.195801
15047 12.043486 34.327042 1533.851440
15048 11.477739 34.540775 1533.278564
15049 11.698576 34.810604 1532.612061
15050 10.938264 34.744957 1532.692505
15051 11.028717 34.938316 1532.202393
15052 11.529349 35.037693 1532.018311
15053 10.876234 35.137299 1531.646729
15054 10.424243 34.885448 1532.219604
15055 9.955554 35.040256 1531.663696
15056 9.815899 34.830143 1532.201172
15057 10.287112 34.667240 1532.771851
15058 10.786165 34.490711 1533.329834
15059 10.066690 34.452862 1533.285645
15060 10.607650 34.258896 1533.899536
15061 11.286757 34.297100 1533.888184
15062 11.089697 34.042873 1534.518921
15063 10.455710 34.006084 1534.513550
15064 10.912003 33.812706 1535.075806
15065 11.556501 33.834019 1535.100952
15066 11.724250 34.067673 1534.509155
15067 12.164301 33.818737 1535.180786
15068 12.372181 34.048096 1534.578247
15069 12.736990 33.822151 1535.183960
15070 12.878276 34.003037 1534.693115
15071 13.333987 33.849220 1535.095581
15072 13.251554 33.641331 1535.684692
15073 13.857733 33.668034 1535.582031
15074 14.467071 33.469322 1536.144409
15075 13.775749 33.457359 1536.218018
15076 14.401803 33.323853 1536.622437
15077 14.964427 33.359856 1536.463013
15078 14.980887 33.193298 1537.060181
15079 14.407159 33.144318 1537.215698
15080 13.807463 33.283192 1536.747437
15081 13.769057 33.088985 1537.331177
15082 14.412801 32.914207 1537.953369
15083 15.023082 33.024925 1537.666992
15084 15.075019 32.861996 1538.235718
15085 14.777493 32.712273 1538.635376
15086 14.097305 32.679844 1538.561523
15087 13.643902 32.863689 1537.962158
15088 13.436334 32.621246 1538.541748
15089 13.011002 32.825214 1537.930542
15090 12.826902 32.558514 1538.521606
15091 12.484597 32.789551 1537.894165
15092 12.248433 32.492332 1538.493164
15093 11.898092 32.686142 1537.970459
15094 11.672105 32.413914 1538.462524
15095 11.314482 32.631973 1537.904541
15096 10.996185 32.349728 1538.338379
15097 10.821605 32.619701 1537.761841
15098 10.329814 32.466553 1537.866333
15099 10.463271 32.789032 1537.298950
15100 9.882128 32.671665 1537.309937
15101 10.114918 33.010201 1536.726929
15102 10.743373 33.072411 1536.791382
15103 10.489448 33.293686 1536.227173
15104 11.092335 33.332157 1536.284058
15105 10.713310 33.555775 1535.668945
15106 10.100585 33.509430 1535.628418
15107 9.775364 33.264286 1536.076294
15108 9.600928 33.439465 1535.635864
15109 9.692757 33.683155 1535.109253
15110 10.287439 33.765030 1535.071899
15111 9.793229 33.939587 1534.522827
15112 9.924199 34.202492 1533.898438
15113 9.249543 34.090801 1533.979980
15114 9.318680 34.390244 1533.226807
15115 8.547601 34.200809 1533.427734
15116 8.627061 34.462532 1532.753906
15117 8.023257 34.334049 1532.823730
15118 8.104671 34.564842 1532.210327
15119 8.660311 34.681919 1532.153687
15120 8.204931 34.813183 1531.543823
15121 8.789689 34.910934 1531.559448
15122 8.296902 35.036705 1530.937378
15123 7.677319 34.896225 1530.999023
15124 8.177942 35.192749 1530.406250
15125 7.667407 35.334255 1529.665894
15126 8.445141 35.446594 1529.774658
15127 8.273429 35.658089 1528.976196
15128 8.941049 35.601257 1529.552002
15129 9.151243 35.824505 1528.916016
15130 8.483892 35.870567 1528.334717
15131 7.743774 35.788342 1528.125854
15132 8.444221 36.024246 1527.664429
15133 7.831849 36.003880 1527.223877
15134 7.361822 36.034763 1526.515625
15135 6.439036 35.844093 1526.546997
15136 6.846455 36.013409 1525.894897
15137 6.295398 35.948524 1525.476318
15138 6.927044 36.091274 1525.310669
15139 6.356063 36.019680 1524.811279
15140 7.021796 36.160454 1524.697266
15141 6.478833 36.089069 1524.173706
15142 7.155305 36.225502 1524.104614
15143 6.645765 36.155502 1523.583984
15144 5.867062 36.014301 1523.618652
15145 6.220919 36.107143 1523.093750
15146 6.815637 36.215633 1522.993042
15147 6.264466 36.145546 1522.507202
15148 6.937638 36.260761 1522.383545
15149 6.413345 36.196117 1521.873779
15150 6.995856 36.284954 1521.849731
15151 6.645342 36.243973 1521.324829
15152 7.346266 36.341450 1521.453125
15153 7.024345 36.291996 1520.691040
15154 6.254238 36.201042 1520.701050
15155 5.950521 36.153595 1521.268311
15156 5.490640 36.114697 1520.615356
15157 5.996023 36.169750 1520.080322
15158 5.467315 36.114399 1519.971558
15159 4.932231 36.062038 1520.088623
15160 4.699048 36.025055 1520.801514
15161 5.215744 36.061523 1521.324463
15162 4.517441 35.981487 1521.375977
15163 4.979271 35.997353 1521.976563
15164 5.715239 36.094501 1521.943481
15165 5.489147 36.011234 1522.792480
15166 4.755823 35.935535 1522.469604
15167 4.792241 35.881866 1523.191162
15168 4.212761 35.841457 1522.822632
15169 4.193239 35.905846 1522.026367
15170 3.574250 35.804569 1522.490234
15171 3.610381 35.742016 1523.150757
15172 4.194479 35.776329 1523.478394
15173 3.607049 35.680199 1523.703735
15174 4.014151 35.679874 1524.158936
15175 3.260127 35.586472 1524.136353
15176 3.057478 35.641739 1523.528809
15177 2.423658 35.511555 1524.056885
15178 2.396078 35.618355 1523.237915
15179 3.053339 35.721272 1522.832886
15180 2.418162 35.699612 1522.542358
15181 2.995594 35.776634 1522.223267
15182 3.449948 35.847469 1521.845703
15183 2.922273 35.814194 1521.696045
15184 3.235756 35.866787 1521.276245
15185 3.865157 35.918407 1521.347900
15186 3.640550 35.927765 1520.713501
15187 4.181787 35.970661 1520.886719
15188 4.200963 35.991184 1520.203369
15189 3.481212 35.932510 1520.042969
15190 3.006718 35.880371 1520.616211
15191 2.829823 35.889149 1519.928589
15192 2.304542 35.842480 1520.436279
15193 2.507183 35.817547 1521.187744
15194 1.762852 35.795147 1520.877686
15195 1.559335 35.826466 1520.156616
15196 2.197485 35.860237 1519.801880
15197 1.706128 35.856522 1519.510620
15198 2.148238 35.871815 1519.332275
15199 1.806683 35.873882 1518.990967
15200 2.365250 35.886341 1518.911133
15201 1.972506 35.885658 1518.434570
15202 2.588959 35.894764 1518.366211
15203 2.163542 35.884914 1517.833008
15204 1.546805 35.888531 1517.880615
15205 1.274637 35.885307 1518.542725
15206 0.900585 35.897137 1517.863525
15207 0.549177 35.900291 1518.422241
15208 0.246906 35.907242 1517.802124
15209 0.620333 35.890739 1517.362427
15210 0.082395 35.886116 1517.150391
15211 -0.494843 35.911922 1517.641235
15212 -0.155958 35.917896 1518.345093
15213 -0.808017 35.930176 1518.326294
15214 -0.533894 35.916210 1518.959229
15215 0.175380 35.895462 1518.956787
15216 -0.119660 35.875698 1519.560913
15217 0.508666 35.860088 1519.543091
15218 0.844495 35.877953 1519.003418
15219 1.152710 35.848480 1519.607544
15220 1.358767 35.867081 1519.151489
15221 0.913090 35.822678 1520.113281
15222 1.242404 35.797699 1520.574463
15223 0.756332 35.792404 1520.590454
15224 0.319849 35.829891 1520.110474
15225 0.173345 35.791908 1520.661743
15226 0.673598 35.746506 1521.189453
15227 1.254801 35.765514 1521.063354
15228 1.225164 35.716564 1521.671509
15229 1.853957 35.759571 1521.472168
15230 1.841722 35.700947 1522.149902
15231 2.426468 35.761219 1521.898438
15232 1.786893 35.626545 1522.818848
15233 1.182103 35.651958 1522.326904
15234 1.096078 35.577015 1522.953979
15235 1.623555 35.520935 1523.570801
15236 0.917378 35.504749 1523.461304
15237 0.967112 35.416313 1524.075073
15238 1.676219 35.418907 1524.288086
15239 1.266833 35.316864 1524.764526
15240 2.083821 35.355515 1524.878174
15241 2.917726 35.462105 1524.750000
15242 2.705246 35.342159 1525.362793
15243 3.447409 35.439747 1525.388306
15244 3.625816 35.556732 1524.734131
15245 3.984292 35.551037 1525.191650
15246 4.154768 35.628517 1524.784668
15247 4.629468 35.725437 1524.591919
15248 4.692013 35.802498 1523.915649
15249 5.217489 35.839085 1524.439819
15250 5.357034 35.924240 1523.703857
15251 5.839724 35.962933 1524.275513
15252 5.745759 35.887951 1524.971680
15253 5.126038 35.760448 1525.087036
15254 5.645452 35.790455 1525.722900
15255 5.778090 35.721226 1526.462891
15256 5.269014 35.653481 1526.209473
15257 4.894124 35.642826 1525.735474
15258 4.703327 35.522247 1526.331055
15259 5.204926 35.551144 1526.776611
15260 4.600115 35.393467 1526.955322
15261 4.417695 35.226196 1527.571655
15262 3.934479 35.248753 1527.017700
15263 4.083422 35.384937 1526.438599
15264 3.474300 35.267727 1526.475708
15265 3.650615 35.379463 1526.000366
15266 4.172135 35.503555 1525.774780
15267 3.141117 35.313736 1525.901123
15268 2.905449 35.180477 1526.444214
15269 3.312937 35.143154 1526.972778
15270 2.765768 35.074772 1526.865723
15271 2.293682 35.080658 1526.510986
15272 2.496296 35.216766 1525.938965
15273 1.813194 35.121204 1526.036255
15274 2.134525 35.254925 1525.497192
15275 1.538001 35.230511 1525.343750
15276 1.251130 35.095238 1525.931885
15277 0.739162 35.209160 1525.221313
15278 0.578362 35.055325 1525.932495
15279 1.134701 34.951500 1526.545410
15280 1.755523 35.016018 1526.515259
15281 1.718426 34.875572 1527.114380
15282 2.300789 34.972252 1527.019165
15283 2.271328 34.820236 1527.642944
15284 2.963391 34.972752 1527.468018
15285 2.845191 34.779270 1528.161255
15286 3.384565 34.925201 1527.970581
15287 3.706973 35.076633 1527.601685
15288 4.025274 34.977089 1528.247681
15289 3.353379 34.772701 1528.517212
15290 3.806572 34.715050 1529.017334
15291 3.191702 34.554119 1529.167725
15292 3.574727 34.517258 1529.525635
15293 3.055436 34.330921 1529.815552
15294 3.640419 34.392929 1529.972168
15295 4.085728 34.380470 1530.293701
15296 3.328272 34.150150 1530.564453
15297 4.012122 34.149914 1530.999268
15298 3.510286 33.951416 1531.316895
15299 2.931237 33.928692 1531.013184
15300 2.931517 33.708916 1531.683960
15301 2.332808 33.649338 1531.454590
15302 2.357979 33.426384 1532.101074
15303 2.984795 33.502422 1532.315674
15304 3.548142 33.759693 1531.937866
15305 3.576027 33.574341 1532.497192
15306 3.130002 33.324696 1532.882813
15307 3.608846 33.404144 1532.974609
15308 4.097940 33.594875 1532.762695
15309 4.121601 33.776798 1532.251831
15310 4.678400 33.728672 1532.732544
15311 4.744327 33.971054 1532.040283
15312 4.142734 33.976376 1531.644043
15313 5.283439 33.876682 1532.653076
15314 5.326233 34.066467 1532.098022
15315 5.234318 33.621178 1533.341431
15316 5.824142 33.527027 1533.881348
15317 5.204302 33.381721 1533.913086
15318 5.774075 33.267735 1534.438110
15319 5.158833 33.100254 1534.491577
15320 5.721328 32.984093 1534.972900
15321 5.171166 32.816673 1535.029907
15322 5.648301 32.677742 1535.479126
15323 6.052523 32.463284 1536.001343
15324 5.553463 32.402149 1535.883301
15325 5.135584 32.511192 1535.530396
15326 5.162123 32.183285 1536.052612
15327 4.623543 32.302071 1535.640503
15328 4.700010 32.620823 1535.156128
15329 4.137106 32.496990 1535.110840
15330 4.112523 32.038788 1535.831421
15331 4.670182 31.946529 1536.200806
15332 4.140726 31.585342 1536.511963
15333 3.557903 31.727875 1536.071777
15334 3.564640 31.323610 1536.659302
15335 2.953017 31.419123 1536.285278
15336 2.962314 31.836149 1535.665283
15337 3.526034 32.151417 1535.405762
15338 2.935190 32.219212 1535.034546
15339 3.484562 32.524540 1534.760498
15340 2.899081 32.538540 1534.451538
15341 2.375825 32.310787 1534.615845
15342 2.346738 31.926947 1535.263062
15343 1.772186 32.039150 1534.813965
15344 1.820116 32.384621 1534.193726
15345 2.459420 32.679459 1533.947510
15346 1.783589 32.657688 1533.605713
15347 2.249193 32.894764 1533.362549
15348 1.773360 32.910435 1533.019775
15349 1.209821 32.672493 1533.201538
15350 1.211118 32.913528 1532.615845
15351 1.786748 33.153744 1532.423096
15352 1.233596 33.153568 1532.017212
15353 1.801340 33.397900 1531.785889
15354 1.282453 33.407959 1531.380859
15355 1.799136 33.593933 1531.242432
15356 1.397800 33.694695 1530.688232
15357 0.703140 33.418888 1530.929932
15358 0.697602 33.161327 1531.584717
15359 0.138343 33.144554 1531.189087
15360 0.121173 33.414745 1530.520020
15361 0.614384 33.693501 1530.170654
15362 0.000455 33.596722 1530.007324
15363 0.079249 33.804153 1529.565186
15364 -0.387268 33.630142 1529.678955
15365 -0.459372 33.399048 1530.141724
15366 -1.003429 33.469597 1529.613770
15367 -1.046452 33.138966 1530.273926
15368 -1.629162 33.146214 1529.810303
15369 -1.671304 33.440342 1529.204712
15370 -1.211638 33.688511 1529.030518
15371 -1.696505 33.734695 1528.622925
15372 -1.125445 33.946266 1528.553345
15373 -0.573011 33.834209 1529.114624
15374 -0.517331 34.141083 1528.451538
15375 -1.069278 34.232979 1527.961670
15376 -0.489629 34.391441 1527.850342
15377 -1.036362 34.500580 1527.333252
15378 -0.428218 34.618073 1527.251953
15379 -1.107616 34.687016 1526.795532
15380 -1.628166 34.555298 1526.902466
15381 -1.565127 34.759438 1526.377441
15382 -0.977606 34.867260 1526.282959
15383 -1.288688 34.999298 1525.718750
15384 -2.117301 34.804806 1525.938354
15385 -2.156703 34.619778 1526.425659
15386 -2.698068 34.676163 1525.892944
15387 -2.572588 34.983730 1525.070190
15388 -3.262062 34.659153 1525.457153
15389 -3.147062 34.472923 1526.032837
15390 -2.710565 34.437881 1526.477661
15391 -3.260919 34.239105 1526.460938
15392 -2.749804 34.194778 1526.978516
15393 -2.194888 34.384212 1526.970337
15394 -1.610307 34.310238 1527.496704
15395 -2.226707 34.123425 1527.506714
15396 -1.645708 34.039932 1528.051758
15397 -2.288841 33.786381 1528.116455
15398 -2.279209 33.442360 1528.756348
15399 -2.981957 33.431309 1528.226563
15400 -2.792413 33.089352 1528.994873
15401 -2.204418 33.139729 1529.373901
15402 -2.625446 32.870033 1529.543335
15403 -3.277961 32.706127 1529.296021
15404 -3.496739 33.004902 1528.557251
15405 -3.988137 32.679672 1528.724487
15406 -4.047739 32.988960 1528.105713
15407 -3.599561 33.265083 1528.004883
15408 -4.025484 33.297550 1527.571289
15409 -3.451470 33.584301 1527.562866
15410 -3.942448 33.645622 1527.012817
15411 -3.343558 33.942307 1526.991455
15412 -2.818650 33.897747 1527.510498
15413 -3.877049 33.981209 1526.423828
15414 -3.744820 34.309383 1525.847900
15415 -4.379226 33.948589 1525.978149
15416 -4.432578 33.665432 1526.499146
15417 -4.861356 33.657772 1526.062622
15418 -5.014573 33.372391 1526.473389
15419 -5.516829 33.430462 1525.800659
15420 -5.676266 33.021687 1526.467773
15421 -5.130530 33.003513 1527.067139
15422 -4.527359 33.331951 1527.040649
15423 -4.629929 32.962654 1527.623779
15424 -5.161726 32.698898 1527.616821
15425 -4.587763 32.683655 1528.179199
15426 -5.163476 32.418163 1528.157104
15427 -4.577838 32.357368 1528.812378
15428 -3.964844 32.359684 1529.360352
15429 -4.632473 32.016254 1529.462158
15430 -3.944912 32.066586 1529.990356
15431 -3.348611 32.348801 1529.941772
15432 -2.729049 32.602970 1529.979980
15433 -2.809505 32.316414 1530.514038
15434 -2.216493 32.578217 1530.490112
15435 -2.183669 32.853596 1529.945923
15436 -1.635579 32.848339 1530.418213
15437 -1.632668 32.582165 1531.013550
15438 -1.034660 32.843838 1530.939331
15439 -0.451594 33.124626 1530.770020
15440 -0.373262 32.834389 1531.531006
15441 0.233198 32.950726 1531.751099
15442 0.128209 32.735580 1532.211426
15443 0.671081 32.922665 1532.177490
15444 0.657752 32.701813 1532.726440
15445 0.099147 32.499523 1532.785889
15446 0.644591 32.451096 1533.324097
15447 1.219946 32.421032 1533.774292
15448 0.648784 32.216297 1533.853394
15449 1.215480 32.135494 1534.354004
15450 0.613978 31.915747 1534.439941
15451 1.154411 31.798252 1534.936646
15452 1.705556 31.654839 1535.424072
15453 1.026466 31.407980 1535.506470
15454 1.606130 31.187744 1536.077881
15455 2.338544 31.496132 1535.928589
15456 2.335040 31.108444 1536.481934
15457 2.945830 30.980869 1536.895386
15458 2.428225 30.733280 1537.022583
15459 3.004607 30.591112 1537.430786
15460 3.547853 30.865969 1537.279175
15461 4.183021 31.167608 1537.112671
15462 4.119209 30.697561 1537.709717
15463 4.729691 30.954746 1537.604004
15464 4.842111 31.465794 1536.958008
15465 5.426352 31.491489 1537.156128
15466 5.289502 31.836206 1536.615112
15467 5.731102 32.123684 1536.381958
15468 5.857170 31.757948 1536.965088
15469 4.588062 30.408840 1538.231201
15470 3.949777 30.289532 1538.149780
15471 4.112618 29.945026 1538.592163
15472 4.727927 29.912640 1538.822632
15473 5.309562 29.769209 1539.138184
15474 4.821468 29.461794 1539.276733
15475 5.327664 29.300915 1539.547241
15476 4.912982 29.045053 1539.642456
15477 4.285119 29.024145 1539.504761
15478 4.734571 28.640171 1539.895264
15479 5.301705 28.807335 1539.904541
15480 5.234565 28.294891 1540.214966
15481 5.791793 28.495491 1540.210938
15482 5.717914 28.009581 1540.464600
15483 6.257217 28.135460 1540.511353
15484 5.263464 27.755421 1540.514282
15485 4.644343 28.088398 1540.228638
15486 4.664882 27.565449 1540.520874
15487 4.071791 27.963898 1540.200684
15488 4.141485 28.510330 1539.857178
15489 3.523391 28.336332 1539.838013
15490 3.489151 27.769024 1540.209595
15491 2.891022 28.090330 1539.854614
15492 2.944984 28.665087 1539.428345
15493 2.297102 28.407658 1539.433350
15494 2.358923 28.969479 1538.966919
15495 2.980581 29.205687 1538.963623
15496 2.369610 29.473518 1538.477051
15497 2.960895 29.702110 1538.458008
15498 2.358468 29.939756 1537.964966
15499 1.756065 29.717249 1537.968262
15500 1.743496 30.203611 1537.404907
15501 2.419503 30.350481 1537.503906
15502 1.994094 30.539009 1537.098145
15503 1.539765 30.522760 1536.931030
15504 1.097345 30.335428 1536.972534
15505 1.139692 29.930880 1537.464478
15506 0.563417 30.120186 1536.993042
15507 0.555476 29.677084 1537.489624
15508 -0.036423 29.853825 1537.028564
15509 0.059545 30.319407 1536.530396
15510 -0.551576 30.042215 1536.578735
15511 -0.457971 30.545717 1536.005371
15512 -1.083323 30.164270 1536.181885
15513 -1.119742 30.565725 1535.644531
15514 -1.674523 30.200502 1535.846313
15515 -1.740363 30.550972 1535.325317
15516 -2.252714 30.220619 1535.519531
15517 -2.329973 30.511971 1535.039429
15518 -2.725283 30.246183 1535.223267
15519 -2.779167 29.926777 1535.664185
15520 -2.241012 29.883427 1535.983521
15521 -2.816685 29.579960 1536.116943
15522 -3.368115 29.652296 1535.772217
15523 -3.253840 30.053026 1535.231201
15524 -3.896855 29.761009 1535.357788
15525 -3.985602 29.340393 1535.948364
15526 -3.424732 29.241751 1536.306519
15527 -3.961910 28.925592 1536.520142
15528 -3.448945 28.939743 1536.681030
15529 -3.838578 28.539179 1537.041138
15530 -4.512373 28.557718 1536.812744
15531 -4.566428 28.986893 1536.223389
15532 -5.236786 28.610348 1536.519409
15533 -5.047828 29.029047 1535.987305
15534 -5.603858 28.915266 1535.956177
15535 -6.056939 28.500343 1536.422119
15536 -6.281178 28.879045 1535.767334
15537 -6.861728 28.468025 1536.229492
15538 -6.902365 28.926598 1535.448120
15539 -7.405297 28.667179 1535.723267
15540 -7.398583 29.011597 1535.069702
15541 -6.830950 29.292992 1534.764404
15542 -7.394023 29.315210 1534.405273
15543 -7.929788 29.049955 1534.729614
15544 -7.974081 29.315704 1534.049561
15545 -8.584944 29.035370 1534.410400
15546 -8.346887 28.832487 1535.020264
15547 -7.908060 28.760660 1535.358154
15548 -8.465866 28.562351 1535.541870
15549 -8.033907 28.429388 1535.935669
15550 -7.615459 28.239782 1536.368652
15551 -8.273445 28.077791 1536.459595
15552 -7.935443 27.808638 1536.928589
15553 -8.584569 27.711020 1536.950684
15554 -8.288771 27.400005 1537.403687
15555 -7.626810 27.471817 1537.416626
15556 -7.246540 27.928265 1536.909302
15557 -6.939637 27.528748 1537.473755
15558 -7.298762 27.110586 1537.872192
15559 -8.025471 27.020380 1537.867554
15560 -7.745094 26.560122 1538.340820
15561 -6.576325 27.163811 1537.940552
15562 -6.256639 26.823814 1538.328857
15563 -5.807631 27.211855 1538.041870
15564 -5.763921 26.718464 1538.516113
15565 -5.203809 26.984558 1538.384033
15566 -5.175772 27.390205 1537.991821
15567 -4.648725 27.282410 1538.212891
15568 -4.785520 27.715828 1537.734009
15569 -5.464455 27.701111 1537.592407
15570 -5.020626 28.127506 1537.203125
15571 -4.301923 28.133425 1537.385742
15572 -4.132555 27.686934 1537.916992
15573 -3.550733 28.124029 1537.596680
15574 -3.158010 28.612223 1537.166992
15575 -2.763556 28.334316 1537.594849
15576 -2.434955 28.750826 1537.251587
15577 -2.774254 29.141787 1536.681641
15578 -1.977150 29.136238 1536.992432
15579 -2.160727 29.504805 1536.492065
15580 -1.484131 29.489687 1536.796509
15581 -1.600966 29.819235 1536.360352
15582 -1.098653 29.810543 1536.598633
15583 -0.740878 29.537628 1537.064819
15584 -1.305404 29.106184 1537.292358
15585 -0.657173 29.034340 1537.636597
15586 -0.043403 29.381475 1537.540771
15587 0.034795 28.887245 1538.082520
15588 0.580814 29.204512 1538.002197
15589 1.164695 29.475943 1537.976074
15590 1.168050 28.976952 1538.486450
15591 1.766709 29.239586 1538.476318
15592 1.729829 28.722599 1538.956299
15593 1.131670 28.484350 1538.932251
15594 1.635348 28.165020 1539.400513
15595 2.189656 27.738119 1539.910889
15596 1.394159 27.570150 1539.779053
15597 1.763837 27.127640 1540.209351
15598 2.350352 27.081047 1540.393066
15599 2.876765 27.497232 1540.251953
15600 2.874088 26.810385 1540.658691
15601 3.491663 27.158909 1540.566895
15602 4.064412 27.393520 1540.525391
15603 4.020960 26.780346 1540.827271
15604 3.415929 26.449457 1540.920776
15605 3.987971 26.272289 1541.052246
15606 2.392640 26.536181 1540.724365
15607 1.978753 26.661777 1540.563232
15608 1.443475 26.518148 1540.518677
15609 1.056538 26.963043 1540.107422
15610 0.789699 26.340292 1540.450684
15611 0.257189 26.779932 1539.973145
15612 0.716288 27.396393 1539.670898
15613 0.201363 27.414413 1539.467041
15614 -0.489598 26.930609 1539.599121
15615 -0.589852 27.594978 1539.017700
15616 0.153795 28.006746 1538.953857
15617 -0.574320 28.046608 1538.626221
15618 0.042974 28.419373 1538.536011
15619 0.574545 28.265318 1538.898071
15620 0.595843 28.709278 1538.499023
15621 1.015658 27.973963 1539.324097
15622 0.530512 27.821192 1539.261108
15623 -0.576554 28.544332 1538.159790
15624 -1.125953 28.200634 1538.274292
15625 -1.222365 27.626137 1538.765137
15626 -1.735182 27.917017 1538.328857
15627 -1.713520 28.381908 1537.886475
15628 -1.196836 28.673899 1537.784546
15629 -1.802778 28.762875 1537.463867
15630 -2.193480 28.476950 1537.625977
15631 -2.222476 28.126638 1537.972534
15632 -2.858112 27.898115 1538.017212
15633 -2.309293 27.702705 1538.356445
15634 -1.848699 27.507998 1538.667969
15635 -2.313638 27.231951 1538.782959
15636 -1.750733 27.111338 1539.041382
15637 -1.207717 27.015615 1539.288452
15638 -1.677238 26.631029 1539.459351
15639 -2.315871 26.751219 1539.192017
15640 -2.251428 26.237438 1539.621094
15641 -1.690704 26.095129 1539.877197
15642 -1.064844 26.463943 1539.774048
15643 -1.141632 25.881512 1540.191162
15644 -0.506576 26.295603 1540.077026
15645 -0.575046 25.677099 1540.499390
15646 -1.129600 25.314779 1540.596313
15647 -1.819775 25.474089 1540.303223
15648 -1.624071 24.868681 1540.764282
15649 -2.318508 24.897970 1540.569092
15650 -2.567000 25.402262 1540.166382
15651 -3.032801 24.938839 1540.362183
15652 -3.242624 25.444866 1539.979614
15653 -3.905314 25.536123 1539.772827
15654 -3.368034 25.958555 1539.585571
15655 -4.005716 26.076769 1539.369141
15656 -4.514854 25.686537 1539.545532
15657 -4.600094 26.243826 1539.127197
15658 -5.231508 26.451994 1538.842773
15659 -4.641642 26.784990 1538.675415
15660 -4.028848 26.638308 1538.920166
15661 -4.053562 27.166582 1538.448242
15662 -3.474325 27.563997 1538.194458
15663 -3.431825 27.046913 1538.686890
15664 -2.861444 27.395008 1538.499390
15665 -2.852768 26.886515 1538.952026
15666 -2.828045 26.363707 1539.387695
15667 -3.386931 26.500269 1539.160522
15668 -2.756107 25.857456 1539.793457
15669 -2.221456 25.807245 1539.957275
15670 -2.803579 24.428862 1540.724243
15671 -3.225580 24.110401 1540.775269
15672 -2.703709 23.901949 1541.021973
15673 -3.338733 23.650667 1540.945313
15674 -2.832160 23.396511 1541.193237
15675 -2.157136 23.647669 1541.281006
15676 -2.068918 24.267851 1541.006592
15677 -1.503562 23.855013 1541.346436
15678 -1.297683 24.406300 1541.116089
15679 -1.062528 24.852169 1540.912598
15680 -0.667610 24.576624 1541.163208
15681 -0.595200 25.106432 1540.869873
15682 -0.144604 24.804176 1541.151489
15683 -0.140918 24.252403 1541.429077
15684 0.594487 24.647259 1541.372192
15685 0.376973 25.148123 1541.073486
15686 -0.039572 25.396191 1540.828857
15687 0.560911 25.693438 1540.798706
15688 0.085193 26.040890 1540.442261
15689 0.515440 23.832161 1541.695313
15690 1.206658 23.693108 1541.806274
15691 0.862365 23.182837 1541.915527
15692 1.556746 23.241629 1541.937256
15693 1.937554 22.673922 1542.039185
15694 0.134488 23.122086 1541.869751
15695 -0.319993 23.622692 1541.659058
15696 -0.583612 23.008663 1541.813721
15697 -0.877469 22.412451 1541.900391
15698 -1.230225 22.896671 1541.739990
15699 -1.014562 23.462465 1541.604126
15700 -1.625995 23.291679 1541.542480
15701 -1.809243 22.774042 1541.652832
15702 -1.564888 22.350027 1541.791626
15703 -2.288758 22.453585 1541.605591
15704 -2.256904 23.096941 1541.454102
15705 -2.985944 22.714895 1541.349976
15706 -2.882502 22.228670 1541.477661
15707 -3.482525 23.060768 1541.104736
15708 -0.827147 24.033754 1541.404175
15709 -3.844149 23.503008 1540.847778
15710 -5.784252 28.097870 1537.040527
15711 -6.181743 27.627321 1537.515869
15712 -6.510969 28.014402 1536.967163
15713 -8.549478 26.542667 1538.293335
15714 -8.595712 27.023485 1537.809204
15715 -9.131514 26.848904 1537.970093
15716 -8.932604 27.293512 1537.465332
15717 -9.685805 27.179091 1537.571045
15718 -9.737236 26.649117 1538.184204
15719 -10.333612 26.832846 1538.014771
15720 -10.534855 27.269335 1537.458984
15721 -10.989377 26.950169 1537.936401
15722 -11.305181 27.367125 1537.368164
15723 -11.572408 27.031023 1537.909546
15724 -11.537246 26.605686 1538.436401
15725 -12.153773 26.938337 1538.135986
15726 -12.013865 27.268435 1537.624756
15727 -12.622389 27.213810 1537.816772
15728 -12.493099 27.475533 1537.349731
15729 -11.908774 27.575382 1537.074219
15730 -12.370321 27.727234 1536.829712
15731 -11.962976 27.864847 1536.475952
15732 -12.589446 27.948353 1536.331299
15733 -12.882865 27.730032 1536.901123
15734 -13.229324 27.988297 1536.308594
15735 -13.582978 27.729298 1537.008423
15736 -13.914603 27.998020 1536.366821
15737 -14.306443 27.820257 1536.871094
15738 -14.066290 27.513451 1537.505737
15739 -14.681485 27.603241 1537.360718
15740 -15.008156 27.843777 1536.820313
15741 -15.328670 27.631289 1537.276245
15742 -15.649737 27.830410 1536.784546
15743 -15.938363 27.580416 1537.290405
15744 -16.273819 27.766499 1536.798340
15745 -16.536282 27.450916 1537.394043
15746 -16.123337 27.188065 1537.939087
15747 -15.675801 27.324772 1537.798340
15748 -15.632228 26.993301 1538.302734
15749 -15.127820 27.257212 1537.963745
15750 -15.032077 26.884542 1538.502197
15751 -15.504332 26.567125 1538.844116
15752 -16.131409 26.715574 1538.576660
15753 -15.969042 26.248981 1539.109619
15754 -16.599642 26.371424 1538.858032
15755 -16.416464 25.885101 1539.357666
15756 -17.050905 25.963179 1539.131958
15757 -17.279911 26.442650 1538.588867
15758 -17.714216 25.985186 1538.902100
15759 -17.989567 26.429960 1538.343872
15760 -18.352381 25.924168 1538.718018
15761 -18.622601 26.233736 1538.289795
15762 -19.343277 25.871138 1538.335083
15763 -19.049513 26.454363 1537.825073
15764 -19.912329 26.105448 1537.794067
15765 -19.563118 26.620604 1537.310425
15766 -20.331898 26.342812 1537.250488
15767 -20.735367 25.709444 1537.819946
15768 -21.029886 26.092558 1537.178589
15769 -21.341778 25.614689 1537.614746
15770 -21.357330 25.166281 1538.104980
15771 -21.879885 25.336008 1537.666260
15772 -21.959337 24.744431 1538.292358
15773 -21.294746 24.590605 1538.714722
15774 -20.750738 25.057535 1538.483032
15775 -21.230701 24.082853 1539.234741
15776 -21.966434 24.139301 1538.942993
15777 -21.899122 23.695457 1539.453857
15778 -21.324772 23.653929 1539.643921
15779 -22.441183 23.385166 1539.703247
15780 -22.555513 23.773178 1539.185913
15781 -23.074751 23.507616 1539.392700
15782 -23.261646 23.830469 1538.885498
15783 -24.131029 23.513363 1539.053589
15784 -23.660742 23.246187 1539.620361
15785 -24.339615 23.136175 1539.610474
15786 -24.035545 22.863514 1540.150879
15787 -23.442940 22.816416 1540.331543
15788 -22.987558 23.084452 1540.008545
15789 -22.931852 22.739325 1540.504395
15790 -23.823849 22.505299 1540.759644
15791 -24.598520 22.516804 1540.625122
15792 -25.280966 22.370296 1540.729126
15793 -25.107410 22.683264 1540.197266
15794 -24.584892 22.839350 1540.062866
15795 -24.942795 23.010420 1539.628174
15796 -24.717003 23.351980 1539.090332
15797 -25.403097 23.171469 1539.107788
15798 -25.251228 23.514940 1538.528198
15799 -24.599407 23.723635 1538.502930
15800 -25.131273 23.876167 1537.950562
15801 -25.748501 23.648550 1537.955933
15802 -25.586880 24.017805 1537.382080
15803 -26.236252 23.747738 1537.365479
15804 -26.069696 24.149788 1536.718506
15805 -25.125448 24.465023 1536.948853
15806 -25.479361 24.692904 1536.233154
15807 -26.232567 24.426893 1535.984985
15808 -26.743687 23.988504 1536.327881
15809 -26.662527 23.777491 1536.882690
15810 -26.973063 23.415770 1537.373169
15811 -26.372688 23.413614 1537.958008
15812 -26.938641 23.138853 1538.089111
15813 -26.454611 23.119535 1538.552612
15814 -25.875572 23.288202 1538.594604
15815 -26.897379 22.918037 1538.684326
15816 -26.848084 24.225002 1535.651001
15817 -27.295864 24.073404 1535.333862
15818 -27.024883 24.330242 1535.118530
15819 -27.458811 24.187864 1534.707397
15820 -26.853832 24.625780 1534.592896
15821 -27.210609 24.564575 1534.021118
15822 -27.516968 24.491379 1533.392822
15823 -26.968847 24.850887 1533.422119
15824 -27.215906 24.767494 1532.838623
15825 -26.640144 25.112282 1532.843750
15826 -26.941776 24.947239 1532.252930
15827 -27.391129 24.670137 1532.367432
15828 -27.295858 24.699244 1531.846924
15829 -26.726103 24.971880 1531.510986
15830 -27.182043 24.638533 1531.194580
15831 -26.449020 24.956907 1530.989258
15832 -26.095755 25.268946 1531.503540
15833 -26.352198 25.253124 1532.130127
15834 -25.727446 25.526442 1532.083130
15835 -25.399662 25.551683 1531.566040
15836 -25.325066 25.385689 1530.986084
15837 -24.700712 25.755186 1531.495605
15838 -25.083817 25.758768 1532.015259
15839 -24.565338 25.971949 1532.279053
15840 -24.650904 25.988537 1532.718384
15841 -24.054422 26.188599 1532.693970
15842 -24.398973 26.081509 1533.333984
15843 -23.824417 26.284729 1533.419434
15844 -23.521725 26.380463 1532.999878
15845 -23.562681 26.268970 1532.244263
15846 -24.094160 26.028746 1531.852417
15847 -23.489641 26.028036 1531.365479
15848 -22.990938 26.345669 1531.924194
15849 -22.607639 26.105087 1531.084839
15850 -23.090286 25.789776 1530.690796
15851 -23.770315 25.617899 1530.644775
15852 -24.112368 25.797070 1531.172363
15853 -24.537241 25.499931 1530.751953
15854 -24.230808 25.213432 1530.162476
15855 -23.263264 25.342724 1530.085938
15856 -22.965179 24.836414 1529.453613
15857 -22.617451 25.433861 1530.040527
15858 -22.203165 25.121943 1529.591187
15859 -22.320446 24.551086 1529.081909
15860 -22.326969 23.948839 1528.626099
15861 -21.736502 24.316975 1528.773071
15862 -21.762600 23.721838 1528.363037
15863 -21.140923 24.095787 1528.446655
15864 -21.147682 23.499414 1528.048340
15865 -20.554205 23.886131 1528.073364
15866 -20.523109 23.271965 1527.639282
15867 -20.117151 23.714521 1527.724731
15868 -19.977861 23.385698 1527.388916
15869 -19.643057 23.792995 1527.472412
15870 -19.058969 23.851856 1526.992065
15871 -19.227009 24.305691 1527.628174
15872 -18.808554 24.363068 1527.300781
15873 -18.486691 24.303719 1526.818115
15874 -18.623177 23.779978 1526.304321
15875 -18.836359 23.239670 1525.982544
15876 -18.464640 23.575083 1525.663940
15877 -18.698206 23.013174 1525.420776
15878 -18.182501 24.066114 1525.836426
15879 -18.224945 24.272633 1526.325439
15880 -17.810434 24.564924 1525.955322
15881 -17.858030 24.814575 1526.661743
15882 -17.237583 25.364815 1526.702759
15883 -17.622274 25.349525 1527.375244
15884 -17.049398 25.679586 1527.199707
15885 -17.060299 25.882397 1527.730713
15886 -16.404774 26.356684 1527.976440
15887 -17.058901 26.152216 1528.351196
15888 -17.621374 25.710041 1528.077515
15889 -17.609451 26.072712 1528.731079
15890 -17.059238 26.412909 1528.908569
15891 -17.603237 26.401180 1529.322388
15892 -17.010160 26.676287 1529.415527
15893 -16.615501 26.679520 1529.066895
15894 -16.489666 26.535334 1528.575562
15895 -16.044949 26.900568 1528.987915
15896 -16.487608 26.903004 1529.472412
15897 -15.919865 27.149920 1529.533569
15898 -16.433977 27.146509 1530.021729
15899 -15.827537 27.409178 1530.174316
15900 -15.280560 27.451420 1529.665283
15901 -15.465384 27.150860 1528.933716
15902 -14.869180 27.533308 1529.313232
15903 -14.308331 27.730595 1528.972534
15904 -14.263970 27.882139 1529.648926
15905 -13.731105 28.089142 1529.389893
15906 -13.758775 28.167475 1530.034180
15907 -13.093256 28.440420 1529.823975
15908 -13.118643 28.375933 1529.177490
15909 -13.710413 28.009747 1528.713989
15910 -13.117255 28.329620 1528.524902
15911 -12.537722 28.676601 1528.973511
15912 -12.583014 28.641901 1528.330933
15913 -11.999296 28.977779 1528.803833
15914 -12.005504 29.006718 1528.127319
15915 -12.583182 28.651011 1527.660889
15916 -12.010336 29.061506 1527.414185
15917 -12.575773 28.699371 1526.978394
15918 -11.979725 29.201929 1526.619995
15919 -12.585179 28.767113 1526.394165
15920 -12.255474 29.139809 1525.925415
15921 -11.718037 29.599144 1525.906738
15922 -12.013990 29.509289 1525.450439
15923 -12.445199 29.163441 1525.319336
15924 -12.846642 28.661690 1525.813232
15925 -12.901375 28.802706 1525.144653
15926 -13.277271 28.416481 1525.280029
15927 -13.384106 28.194254 1525.922729
15928 -13.765727 27.961027 1525.407959
15929 -13.654140 28.237122 1524.719116
15930 -13.215870 28.696531 1524.644897
15931 -13.654809 28.540421 1524.035034
15932 -13.182685 29.086790 1524.019775
15933 -12.715330 29.219931 1524.622314
15934 -12.818150 29.571226 1523.946045
15935 -13.317463 29.428827 1523.445801
15936 -13.666073 28.985001 1523.417480
15937 -13.860637 29.320017 1522.912476
15938 -14.111661 28.395597 1523.433350
15939 -14.127170 27.986429 1524.146851
15940 -13.527478 29.803909 1522.958862
15941 -12.985190 29.892645 1523.438599
15942 -13.229484 30.443037 1522.892578
15943 -12.545085 30.593153 1523.351685
15944 -13.023811 31.084539 1522.760620
15945 -12.385217 31.302145 1523.035522
15946 -12.812711 31.720186 1522.635864
15947 -12.239749 31.840353 1522.826538
15948 -12.589352 32.264820 1522.517944
15949 -13.178025 32.210098 1522.387817
15950 -12.859352 32.750126 1522.318481
15951 -13.513804 32.752724 1522.259766
15952 -13.805680 32.142830 1522.276489
15953 -13.421900 31.646830 1522.431396
15954 -14.131759 31.528242 1522.232300
15955 -13.610591 30.991329 1522.482056
15956 -14.128639 30.855419 1522.273438
15957 -13.824120 30.371801 1522.512573
15958 -14.448351 30.351280 1522.164063
15959 -14.084658 29.757694 1522.505615
15960 -14.619999 31.084450 1522.099121
15961 -15.077051 30.635529 1521.928101
15962 -15.226981 31.305853 1521.998901
15963 -14.846301 31.631767 1522.102417
15964 -14.551443 32.141197 1522.187622
15965 -15.319084 32.059517 1522.154907
15966 -14.990093 32.757504 1522.277344
15967 -15.675698 32.753708 1522.353394
15968 -16.084900 32.246975 1522.250488
15969 -16.343493 32.842266 1522.487427
15970 -15.939754 33.354794 1522.561890
15971 -16.730478 33.468472 1522.782104
15972 -16.991409 32.836037 1522.602295
15973 -17.497879 33.308872 1522.888672
15974 -17.625441 32.745487 1522.655884
15975 -18.196791 33.110519 1522.893799
15976 -18.127136 32.576862 1522.612427
15977 -18.426678 32.142456 1522.366821
15978 -17.825087 32.171253 1522.380127
15979 -17.135120 32.259621 1522.367554
15980 -18.539000 33.534172 1523.115479
15981 -16.624550 32.408680 1522.371216
15982 -16.680244 34.185646 1522.973633
15983 -16.208391 33.992294 1522.793335
15984 -16.010292 34.373001 1522.812988
15985 -16.542500 34.780968 1523.050781
15986 -15.853235 34.926136 1522.846313
15987 -16.440884 35.389400 1523.097290
15988 -15.758717 35.523361 1522.871948
15989 -15.185379 35.007088 1522.622192
15990 -15.084155 35.609341 1522.616333
15991 -15.032743 36.218868 1522.602417
15992 -14.462914 35.701607 1522.361816
15993 -14.431081 36.365547 1522.313232
15994 -14.999345 36.781769 1522.575073
15995 -14.363986 37.076832 1522.206543
15996 -14.338011 37.641174 1522.100098
15997 -13.781918 37.421272 1521.786255
15998 -13.812307 36.645416 1521.959717
15999 -13.252462 36.925728 1521.569824
16000 -13.164989 37.571888 1521.317627
16001 -13.518309 38.098557 1521.396729
16002 -13.041612 38.107220 1521.016113
16003 -13.241937 38.721729 1520.897095
16004 -14.072413 38.101601 1521.806885
16005 -12.679270 38.376015 1520.575439
16006 -12.668474 37.731964 1520.877197
16007 -12.200558 37.927982 1520.380859
16008 -12.193286 38.692841 1519.905273
16009 -12.781706 38.945274 1520.334961
16010 -12.649637 39.376144 1519.880615
16011 -11.841617 38.972057 1519.277344
16012 -11.559873 38.485870 1519.343140
16013 -11.442617 38.902489 1518.808228
16014 -11.064846 38.353485 1518.821411
16015 -10.919205 38.758842 1518.154785
16016 -11.141865 39.347286 1517.698120
16017 -10.639324 38.852406 1517.486206
16018 -10.911126 39.345470 1517.154663
16019 -10.457819 38.941978 1516.855835
16020 -10.777017 39.424103 1516.478149
16021 -11.155487 39.742474 1516.791138
16022 -11.061289 39.784100 1516.152710
16023 -10.624475 39.383560 1515.835205
16024 -11.012878 39.792900 1515.448364
16025 -11.423408 40.161373 1515.822388
16026 -11.508995 40.168091 1516.474121
16027 -11.889960 40.554890 1516.090942
16028 -12.368982 40.907608 1516.487427
16029 -12.345974 40.926975 1515.940063
16030 -12.130463 40.755116 1515.495483
16031 -11.913224 40.544403 1515.015625
16032 -11.673393 40.384819 1515.528076
16033 -11.448611 40.176136 1515.153198
16034 -12.877242 41.246426 1516.795166
16035 -10.550934 39.349411 1515.130249
16036 -10.142050 38.911312 1515.593628
16037 -10.043716 38.851364 1514.940063
16038 -9.584834 38.366405 1515.366943
16039 -9.537285 38.357452 1514.818481
16040 -9.501539 38.305599 1514.241699
16041 -9.115840 37.963921 1514.686035
16042 -8.942308 37.802582 1514.213989
16043 -8.708869 37.554409 1513.643066
16044 -8.323819 37.295544 1514.222778
16045 -8.049205 37.052612 1513.630127
16046 -7.675468 36.842003 1514.244141
16047 -8.002373 37.038498 1514.920288
16048 -8.623579 37.527637 1514.793945
16049 -8.387307 37.267326 1515.377441
16050 -7.728092 36.793732 1515.440063
16051 -7.357098 36.635193 1514.884277
16052 -7.024290 36.412106 1515.455200
16053 -6.685455 36.310474 1514.862915
16054 -6.341919 36.149971 1515.426758
16055 -6.049141 36.084217 1514.818726
16056 -6.371735 36.187851 1514.246704
16057 -7.022048 36.472778 1514.294800
16058 -6.693928 36.304020 1513.901611
16059 -6.239525 36.102154 1513.644531
16060 -7.313670 36.588585 1513.599121
16061 -5.730741 35.973179 1514.083740
16062 -5.270664 35.835415 1513.833740
16063 -5.121268 35.836174 1514.255981
16064 -4.658075 35.754841 1514.281250
16065 -4.898395 35.825550 1514.805664
16066 -4.368176 35.748379 1514.700928
16067 -4.628103 35.810452 1515.355713
16068 -5.196025 35.884777 1515.375854
16069 -5.445729 35.927483 1514.799194
16070 -5.752973 35.991489 1515.389160
16071 -5.402473 35.903809 1515.944580
16072 -4.824718 35.837975 1515.989380
16073 -5.032403 35.841984 1516.482300
16074 -5.550037 35.879581 1516.546387
16075 -5.995324 36.007500 1515.979736
16076 -6.183959 35.968006 1516.596191
16077 -6.649620 36.177402 1516.052734
16078 -6.843097 36.111637 1516.685791
16079 -7.451740 36.512024 1516.072266
16080 -7.676724 36.429897 1516.766846
16081 -8.184749 36.838875 1516.474243
16082 -8.338857 36.719955 1517.031860
16083 -7.848427 36.271778 1517.376831
16084 -8.504436 36.438633 1517.770142
16085 -8.802760 36.893719 1517.365234
16086 -9.088401 36.832211 1517.839600
16087 -8.975514 36.441456 1518.253052
16088 -9.437695 36.730713 1518.387573
16089 -9.587683 37.246124 1517.945068
16090 -9.226812 37.283146 1517.352905
16091 -9.775102 37.836910 1517.413452
16092 -9.306734 37.668564 1516.795898
16093 -9.749828 38.183811 1516.717285
16094 -10.159084 38.450829 1517.145996
16095 -10.365538 38.288078 1517.811890
16096 -10.094282 37.681694 1518.138672
16097 -10.602692 38.092567 1518.425293
16098 -10.446217 37.556576 1518.748047
16099 -10.822059 37.904037 1518.909424
16100 -10.856189 37.517174 1519.271973
16101 -11.207447 37.961544 1519.334351
16102 -11.366327 37.503590 1519.828369
16103 -11.696404 37.986916 1519.854492
16104 -11.757281 37.391048 1520.266602
16105 -11.278877 36.943104 1520.092651
16106 -10.927880 37.128231 1519.637085
16107 -10.741303 36.641327 1519.804932
16108 -10.418189 36.998337 1519.207275
16109 -10.207181 36.396717 1519.503784
16110 -9.825072 36.574287 1518.968262
16111 -9.688951 36.104492 1519.312866
16112 -9.235649 36.200508 1518.805176
16113 -9.962018 37.133232 1518.560913
16114 -9.141893 35.792446 1519.223267
16115 -8.673337 36.021572 1518.560547
16116 -8.618041 35.542267 1519.200439
16117 -9.101920 35.348541 1519.742676
16118 -9.665419 35.718887 1519.691895
16119 -9.642223 35.182026 1520.236816
16120 -10.168869 35.591805 1520.164307
16121 -10.256199 35.048252 1520.686401
16122 -10.864726 35.585838 1520.621094
16123 -10.518685 36.069828 1520.033691
16124 -11.126113 36.294697 1520.354126
16125 -11.603406 35.908459 1520.897461
16126 -11.463528 35.243839 1521.155884
16127 -12.122690 35.561138 1521.338745
16128 -12.083353 34.950054 1521.551636
16129 -11.483635 34.614269 1521.490356
16130 -10.850563 34.865200 1521.103638
16131 -10.894596 34.251400 1521.544556
16132 -11.482660 34.053352 1521.787964
16133 -11.000369 33.729813 1521.931641
16134 -11.497769 33.616722 1522.030029
16135 -11.215590 33.263393 1522.252563
16136 -10.673332 33.383797 1522.201660
16137 -10.326889 33.841663 1521.788330
16138 -10.115254 33.293747 1522.352417
16139 -10.788544 32.816128 1522.674438
16140 -9.944883 32.825985 1522.939209
16141 -10.381125 32.370422 1523.281616
16142 -11.051582 32.177181 1523.145142
16143 -10.672806 31.892740 1523.649536
16144 -10.132926 32.100643 1523.768433
16145 -9.670818 32.449619 1523.585083
16146 -9.686239 32.044579 1524.202515
16147 -9.119262 32.331848 1524.199951
16148 -9.009217 32.703281 1523.629883
16149 -8.538696 32.635380 1524.139160
16150 -8.454659 32.963036 1523.560547
16151 -8.846796 33.061310 1523.110596
16152 -8.342487 33.212471 1523.152954
16153 -8.525740 33.444553 1522.601074
16154 -9.342752 33.249187 1522.589600
16155 -9.373284 32.845787 1523.171875
16156 -8.966087 33.704342 1522.009399
16157 -8.309939 33.846020 1521.954346
16158 -8.716563 34.063583 1521.474121
16159 -9.226535 33.982414 1521.573364
16160 -9.616997 33.693890 1521.936035
16161 -9.720933 34.167622 1521.383789
16162 -10.289814 34.465050 1521.214844
16163 -9.691178 34.674484 1520.809814
16164 -9.145662 34.352314 1521.057983
16165 -8.969490 34.810062 1520.386475
16166 -8.521618 34.452045 1520.835571
16167 -8.257913 34.790295 1520.236572
16168 -8.556664 35.101677 1519.815552
16169 -7.940633 35.073986 1519.669067
16170 -8.182614 35.343975 1519.277100
16171 -8.017387 35.621746 1518.728027
16172 -7.741113 35.358482 1519.082886
16173 -7.521452 35.558205 1518.609009
16174 -7.197017 35.388378 1518.888916
16175 -7.064898 35.609409 1518.335938
16176 -6.572231 35.439243 1518.732056
16177 -6.503924 35.693371 1517.952515
16178 -7.075291 35.798916 1517.868042
16179 -6.901359 35.931950 1517.387817
16180 -7.400085 35.982220 1517.624634
16181 -7.522434 35.776375 1518.163940
16182 -8.001826 36.023460 1518.013916
16183 -7.321908 36.138058 1517.156128
16184 -6.315046 35.862648 1517.243530
16185 -5.776632 35.704182 1517.805542
16186 -5.650793 35.815640 1517.149536
16187 -5.083067 35.742474 1517.683838
16188 -4.905406 35.802013 1517.071045
16189 -4.452682 35.780457 1517.673706
16190 -4.592460 35.729675 1518.187744
16191 -4.074566 35.788116 1518.167114
16192 -3.703055 35.830383 1517.792114
16193 -4.164319 35.811359 1517.114258
16194 -3.491477 35.830017 1517.036987
16195 -3.873695 35.808823 1516.533447
16196 -4.386504 35.814194 1516.705078
16197 -4.254643 35.801495 1515.956909
16198 -3.541326 35.764893 1515.806030
16199 -4.005358 35.745983 1515.180298
16200 -3.403327 35.696728 1515.062134
16201 -3.808579 35.677380 1514.567871
16202 -3.491910 35.551697 1513.818726
16203 -3.162591 35.613335 1514.465576
16204 -2.814906 35.507931 1513.913818
16205 -2.505641 35.578896 1514.478394
16206 -2.111735 35.485779 1514.005493
16207 -1.709396 35.584770 1514.645020
16208 -1.339512 35.441769 1513.869873
16209 -0.952010 35.559822 1514.505737
16210 -0.709627 35.440750 1513.867676
16211 -1.063177 35.324722 1513.351440
16212 -1.744580 35.351250 1513.405518
16213 -0.711168 35.196323 1512.860840
16214 -0.324352 35.330048 1513.356079
16215 -0.021591 35.198528 1512.838623
16216 -0.320331 35.068314 1512.428955
16217 0.235632 35.090904 1512.461792
16218 0.183407 34.915798 1511.960327
16219 -0.143093 34.663921 1511.349487
16220 0.580266 34.720562 1511.415527
16221 0.952104 34.936176 1511.930176
16222 1.300500 34.777748 1511.451172
16223 1.648094 35.028412 1512.099609
16224 1.969850 34.838539 1511.489990
16225 1.600991 34.594131 1510.929932
16226 0.940423 34.528011 1510.902344
16227 1.296096 34.323219 1510.360596
16228 1.857286 34.416969 1510.438965
16229 1.641317 34.112438 1509.793579
16230 1.052693 34.032776 1509.777588
16231 0.684315 34.250946 1510.327515
16232 0.100901 34.196472 1510.300537
16233 0.283965 34.449196 1510.821533
16234 2.013054 33.924683 1509.253540
16235 2.246353 34.205372 1509.821045
16236 2.608876 34.007019 1509.229614
16237 2.371459 33.778049 1508.799194
16238 2.964278 33.806606 1508.639160
16239 3.208109 34.105537 1509.244751
16240 3.498886 33.974060 1508.828491
16241 3.559968 33.749508 1508.299316
16242 3.989611 33.996559 1508.719360
16243 4.206867 33.763573 1508.130005
16244 3.751501 33.462147 1507.638672
16245 4.404129 33.516209 1507.566772
16246 4.840001 33.792088 1508.039185
16247 5.068336 33.545006 1507.487305
16248 5.735223 33.582550 1507.468506
16249 5.521945 33.825489 1507.994385
16250 6.175244 33.888680 1508.056641
16251 6.645676 34.172577 1508.641235
16252 5.922146 34.121666 1508.597290
16253 6.369367 34.431633 1509.281250
16254 7.143501 34.435555 1509.212891
16255 7.807060 34.413094 1509.119629
16256 7.572037 34.666451 1509.749634
16257 6.959848 34.658279 1509.787231
16258 7.320406 34.856060 1510.289795
16259 6.647300 34.844204 1510.351440
16260 6.868141 35.027142 1510.890503
16261 7.463445 35.067570 1510.936890
16262 7.038999 35.187679 1511.453003
16263 6.436881 35.137318 1511.378784
16264 6.220911 34.977657 1510.856567
16265 5.858719 35.073643 1511.281860
16266 5.942080 35.214565 1511.824097
16267 6.515922 35.280098 1511.969482
16268 6.073945 35.331398 1512.351196
16269 8.307963 35.491558 1512.915894
16270 14.247312 35.887287 1515.557251
16271 10.462242 35.520824 1513.177612
16272 14.088108 35.401123 1512.068848
16273 15.426628 35.625233 1514.207397
16274 8.044801 35.096954 1510.984131
16275 8.801759 35.151543 1511.157104
16276 8.458229 34.950333 1510.482300
16277 7.858588 34.903751 1510.377075
16278 8.252503 34.678780 1509.739014
16279 8.718960 34.782185 1509.994263
16280 9.077241 34.956062 1510.488403
16281 9.707747 34.930904 1510.407715
16282 9.506522 35.109615 1511.008545
16283 10.162984 35.083847 1510.925903
16284 10.375515 34.908386 1510.328369
16285 10.615175 34.705532 1509.717041
16286 11.051621 34.907921 1510.297363
16287 11.299665 34.716911 1509.695435
16288 10.903095 34.514473 1509.179932
16289 11.590970 34.536396 1509.166504
16290 11.257583 34.312435 1508.630127
16291 11.886839 34.358841 1508.675171
16292 11.638488 34.124321 1508.127075
16293 12.163310 34.213947 1508.289429
16294 12.486405 34.388744 1508.700562
16295 12.682417 34.173519 1508.157471
16296 13.107912 34.370441 1508.632080
16297 13.425681 34.566254 1509.131836
16298 12.831923 34.568562 1509.149170
16299 13.202455 34.788921 1509.745483
16300 13.630198 34.984509 1510.335327
16301 12.998241 34.977688 1510.345337
16302 13.467500 35.145840 1510.912720
16303 12.693484 35.150803 1511.014526
16304 12.343329 34.943768 1510.297729
16305 12.074938 35.060230 1510.741577
16306 12.031670 35.212666 1511.365967
16307 16.060263 35.294842 1512.383179
16308 12.116379 35.429802 1512.455444
16309 15.080626 35.825001 1515.451904
16310 11.644488 35.727116 1514.847778
16311 13.893353 35.801617 1514.921631
16312 11.339552 35.433300 1512.566406
16313 16.125610 35.485443 1513.845581
16314 11.964574 35.798866 1515.388184
16315 17.885086 35.163338 1514.306519
16316 7.498021 35.632526 1514.388306
16317 11.720059 35.666889 1514.267334
16318 16.841066 35.481819 1514.921875
16319 8.485985 35.386169 1512.231201
16320 8.261955 35.638866 1514.312988
16321 15.836555 35.727806 1515.399292
16322 6.955088 35.559158 1513.747192
16323 15.296649 35.222939 1511.492920
16324 9.354710 35.542824 1513.312256
16325 18.751829 34.842232 1513.614258
16326 13.977685 35.292320 1511.516479
16327 14.094738 35.136559 1510.872925
16328 14.592841 35.096787 1510.782104
16329 12.660693 35.831932 1515.390625
16330 7.209987 35.339951 1512.116821
16331 8.727505 35.700420 1514.973999
16332 18.783180 34.614449 1512.281006
16333 18.707623 34.966057 1514.402588
16334 10.887650 35.331661 1512.016968
16335 6.773380 35.440308 1512.810547
16336 19.799749 34.478279 1513.137817
16337 18.479406 34.583538 1511.696899
16338 19.129181 34.648937 1513.045044
16339 12.524417 35.517933 1512.933838
16340 16.604965 35.613407 1515.517334
16341 16.312296 35.750439 1516.002686
16342 16.967457 35.642044 1516.091675
16343 17.402218 35.449501 1515.547852
16344 17.206102 35.332970 1514.361816
16345 18.081902 35.261105 1515.346436
16346 17.919992 35.391590 1515.864746
16347 17.569103 35.535492 1516.189941
16348 18.061768 35.447842 1516.259155
16349 18.444288 35.304657 1515.990845
16350 18.432514 35.446255 1516.539917
16351 18.951723 35.470707 1516.931763
16352 18.387331 35.651836 1517.192993
16353 19.003006 35.680771 1517.573975
16354 18.273762 35.982426 1518.098022
16355 19.107439 35.859192 1518.116333
16356 19.548044 35.935150 1518.510376
16357 18.927469 36.027180 1518.508301
16358 19.293665 36.133026 1518.969116
16359 20.003059 36.034100 1518.998169
16360 20.232721 35.832420 1518.499023
16361 20.724426 35.943470 1519.054199
16362 20.921881 35.743683 1518.522217
16363 21.309214 35.867073 1519.079956
16364 21.449280 35.708084 1518.630493
16365 21.718834 35.964695 1519.632568
16366 21.114464 36.043789 1519.601440
16367 21.545300 36.111149 1520.133423
16368 22.159311 36.036167 1520.168945
16369 21.917702 36.176628 1520.714233
16370 21.308332 36.232441 1520.516968
16371 20.911360 36.203869 1520.094604
16372 20.794600 36.337975 1520.578491
16373 21.326885 36.322773 1521.002563
16374 20.735903 36.463528 1521.142578
16375 21.302338 36.421425 1521.598389
16376 21.870577 36.295509 1521.402710
16377 21.821758 36.378399 1522.025269
16378 22.485853 36.265854 1521.819824
16379 22.386486 36.194756 1521.181519
16380 22.258471 36.354797 1522.480347
16381 22.948862 36.286903 1522.473877
16382 23.717743 36.272915 1522.531006
16383 23.370905 36.307407 1523.083740
16384 24.099731 36.328999 1523.174683
16385 24.425505 36.319183 1522.652466
16386 24.776945 36.400169 1523.296875
16387 24.494820 36.387505 1523.845825
16388 23.750273 36.333889 1523.826782
16389 24.311222 36.373657 1524.436157
16390 24.848360 36.439156 1524.358276
16391 25.108231 36.476273 1523.955444
16392 25.501474 36.555176 1524.631836
16393 25.867147 36.632595 1523.976929
16394 26.340038 36.765072 1524.573242
16395 26.088762 36.675133 1525.229736
16396 26.858755 36.914387 1525.154907
16397 27.073980 37.013699 1524.549805
16398 26.609753 36.842022 1523.938477
16399 27.316771 37.109352 1523.930908
16400 26.886074 36.911610 1523.313843
16401 27.553032 37.197563 1523.400635
16402 27.494883 37.128204 1522.762695
16403 27.451021 37.057007 1522.139160
16404 28.014996 37.371136 1522.233887
16405 28.119497 37.495495 1523.114258
16406 28.506969 37.721622 1522.577881
16407 28.810701 37.981049 1523.155396
16408 28.988930 38.097095 1522.525635
16409 28.633873 37.759487 1521.875488
16410 29.222891 38.255848 1521.898193
16411 29.513828 38.582268 1522.479004
16412 29.667379 38.695076 1521.917603
16413 29.556322 38.506611 1521.296021
16414 30.018049 39.040771 1521.620728
16415 30.053942 38.966175 1520.899048
16416 29.651249 38.484169 1520.578735
16417 30.178680 38.933693 1520.150879
16418 29.832106 38.515121 1519.921021
16419 29.311747 38.204601 1520.830566
16420 30.307123 38.920074 1519.629028
16421 30.652231 39.421299 1519.986084
16422 30.737875 39.321827 1519.398315
16423 30.818014 39.152054 1518.747314
16424 31.177134 39.732803 1519.107300
16425 31.218407 39.501629 1518.476440
16426 31.006380 39.061710 1518.084595
16427 30.844273 38.657455 1517.630371
16428 31.239471 39.031887 1517.498779
16429 31.584080 39.246120 1517.131958
16430 31.708492 39.060898 1516.577759
16431 32.036381 39.575409 1516.697510
16432 32.155636 39.318493 1516.089111
16433 32.484562 39.907978 1516.242920
16434 32.615326 39.578835 1515.575195
16435 32.914627 40.216076 1515.774902
16436 33.166698 39.884129 1514.955811
16437 32.690269 39.076424 1514.953003
16438 33.233482 39.258007 1514.354004
16439 32.740868 38.494350 1514.459473
16440 33.165775 38.600960 1514.047729
16441 32.965652 37.909901 1513.958740
16442 33.394482 38.320110 1513.702515
16443 33.534546 37.787468 1513.438843
16444 33.198803 37.230820 1513.615845
16445 32.937630 36.661057 1513.770386
16446 33.528683 36.687355 1513.383057
16447 33.273369 36.231930 1513.598267
16448 32.786789 36.071011 1513.916016
16449 32.150959 35.873001 1514.336670
16450 32.777561 35.447632 1514.089478
16451 32.176292 35.132347 1514.553955
16452 31.587498 36.028252 1514.683838
16453 32.768269 34.804836 1514.416016
16454 32.224331 34.498718 1514.917358
16455 32.834911 34.288651 1514.781738
16456 32.341663 34.010334 1515.309692
16457 31.597820 34.189644 1515.498535
16458 32.590755 33.596897 1515.715332
16459 32.966351 33.857269 1515.186035
16460 33.211937 33.519215 1515.556030
16461 32.931568 33.284962 1516.082764
16462 33.480591 33.218430 1515.995728
16463 33.882221 32.981838 1516.402466
16464 33.973225 33.160370 1515.929321
16465 34.534824 32.983330 1516.177002
16466 34.427197 32.744232 1516.957520
16467 35.115841 32.757603 1516.725464
16468 35.168129 32.596809 1517.354126
16469 35.798962 32.624916 1517.062012
16470 35.746994 32.478848 1517.800659
16471 36.332531 32.506680 1517.489014
16472 36.316757 32.403713 1518.163574
16473 36.913151 32.419086 1517.893799
16474 36.913872 32.356106 1518.569458
16475 36.883179 32.315510 1519.196167
16476 37.470516 32.359482 1519.094360
16477 37.329960 32.350342 1519.620239
16478 36.888035 32.287582 1519.817139
16479 37.415531 32.376064 1520.233154
16480 36.893707 32.268620 1520.455688
16481 36.265732 32.139977 1520.568359
16482 36.683723 32.204544 1521.106689
16483 36.131088 32.065964 1521.079590
16484 36.297352 32.063221 1521.752808
16485 37.106789 32.349796 1521.764648
16486 36.769428 32.250938 1522.554321
16487 36.044437 31.935156 1522.560425
16488 35.537979 31.808969 1521.939453
16489 35.508175 31.730917 1522.549805
16490 35.154991 31.639692 1522.312378
16491 34.644276 31.469259 1522.373901
16492 35.107616 31.549557 1522.830933
16493 34.546803 31.324741 1522.969604
16494 34.368309 31.156977 1523.623047
16495 35.095852 31.479532 1523.531006
16496 34.704327 31.270296 1524.192017
16497 35.279469 31.585276 1524.263306
16498 34.855583 31.402754 1524.802490
16499 34.430302 31.140226 1524.693848
16500 34.134289 30.990032 1524.265259
16501 33.971256 30.897894 1524.898071
16502 34.403351 31.194431 1525.223022
16503 33.903419 30.929688 1525.506714
16504 33.190437 30.527777 1525.779419
16505 33.739613 30.999126 1526.145752
16506 34.334892 31.311703 1525.783691
16507 34.198818 31.522017 1526.412231
16508 34.049511 31.876440 1527.017700
16509 34.508938 31.939440 1526.570313
16510 34.797504 31.809542 1526.024170
16511 34.999954 32.325989 1526.438599
16512 34.609921 32.434238 1526.931396
16513 35.144482 32.904125 1526.799072
16514 34.708237 33.146511 1527.308960
16515 35.227013 33.465897 1527.086548
16516 34.979275 33.849335 1527.437256
16517 34.466328 33.745773 1527.727783
16518 34.220226 33.212200 1527.696655
16519 34.199909 32.602077 1527.414917
16520 33.727219 32.176868 1527.573608
16521 33.410294 31.908865 1527.685547
16522 34.128242 34.368824 1528.072266
16523 34.698757 34.400085 1527.779907
16524 34.407925 35.112221 1528.044678
16525 34.937225 34.898643 1527.769653
16526 34.994911 35.472008 1527.841919
16527 35.422005 35.024220 1527.560913
16528 35.659634 35.638035 1527.582642
16529 35.881916 35.089531 1527.337280
16530 36.265415 35.384060 1527.213867
16531 36.234123 35.986317 1527.381836
16532 36.825443 35.692608 1526.981812
16533 36.639858 36.267670 1527.234131
16534 36.209694 36.599503 1527.490723
16535 36.721165 36.759865 1527.277710
16536 36.193924 37.183041 1527.545776
16537 36.748516 37.376816 1527.327148
16538 36.067223 37.846081 1527.596924
16539 35.675323 37.485222 1527.724854
16540 35.686058 37.000061 1527.719604
16541 35.188393 37.432350 1527.856812
16542 35.125919 36.842003 1527.889648
16543 35.692558 36.382984 1527.677124
16544 35.065144 36.167229 1527.887451
16545 34.517582 36.675755 1528.055298
16546 34.596291 37.338310 1527.988525
16547 33.904327 37.263180 1528.110596
16548 34.196457 37.821133 1527.977661
16549 34.714943 37.926243 1527.900391
16550 34.222404 38.462151 1527.844604
16551 34.893211 38.455257 1527.796143
16552 34.625813 39.018105 1527.700806
16553 34.070023 39.109295 1527.669189
16554 34.358765 39.678593 1527.513062
16555 33.601261 39.473373 1527.482422
16556 33.583084 38.766411 1527.740479
16557 32.858006 39.047848 1527.496094
16558 32.988010 39.925545 1527.082886
16559 33.761303 40.181923 1527.222290
16560 33.315834 40.595310 1526.844360
16561 32.777065 40.415745 1526.658691
16562 32.293159 40.007137 1526.643799
16563 32.372040 40.556576 1526.218506
16564 31.760153 40.087780 1526.073120
16565 31.712339 39.560223 1526.587158
16566 32.279900 39.420776 1527.067017
16567 31.693825 39.012146 1527.052246
16568 31.157185 39.100853 1526.589844
16569 31.127232 38.534073 1527.143799
16570 31.773584 38.489437 1527.479004
16571 32.188374 38.889832 1527.369629
16572 32.389263 38.429096 1527.687500
16573 33.037453 38.296772 1527.850708
16574 32.542080 37.823917 1527.993286
16575 33.180328 37.590393 1528.093140
16576 33.670151 38.047413 1527.957031
16577 33.303329 36.835304 1528.273071
16578 32.644299 37.186005 1528.239380
16579 32.749077 36.502964 1528.438843
16580 33.353455 36.114510 1528.389038
16581 33.902737 36.416943 1528.220947
16582 33.869335 35.681622 1528.273315
16583 34.469463 35.941055 1528.076294
16584 33.726635 34.932438 1528.319946
16585 33.233860 35.410717 1528.500977
16586 32.724182 35.870216 1528.589478
16587 32.023746 37.420193 1528.137939
16588 31.938742 37.966648 1527.845825
16589 31.558058 37.636280 1527.971436
16590 31.374115 38.041431 1527.658813
16591 31.133392 37.640400 1527.882446
16592 30.658632 37.413288 1527.942627
16593 30.799238 37.944633 1527.521729
16594 30.122608 37.714108 1527.436523
16595 30.475473 38.250389 1527.024780
16596 29.977888 38.056171 1526.888672
16597 29.550148 37.735340 1527.013428
16598 29.503691 37.340450 1527.561523
16599 30.001188 37.146603 1527.995605
16600 29.346676 36.903061 1528.036377
16601 29.036886 37.103172 1527.630127
16602 28.728817 36.771759 1527.960938
16603 29.068256 36.449673 1528.472778
16604 29.806211 36.580166 1528.481445
16605 29.527340 36.074310 1528.894897
16606 28.756907 35.978241 1528.930176
16607 28.283995 36.340359 1528.402832
16608 28.101843 35.920547 1528.910278
16609 27.589802 36.076622 1528.585938
16610 27.566490 35.710831 1529.110107
16611 27.157396 35.862698 1528.822510
16612 27.035458 36.101780 1528.375977
16613 26.623442 35.802536 1528.817505
16614 26.404533 36.050949 1528.264648
16615 26.003115 35.745361 1528.817139
16616 25.737682 35.986240 1528.208984
16617 25.387486 35.713619 1528.804443
16618 25.075346 35.945744 1528.149048
16619 24.759291 35.704639 1528.784668
16620 24.430212 35.908947 1528.172363
16621 24.116255 35.717087 1528.776001
16622 23.821636 35.910252 1528.177246
16623 23.536564 35.746525 1528.784790
16624 23.798134 35.518951 1529.351807
16625 24.393333 35.463413 1529.384277
16626 23.904486 35.202152 1530.027954
16627 23.437819 35.376862 1529.770996
16628 23.227644 35.586349 1529.322754
16629 22.893002 35.400772 1529.887207
16630 23.264143 35.150101 1530.302246
16631 22.550718 35.155369 1530.527954
16632 22.236710 35.467258 1529.974854
16633 21.938906 35.314713 1530.419312
16634 21.592073 35.507664 1530.132568
16635 21.395945 35.258423 1530.720581
16636 20.832085 35.521168 1530.374390
16637 20.743792 35.180740 1531.063721
16638 20.156752 35.419167 1530.771118
16639 20.110506 35.726292 1530.166138
16640 20.716444 35.835670 1529.707886
16641 20.185839 35.989479 1529.529053
16642 20.745281 35.998150 1529.265259
16643 20.239832 36.180504 1528.971558
16644 19.632792 36.184956 1529.218018
16645 19.607977 35.938961 1529.841187
16646 19.052500 36.130768 1529.538452
16647 18.918766 36.412113 1528.815918
16648 18.457266 36.251560 1529.374878
16649 18.632023 36.040585 1529.840210
16650 19.051458 35.868591 1530.130493
16651 18.499527 35.820141 1530.327393
16652 18.960825 35.576538 1530.724609
16653 19.596498 35.650398 1530.456665
16654 19.521740 35.323719 1531.086060
16655 20.106932 35.080677 1531.397583
16656 19.423105 34.982101 1531.698975
16657 19.997423 34.767208 1531.959106
16658 20.655336 34.825809 1531.716797
16659 21.341892 34.904411 1531.396851
16660 21.227266 34.541912 1532.062012
16661 22.021027 34.581848 1531.758911
16662 21.763134 34.239330 1532.428467
16663 22.465935 34.142803 1532.359131
16664 22.738550 34.449020 1531.748047
16665 22.565388 34.807400 1531.182251
16666 21.991594 34.989552 1531.038452
16667 23.001268 34.941010 1530.792358
16668 23.134007 34.694035 1531.194092
16669 23.527138 34.906193 1530.693481
16670 24.143227 34.860126 1530.610107
16671 23.730190 34.591610 1531.178711
16672 24.375757 34.448967 1531.214722
16673 23.891546 34.202663 1531.744873
16674 23.298494 34.355923 1531.709229
16675 22.962324 34.151184 1532.164795
16676 23.427605 33.999802 1532.230957
16677 22.978914 33.854179 1532.643433
16678 23.522257 33.636669 1532.757935
16679 23.042301 33.443150 1533.295654
16680 22.486055 33.730831 1533.047607
16681 22.052902 33.955944 1532.822388
16682 21.940647 33.717571 1533.285034
16683 21.659666 33.982338 1532.907104
16684 21.389111 33.835190 1533.255493
16685 21.629391 33.509983 1533.794678
16686 22.440207 33.295139 1533.859375
16687 21.841236 33.195835 1534.362915
16688 21.228491 33.400513 1534.176880
16689 21.384396 33.123299 1534.776855
16690 20.899673 33.305302 1534.535034
16691 20.634045 33.529278 1534.098389
16692 20.408934 33.360554 1534.586060
16693 20.041706 33.593498 1534.130005
16694 19.842188 33.413963 1534.648071
16695 19.464163 33.633369 1534.198364
16696 19.693743 33.275715 1535.131592
16697 20.221710 33.208401 1535.116699
16698 19.956087 33.106495 1535.645630
16699 20.627573 32.991219 1535.686157
16700 20.840599 33.136276 1535.035645
16701 21.477236 32.862343 1535.526611
16702 21.991926 32.909138 1534.991211
16703 22.254749 32.637779 1535.618652
16704 22.583559 32.716621 1535.070557
16705 22.337416 32.983498 1534.572021
16706 22.858795 32.852230 1534.524414
16707 23.204166 33.045311 1533.912842
16708 23.444067 32.689407 1534.442261
16709 23.859108 32.800823 1533.924683
16710 23.542824 33.233772 1533.388062
16711 24.292973 32.918686 1533.446045
16712 24.155735 33.418552 1532.785645
16713 24.061714 33.799927 1532.277588
16714 24.698929 33.524803 1532.387817
16715 24.653555 34.021355 1531.744385
16716 25.266588 33.668312 1531.974487
16717 25.288841 34.046806 1531.505005
16718 25.042900 34.381680 1531.131714
16719 25.658237 34.304604 1531.084595
16720 25.479025 34.726849 1530.551392
16721 26.059734 34.604839 1530.621948
16722 26.019806 35.051224 1530.010864
16723 25.272486 35.119915 1529.963013
16724 24.822643 34.798424 1530.561401
16725 24.606256 35.160095 1529.975342
16726 25.030107 35.442745 1529.379883
16727 25.658150 35.442463 1529.376221
16728 26.241690 35.469513 1529.347778
16729 26.692253 35.201687 1529.761841
16730 26.906019 35.576607 1529.227783
16731 27.366119 35.301769 1529.622314
16732 28.290211 35.473049 1529.426270
16733 27.850945 35.021996 1529.913940
16734 28.462938 35.032948 1529.839233
16735 28.886683 35.163464 1529.679810
16736 28.241190 34.681114 1530.173340
16737 27.593338 34.584644 1530.381958
16738 27.910839 34.154724 1530.671631
16739 28.152182 33.764549 1530.869019
16740 27.657595 33.918793 1530.930664
16741 27.662096 33.531616 1531.210449
16742 27.217722 33.846550 1531.128662
16743 27.109190 33.393238 1531.532715
16744 27.672556 33.002071 1531.554688
16745 28.254669 33.229019 1531.146851
16746 28.297567 32.610313 1531.437622
16747 28.965746 32.878048 1530.959595
16748 28.347204 31.957495 1531.699341
16749 27.692331 32.418709 1531.899170
16750 27.711727 31.810369 1532.243652
16751 28.247852 31.268366 1532.064941
16752 27.719561 31.160679 1532.642944
16753 28.192417 30.762722 1532.343018
16754 27.958979 30.357481 1532.875977
16755 28.447584 30.225592 1532.191406
16756 28.530136 30.821241 1531.940308
16757 28.885731 30.552557 1531.585083
16758 28.860464 29.885065 1531.592407
16759 28.504221 29.480217 1532.161499
16760 28.465149 28.904079 1532.034790
16761 28.292063 28.939783 1532.685547
16762 28.200562 29.672359 1532.804565
16763 28.159430 29.132780 1533.244751
16764 28.208111 28.502596 1533.027466
16765 28.189669 28.700516 1533.550659
16766 28.067860 29.124826 1533.994751
16767 27.931084 29.793407 1533.367310
16768 27.684900 29.922525 1533.948730
16769 27.850166 29.520176 1534.483398
16770 27.497160 29.949205 1534.688232
16771 27.847937 29.565687 1535.108154
16772 27.395386 30.019979 1535.385620
16773 27.016909 30.366409 1534.990723
16774 26.946844 30.364601 1535.616821
16775 27.265831 30.198099 1536.115723
16776 26.609575 30.583878 1536.157959
16777 27.104862 30.405405 1536.759766
16778 26.534798 30.692144 1536.889893
16779 26.035667 30.893209 1536.498291
16780 25.986958 30.944887 1535.873535
16781 26.500212 30.683554 1535.418335
16782 25.944572 31.102991 1535.186890
16783 25.384630 31.304953 1535.704224
16784 25.496841 31.162428 1536.302734
16785 24.882841 31.468773 1536.197144
16786 25.080940 31.322462 1536.789429
16787 24.354324 31.626530 1536.782227
16788 24.846949 31.403610 1537.440674
16789 25.374815 31.200359 1537.240601
16790 25.593981 31.099360 1536.776245
16791 25.994118 30.945171 1537.083862
16792 25.941292 31.029102 1537.678467
16793 26.490894 30.808285 1537.509644
16794 27.012718 30.589962 1537.399292
16795 27.008280 30.729692 1537.999390
16796 27.444660 30.547997 1537.847046
16797 27.568541 30.352404 1537.342529
16798 27.967827 30.405888 1537.970825
16799 28.132740 30.145847 1537.413208
16800 27.688515 30.122734 1536.786865
16801 28.262856 29.845945 1536.828003
16802 27.865530 29.880093 1536.333740
16803 28.330832 29.530819 1536.231079
16804 27.823088 29.738869 1535.758545
16805 28.387409 29.145437 1535.551270
16806 28.182215 29.069551 1534.827881
16807 28.624086 28.590586 1535.172607
16808 28.415852 28.552013 1534.681641
16809 28.707016 28.124634 1534.915161
16810 28.512293 27.948374 1534.479614
16811 28.285915 28.376337 1533.998413
16812 28.289089 27.724089 1533.941528
16813 28.188955 28.101191 1533.459351
16814 28.022608 27.470564 1533.388794
16815 28.134003 26.953653 1533.997559
16816 28.496080 27.339329 1534.400879
16817 28.635460 26.672531 1534.693237
16818 28.077328 26.197203 1534.376221
16819 27.655563 26.375000 1533.796631
16820 27.729874 26.903982 1533.337280
16821 27.542995 25.819967 1534.207886
16822 27.934275 25.577059 1534.688354
16823 27.456783 25.392555 1534.543091
16824 27.025978 25.481272 1534.167358
16825 27.098381 25.064186 1534.683350
16826 27.710474 25.079569 1534.961792
16827 27.355959 24.655075 1535.225708
16828 26.605156 24.683697 1534.941650
16829 26.462978 25.138309 1534.257690
16830 25.853197 24.840616 1534.414185
16831 25.770264 25.174648 1533.698242
16832 25.172390 24.848206 1533.983398
16833 25.224234 24.600019 1534.613525
16834 25.892757 24.488329 1535.023560
16835 25.287819 24.310337 1535.236206
16836 25.888254 24.205441 1535.503174
16837 25.539125 24.018362 1535.839966
16838 24.831694 24.098660 1535.666748
16839 25.100420 23.820301 1536.299683
16840 24.402281 23.898087 1536.189941
16841 24.758799 23.608372 1536.888428
16842 24.103878 23.695307 1536.798706
16843 23.683437 23.926603 1536.119019
16844 23.433132 23.737202 1536.766235
16845 23.022327 23.894037 1536.112915
16846 22.854826 23.775122 1536.608154
16847 22.420528 23.813114 1536.134155
16848 22.361015 23.719938 1536.775146
16849 21.839056 23.697636 1536.251831
16850 21.747896 23.654263 1536.891846
16851 21.245617 23.566259 1536.463623
16852 21.393080 23.495670 1535.776611
16853 20.732010 23.301474 1536.128418
16854 21.068052 23.185003 1535.511597
16855 20.396431 22.867485 1535.822144
16856 20.054237 23.115841 1536.436035
16857 19.721226 22.817488 1536.322754
16858 19.572207 23.098974 1536.797485
16859 19.033089 22.746916 1536.735840
16860 19.122116 23.161247 1537.277588
16861 18.549000 22.948494 1537.367310
16862 18.734936 23.243454 1537.876221
16863 18.144400 23.039871 1537.931152
16864 18.025085 22.733271 1537.515991
16865 17.605146 22.783100 1538.017578
16866 17.741577 23.067720 1538.522461
16867 17.065796 22.754957 1538.689819
16868 17.098474 22.418119 1538.086426
16869 16.607948 22.318041 1538.592773
16870 16.754814 21.996237 1538.101563
16871 16.428686 22.503075 1539.191772
16872 16.777626 22.825457 1539.484497
16873 17.415201 23.064308 1539.151001
16874 17.231287 23.054876 1539.782959
16875 17.167019 23.031763 1540.369263
16876 17.704416 23.167074 1539.922241
16877 17.692867 23.180172 1539.456787
16878 18.147955 23.268707 1539.485229
16879 18.211802 23.211706 1540.020630
16880 17.734446 23.104795 1540.503174
16881 18.272964 23.089413 1540.649414
16882 18.810492 23.151869 1540.262817
16883 18.833401 22.960917 1540.938477
16884 19.436785 22.975922 1540.575562
16885 19.393547 22.795319 1541.144043
16886 18.946594 22.768944 1541.569458
16887 19.651968 22.605049 1541.559082
16888 20.079582 22.678493 1541.009033
16889 20.449106 22.415039 1541.472534
16890 20.103298 22.394691 1541.862305
16891 20.705959 22.184418 1541.995605
16892 20.037666 22.287271 1542.493164
16893 19.465054 22.535677 1542.017456
16894 19.317720 22.489340 1542.539429
16895 19.661430 22.369764 1543.262939
16896 19.003347 22.553827 1543.012207
16897 18.609926 22.674707 1542.530396
16898 18.842966 22.681232 1542.065918
16899 18.303619 22.824608 1541.862671
16900 18.262905 22.952385 1541.259033
16901 17.656849 22.940081 1541.606323
16902 17.826939 23.026209 1541.008667
16903 17.290184 23.008886 1540.959717
16904 16.873192 22.944220 1541.483643
16905 17.131203 22.939053 1542.201904
16906 16.374466 22.946301 1542.050903
16907 16.686617 23.036301 1542.711914
16908 16.063225 23.060474 1542.557373
16909 16.326542 23.271744 1543.230347
16910 15.845927 23.542315 1543.469116
16911 16.351215 23.523685 1543.686890
16912 15.995383 23.847023 1543.885498
16913 15.444416 23.864920 1543.655029
16914 15.543661 24.259272 1544.013672
16915 16.141319 24.234953 1544.272217
16916 15.666123 24.716263 1544.317383
16917 16.256237 24.734707 1544.591675
16918 16.735456 24.257473 1544.574707
16919 16.653316 23.778254 1544.150635
16920 17.262228 23.862825 1544.553589
16921 17.283405 24.359133 1544.898193
16922 16.822735 24.840799 1544.890991
16923 17.416786 24.963232 1545.196899
16924 16.958252 25.550575 1545.115234
16925 16.339422 25.355310 1544.816772
16926 16.401861 26.176050 1544.921387
16927 15.799792 25.738369 1544.643433
16928 15.867108 25.169224 1544.564819
16929 17.215084 26.364428 1545.249023
16930 16.809278 26.960821 1545.023315
16931 17.428009 27.079597 1545.243774
16932 17.253822 27.618618 1545.041504
16933 17.890240 27.379738 1545.353027
16934 17.889711 26.795614 1545.478516
16935 18.465582 27.109655 1545.652100
16936 18.503084 27.706045 1545.488525
16937 19.031597 27.354990 1545.814941
16938 19.001854 26.777092 1545.945557
16939 19.521757 27.028069 1546.107666
16940 19.601168 27.641077 1545.938965
16941 19.077888 27.990654 1545.591553
16942 19.664352 28.231901 1545.686035
16943 19.809832 28.706591 1545.441040
16944 20.198364 28.363464 1545.791748
16945 20.329245 28.757185 1545.561523
16946 20.120245 29.174562 1545.162720
16947 19.657461 29.504734 1544.761353
16948 20.196903 29.611904 1544.769043
16949 20.730074 29.450932 1545.031128
16950 20.704969 29.927074 1544.488159
16951 19.865044 29.915804 1544.399048
16952 20.106623 30.343802 1543.938110
16953 20.789076 30.381126 1543.917114
16954 20.296127 30.736504 1543.437500
16955 20.927834 30.752031 1543.388794
16956 20.441864 31.000450 1543.056030
16957 19.818731 31.050079 1543.003906
16958 19.587742 30.713844 1543.447632
16959 19.157715 31.038250 1542.992554
16960 19.464436 31.375336 1542.516479
16961 20.202383 31.314777 1542.587402
16962 19.910965 31.646513 1542.042725
16963 19.660624 31.920961 1541.521729
16964 20.346653 31.830368 1541.618774
16965 20.133661 32.092663 1541.039795
16966 20.663841 31.981297 1541.181763
16967 20.654984 32.186840 1540.576782
16968 20.497423 32.384583 1539.886963
16969 20.949492 32.244572 1540.189819
16970 21.340435 32.248814 1539.833618
16971 20.824821 32.449745 1539.222534
16972 21.540009 32.314999 1539.137207
16973 21.034279 32.489384 1538.604980
16974 21.526295 32.391041 1538.504395
16975 21.163546 32.521866 1538.049805
16976 21.729296 32.385441 1538.048706
16977 21.285404 32.552105 1537.502319
16978 21.857119 32.408878 1537.483521
16979 21.422518 32.579350 1537.008789
16980 21.925976 32.469952 1536.857544
16981 21.204927 32.739819 1536.331299
16982 21.998827 32.560688 1536.229126
16983 22.484365 32.309502 1536.817017
16984 22.640785 32.373482 1536.190918
16985 22.895775 32.433098 1535.625732
16986 23.164465 32.211727 1536.103149
16987 23.093475 32.130142 1536.658691
16988 23.684738 31.955267 1536.375000
16989 23.600994 32.170052 1535.619019
16990 24.257650 31.795052 1535.980713
16991 24.249926 31.980885 1535.331543
16992 23.815416 32.312153 1534.956421
16993 23.193430 32.524006 1535.039917
16994 24.079853 32.454308 1534.397339
16995 24.306564 32.148197 1534.825928
16996 24.666807 32.172382 1534.404419
16997 24.485199 32.545715 1533.904419
16998 25.194914 32.248680 1533.797241
16999 24.820509 32.681175 1533.451782
17000 25.319239 32.668564 1533.136230
17001 24.771358 33.060574 1532.961548
17002 25.309656 33.149010 1532.565796
17003 25.900686 32.711720 1532.728516
17004 25.885967 32.213696 1533.289551
17005 26.508741 32.236992 1532.808472
17006 26.486023 32.775173 1532.334961
17007 25.882029 33.241287 1532.190430
17008 26.494146 33.325512 1531.844482
17009 25.837044 33.829582 1531.586548
17010 26.610710 33.801125 1531.363525
17011 27.079618 32.865746 1531.946533
17012 26.253834 34.208935 1531.050903
17013 26.824421 34.197292 1530.920410
17014 26.540621 34.483624 1530.680298
17015 26.970409 34.545773 1530.531494
17016 26.546934 34.815411 1530.283325
17017 27.054340 34.922604 1530.097778
17018 27.389771 34.267326 1530.715332
17019 27.091892 32.298683 1532.360596
17020 27.098358 31.752108 1532.783081
17021 26.485563 31.739819 1533.331299
17022 27.054857 31.248907 1533.281494
17023 26.481737 31.303988 1533.885742
17024 25.877897 31.766178 1533.884888
17025 25.910822 31.385643 1534.502319
17026 25.291943 31.803856 1534.451050
17027 25.342644 31.505732 1535.069824
17028 24.765644 31.865370 1534.955688
17029 24.791300 31.650064 1535.553467
17030 26.578665 30.851355 1534.578491
17031 27.041296 30.815537 1533.823486
17032 27.209368 30.389067 1534.284912
17033 27.417032 30.441259 1533.717896
17034 27.491251 30.708025 1533.277832
17035 27.687439 30.283260 1533.391113
17036 23.597483 31.891220 1537.076294
17037 24.217863 31.631380 1537.556641
17038 23.574165 31.848328 1537.733276
17039 24.163567 31.639849 1538.208008
17040 24.781542 31.441017 1538.052124
17041 25.338861 31.256529 1537.938232
17042 25.363523 31.294374 1538.515747
17043 25.925091 31.116848 1538.315308
17044 26.455240 30.928129 1538.115845
17045 26.425192 31.022600 1538.635132
17046 26.968710 30.872967 1538.627197
17047 27.679752 30.648323 1538.518188
17048 27.485065 30.843557 1539.317139
17049 28.215591 30.624531 1539.159912
17050 28.394627 30.445042 1538.563843
17051 28.549059 30.258663 1538.124268
17052 28.861643 30.293989 1538.551270
17053 29.259546 30.029476 1538.184326
17054 28.742201 29.910236 1537.459473
17055 29.378088 29.616287 1537.436890
17056 28.838770 29.524090 1536.812744
17057 29.428488 29.164246 1536.796997
17058 28.894993 29.091364 1536.198486
17059 29.464365 28.653719 1536.242798
17060 28.980289 28.592981 1535.689697
17061 29.480639 28.086395 1535.798096
17062 30.006371 28.213196 1536.304810
17063 29.970413 27.591688 1535.930542
17064 30.524105 27.769896 1536.381470
17065 30.531452 27.049829 1536.108398
17066 29.850464 26.942499 1535.662842
17067 29.414137 27.458647 1535.447266
17068 29.250917 26.832682 1535.216064
17069 29.657467 26.350130 1535.509521
17070 29.088959 26.165844 1535.175903
17071 28.877583 27.469358 1534.907715
17072 28.507166 25.876585 1534.884277
17073 28.949020 25.469650 1535.331787
17074 28.324581 25.223503 1535.150513
17075 28.060600 24.614912 1535.509766
17076 28.768938 24.814264 1535.616577
17077 28.577932 24.312017 1535.936279
17078 28.066326 24.102571 1536.013550
17079 27.598200 24.309143 1535.673828
17080 27.475811 23.997448 1536.025391
17081 27.065512 24.295731 1535.564087
17082 26.862829 23.975794 1535.970825
17083 26.432829 24.253008 1535.499268
17084 26.219854 23.970898 1535.931885
17085 26.658602 23.710487 1536.393799
17086 27.298101 23.716202 1536.403809
17087 27.146559 23.430677 1536.888062
17088 26.518742 23.413610 1536.982666
17089 25.847572 23.713642 1536.440796
17090 25.885284 23.370779 1537.193848
17091 25.340723 23.579000 1536.824951
17092 25.214214 23.316814 1537.512329
17093 24.502798 23.412399 1537.482544
17094 24.799246 23.114923 1538.167725
17095 25.453928 23.031651 1538.162231
17096 25.354321 22.799917 1538.756226
17097 24.745516 22.826908 1538.879150
17098 24.196901 23.092142 1538.416504
17099 24.129890 22.840586 1539.022949
17100 23.595716 23.117418 1538.534912
17101 23.534481 22.883234 1539.092407
17102 23.093735 23.120993 1538.669800
17103 22.930008 22.941948 1539.132324
17104 22.473057 23.231333 1538.569458
17105 22.236933 22.967188 1539.289185
17106 22.819992 22.730408 1539.611084
17107 22.399302 22.628769 1539.949097
17108 23.115879 22.426020 1540.115601
17109 22.626791 22.316429 1540.483398
17110 23.139858 22.150070 1540.630005
17111 22.803495 22.009960 1541.032349
17112 23.405577 21.905556 1541.016846
17113 23.034700 21.747503 1541.509399
17114 22.422686 21.858639 1541.570679
17115 22.195292 22.146009 1541.013306
17116 21.799757 22.010113 1541.574951
17117 22.055428 21.776915 1542.108643
17118 21.388281 21.966532 1542.083984
17119 21.149092 22.204046 1541.517700
17120 20.959902 21.995010 1542.628052
17121 21.679693 21.782417 1542.616821
17122 21.379112 21.840075 1543.007690
17123 20.972336 21.969004 1543.264526
17124 20.494835 22.113436 1543.227539
17125 20.913353 22.045643 1543.719849
17126 20.275778 22.257212 1543.776245
17127 19.575111 22.541792 1544.004639
17128 19.013378 22.599258 1543.515381
17129 18.960033 22.763643 1544.052979
17130 18.447348 22.799232 1543.640015
17131 18.418713 22.979105 1544.109375
17132 17.917154 22.995848 1543.726318
17133 17.881935 23.224230 1544.172852
17134 17.367252 23.198784 1543.756226
17135 17.317795 23.466812 1544.164795
17136 16.833286 23.369633 1543.721558
17137 17.002405 23.125467 1543.292847
17138 17.498671 23.013535 1543.373047
17139 17.344212 22.957846 1542.916382
17140 17.916397 22.865965 1543.221924
17141 17.907631 22.826389 1542.518188
17142 18.474506 22.703300 1543.091675
17143 17.900658 23.582573 1544.637695
17144 17.680426 24.013542 1544.884888
17145 18.154108 23.993238 1545.107910
17146 17.818281 24.451885 1545.196167
17147 18.385708 24.476048 1545.469604
17148 18.045294 25.043541 1545.500000
17149 18.680080 25.022114 1545.780518
17150 18.399176 25.733896 1545.753906
17151 19.085682 25.518576 1546.040894
17152 18.972528 26.176304 1546.003540
17153 19.650555 25.926476 1546.311768
17154 19.391411 26.511999 1546.155273
17155 18.456553 26.507977 1545.755005
17156 19.936514 26.551039 1546.385132
17157 20.234262 27.266588 1546.329712
17158 20.595942 26.552288 1546.667236
17159 20.949671 27.044966 1546.691406
17160 21.077579 27.639009 1546.504517
17161 20.582636 28.002487 1546.138916
17162 21.263996 28.278532 1546.196777
17163 20.754063 28.533157 1545.856079
17164 21.361254 28.778934 1545.829712
17165 20.764696 28.960316 1545.512573
17166 21.355949 29.231184 1545.383667
17167 21.319967 29.686378 1544.846069
17168 22.030373 29.528542 1545.135498
17169 21.779751 29.868265 1544.645874
17170 21.306858 30.081753 1544.329468
17171 21.898844 30.170193 1544.202393
17172 21.425699 30.422895 1543.840942
17173 22.045410 30.463467 1543.727295
17174 21.595732 30.777304 1543.272949
17175 22.274027 30.746721 1543.213257
17176 21.874855 31.102907 1542.660400
17177 22.584869 30.964363 1542.744141
17178 22.196962 31.246109 1542.297852
17179 21.536125 31.443218 1542.109009
17180 21.013357 31.133087 1542.782959
17181 20.721787 31.559124 1542.089111
17182 21.039396 31.755924 1541.603149
17183 21.724903 31.710724 1541.447510
17184 22.234064 31.471184 1541.800537
17185 22.268629 31.651131 1541.336060
17186 21.852598 31.876724 1540.916138
17187 22.501175 31.764496 1540.842651
17188 22.005682 32.005749 1540.322754
17189 22.701235 31.867723 1540.227539
17190 22.240206 32.083279 1539.609741
17191 23.006403 31.880445 1539.696899
17192 22.727335 32.013119 1539.159912
17193 23.408669 31.828924 1539.153076
17194 23.623331 31.715691 1539.816650
17195 24.131826 31.616634 1539.567627
17196 24.138586 31.641466 1538.873413
17197 23.497213 31.844339 1538.349731
17198 24.750332 31.472450 1538.689087
17199 24.736286 31.483374 1539.336792
17200 25.345064 31.339170 1539.164429
17201 26.014000 31.169111 1538.995117
17202 25.900473 31.230770 1539.654053
17203 26.474266 31.107279 1539.627686
17204 26.756325 31.006454 1539.156006
17205 27.029814 30.981602 1539.654175
17206 27.458849 30.882479 1540.070801
17207 28.102871 30.716816 1539.858887
17208 28.113438 30.683641 1540.503662
17209 28.718933 30.535740 1540.302490
17210 28.758905 30.523535 1539.630371
17211 28.800461 30.430176 1539.028931
17212 29.317259 30.341913 1539.464233
17213 29.348373 30.219625 1538.851196
17214 29.847864 30.145088 1539.271118
17215 29.794353 30.223619 1539.868042
17216 30.310305 30.043953 1539.668579
17217 30.362818 29.933790 1539.108276
17218 29.886026 29.985367 1538.680176
17219 30.463245 29.731878 1538.583008
17220 29.976528 29.698994 1538.066650
17221 30.637308 29.361412 1537.988647
17222 31.020504 29.517021 1538.638672
17223 31.220028 29.240610 1538.275269
17224 31.144203 28.943922 1537.776489
17225 30.565939 28.898109 1537.309204
17226 30.001806 29.273853 1537.382324
17227 30.000854 28.785999 1536.795410
17228 30.575285 28.366201 1536.808472
17229 31.114418 28.451244 1537.232788
17230 31.044359 27.935394 1536.802856
17231 30.966009 27.433697 1536.493286
17232 31.457876 27.479776 1536.800415
17233 31.224808 26.912405 1536.460205
17234 31.855379 26.962032 1536.817627
17235 31.633730 26.207527 1536.534790
17236 30.858351 26.295486 1536.162476
17237 30.253929 26.361464 1535.852173
17238 30.542236 25.616703 1536.036377
17239 30.006035 25.878782 1535.752808
17240 29.536661 25.698984 1535.552002
17241 29.959150 25.290277 1535.866089
17242 29.404766 25.040489 1535.733276
17243 29.287308 24.350056 1536.096558
17244 29.823498 24.703535 1536.045044
17245 30.088154 24.189375 1536.395020
17246 29.564442 23.815199 1536.560303
17247 30.050203 23.766958 1536.660034
17248 30.013832 23.390722 1536.956909
17249 30.533941 23.721184 1536.748657
17250 30.791283 23.198048 1537.117188
17251 30.350990 22.795374 1537.478516
17252 29.562885 23.002962 1537.365723
17253 29.190208 23.434534 1536.895386
17254 28.837294 23.102621 1537.320190
17255 28.423883 23.450880 1536.852783
17256 28.124249 23.151587 1537.317139
17257 27.751110 23.434122 1536.869019
17258 27.565144 23.216913 1537.255859
17259 27.079863 23.164425 1537.426392
17260 27.694153 22.934259 1537.786011
17261 27.007097 22.920311 1537.975464
17262 26.477339 23.144007 1537.590454
17263 26.466791 22.929583 1538.099487
17264 25.906288 23.107630 1537.830200
17265 26.074091 22.797245 1538.536011
17266 26.804918 22.713438 1538.501587
17267 26.541645 22.488335 1539.082886
17268 25.867949 22.543850 1539.172485
17269 25.304472 22.557650 1539.304077
17270 25.676167 22.307093 1539.702515
17271 26.305685 22.272087 1539.592285
17272 26.051907 22.011532 1540.138306
17273 26.706175 22.023661 1539.924805
17274 26.983097 22.222298 1539.469971
17275 27.396574 21.914370 1539.870972
17276 27.702898 22.163654 1539.309814
17277 28.087767 21.748365 1539.852295
17278 27.675257 21.544233 1540.358276
17279 28.200279 21.269293 1540.541504
17280 27.801453 21.134586 1540.927734
17281 27.120024 21.356253 1540.865234
17282 27.095184 21.668381 1540.387329
17283 26.535913 21.684040 1540.545776
17284 26.436016 21.229105 1541.293091
17285 25.799721 21.646849 1540.812744
17286 25.892540 21.151152 1541.598877
17287 26.417778 20.906437 1541.829224
17288 25.976124 20.838682 1542.130493
17289 26.381363 20.546558 1542.520142
17290 25.691757 20.674433 1542.622559
17291 25.463009 20.979200 1542.078247
17292 25.075666 20.832708 1542.623413
17293 24.814634 21.151031 1542.016846
17294 24.441774 21.013140 1542.592529
17295 24.111059 21.345615 1541.923584
17296 23.737940 21.199554 1542.612549
17297 24.115854 20.955956 1543.217773
17298 23.445099 21.176777 1543.235229
17299 23.025320 21.395380 1542.633911
17300 23.367451 21.472450 1542.030884
17301 22.715614 21.615164 1542.076294
17302 22.353653 21.574076 1542.708374
17303 21.869156 21.686644 1543.096680
17304 22.338808 21.538643 1543.252319
17305 22.037994 21.651894 1543.560913
17306 21.457424 21.826656 1543.396240
17307 21.563980 21.881830 1543.963989
17308 21.191633 22.105783 1544.299438
17309 20.718723 22.226942 1544.177124
17310 20.772844 22.405907 1544.657715
17311 20.272831 22.439665 1544.346313
17312 20.300276 22.704268 1544.872314
17313 19.804697 22.690535 1544.538574
17314 19.748796 22.966200 1544.935181
17315 20.277071 23.081709 1545.360107
17316 19.652317 23.413097 1545.380493
17317 20.167671 23.616533 1545.802979
17318 19.628454 23.966770 1545.784058
17319 20.144178 24.145689 1546.126831
17320 20.544025 23.778912 1546.106079
17321 20.734716 24.224876 1546.454468
17322 20.276327 24.826639 1546.455933
17323 20.986645 24.804487 1546.793457
17324 20.664867 25.403955 1546.750488
17325 21.253735 25.419697 1547.029297
17326 20.931141 25.938263 1546.887817
17327 21.472889 25.854965 1547.139648
17328 21.361996 26.501200 1547.006958
17329 21.960732 26.053783 1547.348389
17330 21.821293 25.391487 1547.305664
17331 22.492252 25.520250 1547.643311
17332 22.550976 26.281822 1547.580688
17333 22.090107 26.772039 1547.252808
17334 22.740055 26.927509 1547.468262
17335 22.378336 27.551323 1547.039307
17336 21.608082 27.259647 1546.880249
17337 21.782591 27.976984 1546.571045
17338 22.444000 28.298817 1546.559082
17339 22.981848 27.989710 1546.970947
17340 22.979853 28.458822 1546.573486
17341 22.514299 28.908735 1545.986816
17342 23.136526 28.973980 1546.048828
17343 22.631395 29.260971 1545.579102
17344 23.327969 29.381109 1545.509277
17345 22.830606 29.647774 1545.043579
17346 23.637268 29.761194 1544.884766
17347 23.946041 29.441145 1545.467651
17348 24.264587 29.655968 1545.080688
17349 24.319397 29.912413 1544.558960
17350 23.738817 30.224386 1543.981079
17351 23.000586 29.992167 1544.472778
17352 23.010195 30.362869 1543.797729
17353 23.435175 30.603745 1543.262573
17354 22.813969 30.668692 1543.255493
17355 22.532728 30.485155 1543.634644
17356 22.506134 30.226141 1544.086182
17357 23.155926 30.910143 1542.703003
17358 23.700832 30.891773 1542.591675
17359 23.333311 31.181274 1542.047607
17360 22.725321 31.229067 1542.160034
17361 22.843582 31.489168 1541.479614
17362 23.556629 31.378462 1541.421875
17363 23.151995 31.628113 1540.842896
17364 23.838022 31.495157 1540.828369
17365 23.398567 31.704372 1540.246948
17366 24.136684 31.545891 1540.251587
17367 24.480499 31.366415 1540.875366
17368 24.762606 31.389122 1540.485352
17369 24.729485 31.456505 1539.964722
17370 25.318413 31.347723 1539.787842
17371 25.290377 31.307899 1540.376953
17372 25.876919 31.213497 1540.233521
17373 26.336754 31.133713 1540.072632
17374 26.503019 31.043657 1540.647339
17375 26.866526 31.017891 1540.145020
17376 27.366159 30.842073 1540.729736
17377 26.927744 30.833370 1541.273315
17378 27.553993 30.644150 1541.448364
17379 27.069021 30.609323 1541.934814
17380 26.337048 30.792187 1541.829712
17381 26.583588 30.510918 1542.492432
17382 27.270096 30.343279 1542.569092
17383 26.798870 30.217997 1543.156616
17384 26.171408 30.331852 1543.138428
17385 25.938421 30.615505 1542.516724
17386 25.564531 30.423855 1543.133911
17387 25.301201 30.702105 1542.543823
17388 24.914219 30.494440 1543.163086
17389 24.681137 30.790674 1542.534302
17390 24.141996 30.608171 1543.102539
17391 24.549492 30.249964 1543.799072
17392 25.253876 30.214462 1543.723877
17393 24.978115 29.943054 1544.412598
17394 25.736837 29.928539 1544.293335
17395 25.336414 29.731827 1544.847534
17396 25.905048 29.620956 1545.030884
17397 26.598221 29.741602 1544.539307
17398 26.327261 30.041399 1543.822021
17399 25.804255 30.195091 1543.613037
17400 27.038227 29.929190 1543.828491
17401 27.487829 30.061985 1543.217651
17402 27.721758 29.802473 1543.847900
17403 27.346077 29.687590 1544.403564
17404 27.994614 29.585901 1544.408325
17405 28.526318 29.645893 1543.864014
17406 28.483925 29.477114 1544.521606
17407 28.975388 29.425703 1544.407837
17408 29.213070 29.535635 1543.788818
17409 28.920469 29.748701 1543.234131
17410 28.190331 29.910891 1543.223633
17411 28.590252 30.020695 1542.614624
17412 27.911875 30.206429 1542.546875
17413 27.712458 30.431562 1542.025269
17414 28.320419 30.264416 1542.074463
17415 28.076363 30.458483 1541.643677
17416 28.079393 30.588137 1541.128662
17417 28.603685 30.348625 1541.538330
17418 28.706835 30.453243 1540.959351
17419 29.207830 30.228100 1541.362061
17420 28.966665 30.110798 1542.031006
17421 29.744785 29.937073 1541.932251
17422 29.913710 30.097338 1541.038940
17423 29.273703 30.336649 1540.688721
17424 29.704916 30.240829 1540.398926
17425 29.279533 30.383072 1540.065430
17426 30.230986 30.085152 1540.323853
17427 30.714794 29.888517 1540.864136
17428 30.526684 29.813713 1541.596924
17429 31.274366 29.649000 1541.386353
17430 31.339352 29.714869 1540.610107
17431 30.859156 29.883224 1540.111328
17432 31.564068 29.609507 1539.868530
17433 30.869408 29.822012 1539.484009
17434 31.301275 29.594179 1539.208130
17435 30.788166 29.741156 1538.990112
17436 31.645483 29.288048 1538.791504
17437 31.789881 29.413507 1539.335327
17438 32.213371 29.157362 1539.178955
17439 32.220417 28.910038 1538.657593
17440 31.667608 28.947865 1538.199219
17441 32.136070 28.553892 1538.074463
17442 32.795315 28.491493 1538.569580
17443 32.755398 28.043468 1538.030029
17444 33.399391 28.027254 1538.524170
17445 33.333618 27.508415 1538.012329
17446 32.614349 27.578098 1537.571411
17447 32.133980 28.079472 1537.607910
17448 32.019119 27.551706 1537.174072
17449 31.559713 28.036158 1537.191528
17450 31.646515 28.538803 1537.682373
17451 32.449574 27.051512 1537.189941
17452 32.314861 26.419167 1536.913452
17453 32.914616 26.580864 1537.282471
17454 32.849144 25.920000 1537.088135
17455 32.210072 25.770365 1536.765625
17456 31.764500 25.594635 1536.560913
17457 31.241325 25.637463 1536.334106
17458 31.591047 25.112019 1536.526489
17459 31.006929 25.003876 1536.332886
17460 30.362879 24.804911 1536.175171
17461 30.910681 24.280697 1536.536621
17462 31.431341 24.624260 1536.564331
17463 31.662882 24.132921 1536.771362
17464 31.243914 23.608778 1536.905518
17465 31.898006 23.578434 1537.024292
17466 31.557634 23.020132 1537.260864
17467 31.034353 22.757664 1537.437378
17468 31.505512 22.443624 1537.646484
17469 32.134037 22.541843 1537.581299
17470 31.980209 22.028400 1537.939941
17471 31.388636 21.998590 1538.038940
17472 30.933590 22.368351 1537.784790
17473 30.857300 22.005358 1538.165161
17474 30.392782 22.258446 1538.028564
17475 30.464924 21.823378 1538.521851
17476 29.859812 22.086832 1538.446411
17477 29.789595 22.538082 1537.881226
17478 29.356045 22.341593 1538.299316
17479 29.481054 21.903265 1538.892944
17480 28.966038 22.131954 1538.796509
17481 28.641546 22.451132 1538.402832
17482 29.106140 22.712927 1537.833496
17483 28.410822 22.788340 1537.895874
17484 28.053755 22.660963 1538.229736
17485 27.480469 22.684084 1538.359497
17486 27.950994 22.415575 1538.737183
17487 27.256260 22.451958 1538.919434
17488 28.367306 22.107893 1539.119019
17489 29.011410 21.788542 1539.321289
17490 28.579443 21.690205 1539.705078
17491 28.605936 21.415073 1540.116943
17492 29.026531 21.457964 1539.822144
17493 29.080822 21.143335 1540.265747
17494 28.752398 20.966524 1540.715942
17495 29.420156 20.794397 1540.604492
17496 28.906956 20.609219 1541.194824
17497 28.358719 20.863001 1541.079102
17498 28.443630 20.561996 1541.516724
17499 28.802414 20.298710 1541.791992
17500 28.161631 20.390371 1541.954468
17501 27.971962 20.712151 1541.500977
17502 27.584867 20.520287 1542.000000
17503 27.876608 20.172865 1542.521362
17504 27.158504 20.282448 1542.669189
17505 27.596300 20.029497 1543.012695
17506 27.107006 20.030849 1543.343140
17507 27.682075 19.834208 1543.533569
17508 27.174986 19.861080 1543.918213
17509 27.681534 19.699930 1544.099609
17510 27.248350 19.762093 1544.385742
17511 26.761013 19.902142 1544.354248
17512 27.038082 19.779745 1544.860107
17513 26.377798 19.992552 1544.879028
17514 26.180508 20.092665 1544.275879
17515 25.713684 20.239231 1544.695190
17516 26.029968 20.141075 1545.323730
17517 26.730612 19.882727 1545.437500
17518 26.414932 20.084631 1546.083984
17519 25.658829 20.380459 1545.841187
17520 25.328875 20.426044 1545.161255
17521 25.060354 20.638447 1545.661987
17522 24.655107 20.732529 1545.072632
17523 24.919254 20.560225 1544.402832
17524 24.253305 20.852102 1544.455566
17525 24.054483 21.034580 1545.060791
17526 23.526226 21.194044 1544.528931
17527 23.406185 21.431692 1545.250977
17528 22.791788 21.548069 1544.588013
17529 23.158489 21.269924 1543.856445
17530 23.826941 21.007673 1543.861328
17531 22.820766 21.387167 1543.162720
17532 22.583134 21.476870 1543.730957
17533 22.118401 21.762669 1544.318237
17534 22.351723 21.977034 1545.192139
17535 22.861242 21.786695 1545.384766
17536 22.615646 22.253397 1545.978027
17537 22.030149 22.434799 1545.693359
17538 22.244360 22.870546 1546.427979
17539 21.751257 22.896847 1546.063965
17540 21.478657 22.607700 1545.500610
17541 21.809900 22.170044 1545.041260
17542 21.295437 22.326000 1544.898682
17543 20.883047 22.773520 1545.329712
17544 21.299658 23.102467 1545.969971
17545 20.718512 23.334545 1545.851196
17546 21.089500 23.662783 1546.317627
17547 21.736879 23.468084 1546.570557
17548 21.359491 24.153429 1546.752930
17549 21.961542 24.131363 1547.097412
17550 21.565430 24.769365 1547.083252
17551 22.160206 24.784115 1547.412476
17552 22.522444 24.193819 1547.469849
17553 22.673614 24.772875 1547.697144
17554 23.095776 24.342669 1547.866211
17555 23.128942 25.099033 1547.971680
17556 23.050482 25.881786 1547.881348
17557 23.583408 25.567032 1548.172363
17558 23.649450 24.859182 1548.240723
17559 24.143080 25.247078 1548.460693
17560 24.124741 25.918112 1548.341919
17561 23.547514 26.331409 1548.002563
17562 24.130987 26.518129 1548.169556
17563 23.913740 26.927788 1547.925415
17564 23.339930 26.998428 1547.678101
17565 23.038021 26.494184 1547.739990
17566 23.061012 27.430571 1547.357910
17567 23.690287 27.416300 1547.593018
17568 23.469885 27.812326 1547.261597
17569 23.557692 28.253696 1546.930054
17570 24.077398 27.915039 1547.373535
17571 24.171740 28.486122 1546.859253
17572 23.659262 28.743996 1546.443237
17573 24.219860 28.850643 1546.423340
17574 23.774176 29.106863 1545.984619
17575 24.352497 29.166836 1545.971924
17576 24.590530 29.427740 1545.528198
17577 24.926113 29.193258 1545.980469
17578 25.271753 29.464052 1545.454834
17579 24.794271 29.692890 1544.985718
17580 25.443365 29.193563 1546.006470
17581 25.913393 29.348207 1545.677734
17582 26.560461 29.468058 1545.305664
17583 26.591959 29.148033 1546.095581
17584 27.140009 29.300327 1545.653931
17585 27.124191 29.508722 1545.044067
17586 27.660080 29.509018 1544.842285
17587 27.776516 29.331440 1545.393188
17588 28.164814 29.408230 1544.964233
17589 28.482050 29.237713 1545.459229
17590 28.766754 29.323246 1544.978149
17591 29.119583 29.138321 1545.549194
17592 28.817223 29.076263 1545.897705
17593 29.428806 28.938560 1546.120361
17594 29.759892 29.053905 1545.545532
17595 29.363094 29.241621 1544.963745
17596 29.987185 29.150665 1544.951172
17597 29.578415 29.334665 1544.373169
17598 30.201651 29.232935 1544.365967
17599 29.833647 29.417231 1543.800903
17600 30.459837 29.303905 1543.796143
17601 30.148554 29.488125 1543.248901
17602 29.506758 29.622942 1543.236450
17603 29.908983 29.698900 1542.643555
17604 29.262457 29.857271 1542.619141
17605 30.421921 29.673906 1542.287842
17606 31.060019 29.561754 1542.114258
17607 30.908993 29.460802 1542.701172
17608 31.519447 29.337893 1542.626465
17609 31.695480 29.412558 1542.047729
17610 31.851717 29.455372 1541.549438
17611 31.797308 29.532885 1541.034302
17612 32.289482 29.334703 1541.419800
17613 32.279533 29.378401 1540.848145
17614 31.836964 29.543293 1540.505615
17615 32.244255 29.374531 1540.245972
17616 32.161808 29.328339 1539.682251
17617 32.742809 29.133570 1540.037476
17618 32.635777 29.060673 1539.525879
17619 32.760265 28.829597 1539.103760
17620 33.293282 28.750738 1539.609619
17621 33.348289 28.465231 1539.073975
17622 33.899662 28.440088 1539.637451
17623 33.962360 28.035091 1539.005859
17624 34.012627 27.561111 1538.532715
17625 34.664021 27.631628 1539.051880
17626 34.557186 27.095884 1538.511108
17627 35.170444 27.130056 1538.878418
17628 35.010117 26.626852 1538.463379
17629 34.402267 26.543453 1538.107544
17630 34.862415 25.982756 1538.119385
17631 34.198711 26.025127 1537.809570
17632 34.511806 25.548983 1537.844116
17633 34.006821 25.470505 1537.590698
17634 33.532032 26.095217 1537.477417
17635 33.396885 25.380335 1537.285767
17636 32.767033 25.258146 1536.991455
17637 33.299896 24.754475 1537.225220
17638 32.652988 24.556051 1536.984985
17639 32.162861 25.169025 1536.740845
17640 31.961149 24.604345 1536.737061
17641 32.237503 24.050022 1536.946167
17642 32.780384 23.862934 1537.154663
17643 32.404610 23.580885 1537.131836
17644 32.271610 23.122425 1537.286743
17645 32.819710 23.282372 1537.338013
17646 32.741417 22.658289 1537.589600
17647 32.656361 22.027437 1537.957764
17648 33.253117 22.269794 1537.901001
17649 33.242550 21.722467 1538.255859
17650 32.789696 21.523329 1538.364014
17651 32.346569 21.693472 1538.206543
17652 32.318005 21.306828 1538.580811
17653 32.810471 21.048746 1538.838623
17654 32.309711 20.915583 1539.038208
17655 31.888769 21.163351 1538.813477
17656 31.756531 20.797606 1539.338135
17657 32.248585 20.541422 1539.583496
17658 31.707968 20.438324 1539.927979
17659 31.194548 20.722429 1539.685791
17660 31.221725 21.086876 1539.137451
17661 30.727024 20.996279 1539.509155
17662 30.560116 20.693209 1540.077271
17663 30.114119 21.167572 1539.608032
17664 30.598160 21.368109 1539.050171
17665 29.938822 21.648560 1539.016357
17666 29.499723 21.535728 1539.431519
17667 29.511875 21.143236 1540.010986
17668 29.932726 20.844965 1540.213379
17669 30.045506 20.524227 1540.674316
17670 29.569771 20.443804 1541.098267
17671 30.074856 20.164431 1541.333862
17672 30.610579 20.288380 1540.768677
17673 31.160036 20.375986 1540.294189
17674 31.157223 20.065147 1540.926392
17675 30.726158 19.982798 1541.352417
17676 31.228630 19.849154 1541.412842
17677 30.979687 19.732498 1541.869629
17678 31.577202 19.676399 1541.737793
17679 31.372761 19.529234 1542.340088
17680 30.730295 19.586119 1542.465820
17681 30.363338 19.838688 1541.914551
17682 30.124699 19.659388 1542.555786
17683 30.512781 19.438292 1543.126831
17684 29.944134 19.518845 1543.128174
17685 29.553156 19.731213 1542.661865
17686 29.449791 19.572046 1543.223877
17687 28.955551 19.791302 1542.832520
17688 28.802248 19.619631 1543.460571
17689 28.252342 19.853796 1543.074707
17690 28.238941 19.653147 1543.752930
17691 28.712358 19.490688 1544.073120
17692 28.143219 19.552790 1544.351807
17693 27.619385 19.631683 1544.682861
17694 28.145540 19.480930 1544.953247
17695 28.589149 19.427975 1544.581543
17696 28.765135 19.333273 1545.108765
17697 29.196959 19.323660 1544.549194
17698 29.335024 19.208818 1545.271606
17699 29.884193 19.182209 1544.800903
17700 29.998392 19.066402 1545.560059
17701 29.332714 19.157602 1546.022827
17702 28.807646 19.286697 1545.747559
17703 28.546909 19.354742 1546.148071
17704 28.893362 19.289246 1546.691772
17705 28.149090 19.526447 1546.677734
17706 27.829432 19.566168 1546.121460
17707 28.242270 19.427534 1545.653198
17708 27.492159 19.635038 1545.446533
17709 27.102571 19.814127 1546.106201
17710 27.495344 19.766731 1546.685181
17711 26.797447 20.067101 1546.714844
17712 27.314135 20.016411 1547.282104
17713 26.821192 20.272741 1547.328125
17714 26.344870 20.410355 1547.080078
17715 25.914333 20.429363 1546.517090
17716 25.842066 20.728258 1547.159912
17717 25.346437 20.800793 1546.681030
17718 25.370403 20.608326 1546.173096
17719 24.888561 20.872091 1546.163574
17720 24.771122 21.171024 1546.717041
17721 25.349319 21.091763 1547.265015
17722 24.691645 21.597904 1547.333984
17723 24.175043 21.537762 1546.641846
17724 24.048042 21.983994 1547.167603
17725 23.601601 21.930470 1546.591797
17726 23.574165 22.342346 1547.102539
17727 23.097488 22.293890 1546.545166
17728 23.073051 22.696783 1546.978394
17729 22.703621 22.604471 1546.534058
17730 23.192467 21.858875 1545.964478
17731 22.672827 22.987734 1546.885254
17732 22.414671 23.507015 1547.069336
17733 23.115780 23.211874 1547.417480
17734 22.895605 23.804537 1547.567383
17735 23.466843 23.713787 1547.927368
17736 23.816050 24.208038 1548.267090
17737 24.140804 24.675491 1548.482300
17738 24.486458 24.195341 1548.623169
17739 24.616087 24.888512 1548.691528
17740 24.717577 25.576235 1548.640991
17741 25.188913 25.146214 1548.874023
17742 25.483828 25.745398 1548.838989
17743 25.232452 26.309643 1548.598267
17744 24.583963 26.330853 1548.393311
17745 25.018372 26.875879 1548.300903
17746 24.451700 26.873579 1548.132324
17747 24.786884 27.202066 1548.062866
17748 25.362841 27.504694 1548.014648
17749 24.687342 27.713581 1547.697510
17750 25.267569 28.020256 1547.578247
17751 24.642897 28.167107 1547.300659
17752 25.223339 28.457901 1547.110596
17753 24.687723 28.638763 1546.788818
17754 25.235619 28.899738 1546.502930
17755 24.688389 28.946363 1546.362183
17756 25.808363 28.650198 1546.942749
17757 25.690479 28.303757 1547.365723
17758 26.343521 28.359570 1547.391113
17759 25.880138 27.923950 1547.781616
17760 26.540642 27.867546 1547.929443
17761 26.913418 28.133276 1547.707275
17762 26.950760 28.524431 1547.225464
17763 26.448469 28.787624 1546.791016
17764 27.059160 28.857121 1546.683105
17765 27.206385 29.088135 1546.191284
17766 27.632391 28.894821 1546.592773
17767 27.686832 29.137590 1546.003540
17768 28.305365 29.131008 1545.882080
17769 28.229382 28.922432 1546.468750
17770 28.824051 28.924791 1546.345093
17771 28.771151 28.700333 1546.870483
17772 29.360575 28.724615 1546.706055
17773 29.315462 28.437202 1547.253906
17774 29.849108 28.544044 1546.959595
17775 29.856672 28.740433 1546.524902
17776 30.150707 28.845221 1546.105713
17777 30.429796 28.625015 1546.609009
17778 30.889328 28.702820 1546.182983
17779 30.425352 28.954971 1545.540039
17780 31.079771 28.857780 1545.475220
17781 30.609650 29.053947 1544.932739
17782 31.139181 28.966892 1544.896729
17783 30.835680 29.121843 1544.373169
17784 31.544874 28.963034 1544.487427
17785 31.103872 29.181316 1543.799072
17786 31.760977 29.044443 1543.791748
17787 31.326696 29.258533 1543.199585
17788 31.959885 29.116909 1543.180298
17789 32.149719 29.184153 1542.597290
17790 32.592388 28.957899 1543.134399
17791 32.750225 29.034458 1542.466919
17792 33.342396 28.747589 1543.018433
17793 33.353218 28.878498 1542.218872
17794 32.781406 29.127327 1541.803955
17795 33.314285 28.962133 1541.610596
17796 32.813290 29.166035 1541.284058
17797 32.231163 29.282444 1541.932983
17798 33.316418 28.982624 1541.048950
17799 33.754986 28.812731 1541.338257
17800 33.834988 28.759321 1540.787598
17801 33.312584 28.939096 1540.409180
17802 33.761391 28.685431 1540.161133
17803 32.778660 29.185326 1540.632568
17804 34.398430 28.460381 1540.369385
17805 34.392319 28.579128 1541.278564
17806 35.124992 28.294359 1540.885010
17807 35.139038 28.332985 1541.659546
17808 35.781792 28.163998 1541.329834
17809 35.819481 28.026201 1540.574585
17810 35.090073 28.110291 1540.152954
17811 35.581696 27.812830 1539.896606
17812 35.031006 27.847261 1539.582397
17813 35.354259 27.532518 1539.365356
17814 35.884422 27.517572 1539.616211
17815 35.777027 27.166006 1539.195801
17816 36.486515 27.269098 1539.555420
17817 36.303730 26.671486 1538.998169
17818 37.109459 26.752356 1539.268799
17819 36.821671 25.986221 1538.758301
17820 37.623775 26.164352 1538.995361
17821 37.540951 25.450689 1538.658081
17822 36.874458 25.144421 1538.495361
17823 36.175564 25.426027 1538.432617
17824 35.984413 26.104185 1538.602417
17825 35.531181 25.670952 1538.302124
17826 35.662174 24.948963 1538.202393
17827 35.040470 25.261196 1538.020752
17828 35.407543 26.213459 1538.442871
17829 35.094475 24.403294 1537.980225
17830 34.485641 24.976357 1537.754761
17831 34.256710 24.355610 1537.648193
17832 34.470867 23.715324 1537.799072
17833 33.840584 23.890030 1537.527466
17834 33.730492 24.384943 1537.426147
17835 33.286964 24.158678 1537.274902
17836 33.326080 23.552092 1537.408447
17837 33.315529 22.906879 1537.613403
17838 33.887142 23.257130 1537.681396
17839 33.892284 22.586920 1537.919556
17840 33.867630 21.947283 1538.244141
17841 34.487328 22.260200 1538.259399
17842 34.488659 21.642204 1538.614258
17843 33.886627 21.399086 1538.639526
17844 33.343483 21.241838 1538.677246
17845 33.927025 20.885466 1539.129150
17846 33.314034 20.830112 1539.111694
17847 32.772499 20.652658 1539.336914
17848 33.192951 20.426849 1539.648926
17849 33.803436 20.347639 1539.794922
17850 33.349949 20.118610 1540.164673
17851 32.764942 20.291098 1539.901855
17852 32.892952 19.929268 1540.601807
17853 32.228447 20.168428 1540.248657
17854 32.244564 19.877193 1540.893677
17855 32.815861 19.656418 1541.335449
17856 32.177540 19.656532 1541.540039
17857 31.683260 19.858440 1541.165039
17858 32.027767 19.494867 1542.166626
17859 32.710674 19.466038 1542.020142
17860 32.548321 19.318855 1542.700439
17861 31.820963 19.361088 1542.815796
17862 32.420254 19.204512 1543.296265
17863 31.731689 19.229149 1543.482666
17864 32.259159 19.091330 1543.936646
17865 31.672579 19.087854 1544.238159
17866 30.951799 19.242815 1543.786865
17867 31.193176 19.385685 1543.002930
17868 30.251083 19.347517 1543.658447
17869 30.418901 19.192574 1544.343262
17870 29.790445 19.314772 1544.101807
17871 29.769262 19.432627 1543.567871
17872 29.297834 19.444759 1543.819336
17873 30.510408 19.054058 1545.113892
17874 31.003023 19.089130 1544.576416
17875 31.048233 18.966833 1545.274536
17876 30.551979 18.970379 1545.689453
17877 30.089918 19.002192 1546.131592
17878 30.754307 18.878052 1546.325317
17879 30.374996 18.927004 1546.718628
17880 31.030010 18.812302 1546.734375
17881 30.733032 18.865911 1547.213257
17882 30.067223 19.008348 1547.135986
17883 29.583895 19.097528 1546.575806
17884 29.370283 19.224867 1547.322266
17885 28.579884 19.481874 1547.248291
17886 28.955959 19.515785 1547.859131
17887 28.274029 19.752399 1547.716309
17888 27.923576 19.728649 1547.213867
17889 27.732481 20.000698 1547.712891
17890 27.164564 20.295395 1547.726196
17891 27.651829 20.318142 1548.184692
17892 27.075678 20.670227 1548.206665
17893 26.493608 20.626484 1547.655396
17894 26.524485 20.988216 1548.170410
17895 27.134792 21.167902 1548.725098
17896 27.649658 20.725191 1548.649658
17897 27.722975 21.099579 1548.986816
17898 27.535807 21.544044 1549.150146
17899 28.104261 21.332529 1549.296875
17900 27.924162 21.806194 1549.407959
17901 28.570498 21.740816 1549.629761
17902 28.717556 21.049368 1549.442871
17903 29.296431 21.338596 1549.812988
17904 29.298927 21.998974 1549.940186
17905 28.691668 22.489174 1549.779907
17906 29.382893 22.675932 1549.984985
17907 28.813072 23.108313 1549.808472
17908 29.453371 23.327621 1549.941284
17909 28.936161 23.753960 1549.765381
17910 29.508553 23.984884 1549.836914
17911 29.059593 24.290751 1549.689087
17912 28.485670 24.201387 1549.622070
17913 28.295916 23.576777 1549.668701
17914 27.792809 24.073278 1549.541382
17915 28.036554 24.704906 1549.477905
17916 27.236300 24.633963 1549.394897
17917 27.110073 23.879112 1549.444092
17918 26.573689 24.311874 1549.318359
17919 26.487017 23.648870 1549.307251
17920 26.986696 23.218555 1549.402222
17921 27.630146 23.412271 1549.550781
17922 27.501272 22.754654 1549.481689
17923 28.168005 22.909981 1549.659668
17924 28.033476 22.301056 1549.562622
17925 27.448048 22.122021 1549.335083
17926 26.825975 22.527456 1549.238403
17927 26.998068 21.783113 1549.034302
17928 26.428411 22.136118 1548.949829
17929 26.511728 21.527685 1548.643921
17930 25.943108 22.044765 1548.668701
17931 25.950613 21.496113 1548.275146
17932 25.433069 21.962584 1548.314331
17933 25.461866 22.472078 1548.640137
17934 26.062639 22.654747 1548.994385
17935 25.472515 23.088339 1548.877686
17936 24.929298 22.910152 1548.543579
17937 25.112051 23.438316 1548.801636
17938 24.657625 23.512962 1548.593994
17939 24.331253 23.068371 1548.246338
17940 24.581705 22.506033 1548.112671
17941 25.040596 22.355194 1548.328369
17942 24.885065 22.001753 1547.953857
17943 24.331312 22.178654 1547.655029
17944 25.347719 21.517376 1547.844116
17945 24.103830 22.646023 1547.842529
17946 23.973988 22.345535 1547.489990
17947 23.614180 22.719891 1547.491211
17948 23.865950 23.177834 1547.975952
17949 24.089256 23.631636 1548.299927
17950 25.100462 23.952543 1548.877075
17951 25.051899 24.507242 1548.879395
17952 25.397652 24.182407 1549.003906
17953 25.558552 24.668652 1549.041138
17954 25.760063 25.266935 1549.016235
17955 26.123919 24.755915 1549.180908
17956 26.303877 25.307760 1549.127563
17957 25.960281 25.683226 1548.969238
17958 25.974365 26.290657 1548.778809
17959 26.514523 25.837540 1549.028809
17960 26.786085 26.426678 1548.857300
17961 26.352148 26.916416 1548.566406
17962 27.011980 26.946005 1548.635864
17963 26.764080 27.414700 1548.319214
17964 27.197321 27.369522 1548.393555
17965 27.331181 27.806280 1548.060181
17966 26.054731 27.430750 1548.203125
17967 27.674173 27.236595 1548.518799
17968 28.134148 27.657858 1548.219360
17969 28.306265 27.227394 1548.541382
17970 28.769695 27.390333 1548.423950
17971 28.729044 27.883797 1548.001831
17972 28.004713 28.204638 1547.674561
17973 28.726084 28.343800 1547.463501
17974 28.159273 28.640388 1547.046387
17975 27.534151 28.588861 1547.147339
17976 27.362391 28.276081 1547.573853
17977 29.362339 28.014631 1547.815674
17978 29.931219 28.155355 1547.569580
17979 30.056696 27.603985 1548.172119
17980 30.550764 27.853422 1547.856323
17981 30.472771 28.315733 1547.218140
17982 30.887239 28.470921 1546.797974
17983 31.173944 28.102194 1547.404419
17984 31.477579 28.402775 1546.728516
17985 31.892805 28.073013 1547.280151
17986 32.093227 28.312819 1546.673706
17987 31.670017 28.612947 1546.002319
17988 32.384865 28.422529 1546.147217
17989 32.093983 28.630617 1545.571167
17990 31.618065 28.805328 1545.237793
17991 32.163898 28.729212 1545.005005
17992 32.246483 28.828011 1544.341187
17993 32.862053 28.571098 1544.851196
17994 32.769024 28.709818 1544.205566
17995 32.390873 28.893694 1543.770386
17996 33.012192 28.726337 1543.705078
17997 33.272224 28.525576 1544.370972
17998 33.661724 28.497446 1543.786987
17999 33.977215 28.266748 1544.434570
18000 33.631531 28.308764 1544.940308
18001 34.411587 27.986456 1545.060913
18002 34.631634 28.013933 1544.409790
18003 34.313232 28.250427 1543.851685
18004 34.872955 28.037441 1543.871094
18005 34.672321 28.229359 1543.329468
18006 35.211536 28.015724 1543.459229
18007 35.155106 28.153549 1542.933350
18008 34.523960 28.405470 1542.687012
18009 35.169018 28.261358 1542.323853
18010 34.520390 28.499382 1542.046143
18011 35.804729 28.137558 1541.996094
18012 35.846607 28.006247 1542.713501
18013 36.464382 27.949080 1542.315186
18014 36.370548 28.045452 1541.664307
18015 36.283916 28.036333 1541.095703
18016 36.846897 27.962973 1541.260498
18017 36.998627 27.923285 1541.920044
18018 37.483627 27.884876 1541.453247
18019 37.262772 27.803047 1540.772461
18020 36.584766 27.880743 1540.650146
18021 37.004818 27.569689 1540.142090
18022 36.244263 27.704916 1540.067017
18023 37.052719 27.219360 1539.686157
18024 37.587032 27.158360 1539.794800
18025 37.790455 26.629173 1539.354980
18026 38.237766 26.807487 1539.726685
18027 38.243938 26.280561 1539.207275
18028 38.174912 25.710283 1538.868042
18029 38.709816 25.878174 1539.167969
18030 38.707390 26.324532 1539.433960
18031 39.044693 25.910179 1539.658936
18032 39.275036 25.557989 1539.119385
18033 38.708035 25.374491 1538.783813
18034 39.360500 25.241478 1538.661865
18035 39.786865 25.075449 1539.086792
18036 39.837307 24.855041 1538.475342
18037 39.248241 24.650206 1538.264771
18038 39.778870 24.181723 1538.032349
18039 39.066822 23.957945 1538.060913
18040 39.523197 23.430790 1538.032715
18041 39.014214 23.398645 1538.110229
18042 38.559723 23.795853 1538.165161
18043 38.656380 24.447849 1538.251465
18044 38.039391 24.292170 1538.315430
18045 37.931072 23.616779 1538.317749
18046 37.392868 24.076317 1538.372803
18047 37.333241 23.441923 1538.421509
18048 36.823048 23.819532 1538.388550
18049 36.824322 23.186352 1538.479370
18050 36.348434 23.539948 1538.376831
18051 36.440922 24.136911 1538.341553
18052 36.828972 24.438795 1538.388428
18053 36.319126 24.716146 1538.344849
18054 37.469341 24.761177 1538.449951
18055 35.852276 24.067081 1538.225952
18056 35.769615 23.125826 1538.337646
18057 35.127384 23.454927 1538.082275
18058 35.122314 22.625692 1538.308960
18059 34.497643 22.968050 1537.984497
18060 35.092052 21.943331 1538.605835
18061 35.778046 22.236746 1538.639404
18062 35.508209 21.638082 1538.891113
18063 35.060066 21.365585 1538.965088
18064 34.538094 21.086283 1539.061523
18065 35.137775 20.865341 1539.405273
18066 34.636124 20.542372 1539.651367
18067 34.490929 20.104321 1540.243408
18068 33.943787 19.987125 1540.412231
18069 34.535480 19.844206 1540.720215
18070 34.000881 19.738155 1540.950439
18071 33.514439 19.878460 1540.644775
18072 33.440575 19.676670 1541.155640
18073 34.019073 19.534040 1541.510742
18074 34.575161 19.605694 1541.270508
18075 34.592575 19.412155 1541.845459
18076 34.090519 19.380575 1542.020996
18077 33.464733 19.440407 1541.914673
18078 33.899921 19.270498 1542.495605
18079 33.246082 19.296053 1542.559204
18080 33.759674 19.140411 1543.098145
18081 33.089008 19.169455 1543.193848
18082 33.637314 18.986456 1543.803467
18083 32.893970 19.053555 1543.822998
18084 33.276882 18.884235 1544.394775
18085 32.667538 18.955956 1544.401733
18086 32.975319 18.803753 1544.941040
18087 32.404701 18.883057 1544.918579
18088 32.730721 18.759159 1545.352417
18089 32.188652 18.803793 1545.506836
18090 31.725338 18.951649 1544.947998
18091 32.143478 18.997253 1544.474731
18092 31.551327 18.856783 1545.628662
18093 32.009666 18.733002 1546.151245
18094 31.351814 18.805651 1546.213379
18095 31.002415 18.903704 1545.752808
18096 31.716713 18.716223 1546.722168
18097 31.367496 18.752138 1547.230713
18098 32.015446 18.652203 1547.306519
18099 31.664177 18.718281 1547.692261
18100 31.125055 18.829168 1547.729858
18101 30.494881 18.971075 1547.708862
18102 30.902124 18.971708 1548.221313
18103 30.227577 19.169497 1548.208008
18104 29.956549 19.114777 1547.683960
18105 29.617622 19.316570 1548.015991
18106 29.952347 19.418114 1548.572021
18107 29.302313 19.617563 1548.414795
18108 28.646570 19.838671 1548.258057
18109 29.027754 20.018040 1548.803101
18110 28.271040 20.323462 1548.640747
18111 28.101704 20.026928 1548.109131
18112 28.212868 20.814556 1549.049438
18113 28.834663 20.502445 1549.159668
18114 29.329670 20.718651 1549.572754
18115 29.462591 20.221100 1549.293457
18116 29.859760 20.444708 1549.697632
18117 29.914692 20.936342 1549.974609
18118 29.911934 21.592398 1550.138550
18119 30.589764 21.205605 1550.413086
18120 30.471491 21.932545 1550.407837
18121 29.940926 22.260426 1550.187744
18122 30.458191 22.482416 1550.363892
18123 30.081676 22.980587 1550.170532
18124 30.811863 22.934608 1550.416016
18125 30.599638 23.660192 1550.187378
18126 29.957699 23.612976 1550.019775
18127 30.082500 24.224140 1549.896606
18128 29.481476 24.726889 1549.642944
18129 30.233858 24.985113 1549.679932
18130 29.723289 25.485178 1549.423462
18131 30.356375 25.638193 1549.430054
18132 29.850325 26.105665 1549.169189
18133 30.448778 26.276684 1549.116943
18134 29.881453 26.675583 1548.868896
18135 30.493324 26.930222 1548.704102
18136 29.815130 27.161373 1548.552856
18137 30.837399 27.377926 1548.324341
18138 31.246347 26.885857 1548.743896
18139 31.609982 27.274723 1548.392334
18140 31.145048 27.655174 1548.014648
18141 31.733305 27.723104 1547.862183
18142 32.285118 27.401535 1548.227295
18143 32.353363 27.776526 1547.693604
18144 32.420330 28.044144 1547.180542
18145 32.931786 27.832993 1547.468872
18146 32.841446 28.135822 1546.759644
18147 33.440296 27.821747 1547.301758
18148 33.512508 28.014238 1546.661743
18149 33.065876 28.260912 1546.139648
18150 32.622177 28.513222 1545.521484
18151 33.281548 28.323769 1545.537231
18152 34.002911 28.072815 1545.563599
18153 33.662624 28.098705 1546.100708
18154 34.179951 27.926117 1546.067505
18155 34.546257 27.816292 1545.774292
18156 34.579075 27.721529 1546.381836
18157 35.075268 27.507036 1546.173340
18158 35.039867 27.469681 1546.792480
18159 35.591900 27.161507 1546.628540
18160 35.549896 27.251120 1545.932495
18161 35.046074 27.611889 1545.513550
18162 35.591335 27.356977 1545.318970
18163 35.079502 27.715044 1544.899536
18164 35.652981 27.496510 1544.725342
18165 35.222057 27.787020 1544.342773
18166 35.711914 27.649813 1544.161743
18167 36.194382 27.371384 1544.481323
18168 36.196487 27.580475 1543.901978
18169 36.738831 27.352804 1544.158936
18170 36.757622 27.088680 1544.751099
18171 37.185665 27.168327 1544.396240
18172 37.288094 27.338882 1543.909912
18173 36.725731 27.556557 1543.565063
18174 37.231972 27.516926 1543.292358
18175 36.598953 27.760605 1542.973022
18176 37.128258 27.747702 1542.593262
18177 37.750515 27.498129 1542.868408
18178 37.632427 27.777851 1542.183105
18179 38.216537 27.583189 1542.436890
18180 38.109737 27.758640 1541.768677
18181 37.955864 27.697554 1540.918945
18182 38.643986 27.492434 1541.355469
18183 38.500912 27.336586 1540.709351
18184 38.098198 27.323074 1540.238525
18185 37.600430 27.557280 1540.357300
18186 38.505367 27.078281 1540.170166
18187 38.883102 26.540623 1540.061890
18188 38.860165 27.022522 1540.536621
18189 38.985626 26.465452 1540.826294
18190 39.243168 25.839306 1540.279541
18191 39.689827 25.354670 1539.699829
18192 38.893391 27.065403 1541.135132
18193 38.985374 26.572090 1541.470947
18194 38.977993 27.004356 1541.859009
18195 38.656719 27.430908 1542.081909
18196 38.978493 27.003447 1542.431641
18197 38.675144 27.310001 1542.594727
18198 38.402206 27.351013 1543.026978
18199 38.974724 27.008871 1543.007690
18200 38.763485 27.065327 1543.471191
18201 38.401634 26.811239 1544.184692
18202 37.939079 27.300888 1543.608887
18203 37.688553 27.095907 1544.356323
18204 37.915649 26.763136 1544.843384
18205 37.346951 26.902733 1544.879272
18206 37.540112 26.743132 1545.295166
18207 36.832363 26.734230 1545.494995
18208 36.145359 27.145262 1545.105225
18209 36.066788 26.980740 1545.714722
18210 36.441238 26.657927 1546.181396
18211 37.100361 26.561686 1546.259277
18212 37.564201 26.695864 1545.810791
18213 37.646988 26.525808 1546.344238
18214 38.077145 26.678032 1545.438965
18215 38.480503 26.692953 1544.898682
18216 37.427799 26.059196 1546.794678
18217 36.684826 26.301302 1546.718628
18218 36.841637 25.727976 1547.079590
18219 36.349075 26.382462 1547.262207
18220 36.114906 26.697216 1546.717529
18221 35.911167 26.946402 1547.229858
18222 35.403069 27.246965 1547.249756
18223 35.555374 27.036678 1547.771851
18224 35.134983 27.276175 1547.624146
18225 35.021172 27.115957 1548.095947
18226 35.435101 26.749432 1548.365723
18227 36.000706 26.625286 1547.918579
18228 35.868538 26.177435 1548.411133
18229 36.294456 25.961849 1547.785400
18230 36.170219 25.543821 1548.329224
18231 35.822720 25.662464 1548.905884
18232 36.325180 25.253679 1548.774536
18233 36.346493 25.234913 1548.385620
18234 36.639870 25.324551 1547.808716
18235 36.088341 25.234482 1549.081177
18236 35.749603 25.309696 1549.436646
18237 35.265652 25.797024 1549.385132
18238 35.322800 25.381645 1549.836792
18239 35.586136 24.612720 1549.660034
18240 35.842094 24.832035 1549.355347
18241 35.151871 24.689444 1550.169312
18242 34.575172 25.138474 1550.092285
18243 34.618000 25.664232 1549.680298
18244 33.861164 25.405619 1549.999268
18245 34.036182 24.921719 1550.307129
18246 34.452076 24.602528 1550.424805
18247 33.835735 24.497236 1550.555420
18248 33.472279 24.857634 1550.376465
18249 33.207275 24.369785 1550.686646
18250 33.683727 24.010548 1550.924805
18251 32.992504 23.824509 1550.949707
18252 32.523220 24.139786 1550.651489
18253 32.335003 23.592854 1550.770508
18254 32.808834 23.218304 1551.008423
18255 33.551556 23.461830 1551.272949
18256 33.272598 22.708624 1551.211792
18257 34.047104 22.541391 1551.067871
18258 34.303387 22.879881 1550.743652
18259 34.255337 23.496202 1550.799927
18260 34.674900 23.148991 1550.401611
18261 34.678928 23.539442 1550.489380
18262 34.286217 24.058146 1550.604980
18263 34.835598 24.137842 1550.388306
18264 35.312885 24.271503 1549.975220
18265 33.618370 22.181444 1551.402588
18266 33.421368 21.713831 1551.567017
18267 33.306309 21.098557 1551.739258
18268 32.880901 21.530527 1551.542358
18269 33.054249 22.122381 1551.292847
18270 32.455200 21.914106 1551.224609
18271 32.623844 22.579510 1551.015259
18272 32.009483 22.328876 1550.937500
18273 32.175156 22.981794 1550.835205
18274 31.509100 22.779722 1550.680054
18275 31.820189 23.340355 1550.654053
18276 31.284451 23.451263 1550.454102
18277 31.757139 23.824202 1550.502075
18278 31.172323 24.125206 1550.216553
18279 31.660358 24.518372 1550.211670
18280 31.329010 24.775703 1550.006958
18281 31.837351 24.937405 1550.059937
18282 31.399612 25.309797 1549.764038
18283 30.852032 25.161961 1549.724121
18284 30.711508 24.489325 1549.962769
18285 30.951195 25.774870 1549.440430
18286 31.553564 25.874624 1549.471069
18287 31.984409 25.477795 1549.787842
18288 32.166641 25.991358 1549.482788
18289 31.681757 26.413988 1549.126709
18290 32.270008 26.510744 1549.104126
18291 31.814035 26.827862 1548.811279
18292 32.302589 26.991638 1548.674194
18293 32.869152 26.659924 1549.009033
18294 32.863564 27.109234 1548.553101
18295 32.860313 27.480434 1548.081909
18296 33.434086 27.211363 1548.400879
18297 33.433144 27.545277 1547.893921
18298 33.865219 27.310179 1548.198608
18299 34.034554 26.995274 1548.606689
18300 34.388226 27.225296 1548.199097
18301 34.768875 26.743626 1548.746338
18302 34.515110 27.448395 1547.682007
18303 33.951504 27.534180 1547.763916
18304 33.997215 27.753260 1547.153687
18305 34.537876 27.644464 1546.970703
18306 34.072361 27.881401 1546.541260
18307 34.956741 27.433798 1547.279175
18308 34.124367 26.555016 1549.067383
18309 34.711273 26.220222 1549.253052
18310 34.015251 26.023281 1549.521362
18311 33.435802 26.332792 1549.306030
18312 33.482449 26.804173 1548.869385
18313 32.783974 26.146734 1549.434570
18314 33.304943 25.797417 1549.728027
18315 32.625416 25.611233 1549.808228
18316 33.086262 25.243193 1550.109253
18317 32.418983 25.068279 1550.124390
18318 32.804394 24.681894 1550.434326
18319 32.172775 24.516268 1550.368408
18320 35.317490 26.295118 1548.969482
18321 31.068356 26.376024 1549.099365
18322 30.945099 22.316769 1550.570190
18323 31.426596 22.012739 1550.809204
18324 30.950716 21.754587 1550.630005
18325 31.291368 21.314579 1550.819214
18326 31.866035 21.593884 1551.096436
18327 31.789486 20.807156 1551.126221
18328 32.349049 21.227749 1551.446045
18329 32.338879 20.615744 1551.501221
18330 32.808506 20.856983 1551.719116
18331 32.660576 20.068710 1551.568115
18332 33.503311 20.280296 1551.634399
18333 33.899601 19.561991 1551.594849
18334 33.152454 19.357733 1551.496460
18335 33.918671 18.968767 1551.531616
18336 33.405182 18.776461 1551.170288
18337 33.895924 18.463663 1551.376465
18338 33.624088 18.312948 1551.015259
18339 34.259407 18.434317 1551.331909
18340 33.866364 17.876835 1550.792236
18341 33.536697 18.117336 1550.319946
18342 33.935062 17.685225 1550.157959
18343 33.630985 17.942991 1549.612061
18344 34.120621 17.525360 1549.510254
18345 33.915695 17.944843 1548.895874
18346 34.594856 17.594885 1549.005249
18347 34.536518 18.023386 1548.427002
18348 35.109356 17.823292 1548.655640
18349 35.112587 17.313965 1549.169067
18350 34.845631 17.158506 1549.505127
18351 35.671974 17.193373 1549.733887
18352 35.594639 17.875441 1549.488281
18353 35.447880 17.713366 1549.850342
18354 35.425510 18.322622 1549.498535
18355 35.595295 18.333065 1549.234741
18356 35.707176 18.252388 1548.458984
18357 35.821503 18.347679 1548.818115
18358 35.107841 18.268705 1548.169922
18359 35.626659 18.418200 1547.937866
18360 36.161854 18.385450 1548.222290
18361 36.055618 18.149614 1547.510010
18362 36.730015 18.415407 1547.547607
18363 36.495770 17.829403 1546.831543
18364 35.730156 17.807369 1546.968018
18365 35.967171 17.456091 1546.354004
18366 36.447773 17.637012 1546.069336
18367 35.991272 17.618538 1545.932007
18368 36.344013 17.772629 1545.616455
18369 36.879955 17.797684 1545.662842
18370 37.087212 17.834442 1546.314819
18371 37.170845 17.831514 1545.835449
18372 37.603745 18.516365 1546.009521
18373 37.271961 18.906141 1546.508667
18374 37.593319 18.942913 1545.905273
18375 37.805840 18.897879 1545.437500
18376 37.295406 18.355633 1545.385010
18377 37.338638 18.850542 1544.908447
18378 36.696903 18.367516 1545.031250
18379 36.772648 18.878813 1544.492310
18380 36.271336 18.649094 1544.601318
18381 36.098892 18.912346 1543.988403
18382 36.807251 19.069021 1543.798828
18383 37.395065 18.914330 1544.278687
18384 37.480602 19.065445 1543.623535
18385 38.220562 19.020409 1544.103149
18386 37.909153 19.030163 1544.791382
18387 38.072498 19.069853 1543.404907
18388 38.645901 19.391979 1543.748535
18389 38.514881 19.088142 1543.019043
18390 39.095161 19.694891 1543.095093
18391 38.950245 19.088629 1542.473022
18392 39.681408 19.532852 1542.538574
18393 39.364738 19.476831 1541.813721
18394 38.668533 19.270163 1541.857422
18395 38.955853 19.688938 1541.332520
18396 39.690292 19.917280 1541.175781
18397 40.024628 20.146343 1541.813965
18398 40.093456 20.602159 1541.363770
18399 39.830494 20.273478 1540.686890
18400 39.157703 20.124910 1540.810913
18401 39.350132 20.483122 1540.236450
18402 38.557880 20.350651 1540.331909
18403 38.481026 19.910923 1540.917603
18404 38.044117 20.104828 1540.580933
18405 37.805264 20.442129 1540.149170
18406 38.217224 20.803312 1539.775146
18407 38.911289 20.779377 1539.802490
18408 38.558514 21.144096 1539.442505
18409 37.971149 21.284483 1539.350952
18410 38.519047 21.664801 1539.047974
18411 39.138920 21.198828 1539.362183
18412 39.326115 21.779228 1538.978027
18413 39.941128 21.231823 1539.199951
18414 39.633873 20.857258 1539.703125
18415 40.065022 20.681152 1540.137817
18416 40.369553 21.032467 1539.681396
18417 40.589485 21.157005 1540.255371
18418 40.313164 20.759560 1540.639038
18419 40.307194 21.770931 1539.736572
18420 39.966858 21.902245 1539.099854
18421 40.087776 22.234571 1539.708374
18422 40.066925 22.446558 1539.009766
18423 40.020039 22.936785 1539.019165
18424 39.966736 22.773304 1538.414185
18425 39.526634 22.268551 1538.672607
18426 39.206017 22.825415 1538.357300
18427 40.023266 23.544752 1538.646851
18428 38.890156 22.280212 1538.641479
18429 38.527878 23.030685 1538.325806
18430 38.163525 22.349527 1538.670654
18431 37.754108 21.836174 1538.985840
18432 37.504349 22.433432 1538.699219
18433 37.099079 21.951380 1538.935303
18434 36.923119 22.566172 1538.659912
18435 37.272346 22.910341 1538.543945
18436 36.359035 22.789635 1538.542358
18437 36.480030 22.105360 1538.819092
18438 36.033195 21.581951 1539.033203
18439 36.644096 21.472763 1539.186768
18440 36.203995 21.029243 1539.454468
18441 36.838337 20.925396 1539.612915
18442 36.375984 20.464891 1540.004761
18443 35.709049 20.668240 1539.704590
18444 35.604809 21.168652 1539.240845
18445 35.291706 20.484053 1539.833984
18446 35.737473 20.263138 1540.163208
18447 35.133507 20.184120 1540.198730
18448 35.612297 19.878578 1540.716309
18449 34.988358 19.926519 1540.590820
18450 35.120266 19.693069 1541.057861
18451 35.710201 19.548981 1541.383301
18452 35.196102 19.458673 1541.651978
18453 35.861465 19.323524 1542.028931
18454 35.192799 19.289148 1542.226318
18455 34.563549 19.268169 1542.382813
18456 35.204739 19.169271 1542.720093
18457 34.413666 19.145077 1542.922974
18458 34.922035 18.999104 1543.457764
18459 34.243176 18.989483 1543.594604
18460 34.678577 18.832943 1544.033447
18461 34.191986 18.853443 1544.096436
18462 33.903900 18.777420 1544.477661
18463 34.507698 18.660498 1544.559204
18464 34.210072 18.546070 1545.051392
18465 33.574184 18.690844 1545.004150
18466 33.902119 18.487106 1545.575562
18467 34.567944 18.284718 1545.582153
18468 34.355938 18.277088 1546.025024
18469 34.964878 18.021547 1546.040161
18470 34.800323 18.096153 1546.492676
18471 34.068447 18.363852 1546.645630
18472 33.569771 18.490770 1546.188599
18473 33.294430 18.507658 1546.716797
18474 32.757267 18.645121 1546.081299
18475 33.249264 18.646372 1545.506348
18476 32.497478 18.610752 1546.819092
18477 33.096458 18.512276 1547.194946
18478 32.644272 18.555265 1547.526489
18479 33.289177 18.444700 1547.780151
18480 33.820889 18.427633 1547.359253
18481 33.947052 18.301844 1548.123291
18482 33.364315 18.324844 1548.453003
18483 32.803043 18.502651 1548.143433
18484 32.906105 18.453379 1548.703003
18485 32.381786 18.628248 1548.549805
18486 32.191532 18.629232 1547.917114
18487 31.642948 18.793102 1548.281250
18488 31.983128 18.863138 1549.030273
18489 31.279007 19.049032 1548.847168
18490 30.580603 19.235661 1548.704590
18491 30.978180 19.371960 1549.292114
18492 30.318102 19.577705 1549.127563
18493 30.720589 19.823032 1549.728027
18494 30.073893 20.024279 1549.494995
18495 30.484909 20.418512 1550.062622
18496 31.147667 20.047592 1550.256958
18497 31.157688 20.633066 1550.613159
18498 31.646719 20.170307 1550.762085
18499 32.150570 20.132002 1551.197754
18500 32.060017 19.684866 1550.678101
18501 32.540569 19.589457 1551.068115
18502 33.003551 19.163706 1550.790527
18503 32.442997 19.293514 1550.441772
18504 32.833454 18.852375 1550.122437
18505 33.289841 18.655365 1550.520264
18506 33.175705 18.408539 1549.825684
18507 32.696270 18.611843 1549.285889
18508 33.277534 18.250879 1549.113770
18509 32.266312 19.003227 1549.729980
18510 31.624004 19.176844 1549.458862
18511 31.888155 19.397625 1550.090210
18512 31.640669 19.727264 1550.336914
18513 31.332973 19.571739 1549.879517
18514 29.679270 19.782310 1548.958618
18515 34.535118 18.392698 1547.858765
18516 35.118172 18.326702 1547.538696
18517 34.549225 18.333912 1547.185669
18518 35.165073 18.084581 1546.989746
18519 35.543785 18.171213 1547.366943
18520 35.327042 17.816338 1546.443481
18521 35.595444 17.715349 1546.000610
18522 35.202503 18.052824 1545.574951
18523 35.784382 17.864983 1545.568970
18524 35.456680 18.274359 1545.056885
18525 36.058434 18.237543 1545.055298
18526 35.739513 18.599569 1544.542480
18527 35.109264 18.596144 1544.551636
18528 35.390907 18.838037 1543.986328
18529 35.592995 19.023443 1543.386963
18530 36.241714 19.074959 1543.258057
18531 35.733978 19.173534 1542.665527
18532 36.379383 19.171417 1542.593872
18533 36.893566 19.080816 1543.132568
18534 37.043148 19.149893 1542.536865
18535 37.511120 19.079269 1543.012817
18536 37.667458 19.124302 1542.468872
18537 38.005470 19.071074 1542.881958
18538 38.299297 19.078533 1542.451416
18539 37.961994 19.244066 1541.938110
18540 38.263420 19.514200 1541.422119
18541 37.597088 19.469769 1541.480347
18542 37.853188 19.781221 1540.992065
18543 37.210354 19.743877 1541.006104
18544 36.870556 19.515343 1541.421997
18545 36.680836 19.795149 1540.906738
18546 36.856384 20.085190 1540.499023
18547 37.490162 20.096886 1540.532471
18548 37.146027 20.478123 1540.063232
18549 37.542336 20.881325 1539.691162
18550 37.303909 21.376333 1539.289551
18551 36.254677 20.007612 1540.558350
18552 36.232174 19.685806 1541.092041
18553 36.210419 19.446131 1541.623047
18554 36.595749 19.294157 1542.029663
18555 37.266319 19.272240 1541.982178
18556 34.841251 18.391808 1545.067505
18557 37.796215 22.955894 1538.478027
18558 39.937202 23.570206 1539.116455
18559 39.944298 24.271679 1539.045044
18560 37.163307 18.474546 1546.733154
18561 37.028404 18.456377 1546.987183
18562 35.381962 17.183355 1550.135986
18563 35.029293 17.700863 1550.498535
18564 34.372646 17.254936 1550.064453
18565 34.156582 17.477345 1550.518799
18566 34.532665 17.827190 1551.038818
18567 35.942833 26.931154 1546.242065
18568 36.115646 27.780056 1543.330933
18569 35.709114 27.810383 1543.629517
18570 35.606216 27.957628 1543.196899
18571 35.334988 27.863396 1543.888062
18572 29.348810 27.523415 1548.295898
18573 29.321301 27.023182 1548.661743
18574 28.782684 26.907598 1548.738770
18575 29.310930 26.525211 1548.946289
18576 28.725080 26.409882 1548.992310
18577 29.230253 25.977297 1549.194214
18578 28.576342 25.896210 1549.195068
18579 29.042772 25.379641 1549.397827
18580 28.321451 25.346531 1549.353394
18581 27.910919 25.942757 1549.142944
18582 27.560928 25.302456 1549.302368
18583 27.208433 25.901392 1549.099243
18584 27.569281 26.551083 1548.881714
18585 28.215456 26.327782 1549.012085
18586 28.205465 26.788860 1548.795532
18587 26.886354 25.341578 1549.214966
18588 26.600870 24.878138 1549.259766
18589 28.754171 24.784597 1549.536621
18590 38.196968 25.015652 1538.519165
18591 38.835396 24.966366 1538.465210
18592 39.827625 24.609108 1539.617065
18593 33.956306 28.626091 1542.520264
18594 34.041927 28.474291 1543.208130
18595 33.893238 28.732565 1541.865601
18596 25.684250 26.945032 1548.426758
18597 25.915741 24.078655 1549.167358
18598 25.450674 23.719057 1548.991577
18599 25.968452 23.358208 1549.128540
18600 26.431295 23.035736 1549.223755
18601 25.848270 21.123823 1547.796875
18602 31.690222 20.117535 1540.552124
18603 33.879082 24.866362 1537.479004
18604 35.616936 26.657740 1538.753540
18605 34.521542 28.093481 1539.578735
18606 30.721083 29.375383 1543.241089
18607 30.417669 29.539555 1542.819580
18608 25.906527 29.031658 1546.332031
18609 24.262173 27.346989 1547.822754
18610 23.754354 21.519434 1546.025635
18611 23.980593 21.190647 1545.513916
18612 24.327606 21.194042 1546.122925
18613 24.497889 20.923176 1545.598755
18614 28.578936 20.052465 1542.403198
18615 29.145275 20.009113 1542.191040
18616 29.307835 20.324472 1541.465454
18617 29.748472 19.937792 1542.015869
18618 31.181845 21.567146 1538.546997
18619 31.850986 21.608967 1538.330078
18620 33.896549 26.501415 1537.809082
18621 33.438198 26.826906 1537.678955
18622 32.950054 27.123707 1537.524902
18623 33.950363 27.041061 1538.109741
18624 21.575270 22.064613 1544.566528
18625 24.480686 20.754808 1543.819092
18626 24.724905 20.765732 1543.179077
18627 24.960211 20.584961 1543.732788
18628 25.548689 20.328386 1544.107056
18629 25.544258 20.403360 1543.615845
18630 26.002886 20.238157 1543.705688
18631 26.582758 20.053501 1543.768677
18632 26.513775 20.232550 1543.199951
18633 25.901566 20.413090 1543.166016
18634 26.967089 20.690712 1541.978638
18635 25.321327 20.585361 1543.157959
18636 27.378963 20.930002 1541.417480
18637 26.838017 21.033960 1541.463379
18638 24.203339 30.889137 1542.447266
18639 24.475492 31.040043 1541.969971
18640 23.921101 31.112648 1541.994385
18641 24.180099 31.285177 1541.380371
18642 24.776655 31.198088 1541.351440
18643 25.177593 31.225189 1540.976318
18644 25.282701 31.066544 1541.526855
18645 25.754358 31.027655 1541.390747
18646 25.827436 31.145050 1540.817139
18647 26.252153 30.975096 1541.250000
18648 25.611263 30.868055 1541.976807
18649 25.032009 30.951189 1541.992676
18650 22.347420 29.900934 1544.621094
18651 21.965065 29.053617 1545.704102
18652 21.939890 28.600948 1546.146606
18653 20.261169 25.996765 1546.582764
18654 20.083155 25.463907 1546.487061
18655 19.656189 25.220270 1546.260132
18656 19.650375 24.568556 1546.081909
18657 19.215313 24.954193 1546.004150
18658 19.024134 24.399490 1545.729736
18659 19.102928 23.733677 1545.383545
18660 18.638790 24.024485 1545.357788
18661 18.554142 23.605688 1545.006836
18662 19.102774 23.227772 1544.911011
18663 18.470303 23.215153 1544.535278
18664 18.866184 22.981379 1544.434570
18665 19.355618 22.823267 1544.485352
18666 23.657707 21.646286 1541.456055
18667 24.153982 21.619080 1541.323730
18668 24.629122 21.485714 1541.417969
18669 24.398956 21.814280 1540.886963
18670 25.004463 21.742630 1540.856323
18671 25.249472 21.352301 1541.459473
18672 25.334930 22.063284 1540.229858
18673 24.545723 22.198444 1540.175049
18674 25.106480 22.342070 1539.781006
18675 24.625938 22.584694 1539.429199
18676 24.027718 22.554296 1539.636108
18677 23.829416 22.329700 1540.105591
18678 23.373934 22.693403 1539.530762
18679 23.657701 22.102665 1540.566040
18680 24.079344 22.054075 1540.542236
18681 23.898861 21.840174 1540.982910
18682 27.969631 23.731335 1536.442505
18683 28.705620 23.834291 1536.419922
18684 22.838696 32.031200 1538.553345
18685 22.966478 32.038490 1537.885864
18686 23.024193 32.072758 1537.275513
18687 22.436489 32.245445 1537.439575
18688 22.366571 32.208096 1538.062134
18689 22.145630 32.210834 1538.731934
18690 21.328115 32.103714 1540.486206
18691 21.250090 31.958260 1541.006226
18692 20.060833 27.908384 1545.996948
18693 17.907566 26.226559 1545.543335
18694 17.643482 25.652184 1545.418579
18695 21.579063 22.287451 1541.020264
18696 20.915205 22.519119 1540.872314
18697 21.335178 22.643295 1540.359863
18698 21.999891 22.457035 1540.448120
18699 21.737019 22.821398 1539.794800
18700 21.073227 22.999395 1539.669556
18701 21.461016 23.131002 1539.172852
18702 21.844826 23.248270 1538.715454
18703 21.158569 23.381737 1538.502808
18704 20.702085 23.243547 1539.150757
18705 20.489336 23.412109 1538.577881
18706 20.014406 23.384243 1538.877197
18707 20.051859 23.220306 1539.513428
18708 19.470844 23.346870 1539.227661
18709 19.436640 23.187424 1539.901367
18710 18.832260 23.303717 1539.564453
18711 19.055386 23.388325 1538.939575
18712 19.450180 23.428413 1538.607056
18713 18.931511 23.379032 1538.432129
18714 19.400267 23.402742 1537.902466
18715 18.365620 23.260014 1538.407593
18716 18.555258 23.343510 1538.978271
18717 17.975567 23.231180 1538.988647
18718 19.976732 23.463001 1538.277588
18719 20.015522 23.463476 1537.660400
18720 20.522295 23.491859 1538.033447
18721 20.498518 23.507853 1537.439087
18722 21.146044 23.528687 1537.769897
18723 21.851795 23.440571 1538.084106
18724 21.622849 23.575010 1537.475586
18725 22.286213 23.567377 1537.510376
18726 21.147997 23.574970 1537.126343
18727 22.382616 23.406584 1538.071289
18728 22.945963 23.357660 1538.085938
18729 23.088655 23.594559 1537.303955
18730 23.656296 23.341541 1537.931885
18731 23.875961 23.530025 1537.329834
18732 24.210327 23.300650 1537.874146
18733 20.661530 23.469830 1536.802490
18734 20.153940 23.408844 1537.111816
18735 20.300827 23.325420 1536.653442
18736 19.948877 23.273621 1536.847168
18737 19.690945 23.333626 1537.262451
18738 20.081024 22.987850 1540.192505
18739 20.658527 22.811483 1540.323120
18740 20.538824 23.054340 1539.778442
18741 29.036926 28.033665 1535.310425
18742 20.842394 32.720291 1536.936279
18743 20.386333 32.906837 1536.295044
18744 20.038206 32.855328 1537.015015
18745 20.678846 32.674427 1537.577637
18746 20.069468 32.747932 1537.859863
18747 20.671778 32.615753 1538.119873
18748 20.409203 32.607639 1538.586548
18749 19.709274 32.711330 1538.565308
18750 19.298914 32.835144 1537.982788
18751 19.491076 32.642349 1539.161865
18752 20.111164 32.565502 1539.199829
18753 19.549360 32.876972 1537.398438
18754 19.621805 33.040272 1536.190918
18755 19.353748 30.271971 1543.942749
18756 19.171995 29.810213 1544.377075
18757 20.963524 22.773956 1535.220093
18758 21.443346 23.144636 1534.976563
18759 21.637394 23.479805 1535.277222
18760 21.908375 23.472486 1534.770752
18761 22.183397 23.747633 1535.109375
18762 21.981197 23.717136 1535.641602
18763 22.568941 23.903948 1535.492188
18764 22.779390 23.993004 1534.952148
18765 22.418209 23.778172 1534.570313
18766 22.977665 24.060072 1534.407349
18767 23.393448 24.193586 1534.817993
18768 23.220297 24.050522 1535.457397
18769 23.973568 24.170544 1535.364014
18770 24.037922 24.378883 1534.623047
18771 24.629015 24.371662 1534.957397
18772 24.671200 24.601454 1534.315308
18773 24.112230 24.517826 1533.971802
18774 23.511959 24.281332 1534.253662
18775 24.643309 24.730364 1533.788452
18776 25.033880 24.965511 1533.395020
18777 22.197208 23.476814 1534.297974
18778 21.810202 23.149139 1534.495117
18779 22.106739 23.183926 1534.142822
18780 19.677000 33.796223 1533.778442
18781 20.253716 33.829292 1533.573364
18782 20.069057 34.196796 1532.927490
18783 20.744061 34.030460 1533.075439
18784 20.551596 34.428314 1532.421021
18785 19.881155 34.482319 1532.465942
18786 19.387529 34.661591 1532.248413
18787 21.204185 34.191570 1532.671875
18788 20.976105 33.690567 1533.655884
18789 18.658514 34.881226 1531.990723
18790 18.823038 35.249378 1531.335571
18791 18.300520 35.535763 1530.898071
18792 17.853048 35.815716 1530.419189
18793 18.123413 36.065231 1529.867676
18794 17.838169 36.300659 1529.353027
18795 18.181101 36.478500 1528.817749
18796 17.621229 36.500000 1528.849365
18797 17.764206 36.655701 1528.348877
18798 18.405571 36.639450 1528.242920
18799 17.898130 36.815815 1527.732910
18800 18.550312 36.788364 1527.596802
18801 18.050594 36.954395 1527.049561
18802 18.717844 36.890995 1526.983032
18803 18.260864 37.048870 1526.371704
18804 17.563480 37.103073 1526.438843
18805 17.294250 36.980515 1527.167725
18806 16.848368 37.127522 1526.487793
18807 16.557583 37.023224 1527.048096
18808 16.119310 37.134892 1526.467285
18809 16.376694 37.226551 1525.900024
18810 17.085491 37.210773 1525.900146
18811 16.591036 37.298466 1525.292603
18812 17.251200 37.282986 1525.200439
18813 16.699377 37.350327 1524.640137
18814 17.323338 37.330605 1524.484131
18815 16.772722 37.375397 1523.966064
18816 17.377579 37.345074 1523.825806
18817 16.906067 37.368355 1523.425293
18818 17.288242 37.335426 1523.136963
18819 16.751791 37.346294 1522.844727
18820 16.275539 37.381100 1523.325073
18821 16.167850 37.344376 1522.650024
18822 16.550327 37.270901 1522.065430
18823 17.241240 37.286575 1522.486084
18824 17.259115 37.177860 1521.730591
18825 16.664040 37.133099 1521.285400
18826 17.275633 37.048943 1521.096924
18827 16.786493 36.991611 1520.689819
18828 17.306440 36.922070 1520.591309
18829 17.013416 36.830059 1520.151733
18830 17.607435 36.777126 1520.190430
18831 17.804420 36.912510 1520.767822
18832 18.308846 36.715305 1520.302856
18833 17.855507 36.571541 1519.627808
18834 18.442678 36.460533 1519.548706
18835 17.943081 36.303696 1518.866943
18836 18.445047 36.231617 1518.877441
18837 17.535072 36.158607 1518.266846
18838 17.378199 36.350479 1518.763550
18839 17.495970 36.482803 1519.209106
18840 17.015385 36.511654 1519.109863
18841 17.290985 36.651508 1519.653442
18842 16.718250 36.688042 1519.572021
18843 16.411934 36.536922 1518.970337
18844 16.921413 36.289394 1518.382813
18845 16.167234 36.361584 1518.300171
18846 15.690410 36.545277 1518.782104
18847 15.597537 36.354084 1518.073486
18848 15.056440 36.457474 1518.321289
18849 15.053440 36.297241 1517.705322
18850 15.543373 36.185383 1517.427246
18851 15.960380 36.222958 1517.737671
18852 16.058920 36.061703 1517.192627
18853 16.469660 36.160950 1517.761353
18854 16.615774 35.970730 1517.179565
18855 17.121048 36.038845 1517.699707
18856 17.576099 35.974426 1517.738770
18857 17.204008 35.866589 1517.180664
18858 17.773989 35.790871 1517.283691
18859 17.239014 35.716560 1516.660034
18860 17.918343 35.584522 1516.676758
18861 16.720592 35.803608 1516.605957
18862 16.115643 35.905956 1516.592896
18863 15.639521 35.846634 1515.961548
18864 15.419424 36.021114 1516.692627
18865 14.966536 35.927299 1516.019531
18866 15.445290 35.536964 1513.503052
18867 17.473276 35.025005 1512.546753
18868 14.353375 35.991188 1516.200439
18869 14.710507 36.064098 1516.632446
18870 13.990278 36.095207 1516.723022
18871 13.838524 35.959263 1516.000732
18872 13.311340 36.007156 1516.358643
18873 13.466105 36.127392 1516.950684
18874 13.893970 36.272610 1517.534790
18875 14.503510 36.217628 1517.289185
18876 14.483752 36.364933 1517.896729
18877 15.091852 36.166008 1517.186768
18878 14.041549 36.410301 1518.094604
18879 14.485501 36.507832 1518.465088
18880 15.030369 36.615330 1518.915283
18881 14.450455 36.649437 1519.027222
18882 15.014798 36.766819 1519.503174
18883 15.501429 36.710827 1519.342896
18884 16.074928 36.708729 1519.457886
18885 15.684164 36.873676 1519.993042
18886 16.407272 36.857925 1520.075806
18887 16.102575 37.036602 1520.724609
18888 15.467463 37.056026 1520.743286
18889 15.969027 37.176460 1521.384644
18890 15.156032 37.187309 1521.432251
18891 14.761854 37.051159 1520.728027
18892 14.425493 37.128769 1521.174683
18893 14.587646 37.223591 1521.745483
18894 15.056631 37.287399 1522.165161
18895 15.753557 37.286266 1522.083496
18896 15.510328 37.350826 1522.778931
18897 14.949972 37.323498 1522.587402
18898 14.853848 37.347076 1523.042603
18899 15.571146 37.379490 1523.494263
18900 15.081739 37.366440 1523.597168
18901 15.561324 37.371971 1524.135010
18902 16.138414 37.382332 1524.057129
18903 16.086733 37.350952 1524.709839
18904 15.516336 37.338394 1524.738159
18905 15.942380 37.297146 1525.306763
18906 15.427522 37.292706 1525.226440
18907 15.566932 37.214787 1525.890991
18908 14.997913 37.264259 1525.324463
18909 15.089916 37.315487 1524.841431
18910 14.598478 37.298092 1524.761230
18911 14.939784 37.349712 1524.169922
18912 14.223588 37.313835 1524.168823
18913 14.485399 37.342434 1523.592773
18914 13.777182 37.303253 1523.588867
18915 14.039444 37.311069 1522.997192
18916 14.402822 37.287914 1522.361206
18917 13.576854 37.251385 1522.387573
18918 13.224337 37.262711 1523.058228
18919 12.980511 37.215389 1522.448242
18920 12.332047 37.179195 1522.937134
18921 12.582534 37.200867 1523.796997
18922 11.930367 37.134720 1523.509888
18923 11.806976 37.081036 1524.300903
18924 12.427864 37.124077 1524.696167
18925 11.499026 36.949413 1525.191650
18926 12.401176 37.036972 1525.419189
18927 13.090574 37.173027 1524.902710
18928 13.294199 37.252045 1524.117920
18929 13.971714 37.260296 1524.748535
18930 13.427439 37.139366 1525.452637
18931 14.422616 37.231903 1525.325562
18932 14.279675 37.146168 1525.895020
18933 14.908728 37.185329 1525.896118
18934 14.746914 37.087246 1526.431152
18935 15.410615 37.117702 1526.453247
18936 15.850162 37.018307 1527.030518
18937 15.202341 36.995838 1527.015015
18938 15.583457 36.892540 1527.529175
18939 15.020981 36.850666 1527.586548
18940 15.490286 36.755383 1528.025146
18941 16.073391 36.759655 1528.078735
18942 16.285793 36.907841 1527.542603
18943 16.680271 36.772140 1528.057251
18944 16.829596 36.909878 1527.532959
18945 17.277081 36.803268 1527.907593
18946 17.132368 36.615654 1528.553833
18947 16.526743 36.590206 1528.644043
18948 17.111925 36.383736 1529.207764
18949 15.848078 36.368046 1529.228760
18950 15.755244 36.576786 1528.635010
18951 15.063066 36.400322 1529.059692
18952 15.014859 36.676601 1528.211426
18953 14.627549 36.520382 1528.633911
18954 14.230226 36.349796 1529.061401
18955 14.652453 36.110329 1529.766235
18956 15.410048 36.118507 1529.821045
18957 14.203691 35.833206 1530.383057
18958 14.025262 36.087902 1529.734131
18959 13.395047 35.913792 1530.078979
18960 13.687145 35.609066 1530.854614
18961 12.812269 35.614449 1530.739746
18962 13.211154 35.398045 1531.302002
18963 13.273218 35.168758 1531.833740
18964 12.544803 35.240631 1531.619751
18965 12.784078 35.010117 1532.183838
18966 13.411036 34.866879 1532.523071
18967 12.147030 35.022110 1532.119629
18968 11.797625 35.282982 1531.429565
18969 12.153631 35.496330 1530.940430
18970 11.396949 35.551361 1530.644043
18971 12.097974 35.698673 1530.400879
18972 11.726857 35.878613 1529.806519
18973 10.834885 35.663479 1530.166626
18974 10.485226 35.381798 1530.868408
18975 10.031875 35.522507 1530.301758
18976 9.652897 35.275955 1530.881348
18977 9.128799 35.407600 1530.256104
18978 8.972895 35.165424 1530.905884
18979 9.345738 34.991848 1531.575439
18980 9.225860 34.775055 1532.139893
18981 9.647019 34.641605 1532.661621
18982 9.077443 34.584038 1532.610718
18983 9.646976 35.657658 1529.721924
18984 10.359867 35.743763 1529.755127
18985 10.043848 35.942970 1528.968384
18986 9.566839 35.998737 1528.520874
18987 9.133513 36.042862 1528.086548
18988 10.060651 36.209267 1527.994995
18989 9.548733 36.232742 1527.562622
18990 9.080712 36.241364 1527.158447
18991 8.264050 36.165249 1526.783569
18992 8.662183 36.322285 1526.268799
18993 8.015631 36.229931 1526.041748
18994 7.520432 36.180954 1525.628052
18995 8.326734 36.368687 1525.373535
18996 7.654343 36.297283 1524.586548
18997 8.235499 36.423016 1524.489380
18998 7.817154 36.363880 1524.022339
18999 8.560074 36.517586 1524.012451
19000 8.000200 36.428707 1523.356689
19001 7.316646 36.287922 1523.493896
19002 7.483030 36.343113 1522.866943
19003 8.192117 36.479984 1522.748901
19004 7.611114 36.380898 1522.169189
19005 8.283587 36.498272 1522.210083
19006 8.085631 36.454678 1521.589355
19007 7.722374 36.380295 1520.859741
19008 8.371186 36.460030 1520.866699
19009 8.039957 36.380726 1520.301636
19010 7.429494 36.314770 1520.170532
19011 6.988668 36.266209 1520.034790
19012 6.531885 36.224216 1520.108521
19013 6.775445 36.225544 1519.656616
19014 6.311541 36.173424 1519.433960
19015 5.814986 36.138664 1519.612671
19016 5.715344 36.099510 1519.023438
19017 6.244616 36.124561 1518.849121
19018 5.754979 36.050533 1518.368164
19019 4.828022 35.998154 1518.418945
19020 5.216556 35.958523 1517.732544
19021 5.940310 35.991413 1517.758911
19022 5.503783 35.897385 1517.136475
19023 4.780180 35.874809 1517.112915
19024 5.109282 35.821480 1516.608765
19025 4.580215 35.805283 1516.536987
19026 4.706676 35.760029 1516.140259
19027 4.160758 35.759930 1516.153564
19028 4.147033 35.826492 1516.766846
19029 3.558102 35.784393 1516.349854
19030 3.602233 35.855396 1517.114990
19031 2.935157 35.807583 1516.524658
19032 3.013619 35.737881 1515.828613
19033 3.641298 35.696907 1515.549805
19034 3.043375 35.652950 1515.086548
19035 2.505871 35.703598 1515.426636
19036 2.351040 35.772217 1516.029663
19037 1.897556 35.706978 1515.354980
19038 2.309317 35.639938 1514.888184
19039 1.745982 35.631653 1514.782227
19040 1.984978 35.561779 1514.334961
19041 1.317058 35.568726 1514.380615
19042 1.201285 35.676613 1515.073975
19043 0.521894 35.593449 1514.569336
19044 0.821851 35.465931 1513.860718
19045 1.557060 35.465096 1513.802979
19046 1.076343 35.338001 1513.262207
19047 1.795012 35.349163 1513.239624
19048 1.260435 35.169842 1512.609253
19049 2.071510 35.213337 1512.665039
19050 2.395255 35.070431 1512.109253
19051 2.900872 35.274803 1512.796265
19052 3.128240 35.099663 1512.073608
19053 2.666253 34.893326 1511.499268
19054 2.226014 34.653599 1510.935059
19055 2.893328 34.713577 1510.924927
19056 2.544091 34.472607 1510.381836
19057 2.877701 34.283073 1509.797974
19058 3.213765 34.531044 1510.330200
19059 3.527041 34.354912 1509.761597
19060 3.794850 34.185921 1509.241943
19061 4.089639 34.386017 1509.664673
19062 4.490460 34.261307 1509.221436
19063 4.652174 34.518185 1509.860596
19064 5.190074 34.433292 1509.493286
19065 5.065947 34.227413 1508.993896
19066 4.657655 34.017811 1508.584106
19067 5.283567 34.067142 1508.567627
19068 5.612080 34.320759 1509.118774
19069 5.825196 34.557022 1509.690796
19070 5.348132 34.668770 1510.107178
19071 5.995254 34.784191 1510.298340
19072 6.368832 34.650673 1509.848633
19073 5.507851 34.924595 1510.854492
19074 4.779895 34.747353 1510.489624
19075 4.759876 34.954285 1511.158447
19076 5.349820 35.111462 1511.562256
19077 4.624864 35.154755 1511.936279
19078 4.053166 34.965797 1511.390869
19079 4.227069 34.816376 1510.857300
19080 3.639809 34.800034 1510.971680
19081 3.362789 34.932693 1511.456909
19082 3.821606 35.125355 1512.020508
19083 3.612281 35.273170 1512.674561
19084 4.199702 35.292759 1512.650024
19085 4.131562 35.397461 1513.221802
19086 4.740047 35.412426 1513.190674
19087 4.876789 35.332542 1512.692871
19088 5.535842 35.274586 1512.211182
19089 5.367215 35.418045 1513.065186
19090 5.964640 35.417271 1512.888428
19091 5.963414 35.513351 1513.629517
19092 16.874283 35.340099 1513.805054
19093 7.264102 35.678883 1514.974854
19094 6.863783 35.621319 1514.438354
19095 8.643250 35.276638 1511.674805
19096 8.885738 35.769539 1515.689453
19097 17.504856 35.199177 1513.837036
19098 9.272532 35.369373 1512.147339
19099 16.983107 34.945118 1511.521973
19100 14.137956 35.563160 1513.094482
19101 11.111771 35.520771 1513.157471
19102 13.328091 35.571297 1513.162354
19103 13.607732 35.728695 1514.354614
19104 17.449926 34.929245 1511.987305
19105 9.307283 35.257957 1511.599731
19106 9.959435 35.224236 1511.479492
19107 8.787630 35.544312 1513.317505
19108 6.380371 35.579029 1514.126221
19109 10.592546 35.210739 1511.438477
19110 11.322882 35.235004 1511.530762
19111 10.826988 35.075932 1510.891968
19112 11.514051 35.072659 1510.843140
19113 11.710776 34.914497 1510.266968
19114 10.544427 35.767010 1515.509399
19115 18.110828 35.173351 1514.809448
19116 11.723560 35.329639 1511.958740
19117 13.367856 35.335258 1511.748901
19118 11.254238 35.773838 1515.411377
19119 18.571455 35.104294 1515.087402
19120 14.669373 35.366055 1511.969604
19121 16.082005 35.597492 1514.725098
19122 11.815942 35.518532 1513.062622
19123 17.778486 34.733807 1511.484375
19124 14.774800 35.560169 1513.247437
19125 18.077190 35.036381 1513.706177
19126 14.863194 35.701672 1514.416138
19127 14.278758 35.720695 1514.343018
19128 10.068336 35.335094 1512.010010
19129 18.060137 34.793682 1512.134277
19130 16.688892 35.235558 1512.731079
19131 7.708549 35.421913 1512.504150
19132 13.374112 35.890175 1515.606201
19133 12.537218 35.914970 1516.041382
19134 11.682612 35.851707 1515.928711
19135 10.951191 35.840260 1516.076660
19136 11.474791 35.935726 1516.601563
19137 12.111351 35.975655 1516.607056
19138 11.869390 36.036861 1517.055420
19139 12.451007 36.117573 1517.243286
19140 11.907020 36.157051 1517.656128
19141 12.638512 36.303825 1518.026001
19142 13.142410 36.208138 1517.419922
19143 12.897131 36.043915 1516.689453
19144 13.507803 36.382149 1518.071411
19145 13.233314 36.529839 1518.755859
19146 13.918819 36.524712 1518.574219
19147 13.873160 36.662895 1519.143555
19148 14.426666 36.790688 1519.601196
19149 13.860770 36.795063 1519.692749
19150 14.368425 36.922321 1520.166382
19151 14.985563 36.916386 1520.112183
19152 14.274607 37.018417 1520.621338
19153 13.850751 36.916580 1520.221069
19154 13.886097 37.047409 1520.838379
19155 13.385114 36.920567 1520.354492
19156 13.274775 36.785027 1519.793457
19157 13.409920 36.681057 1519.323242
19158 12.853564 36.648869 1519.367798
19159 12.388134 36.478813 1518.854858
19160 12.114932 36.642426 1519.630127
19161 12.723290 36.794765 1520.020508
19162 12.099008 36.817730 1520.382568
19163 12.660831 36.947029 1520.735596
19164 13.212379 37.066822 1521.142700
19165 12.492972 37.061241 1521.451172
19166 12.042477 36.959991 1521.114258
19167 11.871988 37.031944 1521.701904
19168 12.328421 37.138077 1522.212280
19169 13.081219 37.166962 1521.872681
19170 11.643875 37.067493 1522.322021
19171 11.373787 37.058990 1522.940918
19172 11.022175 36.982517 1522.369995
19173 11.286060 36.969872 1521.804199
19174 10.750525 36.900364 1521.880249
19175 10.404166 36.878063 1522.295166
19176 10.698932 36.952843 1522.937378
19177 9.964608 36.820930 1522.864746
19178 9.825315 36.763401 1522.045288
19179 9.282855 36.683178 1522.405273
19180 9.264607 36.687058 1523.132202
19181 9.841062 36.791393 1523.601074
19182 10.446298 36.905170 1523.556274
19183 10.221951 36.820217 1524.416992
19184 10.869152 36.933636 1524.399170
19185 11.248725 37.033527 1523.721191
19186 10.546151 36.777988 1525.384644
19187 11.104979 36.807697 1525.795776
19188 11.761957 36.854443 1526.082397
19189 10.777009 36.656719 1526.409546
19190 11.590878 36.661499 1526.966675
19191 12.553678 36.844192 1526.661133
19192 12.725775 36.992580 1525.961182
19193 13.447849 37.003281 1526.326904
19194 13.256901 36.824257 1527.104980
19195 14.249628 36.964523 1526.876221
19196 13.841486 36.764549 1527.579834
19197 12.975952 36.624210 1527.801025
19198 12.337877 36.649002 1527.426636
19199 12.204138 36.428280 1528.215820
19200 12.800384 36.433735 1528.417725
19201 13.453984 36.576820 1528.144775
19202 13.341598 36.363552 1528.807617
19203 12.406890 36.183544 1529.095459
19204 13.045701 36.109295 1529.486450
19205 13.618510 36.194595 1529.373169
19206 14.172481 36.602642 1528.266602
19207 12.556012 35.891426 1529.980225
19208 11.596598 36.177078 1528.842041
19209 10.854956 35.930107 1529.360840
19210 10.805551 36.158306 1528.573486
19211 11.468770 36.429600 1527.884277
19212 10.811908 36.317551 1527.983765
19213 10.818137 36.460499 1527.396118
19214 9.991937 36.421425 1527.006470
19215 9.967233 36.596550 1525.990234
19216 9.429512 36.428516 1526.462769
19217 9.170572 36.491436 1525.718506
19218 8.894534 36.516296 1525.007568
19219 9.651199 36.661060 1525.020386
19220 9.049651 36.595341 1524.395386
19221 9.643942 36.724743 1524.213989
19222 9.241429 36.666039 1523.796265
19223 8.688259 36.570156 1523.262329
19224 8.739344 36.585144 1522.620972
19225 8.708355 36.567455 1522.001221
19226 9.223323 36.639278 1521.697998
19227 8.694247 36.539799 1521.427368
19228 9.096384 36.555004 1520.940552
19229 8.661126 36.442505 1520.341064
19230 9.202175 36.493496 1520.334839
19231 9.721230 36.589157 1520.611450
19232 9.626775 36.450413 1519.840454
19233 8.924929 36.387577 1519.761719
19234 9.123768 36.287025 1519.090942
19235 8.520127 36.266392 1519.107422
19236 8.591922 36.165852 1518.466431
19237 9.200829 36.170345 1518.421143
19238 8.647123 36.058430 1517.809814
19239 9.230492 36.056252 1517.763062
19240 8.690926 35.954594 1517.151733
19241 9.280177 35.951851 1517.112793
19242 8.780712 35.847687 1516.382324
19243 9.630400 35.870186 1516.514404
19244 10.289144 35.849144 1516.283813
19245 7.709716 35.588684 1513.855835
19246 8.122036 35.778805 1515.852173
19247 10.099683 35.650410 1514.347168
19248 12.412553 35.668446 1514.091553
19249 17.551710 35.319847 1514.899536
19250 5.850576 35.583149 1514.324951
19251 6.399081 35.651810 1514.904419
19252 6.959359 35.718079 1515.451416
19253 6.355951 35.710136 1515.497559
19254 6.934185 35.776028 1515.980591
19255 7.524485 35.779987 1515.937256
19256 7.511393 35.859638 1516.559448
19257 8.114269 35.859985 1516.514526
19258 8.086694 35.957516 1517.194458
19259 7.482526 35.950466 1517.188965
19260 8.041368 36.054985 1517.825684
19261 7.445260 36.037209 1517.769165
19262 7.930529 36.163483 1518.544922
19263 7.195388 36.122944 1518.410400
19264 7.532797 36.220726 1519.074341
19265 8.044977 36.262947 1519.219116
19266 8.339747 36.345909 1519.735229
19267 7.827763 36.300709 1519.636108
19268 7.240580 36.256485 1519.595459
19269 6.841949 36.181541 1519.056763
19270 6.485256 36.088139 1518.367065
19271 6.701745 36.021801 1517.786011
19272 6.193457 35.924713 1517.193848
19273 6.852778 35.940910 1517.196289
19274 6.321856 35.849167 1516.629517
19275 6.913622 35.854229 1516.584229
19276 6.355402 35.771687 1516.033081
19277 5.881108 35.785358 1516.213745
19278 5.701775 35.710457 1515.612305
19279 5.780840 35.642223 1514.949585
19280 5.148907 35.631832 1514.955444
19281 5.222191 35.571659 1514.360352
19282 5.284453 35.504223 1513.735840
19283 4.669893 35.493889 1513.783447
19284 4.606986 35.563362 1514.377441
19285 4.067261 35.486275 1513.811523
19286 3.536965 35.389359 1513.262329
19287 3.476543 35.486305 1513.856812
19288 3.978081 35.559589 1514.384399
19289 3.318645 35.566803 1514.429321
19290 3.826383 35.628033 1514.962036
19291 4.499662 35.626690 1514.961426
19292 4.976990 35.690384 1515.517944
19293 4.317194 35.692024 1515.553101
19294 5.343727 35.768021 1516.147461
19295 2.643689 35.568096 1514.399780
19296 2.879873 35.484348 1513.861450
19297 2.241345 35.470722 1513.799927
19298 2.494613 35.374100 1513.289673
19299 3.057219 35.406567 1513.407715
19300 5.712759 35.840160 1516.660522
19301 10.851998 35.932911 1516.775391
19302 10.297189 35.942684 1516.954834
19303 10.826453 36.043858 1517.449097
19304 10.308296 36.048298 1517.589966
19305 10.768545 36.158882 1518.062866
19306 11.329147 36.171272 1517.943481
19307 11.320691 36.044014 1517.299316
19308 11.840490 36.299309 1518.327759
19309 11.177734 36.284782 1518.517456
19310 11.626653 36.442303 1519.015747
19311 10.747955 36.383320 1519.103149
19312 10.652693 36.249004 1518.526733
19313 10.245253 36.251900 1518.651123
19314 9.807423 36.304459 1519.020386
19315 10.269671 36.468338 1519.663940
19316 10.296156 36.597160 1520.294678
19317 10.857047 36.574211 1519.898804
19318 10.910131 36.713833 1520.529663
19319 11.502915 36.695526 1520.128540
19320 11.380788 36.552906 1519.576050
19321 11.514999 36.829670 1520.745972
19322 10.956713 36.847980 1521.242920
19323 10.327703 36.712574 1520.927612
19324 10.316093 36.806404 1521.626343
19325 9.751974 36.685619 1521.312256
19326 11.514926 36.931992 1521.312134
19327 9.758578 36.164394 1518.308960
19328 10.263844 36.154808 1518.166626
19329 9.787871 36.053585 1517.697998
19330 9.860728 35.967182 1517.169800
19331 13.869176 37.183453 1521.645508
19332 4.022697 34.591175 1510.249634
19333 0.587112 35.196529 1512.777954
19334 0.642862 35.066013 1512.345337
19335 0.371042 35.332603 1513.309937
19336 0.061469 35.459515 1513.901611
19337 -0.281585 35.567543 1514.500122
19338 -0.052816 35.667767 1515.086670
19339 0.541452 35.703728 1515.282227
19340 0.008527 35.764851 1515.793823
19341 -0.587468 35.717945 1515.498047
19342 -0.535090 35.802860 1516.181641
19343 0.042939 35.836765 1516.470703
19344 0.557376 35.802738 1516.098145
19345 0.637032 35.861877 1516.802002
19346 -0.593136 35.871532 1516.930542
19347 1.133104 35.832977 1516.466431
19348 1.005317 35.765366 1515.761963
19349 1.415049 35.737308 1515.550659
19350 1.667918 35.792473 1516.096436
19351 1.722757 35.851643 1516.858154
19352 2.312450 35.827377 1516.649658
19353 2.892529 35.859253 1517.197144
19354 2.277000 35.867352 1517.290894
19355 2.773765 35.887615 1517.801758
19356 3.425623 35.897522 1517.772339
19357 4.109304 35.917782 1517.785034
19358 4.244783 35.883492 1517.316772
19359 4.639439 35.930004 1517.677979
19360 3.910689 35.943199 1518.361572
19361 4.183019 35.980717 1518.926514
19362 4.551795 36.023224 1519.437622
19363 5.221823 36.079834 1519.428101
19364 3.890244 35.968746 1519.477295
19365 3.590415 35.941914 1518.893066
19366 3.240595 35.923241 1519.327026
19367 2.956170 35.908672 1518.886719
19368 3.234258 35.912800 1518.307861
19369 2.626373 35.889198 1519.369507
19370 1.784540 35.876717 1517.406860
19371 1.196673 35.878281 1517.221191
19372 -1.056149 35.822365 1516.431274
19373 -1.101190 35.883015 1517.128418
19374 -1.197414 35.918900 1517.763550
19375 -1.655902 35.888695 1517.294922
19376 -1.619647 35.842842 1516.715576
19377 -2.106223 35.854942 1516.937012
19378 -2.270516 35.887783 1517.466553
19379 -2.723264 35.839661 1516.876587
19380 -2.200534 35.808189 1516.417847
19381 -2.842588 35.780594 1516.145874
19382 -2.270190 35.739639 1515.760254
19383 -2.870720 35.711281 1515.421509
19384 -3.307212 35.804974 1516.468750
19385 -2.333495 35.661667 1515.107666
19386 -2.891218 35.653706 1514.907227
19387 -1.640267 35.695526 1515.408081
19388 -1.037496 35.662045 1515.145752
19389 -1.044651 35.749905 1515.791504
19390 -0.578796 35.639549 1514.960327
19391 -1.617234 35.777679 1516.077271
19392 -2.951575 35.870365 1517.586914
19393 -2.433928 35.911945 1518.208008
19394 -1.761941 35.920765 1517.918823
19395 -1.801155 35.932999 1518.424683
19396 -1.344498 35.933781 1518.271240
19397 -1.194626 35.929405 1519.001709
19398 -1.654803 35.928783 1519.126343
19399 -1.035787 35.899055 1519.640991
19400 -1.907418 35.907196 1519.611816
19401 -1.617591 35.866135 1520.245239
19402 -0.934630 35.838398 1520.437744
19403 -1.374585 35.804783 1520.902344
19404 -0.868687 35.788910 1520.965942
19405 -1.066552 35.747700 1521.417725
19406 -0.498543 35.741241 1521.369629
19407 -0.412703 35.792019 1520.809448
19408 0.090985 35.741451 1521.265503
19409 -0.255159 35.840580 1520.159790
19410 -0.009804 35.682182 1521.882446
19411 0.605835 35.691910 1521.793091
19412 0.536891 35.625725 1522.422363
19413 -0.116561 35.615314 1522.494507
19414 0.437486 35.553497 1523.015625
19415 -0.227527 35.539619 1523.100830
19416 0.339287 35.473480 1523.594238
19417 -0.355560 35.452415 1523.706055
19418 0.213871 35.383461 1524.166260
19419 0.616885 35.315521 1524.621338
19420 0.109812 35.280022 1524.748535
19421 0.006298 35.154190 1525.371216
19422 -0.541671 35.234993 1524.906006
19423 -0.466443 35.349773 1524.316284
19424 -1.150899 35.305424 1524.462524
19425 -1.059506 35.423576 1523.847046
19426 -0.941699 35.524403 1523.222168
19427 -1.633537 35.488628 1523.376709
19428 -1.726661 35.362274 1524.031250
19429 -2.224837 35.414734 1523.562988
19430 -2.195184 35.531120 1522.939575
19431 -2.600104 35.449245 1523.166138
19432 -2.766624 35.523342 1522.637085
19433 -2.240344 35.627621 1522.287964
19434 -1.567710 35.607590 1522.608032
19435 -1.808631 35.685539 1521.979492
19436 -2.247712 35.713535 1521.631592
19437 -1.655031 35.748882 1521.454224
19438 -2.129827 35.802277 1520.882446
19439 -2.775771 35.713982 1521.305664
19440 -2.828940 35.621243 1521.961914
19441 -3.385698 35.585739 1521.606689
19442 -3.330988 35.681202 1520.954224
19443 -3.810437 35.566734 1521.098999
19444 -3.497258 35.714691 1520.397339
19445 -4.242676 35.527687 1520.591187
19446 -3.953674 35.680454 1519.863892
19447 -3.357116 35.793453 1519.742920
19448 -3.600798 35.796368 1519.178955
19449 -2.931190 35.864914 1519.381592
19450 -2.976761 35.881493 1518.750732
19451 -3.577727 35.829636 1518.485962
19452 -3.095431 35.875214 1518.198120
19453 -2.307791 35.917583 1519.016724
19454 -4.178494 35.739250 1518.724487
19455 -4.383653 35.645573 1519.347412
19456 -4.834946 35.625702 1518.804688
19457 -5.115357 35.477013 1519.408691
19458 -5.489277 35.507244 1518.866699
19459 -5.754172 35.337566 1519.419556
19460 -5.460321 35.299931 1519.897827
19461 -4.784461 35.454601 1520.073608
19462 -5.516408 35.173302 1520.425537
19463 -4.925410 35.282192 1520.855347
19464 -5.642577 34.971252 1521.124390
19465 -6.267935 34.893402 1520.615967
19466 -6.014502 35.146065 1519.949097
19467 -6.634130 35.019722 1519.925171
19468 -7.037066 34.776070 1520.402344
19469 -6.810848 34.572170 1521.124512
19470 -6.188398 34.678360 1521.459473
19471 -6.658134 34.384804 1521.822876
19472 -7.290910 34.280659 1521.532104
19473 -7.461308 34.512329 1520.876587
19474 -8.003811 34.228672 1521.303101
19475 -7.971766 34.550457 1520.669678
19476 -7.576355 34.812622 1520.167480
19477 -7.108184 34.978092 1519.860474
19478 -7.408592 35.130886 1519.486816
19479 -6.899802 35.188496 1519.371582
19480 -6.415879 35.232540 1519.379395
19481 -6.032399 35.413860 1518.939575
19482 -5.929273 35.558044 1518.422363
19483 -5.274610 35.641594 1518.292725
19484 -7.677703 33.980789 1521.985107
19485 -7.064911 34.105663 1522.171143
19486 -7.385556 33.876064 1522.452026
19487 -7.877227 33.701328 1522.467773
19488 -7.391988 33.683395 1522.908691
19489 -6.896436 33.946480 1522.773315
19490 -6.840067 33.736393 1523.390381
19491 -6.250388 34.092899 1523.203247
19492 -6.476281 34.233952 1522.491211
19493 -6.076597 34.511597 1522.176758
19494 -5.974967 34.383968 1522.738281
19495 -5.547348 34.632824 1522.580322
19496 -5.644145 34.780083 1521.887695
19497 -5.013477 34.923035 1522.385132
19498 -5.025980 35.099480 1521.602295
19499 -4.479290 35.207439 1522.059448
19500 -4.418416 35.373241 1521.277954
19501 -3.922766 35.434731 1521.780640
19502 -3.999242 35.297596 1522.399048
19503 -3.405344 35.460915 1522.354004
19504 -3.726929 35.268593 1522.910522
19505 -3.066873 35.399704 1523.031738
19506 -3.379314 35.198494 1523.600952
19507 -2.777708 35.305111 1523.712402
19508 -3.026959 35.119076 1524.237915
19509 -2.363299 35.255005 1524.212769
19510 -3.398941 34.859879 1524.750122
19511 -3.691694 34.989162 1524.025024
19512 -4.032483 34.733006 1524.438354
19513 -3.876968 34.544792 1525.134033
19514 -4.408985 34.187962 1525.413208
19515 -4.603440 34.366062 1524.742920
19516 -4.966040 34.041840 1525.093384
19517 -4.952837 33.838665 1525.573730
19518 -5.550000 33.755154 1525.036621
19519 -5.192079 34.082561 1524.707031
19520 -5.667785 33.962162 1524.375488
19521 -5.142919 34.290775 1524.231812
19522 -5.672488 34.187546 1523.766113
19523 -6.260334 33.826714 1523.914063
19524 -5.590780 34.427650 1523.183838
19525 -5.131140 34.505802 1523.636108
19526 -5.030748 34.742950 1523.025879
19527 -4.534789 34.832394 1523.471313
19528 -4.365245 35.076744 1522.820801
19529 -3.946957 35.059055 1523.474243
19530 -4.173905 34.849892 1523.903198
19531 -4.605343 34.607388 1524.077271
19532 -6.233335 33.603680 1524.513672
19533 -6.859311 33.492100 1523.985107
19534 -7.381759 33.452103 1523.475586
19535 -7.415332 33.188557 1524.062378
19536 -6.850585 33.233112 1524.623535
19537 -7.457500 32.916843 1524.643677
19538 -6.882370 32.945652 1525.251831
19539 -6.235620 33.314190 1525.194580
19540 -6.276235 32.993496 1525.857178
19541 -6.961862 32.625622 1525.875000
19542 -6.361041 32.613445 1526.569946
19543 -5.695009 32.712498 1527.066650
19544 -6.122108 32.456497 1527.146729
19545 -5.696362 32.444923 1527.596191
19546 -6.254909 32.192417 1527.560791
19547 -5.745739 32.201210 1528.042114
19548 -5.232296 32.106800 1528.719727
19549 -5.848481 31.863623 1528.659302
19550 -6.335912 31.898232 1528.111572
19551 -6.374848 31.672522 1528.581787
19552 -6.106561 31.511988 1529.224121
19553 -5.362374 31.781013 1529.301270
19554 -5.555910 31.453978 1529.898071
19555 -4.909564 31.676338 1529.968994
19556 -4.388945 31.833498 1530.093506
19557 -4.473686 31.617491 1530.532104
19558 -3.937435 31.824560 1530.550537
19559 -3.378588 32.043934 1530.582642
19560 -3.424589 31.813242 1531.095215
19561 -2.842171 32.047832 1531.108032
19562 -2.250072 32.312458 1531.061035
19563 -2.267677 32.061493 1531.664673
19564 -1.662832 32.318569 1531.623535
19565 -1.037262 32.582405 1531.563110
19566 -1.068080 32.315353 1532.213135
19567 -0.486571 32.507401 1532.259521
19568 -0.497167 32.301872 1532.775269
19569 0.072341 32.253761 1533.363281
19570 -0.509076 32.066437 1533.344971
19571 0.047845 31.998676 1533.917725
19572 -0.524191 31.805403 1533.921753
19573 -1.098460 31.851778 1533.355591
19574 -1.096021 32.081505 1532.789673
19575 -1.678375 31.859045 1532.797607
19576 -1.677791 32.079697 1532.223877
19577 -2.254666 31.842472 1532.252075
19578 -2.885337 31.784805 1531.735352
19579 -2.705767 31.630924 1532.337769
19580 -2.241576 31.628645 1532.825928
19581 -2.799928 31.409103 1532.826660
19582 -2.256234 31.402941 1533.370483
19583 -1.688868 31.630199 1533.354614
19584 -1.709010 31.359919 1533.941162
19585 -1.099693 31.598835 1533.923340
19586 -1.143620 31.310616 1534.459961
19587 -0.552140 31.512587 1534.483643
19588 0.036217 31.709339 1534.488281
19589 -0.019370 31.396688 1535.003662
19590 0.556192 31.589058 1534.991455
19591 0.445728 31.226038 1535.508301
19592 0.897234 31.018776 1536.010376
19593 0.259627 30.783392 1536.038208
19594 -0.147488 31.022314 1535.512085
19595 -0.685133 30.870781 1535.448364
19596 -0.604257 31.200068 1534.991455
19597 -1.256292 30.935219 1535.026611
19598 -1.756424 31.080816 1534.450928
19599 -1.867984 30.797588 1534.866089
19600 -2.349698 30.823223 1534.498413
19601 -2.994217 30.468035 1534.694946
19602 -2.915653 30.862947 1533.999268
19603 -3.626671 30.554977 1534.093628
19604 -3.487350 30.900131 1533.439819
19605 -4.213609 30.610044 1533.518555
19606 -4.037320 30.946238 1532.818481
19607 -4.645917 30.743246 1532.800659
19608 -4.586424 30.972904 1532.204468
19609 -4.046656 31.194035 1532.119751
19610 -4.557708 31.186838 1531.612549
19611 -3.993888 31.405426 1531.581787
19612 -3.331640 31.462549 1532.126587
19613 -3.526833 31.610834 1531.514648
19614 -3.992557 31.600994 1531.055420
19615 -4.514676 31.408752 1531.035034
19616 -5.071473 31.389088 1530.534424
19617 -5.117915 31.183006 1531.054932
19618 -5.657787 31.192558 1530.491699
19619 -6.165915 31.228224 1529.891968
19620 -6.244521 30.979818 1530.517700
19621 -6.822273 30.975752 1529.938110
19622 -6.833368 30.757458 1530.593018
19623 -7.396100 30.727753 1530.081909
19624 -7.345152 30.944536 1529.470215
19625 -7.928762 30.690901 1529.585693
19626 -7.948015 30.492033 1530.234009
19627 -7.433501 30.515789 1530.741577
19628 -7.967487 30.298674 1530.900146
19629 -7.424282 30.287596 1531.534912
19630 -6.824625 30.551411 1531.271240
19631 -6.265709 30.769972 1531.139160
19632 -6.250751 30.569176 1531.793457
19633 -5.709672 30.771780 1531.692017
19634 -5.700994 30.975771 1531.076416
19635 -5.140141 30.973810 1531.645752
19636 -5.162398 30.770397 1532.233521
19637 -5.702230 30.579897 1532.290405
19638 -5.214441 30.561409 1532.792358
19639 -4.811458 30.526781 1533.232300
19640 -5.302225 30.324438 1533.358398
19641 -4.822727 30.285315 1533.813599
19642 -4.275980 30.246712 1534.274536
19643 -4.961550 29.914402 1534.517090
19644 -5.426120 30.054359 1533.925293
19645 -5.655701 29.729414 1534.491943
19646 -5.389678 29.539141 1535.003784
19647 -4.901624 29.596237 1535.140869
19648 -5.214470 29.280115 1535.530273
19649 -4.595195 29.392103 1535.615723
19650 -4.386564 29.851547 1534.957764
19651 -3.730827 30.170296 1534.761597
19652 -5.779718 29.212587 1535.403809
19653 -5.878787 29.457813 1534.914307
19654 -6.338499 29.244144 1535.101196
19655 -6.250394 29.542049 1534.549438
19656 -6.775122 29.631065 1534.033569
19657 -6.074775 29.846186 1533.977051
19658 -6.429126 29.973631 1533.407837
19659 -7.034268 29.832731 1533.325806
19660 -7.449637 29.558489 1533.761963
19661 -7.533773 29.727537 1533.229858
19662 -7.982110 29.539303 1533.426147
19663 -8.547721 29.317785 1533.651978
19664 -8.494785 29.553955 1532.961548
19665 -9.088190 29.338976 1533.159668
19666 -9.070841 29.537731 1532.477661
19667 -9.702603 29.317005 1532.670410
19668 -9.675953 29.479431 1532.043213
19669 -9.102924 29.702557 1531.821045
19670 -8.436088 29.812031 1532.140259
19671 -8.668127 29.929834 1531.451660
19672 -8.108380 30.083923 1531.516724
19673 -8.613844 30.072018 1530.969116
19674 -8.546541 30.254856 1530.349976
19675 -9.152596 30.023607 1530.430542
19676 -9.080874 30.204777 1529.784912
19677 -8.519176 30.432089 1529.724365
19678 -8.989131 30.403116 1529.155273
19679 -9.581985 30.141706 1529.190063
19680 -9.402411 30.405428 1528.460815
19681 -8.838602 30.609690 1528.651123
19682 -8.866740 30.766975 1528.105835
19683 -9.364994 30.657591 1527.669067
19684 -8.763371 31.023403 1527.508057
19685 -9.204500 30.973251 1527.009644
19686 -9.865919 30.560633 1527.091431
19687 -9.947850 30.276997 1527.896118
19688 -10.431843 30.115793 1527.430176
19689 -10.408339 30.303062 1526.825928
19690 -10.175983 30.650450 1526.289795
19691 -10.763820 30.205856 1526.362549
19692 -10.897928 29.923512 1526.982178
19693 -11.321982 29.745991 1526.481812
19694 -11.185251 30.078875 1525.817627
19695 -10.647099 30.535238 1525.749512
19696 -11.040742 30.486383 1525.209229
19697 -10.521541 30.918970 1525.172607
19698 -10.230018 30.882006 1525.661865
19699 -10.028354 31.223736 1525.256592
19700 -10.384912 31.314882 1524.674316
19701 -9.770699 31.640076 1524.800903
19702 -10.245036 31.735493 1524.182739
19703 -10.834445 31.400976 1524.099243
19704 -11.358594 31.569302 1523.505737
19705 -11.411913 30.982931 1524.042725
19706 -10.938118 30.924122 1524.630615
19707 -11.485666 30.477320 1524.584351
19708 -11.669273 29.935955 1525.200439
19709 -11.999941 30.041948 1524.492432
19710 -12.189593 29.600546 1524.902100
19711 -12.400978 29.711689 1524.369629
19712 -12.431214 30.059042 1523.911865
19713 -11.954257 30.521530 1523.976685
19714 -11.936236 31.067066 1523.506104
19715 -11.916558 31.539192 1523.170288
19716 -11.662884 31.975588 1523.005005
19717 -11.959209 32.346996 1522.664551
19718 -11.412447 32.429226 1522.792603
19719 -11.576300 32.817356 1522.491089
19720 -11.828924 33.259380 1522.217529
19721 -12.250681 32.765308 1522.396973
19722 -12.461057 33.319317 1522.177246
19723 -13.140072 33.332634 1522.186157
19724 -12.726193 33.985985 1522.012695
19725 -12.006569 33.759098 1521.996582
19726 -12.074130 34.338223 1521.779175
19727 -12.709314 34.701530 1521.835938
19728 -12.658495 35.327503 1521.659058
19729 -13.244287 35.198818 1521.915894
19730 -13.335123 34.554199 1522.038452
19731 -13.901350 35.138847 1522.164917
19732 -13.745963 35.854019 1522.035767
19733 -13.127242 35.702644 1521.777832
19734 -13.242706 36.257328 1521.721436
19735 -12.694950 35.914192 1521.515625
19736 -12.755687 36.524704 1521.373413
19737 -12.744088 37.142262 1521.165283
19738 -12.349005 36.756519 1521.028931
19739 -12.215622 36.201546 1521.152466
19740 -11.789567 36.671860 1520.659546
19741 -12.248533 37.275837 1520.739258
19742 -14.541539 35.064796 1522.396484
19743 -14.011826 34.493176 1522.229004
19744 -14.706794 34.464455 1522.427002
19745 -14.277449 33.889885 1522.290283
19746 -13.509636 33.890236 1522.151245
19747 -13.851775 33.293686 1522.227173
19748 -14.609149 33.318329 1522.309204
19749 -14.215992 32.729969 1522.238403
19750 -15.311812 33.334297 1522.427856
19751 -14.974380 33.895134 1522.444946
19752 -15.609928 33.890919 1522.605591
19753 -15.361130 34.428989 1522.620850
19754 -9.179055 32.000134 1524.759888
19755 -9.204611 31.693047 1525.336426
19756 -8.683627 31.994389 1525.307251
19757 -8.613993 32.314995 1524.714966
19758 -8.088465 32.310673 1525.291748
19759 -8.004126 32.626488 1524.692139
19760 -8.000308 32.908882 1524.079346
19761 -7.481241 32.636963 1525.252441
19762 -7.605573 32.307606 1525.847656
19763 -7.121011 32.282589 1526.449829
19764 -7.774972 31.973522 1526.404541
19765 -7.323442 31.941027 1526.986816
19766 -6.683697 32.228844 1527.041138
19767 -6.862338 31.891872 1527.590942
19768 -6.974037 31.574915 1528.204346
19769 -7.491666 31.623575 1527.535278
19770 -7.690555 31.321444 1528.055908
19771 -8.135736 31.345808 1527.470581
19772 -8.302497 31.073713 1527.979370
19773 -8.584252 31.330322 1526.946655
19774 -7.957442 31.648962 1526.943481
19775 -8.389704 31.661324 1526.396240
19776 -8.981285 31.330961 1526.421143
19777 -8.791005 31.676727 1525.869385
19778 -8.216700 31.993597 1525.846680
19779 -9.319749 31.366079 1525.888672
19780 -9.564707 30.987722 1526.427979
19781 -9.817587 31.087132 1525.821411
19782 -9.616052 31.415812 1525.401855
19783 -7.923499 31.075237 1528.439697
19784 -7.358821 31.176929 1528.801270
19785 -7.898904 30.900309 1528.971069
19786 -8.386322 30.850349 1528.514404
19787 -8.430709 30.648592 1529.091187
19788 -6.745292 31.202419 1529.381958
19789 -6.712405 31.424658 1528.839478
19790 -11.449718 29.491438 1527.179932
19791 -10.992380 29.715498 1527.632446
19792 -10.507181 29.919588 1528.085327
19793 -11.044636 29.582272 1528.229370
19794 -10.698624 29.697554 1528.728394
19795 -10.065268 30.043898 1528.615234
19796 -10.209476 29.838173 1529.307983
19797 -9.683331 29.955276 1529.850464
19798 -10.272800 29.703920 1529.918945
19799 -10.903238 29.501167 1529.402222
19800 -10.738441 29.490337 1530.034424
19801 -10.305307 29.594568 1530.473267
19802 -9.740897 29.813646 1530.427979
19803 -9.896946 29.658484 1530.914185
19804 -9.283466 29.826494 1531.083374
19805 -9.766242 29.587643 1531.453491
19806 -10.327384 29.491289 1531.019897
19807 -10.308177 29.379314 1531.648193
19808 -10.310957 29.261967 1532.214844
19809 -10.855036 29.199675 1531.724121
19810 -10.840082 29.302773 1531.095947
19811 -11.436887 29.091671 1531.142578
19812 -11.360379 29.178242 1530.560547
19813 -10.818682 29.394171 1530.511841
19814 -11.319880 29.254877 1529.903198
19815 -11.917267 28.978058 1530.089600
19816 -11.962724 28.978361 1529.445801
19817 -11.541276 29.198915 1529.259277
19818 -11.432122 29.309256 1528.657104
19819 -12.478557 28.722021 1529.649658
19820 -12.435571 28.754034 1530.416016
19821 -11.843985 28.982281 1530.650635
19822 -12.011099 28.898020 1531.117310
19823 -11.494424 29.008587 1531.726929
19824 -12.189868 28.804760 1531.771484
19825 -11.530440 28.919094 1532.360718
19826 -10.907966 29.090796 1532.272827
19827 -10.908605 28.982887 1532.842896
19828 -10.318642 29.134821 1532.779907
19829 -9.727200 29.144703 1533.293823
19830 -10.321551 28.994970 1533.357056
19831 -9.759028 28.958817 1533.908936
19832 -9.164262 29.112545 1533.830444
19833 -9.283604 28.864552 1534.478760
19834 -8.873733 28.723145 1535.036255
19835 -9.512016 28.604479 1535.053711
19836 -9.809628 28.749834 1534.526367
19837 -10.110856 28.518564 1535.043945
19838 -9.821969 28.320868 1535.618530
19839 -10.436103 28.319174 1535.463013
19840 -10.585638 28.472044 1535.003174
19841 -10.920347 28.357725 1535.239990
19842 -10.960907 28.130373 1535.837524
19843 -10.374378 28.002115 1536.200317
19844 -10.999210 27.915543 1536.329224
19845 -10.768955 27.660599 1536.831665
19846 -11.365589 27.756586 1536.667847
19847 -11.503700 28.013390 1536.094482
19848 -12.189834 28.152674 1535.720703
19849 -11.539702 28.239918 1535.477295
19850 -12.110626 28.359495 1535.005493
19851 -12.714053 28.316589 1535.134888
19852 -12.916515 28.160217 1535.735596
19853 -13.240967 28.305820 1535.174316
19854 -13.194257 28.418344 1534.535034
19855 -12.610005 28.451569 1534.479980
19856 -13.068101 28.506536 1533.832031
19857 -12.479648 28.539923 1533.968506
19858 -12.575068 28.598850 1533.396973
19859 -13.205438 28.535234 1533.084595
19860 -13.642291 28.473337 1533.413940
19861 -13.719352 28.447222 1533.976807
19862 -14.216574 28.411572 1533.440918
19863 -13.937247 28.419399 1532.768555
19864 -14.686363 28.312599 1532.885254
19865 -14.890457 28.346319 1533.565796
19866 -14.338151 28.402740 1534.073120
19867 -14.945096 28.358040 1534.226685
19868 -14.390379 28.362986 1534.692383
19869 -13.788941 28.390963 1534.604614
19870 -13.825491 28.299940 1535.205200
19871 -13.555258 28.179256 1535.726440
19872 -14.185729 28.198679 1535.691528
19873 -14.621010 28.044764 1536.265137
19874 -14.954001 28.223425 1535.547974
19875 -15.327798 28.037043 1536.244141
19876 -15.674234 28.161671 1535.678833
19877 -15.523405 28.267460 1535.088989
19878 -14.965194 28.322332 1534.871948
19879 -15.516613 28.309910 1534.448486
19880 -15.502152 28.293684 1533.764282
19881 -16.079004 28.244898 1534.061035
19882 -16.084007 28.180882 1533.380615
19883 -16.631092 28.142294 1533.706177
19884 -16.613150 28.185677 1534.394775
19885 -17.247213 28.073601 1534.023804
19886 -17.248428 28.075947 1534.838379
19887 -16.495573 28.174444 1535.046509
19888 -16.040489 28.251198 1534.710571
19889 -16.000877 28.208242 1535.244263
19890 -16.274019 28.111439 1535.657104
19891 -15.978034 27.998177 1536.229370
19892 -16.618128 27.935057 1536.193359
19893 -16.905312 28.045963 1535.554321
19894 -17.265474 27.838772 1536.155762
19895 -17.608177 27.924213 1535.520874
19896 -17.800106 27.761761 1536.032104
19897 -17.729170 27.529966 1536.727905
19898 -16.938013 27.656176 1536.825439
19899 -17.296984 27.263899 1537.463867
19900 -16.774883 26.936075 1538.143433
19901 -17.556395 26.851282 1537.994873
19902 -18.041550 27.071081 1537.453857
19903 -18.003155 26.765781 1537.924805
19904 -18.424501 26.663828 1537.868164
19905 -18.873995 26.905746 1537.272339
19906 -18.489462 27.291418 1536.794067
19907 -19.074390 27.162693 1536.668945
19908 -19.546875 26.955299 1536.752197
19909 -19.532095 27.207523 1536.201538
19910 -20.114563 26.995001 1536.223389
19911 -20.140877 26.728363 1536.757690
19912 -20.674892 26.796764 1536.204224
19913 -20.652817 27.019110 1535.629639
19914 -20.116175 27.185301 1535.689819
19915 -20.618933 27.176533 1535.049805
19916 -20.093710 27.339354 1535.076538
19917 -20.414843 27.309061 1534.580933
19918 -19.848524 27.484667 1534.505859
19919 -20.395754 27.343802 1533.911377
19920 -19.597795 27.556803 1533.802856
19921 -19.154490 27.675810 1534.477051
19922 -18.938707 27.730970 1534.016724
19923 -19.296034 27.570992 1533.242188
19924 -18.535120 27.745348 1533.289063
19925 -18.910488 27.535048 1532.639160
19926 -19.658455 27.340250 1532.519287
19927 -19.198751 27.266411 1531.944824
19928 -19.861282 27.089193 1531.867798
19929 -20.341370 27.118689 1532.287231
19930 -20.156075 27.340483 1533.102051
19931 -21.051905 27.036819 1532.704468
19932 -20.872437 27.176699 1533.298462
19933 -21.118204 27.124739 1534.209717
19934 -21.555195 26.987526 1533.347290
19935 -21.914988 26.893768 1533.769531
19936 -22.508942 26.709024 1533.362915
19937 -21.865271 26.827290 1532.735229
19938 -22.473347 26.601345 1532.413208
19939 -21.688168 26.699450 1532.015381
19940 -22.400646 26.416510 1531.702271
19941 -21.851349 26.351727 1531.232910
19942 -21.807329 26.007292 1530.598755
19943 -22.319107 25.801462 1530.458984
19944 -21.992163 25.608185 1530.094849
19945 -21.398680 25.835573 1530.211182
19946 -21.546207 25.393684 1529.716797
19947 -21.658230 24.882427 1529.229736
19948 -21.023108 25.226576 1529.385986
19949 -20.900511 25.657928 1529.825562
19950 -20.501728 25.460711 1529.462158
19951 -20.505066 24.998941 1528.986084
19952 -21.105940 24.665958 1528.886230
19953 -20.510748 24.458948 1528.504639
19954 -19.910881 24.837997 1528.579834
19955 -19.980190 25.243286 1529.022827
19956 -19.359016 25.253532 1528.734741
19957 -19.295374 24.789543 1528.184937
19958 -19.894661 24.245344 1528.029297
19959 -18.751087 24.798182 1527.783447
19960 -18.764973 25.239723 1528.352051
19961 -18.202333 25.255577 1527.906738
19962 -18.279596 24.817543 1527.317139
19963 -18.198645 25.665543 1528.528809
19964 -18.835064 25.665854 1528.954956
19965 -18.225618 26.068253 1529.169067
19966 -18.894976 26.098162 1529.583984
19967 -19.613667 25.682314 1529.368408
19968 -19.538528 26.145000 1529.945801
19969 -18.983236 26.431032 1530.134033
19970 -18.224037 26.494251 1529.863281
19971 -18.547598 26.781635 1530.538940
19972 -17.857796 26.923721 1530.464966
19973 -17.464161 26.732243 1529.854248
19974 -17.058819 27.128048 1530.434692
19975 -16.893969 26.913349 1529.838257
19976 -16.387596 27.401089 1530.640137
19977 -16.903219 27.412144 1531.029053
19978 -16.278009 27.601336 1531.126831
19979 -15.759328 27.636591 1530.800293
19980 -15.232420 27.666031 1530.342529
19981 -15.053394 27.902628 1531.031982
19982 -14.731207 27.870276 1530.464966
19983 -14.762887 27.731766 1529.932739
19984 -14.276787 27.993523 1530.254517
19985 -14.342694 28.077307 1530.830688
19986 -13.822810 28.227644 1530.645630
19987 -13.161321 28.464382 1530.515991
19988 -13.265631 28.470264 1531.120850
19989 -12.616575 28.690332 1531.063965
19990 -12.834825 28.622694 1531.549072
19991 -12.745931 28.643194 1532.122925
19992 -12.146483 28.757092 1532.522461
19993 -12.688468 28.630156 1532.777344
19994 -12.101004 28.695984 1533.161743
19995 -12.052162 28.616364 1533.765015
19996 -11.527775 28.717760 1533.598022
19997 -11.537399 28.822390 1532.994385
19998 -10.941547 28.844296 1533.469482
19999 -10.355711 28.825956 1533.968384
20000 -10.994081 28.690989 1534.079468
20001 -10.475101 28.634705 1534.549072
20002 -11.002202 28.534449 1534.655151
20003 -11.530498 28.590713 1534.208130
20004 -11.529579 28.436138 1534.831787
20005 -12.058583 28.504738 1534.375854
20006 -13.296849 28.520864 1532.393677
20007 -13.306385 28.495876 1531.724731
20008 -13.897510 28.365873 1531.970093
20009 -13.870660 28.291075 1531.243042
20010 -14.452296 28.169167 1531.517578
20011 -15.088657 28.068317 1531.803467
20012 -14.546268 28.255779 1532.212891
20013 -15.068920 28.185341 1532.409668
20014 -15.437816 28.217550 1532.989868
20015 -15.623257 28.048470 1532.229370
20016 -16.132757 28.057444 1532.697998
20017 -16.304482 27.876827 1532.064697
20018 -16.655516 27.926498 1532.513794
20019 -16.970268 27.750175 1532.072632
20020 -17.167534 27.872858 1532.662598
20021 -16.660789 28.036217 1533.027832
20022 -17.201887 28.001137 1533.328857
20023 -17.768986 27.831501 1532.952026
20024 -17.817625 27.934507 1533.626221
20025 -17.885811 27.967882 1534.299927
20026 -18.420435 27.836891 1533.860718
20027 -18.520172 27.831846 1534.454346
20028 -18.020899 27.913906 1534.966431
20029 -18.196150 27.784767 1535.558838
20030 -18.680090 27.749182 1535.046021
20031 -18.810118 27.607496 1535.630005
20032 -19.353218 27.563351 1535.070679
20033 -19.463669 27.397161 1535.692017
20034 -18.939461 27.391878 1536.220947
20035 -18.314783 27.586439 1536.182495
20036 -18.283939 27.658737 1532.628052
20037 -17.690199 27.643610 1532.171021
20038 -18.452818 27.458771 1532.059692
20039 -17.939074 27.369289 1531.518433
20040 -18.461710 27.226810 1531.440918
20041 -18.203726 27.106829 1531.030151
20042 -17.542547 27.249174 1531.004272
20043 -17.277123 27.511789 1531.529175
20044 -16.589720 27.669781 1531.560791
20045 -18.803801 26.992405 1531.080322
20046 -19.180767 26.696068 1530.674805
20047 -19.423946 26.919546 1531.221191
20048 -19.806335 26.611544 1530.797974
20049 -20.080393 26.842682 1531.377441
20050 -20.527548 26.497328 1530.906616
20051 -20.611841 26.741653 1531.434570
20052 -20.930794 26.897110 1532.045166
20053 -21.150753 26.599670 1531.406860
20054 -21.161741 26.267723 1530.773804
20055 -20.713591 26.082039 1530.315552
20056 -20.212317 25.904140 1529.887939
20057 -20.050453 26.281448 1530.354858
20058 -19.514471 26.420984 1530.351685
20059 -15.800617 27.835270 1531.520996
20060 -23.023256 26.522877 1532.895142
20061 -23.142515 26.510464 1533.556030
20062 -22.459160 26.711868 1533.992310
20063 -22.984261 26.508413 1534.243164
20064 -22.381809 26.662882 1534.602783
20065 -21.810080 26.880238 1534.452026
20066 -21.810961 26.761141 1535.089478
20067 -21.199921 26.990421 1535.016235
20068 -21.230297 26.808489 1535.643311
20069 -21.824379 26.586134 1535.646729
20070 -21.248802 26.584047 1536.188354
20071 -20.722523 26.510382 1536.734619
20072 -21.268143 26.339367 1536.644531
20073 -21.709024 25.840956 1537.118164
20074 -21.795219 26.166721 1536.563721
20075 -21.822506 26.388689 1536.121094
20076 -22.378174 26.127403 1536.189575
20077 -22.372467 26.367624 1535.662964
20078 -22.966251 26.121454 1535.674194
20079 -22.885685 26.340549 1535.162476
20080 -23.455631 26.115419 1535.151245
20081 -23.295719 26.322886 1534.633545
20082 -24.020651 26.052460 1534.558960
20083 -23.580481 26.320736 1534.052124
20084 -22.795662 26.485346 1534.749390
20085 -24.172909 26.110918 1533.942261
20086 -24.520836 25.872738 1534.432373
20087 -24.142525 25.792046 1535.229004
20088 -24.875481 25.577406 1534.896362
20089 -24.631029 25.397655 1535.643921
20090 -24.091108 25.599625 1535.744263
20091 -23.548660 25.803062 1535.834351
20092 -24.031969 25.338680 1536.302979
20093 -23.166904 25.530884 1536.634521
20094 -22.947248 25.893217 1536.174683
20095 -22.409559 25.853682 1536.647705
20096 -22.422426 25.478888 1537.188843
20097 -22.503452 24.908470 1537.862427
20098 -22.963919 25.128624 1537.344971
20099 -23.025517 24.643143 1537.939697
20100 -22.661734 24.248053 1538.573120
20101 -23.391878 24.199764 1538.344482
20102 -23.880165 23.885916 1538.578491
20103 -24.066784 24.236073 1537.976440
20104 -23.581387 24.628170 1537.678101
20105 -24.260838 24.744169 1537.108643
20106 -23.617607 25.089636 1537.006104
20107 -24.765181 24.966125 1536.363770
20108 -25.141180 25.056890 1535.841675
20109 -25.777370 24.850147 1535.593506
20110 -25.311638 25.210274 1535.310669
20111 -25.889769 25.000217 1535.091431
20112 -26.417105 24.652514 1535.233887
20113 -26.219902 24.995880 1534.599731
20114 -26.617567 24.922682 1534.073975
20115 -25.937942 25.303442 1534.045044
20116 -26.293205 25.241211 1533.408569
20117 -25.621147 25.574503 1533.396729
20118 -25.983797 25.449848 1532.752319
20119 -25.347321 25.725836 1532.711426
20120 -25.037493 25.827412 1533.411255
20121 -25.158924 25.675789 1534.061890
20122 -24.664886 25.928896 1533.842896
20123 -25.570803 25.315741 1534.669312
20124 -24.753328 24.185917 1537.666870
20125 -22.366987 26.540628 1535.157837
20126 -14.459747 28.294836 1535.205322
20127 -10.047724 27.589197 1536.976196
20128 -9.603288 27.991350 1536.334473
20129 -9.108518 28.360878 1535.739502
20130 -8.889831 28.012329 1536.434570
20131 -8.556505 28.283789 1536.041748
20132 -9.319457 27.630186 1536.970581
20133 -11.519199 29.338726 1527.867676
20134 -7.704962 30.020121 1532.158325
20135 -7.174385 30.156616 1532.224121
20136 -6.758482 30.359632 1531.968994
20137 -6.706199 30.138172 1532.713013
20138 -6.166196 30.397701 1532.411377
20139 -6.172743 30.211054 1532.957642
20140 -5.745660 30.374304 1532.857300
20141 -5.851648 30.135725 1533.420410
20142 -7.332058 29.944469 1532.750244
20143 -7.897592 29.768326 1532.800049
20144 -3.432057 31.179871 1532.788818
20145 -2.855584 31.161089 1533.389038
20146 -2.294235 31.130877 1533.943115
20147 0.651673 30.557215 1536.506104
20148 1.098494 30.735426 1536.474854
20149 1.774492 30.808006 1536.662354
20150 -7.914028 33.193825 1523.541016
20151 -7.906126 33.442768 1523.002197
20152 -1.823421 35.207729 1524.693359
20153 -1.225753 35.168255 1525.070801
20154 -1.814555 35.051689 1525.300415
20155 -0.485718 35.124489 1525.425049
20156 -0.635483 34.972652 1526.011597
20157 -0.072353 35.013321 1525.979614
20158 0.441419 34.894955 1526.571167
20159 -0.357696 34.835995 1526.582153
20160 0.284311 34.719891 1527.162354
20161 1.003746 34.795128 1527.131104
20162 0.803714 34.608437 1527.720825
20163 1.565879 34.682217 1527.793701
20164 1.160628 34.522400 1528.159668
20165 1.696895 34.496284 1528.509277
20166 2.217366 34.637688 1528.299927
20167 2.207753 34.475731 1528.851074
20168 2.736159 34.602093 1528.728516
20169 2.563163 34.411728 1529.263916
20170 1.862203 34.317539 1529.166992
20171 2.304869 34.207626 1529.761963
20172 2.660838 34.082844 1530.363525
20173 1.918482 33.975636 1530.230103
20174 1.736176 34.130085 1529.666260
20175 1.268682 33.939201 1529.934814
20176 1.227084 34.147930 1529.327271
20177 1.186904 34.346634 1528.721680
20178 0.644398 34.209789 1528.846802
20179 0.664015 34.439102 1528.197998
20180 0.098664 34.295063 1528.357056
20181 0.166482 34.512684 1527.777954
20182 0.061854 34.046303 1528.973145
20183 0.659142 33.974895 1529.480347
20184 2.163328 33.820534 1530.840332
20185 -2.467636 35.887421 1519.621826
20186 -2.887299 35.833443 1519.974243
20187 -2.301095 35.861141 1520.153809
20188 -2.845445 35.784916 1520.589844
20189 -1.270102 35.687942 1521.981445
20190 -0.637725 35.683857 1521.942383
20191 -0.802173 35.614002 1522.556641
20192 11.086694 35.346905 1531.127808
20193 19.105213 36.343906 1519.509277
20194 19.805233 36.232639 1519.520630
20195 19.699883 36.418262 1520.085205
20196 20.313114 36.302868 1520.067871
20197 20.470694 36.134277 1519.558350
20198 20.217962 36.460335 1520.625488
20199 19.593424 36.604599 1520.714233
20200 20.111708 36.614590 1521.241455
20201 20.550962 36.620293 1521.868164
20202 19.929924 36.742775 1521.739868
20203 19.902443 36.821190 1522.255615
20204 20.515757 36.719204 1522.727539
20205 21.195429 36.525097 1522.296997
20206 21.301596 36.549847 1522.935303
20207 21.712570 36.444637 1522.548828
20208 21.978073 36.426846 1523.013062
20209 22.645662 36.343098 1523.024170
20210 22.277262 36.401951 1523.571899
20211 22.984695 36.335106 1523.557251
20212 23.242411 36.332504 1524.153809
20213 23.715130 36.332478 1524.594116
20214 23.120195 36.328190 1524.727051
20215 23.611050 36.307159 1525.268066
20216 24.220917 36.348522 1525.102539
20217 24.841972 36.429169 1524.918091
20218 24.792263 36.387325 1525.596802
20219 25.418270 36.509541 1525.393555
20220 25.337885 36.431767 1526.083374
20221 25.984777 36.589935 1525.921997
20222 26.668423 36.797474 1525.789063
20223 26.511389 36.647984 1526.463867
20224 27.168734 36.882023 1526.326416
20225 27.331154 37.054359 1525.627441
20226 27.550589 37.192184 1525.130859
20227 27.808178 37.273151 1525.544922
20228 28.038984 37.432671 1525.132568
20229 27.771416 37.323235 1524.557495
20230 28.381353 37.670540 1524.628296
20231 28.506514 37.673161 1525.403687
20232 28.931995 37.990971 1525.165527
20233 29.003887 37.887760 1525.880005
20234 29.433270 38.269341 1525.600464
20235 29.382612 38.373936 1524.948608
20236 28.958820 38.087826 1524.445313
20237 29.475706 38.541676 1524.248047
20238 29.100946 38.231266 1523.749268
20239 28.548498 37.801334 1523.842407
20240 27.947102 37.421341 1523.915405
20241 29.299015 38.401932 1523.113159
20242 29.557964 38.654343 1523.644409
20243 29.886265 39.000599 1523.104614
20244 29.972298 39.062279 1523.984131
20245 30.372690 39.542599 1523.510620
20246 30.422091 39.543152 1524.076050
20247 30.779394 39.983395 1523.889648
20248 30.835947 40.107967 1523.260498
20249 30.440834 39.630432 1522.720337
20250 30.943235 40.242630 1522.654175
20251 31.312761 40.699055 1523.056885
20252 31.360695 40.755920 1522.538574
20253 31.050894 40.341072 1522.087280
20254 30.712435 39.933376 1522.228149
20255 30.768404 39.939625 1521.672363
20256 30.392212 39.519840 1521.979126
20257 30.030693 39.123653 1522.263306
20258 30.429916 39.475357 1521.335571
20259 30.881214 39.965794 1521.023193
20260 30.520317 39.445042 1520.649170
20261 30.987207 39.936241 1520.358521
20262 31.390720 40.526489 1520.671875
20263 31.366236 40.321041 1520.046265
20264 31.090504 39.862408 1519.720459
20265 31.585495 40.356625 1519.356079
20266 31.773596 40.808662 1519.924438
20267 32.146904 41.024937 1519.157471
20268 31.957741 40.598045 1518.752075
20269 32.345005 40.974510 1518.412720
20270 32.616825 41.472614 1518.699341
20271 32.778759 41.390369 1518.010498
20272 32.495914 40.865868 1517.769531
20273 32.080929 40.516190 1518.227661
20274 32.263939 40.425503 1517.573120
20275 32.634502 40.695644 1517.106689
20276 32.353268 40.143436 1516.881592
20277 31.872330 39.711990 1517.284912
20278 31.741362 39.938534 1518.010010
20279 31.433865 39.405563 1517.756104
20280 31.624462 40.129295 1518.705811
20281 32.758179 40.473385 1516.460693
20282 33.017838 41.012016 1516.678711
20283 33.114651 40.772873 1516.094727
20284 33.308464 40.580078 1515.443237
20285 33.503620 41.135685 1515.742065
20286 33.676369 40.981590 1515.196777
20287 33.536804 40.468224 1514.902832
20288 33.630959 40.094772 1514.417847
20289 33.916435 40.812580 1514.586548
20290 34.037613 40.246601 1513.940430
20291 33.778004 39.571220 1513.853394
20292 33.500938 38.940289 1513.846313
20293 34.066292 39.030727 1513.280029
20294 33.821220 38.389767 1513.321045
20295 34.381756 38.451496 1512.833252
20296 34.106640 37.841675 1512.985229
20297 33.810421 37.247852 1513.176880
20298 34.423405 37.304207 1512.745605
20299 34.159451 36.709892 1512.985718
20300 33.888824 36.019127 1513.296021
20301 34.611908 36.140274 1512.866699
20302 34.524048 35.525833 1513.163086
20303 33.878990 35.280651 1513.589355
20304 34.385662 34.972164 1513.531860
20305 33.965149 34.523087 1514.037231
20306 33.326511 35.037331 1513.992310
20307 33.337929 35.664448 1513.707397
20308 33.285767 34.527748 1514.353638
20309 33.466084 34.098919 1514.666870
20310 34.064587 33.913513 1514.605347
20311 34.634945 34.045532 1514.215088
20312 34.624111 33.653343 1514.731079
20313 34.137661 33.553364 1515.089233
20314 33.580345 33.720749 1515.080688
20315 33.757069 33.408035 1515.508789
20316 34.296673 33.265305 1515.564575
20317 34.620747 33.384697 1515.193970
20318 34.880074 33.161472 1515.581421
20319 35.257889 32.921577 1516.117798
20320 35.519516 33.085083 1515.550293
20321 35.892841 32.852562 1516.127930
20322 35.685810 32.754417 1516.558228
20323 36.293045 32.656242 1516.743530
20324 36.573841 32.795013 1516.099243
20325 36.884167 32.635811 1516.606689
20326 36.887650 32.514610 1517.222534
20327 37.398033 32.523365 1516.943604
20328 37.442368 32.429527 1517.587402
20329 37.614254 32.372871 1518.357178
20330 38.076019 32.394844 1517.821777
20331 38.376247 32.406265 1518.470337
20332 38.128471 32.424965 1519.069946
20333 37.926960 32.456112 1519.804321
20334 38.577347 32.593819 1519.658936
20335 38.479210 32.660107 1520.308472
20336 38.018909 32.559906 1520.627808
20337 37.427013 32.417797 1521.051025
20338 38.091267 32.698589 1521.391235
20339 37.651840 32.571579 1521.756592
20340 37.494213 32.603786 1522.479248
20341 38.081058 32.846878 1522.106567
20342 37.991890 32.962357 1522.780396
20343 38.494110 33.209003 1522.511475
20344 38.714249 33.113617 1521.775024
20345 38.578938 32.824417 1521.003906
20346 39.165298 33.190945 1521.212524
20347 38.933178 32.894024 1520.687500
20348 39.402195 33.092148 1520.686401
20349 39.706566 33.571976 1521.178833
20350 39.416168 33.577137 1521.767822
20351 40.067886 33.941128 1521.643677
20352 39.757847 34.072777 1522.342163
20353 40.381557 34.387325 1522.016479
20354 40.293079 34.573589 1522.663208
20355 39.856747 34.387325 1522.949097
20356 39.364494 34.013973 1522.943481
20357 39.605843 34.566101 1523.567627
20358 38.992550 34.032467 1523.558960
20359 38.828632 33.599762 1522.929443
20360 39.080887 33.596741 1522.444946
20361 38.321396 33.276470 1523.058594
20362 38.439407 33.607517 1523.622803
20363 37.864136 33.104912 1523.497681
20364 38.006397 33.468636 1524.058350
20365 38.561874 33.970020 1524.072144
20366 38.016449 33.919216 1524.735596
20367 38.648033 34.490131 1524.628418
20368 39.103596 34.501022 1524.090820
20369 39.044090 34.864796 1524.545654
20370 39.512588 35.105114 1524.240234
20371 39.263676 35.347710 1524.699341
20372 38.698586 34.976913 1525.022461
20373 38.977127 35.533646 1525.129761
20374 39.437058 35.938763 1524.880859
20375 39.772305 35.641739 1524.342041
20376 39.889454 36.411831 1524.600830
20377 39.688690 36.725929 1524.954468
20378 39.180614 36.181828 1525.272949
20379 39.224037 36.701328 1525.436523
20380 38.800610 36.366734 1525.722900
20381 38.742680 35.818550 1525.529175
20382 38.432816 35.347157 1525.559082
20383 38.219616 35.904182 1526.047119
20384 37.822124 35.222919 1526.046631
20385 38.066612 34.782066 1525.527222
20386 38.240093 34.465649 1525.075317
20387 37.710930 34.188381 1525.397217
20388 37.370903 33.613129 1525.170532
20389 37.480988 33.293568 1524.564819
20390 37.005451 33.131275 1524.994873
20391 36.924660 32.794220 1524.509644
20392 37.444160 32.936035 1523.884033
20393 36.726997 32.427345 1523.899658
20394 37.116470 32.517700 1523.194946
20395 37.603657 32.820801 1523.176392
20396 36.333645 32.088051 1523.294189
20397 36.195072 32.095425 1523.962769
20398 36.322762 32.312878 1524.470947
20399 35.801849 31.926067 1524.381836
20400 35.857418 32.164722 1525.014160
20401 35.358429 31.758257 1524.909180
20402 35.345516 31.976320 1525.489868
20403 34.866837 31.553782 1525.371704
20404 35.313580 32.250992 1525.984253
20405 35.807056 32.463120 1525.641846
20406 35.614544 32.806213 1526.270386
20407 36.228333 33.030281 1525.843994
20408 36.104858 33.417362 1526.330933
20409 36.596752 33.518471 1525.942871
20410 36.692020 33.999012 1526.241699
20411 36.125088 34.099754 1526.768433
20412 36.738445 34.617382 1526.590088
20413 36.253929 34.802742 1527.016113
20414 36.667614 35.118858 1526.875244
20415 37.193562 35.137856 1526.513306
20416 37.362782 34.526333 1526.016235
20417 37.514957 35.754246 1526.541504
20418 37.145493 36.287624 1526.955566
20419 37.776924 36.412365 1526.575684
20420 38.387108 36.665318 1526.184326
20421 38.932579 36.994274 1525.802490
20422 38.543400 37.389095 1526.216797
20423 37.932796 37.114410 1526.626953
20424 38.024986 37.882923 1526.648071
20425 38.703182 38.084419 1526.145874
20426 38.336075 38.536572 1526.427124
20427 38.867744 38.744656 1525.976440
20428 38.407429 39.156437 1526.311523
20429 38.849262 39.360321 1525.901123
20430 38.466434 39.756924 1526.160889
20431 38.844143 39.894276 1525.789673
20432 39.210148 39.700207 1525.458374
20433 39.083134 40.391079 1525.405640
20434 38.581371 40.356338 1525.934692
20435 38.722782 40.980694 1525.662109
20436 38.222366 40.915115 1526.137939
20437 38.348263 41.634903 1525.949829
20438 37.824322 41.435905 1526.355713
20439 37.660686 40.843266 1526.535889
20440 37.352047 41.357262 1526.616699
20441 36.979500 40.967922 1526.837158
20442 37.497623 40.241337 1526.733154
20443 38.095554 40.264248 1526.351929
20444 37.958149 39.648140 1526.559692
20445 37.384167 39.605537 1526.903320
20446 37.871189 39.028099 1526.704956
20447 37.244015 38.943584 1527.062256
20448 37.789436 38.475243 1526.799316
20449 37.357536 38.223286 1527.051636
20450 37.371616 37.575794 1527.028320
20451 36.727081 38.013069 1527.350098
20452 36.725746 38.633286 1527.318970
20453 36.153442 38.495804 1527.528809
20454 36.166100 39.074146 1527.455566
20455 36.621681 39.156517 1527.299072
20456 36.172039 39.621990 1527.360962
20457 36.772221 39.628727 1527.170898
20458 36.235069 40.225948 1527.220825
20459 36.861225 40.252804 1527.021362
20460 36.279919 40.876530 1527.062134
20461 36.280720 41.572441 1526.902588
20462 36.870640 41.746449 1526.734009
20463 36.261700 42.247719 1526.759155
20464 35.678368 42.077843 1526.813599
20465 35.673374 41.418255 1527.001587
20466 35.100021 41.828220 1526.836304
20467 35.121708 42.500206 1526.591064
20468 34.501835 42.032677 1526.582520
20469 34.689766 42.729546 1526.326294
20470 35.228683 43.132141 1526.405762
20471 34.717747 43.377243 1526.031128
20472 35.252178 43.783321 1526.225220
20473 34.769474 44.215607 1525.680786
20474 35.376118 44.491390 1526.143066
20475 35.059055 45.074509 1525.672119
20476 35.605469 45.253292 1526.209717
20477 35.250256 45.934299 1525.819824
20478 34.716946 45.627037 1525.335815
20479 34.792694 46.382610 1525.417969
20480 35.209423 46.788811 1525.776611
20481 35.599075 46.533798 1526.109375
20482 35.795834 45.925838 1526.268311
20483 36.085739 46.460155 1526.061890
20484 36.365860 46.014725 1526.499146
20485 36.180084 45.359386 1526.476807
20486 36.858746 45.425941 1526.685913
20487 36.594116 44.817936 1526.543823
20488 37.222141 44.891293 1526.674438
20489 37.504223 45.516281 1526.749634
20490 37.901680 45.049511 1526.635010
20491 38.038059 45.368443 1526.498291
20492 38.291496 45.383873 1526.278931
20493 38.416519 44.599083 1526.527588
20494 38.798969 45.340096 1525.854980
20495 38.500751 45.365822 1526.104126
20496 39.214012 44.422359 1525.994995
20497 39.043167 45.354538 1525.518066
20498 39.282341 44.406445 1525.434570
20499 39.102669 43.835548 1525.737915
20500 39.250076 43.583473 1525.203247
20501 38.766903 43.098526 1525.769897
20502 39.078812 42.771790 1525.157715
20503 38.725071 42.263523 1525.584839
20504 39.053127 42.091202 1525.121094
20505 39.337696 42.454636 1524.572632
20506 39.305794 43.091896 1524.655518
20507 39.503506 42.772823 1524.153931
20508 39.468952 43.342728 1524.129883
20509 39.775616 42.831726 1523.631714
20510 39.773994 43.490097 1523.520630
20511 40.158043 43.026993 1523.153320
20512 40.127617 43.542084 1523.171021
20513 39.907326 44.037430 1523.472900
20514 40.461121 43.904018 1523.160278
20515 40.337273 44.469307 1523.298584
20516 40.801945 44.240177 1523.050903
20517 40.866028 44.778687 1523.047974
20518 41.422932 44.263046 1522.994385
20519 41.592476 44.707355 1523.011353
20520 41.442028 45.404030 1523.097046
20521 40.613686 45.458958 1523.071899
20522 40.861835 45.950474 1522.910156
20523 40.203350 45.914696 1522.805176
20524 40.349922 46.346485 1522.477539
20525 40.858681 46.404747 1522.379028
20526 40.392391 46.656029 1521.920410
20527 40.014542 46.445591 1521.812134
20528 39.801735 46.152431 1522.323853
20529 39.328373 46.127487 1521.668457
20530 39.241638 46.347858 1522.420898
20531 38.732471 46.470234 1522.168213
20532 38.471371 46.153160 1521.627563
20533 38.711349 45.934814 1521.096069
20534 39.294769 46.097023 1520.823853
20535 39.942066 46.420284 1521.111572
20536 39.914906 46.381901 1520.403320
20537 39.153084 46.034519 1520.112305
20538 39.915710 46.259354 1519.644897
20539 39.178650 46.031345 1519.505859
20540 39.804630 46.037239 1518.931274
20541 38.899315 45.739674 1519.075195
20542 39.145676 45.451508 1518.393433
20543 38.431976 45.345871 1518.703857
20544 38.284233 45.499989 1519.353760
20545 37.775784 45.197800 1518.920288
20546 37.637383 45.324699 1519.611084
20547 37.124668 45.029659 1519.096802
20548 36.971756 45.163456 1519.790283
20549 37.450340 45.447983 1520.384521
20550 38.174648 45.576443 1520.066528
20551 38.139286 45.688152 1520.753296
20552 38.730385 45.798363 1520.449341
20553 38.764675 45.817436 1519.776489
20554 38.118164 45.883476 1521.316040
20555 37.570000 45.715111 1521.098755
20556 37.769623 46.053719 1521.675781
20557 38.121063 46.598461 1522.015869
20558 37.493435 46.594116 1521.863281
20559 37.083241 46.028362 1521.496338
20560 36.943596 46.615601 1521.770020
20561 36.448692 46.317287 1521.735474
20562 36.384460 45.783031 1521.358398
20563 35.858624 45.921093 1521.728760
20564 35.809231 45.393837 1521.191040
20565 36.322212 45.326572 1520.753418
20566 35.744499 44.993378 1520.552124
20567 36.242371 44.974705 1519.976563
20568 35.670902 44.727325 1519.973511
20569 35.226616 44.613369 1520.354858
20570 35.362946 44.474728 1519.704590
20571 34.918827 44.201958 1519.756836
20572 35.236881 44.260239 1519.177124
20573 34.636555 43.829361 1519.145264
20574 35.076347 44.030613 1518.621704
20575 34.652020 43.700680 1518.558350
20576 34.915779 43.812290 1518.111694
20577 34.438873 43.423939 1518.174805
20578 34.684570 43.482662 1517.502808
20579 35.348503 44.022263 1517.520996
20580 35.168072 43.765030 1516.919067
20581 34.642437 43.234737 1516.789063
20582 35.046268 43.491661 1516.334961
20583 34.642712 43.008476 1516.193115
20584 34.968376 43.233452 1515.867065
20585 34.737438 42.847805 1515.620483
20586 34.346039 42.521618 1515.948486
20587 34.230522 42.692455 1516.604980
20588 33.909840 42.149998 1516.363892
20589 34.098164 42.022343 1515.691650
20590 34.555164 42.385120 1515.244873
20591 34.292305 41.907799 1515.113037
20592 34.603134 42.055164 1514.702515
20593 34.122265 41.446716 1514.879150
20594 33.893974 41.532650 1515.437378
20595 34.427666 41.410286 1514.303223
20596 34.267982 40.778748 1514.002197
20597 34.798244 41.351727 1513.672852
20598 34.754402 40.777180 1513.321411
20599 35.122166 41.237217 1513.134644
20600 35.204990 40.781734 1512.763916
20601 35.530132 41.313839 1512.678223
20602 35.698765 40.767654 1512.176880
20603 36.091282 41.298046 1512.170288
20604 36.226482 40.828148 1511.540161
20605 35.931110 40.169334 1511.609131
20606 36.636864 40.360573 1511.003174
20607 36.623695 40.903809 1511.014526
20608 36.657993 41.367161 1511.480713
20609 36.697548 41.268070 1511.141968
20610 36.439819 39.789127 1511.170410
20611 35.929039 39.460182 1511.600342
20612 35.424629 39.653683 1512.048584
20613 35.348400 40.229172 1512.365479
20614 34.964783 39.767593 1512.593140
20615 34.872768 40.305828 1512.920898
20616 34.602718 39.920776 1513.053223
20617 34.451962 40.317780 1513.436035
20618 34.262955 39.822041 1513.399780
20619 34.570259 39.436260 1512.897339
20620 34.603085 38.930927 1512.722412
20621 35.036640 39.235298 1512.367554
20622 35.012352 38.580151 1512.308960
20623 34.672089 37.921211 1512.548584
20624 35.317654 37.959705 1512.053101
20625 35.017727 37.363804 1512.319824
20626 35.613571 37.385277 1511.874878
20627 35.379803 36.817482 1512.178711
20628 35.948879 36.878944 1511.738647
20629 35.823898 36.316917 1512.088135
20630 35.222919 36.220280 1512.493652
20631 35.840309 35.629898 1512.494995
20632 36.406353 35.879852 1512.020630
20633 36.611866 35.339153 1512.385254
20634 36.256298 34.973129 1512.814941
20635 35.564419 35.067905 1512.990723
20636 35.095352 35.639778 1512.836914
20637 34.915157 35.126251 1513.209839
20638 35.373497 34.572510 1513.436646
20639 36.018402 34.526173 1513.260010
20640 35.842430 34.091057 1513.740234
20641 35.223984 34.106201 1513.930420
20642 34.741661 34.538532 1513.701538
20643 35.147850 33.729713 1514.423218
20644 35.694485 33.741505 1514.224487
20645 35.599243 33.484085 1514.661865
20646 35.170433 33.378296 1514.999512
20647 35.835392 33.254440 1515.041626
20648 36.187870 33.006989 1515.553467
20649 36.488926 33.179214 1515.031860
20650 36.897049 32.931328 1515.577881
20651 37.324215 32.696438 1516.200439
20652 37.617611 32.885242 1515.557617
20653 38.105412 32.651646 1516.100830
20654 37.945766 32.518414 1516.746094
20655 37.853687 32.445686 1517.281250
20656 38.372810 32.431889 1517.295044
20657 38.749947 32.412231 1517.893677
20658 38.991188 32.460121 1517.287354
20659 39.378162 32.483322 1517.903442
20660 39.054039 32.481586 1518.435303
20661 39.628471 32.638020 1518.463623
20662 39.413471 32.687355 1518.989868
20663 38.783230 32.529148 1519.028320
20664 39.162300 32.783558 1519.567749
20665 38.979073 32.825275 1520.204590
20666 39.509098 33.049870 1520.095581
20667 40.003925 33.459930 1520.657227
20668 40.265846 33.324337 1520.156250
20669 40.885124 33.880989 1520.755859
20670 40.310753 33.806683 1521.130859
20671 40.774830 34.346550 1521.314331
20672 40.643017 33.628094 1520.107544
20673 40.427940 33.219181 1519.535034
20674 39.752193 33.079472 1519.498413
20675 40.037651 32.976074 1518.968506
20676 40.850391 33.251831 1518.989990
20677 40.827438 33.384102 1519.381836
20678 40.302616 33.035160 1518.402344
20679 39.973106 32.669228 1517.876587
20680 40.619965 33.021729 1517.750366
20681 40.246933 32.657589 1517.201904
20682 39.622322 32.545593 1517.262207
20683 39.926201 32.598118 1516.646606
20684 39.218609 32.546837 1516.662964
20685 38.569744 32.504486 1516.678101
20686 38.770935 32.601795 1516.049072
20687 38.316879 32.860588 1515.522705
20688 38.989128 32.853119 1515.468262
20689 39.471458 32.624672 1516.028198
20690 39.673649 32.908833 1515.484009
20691 40.267609 32.826164 1516.117065
20692 40.610844 33.011787 1516.575195
20693 40.292206 33.142651 1515.537964
20694 39.851933 33.137218 1515.035767
20695 39.222664 33.142406 1514.826416
20696 39.718662 33.145519 1514.406494
20697 39.184120 33.392296 1514.090210
20698 38.679569 33.323963 1514.371826
20699 38.523232 33.667862 1513.786743
20700 38.163765 33.333435 1514.445801
20701 37.765217 33.606670 1513.880859
20702 37.500229 33.370937 1514.419434
20703 37.035385 33.640320 1513.983887
20704 37.398350 33.846695 1513.533813
20705 36.977467 34.020763 1513.455688
20706 36.470215 34.050041 1513.587158
20707 36.319820 33.697674 1514.098633
20708 36.116611 33.431187 1514.600952
20709 36.766556 33.374813 1514.543457
20710 37.190174 33.133598 1515.002563
20711 37.886196 33.117916 1514.984131
20712 38.537647 33.139122 1514.957764
20713 36.657158 34.496937 1513.086548
20714 36.962875 34.836704 1512.702759
20715 37.372871 34.280651 1513.038696
20716 37.550900 34.724304 1512.582886
20717 38.014244 34.364563 1512.726074
20718 38.023624 34.898541 1512.160278
20719 38.610584 34.487137 1512.415283
20720 38.588608 33.996593 1512.984375
20721 37.970963 33.850155 1513.286621
20722 39.184452 33.732925 1513.407227
20723 39.221172 34.314594 1512.715210
20724 39.726368 33.841980 1513.155396
20725 39.780613 33.521477 1513.926636
20726 39.129780 34.493031 1511.975708
20727 38.646931 34.808342 1511.902344
20728 39.023651 34.901634 1511.436523
20729 38.354168 35.063244 1511.484619
20730 37.610889 35.470482 1511.519043
20731 38.225460 35.366043 1511.002563
20732 37.915653 35.917252 1510.868896
20733 38.484417 36.195530 1510.710693
20734 38.008957 36.506889 1510.682495
20735 37.420097 36.178001 1511.003784
20736 37.401184 36.799511 1510.676270
20737 36.875546 36.579517 1511.117920
20738 36.938740 36.010078 1511.543091
20739 36.968189 35.574902 1511.966553
20740 36.386395 36.440422 1511.615601
20741 37.301823 35.192474 1512.279541
20742 36.434498 37.003773 1511.267212
20743 36.822624 37.213348 1510.819458
20744 36.510017 37.488750 1511.069702
20745 36.803310 37.874142 1510.778076
20746 36.379356 37.996819 1511.211060
20747 36.726734 38.653851 1510.924805
20748 37.250595 38.375126 1510.469116
20749 37.364964 37.542439 1510.426392
20750 37.742966 38.068005 1510.330811
20751 37.616634 38.848282 1510.284546
20752 37.226963 39.205753 1510.500488
20753 38.043377 37.093712 1510.457031
20754 36.827843 39.456020 1510.840332
20755 37.225471 39.780201 1510.501221
20756 36.936298 40.129505 1510.748047
20757 36.343155 39.139797 1511.254150
20758 36.161255 38.537228 1511.406738
20759 35.917877 38.944225 1511.597656
20760 35.643078 38.512016 1511.802246
20761 35.485954 39.064968 1511.944702
20762 35.871510 37.967876 1511.625610
20763 36.121231 37.441139 1511.443970
20764 38.634777 35.024433 1510.946533
20765 40.299732 33.144672 1514.970947
20766 40.631996 33.031597 1517.136841
20767 40.821484 33.224506 1518.470337
20768 34.776131 36.770065 1512.588257
20769 36.346153 41.899506 1512.250244
20770 35.879364 41.843712 1512.645508
20771 36.172230 42.304768 1512.488403
20772 36.547585 42.384396 1512.213867
20773 36.473991 42.924973 1512.738647
20774 35.809086 42.384155 1512.995361
20775 36.071548 43.021725 1513.368286
20776 36.614834 43.372616 1513.206177
20777 36.966061 43.595573 1512.891724
20778 36.935791 43.983696 1513.262939
20779 36.391125 43.581692 1513.836670
20780 36.991997 44.078686 1513.902954
20781 37.428768 44.278110 1513.278564
20782 37.414700 44.465282 1513.896729
20783 37.155117 44.417580 1514.518188
20784 36.584805 44.002125 1514.553345
20785 36.899971 44.371014 1515.267700
20786 37.539177 44.654099 1515.074829
20787 37.632301 44.684055 1514.399292
20788 38.001377 44.862713 1514.957520
20789 37.985996 44.863876 1515.537109
20790 37.449390 44.817707 1515.744995
20791 38.091633 44.914055 1516.103638
20792 38.772408 45.237148 1516.058350
20793 38.688732 45.023712 1516.544678
20794 39.041153 45.320175 1516.408447
20795 39.294209 45.174229 1517.117676
20796 38.545467 44.869938 1517.009277
20797 38.659515 44.949493 1517.525635
20798 39.211903 45.315495 1517.940796
20799 38.579609 45.111317 1518.135864
20800 37.984402 44.863483 1517.725708
20801 38.023041 44.852493 1517.126953
20802 37.364807 44.801067 1517.236328
20803 37.438339 44.859310 1516.517822
20804 38.151051 44.867970 1516.671387
20805 36.749313 44.700737 1516.710083
20806 36.794312 44.706291 1515.985107
20807 36.390438 44.335739 1515.696533
20808 36.187908 44.003925 1515.178711
20809 35.887127 44.034222 1515.785645
20810 36.251884 44.425926 1516.258667
20811 35.626465 44.025894 1516.439087
20812 36.148510 44.437939 1516.907837
20813 36.682205 44.662277 1517.387573
20814 35.988140 44.404449 1517.598999
20815 35.646263 44.153278 1517.068970
20816 35.497143 44.206139 1518.122925
20817 36.068367 44.510101 1518.277954
20818 36.639542 44.677181 1518.025024
20819 36.613094 44.755703 1518.618652
20820 37.245071 44.882153 1518.489136
20821 37.321701 44.797707 1517.885132
20822 37.949169 44.944393 1518.377930
20823 36.476570 44.852116 1519.233765
20824 36.111485 44.615704 1518.799927
20825 35.814629 44.610828 1519.340576
20826 36.784809 45.291386 1520.372314
20827 35.631165 44.375805 1518.697144
20828 35.353142 43.610577 1515.837769
20829 35.619896 43.622147 1515.246216
20830 35.132957 43.186893 1515.374756
20831 35.340923 43.058052 1514.715576
20832 34.903980 42.697819 1515.003662
20833 35.107090 42.536266 1514.402588
20834 34.929043 41.972599 1514.044922
20835 35.328400 42.401245 1513.858032
20836 35.359009 41.887508 1513.299805
20837 35.630489 42.534149 1513.492432
20838 35.681255 42.967365 1514.031616
20839 35.905151 43.593948 1514.557251
20840 33.705551 41.672691 1516.060547
20841 33.332493 41.238300 1516.275757
20842 33.404716 41.647045 1516.769653
20843 33.761894 42.339363 1517.158081
20844 33.235596 41.818520 1517.571167
20845 33.493069 42.284225 1517.854370
20846 33.868198 42.720593 1517.798706
20847 33.545532 42.543571 1518.384766
20848 34.003944 43.032036 1518.305176
20849 34.231068 43.123020 1517.809448
20850 34.244930 43.391151 1518.747925
20851 33.765110 42.954281 1518.914307
20852 34.055389 43.376648 1519.374268
20853 33.467724 42.843330 1519.684570
20854 33.928234 43.400875 1519.935181
20855 34.385300 43.804424 1519.841309
20856 34.104458 43.715328 1520.421753
20857 33.630573 43.212799 1520.407959
20858 33.783524 43.534985 1520.965820
20859 34.269798 44.094601 1521.063232
20860 34.625385 44.192978 1520.417358
20861 34.853374 44.556049 1520.854980
20862 35.319424 44.983364 1521.018677
20863 34.948528 44.939255 1521.436890
20864 35.269009 45.427635 1521.711914
20865 34.707512 45.075783 1522.036621
20866 34.863003 45.563541 1522.365601
20867 35.330864 46.038239 1522.223999
20868 34.859844 46.040627 1522.776733
20869 35.242332 46.595562 1522.682007
20870 34.732128 46.444263 1523.239868
20871 34.523018 45.848793 1523.423218
20872 34.584064 46.318058 1523.732178
20873 34.666485 46.826817 1523.663330
20874 34.569588 46.504250 1524.203125
20875 34.616547 47.022175 1524.167603
20876 35.115490 47.395794 1523.713501
20877 35.081303 47.063019 1523.177368
20878 35.756779 47.495384 1523.576660
20879 35.538902 47.293636 1522.610352
20880 35.862122 46.640091 1522.156128
20881 36.068947 47.322845 1522.257446
20882 36.531647 46.985802 1521.940430
20883 36.785374 47.586472 1522.408325
20884 36.233208 47.631916 1522.948364
20885 37.163147 47.104179 1521.990723
20886 37.404797 47.372498 1522.579590
20887 37.884331 47.188683 1522.370605
20888 35.183151 47.358944 1524.242798
20889 35.043545 47.299736 1524.668335
20890 34.597843 46.740944 1524.739624
20891 35.128819 47.112156 1525.206299
20892 34.578434 46.099972 1524.758057
20893 34.485260 45.930702 1524.140503
20894 34.464401 45.444706 1524.686035
20895 34.571117 44.908352 1525.147217
20896 34.282673 44.816681 1524.539795
20897 34.287201 44.304974 1524.973145
20898 34.173351 43.527519 1525.393433
20899 33.948799 43.839401 1524.708496
20900 33.655460 43.239815 1524.830078
20901 33.658573 42.781990 1525.386597
20902 34.176739 42.834858 1525.915405
20903 33.601257 42.179817 1525.900635
20904 33.136158 42.180622 1525.328735
20905 33.205906 42.642967 1524.766968
20906 32.731087 42.055645 1524.733643
20907 32.811707 42.441883 1523.952026
20908 33.325031 43.062702 1524.231445
20909 33.246025 43.128239 1523.552612
20910 33.577114 43.586739 1523.849854
20911 33.571800 43.669884 1523.228149
20912 33.289875 43.240940 1522.849854
20913 33.638069 43.735443 1522.577759
20914 33.883610 44.177441 1522.896973
20915 33.957539 44.160011 1522.319702
20916 33.734474 43.749477 1521.972900
20917 33.377987 43.305313 1522.183960
20918 33.523911 43.374138 1521.546753
20919 33.138229 42.913433 1521.700439
20920 32.995781 42.810329 1522.384644
20921 32.908169 42.703781 1523.087280
20922 32.563427 42.254543 1522.585327
20923 32.733814 42.419865 1521.861572
20924 32.314262 41.901062 1521.961426
20925 32.508850 42.068031 1521.358398
20926 32.924786 42.555538 1521.183594
20927 32.707794 42.188450 1520.679443
20928 32.333698 41.756313 1520.836426
20929 32.459381 41.777096 1520.239624
20930 31.966644 41.238743 1520.582520
20931 32.087749 41.543724 1521.359985
20932 31.629461 40.969322 1521.353027
20933 31.851711 41.338932 1522.101318
20934 31.379164 40.739059 1521.971924
20935 31.794615 41.295712 1522.876099
20936 32.156494 41.739479 1522.514771
20937 32.253784 41.856724 1523.041382
20938 32.570538 42.243946 1523.259033
20939 32.326271 41.888016 1523.629517
20940 32.348682 41.781204 1524.220093
20941 31.978363 41.416126 1523.890625
20942 31.977167 41.258041 1524.474487
20943 31.595119 40.919277 1524.071533
20944 31.593981 40.737942 1524.678223
20945 31.165323 40.361866 1524.277222
20946 31.144077 40.168583 1524.822144
20947 31.608698 40.542740 1525.156982
20948 32.075638 41.097488 1525.106323
20949 31.928860 40.587605 1525.651611
20950 32.585453 41.169674 1525.809692
20951 32.640480 41.637871 1525.270630
20952 32.340961 41.568462 1524.772583
20953 33.023239 41.748493 1525.690918
20954 33.214195 41.522816 1526.113403
20955 33.846329 41.793861 1526.387329
20956 34.192905 42.329384 1526.264282
20957 34.168884 41.411243 1526.764771
20958 34.660526 41.538067 1526.860474
20959 34.537006 41.040936 1527.039917
20960 33.936489 40.831890 1526.972046
20961 33.549065 41.201653 1526.593628
20962 32.956535 40.931259 1526.395142
20963 34.426323 40.428040 1527.259644
20964 35.055084 40.635746 1527.242798
20965 35.102406 41.232609 1527.046387
20966 35.657753 40.778004 1527.181885
20967 35.621563 40.134323 1527.355469
20968 35.020885 39.991787 1527.437378
20969 35.609871 39.553757 1527.491577
20970 35.056797 39.382187 1527.593750
20971 35.607250 38.991535 1527.598633
20972 35.137363 38.874741 1527.691650
20973 35.534443 38.450718 1527.691040
20974 35.323349 37.932220 1527.790039
20975 31.355515 40.102486 1525.460205
20976 31.195488 39.607433 1525.990967
20977 30.767605 39.601803 1525.228027
20978 30.733454 39.822056 1524.446289
20979 30.310101 39.329739 1524.573608
20980 30.187794 39.039089 1525.190796
20981 29.837934 38.819218 1524.733398
20982 29.758411 38.620975 1525.279907
20983 29.967001 38.600452 1525.841064
20984 30.604692 39.046753 1526.028198
20985 30.236145 38.476242 1526.492798
20986 29.595747 38.112297 1526.344360
20987 30.723291 38.709602 1526.664063
20988 31.215195 40.528538 1523.713623
20989 31.641548 41.069416 1523.512939
20990 31.999371 41.517109 1523.395752
20991 31.179247 40.420540 1521.460571
20992 32.240139 41.369675 1519.783203
20993 32.664005 41.861282 1519.616577
20994 32.497990 41.524551 1519.243652
20995 32.868542 41.931828 1519.036743
20996 33.110909 41.989925 1518.351440
20997 33.292347 42.431618 1518.959351
20998 33.059620 42.291309 1519.413574
20999 32.912464 42.280178 1520.012451
21000 33.159401 42.693050 1520.490356
21001 33.349194 43.044304 1521.038208
21002 33.869167 43.775509 1521.449585
21003 34.094326 44.156483 1521.761108
21004 34.533401 44.590916 1521.567261
21005 34.325054 44.631554 1522.164307
21006 34.430153 45.064869 1522.643311
21007 34.143841 44.552235 1522.628540
21008 34.112076 44.652420 1523.143677
21009 33.833466 44.110504 1523.528442
21010 34.108562 44.657532 1523.883179
21011 34.332478 45.207600 1523.326294
21012 34.336140 45.315666 1524.008545
21013 34.091976 44.344704 1524.456299
21014 33.869526 44.031555 1524.132324
21015 33.669437 43.545731 1524.369751
21016 34.591385 45.557240 1522.887695
21017 34.219097 42.941162 1517.275879
21018 32.922253 41.240150 1517.315308
21019 36.934326 45.565647 1520.921631
21020 38.396332 46.959225 1522.638916
21021 38.858860 46.676285 1522.677612
21022 38.486797 46.715385 1523.086182
21023 39.069656 46.505539 1523.087280
21024 39.547611 45.998241 1522.800537
21025 39.562084 46.015945 1523.443604
21026 39.131550 46.179043 1523.690552
21027 39.572140 45.978821 1524.193970
21028 39.863976 45.417774 1523.735107
21029 40.002083 45.676727 1523.218018
21030 40.257084 45.094540 1523.366455
21031 39.836311 44.719479 1523.696411
21032 39.742153 44.953224 1524.426270
21033 39.474743 44.116089 1524.109619
21034 39.304993 44.285431 1524.855225
21035 39.336834 43.683838 1524.586426
21036 39.375866 45.037498 1525.255737
21037 39.202610 45.641434 1524.778687
21038 39.103798 45.463634 1525.236938
21039 37.922180 47.017414 1522.927979
21040 39.742550 45.958469 1518.542847
21041 40.384537 46.776722 1520.026978
21042 40.332279 46.622395 1519.604248
21043 40.447285 46.905609 1520.628784
21044 40.426334 46.846676 1521.268921
21045 42.016514 44.838375 1523.137329
21046 42.279873 44.273643 1522.689453
21047 41.938816 43.795685 1522.815796
21048 41.110451 43.798462 1522.996704
21049 41.426430 43.269905 1522.805298
21050 40.652668 43.368580 1523.039307
21051 40.768925 42.771561 1522.998047
21052 40.269741 42.312084 1523.327393
21053 40.914474 42.155430 1522.945923
21054 41.279728 42.612019 1522.635376
21055 41.521297 42.035027 1522.674072
21056 41.901539 42.596306 1522.500000
21057 41.978226 42.001060 1522.500977
21058 41.861332 41.342457 1522.545776
21059 41.155090 41.535797 1522.956665
21060 41.366467 40.811420 1522.963379
21061 41.774742 40.830692 1522.620117
21062 41.739471 40.246700 1522.649902
21063 41.300911 40.090271 1523.023926
21064 41.719383 39.673477 1522.666870
21065 41.319679 39.454117 1523.047729
21066 41.692467 39.106930 1522.690063
21067 41.362461 38.835342 1523.065186
21068 41.660870 38.535110 1522.717529
21069 41.435112 38.192677 1523.029907
21070 41.655014 37.953621 1522.723389
21071 41.622536 37.371769 1522.749756
21072 41.156704 37.887653 1523.451050
21073 41.078461 38.522671 1523.512085
21074 40.782135 38.162807 1523.964966
21075 40.764065 37.486794 1523.926270
21076 41.156334 37.149696 1523.325928
21077 40.705322 36.864017 1523.740845
21078 41.085320 36.574158 1523.212036
21079 41.620358 36.800838 1522.751465
21080 41.427025 36.353161 1522.844238
21081 41.620670 36.273422 1522.410889
21082 41.338535 35.777580 1522.625610
21083 41.621151 35.632484 1521.882690
21084 41.157898 35.336872 1522.342041
21085 41.375996 35.026611 1521.815918
21086 40.626633 34.778130 1522.397461
21087 40.913532 34.516026 1521.773315
21088 40.795086 35.208733 1522.927002
21089 40.212200 34.868877 1523.237061
21090 40.552975 35.483135 1523.414673
21091 40.015205 35.236851 1523.804443
21092 40.241325 35.910454 1523.957886
21093 40.674122 36.231888 1523.589111
21094 40.410675 36.533813 1524.006592
21095 40.252766 37.047394 1524.403931
21096 41.019997 35.935024 1523.138550
21097 40.336323 37.768192 1524.475464
21098 39.869125 37.439819 1524.952271
21099 39.878090 38.055649 1525.000854
21100 39.542751 37.720825 1525.340698
21101 39.416462 37.226654 1525.389771
21102 39.105240 37.626156 1525.760986
21103 39.343788 38.283211 1525.557983
21104 39.790787 38.696602 1525.044800
21105 39.304802 39.016537 1525.515747
21106 39.667866 39.395329 1525.024048
21107 39.485466 40.112331 1525.010864
21108 39.980312 39.765766 1524.518188
21109 39.825592 40.323601 1524.500244
21110 39.490772 40.659500 1524.814819
21111 39.859856 40.820095 1524.257202
21112 40.282120 40.266998 1523.951904
21113 40.250099 40.964191 1523.721436
21114 39.820980 41.439388 1524.070923
21115 39.498611 41.233513 1524.606567
21116 39.435177 41.828293 1524.524292
21117 39.740929 42.182587 1523.919678
21118 40.199646 41.632275 1523.552002
21119 40.610336 41.744270 1523.171875
21120 40.677883 41.173946 1523.251587
21121 40.736973 40.499870 1523.409424
21122 39.209087 41.569260 1524.940918
21123 39.157013 41.069698 1525.128418
21124 38.879654 41.597988 1525.390137
21125 40.833599 39.854019 1523.463379
21126 40.433971 39.455780 1524.066528
21127 41.018784 39.166527 1523.431885
21128 40.645924 38.828800 1524.002441
21129 40.139103 39.088894 1524.549194
21130 40.281330 38.426750 1524.524780
21131 38.246552 42.436798 1526.066772
21132 37.952393 41.987816 1526.244629
21133 37.591991 42.611465 1526.434570
21134 37.420635 41.912865 1526.522583
21135 36.897053 42.419441 1526.639526
21136 36.930565 43.101173 1526.577515
21137 37.508717 43.373428 1526.494995
21138 36.930279 43.738647 1526.536987
21139 37.417179 43.914883 1526.528442
21140 37.020809 44.323250 1526.522095
21141 37.652687 44.416374 1526.561646
21142 37.949051 43.857990 1526.487915
21143 38.615177 43.795452 1526.157227
21144 38.127502 43.166073 1526.267944
21145 36.419243 44.200287 1526.503906
21146 35.961498 44.699471 1526.481812
21147 35.829273 44.035660 1526.427246
21148 36.341534 43.573318 1526.544556
21149 35.765163 43.384491 1526.500366
21150 36.310322 42.927399 1526.633057
21151 35.692104 42.731133 1526.635742
21152 37.308773 36.904064 1526.986206
21153 35.746521 34.563778 1527.237793
21154 35.501781 33.969822 1527.144775
21155 35.218487 34.455147 1527.507324
21156 35.635017 33.423061 1526.741699
21157 37.095123 33.860558 1525.745972
21158 36.798416 33.301937 1525.491943
21159 36.427086 32.714649 1525.164429
21160 35.732613 31.800196 1523.756958
21161 35.662724 31.756035 1523.095947
21162 29.047935 37.683094 1526.557495
21163 29.035862 37.388222 1527.161987
21164 28.554451 37.360821 1526.716431
21165 28.584654 37.092533 1527.348022
21166 28.051876 37.012592 1527.053223
21167 27.913214 37.198723 1526.246094
21168 27.530706 36.889557 1526.826416
21169 27.528740 36.675606 1527.422607
21170 26.987427 36.657345 1527.007324
21171 26.882792 36.364964 1527.750732
21172 26.377989 36.466034 1527.103149
21173 26.106775 36.223148 1527.697021
21174 25.805275 36.331322 1527.145874
21175 25.909971 36.476433 1526.572021
21176 25.310534 36.326767 1526.761475
21177 25.372080 36.169830 1527.503906
21178 24.733549 36.215595 1526.946899
21179 24.649916 36.060894 1527.642944
21180 24.159391 36.154766 1527.044800
21181 24.161896 36.240524 1526.437866
21182 24.726540 36.312008 1526.291016
21183 24.149052 36.301788 1525.790161
21184 23.501900 36.261189 1525.978638
21185 22.997601 36.311699 1525.347412
21186 22.758448 36.294300 1525.908569
21187 23.100613 36.221062 1526.542358
21188 23.709635 36.204639 1526.591797
21189 23.608788 36.142433 1527.059204
21190 24.034607 36.037449 1527.640381
21191 23.447124 36.046238 1527.642212
21192 23.219267 35.940056 1528.188599
21193 22.853493 36.085606 1527.649536
21194 23.043859 36.162853 1527.062256
21195 22.480068 36.220963 1527.012573
21196 22.451748 36.290951 1526.366089
21197 21.906765 36.353001 1526.529175
21198 22.034893 36.386833 1525.804810
21199 22.451117 36.353699 1525.380493
21200 21.946058 36.439091 1525.010376
21201 22.524622 36.366905 1524.798706
21202 21.920486 36.459503 1524.179810
21203 22.673918 36.362843 1524.169678
21204 21.591436 36.513195 1523.531006
21205 21.235609 36.592999 1523.928955
21206 21.364763 36.558281 1524.603394
21207 20.719076 36.711056 1524.287109
21208 20.768341 36.680161 1524.979858
21209 21.372295 36.530865 1525.346802
21210 20.821085 36.633396 1525.649780
21211 21.366022 36.489876 1526.054688
21212 20.800230 36.588810 1526.287720
21213 21.299032 36.442703 1526.727905
21214 21.799141 36.296074 1527.190308
21215 21.213886 36.375309 1527.379883
21216 21.646433 36.233269 1527.756470
21217 22.233608 36.150311 1527.702881
21218 21.913412 36.080357 1528.276611
21219 22.588856 35.988499 1528.255493
21220 22.241806 35.875111 1528.861572
21221 21.536997 36.002045 1528.826782
21222 21.065701 36.267662 1528.105469
21223 20.867891 36.115555 1528.838745
21224 21.163481 35.915657 1529.297852
21225 21.837063 35.734634 1529.478882
21226 21.282843 35.712025 1529.780273
21227 20.295502 36.341812 1528.382935
21228 19.682762 36.367474 1528.645752
21229 19.692759 36.542927 1527.975952
21230 19.070305 36.593327 1528.141113
21231 19.171246 36.726536 1527.507202
21232 19.741550 36.657364 1527.380859
21233 19.315384 36.809540 1526.924805
21234 19.804718 36.729687 1526.864624
21235 19.552513 36.846718 1526.346191
21236 18.986649 36.941975 1526.399536
21237 19.196136 36.988174 1525.670288
21238 19.888754 36.834362 1525.780640
21239 19.602964 36.944252 1525.160034
21240 18.824230 37.115883 1524.954590
21241 19.466702 37.009487 1524.459595
21242 18.873325 37.141224 1524.179443
21243 18.398542 37.214687 1524.442261
21244 18.408283 37.226200 1523.837891
21245 17.893131 37.291187 1524.173340
21246 17.982332 37.238636 1524.978149
21247 17.938944 37.285038 1523.414795
21248 18.494255 37.196327 1523.191162
21249 18.968161 37.122604 1523.547607
21250 19.050314 37.079620 1522.970947
21251 18.560324 37.124981 1522.463379
21252 19.228844 36.994144 1522.440308
21253 18.906532 37.007660 1522.048828
21254 18.430607 37.039646 1521.740601
21255 17.882200 37.174610 1522.095337
21256 17.892300 37.040173 1521.357056
21257 18.390064 36.907032 1521.073730
21258 18.956799 36.904789 1521.509521
21259 18.979450 36.751812 1520.842773
21260 19.014692 36.555305 1520.143921
21261 19.531597 36.757526 1521.343384
21262 19.417637 36.895252 1521.988892
21263 17.897703 37.254864 1522.802612
21264 19.675011 36.933208 1522.859741
21265 19.457235 37.009380 1523.297241
21266 19.981161 36.887550 1523.375854
21267 20.777344 36.693550 1523.536499
21268 20.068787 36.874443 1524.022583
21269 19.431040 37.027214 1523.825439
21270 20.142984 36.842072 1524.679077
21271 18.496565 37.107937 1525.659546
21272 17.777534 37.180290 1525.776855
21273 20.272217 36.778442 1525.348511
21274 20.390495 36.711933 1525.906372
21275 20.198427 36.699654 1526.469727
21276 20.737082 36.532791 1526.924316
21277 20.239355 36.601841 1527.155151
21278 20.707321 36.458366 1527.473999
21279 20.281950 36.490177 1527.739502
21280 22.574760 35.658161 1529.362549
21281 22.908031 35.802696 1528.799927
21282 27.560238 36.381672 1528.062256
21283 28.118635 36.723568 1527.724121
21284 28.541910 37.553394 1526.081299
21285 28.194197 37.462662 1525.591431
21286 34.529709 32.535248 1517.701538
21287 29.043074 38.027191 1521.266602
21288 11.964907 34.740173 1509.698608
21289 12.596138 34.770802 1509.729980
21290 12.238801 34.553604 1509.149292
21291 -10.050764 35.977680 1519.735596
21292 -10.084635 38.613140 1516.588501
21293 -10.303800 38.966480 1516.237305
21294 -9.848385 38.504986 1516.097412
21295 -9.317253 37.951862 1516.078003
21296 -9.035493 37.840889 1515.293213
21297 -8.755372 37.469257 1515.885620
21298 -8.193955 37.008541 1515.922607
21299 -8.593764 37.216652 1516.286133
21300 -8.831360 37.203442 1516.813965
21301 -8.969732 37.518162 1516.363647
21302 -11.295912 39.707680 1517.321045
21303 -14.168173 27.725460 1524.850220
21304 -14.723834 27.228926 1524.949829
21305 -13.887248 27.781002 1526.023193
21306 -13.049589 28.384233 1526.537109
21307 -13.046119 28.343792 1527.238892
21308 -13.085723 28.318779 1527.879150
21309 -15.907939 26.771559 1528.415039
21310 -27.776016 24.346045 1531.618164
21311 -27.779171 24.397011 1532.207397
21312 -27.743958 24.411213 1532.717407
21313 -20.120598 25.474808 1538.361084
21314 -17.487730 25.493576 1539.395508
21315 -16.839598 25.482437 1539.585205
21316 -17.234673 24.853905 1539.931274
21317 -16.602436 25.038612 1539.958862
21318 -16.247953 25.423395 1539.758301
21319 -15.966641 24.837791 1540.203369
21320 -15.668355 25.410908 1539.856812
21321 -15.944934 25.808451 1539.509644
21322 -15.382758 25.997517 1539.420044
21323 -15.059485 25.449196 1539.882324
21324 -14.708181 25.993011 1539.460205
21325 -14.935285 26.454927 1539.009033
21326 -14.346955 26.415516 1539.052368
21327 -14.566818 26.761013 1538.666870
21328 -14.473937 27.181944 1538.090820
21329 -14.075395 26.813913 1538.581177
21330 -13.815458 27.177559 1538.052246
21331 -13.551714 27.433493 1537.596191
21332 -13.203024 27.177032 1537.972046
21333 -13.049912 27.480764 1537.434570
21334 -12.763455 26.878662 1538.323853
21335 -13.392530 26.774973 1538.558228
21336 -12.863994 26.536663 1538.757568
21337 -12.332422 26.549213 1538.648071
21338 -12.631246 26.161472 1539.106323
21339 -13.207920 26.276171 1539.088867
21340 -12.977246 25.764519 1539.516602
21341 -12.342984 25.628506 1539.515869
21342 -12.728764 25.198008 1539.896973
21343 -12.576527 24.687487 1540.187134
21344 -13.082962 24.796366 1540.205322
21345 -13.342597 25.339115 1539.891113
21346 -13.645502 24.915100 1540.202148
21347 -13.898665 25.433239 1539.880005
21348 -14.179103 24.951731 1540.217896
21349 -13.907384 24.548321 1540.434937
21350 -14.379733 24.403400 1540.537598
21351 -14.748743 24.909386 1540.253418
21352 -14.465896 25.464636 1539.882568
21353 -15.354464 24.867773 1540.251831
21354 -14.149352 25.970095 1539.469482
21355 -13.549739 25.896280 1539.484009
21356 -13.818361 26.424604 1539.009766
21357 -11.959840 26.105965 1539.032837
21358 -11.292167 26.042950 1538.962769
21359 -10.823691 26.513308 1538.425049
21360 -10.661957 25.969156 1538.920898
21361 -10.232864 26.366581 1538.502686
21362 -9.769094 26.247793 1538.573486
21363 -9.263884 26.364021 1538.446167
21364 -16.667898 24.502684 1540.290039
21365 2.948645 30.161163 1537.937744
21366 3.496236 30.425533 1537.823364
21367 3.490443 29.974510 1538.350464
21368 3.675377 29.478369 1538.929199
21369 4.318433 29.567177 1539.038086
21370 3.588306 28.881102 1539.436890
21371 2.432508 33.183117 1532.791138
21372 2.822808 33.036381 1533.388550
21373 3.448054 33.196060 1533.388550
21374 3.279703 32.866196 1534.010986
21375 3.888041 33.103695 1533.841431
21376 4.004186 33.343159 1533.359619
21377 4.497154 33.176254 1534.007324
21378 4.624864 33.488205 1533.350464
21379 3.991530 32.860531 1534.388672
21380 4.611561 32.871376 1534.671021
21381 4.498402 35.634975 1525.209839
21382 7.545273 35.549160 1528.877441
21383 7.920037 34.144951 1533.293335
21384 9.197822 33.824894 1534.616577
21385 9.088413 33.542961 1535.230591
21386 9.209260 33.241516 1535.924194
21387 8.709313 33.312332 1535.587158
21388 8.721561 33.056961 1536.105591
21389 9.394856 32.935566 1536.612305
21390 8.711939 32.703403 1536.763916
21391 9.260121 32.509464 1537.348022
21392 9.770494 32.301880 1537.925659
21393 9.174878 32.116459 1537.965088
21394 9.674339 31.915810 1538.502075
21395 10.289927 32.098316 1538.487915
21396 10.129207 31.633093 1539.121582
21397 10.791910 31.875622 1539.056030
21398 11.453743 32.073872 1539.003784
21399 11.256661 31.613316 1539.642700
21400 11.821400 31.897263 1539.439819
21401 12.022225 32.188889 1539.012329
21402 12.330645 31.962046 1539.525269
21403 12.572823 32.252480 1539.083374
21404 12.933556 32.044220 1539.596802
21405 13.208671 32.329716 1539.133911
21406 13.559067 32.138763 1539.632324
21407 13.822686 32.405201 1539.158447
21408 14.242532 32.217258 1539.699585
21409 14.513072 32.489567 1539.163086
21410 14.588244 31.966661 1540.313110
21411 13.955580 31.867096 1540.268677
21412 13.236203 31.796720 1540.130615
21413 12.597832 31.703678 1540.042847
21414 12.202083 31.299189 1540.459961
21415 11.959127 31.619480 1539.921021
21416 11.511038 31.210316 1540.286133
21417 10.858142 31.161638 1540.059937
21418 10.666967 31.490076 1539.557617
21419 10.239979 31.155560 1539.786011
21420 9.632538 31.221424 1539.422974
21421 9.670548 30.597075 1540.115967
21422 10.480361 30.715385 1540.377930
21423 10.211270 30.279894 1540.659790
21424 10.756117 30.291513 1540.903442
21425 11.123491 30.759241 1540.627075
21426 11.422966 30.322433 1541.176636
21427 11.800536 30.827234 1540.850586
21428 11.716177 29.853561 1541.679810
21429 12.328271 29.784475 1541.997070
21430 11.917617 29.364712 1542.090942
21431 12.517616 29.300533 1542.392334
21432 12.018424 28.825388 1542.418701
21433 12.637523 28.733171 1542.740356
21434 13.274813 29.277338 1542.738159
21435 13.243182 28.683388 1543.035278
21436 11.489378 28.958082 1542.118408
21437 11.438213 29.414806 1541.847534
21438 11.025638 29.752077 1541.445068
21439 10.377114 29.880930 1541.054443
21440 9.961663 29.467842 1541.143188
21441 9.811688 29.964087 1540.730225
21442 9.145565 29.924139 1540.449951
21443 8.826739 30.412058 1539.890747
21444 8.135712 30.369970 1539.619995
21445 8.481833 30.755196 1539.398438
21446 8.511504 31.159245 1538.964844
21447 9.051246 30.909306 1539.500977
21448 9.079236 31.375572 1538.970703
21449 8.569357 31.582764 1538.458984
21450 9.121646 31.761616 1538.473755
21451 8.613183 31.958185 1537.946777
21452 8.643725 32.315411 1537.400757
21453 9.541545 31.588179 1538.911499
21454 11.348323 33.596645 1535.680298
21455 11.881611 33.348473 1536.384521
21456 11.378165 33.107613 1536.878052
21457 12.019828 33.082722 1537.077148
21458 12.582188 33.208424 1536.848755
21459 12.628999 33.435429 1536.240112
21460 12.051159 33.613201 1535.717163
21461 12.680116 33.636070 1535.692383
21462 13.231558 33.451622 1536.228882
21463 13.215096 33.255672 1536.790527
21464 13.142346 33.032669 1537.406494
21465 12.571946 32.975334 1537.455933
21466 12.130123 32.890232 1537.568237
21467 11.610173 32.875557 1537.469116
21468 11.003340 32.833530 1537.385132
21469 13.728299 34.682461 1532.940918
21470 15.369323 34.501610 1533.190308
21471 15.165767 34.825634 1532.525391
21472 16.747345 34.771633 1532.450073
21473 17.809168 34.002556 1533.765381
21474 17.963470 33.488827 1535.083374
21475 17.899206 33.342220 1535.664673
21476 17.840628 33.220222 1536.275024
21477 17.725515 33.124584 1536.882324
21478 17.218565 30.623915 1543.120972
21479 17.152899 30.022831 1543.683472
21480 16.652067 29.712122 1543.779663
21481 17.205246 29.421864 1544.162231
21482 16.635857 29.149302 1544.151855
21483 16.133001 29.415262 1543.813110
21484 16.037420 28.899963 1544.083740
21485 15.803979 28.370960 1544.243286
21486 15.467830 27.845922 1544.298584
21487 19.581423 21.447832 1535.987183
21488 20.116932 21.302774 1535.768799
21489 22.762510 22.954903 1533.343384
21490 23.166889 22.737404 1533.009399
21491 23.637993 22.931946 1532.524048
21492 23.698881 22.457556 1532.726318
21493 24.062269 23.159897 1532.089355
21494 24.283861 23.644785 1531.872314
21495 24.565712 23.252953 1531.625488
21496 25.076641 23.347818 1531.172729
21497 23.200022 22.258430 1533.252197
21498 23.783567 21.997944 1533.088623
21499 23.479361 21.790638 1533.519165
21500 30.835293 33.492550 1529.820190
21501 32.651054 32.698566 1528.663086
21502 30.209866 35.160206 1515.717041
21503 31.194590 36.165676 1514.965576
21504 -13.900583 41.891399 1515.235718
21505 -13.194795 40.820721 1518.820313
21506 -18.805353 29.628330 1520.720459
21507 -18.183569 29.432444 1520.763916
21508 -18.710762 29.124386 1520.401978
21509 -18.080805 28.842733 1520.447754
21510 -17.542198 29.152185 1520.801270
21511 -17.785297 29.868315 1521.107910
21512 -17.137392 29.750875 1521.187622
21513 -17.430672 30.441946 1521.466797
21514 -16.763515 30.397377 1521.530151
21515 -16.478121 29.690845 1521.330444
21516 -17.674734 24.315376 1524.094849
21517 -30.587097 21.352798 1532.166138
21518 -30.269695 21.733334 1536.976807
21519 -31.840492 20.637812 1537.467407
21520 -31.576696 21.424366 1538.681885
21521 -29.956141 21.959803 1538.893799
21522 -31.516531 21.300819 1539.198486
21523 -31.019493 21.422995 1539.711670
21524 -28.819304 22.657879 1536.703979
21525 -28.464994 22.997404 1536.183228
21526 -27.072250 21.520510 1541.877441
21527 -31.046352 20.836935 1543.767700
21528 -27.535620 12.826444 1544.143433
21529 -28.093092 12.052579 1542.511597
21530 -27.588331 12.471383 1542.325806
21531 -27.898363 12.076750 1541.906494
21532 -27.328449 12.419072 1541.702637
21533 -27.014742 12.935240 1541.956055
21534 -26.496260 13.218143 1542.535400
21535 -26.383314 13.112263 1541.878906
21536 -25.959761 13.448311 1542.356445
21537 -26.199951 13.474887 1542.967773
21538 -25.721931 13.724297 1542.749512
21539 -25.936615 13.823333 1543.338745
21540 -25.309929 14.100185 1542.939941
21541 -25.328199 13.707560 1542.199585
21542 -24.704422 14.183018 1542.380615
21543 -24.709942 13.807810 1541.750610
21544 -25.178730 13.465912 1541.548096
21545 -25.754082 13.312967 1541.770020
21546 -25.596596 13.129797 1541.243042
21547 -25.020447 13.265692 1540.978882
21548 -24.715038 13.541000 1541.250122
21549 -24.506166 13.413967 1540.772217
21550 -24.800455 13.115878 1540.396362
21551 -25.385933 12.935141 1540.603027
21552 -25.162085 12.836344 1540.078247
21553 -24.608448 12.968448 1539.747070
21554 -25.230892 12.636734 1539.535400
21555 -24.786207 12.710887 1539.127441
21556 -24.177280 12.990526 1539.187378
21557 -23.879061 13.278829 1539.672607
21558 -24.260504 13.272086 1540.152954
21559 -23.540955 13.253301 1539.098389
21560 -23.873358 12.989220 1538.677612
21561 -23.304668 13.197441 1538.503784
21562 -23.686047 12.914412 1537.982056
21563 -22.999828 13.194307 1537.922852
21564 -22.814219 13.383474 1538.375122
21565 -22.928839 13.476914 1538.895996
21566 -22.451826 13.442454 1537.976196
21567 -22.516775 13.257980 1537.254883
21568 -23.257832 12.982117 1537.409546
21569 -23.008951 12.967311 1536.735840
21570 -23.629066 12.764704 1536.986206
21571 -23.810852 12.764140 1537.439575
21572 -24.205034 12.562773 1537.085938
21573 -24.125425 12.531725 1536.572388
21574 -23.456692 12.749298 1536.391724
21575 -24.010641 12.513828 1535.952759
21576 -24.639164 12.336684 1536.210327
21577 -24.694717 12.353539 1536.689941
21578 -25.129332 12.206276 1536.361084
21579 -25.252979 12.188416 1536.766113
21580 -25.873659 12.021024 1536.818359
21581 -25.425423 12.172057 1537.332764
21582 -26.056890 11.985045 1537.388062
21583 -26.498440 11.873089 1536.859009
21584 -26.675316 11.815481 1537.392578
21585 -26.297117 11.942142 1537.974365
21586 -26.925079 11.737464 1537.984497
21587 -26.643770 11.878061 1538.541138
21588 -27.264885 11.625114 1538.487305
21589 -27.519400 11.550037 1537.990845
21590 -27.744507 11.431335 1538.433838
21591 -28.100126 11.389388 1538.053955
21592 -28.201496 11.210877 1538.635376
21593 -28.814066 11.261154 1538.204468
21594 -28.696175 10.968698 1538.849609
21595 -29.360348 10.939806 1538.610718
21596 -29.311790 11.099508 1539.347290
21597 -29.747292 11.163441 1539.047607
21598 -29.977449 11.138039 1538.389404
21599 -29.590624 11.035793 1537.931763
21600 -30.032320 11.111491 1537.989258
21601 -30.130405 11.349293 1537.926392
21602 -29.739147 11.247459 1537.315796
21603 -30.283867 11.462939 1537.411621
21604 -30.001556 11.587674 1536.727905
21605 -29.381542 11.531264 1536.801270
21606 -29.104933 11.294494 1537.427368
21607 -28.766212 11.554580 1536.844116
21608 -28.454344 11.428469 1537.476440
21609 -28.143656 11.594627 1536.939453
21610 -27.845587 11.540389 1537.469238
21611 -27.615976 11.648392 1537.039795
21612 -27.302191 11.658520 1537.450439
21613 -27.115967 11.745987 1536.920288
21614 -30.817497 12.086919 1536.831787
21615 -29.265060 11.462457 1539.901855
21616 -28.680902 11.187367 1539.505249
21617 -28.648548 11.467784 1540.191772
21618 -28.071383 11.541143 1539.843018
21619 -27.954103 11.560119 1540.649902
21620 -27.441032 11.946651 1540.042236
21621 -27.104610 11.988151 1540.776611
21622 -26.891186 12.112237 1540.152100
21623 -26.482552 12.351718 1540.432251
21624 -26.395163 12.242210 1539.813110
21625 -25.769175 12.576937 1540.088257
21626 -25.986755 12.744403 1540.814575
21627 -26.597998 12.480885 1541.001953
21628 -26.168478 12.933199 1541.364502
21629 -26.745123 12.707750 1541.496216
21630 -27.060820 12.313972 1541.336548
21631 -27.559940 11.861246 1541.503174
21632 -25.801224 12.357406 1539.346191
21633 -26.458082 12.065879 1539.164063
21634 -25.912394 12.157613 1538.602173
21635 -27.081120 11.782654 1539.033936
21636 -26.962381 12.002118 1539.663940
21637 -27.542191 11.666238 1539.419434
21638 -27.645391 11.475253 1538.886597
21639 -28.082603 11.270003 1539.234497
21640 -25.284294 12.455425 1538.903809
21641 -25.298655 12.345907 1538.376831
21642 -25.645897 12.156531 1537.926392
21643 -24.946346 12.396881 1537.876465
21644 -24.851112 12.555264 1538.571167
21645 -24.335644 12.698626 1538.250854
21646 -24.401827 12.784226 1538.770264
21647 -24.284889 12.610007 1537.635986
21648 -24.768129 12.374595 1537.182861
21649 -28.338905 11.602179 1541.501343
21650 -28.760664 11.463093 1540.834961
21651 -21.807093 13.466228 1536.849731
21652 -21.852741 13.597168 1537.554810
21653 -21.241760 13.760431 1537.188965
21654 -21.277960 13.900506 1537.829834
21655 -20.682877 14.057143 1537.536011
21656 -20.255615 14.264784 1537.729248
21657 -20.205027 14.137634 1537.170654
21658 -19.770660 14.346247 1537.422729
21659 -19.326626 14.562694 1537.700073
21660 -24.413860 20.999273 1542.570068
21661 -24.956852 20.962624 1542.679321
21662 -24.564692 20.604084 1542.942871
21663 -20.522171 22.438984 1540.993164
21664 -12.459377 21.776388 1541.047852
21665 -11.628320 21.870281 1540.880737
21666 -12.012117 21.215094 1540.952148
21667 -6.545438 25.465919 1539.299194
21668 -6.278947 24.905245 1539.651489
21669 -5.978534 24.327190 1539.973633
21670 -5.318912 24.254858 1540.145508
21671 -5.644960 23.743813 1540.268433
21672 -5.323463 23.248108 1540.504639
21673 -5.892013 23.160305 1540.400513
21674 -6.259054 23.719995 1540.154419
21675 -6.482705 23.112312 1540.307617
21676 2.305073 22.068697 1542.091309
21677 2.630470 21.470062 1542.103271
21678 2.308398 21.001057 1542.113159
21679 2.856239 20.862066 1542.090210
21680 3.559699 20.667549 1542.047607
21681 3.039422 20.227860 1542.049805
21682 4.788590 20.909666 1541.950562
21683 5.464306 20.766733 1541.895264
21684 5.186170 21.282684 1541.906128
21685 4.156259 22.890360 1541.901733
21686 4.395226 23.604504 1541.795044
21687 4.539083 24.174061 1541.691406
21688 10.084490 27.514839 1542.006958
21689 10.603097 27.562956 1542.212524
21690 10.481940 27.067356 1542.260620
21691 11.043653 27.343939 1542.449463
21692 11.040017 26.707405 1542.541992
21693 11.635381 27.134834 1542.748779
21694 11.793638 26.401154 1542.893188
21695 12.291583 27.054472 1543.060059
21696 12.609501 26.457890 1543.259155
21697 12.323843 25.791336 1543.128418
21698 11.644253 25.633614 1542.834473
21699 12.170295 25.163549 1543.009033
21700 11.529549 24.983042 1542.744995
21701 11.996896 24.513975 1542.841064
21702 11.349112 24.341656 1542.607788
21703 11.128552 23.676128 1542.451172
21704 10.555813 24.336624 1542.376587
21705 10.990639 24.831926 1542.544434
21706 10.456493 25.091541 1542.379150
21707 11.023215 25.389019 1542.583252
21708 10.453586 25.730173 1542.374634
21709 11.048970 26.045155 1542.591675
21710 10.336302 26.405035 1542.288452
21711 9.935470 25.973061 1542.179077
21712 9.867499 26.929502 1542.040527
21713 9.903636 25.465021 1542.196045
21714 10.429452 23.590927 1542.282837
21715 10.926953 22.988152 1542.301025
21716 10.322412 23.000124 1542.203857
21717 10.573901 22.329294 1542.155884
21718 10.984822 21.893534 1542.110596
21719 10.570406 21.551117 1542.045532
21720 10.940022 21.112768 1541.963379
21721 10.197336 20.868734 1541.946655
21722 10.731230 20.551754 1541.877563
21723 10.009284 20.221388 1541.864502
21724 9.883924 21.350803 1541.993896
21725 9.911509 22.042395 1542.060913
21726 9.862597 22.735580 1542.109619
21727 12.466912 19.589434 1541.257690
21728 11.902906 19.477737 1541.444702
21729 12.305328 18.986513 1541.244385
21730 12.693689 18.540110 1541.067505
21731 12.766510 17.997263 1541.032471
21732 12.136164 18.441904 1541.238403
21733 10.982270 17.316334 1541.309814
21734 11.495355 16.789413 1541.186401
21735 10.898706 16.647911 1541.212769
21736 11.488108 16.115673 1541.104980
21737 12.094795 16.273056 1541.086426
21738 12.053006 15.590489 1541.030518
21739 12.587014 15.065123 1540.999756
21740 11.952834 14.924955 1540.954834
21741 12.412783 14.389076 1540.914307
21742 11.778486 14.300241 1540.848755
21743 12.114526 13.778745 1540.774658
21744 11.754417 13.246091 1540.596802
21745 11.598292 13.795269 1540.730103
21746 11.339562 14.785424 1540.918213
21747 11.438577 15.441849 1541.018921
21748 10.832536 15.276934 1540.999268
21749 10.869859 15.952683 1541.106689
21750 10.290019 15.746357 1541.086548
21751 10.179423 16.474936 1541.215576
21752 9.791330 16.100000 1541.156860
21753 9.747585 15.575082 1541.062012
21754 10.245800 15.104726 1540.971924
21755 9.665621 14.981851 1540.949097
21756 9.176750 15.504713 1541.051392
21757 9.260568 16.075848 1541.157837
21758 9.085140 14.921296 1540.935425
21759 9.432151 16.604342 1541.255005
21760 16.025154 16.640944 1541.268921
21761 15.780487 18.010483 1540.120361
21762 16.008768 18.493713 1539.652832
21763 17.654058 18.199120 1539.713013
21764 17.742710 18.431225 1539.306885
21765 18.244228 18.309628 1539.547241
21766 18.694708 18.583879 1538.979004
21767 18.942780 18.374834 1539.552979
21768 19.291727 18.599661 1539.013062
21769 19.437353 18.467129 1539.480103
21770 19.866327 18.637165 1539.095825
21771 19.880508 18.499409 1539.716309
21772 20.511717 18.702318 1539.286987
21773 20.405970 18.573919 1540.119873
21774 21.114262 18.758535 1539.906006
21775 20.850271 18.676100 1540.487671
21776 21.340923 18.797731 1540.617920
21777 20.979000 18.717056 1540.935303
21778 21.423101 18.841970 1541.248291
21779 20.909966 18.723301 1541.467773
21780 21.474352 18.902071 1541.968628
21781 21.959166 18.973785 1541.612671
21782 21.942516 18.936802 1540.959961
21783 22.487907 19.042145 1541.449951
21784 22.505219 19.028786 1540.782349
21785 21.975330 18.936831 1540.148926
21786 22.500410 19.039936 1540.110352
21787 21.861958 18.944590 1539.619263
21788 22.529736 19.097168 1539.487305
21789 21.965982 19.050594 1539.005249
21790 21.278923 18.875277 1539.186035
21791 21.553289 19.063118 1538.573364
21792 22.065907 19.174473 1538.534546
21793 22.445446 19.351894 1538.180420
21794 22.628489 19.226500 1538.822266
21795 23.079041 19.450895 1538.298462
21796 22.821018 19.613014 1537.622925
21797 23.510897 19.682394 1537.814453
21798 23.900488 19.915203 1537.317871
21799 24.314856 19.751854 1538.075684
21800 24.609871 20.014833 1537.355957
21801 25.095671 19.879692 1537.998047
21802 25.304785 20.101469 1537.328125
21803 25.394682 20.272898 1536.790649
21804 25.881311 20.125952 1537.332031
21805 26.001865 20.304306 1536.765747
21806 26.321447 19.950800 1537.817261
21807 25.737049 19.936708 1537.925049
21808 26.128490 19.811436 1538.268433
21809 25.595696 19.768539 1538.452026
21810 25.544277 19.592564 1539.013672
21811 25.006166 19.686956 1538.627563
21812 25.029762 19.530663 1539.185547
21813 25.434662 19.414959 1539.620972
21814 26.046059 19.416348 1539.476685
21815 25.920822 19.255440 1540.052734
21816 25.295982 19.272257 1540.188354
21817 25.874008 19.094360 1540.676514
21818 26.491709 18.873480 1541.089844
21819 25.820408 18.943909 1541.384033
21820 26.532095 18.720224 1541.734619
21821 27.132282 18.628139 1541.433594
21822 27.701283 18.538410 1541.099365
21823 27.720520 18.395187 1541.734253
21824 28.252893 18.285379 1541.471313
21825 28.284723 18.409983 1540.809082
21826 28.830511 18.148697 1541.199097
21827 29.364128 18.000229 1541.016602
21828 29.323872 17.937635 1541.620361
21829 29.881126 17.802567 1541.494385
21830 29.934109 17.839640 1540.866089
21831 29.989115 17.859169 1540.239624
21832 30.501711 17.703623 1540.708374
21833 30.499910 17.704201 1540.059082
21834 30.078888 17.845497 1539.722900
21835 30.447599 17.694876 1539.363281
21836 31.042463 17.555815 1539.732544
21837 31.020401 17.612455 1540.507568
21838 31.572098 17.559292 1540.308716
21839 31.594025 17.578173 1540.969238
21840 32.015869 17.586962 1540.736694
21841 32.522652 17.634455 1540.767456
21842 32.277630 17.585497 1541.397095
21843 32.983559 17.653353 1541.385986
21844 33.682255 17.717249 1541.457153
21845 33.945194 17.811178 1541.067261
21846 34.403439 17.707859 1541.622192
21847 34.535240 17.879845 1540.944214
21848 35.074844 17.720774 1541.448975
21849 35.182156 17.911451 1540.805786
21850 35.356140 18.041092 1540.303223
21851 35.336781 18.174618 1539.746338
21852 35.846012 18.058771 1540.078369
21853 35.932087 18.210005 1539.452393
21854 36.438538 18.027571 1539.788452
21855 36.538044 18.182632 1539.076782
21856 36.061539 18.320797 1538.758057
21857 35.436523 18.291353 1539.105835
21858 35.631821 18.356045 1538.460571
21859 36.194153 18.337629 1538.141357
21860 35.820320 18.333694 1537.934204
21861 36.287468 18.254566 1537.620483
21862 35.859978 18.236881 1537.542114
21863 36.289444 18.102396 1537.240112
21864 36.723679 18.062853 1537.307373
21865 36.534557 17.889698 1536.976318
21866 37.140503 17.735497 1537.008057
21867 36.850018 17.626627 1536.789063
21868 36.460056 17.632898 1536.743774
21869 36.858196 17.334831 1536.605713
21870 36.308453 17.204393 1536.544556
21871 35.896687 17.528580 1536.742432
21872 35.687721 16.946711 1536.599976
21873 36.303921 16.756081 1536.443604
21874 36.005795 16.244400 1536.468750
21875 35.858562 15.749820 1536.543091
21876 36.554554 15.800617 1536.417847
21877 36.416039 15.291964 1536.527588
21878 35.700451 15.182320 1536.695190
21879 36.171425 14.712493 1536.741089
21880 35.680355 14.548357 1536.898926
21881 35.045006 14.406775 1537.090820
21882 35.627888 13.846751 1537.210083
21883 34.885719 13.755414 1537.385010
21884 34.159943 13.784116 1537.471680
21885 34.587421 13.163540 1537.703979
21886 33.872997 13.256829 1537.703369
21887 33.190937 13.311943 1537.653809
21888 33.580841 12.836391 1537.887085
21889 34.159912 12.655197 1537.986206
21890 33.554924 12.166758 1538.229126
21891 34.313385 12.036129 1538.324097
21892 33.795845 11.563247 1538.586548
21893 34.441940 11.441284 1538.671021
21894 33.926880 10.971492 1538.944336
21895 34.551590 10.851604 1539.020020
21896 34.071083 10.386423 1539.295410
21897 34.650978 10.284579 1539.347168
21898 34.253010 9.839781 1539.610107
21899 34.751175 9.812071 1539.607422
21900 34.554752 9.351133 1539.868408
21901 33.933708 9.306922 1539.921631
21902 33.661465 9.863902 1539.601318
21903 33.302223 9.289908 1539.944946
21904 33.029007 9.883389 1539.571533
21905 32.691826 9.286262 1539.940430
21906 32.375004 9.867661 1539.529907
21907 32.040676 9.272865 1539.916748
21908 31.653996 9.869342 1539.421143
21909 31.402853 9.204229 1539.903564
21910 30.955856 9.610236 1539.474121
21911 30.804518 9.071163 1539.930420
21912 30.369051 9.362371 1539.543457
21913 30.472385 9.843596 1539.071533
21914 29.895407 9.537404 1539.143677
21915 30.021395 9.994829 1538.624512
21916 29.401743 9.640902 1538.646851
21917 29.263826 9.255785 1539.195068
21918 28.725618 9.017050 1539.277954
21919 29.152477 8.957126 1539.605103
21920 28.724791 8.723646 1539.814209
21921 28.204996 8.790553 1539.436646
21922 28.181593 8.488514 1540.048584
21923 27.591276 8.573967 1539.615112
21924 27.474951 8.262793 1540.298706
21925 26.931026 8.404243 1539.738281
21926 26.687916 8.172210 1540.265869
21927 26.384399 8.281877 1539.823730
21928 25.939617 8.098083 1540.185791
21929 25.952593 8.249809 1539.664429
21930 25.442545 8.132903 1539.776733
21931 25.365015 7.980117 1540.276001
21932 24.823296 7.990623 1539.925537
21933 24.877907 7.868928 1540.390747
21934 24.199444 7.816068 1540.242920
21935 24.733688 7.716578 1540.781006
21936 24.149513 7.602400 1540.912598
21937 23.601641 7.691333 1540.450439
21938 24.083494 7.373082 1541.564575
21939 24.767799 7.519589 1541.314087
21940 24.696241 7.251983 1542.045410
21941 24.171967 7.189895 1542.186768
21942 24.759821 7.113983 1542.586426
21943 24.199169 7.075713 1542.772339
21944 23.653908 7.143444 1542.398315
21945 23.644623 7.073844 1542.990723
21946 24.200445 7.044538 1543.342163
21947 23.685022 7.087617 1543.539063
21948 23.125748 7.121262 1543.237793
21949 23.195772 7.180972 1543.771973
21950 22.629053 7.228756 1543.504028
21951 22.722080 7.312971 1543.957764
21952 22.211655 7.392199 1543.798950
21953 22.140512 7.544820 1544.170044
21954 21.544485 7.803227 1544.254639
21955 22.061592 7.828318 1544.672974
21956 22.714773 7.581150 1544.609131
21957 22.484598 7.965497 1545.129883
21958 22.027752 8.133532 1545.107422
21959 21.480970 8.114511 1544.723633
21960 21.530823 8.482309 1545.232056
21961 20.911472 8.502513 1544.813599
21962 20.853640 8.988702 1545.306030
21963 20.446697 8.895805 1544.897949
21964 20.232107 8.595468 1544.369141
21965 19.906530 9.123444 1544.686890
21966 19.504507 9.007401 1544.203247
21967 19.658411 8.575438 1543.802246
21968 20.901514 8.153927 1544.326904
21969 19.741997 8.218684 1543.263916
21970 19.112335 8.615242 1543.296997
21971 19.090282 8.352955 1542.777344
21972 18.533524 8.710258 1542.815063
21973 19.113842 8.959143 1543.770752
21974 18.885841 9.363009 1543.986694
21975 19.232548 9.568914 1544.509644
21976 18.629011 9.915963 1544.233521
21977 18.924059 10.204200 1544.750122
21978 18.393139 10.491885 1544.441162
21979 18.656187 10.797923 1544.930420
21980 18.142706 11.096669 1544.594116
21981 17.878559 10.820365 1544.118530
21982 18.098289 10.249493 1543.956543
21983 17.690365 11.432788 1544.281982
21984 17.930874 11.645630 1544.698975
21985 18.353331 11.463013 1545.072266
21986 17.988430 12.159938 1545.078003
21987 18.538998 11.853109 1545.536499
21988 18.317575 12.530546 1545.701904
21989 18.705620 12.181520 1545.929321
21990 18.656473 12.686996 1546.185669
21991 18.303036 13.194818 1546.033936
21992 17.872936 13.078938 1545.397827
21993 18.048561 13.747259 1545.899780
21994 17.715540 13.802490 1545.396606
21995 17.444611 13.465817 1544.863403
21996 17.520765 12.721546 1544.724243
21997 17.582703 12.049672 1544.487305
21998 17.411718 14.119565 1544.886719
21999 17.701033 14.346325 1545.427246
22000 17.740629 14.821399 1545.439209
22001 17.883121 14.327853 1545.745850
22002 18.004900 14.897364 1545.916260
22003 17.856863 15.358047 1545.455688
22004 18.146736 15.462034 1545.983276
22005 18.024437 15.926544 1545.378784
22006 18.374151 16.012691 1546.047974
22007 18.399584 16.519855 1545.533081
22008 18.713589 16.579977 1546.121582
22009 18.822948 17.061419 1545.613037
22010 19.107414 17.081970 1546.160278
22011 19.281612 17.519337 1545.673218
22012 19.569086 17.521418 1546.200806
22013 19.717148 17.851679 1545.745605
22014 20.109411 17.921659 1546.201782
22015 20.112652 18.213770 1545.430420
22016 19.535820 17.894545 1545.199097
22017 19.814562 18.204559 1544.657593
22018 19.227919 17.796909 1544.582520
22019 19.413660 18.043600 1543.890137
22020 18.790844 17.526266 1544.060913
22021 18.781031 17.385920 1544.614258
22022 19.033401 17.489300 1545.111816
22023 18.605101 17.061352 1545.020142
22024 18.113073 16.433100 1544.912354
22025 18.794594 17.648516 1543.360962
22026 18.304756 17.319324 1542.981689
22027 18.785484 17.740017 1542.679321
22028 19.316229 18.054657 1543.011719
22029 19.243925 18.057899 1542.281616
22030 19.071556 18.037235 1541.465576
22031 19.768307 18.327589 1541.918091
22032 19.751970 18.332096 1541.138794
22033 19.188633 18.177542 1540.665039
22034 18.692402 18.157167 1540.131104
22035 19.287462 18.319433 1539.991211
22036 19.830822 18.395699 1540.430176
22037 20.420288 18.554863 1540.884277
22038 20.306492 18.537127 1541.637085
22039 20.862610 18.751938 1542.139404
22040 20.318193 18.570595 1542.352783
22041 20.846375 18.780487 1542.788330
22042 21.368515 18.920465 1542.649170
22043 21.919273 19.024197 1542.583374
22044 22.021338 19.014307 1542.127197
22045 22.354214 19.072643 1542.487061
22046 22.454153 19.063265 1542.037231
22047 22.838240 19.106417 1542.570313
22048 23.003042 19.099545 1542.007202
22049 23.049511 19.094091 1541.373657
22050 23.572075 19.104391 1541.961182
22051 23.616129 19.122614 1541.310791
22052 23.069510 19.104195 1540.712158
22053 23.649170 19.164461 1540.623901
22054 23.080051 19.143482 1540.036987
22055 23.633862 19.234882 1539.927368
22056 23.120848 19.224943 1539.402710
22057 23.238926 19.347000 1538.861450
22058 23.717173 19.353073 1539.270752
22059 23.705782 19.516598 1538.531982
22060 24.411114 19.519541 1538.993652
22061 24.242455 19.326805 1539.786743
22062 24.842590 19.393795 1539.684937
22063 24.722324 19.247473 1540.353638
22064 25.255207 19.128014 1540.854126
22065 24.693344 19.135399 1541.024780
22066 25.174940 19.036119 1541.414917
22067 25.448000 18.916349 1541.927734
22068 26.043179 18.791292 1541.956665
22069 25.952110 18.730724 1542.492798
22070 26.543594 18.605177 1542.343384
22071 27.208191 18.463591 1542.132813
22072 27.070650 18.386078 1542.815063
22073 26.520645 18.521553 1542.935303
22074 26.994818 18.315628 1543.437256
22075 27.586958 18.159180 1543.330078
22076 27.647398 18.235447 1542.736694
22077 28.173519 18.010296 1543.218750
22078 28.238806 18.085825 1542.635498
22079 27.809660 18.272741 1542.247559
22080 28.262049 18.176571 1542.053711
22081 28.789864 17.967958 1542.427368
22082 28.797316 18.057238 1541.836548
22083 29.322172 17.860857 1542.203613
22084 29.766848 17.780842 1541.973999
22085 29.898787 17.688566 1542.501221
22086 30.447763 17.634176 1542.073120
22087 30.497480 17.539518 1542.814575
22088 31.068871 17.504343 1542.522339
22089 31.047369 17.574194 1541.841797
22090 30.496174 17.680164 1541.361572
22091 31.039103 17.609220 1541.177124
22092 31.644005 17.554224 1541.635498
22093 31.657179 17.493141 1542.295776
22094 32.254887 17.513865 1542.124756
22095 32.824711 17.559408 1541.996704
22096 32.836422 17.437477 1542.629395
22097 33.539532 17.489408 1542.448242
22098 33.370941 17.609308 1541.898193
22099 33.954395 17.589039 1542.071167
22100 34.182194 17.415077 1542.602295
22101 34.565544 17.487772 1542.289917
22102 35.074490 17.503597 1542.056274
22103 35.081104 17.259720 1542.619995
22104 35.606495 17.202085 1542.427368
22105 35.621410 17.482319 1541.818359
22106 35.662254 17.713381 1541.215210
22107 36.095509 17.462664 1541.550781
22108 36.117241 17.689676 1540.998291
22109 35.752396 17.890984 1540.661011
22110 36.304867 17.834398 1540.481445
22111 36.732304 17.468998 1541.028564
22112 36.932899 17.725821 1540.213989
22113 37.013023 17.955639 1539.410034
22114 37.511539 17.603384 1539.853516
22115 37.571316 17.780710 1539.153687
22116 37.115009 18.053345 1538.784180
22117 36.651463 18.245224 1538.425171
22118 37.214325 18.064135 1538.158081
22119 36.729939 18.206369 1537.815308
22120 37.236790 17.962992 1537.521362
22121 37.757870 17.782652 1537.881104
22122 37.783825 17.627985 1537.385498
22123 38.311531 17.408638 1537.737427
22124 38.335804 17.212955 1537.316650
22125 37.806370 17.382120 1537.024780
22126 38.347538 16.985655 1537.047241
22127 37.879429 17.006496 1536.755371
22128 37.311993 17.393011 1536.755371
22129 37.385979 16.975464 1536.553955
22130 36.816044 16.871593 1536.441406
22131 37.370892 16.430050 1536.415283
22132 36.714817 16.344042 1536.377930
22133 37.277580 15.842819 1536.389771
22134 37.091061 15.234101 1536.477417
22135 37.906475 15.279325 1536.500610
22136 37.978657 15.940537 1536.483398
22137 38.529671 15.432378 1536.619141
22138 38.542461 16.036209 1536.684570
22139 39.077145 15.521730 1536.848389
22140 38.992615 14.941639 1536.794678
22141 38.497265 14.826809 1536.671387
22142 38.861946 14.461417 1536.827881
22143 38.409840 14.249672 1536.805786
22144 38.032539 14.600881 1536.659424
22145 37.792557 14.121630 1536.817749
22146 37.456734 14.669321 1536.619751
22147 37.121490 14.111063 1536.854004
22148 37.486320 13.588473 1537.077515
22149 36.842834 13.624420 1537.123779
22150 36.352173 14.114261 1536.953003
22151 36.243149 13.384995 1537.343750
22152 35.442623 13.086297 1537.638062
22153 36.236538 12.682075 1537.764771
22154 35.595234 12.322515 1538.070313
22155 34.857864 12.522467 1538.023438
22156 35.000088 11.880736 1538.390259
22157 35.639874 11.713410 1538.444580
22158 35.068336 11.267659 1538.756836
22159 35.695805 11.047711 1538.849487
22160 35.157711 10.670420 1539.106201
22161 35.744926 10.430243 1539.205811
22162 35.210880 10.086777 1539.432617
22163 35.836113 9.756291 1539.560181
22164 35.163918 9.487576 1539.754272
22165 35.672119 9.070918 1539.917480
22166 35.012390 8.811340 1540.114502
22167 34.284012 8.802666 1540.182739
22168 34.616444 8.180795 1540.485229
22169 33.941956 8.124521 1540.586304
22170 34.254017 7.554550 1540.869873
22171 33.564411 7.441803 1541.017578
22172 33.271088 8.102551 1540.658447
22173 32.901028 7.552980 1541.025635
22174 33.107750 6.974696 1541.351074
22175 33.541676 6.907485 1541.329956
22176 33.514725 6.357701 1541.648438
22177 32.601406 6.546934 1541.689941
22178 32.577389 7.136694 1541.324219
22179 32.026413 7.070227 1541.447632
22180 31.818928 6.460989 1541.901733
22181 31.288626 7.046227 1541.587402
22182 31.208626 6.366272 1542.122070
22183 30.642714 6.782752 1541.940918
22184 30.588285 6.288836 1542.380005
22185 30.066000 6.606045 1542.275635
22186 29.995012 6.193700 1542.703247
22187 29.561203 6.479485 1542.606812
22188 29.508209 6.820290 1542.242310
22189 28.906748 6.659906 1542.687378
22190 28.901937 7.104199 1542.083252
22191 29.498537 7.271214 1541.738403
22192 30.064320 7.035538 1541.855835
22193 30.031115 7.437760 1541.467773
22194 30.642906 7.314317 1541.483032
22195 30.364445 7.780271 1541.099609
22196 31.023748 7.699492 1541.111938
22197 31.668560 7.628132 1541.101318
22198 31.406393 8.180325 1540.706665
22199 32.017727 8.159039 1540.699341
22200 32.293518 7.606409 1541.053467
22201 32.624168 8.131305 1540.685669
22202 32.353672 8.697144 1540.324463
22203 31.767353 8.701806 1540.314819
22204 33.002026 8.706659 1540.306885
22205 33.613659 8.714005 1540.276123
22206 31.165205 8.650695 1540.330444
22207 30.778759 8.199459 1540.703125
22208 30.542471 8.620308 1540.312500
22209 30.133886 8.209547 1540.690063
22210 30.014139 8.619335 1540.256592
22211 29.462435 8.239439 1540.630859
22212 29.317736 8.673127 1540.064331
22213 28.797655 8.382738 1540.368774
22214 28.849461 7.980612 1540.936768
22215 29.608833 7.777838 1541.156860
22216 28.891212 7.523188 1541.534302
22217 28.255531 7.748011 1541.271851
22218 28.288973 7.355775 1541.862061
22219 28.268112 7.010451 1542.417480
22220 27.737402 7.243755 1542.146973
22221 27.681921 6.971004 1542.702515
22222 27.153936 7.132412 1542.488037
22223 27.152855 6.945100 1542.986450
22224 26.694033 7.075977 1542.737183
22225 26.538534 7.256073 1542.249756
22226 27.078424 7.413068 1541.890259
22227 26.355097 7.553692 1541.559082
22228 25.883997 7.318734 1542.053101
22229 25.731531 7.519426 1541.538208
22230 25.804144 7.738177 1541.054077
22231 26.369659 7.902239 1540.818970
22232 25.756828 7.917436 1540.607300
22233 25.310728 7.810969 1540.730103
22234 25.278780 7.617019 1541.204102
22235 25.285673 7.391844 1541.765747
22236 27.021803 7.741723 1541.250244
22237 27.026552 8.023029 1540.694458
22238 27.614368 7.922719 1540.966919
22239 27.681452 7.574920 1541.569214
22240 28.234396 8.153364 1540.642456
22241 25.315454 7.179836 1542.398071
22242 26.051939 7.102310 1542.733032
22243 25.384138 7.052845 1542.994141
22244 24.777431 7.034910 1543.196655
22245 25.374174 7.015669 1543.672974
22246 24.744480 7.051021 1543.765625
22247 24.198185 7.086054 1543.808594
22248 24.572643 7.180276 1544.354370
22249 23.823086 7.171223 1544.053223
22250 23.959970 7.344931 1544.627563
22251 23.309542 7.331696 1544.339355
22252 23.418938 7.553241 1544.876953
22253 23.026007 7.776464 1545.105103
22254 23.522995 7.846304 1545.431885
22255 23.049692 8.031175 1545.502930
22256 22.521193 8.259492 1545.549194
22257 23.080126 8.365283 1545.972778
22258 22.484884 8.720162 1546.086304
22259 21.951614 8.604061 1545.637817
22260 21.873278 9.095128 1546.115234
22261 21.347385 9.056286 1545.723755
22262 21.346861 9.475306 1546.125610
22263 20.690722 9.729238 1545.866699
22264 20.265265 9.385168 1545.230835
22265 20.013023 9.992628 1545.546143
22266 19.572069 9.876050 1545.077271
22267 19.538563 10.492185 1545.534912
22268 19.130795 10.480503 1545.156372
22269 18.947649 11.093914 1545.433228
22270 19.510618 11.066339 1545.939209
22271 20.055988 10.477767 1545.969238
22272 19.946701 11.052104 1546.314697
22273 19.480839 11.598610 1546.296875
22274 19.969889 11.643694 1546.772339
22275 19.464230 12.201492 1546.696533
22276 19.052700 12.171124 1546.280640
22277 19.039213 11.676802 1545.932861
22278 19.050327 12.740607 1546.631226
22279 18.668810 13.249155 1546.496338
22280 19.040478 13.306066 1546.916382
22281 18.743732 13.710138 1546.770142
22282 18.402431 13.764576 1546.385742
22283 18.618343 14.325342 1546.787354
22284 19.040991 13.866301 1547.133789
22285 19.019709 14.507554 1547.249268
22286 18.711994 15.021204 1546.926636
22287 18.366913 15.023856 1546.474365
22288 18.466825 15.565103 1546.472412
22289 18.853989 15.617345 1546.972412
22290 18.715509 16.099682 1546.557251
22291 19.047762 16.161682 1546.956909
22292 19.035604 16.611841 1546.608521
22293 19.407799 16.619350 1547.051270
22294 19.449795 17.078774 1546.670776
22295 19.834957 17.050604 1547.103149
22296 19.909632 17.482954 1546.696777
22297 20.315809 17.440155 1547.101929
22298 20.343634 17.741930 1546.751221
22299 20.745682 18.069778 1546.557983
22300 20.674202 18.331120 1545.935669
22301 21.374563 18.444031 1546.243530
22302 21.095856 18.573822 1545.685303
22303 20.683321 18.504173 1545.399658
22304 20.491825 18.553408 1544.755737
22305 21.127991 18.719234 1545.159424
22306 21.176058 18.834763 1544.520142
22307 20.683331 18.714060 1543.994385
22308 20.093204 18.443089 1544.033691
22309 20.389568 18.613958 1543.511719
22310 19.885145 18.373741 1543.314331
22311 20.361168 18.604965 1542.969971
22312 19.810356 18.346867 1542.620239
22313 20.799515 18.775606 1543.387207
22314 21.323866 18.930189 1543.271240
22315 21.264097 18.906683 1543.890747
22316 21.847769 19.030703 1543.798218
22317 21.885841 19.039867 1543.184204
22318 22.426807 19.094452 1543.708496
22319 22.493404 19.101076 1543.053467
22320 22.988649 19.108952 1543.582886
22321 23.067427 19.114080 1543.067993
22322 23.488483 19.102043 1542.649292
22323 23.541798 19.086044 1543.363892
22324 24.183855 19.023222 1543.116943
22325 24.008984 19.068424 1542.453735
22326 24.125206 19.084627 1541.904785
22327 24.517494 19.005753 1542.533691
22328 24.738693 19.036983 1541.813599
22329 24.170774 19.132397 1541.206299
22330 24.164406 19.209820 1540.493164
22331 25.256458 18.870323 1542.624634
22332 24.859432 18.900564 1543.196045
22333 25.419296 18.766830 1543.289063
22334 25.242184 18.759352 1543.808228
22335 25.824389 18.614950 1543.721191
22336 25.896458 18.667709 1543.103638
22337 26.432798 18.461813 1543.565918
22338 26.306614 18.406788 1544.239624
22339 26.900778 18.243355 1544.121704
22340 27.511171 18.080160 1543.977783
22341 27.357679 18.014797 1544.620361
22342 27.935581 17.854546 1544.524170
22343 27.717220 17.799364 1545.095825
22344 28.286997 17.637585 1545.036987
22345 28.630232 17.660576 1544.479980
22346 28.815378 17.474340 1545.071777
22347 29.275820 17.411280 1544.822266
22348 29.272619 17.562206 1544.131226
22349 28.723621 17.778610 1543.717407
22350 29.373503 17.663868 1543.440552
22351 28.780720 17.874022 1543.048096
22352 29.363188 17.766741 1542.801392
22353 29.958418 17.594360 1543.089478
22354 29.923965 17.475994 1543.822021
22355 30.503906 17.430666 1543.489624
22356 31.092100 17.399858 1543.207886
22357 31.095203 17.261309 1543.901489
22358 30.519014 17.285004 1544.198364
22359 31.158640 17.084246 1544.569092
22360 31.676729 17.100632 1544.240479
22361 31.670029 17.263361 1543.603027
22362 32.196560 17.117901 1543.973633
22363 32.277477 17.277300 1543.361694
22364 31.681366 17.394537 1542.952393
22365 32.250847 17.411264 1542.753662
22366 32.770195 17.295099 1543.209351
22367 33.342876 17.313232 1543.069580
22368 33.215599 17.133442 1543.624756
22369 33.839764 17.140368 1543.416870
22370 33.896309 17.331877 1542.908569
22371 34.430027 17.213207 1543.027832
22372 34.373226 16.921787 1543.665405
22373 34.889492 17.015673 1543.212524
22374 34.628834 17.296795 1542.752441
22375 35.549595 16.881958 1543.050781
22376 35.350891 16.675127 1543.522095
22377 35.866104 16.426571 1543.530518
22378 36.051701 16.806118 1542.819336
22379 36.161842 17.138308 1542.161621
22380 36.664627 16.716154 1542.480225
22381 36.691990 17.088236 1541.830444
22382 37.295216 16.976595 1541.485107
22383 37.526539 17.268614 1540.663330
22384 37.850353 16.821161 1541.187744
22385 38.211300 16.864681 1540.669678
22386 38.071106 17.225758 1540.051758
22387 38.608379 16.850937 1540.117554
22388 38.799759 16.450838 1540.674316
22389 39.203140 16.403950 1540.114868
22390 38.884766 16.849194 1539.588501
22391 38.420055 17.193420 1539.527344
22392 38.783012 17.097027 1538.887085
22393 38.125793 17.521494 1538.959229
22394 37.914646 17.516546 1539.471924
22395 37.697399 17.824947 1538.515869
22396 38.292980 17.487143 1538.334106
22397 38.818516 17.104658 1538.162598
22398 38.808971 16.993292 1537.655151
22399 39.265362 16.678295 1537.960449
22400 39.149948 16.633371 1537.580078
22401 38.801868 16.817417 1537.334106
22402 39.190601 16.397264 1537.335693
22403 38.769016 16.605545 1537.083130
22404 38.457436 16.562986 1536.829590
22405 39.071342 16.098001 1537.017090
22406 37.967812 16.521059 1536.579712
22407 39.573277 15.917939 1537.373657
22408 39.587799 15.506024 1537.180542
22409 39.534340 14.974405 1537.042480
22410 40.005894 14.932023 1537.364868
22411 39.906357 14.382142 1537.255249
22412 39.348721 14.418780 1536.986694
22413 39.604553 13.886630 1537.195801
22414 40.151825 13.810095 1537.456543
22415 40.427723 14.294547 1537.625488
22416 40.570896 13.695611 1537.732544
22417 40.386715 13.216610 1537.705688
22418 39.801037 13.326449 1537.431152
22419 39.971416 12.752516 1537.702026
22420 39.254345 12.802520 1537.534668
22421 39.630878 12.202167 1537.888550
22422 40.337551 12.231749 1538.018188
22423 39.976826 11.749921 1538.158447
22424 39.334267 11.594650 1538.193726
22425 38.909164 12.109244 1537.892578
22426 38.617954 11.493931 1538.270264
22427 38.164856 11.995543 1537.988037
22428 37.938725 11.424507 1538.371704
22429 37.464588 11.887679 1538.124512
22430 37.306622 11.343385 1538.495605
22431 36.836449 11.722509 1538.307861
22432 36.777534 11.249067 1538.618042
22433 36.268490 11.443788 1538.552368
22434 36.366226 10.798810 1538.937378
22435 37.073421 10.811403 1538.850586
22436 36.804920 10.268212 1539.191040
22437 37.420822 10.295172 1539.101318
22438 37.154453 9.739770 1539.421143
22439 37.772739 9.753360 1539.333496
22440 37.551346 9.199980 1539.620850
22441 36.939316 9.194880 1539.706421
22442 36.553371 9.729980 1539.499023
22443 36.309559 9.173048 1539.796387
22444 36.257500 10.189524 1539.292603
22445 36.764721 8.628600 1539.985596
22446 36.151142 8.612939 1540.078125
22447 35.600986 8.551476 1540.178833
22448 35.930958 8.117525 1540.344604
22449 36.586594 8.107178 1540.249268
22450 36.287140 7.600993 1540.541504
22451 36.983101 7.522314 1540.460938
22452 36.618587 7.075171 1540.751709
22453 37.267067 6.999946 1540.674072
22454 36.881271 6.519316 1541.003052
22455 36.233868 6.614486 1541.069214
22456 35.957203 7.119908 1540.845947
22457 35.672871 6.679420 1541.132080
22458 35.295292 7.082535 1540.976196
22459 35.603146 7.625040 1540.640991
22460 34.913067 7.619217 1540.746704
22461 35.283211 8.159915 1540.414795
22462 34.577175 7.010139 1541.125732
22463 33.951347 6.931279 1541.258911
22464 34.297794 6.352472 1541.528076
22465 35.095474 6.388975 1541.384644
22466 34.711765 5.734160 1541.793335
22467 35.401756 5.672942 1541.717651
22468 35.038357 5.072987 1542.075806
22469 34.444061 5.260810 1542.080444
22470 34.035584 5.713377 1541.915039
22471 33.922001 5.094456 1542.265747
22472 34.474522 4.699602 1542.358643
22473 33.969536 4.465316 1542.597046
22474 33.304794 4.828217 1542.560059
22475 33.553642 4.312917 1542.802246
22476 33.017750 4.273700 1543.002441
22477 32.612949 4.806466 1542.777710
22478 32.475567 4.294383 1543.183838
22479 32.024803 4.787899 1542.991821
22480 32.157494 5.331921 1542.571167
22481 32.755009 5.389068 1542.366943
22482 32.265003 5.908682 1542.163574
22483 31.692364 5.848360 1542.359253
22484 31.572010 5.270370 1542.810059
22485 31.145046 5.762688 1542.601807
22486 30.940979 5.203075 1543.118164
22487 30.516735 5.781062 1542.841064
22488 30.398193 5.401562 1543.220825
22489 29.950602 5.753642 1543.154175
22490 30.032995 5.224495 1543.588745
22491 30.485191 4.907143 1543.581909
22492 30.089661 4.754598 1543.942871
22493 30.495327 4.296511 1544.051758
22494 30.133049 4.123689 1544.386108
22495 30.594971 3.657061 1544.467529
22496 29.903273 3.526180 1544.898193
22497 29.554804 4.171582 1544.744507
22498 29.244370 3.791558 1545.183350
22499 29.093227 4.313085 1545.055420
22500 28.749338 4.149671 1545.477905
22501 28.702324 4.755330 1545.236450
22502 29.190842 4.719020 1544.699341
22503 28.774323 5.227694 1544.756714
22504 28.378742 5.362610 1545.241333
22505 28.387894 5.637183 1544.864502
22506 28.014746 5.892925 1545.269043
22507 28.044079 6.091125 1544.637329
22508 27.482706 6.430652 1545.276733
22509 27.309134 6.579120 1544.766479
22510 27.534252 6.543906 1544.157593
22511 26.989573 6.748282 1544.298706
22512 27.194801 6.772556 1543.625610
22513 26.520721 6.891248 1543.888062
22514 26.436394 6.921046 1544.458130
22515 25.930012 6.986149 1544.049683
22516 25.875910 7.081527 1544.659302
22517 25.312159 7.085625 1544.255249
22518 25.259075 7.248481 1544.859253
22519 24.625895 7.420045 1545.042114
22520 25.198040 7.544916 1545.582153
22521 24.585960 7.715651 1545.640259
22522 24.029406 7.603099 1545.205444
22523 24.029575 7.855595 1545.656250
22524 23.593004 8.091821 1545.836426
22525 24.353958 8.077892 1546.161133
22526 23.685648 8.457531 1546.403809
22527 24.323740 8.573796 1546.906982
22528 24.980171 8.079278 1546.480713
22529 25.101454 7.811182 1546.067749
22530 25.649731 7.831365 1546.455444
22531 25.403938 8.197051 1546.932739
22532 25.022030 8.506221 1547.195435
22533 25.595160 8.443209 1547.443237
22534 25.935331 8.030633 1547.029419
22535 26.189882 8.261227 1547.570923
22536 25.871149 8.796654 1548.091431
22537 25.177601 8.863149 1547.812012
22538 25.319674 9.236732 1548.379517
22539 24.728760 9.264873 1548.119385
22540 24.945360 9.643524 1548.697388
22541 24.213940 9.741654 1548.441650
22542 24.143093 9.344815 1547.889648
22543 24.581367 8.916377 1547.553589
22544 24.044155 8.991615 1547.345825
22545 23.608000 9.329268 1547.528076
22546 23.630632 8.902188 1546.979370
22547 23.054161 9.277252 1547.098022
22548 23.083336 9.707337 1547.640869
22549 22.448441 9.743826 1547.212158
22550 22.432405 9.219539 1546.618652
22551 23.054813 8.803535 1546.516235
22552 21.764986 9.750033 1546.697876
22553 22.002369 10.346871 1547.488892
22554 21.444813 10.393613 1547.057983
22555 21.383860 11.039858 1547.587646
22556 22.008274 10.925191 1548.057983
22557 21.666656 11.542680 1548.261475
22558 21.108006 11.845729 1547.965088
22559 20.656187 11.532794 1547.312256
22560 20.915955 10.796450 1546.954956
22561 20.378611 11.242311 1546.838257
22562 20.262426 11.866668 1547.196533
22563 19.844704 12.302547 1547.112793
22564 20.204639 12.373716 1547.483276
22565 19.900156 12.928514 1547.528931
22566 19.450232 12.819396 1547.062256
22567 19.487904 13.434847 1547.397705
22568 19.535673 14.051107 1547.639893
22569 20.074259 13.531282 1547.933472
22570 20.059069 14.247670 1548.090576
22571 20.493673 13.862414 1548.341064
22572 20.600187 14.425540 1548.465454
22573 20.134207 14.975431 1548.159180
22574 20.835272 15.041336 1548.550171
22575 20.475143 15.561005 1548.260132
22576 19.974655 15.571868 1547.965210
22577 19.578056 15.331622 1547.727661
22578 19.555681 14.710121 1547.746338
22579 19.119051 15.133140 1547.353271
22580 19.247492 15.709966 1547.360107
22581 19.647036 15.882400 1547.645386
22582 19.409531 16.174795 1547.325562
22583 19.844618 16.481859 1547.522339
22584 20.143042 16.129679 1547.889282
22585 20.470556 16.523151 1547.885010
22586 20.341785 17.009790 1547.505615
22587 20.898062 16.943762 1547.827637
22588 21.113216 16.414333 1548.213989
22589 21.472654 16.814640 1548.100952
22590 21.345943 17.301762 1547.720825
22591 21.806480 17.160719 1547.943115
22592 21.825850 17.548611 1547.625732
22593 21.314823 17.704578 1547.337524
22594 20.802174 17.388777 1547.438354
22595 20.767479 17.724609 1547.069580
22596 21.329887 18.089960 1546.861084
22597 21.900139 17.974298 1547.187744
22598 21.996746 18.337305 1546.684570
22599 22.181114 18.637928 1546.115967
22600 21.666098 18.739004 1545.615112
22601 22.441561 18.852007 1545.537598
22602 21.762337 18.912640 1544.919189
22603 22.393923 18.984413 1544.912598
22604 21.804316 18.987141 1544.396851
22605 22.404972 19.059315 1544.318237
22606 22.962622 19.009277 1544.802612
22607 22.966707 19.078382 1544.191162
22608 23.502048 18.999279 1544.611328
22609 23.494469 19.060717 1543.994385
22610 24.034897 19.005474 1543.837646
22611 23.919790 18.975283 1544.369263
22612 24.416206 18.881832 1544.416626
22613 24.631861 18.901756 1543.788696
22614 25.079861 18.731741 1544.395142
22615 25.697100 18.570921 1544.346802
22616 25.447029 18.537109 1544.965088
22617 26.104805 18.351219 1544.919556
22618 26.737307 18.188574 1544.739014
22619 26.505066 18.090059 1545.486938
22620 27.160849 17.945805 1545.228760
22621 26.999895 17.786125 1545.949097
22622 27.499260 17.736467 1545.597168
22623 27.636539 17.530212 1546.088135
22624 28.008175 17.569235 1545.614136
22625 28.208267 17.317556 1546.176147
22626 28.639702 17.359209 1545.667603
22627 28.816519 17.060091 1546.360596
22628 29.359968 17.081688 1545.884888
22629 29.194956 17.297760 1545.338623
22630 29.818096 17.153320 1545.289063
22631 29.889507 17.332409 1544.539551
22632 30.492207 17.122763 1544.866577
22633 30.510477 16.922665 1545.510254
22634 30.022430 16.878674 1545.966431
22635 30.569906 16.716816 1546.027710
22636 30.303015 16.602337 1546.448242
22637 30.949743 16.471138 1546.360962
22638 31.042274 16.698017 1545.794556
22639 31.523758 16.432806 1546.129028
22640 31.596697 16.691257 1545.500366
22641 31.084076 16.908472 1545.191895
22642 31.632870 16.909138 1544.883301
22643 32.153305 16.697700 1545.191650
22644 32.213535 16.916246 1544.584717
22645 32.749329 16.675081 1544.953125
22646 32.896896 16.942354 1544.236450
22647 32.677269 17.158493 1543.691406
22648 33.743561 16.856316 1544.094238
22649 33.388935 16.630459 1544.731689
22650 33.952820 16.538893 1544.609375
22651 34.427807 16.560041 1544.297607
22652 34.417187 16.128208 1544.993530
22653 35.154980 16.135096 1544.463135
22654 34.941723 16.633688 1543.855103
22655 35.444771 16.372784 1543.914307
22656 35.844791 15.956498 1544.176514
22657 36.407551 15.886629 1543.815918
22658 36.491486 16.350807 1543.152710
22659 37.004971 15.806092 1543.417236
22660 37.088192 16.259386 1542.781128
22661 37.192741 16.638689 1542.143921
22662 37.566326 16.201002 1542.433350
22663 37.627827 15.713486 1542.983398
22664 38.075710 15.865682 1542.385376
22665 38.224873 15.340779 1542.844604
22666 38.656284 15.422548 1542.330688
22667 38.718235 14.906804 1542.800781
22668 39.201881 14.893726 1542.318481
22669 39.211117 15.423686 1541.722412
22670 39.713448 14.837165 1541.799683
22671 39.791672 15.124987 1541.366821
22672 39.590950 15.559417 1541.046387
22673 38.981953 16.008129 1541.190430
22674 39.381908 16.007626 1540.619385
22675 38.345104 16.482655 1541.209717
22676 38.522118 15.952448 1541.814453
22677 37.827461 16.448212 1541.829956
22678 39.950310 15.579824 1540.424683
22679 40.181770 15.108863 1540.808594
22680 40.542274 15.136675 1540.003784
22681 40.153790 15.650608 1539.799683
22682 40.619072 15.213737 1539.452271
22683 40.161633 15.809882 1539.139404
22684 40.558296 15.331237 1538.769531
22685 40.120396 15.866035 1538.515015
22686 39.767662 16.264973 1538.769531
22687 39.705624 16.292053 1538.233032
22688 39.323116 16.694677 1538.533203
22689 39.323654 16.597479 1539.251221
22690 39.734192 16.145226 1539.568359
22691 39.700142 15.964853 1540.129883
22692 39.566067 16.247368 1537.712036
22693 39.962715 15.921769 1538.037354
22694 39.876175 15.815191 1537.693970
22695 40.231537 15.415455 1537.874268
22696 39.952698 15.451932 1537.508179
22697 40.368767 14.921927 1537.727661
22698 40.752930 14.417794 1538.006226
22699 40.844067 13.847797 1537.969727
22700 41.114243 13.998204 1538.355835
22701 41.228352 13.447828 1538.336548
22702 40.866695 13.338173 1537.980347
22703 41.302113 12.887047 1538.378418
22704 40.837505 12.679318 1538.075928
22705 41.413708 12.319539 1538.520142
22706 40.963654 11.986146 1538.328491
22707 41.553558 11.591627 1538.733398
22708 41.155510 11.324993 1538.609863
22709 40.520054 11.526993 1538.353882
22710 40.593781 10.865700 1538.645020
22711 39.853573 11.094583 1538.471802
22712 40.016365 10.424709 1538.804077
22713 40.644123 10.179704 1538.942383
22714 40.056629 9.748283 1539.114380
22715 39.569672 9.951421 1539.039795
22716 39.354038 10.422573 1538.822754
22717 39.026905 9.832831 1539.141235
22718 38.702660 10.358875 1538.911377
22719 38.405090 9.778872 1539.238647
22720 38.053509 10.317061 1539.009277
22721 38.176586 9.220986 1539.525635
22722 38.821953 9.284777 1539.415283
22723 38.672009 8.675265 1539.696899
22724 38.008732 8.633304 1539.803101
22725 37.382671 8.625829 1539.896851
22726 37.832855 8.054432 1540.078003
22727 37.206478 8.067021 1540.169434
22728 37.600796 7.507947 1540.363647
22729 38.233997 7.490333 1540.275146
22730 37.922558 6.998385 1540.563477
22731 38.553490 6.958298 1540.493652
22732 38.176773 6.370103 1540.859375
22733 38.829285 6.326663 1540.797729
22734 38.414936 5.788221 1541.146851
22735 37.760803 5.847835 1541.218628
22736 37.552639 6.363651 1540.966919
22737 37.101654 5.961152 1541.273438
22738 37.320869 5.414896 1541.535156
22739 37.954491 5.305896 1541.483521
22740 37.551487 4.923039 1541.751465
22741 36.974190 4.928788 1541.846680
22742 37.368519 4.371514 1542.044067
22743 36.794346 4.476823 1542.089600
22744 36.402443 5.037138 1541.885010
22745 36.220230 4.508940 1542.162598
22746 35.769699 5.078965 1541.960938
22747 35.569572 4.494252 1542.267578
22748 34.961681 4.364080 1542.431152
22749 34.559990 4.000416 1542.703979
22750 35.341122 3.895478 1542.584961
22751 34.989811 3.526528 1542.855225
22752 34.528759 3.494714 1543.007446
22753 34.060299 3.961298 1542.864014
22754 34.030689 3.448996 1543.215210
22755 34.535885 3.090229 1543.282593
22756 34.018456 2.960063 1543.614258
22757 33.462418 3.418414 1543.473755
22758 33.423172 2.890935 1543.970581
22759 32.886486 3.326497 1543.807495
22760 32.828838 2.841598 1544.296631
22761 32.320518 3.185898 1544.174683
22762 32.293140 2.765328 1544.581055
22763 31.773342 3.178024 1544.386475
22764 31.712370 2.676894 1544.843262
22765 31.168526 3.125947 1544.636597
22766 31.325623 3.602738 1544.200439
22767 31.835030 3.687250 1543.926270
22768 31.406372 4.145665 1543.731934
22769 31.902016 4.295637 1543.406250
22770 32.391499 3.759256 1543.638916
22771 32.952034 3.819393 1543.362061
22772 31.471384 4.709511 1543.265869
22773 30.962709 4.548282 1543.618042
22774 30.958551 4.039947 1544.014648
22775 30.482128 3.026709 1544.945923
22776 31.079998 2.606002 1545.067017
22777 30.461008 2.392361 1545.370117
22778 29.914932 2.781081 1545.305786
22779 29.884285 2.138515 1545.667603
22780 29.331858 2.461317 1545.698364
22781 29.298687 1.863671 1545.984009
22782 28.811022 2.209131 1546.045654
22783 28.766848 1.618213 1546.301636
22784 28.334965 1.960442 1546.404175
22785 28.280809 1.403493 1546.642334
22786 27.957445 1.762550 1546.730713
22787 27.906055 2.286368 1546.646729
22788 28.338991 2.578439 1546.237305
22789 27.897984 2.946918 1546.573242
22790 28.343185 3.253507 1546.105591
22791 27.929741 3.660588 1546.515869
22792 28.352783 3.920493 1545.981567
22793 28.809687 3.532879 1545.632202
22794 28.827623 2.857273 1545.823242
22795 29.339071 3.156048 1545.400635
22796 28.343065 4.538150 1545.835327
22797 27.995430 4.344925 1546.412842
22798 27.995296 5.083435 1546.281738
22799 28.301590 5.059146 1545.651611
22800 28.044529 5.570364 1545.767212
22801 27.804018 5.777669 1546.375366
22802 27.719990 6.120817 1545.835205
22803 27.559196 6.340197 1546.412720
22804 27.669514 6.045425 1546.944946
22805 27.752567 5.413304 1546.918335
22806 27.660238 5.740268 1547.507446
22807 27.628071 6.401054 1547.477661
22808 27.487436 6.607867 1546.987915
22809 27.503252 6.876031 1547.473633
22810 27.664114 6.882840 1547.953491
22811 27.426899 7.376744 1547.808105
22812 27.249359 7.083283 1547.121704
22813 27.001560 7.561622 1547.387817
22814 27.044748 8.014107 1547.951782
22815 27.523823 7.941171 1548.351685
22816 27.085823 8.458589 1548.394775
22817 27.625587 8.519274 1548.778320
22818 27.105450 9.008212 1548.849976
22819 27.740395 9.194335 1549.193726
22820 27.085827 9.581618 1549.248535
22821 26.498775 9.446634 1549.014160
22822 26.509371 8.912590 1548.525513
22823 25.917751 9.311559 1548.711792
22824 25.858765 9.882047 1549.235107
22825 26.540337 9.974860 1549.426392
22826 26.129171 10.408841 1549.658325
22827 25.489710 10.443048 1549.589600
22828 25.768206 10.917786 1549.890381
22829 25.147705 10.941772 1549.824097
22830 25.366539 11.393304 1550.033691
22831 24.849052 11.348569 1549.949829
22832 24.557589 11.038565 1549.741821
22833 24.364111 11.585754 1549.929810
22834 24.836885 11.775759 1550.069824
22835 24.230469 12.075899 1550.016479
22836 23.700045 11.849011 1549.808716
22837 23.637491 12.367879 1549.895508
22838 23.266495 12.156703 1549.717041
22839 23.146364 12.693938 1549.750854
22840 22.784815 12.523927 1549.563965
22841 22.939432 11.888334 1549.460449
22842 23.394209 11.628023 1549.592529
22843 23.057598 11.399318 1549.278809
22844 23.562256 11.068784 1549.357300
22845 23.938414 11.328858 1549.688965
22846 24.147844 10.680470 1549.356567
22847 24.857126 10.526752 1549.498657
22848 24.556057 10.129659 1549.046631
22849 25.213419 10.008143 1549.174683
22850 25.450027 9.599270 1548.849243
22851 23.951231 10.206703 1548.820068
22852 23.695890 9.771229 1548.153687
22853 23.421333 10.357634 1548.644165
22854 23.092728 10.136651 1548.157837
22855 22.890959 10.641392 1548.540771
22856 23.205360 10.864347 1548.979980
22857 22.672100 11.197837 1548.862305
22858 22.520546 11.657192 1549.062378
22859 22.207354 11.349533 1548.597046
22860 22.010420 11.890900 1548.796631
22861 22.393850 12.211001 1549.240723
22862 21.867245 12.495561 1548.969849
22863 21.475302 12.168722 1548.499390
22864 21.338554 12.814529 1548.680298
22865 20.945839 12.490014 1548.212769
22866 20.580198 12.150495 1547.683105
22867 20.396908 12.798262 1547.895142
22868 20.774809 13.251705 1548.394043
22869 21.293911 13.376816 1548.802002
22870 21.747297 13.141158 1549.060425
22871 21.541025 13.788033 1548.998901
22872 21.018093 13.898505 1548.697266
22873 21.216785 14.407572 1548.813354
22874 21.790838 14.330485 1549.093018
22875 22.186541 13.596432 1549.335571
22876 22.388466 14.284896 1549.332886
22877 22.063791 14.934283 1549.066895
22878 22.666962 14.926615 1549.230713
22879 22.403507 15.405483 1548.995605
22880 21.818609 15.569700 1548.791260
22881 22.442951 16.118582 1548.681152
22882 21.671825 16.274378 1548.451660
22883 21.190350 15.667270 1548.550049
22884 21.479641 14.958099 1548.854004
22885 20.666277 16.083340 1548.182739
22886 22.082592 16.767735 1548.260132
22887 22.943493 16.827797 1548.298950
22888 22.351183 17.284023 1547.925903
22889 23.020218 17.478903 1547.781982
22890 22.462395 17.777176 1547.481079
22891 23.049236 17.932531 1547.307373
22892 22.493719 18.177734 1546.995483
22893 23.012674 18.265173 1546.860840
22894 22.644121 18.466003 1546.532837
22895 23.240839 18.483902 1546.454468
22896 22.798532 18.720928 1545.963135
22897 23.383862 18.736477 1545.823364
22898 22.930504 18.891062 1545.402954
22899 23.493744 18.890926 1545.232422
22900 23.998562 18.709278 1545.644775
22901 24.093658 18.858200 1544.965088
22902 24.511957 18.680374 1545.383057
22903 24.813036 18.709795 1544.939453
22904 25.070965 18.511726 1545.500122
22905 25.761112 18.268368 1545.664185
22906 25.173677 18.265741 1546.133301
22907 24.546486 18.499514 1545.933105
22908 24.648237 18.173758 1546.598755
22909 23.935188 18.417530 1546.408081
22910 24.151171 17.968245 1547.090820
22911 23.601458 18.160339 1546.938477
22912 23.635519 17.722845 1547.489868
22913 24.264164 17.502457 1547.627808
22914 24.756716 17.761087 1547.205566
22915 24.910311 17.291292 1547.723633
22916 25.354399 17.596804 1547.239868
22917 25.253672 17.961409 1546.714111
22918 25.860052 17.789604 1546.730225
22919 25.667603 18.067984 1546.276367
22920 26.255745 17.968456 1546.095947
22921 26.654764 17.659325 1546.524658
22922 27.288879 17.451668 1546.549805
22923 27.006130 17.198919 1547.172974
22924 27.687889 17.110653 1546.979370
22925 27.832685 17.282820 1546.545288
22926 28.291239 17.039051 1546.765137
22927 28.234552 16.763750 1547.293945
22928 28.824177 16.778593 1546.958374
22929 29.545900 16.774504 1546.531372
22930 29.325911 16.472754 1547.235352
22931 30.034515 16.379349 1547.029907
22932 29.748623 16.108273 1547.587402
22933 30.485102 15.980243 1547.434570
22934 30.751902 16.252789 1546.879272
22935 31.248762 15.850285 1547.258545
22936 30.934040 15.429564 1547.915527
22937 30.096634 15.705179 1547.948608
22938 30.263243 15.307071 1548.300781
22939 30.633944 14.927898 1548.501709
22940 31.279942 14.844730 1548.333374
22941 31.624952 15.113858 1547.949463
22942 31.757591 15.453663 1547.525269
22943 32.181072 15.055649 1547.761353
22944 31.903238 14.707750 1548.202148
22945 32.517231 14.569220 1548.059692
22946 32.849266 14.966664 1547.528564
22947 32.338737 15.358965 1547.357300
22948 32.801182 15.464481 1546.986328
22949 32.064308 15.781061 1546.952271
22950 32.708965 15.879026 1546.460815
22951 32.082878 16.172325 1546.325562
22952 32.657936 16.220314 1545.922485
22953 32.102825 16.455412 1545.770142
22954 31.446108 16.168289 1546.667969
22955 32.580456 16.480690 1545.461548
22956 33.175858 16.333164 1545.425537
22957 33.735176 16.360117 1545.052246
22958 33.864468 15.986919 1545.584351
22959 34.595646 15.502748 1545.747559
22960 35.172043 15.608125 1545.157471
22961 35.273422 15.079855 1545.722412
22962 35.842281 15.035130 1545.275513
22963 35.766911 15.568073 1544.722534
22964 36.347691 14.977871 1544.889893
22965 36.344460 15.416720 1544.414429
22966 36.926285 14.858400 1544.493042
22967 36.944237 15.324554 1544.003540
22968 37.430630 14.824944 1544.072021
22969 37.449196 15.287364 1543.604248
22970 37.931389 15.205503 1543.256226
22971 37.918503 14.801652 1543.652100
22972 38.337406 14.847164 1543.222412
22973 38.423286 14.354712 1543.561157
22974 38.773552 14.409034 1543.181519
22975 39.182182 14.416478 1542.769775
22976 39.178036 13.934366 1543.143799
22977 39.507778 13.979756 1542.776611
22978 39.623711 13.461758 1543.006714
22979 39.053841 13.423120 1543.603516
22980 39.592842 12.803647 1543.414795
22981 39.098984 12.697967 1543.979126
22982 39.610641 12.084396 1543.760742
22983 40.099735 12.214097 1543.188965
22984 40.125809 12.952809 1542.786011
22985 40.514088 12.327419 1542.700439
22986 40.712330 12.735095 1542.274414
22987 40.400372 13.343728 1542.258301
22988 40.845512 13.113100 1541.891968
22989 40.610767 13.637815 1541.802368
22990 40.167347 13.850974 1542.162842
22991 39.916809 13.676845 1542.563599
22992 39.670578 14.304754 1542.350830
22993 40.204800 14.240371 1541.792725
22994 40.247639 14.658390 1541.305786
22995 40.709869 14.080649 1541.274536
22996 40.795204 14.513798 1540.587280
22997 41.209702 13.828198 1540.709229
22998 41.302536 14.040870 1540.118652
22999 41.587292 13.494549 1540.236816
23000 41.559380 13.713205 1539.734497
23001 41.323574 14.175356 1539.446655
23002 40.988300 14.636698 1539.792603
23003 40.980129 14.737479 1539.101440
23004 41.223827 14.208422 1538.805542
23005 40.829624 14.848514 1538.565063
23006 40.414532 15.403193 1538.289917
23007 40.624447 14.926928 1538.126831
23008 40.939846 14.475284 1538.352783
23009 41.468956 13.547697 1538.765869
23010 41.564541 13.666638 1539.257813
23011 41.748009 13.156528 1539.175049
23012 41.583199 13.028255 1538.732666
23013 41.850800 12.671741 1539.077515
23014 41.685394 12.479789 1538.777222
23015 42.055637 12.101114 1539.244141
23016 41.874596 11.819151 1538.961548
23017 42.294121 11.331359 1539.444946
23018 42.325291 11.766136 1539.775391
23019 42.025085 12.552432 1539.487305
23020 42.116314 12.428292 1539.991577
23021 42.315315 11.795932 1540.309326
23022 42.518253 11.201115 1540.170898
23023 42.518387 11.054862 1539.859619
23024 42.620991 10.704086 1540.067871
23025 42.581684 10.629198 1539.865234
23026 42.487953 10.820172 1539.688477
23027 42.353058 10.671706 1539.487427
23028 42.527126 10.431736 1539.736572
23029 42.434982 10.056288 1539.673706
23030 42.063358 10.421741 1539.282715
23031 42.018501 11.118446 1539.130249
23032 41.630890 10.902496 1538.928711
23033 41.587025 10.363290 1539.066284
23034 41.190796 10.611569 1538.861938
23035 41.217125 9.972626 1539.107666
23036 41.742016 9.886944 1539.286377
23037 41.351730 9.351022 1539.389160
23038 40.711720 9.492380 1539.241333
23039 40.806034 8.746190 1539.578125
23040 41.587170 8.756497 1539.721313
23041 41.204651 8.112375 1539.949219
23042 40.522385 8.022700 1539.898071
23043 39.997810 8.424897 1539.697388
23044 40.071835 9.093841 1539.401611
23045 39.365726 8.815994 1539.562866
23046 39.268921 8.098972 1539.881836
23047 38.490654 8.060974 1539.982910
23048 38.895515 7.478978 1540.198975
23049 39.557903 7.453919 1540.161621
23050 39.202683 6.932826 1540.442261
23051 39.851871 6.926825 1540.424805
23052 39.515614 6.264939 1540.784058
23053 40.249439 6.243363 1540.819336
23054 39.918652 5.604684 1541.140625
23055 39.121387 5.706521 1541.109741
23056 39.425293 5.092746 1541.411865
23057 40.054810 4.978215 1541.464111
23058 39.795563 4.470289 1541.689575
23059 39.005104 4.596455 1541.686523
23060 39.338982 4.114206 1541.868164
23061 38.721172 4.046321 1541.969482
23062 38.151146 4.643517 1541.787476
23063 37.973564 3.998780 1542.105713
23064 37.336041 3.965588 1542.224976
23065 37.826553 3.549647 1542.309570
23066 37.293854 3.449845 1542.438599
23067 36.721313 3.965144 1542.324219
23068 36.592743 3.403273 1542.579468
23069 36.051136 4.004861 1542.412720
23070 35.908474 3.439943 1542.690918
23071 36.350559 2.777065 1542.903564
23072 37.235676 2.762398 1542.712036
23073 36.967690 2.171556 1543.022949
23074 36.352478 2.052613 1543.283936
23075 35.669624 2.527213 1543.247925
23076 35.718315 3.067713 1542.917358
23077 35.301022 3.119353 1543.003174
23078 34.998352 2.829180 1543.292847
23079 34.852039 3.200750 1543.091431
23080 34.604065 2.593872 1543.655029
23081 35.223995 2.265146 1543.629761
23082 34.753044 2.027834 1544.117920
23083 35.374008 1.681986 1544.067749
23084 34.976662 1.438196 1544.609741
23085 34.352982 1.710801 1544.734375
23086 34.009689 2.370519 1544.197388
23087 33.685379 1.920169 1544.889160
23088 33.285263 2.431725 1544.516479
23089 33.028648 2.047519 1545.051270
23090 33.400631 1.528052 1545.478271
23091 32.721783 1.646542 1545.582153
23092 32.334236 2.209100 1545.110840
23093 32.039394 1.681983 1545.688110
23094 31.609833 2.142538 1545.336182
23095 31.483671 1.696387 1545.742554
23096 31.035175 2.030367 1545.522095
23097 31.053394 1.478462 1545.956299
23098 30.522926 1.865207 1545.714844
23099 30.471565 1.231451 1546.173340
23100 29.880512 1.522582 1546.031738
23101 29.832401 0.949288 1546.414551
23102 29.250420 1.238753 1546.327759
23103 29.244173 0.678347 1546.681030
23104 28.727942 1.012441 1546.618408
23105 28.653381 0.487945 1546.968384
23106 29.203129 0.142476 1547.084717
23107 28.652712 -0.103837 1547.417236
23108 29.204809 -0.406612 1547.561768
23109 28.585941 -0.681475 1547.980469
23110 29.276262 -0.897149 1548.046509
23111 28.697979 -1.162444 1548.490234
23112 28.139606 -0.984964 1548.550293
23113 28.213305 -1.361365 1549.026978
23114 28.773481 -1.575907 1549.029175
23115 28.293617 -1.698289 1549.542114
23116 28.834661 -1.923968 1549.574097
23117 28.340677 -1.977959 1550.088013
23118 27.901972 -1.707685 1550.032104
23119 27.754410 -1.438991 1549.652344
23120 27.358660 -1.375362 1550.321655
23121 27.849678 -1.859978 1550.564453
23122 27.452532 -1.646849 1551.012817
23123 27.147774 -1.307298 1550.926636
23124 27.138128 -1.374760 1551.476196
23125 27.477116 -1.770338 1551.684692
23126 27.181122 -1.454148 1552.093140
23127 26.893984 -1.032175 1551.801636
23128 26.961088 -1.087747 1552.471802
23129 26.691608 -0.569877 1552.198975
23130 26.671165 -0.610005 1551.451904
23131 26.899673 -1.010406 1551.179321
23132 26.703159 -0.616351 1550.793091
23133 26.974401 -1.028920 1550.665039
23134 26.952957 -0.853643 1550.172607
23135 26.593605 -0.224159 1550.169189
23136 26.425409 0.049834 1550.969116
23137 26.370190 0.469094 1550.060669
23138 26.603844 0.080604 1549.540649
23139 26.906742 -0.518685 1549.579224
23140 26.916235 -0.177141 1549.046143
23141 27.227999 -0.633446 1549.075684
23142 27.323946 -1.057759 1549.624268
23143 27.731924 -1.080330 1549.042969
23144 27.684460 -0.716058 1548.591064
23145 28.048149 -0.643936 1548.210205
23146 27.719257 -0.376581 1548.182251
23147 27.268385 -0.302508 1548.597778
23148 27.308123 0.089946 1548.173096
23149 26.967388 0.191417 1548.563232
23150 27.021397 0.517439 1548.227783
23151 27.287508 0.601137 1547.832764
23152 27.708347 0.113552 1547.760742
23153 27.719240 0.674755 1547.376099
23154 27.259935 1.355222 1547.513550
23155 27.777090 1.314345 1547.026001
23156 27.547737 1.911121 1547.056885
23157 27.146454 2.201961 1547.490601
23158 27.496584 2.623468 1547.029175
23159 27.199900 2.964599 1547.452515
23160 27.547438 3.287584 1546.992432
23161 27.296511 3.623290 1547.458862
23162 27.639725 3.983958 1546.964233
23163 27.425465 4.281719 1547.481323
23164 27.746460 4.727551 1546.901001
23165 27.551495 5.037892 1547.590576
23166 27.248041 4.413228 1548.064087
23167 27.392801 5.033075 1548.318848
23168 27.180559 4.565691 1548.534790
23169 27.270573 4.931597 1548.936035
23170 27.565498 5.609808 1548.746582
23171 27.608805 5.680858 1548.121826
23172 27.775536 6.283698 1548.600342
23173 27.702412 6.284355 1548.035767
23174 27.842064 6.869726 1548.483887
23175 28.033100 6.869695 1549.070068
23176 27.837519 6.236262 1549.198853
23177 28.189821 6.831320 1549.728882
23178 28.363979 7.406165 1549.522461
23179 28.105787 7.497131 1548.967163
23180 28.487940 7.888724 1549.479370
23181 28.766556 7.903831 1549.936035
23182 28.857695 8.447065 1549.754272
23183 29.278364 8.443501 1550.296143
23184 29.437414 8.953337 1550.121582
23185 29.936554 8.950006 1550.634277
23186 29.976034 9.419322 1550.300171
23187 29.464901 9.421854 1549.970093
23188 29.936468 9.946700 1550.073975
23189 30.530283 9.832030 1550.390015
23190 30.511883 10.337056 1550.157715
23191 29.855722 10.420609 1549.967529
23192 30.416588 10.917538 1549.991821
23193 29.715273 11.052981 1549.911011
23194 29.169794 10.446583 1549.842896
23195 28.909832 11.196456 1549.903320
23196 28.356529 10.464915 1549.773193
23197 28.745399 9.822807 1549.684570
23198 29.373621 9.876662 1549.872803
23199 28.962307 9.327287 1549.712402
23200 28.414219 9.227308 1549.454956
23201 28.651203 8.782549 1549.518677
23202 29.078341 8.976577 1549.807373
23203 28.349712 8.194200 1549.256226
23204 28.143421 8.626656 1549.150757
23205 27.920486 8.014685 1548.784668
23206 27.767237 7.404665 1548.384155
23207 28.090803 9.762985 1549.531250
23208 27.530958 9.779325 1549.443237
23209 27.650785 10.237858 1549.661987
23210 27.088921 10.084906 1549.552856
23211 26.639359 10.400393 1549.692017
23212 27.179537 10.555729 1549.775757
23213 26.427994 10.896399 1549.909302
23214 26.918470 11.172206 1549.991577
23215 26.131111 11.420236 1550.071655
23216 26.771147 11.728577 1550.109497
23217 26.215487 11.980479 1550.159302
23218 25.525423 12.000500 1550.159912
23219 24.787798 12.317922 1550.126099
23220 25.366615 12.714136 1550.149536
23221 24.751558 12.956624 1550.086670
23222 24.104389 12.712914 1550.024780
23223 24.270325 13.337832 1549.972168
23224 23.684347 13.247893 1549.889893
23225 23.869257 13.862025 1549.789917
23226 23.297317 13.759665 1549.708130
23227 23.133043 13.161308 1549.747681
23228 22.761808 13.657495 1549.569458
23229 22.710180 13.039351 1549.581787
23230 22.277180 12.821462 1549.334717
23231 23.533758 12.827005 1549.886841
23232 22.955898 14.303373 1549.491089
23233 23.538330 14.361026 1549.585449
23234 23.205866 14.844934 1549.358765
23235 23.846384 14.994838 1549.362183
23236 23.443188 15.517290 1549.085571
23237 22.852678 15.503107 1549.031128
23238 23.235825 16.120512 1548.751587
23239 23.930616 16.040302 1548.808716
23240 23.801790 16.609287 1548.440186
23241 24.455090 16.377634 1548.563843
23242 24.386364 16.959555 1548.120972
23243 23.683558 17.202612 1547.989014
23244 25.104889 16.659355 1548.279663
23245 25.510660 17.066776 1547.828979
23246 25.838594 16.608971 1548.209473
23247 25.617853 16.098915 1548.660400
23248 26.278109 16.124182 1548.560791
23249 26.449995 16.670847 1548.028442
23250 26.049166 16.954197 1547.820801
23251 26.461988 17.092754 1547.536011
23252 25.943760 17.327549 1547.403809
23253 26.372271 17.437891 1547.077881
23254 26.967529 16.707827 1547.854736
23255 27.625780 16.736750 1547.593872
23256 27.584499 16.241920 1548.196411
23257 28.269047 16.316551 1547.903809
23258 28.118139 15.890833 1548.411499
23259 28.765938 15.881048 1548.236816
23260 29.047720 16.200489 1547.758789
23261 28.740965 16.513111 1547.449707
23262 29.424866 15.833989 1548.061035
23263 29.695969 15.442763 1548.372192
23264 29.147186 15.569645 1548.428589
23265 29.256205 15.162737 1548.746948
23266 29.946842 14.933816 1548.722534
23267 29.378641 14.647041 1549.078857
23268 29.868996 14.463253 1549.065186
23269 30.369965 14.482688 1548.911255
23270 30.960880 14.416155 1548.768555
23271 30.687099 13.995194 1549.103882
23272 30.099310 14.075882 1549.219238
23273 30.387409 13.681015 1549.333008
23274 31.012218 13.411816 1549.297363
23275 31.294676 13.876452 1548.992065
23276 31.671406 13.279507 1549.192627
23277 31.900684 13.782397 1548.857666
23278 32.328205 13.234475 1549.034058
23279 32.138332 12.675244 1549.359863
23280 31.402502 12.658882 1549.510986
23281 31.972553 12.193858 1549.600098
23282 32.617275 12.016063 1549.576538
23283 32.110809 11.732985 1549.780273
23284 32.574104 11.335065 1549.932373
23285 33.239212 11.427520 1549.775269
23286 33.358902 12.033411 1549.396362
23287 32.826870 12.648269 1549.206421
23288 33.531612 12.641588 1548.982056
23289 33.026840 13.308664 1548.761353
23290 33.872025 13.023226 1548.595337
23291 33.454136 13.750213 1548.281006
23292 32.785137 14.015981 1548.379883
23293 32.431854 13.718816 1548.717285
23294 32.183235 14.198227 1548.486938
23295 33.146564 14.360056 1547.945435
23296 31.579782 14.319666 1548.622803
23297 33.856449 14.137028 1547.760864
23298 33.454567 14.662540 1547.507324
23299 33.924442 14.668078 1547.219238
23300 33.443356 15.130803 1547.016846
23301 33.922112 15.136742 1546.702759
23302 33.363113 15.564530 1546.524292
23303 33.914997 15.544250 1546.189575
23304 34.468422 15.096538 1546.357300
23305 34.971603 14.971973 1546.103882
23306 35.002045 14.595350 1546.501221
23307 34.462223 14.696888 1546.816895
23308 34.996975 14.166101 1546.947266
23309 35.505096 14.105430 1546.571045
23310 35.509502 14.477120 1546.186035
23311 35.957790 14.091912 1546.159790
23312 35.903137 14.572653 1545.723389
23313 36.380543 14.189226 1545.652466
23314 36.281311 14.625268 1545.315308
23315 36.845287 14.358479 1545.043457
23316 36.919437 13.688224 1545.566528
23317 37.481110 13.729678 1544.958740
23318 37.440674 14.312876 1544.518555
23319 38.010567 13.732996 1544.428223
23320 37.935463 14.324370 1544.044800
23321 38.489136 13.830149 1543.891602
23322 38.793365 13.989770 1543.482178
23323 38.581974 13.232366 1544.195923
23324 38.056576 13.154010 1544.787964
23325 38.589027 12.621888 1544.560791
23326 39.127960 12.023926 1544.307495
23327 38.622822 12.003270 1544.881348
23328 39.127369 11.435747 1544.612549
23329 39.609200 11.431885 1544.074707
23330 40.154362 11.341458 1543.528320
23331 40.091545 10.797525 1543.840698
23332 40.693787 10.842443 1543.170166
23333 40.593849 11.701785 1542.905762
23334 41.146484 11.355351 1542.461914
23335 40.980141 12.071472 1542.319336
23336 41.562706 11.760428 1541.788452
23337 41.317265 12.524929 1541.677490
23338 41.878826 12.099918 1541.133911
23339 42.093903 11.426068 1541.214722
23340 42.194183 11.777189 1540.756104
23341 42.418526 11.218949 1540.674805
23342 42.062065 12.292095 1540.562866
23343 42.272617 10.865510 1541.228760
23344 42.519432 10.663896 1540.829346
23345 42.608578 10.722625 1540.445435
23346 42.654636 10.187624 1540.714355
23347 42.697964 10.223536 1540.309937
23348 42.718311 9.642427 1540.632813
23349 42.702599 9.750552 1540.280762
23350 42.654453 10.268654 1540.025391
23351 42.614479 9.899682 1539.973022
23352 42.631508 9.361699 1540.230225
23353 42.684544 9.152363 1540.560303
23354 42.573017 8.747280 1540.489746
23355 42.612011 8.467606 1540.925293
23356 42.485668 8.107814 1540.846802
23357 42.301121 8.324895 1540.385986
23358 42.260792 7.629765 1540.877808
23359 42.376183 7.589500 1541.146851
23360 42.220905 7.161089 1541.273438
23361 41.979771 7.057626 1541.015991
23362 42.018326 6.621651 1541.451050
23363 42.200832 6.844221 1541.634644
23364 42.049206 6.220574 1541.928223
23365 42.275730 6.975897 1541.873413
23366 42.136627 6.351375 1542.381836
23367 42.048038 5.584328 1542.577759
23368 42.062519 6.066065 1542.841064
23369 42.077187 6.711110 1542.799805
23370 42.241024 6.971510 1542.280151
23371 42.201756 7.386542 1542.467041
23372 41.899185 7.411877 1543.056519
23373 42.046150 7.958882 1542.676147
23374 42.328278 7.930469 1542.149658
23375 42.362705 7.456679 1541.995972
23376 42.483322 7.978668 1541.702637
23377 42.451839 8.475024 1541.801758
23378 42.596088 8.491623 1541.345825
23379 42.553204 9.047414 1541.443115
23380 42.259132 9.044371 1542.010742
23381 42.160500 8.478308 1542.350342
23382 41.839085 9.042232 1542.611328
23383 41.758694 8.459136 1542.936401
23384 41.692009 7.942706 1543.209351
23385 41.275402 8.374069 1543.578369
23386 41.443432 7.523387 1543.696655
23387 41.763924 6.805913 1543.447998
23388 41.414101 6.770445 1544.002808
23389 41.057785 7.245686 1544.303467
23390 41.059689 6.628971 1544.544922
23391 41.467224 6.070357 1544.183350
23392 41.691303 6.305342 1543.726685
23393 41.805397 5.784755 1543.687500
23394 41.693729 5.324354 1544.091431
23395 41.959980 5.101488 1543.570313
23396 41.896965 4.632799 1543.953979
23397 42.070618 4.467798 1543.467773
23398 42.073521 4.898842 1543.066284
23399 42.102379 4.447727 1543.040649
23400 42.019901 4.787010 1542.647095
23401 42.076443 4.154107 1542.887085
23402 41.956596 4.313183 1542.564941
23403 42.016670 3.904150 1542.755981
23404 41.831177 4.205789 1542.416870
23405 41.815311 3.611603 1542.553467
23406 41.526268 4.129438 1542.181763
23407 41.578533 4.694161 1542.042358
23408 41.094997 4.615885 1541.810547
23409 41.010571 4.047311 1541.986206
23410 40.538227 4.548411 1541.698975
23411 40.334560 3.944416 1541.916626
23412 39.804745 3.857741 1541.942871
23413 40.141441 3.282772 1542.150024
23414 39.304104 3.474239 1542.123535
23415 39.638706 2.774421 1542.349487
23416 40.220322 2.745144 1542.346558
23417 40.645756 2.958501 1542.299561
23418 40.648174 2.474600 1542.477661
23419 40.019897 2.249545 1542.521484
23420 40.532078 1.861829 1542.696655
23421 39.816235 1.581533 1542.767456
23422 39.242779 2.042142 1542.636719
23423 39.220669 1.327193 1542.895264
23424 38.734325 1.628630 1542.844971
23425 38.555538 1.117234 1543.070190
23426 38.098740 1.748706 1542.915894
23427 37.938004 1.289045 1543.138184
23428 37.480015 1.705492 1543.084717
23429 37.495674 1.165589 1543.332031
23430 36.962639 1.577589 1543.315796
23431 37.112515 1.088555 1543.526123
23432 36.539768 1.336353 1543.651245
23433 37.068520 0.733756 1543.775635
23434 36.625969 0.793342 1543.998535
23435 35.961281 1.262732 1544.061523
23436 36.108269 0.729184 1544.451416
23437 35.555206 1.121945 1544.506958
23438 35.728779 0.664909 1544.854248
23439 35.261150 0.885326 1545.019775
23440 34.689781 1.115016 1545.207886
23441 35.094776 0.560838 1545.535034
23442 34.477020 0.699988 1545.838745
23443 34.077824 1.338407 1545.352417
23444 33.767868 0.975661 1545.933594
23445 34.063961 0.492996 1546.299561
23446 34.560432 0.122593 1546.381470
23447 34.043041 0.025848 1546.759521
23448 33.447159 0.528627 1546.526855
23449 33.490818 -0.103075 1547.103882
23450 32.885017 0.178619 1547.014893
23451 32.953728 -0.341798 1547.472778
23452 33.436188 -0.712087 1547.644775
23453 32.704273 -0.964439 1548.074585
23454 32.530663 -0.549490 1547.740723
23455 32.318001 -0.173330 1547.421753
23456 32.121063 -0.727304 1547.946045
23457 31.601839 -0.492141 1547.733276
23458 31.549217 -0.978721 1548.200317
23459 32.035469 -1.216220 1548.409058
23460 31.526686 -1.397797 1548.615112
23461 30.956951 -1.282177 1548.486328
23462 30.932964 -0.781816 1547.970581
23463 30.083578 -1.082048 1548.218750
23464 30.456139 -1.621967 1548.844727
23465 31.170958 -1.801427 1549.048096
23466 30.538582 -2.083370 1549.412720
23467 31.103523 -2.322926 1549.654419
23468 30.516737 -2.390400 1549.832397
23469 31.042652 -2.721152 1550.171143
23470 30.305874 -2.632609 1550.249268
23471 30.070278 -2.290088 1549.768188
23472 29.599161 -2.492505 1550.268921
23473 30.012331 -2.845626 1550.743652
23474 29.429033 -2.784032 1551.017334
23475 28.942152 -2.513721 1550.798218
23476 28.895409 -2.236733 1550.160278
23477 28.340851 -2.196651 1550.682495
23478 28.418167 -2.412107 1551.300415
23479 27.892172 -2.045571 1551.172485
23480 27.931053 -2.175987 1551.757690
23481 28.495398 -2.592840 1551.920898
23482 28.083988 -2.370236 1552.437256
23483 27.509056 -1.838808 1552.416748
23484 27.705505 -2.028678 1553.069336
23485 27.295431 -1.565562 1552.742676
23486 27.372921 -1.569044 1553.385864
23487 27.682423 -1.893888 1553.860474
23488 28.058599 -2.381463 1553.664063
23489 28.030087 -2.217068 1554.536621
23490 27.719234 -1.727571 1554.504639
23491 27.436728 -1.474833 1553.995239
23492 27.536194 -1.353443 1554.526489
23493 27.263605 -1.092393 1554.050659
23494 27.419102 -0.969547 1554.604492
23495 27.136421 -0.625465 1554.141235
23496 27.370304 -0.556225 1554.712036
23497 27.090900 0.026537 1554.272461
23498 27.461060 -0.160241 1554.938477
23499 27.376869 0.483914 1554.760864
23500 27.741171 0.203416 1555.289795
23501 27.707975 0.825848 1555.107178
23502 28.137613 0.581596 1555.607422
23503 28.143764 1.222612 1555.399292
23504 27.744841 1.480480 1554.910645
23505 28.166832 1.865302 1555.144409
23506 27.770599 2.056441 1554.671143
23507 27.453917 1.701504 1554.465210
23508 27.386787 2.165824 1554.140137
23509 27.124870 1.568041 1554.028931
23510 27.391579 1.190746 1554.589600
23511 27.040497 0.860353 1554.113770
23512 26.769524 1.362213 1553.385376
23513 26.757126 0.477392 1553.491211
23514 26.538904 0.843019 1552.803223
23515 26.553940 1.476185 1552.739868
23516 26.408337 1.244646 1552.248169
23517 26.408001 0.562133 1552.115234
23518 26.593533 0.047089 1552.717407
23519 26.474228 0.002600 1551.836914
23520 26.821636 -0.652108 1552.922119
23521 26.853561 -0.259254 1553.534058
23522 27.026894 -0.838075 1553.561646
23523 27.082970 -1.166270 1553.105835
23524 27.212278 -1.227171 1553.615356
23525 26.323679 0.562825 1551.424561
23526 26.286291 0.638365 1550.779907
23527 26.248053 1.120797 1551.145264
23528 26.301380 1.130514 1551.654297
23529 26.252535 1.692654 1551.148315
23530 26.340887 1.736272 1551.756348
23531 26.329535 2.272070 1551.227905
23532 26.449263 2.321959 1551.853271
23533 26.466782 2.811102 1551.355225
23534 26.617529 2.882396 1551.959595
23535 26.606031 3.194558 1551.488037
23536 26.574688 3.358235 1550.942383
23537 26.397150 2.842907 1550.702026
23538 26.592215 3.542024 1550.180298
23539 26.775326 3.939095 1550.708740
23540 26.756020 3.684898 1551.332275
23541 26.908684 4.100461 1551.188477
23542 27.063519 4.545441 1550.757446
23543 26.919340 4.325149 1550.098755
23544 27.333015 5.134868 1550.112671
23545 27.120159 4.707981 1549.481445
23546 27.469225 5.409024 1549.379883
23547 27.015898 4.349035 1548.950073
23548 26.804033 4.009105 1549.489502
23549 26.780834 3.719445 1548.908936
23550 26.570477 3.358413 1549.457153
23551 26.379234 2.819850 1550.023438
23552 26.417801 2.752782 1549.439087
23553 26.273523 2.138865 1549.895508
23554 26.270947 2.243098 1550.572876
23555 26.220085 1.699733 1550.514404
23556 26.262753 1.422782 1549.800415
23557 26.238907 1.075807 1550.350586
23558 26.320030 0.917874 1549.761230
23559 26.435871 0.671792 1549.445557
23560 26.353649 1.168284 1549.403687
23561 26.507177 1.046501 1548.932495
23562 26.634251 0.428766 1549.041992
23563 26.747990 0.752344 1548.540405
23564 26.597090 1.483859 1548.537964
23565 26.919558 1.050815 1548.084717
23566 26.834017 1.821746 1548.004761
23567 26.621338 2.255967 1548.437256
23568 26.888824 2.579008 1547.916382
23569 26.731207 2.955519 1548.377441
23570 27.021978 3.339077 1547.881348
23571 26.853235 3.512226 1548.403442
23572 27.123217 3.868845 1547.950195
23573 27.018780 4.084736 1548.463135
23574 26.627747 3.189064 1548.879150
23575 26.550756 2.765281 1548.822876
23576 26.383484 1.922240 1549.127197
23577 27.630022 5.701488 1549.864624
23578 27.949568 6.257482 1550.072144
23579 27.678114 5.706800 1550.488159
23580 28.005131 6.195945 1550.798584
23581 27.756821 5.677988 1551.234863
23582 28.052517 6.080845 1551.492676
23583 27.888052 5.651152 1551.880127
23584 28.194448 6.096489 1551.995117
23585 28.439476 6.561323 1551.793579
23586 28.356886 6.660936 1551.131348
23587 28.741537 7.093595 1551.493042
23588 28.669245 7.204643 1550.865479
23589 28.277227 6.735906 1550.422485
23590 28.560244 7.339589 1550.140503
23591 29.039246 7.848420 1550.614136
23592 28.992102 7.529129 1551.183838
23593 29.386272 7.969051 1551.245117
23594 29.607065 8.406872 1550.877441
23595 29.842682 8.371198 1551.346558
23596 30.124596 8.650749 1551.263672
23597 30.086273 8.317307 1551.837036
23598 30.540943 8.594707 1551.838867
23599 30.594479 8.987902 1551.248657
23600 30.544779 9.392550 1550.725220
23601 31.137533 9.278835 1551.233154
23602 31.132256 9.711167 1550.767212
23603 31.714125 9.489595 1551.212402
23604 31.738073 9.953552 1550.762085
23605 31.111094 10.177709 1550.420044
23606 31.764734 10.500669 1550.374268
23607 30.994478 10.711785 1550.139893
23608 31.816635 11.185018 1550.031128
23609 31.021631 11.383496 1549.927124
23610 31.556061 11.846250 1549.774658
23611 30.844780 12.161028 1549.737549
23612 30.643591 12.921868 1549.557983
23613 30.063229 12.445354 1549.762939
23614 30.291344 11.628446 1549.872314
23615 29.552891 11.777600 1549.889526
23616 29.302111 12.433093 1549.857422
23617 29.570759 13.022814 1549.715942
23618 29.020859 12.937606 1549.820557
23619 28.554205 12.470887 1549.947510
23620 28.947895 11.921203 1549.929077
23621 28.342854 11.732026 1549.977905
23622 28.179047 11.129064 1549.915405
23623 27.556051 11.534099 1550.025757
23624 27.643213 10.835228 1549.865356
23625 27.796486 12.206590 1550.048462
23626 27.197252 12.070287 1550.106079
23627 26.661911 12.330386 1550.148193
23628 27.208933 12.642068 1550.083252
23629 26.577246 13.137081 1550.055420
23630 26.038511 12.547945 1550.164185
23631 25.872118 13.275232 1550.052734
23632 25.254450 13.369957 1550.030396
23633 25.651062 13.956806 1549.846313
23634 25.059252 13.969484 1549.841309
23635 24.768505 13.487420 1549.980957
23636 24.480400 13.947621 1549.825439
23637 24.766184 14.474834 1549.634033
23638 25.386740 14.459782 1549.642090
23639 25.079245 15.023684 1549.369629
23640 25.712214 15.017337 1549.352295
23641 25.396158 15.550064 1549.054321
23642 26.011772 15.572199 1548.996216
23643 24.981277 16.040194 1548.760376
23644 24.767630 15.584397 1549.062622
23645 24.466614 15.935955 1548.858154
23646 24.152237 15.598685 1549.064087
23647 24.452906 15.023749 1549.371704
23648 24.150204 14.438446 1549.621826
23649 26.341692 15.030541 1549.308228
23650 26.655163 15.588620 1548.921753
23651 26.986506 16.128841 1548.441650
23652 27.279449 15.533628 1548.878906
23653 26.967848 15.031603 1549.254150
23654 27.571297 14.992940 1549.206909
23655 27.886183 15.461880 1548.831299
23656 27.577284 15.868675 1548.555664
23657 28.589420 15.415551 1548.717407
23658 28.157705 14.953550 1549.141602
23659 28.767923 14.824462 1549.106812
23660 28.299236 14.408192 1549.429932
23661 28.918760 14.246414 1549.400757
23662 28.415852 13.820208 1549.666870
23663 29.122522 13.565859 1549.638794
23664 29.525175 14.118307 1549.335693
23665 29.788891 13.680359 1549.468140
23666 30.083488 13.124533 1549.599121
23667 28.492323 13.186342 1549.845825
23668 27.933661 13.429516 1549.857788
23669 27.862522 12.871698 1549.985718
23670 27.196554 13.302928 1549.969727
23671 27.702267 14.005981 1549.691406
23672 26.954124 13.901134 1549.804199
23673 27.299585 14.503955 1549.512329
23674 27.807859 14.569099 1549.418945
23675 26.646891 14.498590 1549.570435
23676 26.015968 14.482139 1549.613647
23677 26.299913 13.896141 1549.847778
23678 32.466751 10.734979 1550.280151
23679 32.399086 10.139667 1550.702148
23680 33.068832 10.258181 1550.582275
23681 33.138271 10.826304 1550.166138
23682 33.695461 10.260069 1550.452637
23683 33.770805 10.853028 1550.003784
23684 33.890839 11.421964 1549.594604
23685 34.441704 10.814979 1549.771362
23686 34.482761 11.390270 1549.366333
23687 33.997879 11.982398 1549.204956
23688 34.524033 11.937087 1548.988037
23689 34.080719 12.420040 1548.893799
23690 34.469902 12.462756 1548.668701
23691 34.496361 13.080185 1548.221436
23692 34.032547 13.544298 1548.142090
23693 34.484169 13.636005 1547.798462
23694 34.457050 14.172387 1547.347778
23695 35.016022 13.679749 1547.382202
23696 35.508533 13.681283 1546.969971
23697 35.575829 13.196709 1547.331299
23698 35.930859 13.281626 1546.931641
23699 35.948902 13.650532 1546.587891
23700 36.368690 13.171979 1546.585327
23701 36.212330 12.689864 1547.138916
23702 36.814659 12.570260 1546.587769
23703 36.781670 11.959302 1547.078735
23704 37.303032 11.943219 1546.482178
23705 37.314625 12.508420 1546.065430
23706 36.843498 13.130141 1546.113403
23707 37.508316 13.027411 1545.465210
23708 37.759869 12.375380 1545.644043
23709 38.121979 12.524945 1545.133301
23710 38.186111 11.828826 1545.493652
23711 38.684044 11.381297 1545.160767
23712 38.388481 11.246028 1545.597290
23713 38.704330 10.832601 1545.440186
23714 39.105869 10.858030 1544.937012
23715 39.566299 10.867309 1544.394043
23716 39.529812 10.322908 1544.704346
23717 39.940388 10.363320 1544.209961
23718 40.462727 10.101546 1543.746094
23719 40.006569 9.753807 1544.423706
23720 40.563801 9.350863 1543.976074
23721 40.205746 9.052114 1544.526733
23722 40.717171 8.692986 1544.099854
23723 40.347313 8.306382 1544.706787
23724 39.846642 8.805169 1545.067993
23725 39.877655 8.149422 1545.337402
23726 40.292145 7.585392 1545.093872
23727 40.641907 7.653008 1544.645752
23728 40.934826 8.082298 1544.111572
23729 40.685364 6.993024 1544.870728
23730 40.294109 6.946110 1545.365845
23731 39.899914 7.477836 1545.612305
23732 39.908844 6.841095 1545.877319
23733 39.494102 7.376131 1546.154785
23734 39.507477 6.764363 1546.404419
23735 39.025391 7.329278 1546.770264
23736 39.121624 6.606979 1546.961914
23737 38.782791 6.871863 1547.289551
23738 38.970451 6.158199 1547.355591
23739 38.562756 6.516166 1547.742310
23740 38.658161 5.981080 1547.851318
23741 38.923851 5.526016 1547.699951
23742 38.481716 5.573182 1548.276123
23743 38.802238 5.005908 1548.097534
23744 39.257065 4.925920 1547.537109
23745 39.370289 5.509088 1547.125610
23746 39.797787 4.816209 1546.894409
23747 39.533878 4.342386 1547.455688
23748 40.012989 4.047944 1546.989136
23749 40.322517 4.435844 1546.403687
23750 40.255417 5.005556 1546.231201
23751 39.844364 5.544963 1546.510010
23752 40.294544 5.676484 1545.896118
23753 39.885437 6.189373 1546.182983
23754 39.451946 6.121990 1546.751587
23755 40.331703 6.316348 1545.584229
23756 40.799290 5.799243 1545.216064
23757 40.711891 6.457916 1545.057617
23758 41.099602 6.108798 1544.696777
23759 41.344894 5.537461 1544.580078
23760 41.160385 5.066730 1545.033081
23761 41.602982 4.815404 1544.462036
23762 41.431656 4.368383 1544.921875
23763 41.852818 4.051794 1544.298340
23764 42.074127 4.049614 1543.678711
23765 42.080017 3.486194 1543.863892
23766 42.134674 3.646686 1543.415649
23767 42.125408 4.067961 1543.208496
23768 42.098858 3.748140 1543.018555
23769 42.087669 3.256078 1543.154541
23770 42.008297 3.442746 1542.865356
23771 41.982880 2.932133 1543.035278
23772 41.844799 3.088324 1542.759644
23773 41.644451 3.065190 1542.591431
23774 41.414078 3.524483 1542.305420
23775 41.211220 2.897769 1542.444092
23776 40.852924 3.434992 1542.160889
23777 41.520439 2.505812 1542.735962
23778 41.112480 2.212231 1542.682739
23779 41.426666 1.997717 1542.914795
23780 41.061409 1.594319 1542.928345
23781 41.487778 1.469064 1543.214111
23782 41.068310 0.968708 1543.202759
23783 40.461792 1.212680 1542.944092
23784 40.415390 0.530571 1543.221069
23785 39.761417 0.851491 1543.048218
23786 39.705196 0.079610 1543.382568
23787 39.160416 0.640482 1543.172974
23788 38.933884 0.065041 1543.472168
23789 38.608711 0.537008 1543.309692
23790 38.187607 0.184793 1543.607910
23791 38.609795 -0.433028 1543.834351
23792 37.980633 -0.327211 1544.017334
23793 37.545425 0.212196 1543.868164
23794 37.379784 -0.203430 1544.278442
23795 37.065479 0.380386 1544.029297
23796 36.682968 0.261773 1544.411377
23797 36.826683 -0.248875 1544.761719
23798 36.171982 0.190576 1544.943848
23799 36.446606 -0.356543 1545.229980
23800 35.964603 -0.142764 1545.494507
23801 35.585510 0.370393 1545.314697
23802 35.460743 0.063778 1545.757813
23803 35.757019 -0.460268 1545.999634
23804 36.360546 -0.768598 1545.707275
23805 36.020119 -0.989555 1546.217285
23806 35.527634 -0.635426 1546.351074
23807 35.383587 -0.227478 1546.110352
23808 35.070488 -0.292568 1546.414917
23809 35.012836 0.165605 1546.024902
23810 34.654343 -0.494119 1546.866211
23811 35.232605 -0.736872 1546.664307
23812 35.136932 -1.133883 1547.030762
23813 34.550220 -1.097269 1547.389648
23814 34.023735 -0.563832 1547.271606
23815 34.005360 -1.144520 1547.730835
23816 33.426872 -1.285735 1548.115601
23817 34.092552 -1.745128 1548.127563
23818 33.559246 -1.787307 1548.448364
23819 33.067829 -1.596652 1548.508057
23820 33.328869 -2.019378 1548.744995
23821 32.867588 -2.051046 1548.966919
23822 32.436382 -1.600458 1548.697021
23823 32.281601 -2.085956 1549.187866
23824 31.874212 -1.709667 1548.900146
23825 31.709402 -2.156620 1549.379517
23826 32.090336 -2.420929 1549.565552
23827 31.665527 -2.576108 1549.840576
23828 32.220810 -2.805661 1549.905396
23829 31.753159 -3.006532 1550.291504
23830 31.310444 -3.228771 1550.729858
23831 30.668348 -3.000076 1550.690308
23832 30.873310 -3.431994 1551.219116
23833 30.334372 -3.191397 1551.175171
23834 29.815344 -3.029218 1551.244019
23835 29.859098 -3.257304 1551.679688
23836 29.411472 -3.014610 1551.632446
23837 29.333973 -3.236929 1552.340576
23838 28.968933 -2.906281 1552.023804
23839 28.644098 -2.819803 1552.581665
23840 28.955465 -2.740128 1551.471680
23841 28.981380 -3.215624 1553.100342
23842 29.530920 -3.640169 1552.942505
23843 29.159891 -3.593348 1553.626953
23844 28.749382 -3.175838 1553.822876
23845 28.492346 -2.823841 1553.389160
23846 28.359600 -2.731970 1554.130859
23847 28.658270 -3.186884 1554.494141
23848 28.418697 -2.762272 1555.012695
23849 28.653637 -3.273081 1555.156982
23850 28.505253 -2.710302 1555.656006
23851 28.694613 -3.244084 1555.881226
23852 28.770895 -2.724880 1556.409302
23853 28.886593 -3.435637 1556.565308
23854 28.834389 -3.879962 1556.032227
23855 28.945980 -4.053676 1556.624634
23856 28.951063 -4.573183 1556.168701
23857 28.925392 -4.210503 1555.507080
23858 29.090603 -4.859059 1555.495239
23859 29.205477 -4.485632 1554.771606
23860 29.328495 -5.089594 1554.992920
23861 29.281298 -5.499671 1555.432129
23862 29.104458 -5.331838 1556.025635
23863 29.301487 -5.957454 1555.885376
23864 29.243458 -5.857503 1556.390747
23865 29.098751 -5.226494 1556.566406
23866 29.337404 -5.665918 1556.892700
23867 29.192343 -5.032548 1556.976318
23868 29.053530 -4.631168 1556.804077
23869 29.218716 -4.565746 1557.166504
23870 29.111376 -4.201138 1557.038452
23871 29.282499 -4.064384 1557.304565
23872 29.141411 -3.657744 1557.103516
23873 29.363770 -3.570915 1557.366943
23874 29.120384 -3.172889 1557.026855
23875 29.470438 -3.048629 1557.382935
23876 29.200344 -2.553819 1557.045410
23877 28.868376 -2.046981 1556.608154
23878 28.489416 -2.202738 1555.978027
23879 28.505764 -1.660040 1556.152832
23880 28.914165 -1.413965 1556.608643
23881 29.465996 -1.787601 1557.110718
23882 29.443373 -0.976631 1556.903198
23883 28.833982 -0.812626 1556.459351
23884 28.520496 -1.191664 1556.204468
23885 28.260088 -0.691825 1555.930298
23886 28.160540 -1.235662 1555.766479
23887 28.147461 -1.770898 1555.527954
23888 27.844725 -1.203998 1555.301270
23889 27.805838 -1.555991 1554.979126
23890 27.651787 -1.177387 1554.960449
23891 27.633055 -0.907735 1555.067139
23892 27.857588 -0.853374 1555.435791
23893 27.616426 -0.553464 1555.138916
23894 27.818632 -0.362995 1555.428955
23895 28.175663 -0.044400 1555.783447
23896 28.709879 -0.235818 1556.262085
23897 28.631319 0.355957 1556.058716
23898 28.595221 0.946666 1555.844116
23899 29.088421 0.689691 1556.229858
23900 29.013933 1.240543 1555.985352
23901 29.516764 1.186069 1556.237061
23902 29.298229 1.710914 1555.928467
23903 28.685604 1.623206 1555.636108
23904 29.082684 2.104340 1555.646851
23905 29.614256 2.268787 1555.802490
23906 29.184158 2.649784 1555.433716
23907 28.655281 2.281095 1555.310181
23908 28.677326 2.899608 1555.005493
23909 29.224287 3.300393 1555.117065
23910 28.680660 3.552279 1554.646484
23911 28.198847 3.086398 1554.525635
23912 28.217297 3.596096 1554.237183
23913 28.561380 4.159965 1554.206787
23914 27.955826 3.876675 1553.781250
23915 27.834663 3.274896 1554.036621
23916 27.472807 3.430774 1553.446899
23917 27.611525 4.099484 1553.136230
23918 27.143192 3.486631 1552.804199
23919 27.187664 3.871841 1552.520752
23920 26.855474 3.469224 1552.077515
23921 27.026987 4.073318 1551.785522
23922 27.392479 4.623079 1552.100342
23923 27.195190 4.593124 1551.442505
23924 27.553486 5.163939 1551.676392
23925 27.842278 5.233789 1552.421631
23926 28.192507 5.839356 1552.415283
23927 28.293892 5.562089 1552.927734
23928 28.631350 6.167532 1552.864746
23929 28.523407 6.393210 1552.365112
23930 29.023716 6.730077 1552.855713
23931 29.099253 6.427573 1553.247437
23932 29.348080 6.807196 1553.179443
23933 29.524799 6.647771 1553.463501
23934 29.366604 6.169673 1553.664917
23935 29.880379 6.481427 1553.785400
23936 29.868067 6.864336 1553.530029
23937 29.662226 7.000771 1553.287842
23938 30.041271 7.218925 1553.348267
23939 29.813728 7.273124 1553.150269
23940 30.146025 7.528355 1553.112793
23941 29.817816 7.603012 1552.759521
23942 30.268251 7.896716 1552.746094
23943 29.964857 7.979279 1552.326050
23944 30.417715 8.253730 1552.318481
23945 30.749176 8.118703 1552.718262
23946 30.916807 8.489323 1552.271240
23947 31.074259 8.874818 1551.764404
23948 31.478807 8.704056 1552.163330
23949 31.628353 9.064139 1551.714600
23950 32.021748 8.791519 1552.116455
23951 32.223839 9.162488 1551.676758
23952 32.293728 9.612770 1551.179077
23953 32.838058 9.165419 1551.632202
23954 32.942398 9.679465 1551.096436
23955 33.503506 9.144540 1551.484863
23956 33.578732 9.685668 1550.960205
23957 34.110752 9.138917 1551.240723
23958 34.214382 9.692757 1550.715454
23959 34.431202 10.165473 1550.243896
23960 34.709343 9.570915 1550.550903
23961 35.084484 9.698634 1550.209473
23962 35.008904 10.230506 1549.869263
23963 35.022717 10.804120 1549.456543
23964 35.522484 10.248468 1549.481812
23965 35.556469 10.759243 1549.102661
23966 35.062767 11.361668 1549.052979
23967 35.711338 11.291884 1548.612793
23968 35.081673 11.945601 1548.645142
23969 35.647911 11.988390 1548.184448
23970 35.071320 12.555297 1548.226563
23971 35.633961 12.607178 1547.746338
23972 35.052330 13.141582 1547.800415
23973 36.225975 12.005219 1547.638672
23974 36.219986 11.415860 1548.059570
23975 36.744957 11.395702 1547.513672
23976 37.216034 11.298859 1547.025879
23977 37.127686 10.810233 1547.452393
23978 37.576225 10.739924 1546.936157
23979 37.669773 11.265644 1546.486450
23980 37.709408 11.880181 1546.035889
23981 38.065689 11.274191 1545.982300
23982 38.111717 10.625335 1546.314331
23983 38.370129 10.866715 1545.840576
23984 38.622219 10.379838 1545.793091
23985 39.070656 10.327612 1545.256592
23986 38.999474 9.817291 1545.612061
23987 39.471531 9.791329 1545.038818
23988 39.795532 9.338259 1544.872681
23989 39.420670 9.277065 1545.358032
23990 39.421783 8.682955 1545.645996
23991 38.972244 9.243056 1545.942139
23992 38.954521 8.572725 1546.293579
23993 39.464367 8.023280 1545.901733
23994 39.140190 7.892189 1546.371216
23995 38.738659 8.091184 1546.803955
23996 38.563972 7.585672 1547.266968
23997 38.283913 8.322278 1547.309692
23998 38.142361 7.779250 1547.758911
23999 38.392918 7.136469 1547.700439
24000 37.975422 7.301722 1548.214111
24001 38.182041 6.751185 1548.167603
24002 37.845478 6.851226 1548.609863
24003 38.025177 6.462438 1548.523804
24004 38.320599 6.231322 1548.205322
24005 38.063442 5.955398 1548.696777
24006 37.767635 6.360986 1548.951904
24007 37.762875 5.797853 1549.210815
24008 37.416229 6.327094 1549.507324
24009 37.423367 5.646214 1549.792114
24010 37.797588 5.173558 1549.418091
24011 38.126427 5.350928 1548.872559
24012 38.216709 4.730974 1549.004028
24013 38.471794 5.027399 1548.532715
24014 38.676025 4.552454 1548.466553
24015 39.096676 4.416590 1547.981079
24016 38.921394 4.089571 1548.355103
24017 38.580681 4.088743 1548.785767
24018 38.979134 3.588154 1548.507935
24019 38.576115 3.523685 1549.019531
24020 38.976669 2.991668 1548.777588
24021 39.503605 3.048281 1548.145630
24022 39.391811 2.358366 1548.623047
24023 40.029854 2.178483 1548.031982
24024 39.744972 1.624949 1548.640381
24025 40.266026 1.460990 1548.214600
24026 40.215713 0.952982 1548.555176
24027 40.746223 0.871762 1548.082275
24028 40.597191 0.220865 1548.594482
24029 40.115524 0.557439 1548.836792
24030 40.214706 -0.034198 1548.997314
24031 40.725891 -0.508173 1548.779297
24032 41.054115 -0.295749 1548.418945
24033 41.305084 -0.929348 1548.401489
24034 40.822632 -1.336591 1548.903687
24035 41.311741 -1.594631 1548.504150
24036 41.634632 -1.366448 1548.114502
24037 41.739552 -0.879629 1547.859131
24038 41.430855 -0.390713 1548.060913
24039 41.740711 -0.396046 1547.632080
24040 42.009033 -0.808202 1547.343994
24041 42.032242 -0.334400 1546.993530
24042 42.213726 -0.761875 1546.703369
24043 42.202274 -0.259204 1546.302856
24044 41.962715 0.215318 1546.673706
24045 42.123505 0.325540 1545.944214
24046 42.244209 -0.179270 1545.623047
24047 42.157864 0.480445 1545.328857
24048 41.972351 1.066480 1545.677246
24049 41.800720 0.863258 1546.422363
24050 41.592178 1.594180 1546.203857
24051 41.354416 1.364891 1546.856323
24052 41.064861 2.152708 1546.694092
24053 41.428295 2.362024 1545.932861
24054 40.965576 2.986446 1546.286255
24055 41.375706 3.148360 1545.553467
24056 40.978012 3.589305 1545.937134
24057 41.206821 3.937033 1545.441406
24058 40.772758 4.206457 1545.922974
24059 40.532494 3.670635 1546.505981
24060 40.597828 4.721766 1545.920898
24061 40.985222 4.590806 1545.468628
24062 40.707024 5.202561 1545.577637
24063 41.613022 3.650216 1544.918945
24064 41.737934 3.004335 1544.963501
24065 41.662010 2.529271 1545.368774
24066 41.885532 2.339899 1544.931030
24067 41.836517 1.806760 1545.433716
24068 42.018963 1.742977 1544.785156
24069 42.038761 2.239051 1544.380371
24070 41.953377 2.751922 1544.539673
24071 42.079376 2.862748 1543.996582
24072 41.927383 3.305268 1544.405640
24073 42.117889 3.080683 1543.549927
24074 42.074959 2.369479 1543.813354
24075 42.035984 2.652343 1543.343384
24076 41.948090 1.759101 1543.677368
24077 41.921154 2.336622 1543.255005
24078 41.679813 1.387658 1543.435669
24079 41.672401 2.156577 1543.022217
24080 41.486614 0.755097 1543.540405
24081 41.661018 0.439881 1543.846924
24082 41.377396 0.022309 1543.803833
24083 40.998600 0.273503 1543.485718
24084 40.974823 -0.318993 1543.765503
24085 40.406403 -0.180669 1543.548218
24086 40.574474 -0.776219 1543.901245
24087 39.931370 -0.673002 1543.774292
24088 40.204124 -1.287407 1544.177368
24089 39.532406 -1.168476 1544.110596
24090 39.295460 -0.540684 1543.740845
24091 38.954166 -0.995800 1544.105103
24092 38.383076 -0.848431 1544.204102
24093 38.732117 -1.283755 1544.392334
24094 39.223228 -1.527088 1544.434937
24095 38.790852 -1.770186 1544.775391
24096 38.223564 -1.199421 1544.560791
24097 38.058880 -1.601390 1545.007324
24098 38.396767 -2.051621 1545.217529
24099 37.850262 -1.970465 1545.482666
24100 37.428467 -1.429811 1545.320923
24101 37.193680 -1.788418 1545.830933
24102 36.898670 -1.231567 1545.609009
24103 36.952572 -0.797129 1545.162109
24104 36.607651 -1.430109 1546.044067
24105 37.630268 -1.084644 1544.848022
24106 37.318687 -0.631356 1544.690552
24107 37.820705 -0.746781 1544.428223
24108 36.920696 -2.215834 1546.397095
24109 36.202518 -1.624767 1546.546387
24110 35.640278 -1.119551 1546.640381
24111 35.680344 -1.694494 1547.015381
24112 35.036808 -1.708512 1547.495850
24113 35.699623 -2.299901 1547.405273
24114 35.127705 -2.330439 1547.845459
24115 34.667252 -1.900515 1547.876221
24116 34.587322 -2.345798 1548.236816
24117 33.914452 -2.312882 1548.650146
24118 34.551758 -2.884256 1548.644531
24119 33.938976 -2.948455 1549.117554
24120 33.327629 -2.452568 1549.094727
24121 33.325531 -3.009585 1549.553101
24122 32.674927 -2.535624 1549.470825
24123 32.732021 -3.123193 1549.975952
24124 32.270020 -3.216267 1550.292480
24125 32.654198 -3.692185 1550.540405
24126 31.952543 -3.477503 1550.712524
24127 32.166195 -4.006051 1551.122437
24128 32.807636 -4.314740 1551.009399
24129 32.384583 -4.477963 1551.427490
24130 32.877617 -4.835216 1551.424072
24131 32.292442 -4.873020 1551.838623
24132 31.755629 -4.357240 1551.725220
24133 31.691038 -5.010818 1552.360107
24134 31.130392 -4.475889 1552.289673
24135 31.043959 -5.092899 1552.901855
24136 30.610550 -4.492100 1552.752197
24137 30.546066 -4.029049 1552.286499
24138 30.093033 -4.097738 1552.857666
24139 29.970610 -3.638646 1552.306763
24140 30.430305 -3.583582 1551.754150
24141 31.032764 -3.924006 1551.759521
24142 31.518353 -3.731617 1551.221191
24143 29.647100 -4.097519 1553.476563
24144 30.234526 -4.696764 1553.326050
24145 29.639997 -4.579534 1554.000000
24146 30.055420 -5.203415 1553.931274
24147 29.591675 -5.075294 1554.481812
24148 29.235027 -3.982465 1554.121948
24149 28.911797 -3.745363 1554.751953
24150 28.928568 -3.534740 1554.209351
24151 29.908508 -5.631803 1554.397705
24152 30.402742 -5.822556 1553.979126
24153 30.193022 -6.110066 1554.379761
24154 29.833096 -6.088049 1554.803223
24155 29.538628 -5.567981 1554.913086
24156 29.504492 -6.067642 1555.362671
24157 29.868687 -6.562890 1555.144165
24158 29.619362 -6.513228 1555.605835
24159 29.494780 -6.457162 1556.144287
24160 29.771488 -6.805258 1555.776367
24161 29.809549 -6.842453 1556.141968
24162 30.077465 -7.075288 1555.701904
24163 30.091797 -7.051863 1556.029053
24164 30.387901 -7.219396 1555.767700
24165 30.437891 -7.253977 1555.489258
24166 30.333887 -7.164290 1555.308716
24167 30.701542 -7.306207 1555.203857
24168 30.728432 -7.327147 1555.430054
24169 31.024979 -7.341183 1555.096558
24170 31.082884 -7.344419 1555.288940
24171 31.368641 -7.313552 1555.010498
24172 31.277096 -7.283971 1554.808960
24173 31.709480 -7.202728 1554.645386
24174 31.767717 -7.215106 1554.927856
24175 31.393461 -7.283503 1555.295044
24176 31.770113 -7.160579 1555.245483
24177 31.423389 -7.138527 1555.658325
24178 30.885138 -7.258279 1555.721436
24179 30.999445 -6.988903 1556.146484
24180 30.380400 -7.035751 1556.215576
24181 30.611629 -6.672676 1556.627319
24182 31.203917 -6.505276 1556.555542
24183 30.802088 -6.229005 1556.930176
24184 30.337961 -6.223711 1557.025146
24185 30.168064 -6.609320 1556.721802
24186 29.902048 -6.155729 1557.028320
24187 30.065847 -5.652142 1557.341553
24188 30.641901 -5.612011 1557.326782
24189 30.262440 -5.079226 1557.578369
24190 29.907536 -5.135292 1557.516846
24191 29.994392 -4.639021 1557.667725
24192 29.680714 -4.886171 1557.503052
24193 29.643005 -5.545004 1557.251587
24194 29.353310 -4.974151 1557.230835
24195 29.618952 -6.118746 1556.905029
24196 29.830530 -6.505159 1556.722656
24197 29.638170 -6.459696 1556.608765
24198 29.803268 -6.717577 1556.438232
24199 29.636162 -6.585505 1556.408813
24200 29.978088 -6.905542 1556.276123
24201 29.998571 -6.788815 1556.481323
24202 29.447048 -6.240407 1556.560425
24203 29.492447 -6.140550 1556.748535
24204 29.388784 -4.442124 1557.388550
24205 29.761684 -4.299643 1557.649170
24206 29.548655 -3.927653 1557.545044
24207 29.817516 -3.849621 1557.688354
24208 29.667274 -3.495508 1557.589600
24209 30.036282 -3.485735 1557.739868
24210 29.902609 -3.029234 1557.632202
24211 29.726496 -2.526204 1557.442261
24212 30.264853 -2.558201 1557.648926
24213 30.163160 -1.915391 1557.468384
24214 30.102016 -1.181884 1557.243042
24215 30.652292 -1.452457 1557.435669
24216 30.691826 -0.808655 1557.245117
24217 30.126005 -0.385564 1557.001953
24218 30.789370 -0.179715 1557.038208
24219 30.420534 0.148744 1556.877197
24220 29.848707 0.199911 1556.719849
24221 30.391550 0.727658 1556.655396
24222 30.937214 0.342112 1556.848267
24223 31.061647 0.936940 1556.611450
24224 30.685379 1.273263 1556.466919
24225 31.155006 1.543526 1556.352051
24226 30.639952 1.780611 1556.250122
24227 31.153223 2.349297 1556.005737
24228 30.307018 2.375471 1555.941528
24229 29.894060 1.755374 1556.124878
24230 29.843599 2.995986 1555.529785
24231 30.655359 3.006864 1555.692261
24232 30.273952 3.610919 1555.338257
24233 29.720661 3.612843 1555.174194
24234 29.258814 4.016280 1554.757324
24235 29.997791 4.083183 1555.031494
24236 29.724228 4.628400 1554.662476
24237 29.075026 4.559316 1554.358521
24238 28.780764 4.862815 1553.970703
24239 28.202091 4.540015 1553.613159
24240 28.509190 5.226978 1553.484375
24241 29.171991 5.516141 1553.904541
24242 28.814632 5.876594 1553.362183
24243 29.855076 5.912144 1554.081909
24244 29.783764 5.308630 1554.349365
24245 30.456913 5.558776 1554.438599
24246 30.521198 6.262276 1554.110107
24247 31.168072 5.717291 1554.438843
24248 31.296717 6.344895 1554.134644
24249 30.818415 6.888422 1553.812500
24250 30.247780 6.877066 1553.689087
24251 30.436785 7.340041 1553.416870
24252 31.028507 7.440667 1553.459229
24253 30.606197 7.733735 1553.112061
24254 31.148642 7.902605 1553.067871
24255 31.299690 8.310794 1552.637085
24256 31.631714 8.068723 1552.930298
24257 31.838085 8.417982 1552.557129
24258 32.132153 8.003256 1552.948608
24259 32.388081 8.387181 1552.538574
24260 32.623516 8.718460 1552.149414
24261 32.869682 8.289536 1552.519409
24262 33.323860 8.538293 1552.135742
24263 33.312954 7.865677 1552.721191
24264 33.966915 7.943528 1552.348999
24265 34.036762 8.564760 1551.791626
24266 34.594524 7.967818 1551.940674
24267 34.653675 8.557516 1551.423950
24268 35.240467 7.920106 1551.458374
24269 35.189556 8.565822 1551.003906
24270 34.666058 9.122122 1550.943848
24271 35.165730 9.132391 1550.578857
24272 35.637012 8.587267 1550.578003
24273 35.624695 9.140199 1550.182983
24274 35.569962 9.715319 1549.817871
24275 36.082096 9.156958 1549.715088
24276 35.995861 9.754088 1549.398315
24277 35.910366 10.250132 1549.143799
24278 36.408115 9.902840 1548.868164
24279 36.085785 10.609226 1548.735962
24280 36.574436 10.400978 1548.362793
24281 36.903046 9.818772 1548.346924
24282 37.022110 10.320864 1547.890625
24283 37.330074 9.718034 1547.867432
24284 37.454731 10.245143 1547.393799
24285 36.670395 10.862823 1547.954468
24286 37.723743 9.686687 1547.366577
24287 37.904373 10.121064 1546.879517
24288 38.483559 9.843233 1546.267212
24289 38.122673 9.518077 1546.924072
24290 38.596981 9.210557 1546.449585
24291 38.454456 8.798027 1546.847534
24292 38.026653 8.975514 1547.339355
24293 37.890152 8.418930 1547.807495
24294 37.613712 9.083999 1547.845825
24295 37.461548 8.555669 1548.334961
24296 37.707191 7.914965 1548.311890
24297 37.320305 7.981920 1548.834106
24298 37.581879 7.418434 1548.734131
24299 37.200584 7.409512 1549.306763
24300 37.469143 6.878057 1549.164551
24301 37.101204 6.849045 1549.747437
24302 36.790020 7.387480 1549.930298
24303 36.874878 7.957345 1549.482544
24304 36.460201 7.953149 1550.053345
24305 36.342110 7.305763 1550.619019
24306 36.734497 6.747438 1550.365723
24307 36.392952 6.535171 1550.981323
24308 36.716713 6.064268 1550.719360
24309 36.369511 5.896698 1551.296021
24310 36.686104 5.400990 1551.005493
24311 37.062717 5.523263 1550.397217
24312 37.007687 4.757483 1550.711792
24313 37.430405 4.998917 1550.020386
24314 37.076000 6.210075 1550.095581
24315 37.440891 4.339790 1550.204468
24316 37.806721 4.518289 1549.644775
24317 37.801888 3.909269 1549.845703
24318 38.185486 4.031712 1549.312256
24319 38.149609 3.414824 1549.568359
24320 38.500542 2.902201 1549.342529
24321 38.023144 2.844592 1549.891846
24322 38.383110 2.322392 1549.666504
24323 38.828465 2.399265 1549.186523
24324 38.826527 1.699359 1549.452271
24325 39.229069 1.911064 1548.994751
24326 39.349564 1.458679 1549.079102
24327 39.739178 1.036209 1548.931641
24328 39.211884 1.003224 1549.369751
24329 39.695835 0.459174 1549.195313
24330 39.184296 0.340210 1549.603149
24331 39.718929 -0.181601 1549.383911
24332 40.237911 -0.732575 1549.189209
24333 39.719727 -0.881283 1549.555420
24334 40.197792 -1.450365 1549.356689
24335 40.641563 -2.022759 1549.102783
24336 41.044525 -1.880369 1548.765625
24337 40.981235 -2.464146 1548.774658
24338 41.327152 -2.123164 1548.458008
24339 41.526505 -1.851567 1548.252808
24340 41.595520 -2.241116 1548.048828
24341 41.827465 -1.747473 1547.813232
24342 41.933498 -1.274072 1547.632080
24343 42.035877 -1.612727 1547.391968
24344 42.154758 -1.222850 1547.080688
24345 42.161221 -1.659497 1546.907349
24346 41.917297 -2.115257 1547.422119
24347 42.063534 -2.049815 1546.788818
24348 42.208187 -1.627987 1546.375488
24349 42.097183 -1.933300 1546.312988
24350 42.152378 -1.638093 1545.961670
24351 42.001347 -2.003697 1546.050903
24352 42.032799 -1.700792 1545.678589
24353 41.826996 -2.051184 1545.731812
24354 41.848537 -1.524793 1545.184204
24355 41.518749 -1.892058 1545.173828
24356 41.584869 -1.393560 1544.791870
24357 41.121323 -1.670754 1544.708130
24358 41.288120 -1.126986 1544.388428
24359 41.613407 -0.859739 1544.449951
24360 41.893673 -1.155818 1544.951660
24361 41.903435 -0.447378 1544.551880
24362 42.076778 -0.748046 1545.004395
24363 42.049294 -0.233151 1544.713013
24364 41.914120 0.137226 1544.312744
24365 41.660515 -0.215472 1544.150391
24366 41.917789 0.963522 1543.987549
24367 42.036140 0.421947 1544.464966
24368 42.031315 1.127533 1544.264771
24369 42.115616 0.714182 1544.783569
24370 42.164265 0.046104 1544.997925
24371 42.204922 -0.655677 1545.319702
24372 42.289009 -0.706793 1546.009888
24373 42.254719 -1.210850 1545.920776
24374 42.116791 -1.258940 1545.430420
24375 42.270622 -1.228962 1546.440186
24376 42.062481 1.159765 1545.093994
24377 42.074001 1.292939 1544.636963
24378 42.057503 1.739384 1544.230591
24379 41.354740 -0.571712 1544.091309
24380 41.028770 -0.808464 1544.058716
24381 40.801296 -1.284056 1544.285522
24382 40.544132 -1.858001 1544.668579
24383 40.929680 -2.212975 1545.127319
24384 40.225285 -2.223122 1544.954346
24385 39.871094 -1.723163 1544.501099
24386 39.494564 -2.155405 1544.922974
24387 40.008320 -2.651579 1545.383179
24388 39.314434 -2.802372 1545.607056
24389 38.914021 -2.378011 1545.292358
24390 38.918762 -2.913086 1545.823975
24391 38.334793 -2.465403 1545.636597
24392 38.273209 -2.979405 1546.152466
24393 37.667175 -2.398623 1545.989990
24394 37.534161 -3.007295 1546.595093
24395 36.915482 -2.913844 1546.935303
24396 36.294971 -2.281870 1546.938843
24397 36.316502 -2.900483 1547.356689
24398 35.738407 -2.897633 1547.780884
24399 36.359386 -3.475023 1547.750977
24400 35.792564 -3.494619 1548.174805
24401 35.151909 -2.865007 1548.192993
24402 35.175865 -3.489169 1548.633057
24403 34.572285 -3.505488 1549.100586
24404 35.222610 -4.100076 1549.105103
24405 34.625671 -4.120876 1549.574097
24406 33.966335 -3.537269 1549.567139
24407 33.991329 -4.146010 1550.062134
24408 33.332325 -3.595934 1550.042969
24409 33.358913 -4.184767 1550.533813
24410 33.953358 -4.670401 1550.556519
24411 33.403843 -4.723393 1550.977173
24412 33.886444 -5.047838 1550.952393
24413 34.394356 -5.169089 1550.742310
24414 34.676395 -4.776966 1550.154419
24415 35.023205 -5.415079 1550.643799
24416 34.637154 -5.650407 1551.139526
24417 34.123608 -5.390593 1551.140869
24418 34.155949 -5.829991 1551.604004
24419 33.545769 -5.299763 1551.409668
24420 33.524796 -5.834503 1551.967407
24421 33.994957 -6.130430 1552.086792
24422 33.562965 -6.234040 1552.455200
24423 32.917400 -5.933578 1552.422607
24424 32.953880 -6.365443 1552.924438
24425 32.289227 -6.060294 1552.892334
24426 32.273434 -5.481667 1552.376831
24427 32.872906 -5.391114 1551.922363
24428 31.697390 -5.645566 1552.875366
24429 31.693623 -6.290918 1553.415649
24430 31.240316 -5.751036 1553.260010
24431 31.013803 -6.143687 1553.705322
24432 30.651691 -5.451142 1553.502930
24433 30.636873 -6.410840 1554.182495
24434 31.252138 -6.642488 1553.960327
24435 30.828138 -6.977196 1554.530640
24436 30.210920 -6.552219 1554.683716
24437 30.285761 -6.970735 1555.021484
24438 29.965778 -6.899664 1555.426636
24439 30.691177 -7.211423 1554.955566
24440 31.122505 -7.205521 1554.670776
24441 30.947042 -7.300690 1554.964111
24442 31.574240 -7.148667 1554.465332
24443 31.439499 -7.013309 1554.270874
24444 31.865736 -6.971458 1554.118042
24445 32.091854 -7.022863 1554.242065
24446 32.229149 -7.055871 1554.494629
24447 32.699985 -6.850967 1553.980835
24448 32.947323 -6.797988 1554.334717
24449 32.251259 -7.017650 1554.934814
24450 32.812962 -6.672908 1555.002075
24451 33.535172 -6.424373 1554.558716
24452 33.285110 -6.112802 1555.247192
24453 33.923058 -5.901103 1554.807983
24454 33.684151 -5.505783 1555.372559
24455 33.046677 -5.619239 1555.890869
24456 33.422470 -4.787704 1556.021362
24457 34.084930 -4.832896 1555.360596
24458 34.172199 -5.376821 1554.973633
24459 34.594833 -4.902552 1554.805298
24460 34.479836 -5.653069 1554.465698
24461 35.023289 -5.285208 1554.160522
24462 35.047413 -4.541165 1554.459961
24463 35.389824 -4.586403 1554.061890
24464 35.208450 -3.823986 1554.431641
24465 34.810757 -4.073867 1554.853027
24466 34.980991 -3.253875 1554.757690
24467 35.413357 -3.285652 1554.217651
24468 35.607929 -3.928799 1553.943726
24469 35.805500 -3.288847 1553.734009
24470 35.595573 -2.635754 1553.947144
24471 35.248573 -2.715313 1554.403442
24472 35.334908 -2.008583 1554.182861
24473 35.761902 -2.001587 1553.628784
24474 35.566490 -1.321598 1553.712402
24475 35.250050 -1.283174 1554.113770
24476 35.303375 -0.652836 1553.845703
24477 35.730549 -0.654373 1553.319336
24478 35.353359 -0.053498 1553.582520
24479 34.972595 -0.096563 1554.079590
24480 35.004292 0.522627 1553.808960
24481 34.567711 0.401636 1554.416016
24482 34.686218 -0.226123 1554.512695
24483 34.947327 -0.613475 1554.303467
24484 34.575562 -0.633249 1554.822144
24485 34.799236 -1.206984 1554.710693
24486 34.887035 -1.828117 1554.754395
24487 34.546749 -1.652168 1555.179199
24488 34.563229 -2.157337 1555.246338
24489 34.876892 -2.459936 1554.868774
24490 34.548027 -2.835734 1555.306274
24491 34.497067 -3.595590 1555.302490
24492 34.107647 -3.102294 1555.807983
24493 33.943676 -4.008497 1555.809937
24494 33.600567 -3.330699 1556.294434
24495 33.323429 -3.998820 1556.396240
24496 33.105968 -3.442546 1556.704102
24497 32.740414 -3.904961 1556.882813
24498 32.617786 -3.251879 1557.081543
24499 31.989344 -3.798496 1557.368530
24500 32.358047 -4.526174 1556.965088
24501 31.653749 -4.471730 1557.385620
24502 31.968803 -5.323133 1556.885132
24503 32.781368 -5.088786 1556.421143
24504 32.944439 -4.476179 1556.555054
24505 32.440681 -5.737326 1556.317017
24506 32.496323 -6.330079 1555.789551
24507 31.859732 -6.146411 1556.452759
24508 31.686247 -6.738243 1556.031006
24509 32.091003 -6.898534 1555.451416
24510 31.275829 -5.867223 1556.973999
24511 31.200470 -5.115256 1557.369995
24512 30.696171 -4.946945 1557.577393
24513 31.015026 -4.402731 1557.644775
24514 31.371468 -3.664531 1557.645386
24515 30.751534 -3.854479 1557.776489
24516 30.435965 -4.527189 1557.718384
24517 30.133268 -3.976638 1557.772583
24518 30.407568 -3.494093 1557.796875
24519 30.826616 -3.234958 1557.773560
24520 30.343569 -3.116369 1557.759155
24521 30.800920 -2.665594 1557.715332
24522 30.723171 -2.071229 1557.600464
24523 31.305923 -2.222615 1557.593140
24524 31.176098 -1.638569 1557.488770
24525 31.768988 -1.750339 1557.401733
24526 31.525490 -1.165469 1557.316895
24527 31.055214 -1.151803 1557.364136
24528 31.212231 -0.679651 1557.208740
24529 31.765509 -0.629337 1557.102905
24530 31.375898 -0.116766 1556.996094
24531 31.531925 0.461588 1556.752075
24532 31.968096 -0.070784 1556.849976
24533 32.156506 0.574716 1556.531494
24534 31.648842 1.110689 1556.464233
24535 32.167549 1.284554 1556.229614
24536 31.730165 1.754410 1556.173950
24537 32.198135 1.815353 1555.992188
24538 31.886675 2.291628 1555.902344
24539 32.519745 2.223015 1555.662354
24540 32.615582 1.505050 1555.913574
24541 33.081367 1.700744 1555.507935
24542 33.114384 2.366949 1555.210815
24543 32.688999 3.022382 1555.238525
24544 33.268738 2.983568 1554.862793
24545 33.024029 3.490646 1554.853760
24546 33.437523 3.429064 1554.582031
24547 33.872108 3.001866 1554.328125
24548 33.888557 3.755966 1554.127808
24549 33.312660 3.863131 1554.537598
24550 33.596539 4.421979 1554.176025
24551 34.153034 4.434385 1553.773560
24552 33.746494 5.104520 1553.882690
24553 34.302151 5.089667 1553.519409
24554 33.833187 5.696379 1553.639893
24555 34.390018 5.658667 1553.303101
24556 33.942616 6.195600 1553.387085
24557 34.493935 6.204643 1553.041260
24558 34.077587 6.663998 1553.097412
24559 34.512451 6.766438 1552.774414
24560 33.859772 7.274126 1552.877197
24561 33.572739 6.809511 1553.289795
24562 33.171001 7.393352 1553.118774
24563 32.956379 6.906218 1553.497559
24564 33.392757 6.295929 1553.625854
24565 32.771942 6.322150 1553.864502
24566 33.276905 5.706740 1553.927612
24567 32.758842 5.703526 1554.147583
24568 33.236404 5.135256 1554.160522
24569 32.806805 5.167242 1554.346313
24570 33.085323 4.620368 1554.419800
24571 32.512253 4.834457 1554.596313
24572 32.729610 4.123010 1554.786133
24573 32.204731 4.504889 1554.838379
24574 31.829897 5.092873 1554.670288
24575 32.293179 5.494102 1554.384766
24576 31.744303 5.806648 1554.358032
24577 32.083294 6.297086 1554.067139
24578 31.534025 6.962268 1553.785034
24579 32.249458 6.957458 1553.679321
24580 31.693272 7.567119 1553.364868
24581 32.486187 7.481562 1553.285767
24582 32.745930 7.893181 1552.901611
24583 31.133945 5.048831 1554.748657
24584 31.692162 4.495560 1554.960938
24585 31.039148 4.402744 1555.048462
24586 31.637421 3.865646 1555.258545
24587 32.182751 4.011767 1555.057373
24588 32.134708 3.439452 1555.320679
24589 32.564903 3.610538 1555.067993
24590 32.050377 2.850912 1555.606445
24591 31.607069 3.253453 1555.543579
24592 31.583639 2.731366 1555.781738
24593 31.198437 2.999427 1555.705933
24594 30.981468 3.635691 1555.412231
24595 30.389452 4.251326 1555.048462
24596 30.343468 5.015913 1554.671265
24597 29.231432 5.020499 1554.210327
24598 34.518658 7.372119 1552.417358
24599 35.002205 6.829155 1552.376343
24600 35.059452 7.358196 1552.013184
24601 35.372803 6.883440 1552.016968
24602 35.552654 7.233955 1551.627441
24603 35.830303 7.586014 1551.088257
24604 35.637245 8.101437 1550.936035
24605 36.011177 8.051977 1550.555420
24606 36.084263 8.566959 1550.115845
24607 36.507175 8.585169 1549.596436
24608 36.473305 9.226920 1549.230469
24609 36.956123 8.702220 1548.944092
24610 36.802921 9.348488 1548.757202
24611 37.195442 9.182459 1548.351807
24612 36.038929 6.906123 1551.260376
24613 35.761257 6.569975 1551.775391
24614 36.070007 6.284066 1551.538696
24615 35.739750 5.992034 1552.047974
24616 36.058918 5.783138 1551.746338
24617 36.265251 5.260180 1551.628296
24618 35.836704 5.461302 1552.100586
24619 35.943958 4.896330 1552.088257
24620 36.323967 4.528147 1551.681274
24621 36.600586 4.832664 1551.268799
24622 36.701675 4.242805 1551.237183
24623 36.373066 3.721083 1551.706055
24624 36.899841 3.522634 1551.088989
24625 37.119167 4.016136 1550.720337
24626 37.327866 3.369275 1550.583130
24627 37.476700 3.789388 1550.298950
24628 37.691063 3.291134 1550.156494
24629 37.587307 2.845965 1550.389648
24630 37.134987 2.896753 1550.909912
24631 37.424808 2.328101 1550.694336
24632 37.899647 2.313196 1550.176147
24633 37.722206 1.763618 1550.505737
24634 38.228691 1.722710 1550.003784
24635 37.988506 1.148157 1550.391235
24636 37.521973 1.224640 1550.848022
24637 37.731995 0.636342 1550.771362
24638 37.357098 0.759691 1551.136719
24639 37.093815 1.178215 1551.320801
24640 37.058140 0.562012 1551.512451
24641 37.402851 0.133147 1551.237915
24642 37.040035 0.008714 1551.671021
24643 37.232830 -0.458644 1551.566040
24644 37.624409 -0.548507 1551.154541
24645 37.892590 -0.011870 1550.758423
24646 38.044460 -0.688235 1550.758545
24647 38.303078 -0.260026 1550.432617
24648 38.401260 -0.915956 1550.487305
24649 38.739281 -0.601624 1550.155396
24650 38.676285 0.142129 1550.036865
24651 38.183224 0.453333 1550.378784
24652 38.593719 0.957449 1549.891113
24653 39.207985 -0.348596 1549.766846
24654 39.254353 -1.006749 1549.880127
24655 39.669212 -1.618338 1549.722534
24656 39.166553 -1.780862 1550.082275
24657 39.560997 -2.311750 1549.888672
24658 40.097633 -2.193819 1549.506836
24659 39.991413 -2.880398 1549.610352
24660 39.460316 -3.061493 1550.025269
24661 39.791862 -3.626388 1549.743286
24662 40.302860 -3.395778 1549.282104
24663 40.524109 -2.718102 1549.175537
24664 40.809185 -3.194036 1548.739136
24665 41.282364 -2.697074 1548.318359
24666 41.065971 -3.303870 1548.177124
24667 41.537636 -2.723757 1547.767944
24668 41.768780 -2.579277 1547.081787
24669 41.404667 -3.045939 1547.483643
24670 41.518318 -2.913378 1547.008057
24671 41.669147 -2.654980 1546.575317
24672 41.381638 -2.975702 1546.698730
24673 41.415924 -2.705442 1546.154053
24674 40.963573 -3.051497 1546.250000
24675 40.888222 -3.376043 1546.788086
24676 40.414959 -3.365200 1546.379639
24677 40.365974 -3.743200 1546.965820
24678 39.776810 -3.675871 1546.613159
24679 39.845680 -4.181792 1547.350220
24680 39.270550 -4.102428 1547.095703
24681 39.302868 -4.599606 1547.751709
24682 39.802505 -4.637462 1548.120850
24683 39.251789 -4.995121 1548.369507
24684 39.499142 -5.024017 1548.668823
24685 39.179363 -5.199430 1548.798218
24686 39.275291 -5.216528 1549.034790
24687 38.851871 -5.367064 1549.155518
24688 38.827221 -5.229950 1548.691040
24689 38.301060 -5.364944 1549.009521
24690 38.316036 -5.456140 1549.446167
24691 37.734272 -5.419115 1549.345459
24692 37.718067 -5.488107 1549.817383
24693 37.287380 -5.447003 1549.650269
24694 37.100456 -5.527649 1550.122314
24695 36.751621 -5.380921 1549.714478
24696 36.430233 -5.562391 1550.318115
24697 36.006477 -5.186513 1549.776367
24698 35.735622 -5.587245 1550.586914
24699 35.358036 -5.152449 1550.121948
24700 35.223892 -5.864239 1551.196655
24701 35.725231 -5.921329 1551.269653
24702 35.311161 -6.151164 1551.737793
24703 35.638905 -6.098816 1551.744629
24704 35.392101 -6.235266 1552.051147
24705 35.007515 -6.299191 1552.086548
24706 34.827927 -6.073159 1551.640381
24707 34.495022 -6.234242 1552.033203
24708 34.728878 -6.394078 1552.393433
24709 34.157021 -6.363803 1552.436279
24710 34.348404 -6.487473 1552.831665
24711 33.661194 -6.518014 1552.988892
24712 33.920475 -6.570389 1553.282349
24713 33.465202 -6.666325 1553.605713
24714 32.953804 -6.657207 1553.440918
24715 32.342503 -6.819718 1553.817505
24716 32.381523 -6.527838 1553.360474
24717 31.852942 -6.739984 1553.800171
24718 33.867783 -6.523963 1553.828247
24719 34.421310 -6.459290 1553.262695
24720 34.451218 -6.332491 1553.650513
24721 34.877892 -6.289331 1553.244873
24722 34.806118 -5.983711 1553.813965
24723 34.194740 -6.193767 1554.179565
24724 35.249004 -5.991886 1553.312012
24725 35.324081 -6.208644 1552.819824
24726 35.569412 -5.938259 1552.975464
24727 35.760567 -5.968070 1552.614990
24728 35.883873 -5.677055 1552.850098
24729 36.083771 -5.759139 1552.395142
24730 36.285107 -5.274466 1552.639404
24731 36.561897 -5.390035 1552.078125
24732 36.729912 -4.789776 1552.335083
24733 36.348724 -4.570980 1552.918945
24734 36.760578 -4.076231 1552.530640
24735 36.495079 -3.789784 1552.890259
24736 36.080776 -3.876326 1553.382446
24737 36.242428 -3.218040 1553.199707
24738 36.651768 -3.156501 1552.708130
24739 36.380478 -2.536634 1552.967163
24740 35.983521 -2.609448 1553.457275
24741 36.103695 -2.050089 1553.217285
24742 35.984432 -1.436678 1553.226440
24743 36.441044 -1.846512 1552.776978
24744 36.263374 -0.904722 1552.770264
24745 36.673855 -1.116250 1552.350342
24746 36.369492 -0.443689 1552.533936
24747 36.010406 -0.246245 1552.880249
24748 35.660229 0.011410 1553.198853
24749 35.828228 0.438735 1552.881592
24750 35.413773 0.538536 1553.314331
24751 35.589550 1.165192 1552.932007
24752 35.083439 1.098512 1553.518311
24753 35.232388 1.674121 1553.187744
24754 35.700192 1.672984 1552.689453
24755 35.353123 2.190431 1552.950317
24756 35.859203 2.377636 1552.399292
24757 36.256592 1.660310 1552.111450
24758 36.391777 2.325677 1551.845703
24759 36.171291 2.979558 1551.999390
24760 35.759769 3.030748 1552.430298
24761 35.890251 3.565087 1552.257446
24762 35.463356 3.469348 1552.703003
24763 35.372505 2.833055 1552.842407
24764 35.042793 3.330129 1553.127808
24765 35.080391 3.984300 1553.042847
24766 34.526413 3.803103 1553.567993
24767 34.697315 4.506081 1553.326904
24768 35.204750 4.592541 1552.874634
24769 35.557892 4.037240 1552.577148
24770 35.584236 4.714325 1552.497559
24771 35.301563 5.160643 1552.703979
24772 35.594662 5.185911 1552.417358
24773 35.451622 5.738506 1552.426880
24774 35.414337 6.351495 1552.240479
24775 35.011936 6.217790 1552.652100
24776 34.946198 5.677353 1552.887817
24777 34.832371 5.102275 1553.116699
24778 35.981529 4.247581 1552.114990
24779 34.665939 3.134301 1553.519653
24780 35.050758 2.946028 1553.156616
24781 34.775528 2.614333 1553.486694
24782 35.099728 2.510458 1553.163086
24783 34.926792 2.081494 1553.428223
24784 34.539711 2.195042 1553.831421
24785 34.744896 1.681457 1553.736328
24786 34.330326 1.706599 1554.216675
24787 34.656116 1.066599 1554.044678
24788 34.221020 1.043294 1554.596680
24789 34.043434 0.491596 1555.053833
24790 33.663914 1.198939 1555.178711
24791 33.479839 0.430248 1555.708740
24792 33.041950 1.041447 1555.825806
24793 32.874329 0.470948 1556.195679
24794 33.157097 -0.089866 1556.213501
24795 32.594944 -0.050579 1556.573730
24796 32.933594 -0.626873 1556.573486
24797 32.360313 -0.624247 1556.893555
24798 32.085751 -1.190412 1557.170654
24799 32.714451 -1.208222 1556.878540
24800 32.475525 -1.920552 1557.145630
24801 33.044239 -1.732879 1556.770630
24802 33.226368 -1.180646 1556.521118
24803 33.401073 -0.651619 1556.215698
24804 33.648621 -1.210335 1556.149292
24805 33.797859 -0.641834 1555.814819
24806 34.029842 -1.226146 1555.734375
24807 34.194595 -0.630736 1555.333008
24808 34.421822 -1.187195 1555.223633
24809 34.344707 -0.129339 1554.934204
24810 33.930035 -0.111748 1555.453491
24811 34.293896 -1.756904 1555.530640
24812 33.842636 -1.874423 1556.078491
24813 34.222458 -2.436251 1555.694946
24814 33.763233 -2.657661 1556.200562
24815 33.317791 -2.141739 1556.604126
24816 33.437225 -1.639377 1556.441162
24817 32.934231 -2.235913 1556.901001
24818 33.153557 -2.770499 1556.742065
24819 32.552147 -2.595382 1557.155396
24820 32.038540 -3.085596 1557.416016
24821 31.936628 -2.389883 1557.439087
24822 31.371317 -2.838345 1557.652466
24823 33.573170 -0.208906 1555.886597
24824 32.588249 0.970250 1556.159912
24825 33.472542 1.874418 1555.092529
24826 33.924755 1.650299 1554.706299
24827 33.601318 2.423051 1554.766235
24828 34.101398 2.295634 1554.290771
24829 34.349060 2.757268 1553.909180
24830 34.237370 3.297651 1553.913086
24831 36.641060 2.964897 1551.475830
24832 36.931763 2.336699 1551.247925
24833 36.763309 1.693102 1551.562134
24834 37.242931 1.767708 1551.020996
24835 36.660675 0.955533 1551.847412
24836 36.106758 0.907273 1552.450439
24837 36.514755 0.339156 1552.167236
24838 36.806164 0.348067 1551.845581
24839 36.734478 -0.055129 1552.028687
24840 36.958946 -0.383345 1551.857300
24841 36.652874 -0.437061 1552.215210
24842 37.040340 -0.805276 1551.862793
24843 37.106911 -1.523190 1551.942383
24844 37.394764 -1.061296 1551.519287
24845 37.586266 -1.768682 1551.458008
24846 37.824013 -1.203284 1551.088867
24847 38.165634 -1.908845 1550.902466
24848 38.166828 -1.225967 1550.759155
24849 38.432831 -1.443307 1550.569946
24850 38.681351 -1.902784 1550.458862
24851 38.732452 -1.285423 1550.299561
24852 39.075077 -2.505106 1550.261108
24853 38.615036 -2.509490 1550.619629
24854 38.854263 -3.192428 1550.503174
24855 38.284458 -2.814075 1550.948853
24856 38.348297 -3.596950 1550.935913
24857 38.776669 -4.064772 1550.542603
24858 39.316067 -3.816388 1550.134399
24859 39.132748 -4.507271 1550.147583
24860 39.597691 -4.258267 1549.805786
24861 39.986393 -4.088592 1549.439087
24862 39.729038 -4.509154 1549.556641
24863 39.969376 -4.435295 1549.255859
24864 40.362434 -3.912175 1548.992920
24865 40.235260 -4.326529 1548.767822
24866 40.661144 -3.749934 1548.559937
24867 40.635555 -3.922986 1548.184082
24868 40.965168 -3.560540 1547.678101
24869 40.415604 -4.064477 1547.712036
24870 40.180550 -4.438818 1548.363525
24871 39.830776 -4.788554 1548.591797
24872 39.931385 -4.714447 1548.768188
24873 39.600750 -5.014775 1548.988770
24874 39.774200 -4.825540 1549.118896
24875 39.476433 -5.060796 1549.327515
24876 39.338993 -5.186242 1549.227661
24877 39.030895 -5.326387 1549.344727
24878 39.211620 -5.226510 1549.424194
24879 38.964149 -5.295215 1549.617798
24880 38.760777 -5.392028 1549.523315
24881 38.670940 -5.346464 1549.791626
24882 38.287273 -5.415438 1549.896729
24883 38.322556 -5.308773 1550.139038
24884 38.775963 -5.246423 1549.895630
24885 38.480118 -5.092690 1550.306274
24886 38.973400 -4.970772 1550.032104
24887 38.631828 -4.705606 1550.463135
24888 39.393543 -4.792084 1549.769531
24889 39.275917 -5.081500 1549.623169
24890 39.590038 -4.849075 1549.470703
24891 38.073868 -4.921072 1550.765503
24892 38.266785 -4.340092 1550.897217
24893 37.749023 -4.627213 1551.244995
24894 37.901878 -3.938377 1551.311523
24895 37.903271 -3.221138 1551.341064
24896 37.524605 -3.540716 1551.724609
24897 37.471279 -4.238542 1551.680298
24898 37.156487 -3.871618 1552.100098
24899 37.112232 -3.190069 1552.178711
24900 37.504177 -2.971419 1551.732300
24901 37.244396 -2.345456 1551.939941
24902 36.786980 -2.494203 1552.483276
24903 36.845257 -1.864944 1552.310059
24904 36.839100 -3.617100 1552.490234
24905 37.779957 -2.531538 1551.392822
24906 37.073795 -4.425178 1552.064575
24907 37.188988 -4.910488 1551.663452
24908 37.444530 -5.232709 1551.028198
24909 36.753902 -5.517610 1551.479126
24910 36.832459 -5.591250 1550.820068
24911 37.638901 -5.428449 1550.365601
24912 37.967957 -5.220713 1550.541260
24913 36.180977 -5.837690 1551.398193
24914 36.195736 -5.732179 1550.862061
24915 36.184505 -5.829135 1551.930298
24916 35.729767 -6.100420 1551.981689
24917 35.785984 -6.060143 1552.254028
24918 35.450912 -6.239754 1552.268555
24919 35.484158 -6.210975 1552.470581
24920 35.282238 -6.297954 1552.518921
24921 35.184307 -6.324418 1552.309937
24922 34.880009 -6.404774 1552.763672
24923 40.756329 -3.648435 1547.242920
24924 41.229305 -3.237157 1547.169189
24925 36.497620 -0.133225 1552.311035
24926 36.222450 0.143785 1552.537476
24927 35.829876 -4.583411 1553.551392
24928 35.515217 -5.177535 1553.678833
24929 35.937946 -5.188502 1553.168091
24930 35.583504 -5.638023 1553.289063
24931 35.244091 -5.654025 1553.666016
24932 35.319012 -4.634326 1549.551147
24933 35.893616 -4.661728 1549.167480
24934 36.572624 -5.040901 1549.194702
24935 36.503551 -4.621655 1548.695435
24936 37.094635 -5.006029 1548.820923
24937 37.153301 -5.285607 1549.278931
24938 37.652580 -5.231542 1548.911377
24939 37.545624 -4.871021 1548.395630
24940 38.247002 -5.122724 1548.509888
24941 38.012913 -4.595127 1547.867065
24942 37.257290 -4.393964 1547.992065
24943 37.451111 -4.023224 1547.527222
24944 38.116726 -4.046652 1547.248169
24945 38.713284 -4.411950 1547.487061
24946 38.711994 -3.877854 1546.892578
24947 39.179634 -3.679206 1546.594971
24948 38.778736 -3.395507 1546.366211
24949 39.311676 -3.274310 1546.118042
24950 39.884724 -3.150888 1545.958130
24951 38.155724 -3.509489 1546.709961
24952 37.545788 -3.538388 1547.041382
24953 38.762833 -4.911257 1548.123901
24954 36.912552 -3.482209 1547.380005
24955 36.895859 -3.905167 1547.744263
24956 36.531773 -4.112950 1548.163940
24957 37.007183 -4.634430 1548.392090
24958 35.829960 -4.101877 1548.651367
24959 40.466770 -2.942387 1545.807983
24960 40.517124 -2.569132 1545.370605
24961 40.985504 -2.668389 1545.695923
24962 41.437210 -2.355364 1545.636841
24963 41.768265 -2.349707 1546.100830
24964 41.932442 -2.281317 1546.481323
24965 34.401787 -4.297442 1555.240479
24966 36.270035 10.918525 1548.346313
24967 27.987043 4.884196 1553.058716
24968 27.589911 4.554384 1552.668213
24969 30.150549 1.264765 1556.394043
24970 29.698149 0.745139 1556.473633
24971 29.199795 0.232172 1556.438843
24972 29.335224 -0.367283 1556.684814
24973 34.477322 -1.508422 1547.726685
24974 41.801220 2.704505 1542.876587
24975 41.724583 2.728150 1542.790405
24976 40.560604 2.880709 1546.922729
24977 40.177547 3.403463 1547.119507
24978 40.105412 2.864690 1547.525146
24979 40.556164 2.225476 1547.364990
24980 40.617832 1.593198 1547.729126
24981 40.930672 1.698087 1547.242310
24982 41.078602 1.153041 1547.467041
24983 41.314590 0.502586 1547.652466
24984 41.118763 0.174058 1548.114746
24985 41.475460 0.020490 1547.770020
24986 41.723637 0.108819 1547.307739
24987 41.573013 0.709524 1547.061646
24988 39.742371 3.586481 1547.571655
24989 39.298264 3.829881 1548.003418
24990 29.665401 7.997704 1551.815674
24991 29.580872 7.705251 1552.271851
24992 29.209202 7.542158 1551.817017
24993 29.307646 7.312048 1552.504395
24994 28.853491 6.958853 1552.176758
24995 29.475546 7.133466 1552.982178
24996 27.398712 5.132354 1550.950562
24997 26.830126 3.027420 1552.483521
24998 26.993851 2.777149 1553.082153
24999 26.649796 2.477680 1552.452148
25000 26.709265 1.997875 1552.942627
25001 27.021154 2.128646 1553.561646
25002 27.393572 2.800705 1553.768311
25003 27.741547 2.642189 1554.319580
25004 28.182219 2.477548 1554.850708
25005 26.488157 1.853006 1552.346069
25006 27.974815 -1.896725 1555.012451
25007 28.231464 -2.209100 1555.356689
25008 28.775970 -3.651051 1555.443604
25009 28.213654 -2.524429 1552.990234
25010 37.567696 0.679345 1543.565552
25011 38.076340 0.833638 1543.306030
25012 40.984516 8.986331 1543.659912
25013 41.392715 8.984169 1543.184937
25014 40.978344 9.512435 1543.435303
25015 41.455803 9.517288 1542.888184
25016 40.967583 10.053266 1543.210938
25017 41.349438 10.667952 1542.528442
25018 41.598640 10.057619 1542.497437
25019 41.779655 10.467968 1542.106812
25020 41.779240 10.999103 1541.877930
25021 42.118160 10.433886 1541.671753
25022 42.459553 10.254849 1541.191040
25023 42.318703 9.718966 1541.666626
25024 42.623512 9.619226 1541.083618
25025 42.682758 9.078388 1540.958008
25026 41.961754 10.056688 1542.046509
25027 41.936100 9.536495 1542.291870
25028 36.370220 13.693863 1546.126831
25029 29.430918 -2.125328 1549.666992
25030 29.352535 -1.757570 1549.111816
25031 29.944698 -1.889860 1549.203003
25032 29.829966 -1.550635 1548.766235
25033 29.351423 -1.366257 1548.581909
25034 29.733704 -0.605152 1547.716675
25035 30.320484 -0.459880 1547.597900
25036 29.773157 -0.137870 1547.277222
25037 30.394484 0.085575 1547.100342
25038 29.794888 0.387051 1546.835327
25039 30.435722 0.642431 1546.630981
25040 31.038960 0.336905 1546.925049
25041 30.967070 -0.211561 1547.420654
25042 31.652380 0.070900 1547.205322
25043 31.654301 0.598955 1546.717651
25044 31.060293 0.900316 1546.435913
25045 31.710592 1.187755 1546.181030
25046 32.168911 0.813784 1546.504395
25047 32.241962 0.370512 1546.919189
25048 32.711231 0.727317 1546.520874
25049 32.419144 1.198489 1546.103394
25050 33.082214 1.119156 1546.037231
25051 35.838005 1.868109 1543.636230
25052 37.529842 2.136209 1542.893433
25053 37.903110 2.332204 1542.739136
25054 38.606060 2.165593 1542.674194
25055 38.040844 2.931868 1542.500366
25056 38.897690 2.853732 1542.395630
25057 38.462368 3.463785 1542.239014
25058 40.589081 5.137547 1541.450928
25059 41.191292 5.252508 1541.585693
25060 40.727928 5.873794 1541.102539
25061 41.404976 5.869315 1541.377319
25062 41.226120 6.415772 1540.956909
25063 41.688946 6.471962 1541.194336
25064 41.811436 5.984570 1541.665283
25065 41.672268 5.364550 1541.864258
25066 41.924881 5.439737 1542.191528
25067 41.866322 4.771388 1542.319824
25068 41.585602 6.992817 1540.759277
25069 41.951004 7.612064 1540.568726
25070 41.457169 7.535718 1540.349976
25071 41.826763 8.193329 1540.119507
25072 40.828491 7.494718 1540.205688
25073 41.078190 6.932857 1540.584595
25074 40.455700 6.922192 1540.465454
25075 40.748196 6.464505 1540.773926
25076 40.192497 7.457848 1540.159546
25077 39.899704 7.883925 1539.946777
25078 42.128292 8.862766 1539.916016
25079 41.919674 9.357375 1539.568237
25080 42.310253 9.479859 1539.755249
25081 42.478809 9.086573 1540.114624
25082 42.529556 9.579393 1539.944702
25083 42.127140 9.850283 1539.486084
25084 42.019043 5.541163 1543.161377
25085 41.920162 6.174479 1543.288208
25086 42.535248 8.024171 1541.426270
25087 42.482769 7.827779 1541.220459
25088 42.439693 7.592401 1541.626953
25089 42.332825 7.263332 1541.473022
25090 41.708397 12.701941 1540.955200
25091 41.857147 12.893826 1540.360840
25092 41.509090 13.247992 1540.793823
25093 41.342178 13.017406 1541.299194
25094 41.077564 13.504051 1541.285400
25095 41.828278 13.150412 1539.721558
25096 33.282444 15.936269 1546.034058
25097 28.201555 0.797808 1546.982910
25098 28.158697 0.185562 1547.401733
25099 28.133945 -0.270975 1547.787476
25100 32.765171 2.460207 1544.712891
25101 35.394238 3.514087 1542.762817
25102 38.672546 5.183583 1541.437866
25103 39.460384 9.438473 1539.282715
25104 22.442158 10.908969 1548.425903
25105 22.508997 10.463759 1548.043335
25106 23.694622 10.560168 1549.019409
25107 22.615555 10.073526 1547.708984
25108 26.567850 8.416644 1548.022217
25109 26.673637 8.016519 1547.620728
25110 26.504572 7.822215 1547.189941
25111 26.857039 7.345145 1546.830444
25112 26.307211 7.594762 1546.581787
25113 26.710533 7.165629 1546.165894
25114 26.124702 7.490290 1546.163208
25115 26.273823 7.236009 1545.669800
25116 26.887651 6.850918 1545.373047
25117 27.285307 6.642509 1545.929688
25118 27.215235 6.874232 1546.572388
25119 26.356676 7.037000 1545.064453
25120 25.782833 7.274058 1545.277954
25121 25.672428 7.545636 1545.889893
25122 26.817188 6.823575 1544.810425
25123 33.507057 3.853390 1543.122681
25124 36.079468 5.569183 1541.664795
25125 35.813160 6.163368 1541.389893
25126 36.468582 6.048198 1541.339600
25127 36.701843 5.485526 1541.605469
25128 38.349224 10.892403 1538.652222
25129 39.041626 10.981022 1538.543457
25130 37.698040 10.849888 1538.751831
25131 40.383755 12.714151 1537.853271
25132 20.517075 10.559384 1546.418457
25133 21.090973 10.103013 1546.502930
25134 25.989033 6.988021 1543.406006
25135 26.602345 6.960226 1543.225342
25136 27.617180 6.787712 1543.177368
25137 27.888422 6.561935 1543.558716
25138 28.168787 6.715216 1542.989502
25139 28.600376 6.357871 1543.334961
25140 28.278414 6.182999 1543.999878
25141 28.921934 5.894610 1543.759766
25142 28.627407 5.719554 1544.353149
25143 29.225225 5.282730 1544.180664
25144 29.522566 5.587699 1543.601807
25145 29.297836 6.151191 1543.130493
25146 29.711020 5.142159 1543.887207
25147 29.667683 4.679214 1544.304321
25148 32.898003 5.947456 1541.996704
25149 33.399395 5.546011 1542.125732
25150 36.262390 12.026603 1538.179810
25151 36.909260 12.304976 1537.916748
25152 37.032001 13.006004 1537.454346
25153 37.649487 12.461849 1537.731201
25154 37.911709 13.073212 1537.337524
25155 38.442566 12.591146 1537.606934
25156 38.685055 13.238276 1537.258057
25157 39.316212 13.481185 1537.242188
25158 38.950970 13.907006 1537.006348
25159 38.216057 13.669288 1537.023071
25160 28.097206 17.925543 1543.870239
25161 18.196463 14.348562 1546.236694
25162 29.759083 9.064508 1539.685425
25163 30.300724 8.953168 1539.952026
25164 36.772865 14.680249 1536.662109
25165 17.784859 15.828636 1544.891479
25166 18.542433 8.452279 1542.322144
25167 19.643581 8.024093 1542.599854
25168 29.521328 9.994379 1538.154297
25169 32.109154 10.346797 1539.154785
25170 32.734062 10.543866 1539.118896
25171 32.153412 10.887433 1538.780884
25172 32.693596 11.239542 1538.661377
25173 33.301907 11.080020 1538.841431
25174 33.450821 10.460544 1539.233887
25175 33.139385 11.663727 1538.470215
25176 32.625702 11.717457 1538.348633
25177 32.854149 12.148979 1538.148193
25178 33.027302 12.726698 1537.881348
25179 32.379101 12.572196 1537.799438
25180 32.258282 12.000974 1538.075684
25181 32.115906 11.471436 1538.366455
25182 35.201519 17.367935 1536.908813
25183 35.179581 17.732206 1537.142578
25184 35.608704 17.800541 1537.000854
25185 35.400345 17.940941 1537.227173
25186 35.799061 18.060774 1537.219238
25187 36.104046 17.895365 1536.968628
25188 35.410049 18.111858 1537.467773
25189 20.898920 18.940180 1538.596680
25190 20.297211 18.862268 1538.569824
25191 20.121275 19.115124 1537.955200
25192 19.691420 18.830120 1538.508911
25193 19.088657 18.837454 1538.463989
25194 28.707075 19.840403 1536.191650
25195 14.751016 19.439949 1539.845703
25196 28.285645 23.190245 1528.612427
25197 28.429348 22.772158 1529.095093
25198 28.771917 22.792967 1528.637085
25199 28.637070 23.214153 1528.106323
25200 28.934444 22.351347 1529.203857
25201 28.548859 22.370510 1529.635986
25202 29.125172 21.908253 1529.779663
25203 29.797844 20.874207 1530.854126
25204 30.258713 20.353886 1530.817261
25205 29.948526 20.521784 1531.414063
25206 30.035570 20.220842 1532.082520
25207 29.922018 20.133219 1532.804199
25208 30.993748 19.453054 1529.450806
25209 30.931240 19.917667 1528.934082
25210 31.198551 19.276184 1528.729858
25211 31.153189 19.806622 1528.193359
25212 31.039106 20.311495 1527.865967
25213 30.376625 28.935659 1527.023071
25214 31.012241 30.363184 1522.296997
25215 24.170036 33.531845 1514.493042
25216 24.247936 33.328255 1513.817261
25217 24.855213 32.995369 1513.576538
25218 25.414984 32.727215 1513.823364
25219 25.891184 32.435059 1513.925781
25220 26.019335 32.479370 1514.656250
25221 26.418949 32.125351 1514.526978
25222 -14.553540 41.491249 1519.581055
25223 -19.587563 36.170132 1523.519409
25224 -19.686951 35.632286 1523.535889
25225 -20.119232 36.055920 1523.466553
25226 -20.353827 19.955473 1525.907227
25227 -20.033192 19.509039 1525.516602
25228 -20.120089 18.007610 1525.816528
25229 -20.863161 18.584448 1526.265991
25230 -31.373640 14.925236 1529.457642
25231 -30.918507 14.374051 1529.466187
25232 -31.368048 14.322283 1529.894043
25233 -31.368696 13.794347 1530.503174
25234 -30.322159 14.391020 1529.622070
25235 -27.673199 14.011813 1530.469482
25236 -28.205212 13.787979 1530.676147
25237 -27.681208 13.657288 1530.895020
25238 -28.020721 13.398515 1531.219360
25239 -28.374493 13.085001 1531.662354
25240 -27.696596 13.066812 1531.751709
25241 -27.432093 12.807721 1532.217529
25242 -26.969330 13.007308 1531.877686
25243 -27.375854 13.356584 1531.322144
25244 -26.724962 13.351029 1531.337891
25245 -26.354342 13.061371 1531.787842
25246 -26.358074 12.801194 1532.268066
25247 -25.835485 12.911492 1532.051270
25248 -25.846382 12.597394 1532.746948
25249 -25.207436 12.765564 1532.383545
25250 -25.134087 12.527000 1533.059326
25251 -25.022148 12.418591 1533.514771
25252 -24.588266 12.512648 1533.321777
25253 -24.580931 12.688984 1532.678467
25254 -24.074127 12.846044 1532.316895
25255 -24.661936 12.930730 1532.029907
25256 -25.294336 13.067669 1531.745728
25257 -25.328468 13.410370 1531.167603
25258 -25.979795 13.304160 1531.378418
25259 -25.849756 13.727746 1530.770142
25260 -26.522409 13.719701 1530.826294
25261 -26.389883 14.207092 1530.248657
25262 -27.068884 14.110928 1530.376099
25263 -27.164707 13.698097 1530.863525
25264 -22.993944 12.953631 1532.312012
25265 -22.444139 13.066051 1532.132813
25266 -22.596483 12.949964 1532.641357
25267 -31.361506 13.249043 1531.060791
25268 -31.385176 13.241071 1533.245605
25269 -31.107527 12.757787 1533.588623
25270 -31.095608 12.634570 1534.055298
25271 -30.477337 12.497135 1534.128906
25272 -30.359064 12.578061 1533.360229
25273 -29.801300 12.162655 1533.950195
25274 -10.551187 20.290817 1540.572388
25275 -9.909339 20.136042 1540.466919
25276 -4.693944 16.634909 1539.792114
25277 -4.772383 16.174671 1539.552734
25278 -3.443059 14.938823 1539.450073
25279 -3.242763 14.287316 1539.176270
25280 -4.484867 13.286139 1537.854980
25281 8.100661 22.847368 1541.861328
25282 7.457440 24.753727 1541.671143
25283 30.260651 22.812836 1524.458740
25284 28.475559 25.224041 1525.407837
25285 28.649475 27.263742 1523.799438
25286 28.587969 26.920506 1523.229248
25287 28.645590 27.517578 1522.975708
25288 28.834517 28.194736 1522.913452
25289 28.649050 27.847582 1522.334717
25290 28.810587 28.394787 1522.358521
25291 28.612804 27.640188 1521.893555
25292 28.593651 27.103994 1522.545654
25293 28.623770 27.038481 1521.918213
25294 28.643524 27.462961 1521.360962
25295 28.724003 26.905626 1521.279663
25296 28.750347 26.457788 1521.705444
25297 28.961098 25.903038 1521.496460
25298 28.902071 25.689972 1522.166504
25299 28.665304 26.415365 1522.410645
25300 28.192114 31.843609 1517.182495
25301 26.700466 34.806831 1517.379272
25302 10.280332 32.517906 1504.746338
25303 0.732336 30.599640 1504.180420
25304 0.803425 30.187521 1503.690918
25305 0.190006 30.267712 1503.976563
25306 0.262158 29.867365 1503.534424
25307 0.830844 29.771681 1503.233398
25308 1.401045 30.106804 1503.390015
25309 0.114740 28.545221 1502.323486
25310 -0.383104 31.181889 1505.177856
25311 -19.016512 36.565670 1506.841797
25312 -18.355051 36.285175 1506.724121
25313 -18.007320 40.293125 1523.270264
25314 -22.242157 28.804701 1517.835938
25315 -21.850662 28.807446 1518.331421
25316 -21.278522 28.410841 1518.296997
25317 -18.449415 17.393925 1524.850342
25318 -13.200361 13.691008 1525.994019
25319 -11.331788 12.818665 1527.715576
25320 -9.261969 11.480865 1526.986328
25321 -9.799587 12.088090 1528.828369
25322 -12.064582 13.553554 1530.877563
25323 -15.118465 15.250895 1537.452271
25324 -15.429611 15.498383 1537.927612
25325 -14.780297 15.597560 1537.943970
25326 -15.132044 15.941978 1538.456421
25327 -14.747546 16.476725 1538.944092
25328 -14.430841 16.035997 1538.422485
25329 -14.110578 16.530775 1538.874878
25330 -14.386288 16.942120 1539.298340
25331 -13.820387 16.982347 1539.232788
25332 -13.602859 16.621330 1538.881104
25333 -13.275764 17.002901 1539.171509
25334 -13.131384 16.535948 1538.740601
25335 -12.720038 16.999514 1539.101318
25336 -12.545622 16.475616 1538.619385
25337 -12.139850 16.987484 1539.030640
25338 -11.924944 16.462303 1538.549927
25339 -11.504306 16.907158 1538.908936
25340 -11.129530 17.449429 1539.297852
25341 -10.827715 16.976204 1538.922119
25342 -10.433952 17.465374 1539.264893
25343 -10.157345 17.003723 1538.922241
25344 -9.763588 17.420504 1539.216919
25345 -9.600838 16.995174 1538.920654
25346 -9.815559 16.589584 1538.597168
25347 -9.046769 17.263535 1539.133179
25348 -10.470721 16.520874 1538.530640
25349 -11.240481 16.427025 1538.470703
25350 -11.780727 16.072680 1538.151733
25351 -12.373652 16.073875 1538.199951
25352 -12.997617 16.082247 1538.271851
25353 -13.464960 15.630083 1537.795410
25354 -13.689790 16.148256 1538.428345
25355 -14.140456 15.640274 1537.899414
25356 -13.917089 15.284567 1537.339722
25357 -13.565920 15.001005 1536.757446
25358 -14.305665 15.003834 1536.834961
25359 -14.009912 14.798624 1536.268677
25360 -13.331701 14.758523 1536.135620
25361 -13.857122 14.629139 1535.654663
25362 -14.485415 14.666640 1535.776001
25363 -14.565849 14.804811 1536.312622
25364 -14.868247 15.070644 1537.051392
25365 -14.545616 15.283296 1537.421631
25366 -10.618464 14.118074 1535.141479
25367 -8.057074 13.679706 1535.749268
25368 -7.445672 13.812131 1536.297485
25369 -7.470703 13.378796 1535.724854
25370 -6.886653 13.501671 1536.291748
25371 -6.303305 13.621632 1536.856323
25372 -6.335881 13.145295 1536.296265
25373 -5.769641 12.717358 1536.300171
25374 -6.342639 12.685177 1535.762207
25375 -6.896610 13.043777 1535.727905
25376 -6.856549 12.616557 1535.240112
25377 -6.326768 12.274052 1535.302734
25378 -5.818938 12.295739 1535.797241
25379 -5.802418 11.872868 1535.349121
25380 -5.209021 11.785814 1535.832397
25381 -5.200850 12.212995 1536.282227
25382 -5.227470 11.314728 1535.310547
25383 -4.702769 10.767173 1535.232300
25384 -5.213535 10.824245 1534.761353
25385 -4.701067 10.358062 1534.731567
25386 -4.325905 10.344917 1535.112549
25387 -4.256938 10.033312 1534.771362
25388 -3.884441 9.992171 1535.102539
25389 -3.869275 9.597863 1534.524292
25390 -4.530914 9.917108 1534.293701
25391 -3.320714 9.585050 1535.062378
25392 -3.132429 9.134344 1534.456299
25393 -2.781740 9.245878 1534.991821
25394 -2.393835 8.882309 1534.603149
25395 -3.186615 8.902415 1533.891846
25396 -5.185516 10.325311 1534.135986
25397 -5.385345 10.039469 1533.433350
25398 -5.807484 10.505660 1533.645996
25399 -5.741305 10.874097 1534.240723
25400 -5.765084 11.363596 1534.813232
25401 -6.292962 11.405866 1534.310913
25402 -6.284091 10.952173 1533.721313
25403 -6.835646 11.487799 1533.835815
25404 -6.816401 11.890542 1534.381592
25405 -6.300364 11.848633 1534.835449
25406 -6.738039 12.224886 1534.868042
25407 -6.850892 11.111391 1533.267700
25408 -6.356396 10.640271 1533.147461
25409 -5.907226 10.194636 1532.985474
25410 -5.494205 9.757528 1532.713623
25411 -8.251708 17.264219 1539.205078
25412 -0.862117 11.613525 1538.400513
25413 22.018692 7.266798 1536.309082
25414 22.304199 7.066755 1535.727661
25415 22.586290 7.286187 1536.278320
25416 23.059889 7.213261 1535.983887
25417 23.002716 6.942029 1535.350952
25418 23.776264 7.137135 1535.602539
25419 24.148567 7.388823 1536.036987
25420 24.510145 7.278836 1535.605713
25421 24.715673 7.565661 1536.158447
25422 25.161793 7.492478 1535.670410
25423 24.903654 7.142748 1535.105835
25424 24.286438 6.968980 1535.064453
25425 24.675190 6.797945 1534.578979
25426 25.528095 7.352168 1535.091797
25427 24.097357 6.626668 1534.484741
25428 23.661869 6.800262 1534.927856
25429 23.580490 6.514396 1534.395874
25430 23.075014 6.625096 1534.667480
25431 22.435780 6.763993 1534.988281
25432 32.473499 18.427095 1525.951294
25433 32.648361 17.867567 1526.029663
25434 32.783558 18.178383 1525.568726
25435 32.704533 18.710571 1525.273804
25436 33.016117 18.213358 1525.132568
25437 33.039181 17.753199 1525.443604
25438 29.948923 23.940744 1521.733398
25439 28.859905 28.982990 1520.671875
25440 25.152208 27.282776 1504.391846
25441 6.306749 30.018780 1501.549683
25442 9.430443 28.699291 1499.322388
25443 -4.520508 28.776913 1504.434082
25444 -3.875795 29.000854 1504.328125
25445 -4.186965 29.376595 1504.680298
25446 -3.642798 29.590191 1504.634521
25447 -3.243191 29.171902 1504.201050
25448 -3.018339 29.798105 1504.572632
25449 -3.426713 30.148159 1504.968994
25450 -3.969152 29.966282 1505.000854
25451 -3.732037 30.479164 1505.312134
25452 -4.346776 30.363243 1505.390503
25453 -4.571054 29.758768 1505.049438
25454 -4.719742 29.272764 1504.800293
25455 -3.222931 30.595192 1505.273560
25456 -2.806817 30.373684 1504.968140
25457 -2.723226 30.967089 1505.492676
25458 -2.472440 31.424667 1505.927124
25459 -2.655118 31.780657 1506.389526
25460 -2.800902 32.120506 1506.857788
25461 -6.457192 32.401302 1507.361572
25462 -10.187084 33.472301 1507.316895
25463 -10.634416 33.867039 1507.362793
25464 -21.003998 34.364647 1506.316772
25465 -21.505774 33.388374 1506.414551
25466 -21.317150 33.787292 1506.401611
25467 -22.562927 31.484297 1507.191528
25468 -23.045681 32.161728 1507.412842
25469 -23.013693 31.406948 1507.623047
25470 -23.481386 31.959911 1507.820801
25471 -22.499128 30.960485 1507.567261
25472 -21.948299 30.992514 1507.246582
25473 -20.942816 31.111219 1507.223511
25474 -20.456341 31.098339 1507.259399
25475 -17.480722 25.203690 1514.382935
25476 -17.006607 24.743269 1514.424316
25477 -17.046989 25.038742 1513.849365
25478 -16.607517 24.567173 1513.868530
25479 -17.109743 25.346792 1513.325684
25480 -8.217086 10.679531 1525.518311
25481 -7.579502 10.211872 1525.542969
25482 -9.963928 12.776647 1532.151123
25483 0.038230 8.400712 1534.493042
25484 0.829661 9.044437 1536.003784
25485 0.690536 8.400390 1534.436646
25486 10.436376 8.960349 1535.774780
25487 11.185757 8.845453 1535.768921
25488 11.611868 8.994940 1536.384277
25489 11.807364 8.737782 1535.728394
25490 12.305949 8.818058 1536.211060
25491 12.200067 9.067598 1536.839111
25492 12.840762 8.856668 1536.609863
25493 13.353434 8.886658 1537.012329
25494 13.495243 8.616268 1536.309814
25495 13.918621 8.861387 1537.356201
25496 12.962231 8.615720 1535.956177
25497 13.574759 8.366423 1535.530884
25498 13.251712 8.301258 1535.080811
25499 12.985459 8.462526 1535.468506
25500 12.638207 8.404195 1535.068726
25501 12.465966 8.589315 1535.590332
25502 12.025106 8.512588 1535.111572
25503 11.391953 8.621469 1535.163208
25504 12.859299 8.218018 1534.538696
25505 10.755802 8.707594 1535.142944
25506 10.130286 8.770081 1535.045166
25507 17.376232 7.212239 1534.418701
25508 16.828175 7.236557 1533.925659
25509 17.364168 7.062730 1533.694214
25510 17.405338 6.926988 1533.044800
25511 18.001736 6.869117 1533.482544
25512 18.062511 6.710582 1532.803345
25513 18.736731 6.649677 1533.253174
25514 18.527470 6.872038 1533.987671
25515 17.939659 7.038123 1534.182495
25516 19.149561 6.747779 1533.963989
25517 19.391323 6.576234 1533.500000
25518 19.747854 6.656610 1534.002930
25519 19.939089 6.467157 1533.491699
25520 20.343124 6.570255 1534.029297
25521 21.008501 6.475224 1534.031860
25522 18.743141 6.462691 1532.479126
25523 18.086077 6.576206 1532.164429
25524 18.572586 6.400490 1531.989990
25525 18.763174 6.249960 1531.560181
25526 28.392076 8.206424 1532.814575
25527 28.820801 8.729375 1532.680542
25528 16.050070 28.130974 1499.059326
25529 16.687422 28.157459 1499.224365
25530 18.551563 27.522839 1499.421509
25531 5.858638 26.469126 1498.067383
25532 6.186721 25.928576 1497.678101
25533 6.603886 26.427256 1497.900269
25534 5.840178 27.040802 1498.481812
25535 1.673787 24.635262 1498.320190
25536 1.014286 24.749910 1498.699219
25537 -5.390788 31.378674 1506.406982
25538 -4.745744 31.561426 1506.472168
25539 -5.149178 31.884323 1506.838379
25540 -4.557161 31.965824 1506.865234
25541 -7.779087 31.308020 1506.596924
25542 -7.999150 30.673635 1506.321899
25543 -8.413609 31.156105 1506.554932
25544 -13.105795 32.625813 1506.768311
25545 -13.203316 31.853281 1506.778931
25546 -11.446524 21.698860 1506.612671
25547 -11.011131 21.625238 1506.163452
25548 -10.689518 21.195711 1505.892334
25549 -10.773085 20.669729 1506.070068
25550 -10.279943 20.554844 1505.617920
25551 -10.615723 20.084063 1506.063354
25552 -10.186041 19.875772 1505.714233
25553 -9.759448 19.992153 1505.286987
25554 -9.639430 20.698099 1505.002563
25555 -9.266136 20.143425 1504.806763
25556 -9.273560 19.438761 1505.049194
25557 -8.839930 20.407827 1504.365234
25558 -9.228406 20.652449 1504.649292
25559 -8.964268 21.006819 1504.356812
25560 -8.505764 20.896872 1503.976563
25561 -8.002205 20.910194 1503.540527
25562 -8.300178 21.458181 1503.740234
25563 -7.732703 21.576982 1503.260254
25564 -8.146876 22.112158 1503.611694
25565 -7.571480 22.311808 1503.162109
25566 -7.911969 22.890213 1503.516479
25567 -8.593431 22.527258 1504.012207
25568 -8.512220 23.209507 1504.050781
25569 -9.153073 22.844362 1504.507080
25570 -9.110511 22.201233 1504.418091
25571 -9.585204 22.500113 1504.836060
25572 -9.525915 21.833136 1504.771606
25573 -10.062840 22.070013 1505.240723
25574 -9.792184 21.425734 1505.029785
25575 -10.202276 21.319937 1505.412476
25576 -9.392310 21.196711 1504.703369
25577 -10.594816 21.873619 1505.737915
25578 -9.072113 21.585005 1504.391235
25579 -8.705291 21.371428 1504.092041
25580 -8.662016 21.881882 1504.035278
25581 -7.571102 20.983934 1503.169189
25582 8.339161 8.724835 1534.037354
25583 8.802256 8.494160 1533.411011
25584 7.954655 8.569467 1533.379761
25585 7.508621 8.766655 1533.890137
25586 15.523388 7.740878 1534.829834
25587 19.035128 6.018660 1530.906372
25588 19.649776 5.853684 1531.090088
25589 19.612986 5.728338 1530.537476
25590 20.165827 5.615765 1530.872681
25591 20.136145 5.466156 1530.297729
25592 20.711662 5.335268 1530.629883
25593 21.384172 5.200709 1531.000854
25594 21.141642 5.078158 1530.400879
25595 21.655092 4.855539 1530.424805
25596 21.263227 4.842804 1529.905151
25597 21.847233 4.535622 1529.885986
25598 22.565769 4.170331 1529.944336
25599 20.750420 4.920001 1529.372559
25600 20.671356 5.160085 1530.020630
25601 19.650961 5.584791 1530.003540
25602 19.043259 5.844383 1530.102783
25603 20.122124 4.711601 1527.554077
25604 21.015591 4.189992 1527.687134
25605 21.966702 3.736503 1528.221802
25606 22.542110 3.304329 1528.189575
25607 23.064775 3.248184 1528.789795
25608 23.042234 2.934579 1528.165771
25609 23.604544 2.876097 1528.742920
25610 23.636221 3.231126 1529.361206
25611 24.157135 2.921579 1529.304199
25612 24.289507 3.259457 1529.859131
25613 24.677021 2.881944 1529.557007
25614 24.992941 3.084329 1529.914307
25615 24.789526 3.490290 1530.321289
25616 24.149977 3.724686 1530.396362
25617 24.631414 3.920632 1530.774292
25618 23.984968 4.126781 1530.854858
25619 25.090296 4.154454 1531.055176
25620 25.219007 3.723668 1530.616333
25621 25.602325 3.951700 1530.805542
25622 25.747080 3.547057 1530.415894
25623 26.334322 3.440524 1530.210571
25624 25.981430 3.107484 1529.999146
25625 25.388315 3.380107 1530.277222
25626 25.569059 2.887901 1529.797485
25627 25.664833 2.521372 1529.431763
25628 25.177992 2.709366 1529.534302
25629 25.371248 2.301890 1529.104614
25630 24.748896 2.503173 1529.088623
25631 24.589306 2.208276 1528.537720
25632 24.146185 2.520241 1528.675049
25633 24.192039 2.159614 1528.093018
25634 23.624674 2.500390 1528.088135
25635 23.737690 2.140716 1527.526245
25636 31.401920 7.516390 1528.883911
25637 32.810398 21.524849 1519.276978
25638 32.590065 21.992533 1518.569336
25639 32.314613 22.073112 1519.255493
25640 32.787365 21.309389 1519.989746
25641 22.039059 26.232309 1500.657837
25642 22.367281 25.666235 1500.493164
25643 22.625797 26.024115 1500.965576
25644 22.919447 25.525534 1500.820190
25645 22.813097 25.157589 1500.480591
25646 23.234179 25.074495 1500.748047
25647 23.167336 24.537128 1500.350830
25648 22.715317 24.803934 1500.188599
25649 22.346651 25.156046 1500.146118
25650 23.540062 24.383543 1500.533569
25651 23.839327 24.821190 1501.059326
25652 24.213230 24.150799 1500.907227
25653 24.788130 23.834743 1501.151123
25654 24.514851 23.507486 1500.727295
25655 23.998590 23.844278 1500.548218
25656 23.437731 25.395138 1501.147339
25657 23.064213 25.816217 1501.164429
25658 23.453211 22.111803 1499.255737
25659 23.525883 22.619070 1499.550537
25660 -8.801632 26.130173 1505.169800
25661 -5.259742 10.186265 1513.192139
25662 -4.707092 9.891727 1513.005859
25663 -3.575218 8.947546 1514.331665
25664 -3.235082 8.658302 1514.790771
25665 -2.749351 8.313776 1515.002563
25666 -6.383188 9.516004 1520.714233
25667 2.103669 6.828240 1529.345459
25668 2.821975 6.838471 1529.268555
25669 1.899342 6.315001 1527.581055
25670 2.613306 6.341606 1527.679443
25671 3.217656 6.174072 1527.020630
25672 3.776778 6.211100 1527.070190
25673 3.952176 6.045740 1526.428345
25674 4.460610 6.234230 1526.966919
25675 4.579683 6.056942 1526.285400
25676 5.175888 6.065218 1526.036377
25677 3.490979 6.816050 1529.063965
25678 4.089362 6.778754 1528.803955
25679 4.656384 6.739325 1528.511719
25680 9.597794 7.150680 1526.569824
25681 10.207163 7.249260 1526.786499
25682 10.757894 7.262306 1526.841064
25683 11.205957 7.314891 1527.185669
25684 11.319897 7.144993 1526.497070
25685 12.155323 7.018603 1526.392212
25686 12.360601 7.512171 1529.267578
25687 12.954541 7.428602 1529.262695
25688 12.811760 7.504908 1529.858643
25689 12.710995 7.566880 1530.473633
25690 13.318105 7.482497 1530.458008
25691 13.247188 7.540159 1531.067505
25692 12.618126 7.627823 1531.083252
25693 13.858971 7.451676 1531.036621
25694 13.917091 7.394621 1530.420898
25695 14.464841 7.352406 1530.965210
25696 14.505241 7.293010 1530.318237
25697 15.066230 7.229341 1530.802124
25698 15.060986 7.170097 1530.124634
25699 14.540679 7.228077 1529.691895
25700 13.993088 7.332235 1529.820557
25701 14.087534 7.264240 1529.316895
25702 13.562174 7.341276 1529.272095
25703 13.410787 7.420845 1529.852539
25704 14.518944 7.157729 1529.080688
25705 15.039413 7.014608 1528.848877
25706 15.077298 7.092433 1529.449341
25707 15.455311 6.972938 1529.234497
25708 15.942235 6.841886 1529.260376
25709 15.520904 6.878515 1528.754761
25710 16.046654 6.717081 1528.711426
25711 16.482370 6.552463 1528.602051
25712 16.060411 6.599569 1528.151245
25713 15.613057 6.753436 1528.239136
25714 16.620352 6.419859 1528.193604
25715 24.323845 0.614535 1525.027344
25716 36.325794 14.732330 1521.677734
25717 8.619979 19.629087 1496.017212
25718 8.657487 19.911604 1496.033203
25719 9.224251 20.118631 1496.007202
25720 9.810714 20.268103 1495.987793
25721 10.440181 20.123022 1495.963257
25722 -0.853054 19.911249 1498.879883
25723 -2.994740 17.817554 1501.070801
25724 -0.423735 6.874491 1516.876343
25725 -0.497059 6.894705 1517.463135
25726 -0.556704 6.634525 1520.006226
25727 -0.178618 6.425022 1520.721802
25728 -0.458728 6.426729 1521.148071
25729 0.153949 6.267618 1521.317505
25730 -0.172111 6.261578 1521.951782
25731 0.696569 6.098918 1521.820679
25732 0.431084 6.078686 1522.648315
25733 -0.156235 6.202558 1522.582153
25734 -0.717557 6.326886 1522.597534
25735 -1.017564 6.494957 1521.633057
25736 -1.398907 6.515629 1522.445190
25737 -1.606072 6.634184 1521.840942
25738 -1.960423 6.701766 1522.334106
25739 -1.760108 6.600616 1522.927612
25740 -0.127373 6.164038 1523.173584
25741 1.142606 5.974586 1522.254395
25742 1.230829 5.998613 1521.775513
25743 1.746876 5.879705 1522.030273
25744 1.598309 5.865251 1522.694214
25745 2.260314 5.765558 1522.456299
25746 2.370934 5.787287 1521.678955
25747 3.022030 5.660666 1522.019897
25748 3.106487 5.637441 1522.595703
25749 3.793752 5.560704 1522.375610
25750 4.331030 5.550724 1523.044312
25751 4.679902 5.512070 1522.496460
25752 4.306638 5.503196 1521.771973
25753 5.134510 5.468078 1521.951172
25754 4.800931 5.443063 1521.309082
25755 4.097274 5.514179 1521.203979
25756 4.463488 5.449323 1520.671631
25757 5.146630 5.368528 1520.610840
25758 3.782668 5.559045 1520.687012
25759 3.372106 5.645174 1520.170532
25760 3.525888 5.606051 1519.406738
25761 3.158567 5.678854 1520.753174
25762 3.521616 5.601420 1521.149536
25763 3.033408 5.680108 1521.387451
25764 2.429956 5.824023 1520.933594
25765 1.722277 5.940036 1521.346558
25766 1.814034 5.980201 1520.681519
25767 1.217054 6.111722 1520.716064
25768 0.926136 6.114820 1521.249268
25769 0.502147 6.274044 1520.699707
25770 3.623116 5.580241 1521.657349
25771 5.795563 5.503648 1522.235840
25772 5.316535 5.518213 1522.551636
25773 5.829064 5.588037 1522.923706
25774 5.118578 5.567693 1523.167358
25775 5.776690 5.677564 1523.624512
25776 5.201652 5.661607 1523.928589
25777 4.674058 5.592031 1523.584839
25778 6.383272 5.711142 1523.340820
25779 6.351255 5.596621 1522.642944
25780 6.936127 5.725449 1522.978027
25781 6.804377 5.600570 1522.383301
25782 7.422508 5.679810 1522.434448
25783 6.960937 5.521789 1521.857178
25784 6.345241 5.500868 1521.990112
25785 7.570215 5.884002 1523.256226
25786 5.764219 6.066211 1525.650513
25787 6.233385 6.078680 1525.313110
25788 7.096067 6.615516 1526.598267
25789 13.928203 6.204882 1524.786377
25790 13.977390 6.434002 1525.524292
25791 14.461394 6.228088 1525.219482
25792 14.437439 6.441006 1525.884277
25793 14.989433 6.225556 1525.623413
25794 15.520874 6.216233 1526.069702
25795 15.523181 6.023424 1525.434937
25796 16.090286 6.002440 1525.922852
25797 16.098942 6.171108 1526.517090
25798 16.688005 5.955789 1526.447266
25799 16.727428 5.761847 1525.814331
25800 17.280199 5.703014 1526.304443
25801 17.267269 5.543694 1525.726807
25802 17.831646 5.401515 1525.998657
25803 17.461128 5.376580 1525.409180
25804 16.856850 5.527135 1525.173950
25805 17.252560 5.279573 1524.832397
25806 16.190115 5.578288 1524.643066
25807 16.155979 5.793083 1525.293945
25808 15.590481 5.813733 1524.829956
25809 15.001537 6.028069 1525.008057
25810 17.859238 4.720925 1523.911987
25811 25.506557 -1.965820 1522.476563
25812 25.651253 -2.347459 1522.011597
25813 26.011797 -2.813461 1521.692383
25814 26.482140 -3.258384 1521.628418
25815 38.089573 3.501261 1526.115967
25816 37.624733 10.431635 1523.644531
25817 29.365038 19.512539 1502.478760
25818 30.045067 16.848564 1502.227417
25819 29.630327 16.729614 1501.750244
25820 29.950268 16.114079 1501.836060
25821 29.386202 16.162907 1501.316650
25822 29.704901 15.504716 1501.375244
25823 29.166830 15.667505 1500.961792
25824 29.349190 15.039310 1500.924072
25825 29.982378 14.779410 1501.321533
25826 30.242390 15.342360 1501.764648
25827 30.495308 15.960191 1502.271851
25828 30.265141 17.396467 1502.674438
25829 11.051412 20.125721 1495.960205
25830 16.633724 15.405346 1496.043823
25831 2.986187 18.508791 1497.062256
25832 4.736971 18.259535 1496.496582
25833 5.197991 18.418612 1496.390015
25834 5.227717 17.835783 1496.404175
25835 5.804734 17.979811 1496.281860
25836 6.468216 17.584759 1496.170898
25837 5.738489 18.594553 1496.292358
25838 8.063901 14.124319 1496.550659
25839 17.235807 15.594649 1496.071655
25840 23.062841 15.662611 1497.434204
25841 21.816782 8.364284 1498.628296
25842 19.085495 6.812581 1499.255493
25843 19.591705 6.369486 1499.485840
25844 18.955515 6.124788 1499.676514
25845 19.832373 5.698429 1499.815552
25846 20.336422 6.254256 1499.472168
25847 1.064671 6.323833 1518.564575
25848 1.825353 6.085895 1518.848022
25849 0.645827 6.430367 1518.975342
25850 2.298433 5.934665 1518.208496
25851 17.303219 4.256572 1522.305176
25852 19.794546 1.981825 1520.972534
25853 26.715767 -3.491868 1519.941406
25854 27.204741 -3.849017 1520.240723
25855 27.676466 -4.217710 1521.196655
25856 30.512680 -1.050478 1527.486816
25857 38.103168 2.961621 1526.004272
25858 38.367004 2.664866 1525.695190
25859 41.109962 5.726394 1521.823608
25860 36.386166 17.780144 1513.356323
25861 36.768879 17.145031 1510.445679
25862 37.306072 17.033560 1510.543579
25863 37.006500 17.144190 1511.027588
25864 37.575088 17.012121 1511.126709
25865 38.071217 16.936594 1511.244019
25866 37.879967 16.939888 1511.707520
25867 38.416462 16.924067 1511.030762
25868 37.216732 17.114281 1511.528931
25869 37.541622 17.011103 1512.318115
25870 36.902218 17.278828 1512.061157
25871 39.169777 16.974524 1510.487915
25872 36.835773 16.956390 1505.454468
25873 37.387432 17.142479 1504.948364
25874 37.557312 17.210531 1504.394165
25875 38.312645 17.277325 1504.308594
25876 25.195019 13.950219 1498.358887
25877 25.771507 14.375431 1498.577637
25878 25.882271 13.778302 1498.653687
25879 26.430515 13.342904 1498.902710
25880 26.752592 12.673062 1499.025391
25881 26.546371 11.961504 1498.878906
25882 27.426163 10.104377 1498.781982
25883 24.148228 8.989812 1498.397339
25884 5.211661 5.071213 1510.555054
25885 5.762578 4.828093 1510.972900
25886 5.176569 4.969156 1511.232910
25887 4.626644 5.200960 1510.884766
25888 4.670630 5.082433 1511.572754
25889 4.006157 5.259069 1511.877075
25890 4.604774 5.019351 1512.334473
25891 3.854053 5.240442 1512.545044
25892 3.439893 5.424930 1512.054199
25893 4.329589 5.054189 1513.037354
25894 5.180270 4.885199 1511.876587
25895 5.758901 4.687092 1512.030396
25896 5.584865 4.799257 1511.548950
25897 6.119701 4.639117 1511.515259
25898 6.380105 4.485983 1512.067505
25899 6.622582 4.342568 1512.644653
25900 7.003890 4.280159 1512.090698
25901 7.268069 4.119233 1512.672485
25902 7.382468 4.243746 1511.515747
25903 6.756039 4.442735 1511.513672
25904 21.442888 -0.045898 1519.427124
25905 25.090929 -2.372221 1518.606201
25906 25.482840 -2.499789 1517.948120
25907 25.757332 -2.705380 1518.529907
25908 26.173342 -2.781030 1517.914917
25909 26.892134 -3.061748 1517.875488
25910 40.458275 3.600347 1522.503418
25911 40.826141 4.005619 1522.367310
25912 44.852871 11.595391 1515.475830
25913 34.383190 15.903082 1502.999023
25914 33.685871 15.698374 1503.135132
25915 26.079508 8.057961 1498.048218
25916 25.406080 7.537725 1498.220459
25917 26.122297 7.255867 1498.020752
25918 25.691891 6.862117 1498.228271
25919 25.224104 6.725670 1498.437744
25920 25.279102 6.033672 1498.709839
25921 25.736959 6.247175 1498.418091
25922 26.180523 6.509274 1498.134155
25923 26.780342 6.150826 1498.106934
25924 11.169975 3.880649 1508.115601
25925 10.514477 4.042412 1508.467773
25926 14.026855 2.181983 1514.810669
25927 14.819663 1.962255 1514.912842
25928 15.497686 1.811351 1515.326416
25929 42.365181 6.249221 1516.740723
25930 27.228102 6.134080 1498.193970
25931 27.569038 6.621300 1498.032959
25932 22.458881 1.219818 1502.220093
25933 22.980026 1.189888 1501.978638
25934 23.406532 1.163434 1501.781982
25935 17.753748 0.722397 1513.384277
25936 24.979431 -1.865309 1512.305542
25937 25.230452 -1.956815 1511.647949
25938 15.802568 1.405535 1512.575317
25939 18.833057 0.130050 1508.105713
25940 14.450916 1.849648 1511.187988
