44685
0 0 1371
1 0 3733
2 0 3737
3 0 7167
4 0 12145
5 0 14951
6 1 3733
7 1 7164
8 1 12145
9 1 13721
10 1 13722
11 1 13801
12 2 3
13 2 1373
14 2 3726
15 2 3728
16 2 7171
17 2 13568
18 3 1373
19 3 3082
20 3 3728
21 3 3737
22 3 14951
23 4 279
24 4 1375
25 4 2892
26 4 3739
27 4 6309
28 4 14953
29 5 10422
30 5 10916
31 5 11338
32 5 12006
33 5 12592
34 5 14442
35 6 7
36 6 3078
37 6 3084
38 6 5889
39 6 14953
40 6 14954
41 7 3084
42 7 3742
43 7 7174
44 7 13567
45 7 14954
46 8 3742
47 8 7177
48 8 7178
49 8 14954
50 9 481
51 9 3830
52 9 4147
53 9 11189
54 9 14686
55 9 14687
56 10 14
57 10 17
58 10 338
59 10 7208
60 10 10770
61 10 14928
62 11 12
63 11 7205
64 11 7538
65 12 14
66 12 7207
67 12 7538
68 12 10770
69 13 299
70 13 1356
71 13 2521
72 13 3754
73 13 6658
74 13 7475
75 14 17
76 14 1383
77 14 10770
78 15 132
79 15 299
80 15 3755
81 15 3757
82 15 6392
83 15 7475
84 16 23
85 16 2367
86 16 2517
87 16 3757
88 16 7547
89 16 14960
90 17 1383
91 17 2521
92 17 6658
93 17 14928
94 18 20
95 18 2462
96 18 7221
97 18 7223
98 18 14959
99 19 2558
100 19 10806
101 19 11112
102 19 11296
103 19 11342
104 19 11549
105 20 2462
106 20 2876
107 20 4469
108 20 14959
109 20 14962
110 20 14964
111 21 24
112 21 26
113 21 1372
114 21 1729
115 21 3758
116 21 9811
117 22 23
118 22 130
119 22 131
120 22 2186
121 22 2367
122 22 4469
123 22 14962
124 23 2367
125 23 14960
126 23 14962
127 24 26
128 24 29
129 24 126
130 24 3758
131 24 14932
132 25 125
133 25 3758
134 25 3762
135 25 9811
136 25 11260
137 25 13003
138 25 14932
139 26 29
140 26 1729
141 26 2462
142 26 7559
143 26 14964
144 27 1368
145 27 1369
146 27 3762
147 27 3768
148 27 11260
149 27 14406
150 28 35
151 28 1367
152 28 2464
153 28 3764
154 28 14966
155 28 14968
156 29 126
157 29 127
158 29 2416
159 29 14964
160 30 32
161 30 1365
162 30 6448
163 30 14966
164 30 14968
165 30 14970
166 31 35
167 31 312
168 31 1664
169 31 3764
170 31 3768
171 31 14406
172 31 14934
173 32 34
174 32 316
175 32 6448
176 32 14935
177 32 14970
178 32 14972
179 33 36
180 33 1754
181 33 3766
182 33 6873
183 33 7239
184 33 7571
185 34 38
186 34 2067
187 34 3373
188 34 14631
189 34 14970
190 34 14972
191 35 120
192 35 3764
193 35 14934
194 35 14966
195 36 41
196 36 319
197 36 1754
198 36 3766
199 36 13754
200 37 39
201 37 2465
202 37 3770
203 37 6873
204 37 12552
205 38 41
206 38 1754
207 38 3373
208 38 13191
209 38 14631
210 39 43
211 39 113
212 39 3770
213 39 11038
214 39 12552
215 39 14938
216 40 42
217 40 43
218 40 44
219 40 1036
220 40 2466
221 40 11038
222 40 14976
223 41 319
224 41 1754
225 41 2542
226 41 3373
227 42 44
228 42 47
229 42 1036
230 42 1362
231 42 7244
232 43 2466
233 43 3771
234 43 11038
235 43 12552
236 44 47
237 44 110
238 44 324
239 44 14976
240 45 46
241 45 1359
242 45 1361
243 45 2408
244 45 3071
245 45 3775
246 45 14979
247 46 107
248 46 108
249 46 3071
250 46 3775
251 46 14941
252 47 324
253 47 1362
254 47 14977
255 47 14978
256 48 105
257 48 1315
258 48 3778
259 48 6134
260 48 14633
261 48 14980
262 49 51
263 49 2468
264 49 2875
265 49 14633
266 49 14980
267 49 14981
268 50 2467
269 50 2875
270 50 2878
271 50 6134
272 50 7255
273 50 7259
274 50 14633
275 51 52
276 51 1358
277 51 2347
278 51 2468
279 51 14981
280 52 101
281 52 1358
282 52 1539
283 52 14981
284 52 14982
285 53 54
286 53 1539
287 53 2633
288 53 8393
289 53 14943
290 53 14982
291 54 55
292 54 3223
293 54 8393
294 54 14943
295 54 14983
296 55 7411
297 55 8393
298 55 9666
299 55 10952
300 55 14983
301 56 100
302 56 103
303 56 3223
304 56 3785
305 56 14983
306 56 14984
307 57 58
308 57 1148
309 57 3786
310 57 3819
311 57 3821
312 57 14984
313 58 1148
314 58 2469
315 58 3786
316 58 14868
317 58 14985
318 59 95
319 59 96
320 59 2345
321 59 3786
322 59 3787
323 59 14985
324 60 1355
325 60 3099
326 60 3787
327 60 12217
328 60 14985
329 60 14986
330 61 62
331 61 2470
332 61 3789
333 61 5176
334 61 14986
335 62 95
336 62 3787
337 62 3789
338 62 3812
339 62 14986
340 63 64
341 63 1354
342 63 2471
343 63 3790
344 63 14987
345 63 14988
346 64 93
347 64 1905
348 64 3789
349 64 14987
350 64 14988
351 65 1351
352 65 1352
353 65 3792
354 65 8298
355 65 14989
356 66 92
357 66 3790
358 66 3792
359 66 8298
360 66 14944
361 66 14988
362 67 1351
363 67 2143
364 67 2152
365 67 3104
366 67 7291
367 67 14989
368 68 90
369 68 2143
370 68 2152
371 68 3794
372 68 3808
373 68 14945
374 68 14946
375 69 70
376 69 1349
377 69 1350
378 69 1523
379 69 4146
380 69 14991
381 70 88
382 70 89
383 70 3796
384 70 4146
385 70 14991
386 71 72
387 71 85
388 71 3796
389 71 13053
390 71 14991
391 71 14992
392 71 14999
393 72 3797
394 72 7299
395 72 8416
396 72 12241
397 72 13053
398 72 14992
399 73 74
400 73 85
401 73 2076
402 73 3799
403 73 10203
404 73 14992
405 73 14997
406 74 2473
407 74 3797
408 74 10203
409 74 14992
410 74 14993
411 75 76
412 75 1864
413 75 3799
414 75 3801
415 75 3805
416 75 10203
417 75 14993
418 76 1864
419 76 3801
420 76 12281
421 76 14994
422 76 14996
423 77 78
424 77 2173
425 77 11902
426 77 13037
427 77 14994
428 77 14996
429 78 2173
430 78 6818
431 78 11902
432 78 12249
433 78 14491
434 79 589
435 79 3593
436 79 3802
437 79 5138
438 79 11902
439 79 13037
440 80 237
441 80 3593
442 80 3801
443 80 3803
444 80 13037
445 80 14996
446 81 82
447 81 239
448 81 592
449 81 3592
450 81 3803
451 81 3805
452 82 237
453 82 593
454 82 3592
455 82 3803
456 82 13910
457 83 1613
458 83 2499
459 83 5493
460 83 5498
461 83 14391
462 83 14392
463 84 850
464 84 851
465 84 11076
466 84 11465
467 84 11752
468 84 12040
469 84 13929
470 85 86
471 85 2076
472 85 14992
473 85 14999
474 86 245
475 86 594
476 86 2076
477 86 2831
478 86 9880
479 86 14999
480 87 88
481 87 1734
482 87 3796
483 87 9880
484 87 14999
485 87 15000
486 88 89
487 88 1734
488 88 3545
489 88 3796
490 89 3545
491 89 3794
492 89 4146
493 89 9808
494 89 14946
495 90 91
496 90 2143
497 90 3810
498 90 14945
499 90 14989
500 91 92
501 91 3792
502 91 3810
503 91 14989
504 91 15002
505 92 3792
506 92 3809
507 92 14944
508 92 15002
509 93 1905
510 93 3789
511 93 3813
512 93 10742
513 93 15003
514 94 266
515 94 616
516 94 3812
517 94 3814
518 94 10742
519 94 15003
520 95 2345
521 95 3787
522 95 3812
523 95 3814
524 96 97
525 96 2345
526 96 2954
527 96 3786
528 96 3819
529 97 98
530 97 270
531 97 619
532 97 2954
533 97 3819
534 98 619
535 98 623
536 98 2667
537 98 3819
538 98 3821
539 98 7086
540 99 3242
541 99 6977
542 99 7250
543 99 7251
544 99 7352
545 99 10903
546 99 14239
547 100 103
548 100 332
549 100 628
550 100 3223
551 100 13694
552 101 781
553 101 1759
554 101 14981
555 101 14982
556 101 15005
557 102 334
558 102 1443
559 102 1759
560 102 2633
561 102 3161
562 102 13848
563 103 628
564 103 3821
565 103 7086
566 103 14984
567 104 1518
568 104 3751
569 104 4875
570 104 4876
571 104 4877
572 104 5099
573 105 328
574 105 781
575 105 1315
576 105 7421
577 105 14980
578 105 15005
579 106 107
580 106 288
581 106 328
582 106 648
583 106 1714
584 106 14942
585 107 648
586 107 3071
587 107 14941
588 107 14942
589 108 109
590 108 326
591 108 3775
592 108 14941
593 108 14978
594 109 324
595 109 326
596 109 3586
597 109 14940
598 109 14978
599 110 324
600 110 1216
601 110 2004
602 110 14940
603 110 14976
604 111 1556
605 111 1590
606 111 2102
607 111 4827
608 111 8149
609 111 8324
610 112 296
611 112 1852
612 112 3580
613 112 3582
614 112 12707
615 112 14938
616 112 14939
617 113 1852
618 113 2256
619 113 2617
620 113 3770
621 113 14938
622 114 2052
623 114 2913
624 114 6428
625 114 6429
626 114 6434
627 114 10880
628 114 14329
629 115 1794
630 115 2833
631 115 3332
632 115 8481
633 115 12493
634 115 12495
635 115 13000
636 116 117
637 116 118
638 116 672
639 116 2542
640 116 9812
641 116 14936
642 117 118
643 117 301
644 117 304
645 117 672
646 117 2828
647 118 119
648 118 304
649 118 316
650 118 14936
651 119 304
652 119 305
653 119 314
654 119 316
655 119 14935
656 120 121
657 120 314
658 120 6448
659 120 14934
660 120 14966
661 121 305
662 121 314
663 121 678
664 121 9084
665 121 14934
666 122 1429
667 122 3462
668 122 5502
669 122 6640
670 122 9178
671 122 9266
672 123 310
673 123 311
674 123 1664
675 123 4766
676 123 5580
677 124 418
678 124 3611
679 124 3612
680 124 3723
681 124 6853
682 124 6946
683 124 14873
684 125 308
685 125 685
686 125 4766
687 125 13003
688 125 14932
689 126 127
690 126 308
691 126 14931
692 126 14932
693 127 128
694 127 306
695 127 2416
696 127 14931
697 128 306
698 128 689
699 128 692
700 128 2010
701 128 14931
702 129 130
703 129 302
704 129 693
705 129 695
706 129 697
707 129 14930
708 130 302
709 130 2186
710 130 4469
711 130 14930
712 131 132
713 131 2186
714 131 2367
715 131 2368
716 131 6392
717 132 134
718 132 299
719 132 2368
720 132 6392
721 133 134
722 133 299
723 133 329
724 133 703
725 133 11144
726 133 14927
727 134 299
728 134 300
729 134 329
730 134 2054
731 134 2368
732 135 136
733 135 705
734 135 14927
735 136 1356
736 136 1383
737 136 2521
738 136 14927
739 137 2797
740 137 6293
741 137 6408
742 137 10913
743 137 10919
744 137 10943
745 138 1051
746 138 3037
747 138 3038
748 138 12843
749 138 13156
750 138 13808
751 139 1441
752 139 5513
753 139 6200
754 139 6291
755 139 10870
756 139 11049
757 140 143
758 140 3078
759 140 5889
760 141 4958
761 141 4974
762 141 4975
763 141 5883
764 141 13231
765 141 14182
766 142 3083
767 142 4302
768 142 6239
769 142 6617
770 142 14233
771 142 14630
772 143 1374
773 143 1375
774 143 5889
775 143 14733
776 144 337
777 144 2088
778 144 2848
779 144 13074
780 144 14916
781 144 15007
782 145 147
783 145 277
784 145 1373
785 145 2088
786 145 3082
787 145 15007
788 146 147
789 146 148
790 146 274
791 146 1371
792 146 3082
793 146 14951
794 147 148
795 147 152
796 147 3082
797 147 15007
798 148 152
799 148 274
800 148 8243
801 148 15008
802 149 151
803 149 274
804 149 739
805 149 14913
806 149 14915
807 149 15008
808 150 151
809 150 153
810 150 273
811 150 6046
812 150 14913
813 151 6046
814 151 13722
815 151 14913
816 151 14915
817 152 339
818 152 8243
819 152 15007
820 153 273
821 153 344
822 153 345
823 153 14910
824 153 14913
825 154 155
826 154 272
827 154 273
828 154 7161
829 154 13724
830 154 14910
831 155 156
832 155 157
833 155 272
834 155 7160
835 155 7161
836 156 157
837 156 267
838 156 269
839 156 271
840 156 7160
841 157 271
842 157 272
843 157 744
844 157 2910
845 158 159
846 158 265
847 158 748
848 158 970
849 158 7155
850 158 14909
851 159 160
852 159 265
853 159 7155
854 159 7156
855 159 13735
856 160 162
857 160 263
858 160 265
859 160 13735
860 160 14907
861 161 163
862 161 262
863 161 263
864 161 13734
865 161 14906
866 161 14907
867 162 265
868 162 353
869 162 355
870 162 750
871 162 14907
872 163 262
873 163 355
874 163 14907
875 163 14969
876 164 165
877 164 262
878 164 7152
879 164 13991
880 164 14905
881 164 14906
882 165 166
883 165 260
884 165 7152
885 165 13958
886 165 14905
887 166 167
888 166 260
889 166 358
890 166 14905
891 166 14967
892 167 168
893 167 260
894 167 358
895 167 14904
896 167 14965
897 168 258
898 168 14903
899 168 14904
900 168 14965
901 169 170
902 169 256
903 169 258
904 169 13739
905 169 13741
906 169 14903
907 170 256
908 170 360
909 170 361
910 170 7080
911 170 14903
912 171 254
913 171 256
914 171 7080
915 171 7143
916 171 7146
917 171 14902
918 172 196
919 172 309
920 172 311
921 172 681
922 172 683
923 172 5580
924 173 174
925 173 252
926 173 254
927 173 13745
928 173 13746
929 173 14901
930 174 252
931 174 364
932 174 14900
933 174 14901
934 175 176
935 175 250
936 175 252
937 175 7142
938 175 13748
939 175 14899
940 176 252
941 176 760
942 176 762
943 176 14899
944 176 14900
945 177 178
946 177 248
947 177 762
948 177 1932
949 177 3575
950 177 14899
951 178 248
952 178 369
953 178 1932
954 178 13750
955 178 14898
956 179 369
957 179 1947
958 179 9682
959 179 14897
960 179 14898
961 180 246
962 180 1947
963 180 6516
964 180 7134
965 180 9682
966 180 13751
967 181 246
968 181 3091
969 181 6552
970 181 8359
971 181 9682
972 181 10823
973 182 454
974 182 455
975 182 1287
976 182 3555
977 182 3671
978 182 3673
979 182 14051
980 183 184
981 183 244
982 183 1596
983 183 1652
984 183 2736
985 183 7131
986 184 242
987 184 244
988 184 375
989 184 1596
990 184 7039
991 184 11561
992 185 187
993 185 4162
994 185 4951
995 185 5601
996 185 8474
997 185 14895
998 186 356
999 186 357
1000 186 421
1001 186 809
1002 186 2094
1003 186 3719
1004 186 9299
1005 187 238
1006 187 2041
1007 187 4951
1008 187 13968
1009 187 14894
1010 187 14895
1011 188 381
1012 188 3570
1013 188 4951
1014 188 5601
1015 188 9300
1016 188 13968
1017 189 190
1018 189 235
1019 189 385
1020 189 386
1021 189 9135
1022 189 14649
1023 189 14894
1024 190 235
1025 190 7123
1026 190 9875
1027 190 14649
1028 191 2369
1029 191 10116
1030 191 10188
1031 191 12022
1032 191 12304
1033 191 12579
1034 192 233
1035 192 235
1036 192 1552
1037 192 9875
1038 192 14760
1039 192 14893
1040 193 2867
1041 193 4992
1042 193 6112
1043 193 6284
1044 193 6455
1045 193 12371
1046 193 14670
1047 194 231
1048 194 233
1049 194 1698
1050 194 7124
1051 194 7323
1052 194 14760
1053 195 231
1054 195 1364
1055 195 1549
1056 195 2429
1057 195 4855
1058 195 9898
1059 196 309
1060 196 683
1061 196 3598
1062 196 7026
1063 196 7300
1064 197 200
1065 197 225
1066 197 229
1067 197 7117
1068 197 7201
1069 197 14890
1070 198 1440
1071 198 7350
1072 198 8967
1073 198 10872
1074 198 12283
1075 198 12289
1076 198 13094
1077 199 201
1078 199 202
1079 199 224
1080 199 7118
1081 199 7204
1082 199 14888
1083 200 224
1084 200 225
1085 200 7117
1086 200 13767
1087 200 14889
1088 201 202
1089 201 204
1090 201 7113
1091 201 7116
1092 201 7204
1093 201 13691
1094 202 2346
1095 202 13691
1096 202 14888
1097 203 2415
1098 203 4998
1099 203 7939
1100 203 13353
1101 203 13391
1102 203 13412
1103 204 2702
1104 204 6754
1105 204 7113
1106 204 13691
1107 204 13771
1108 205 2465
1109 205 7241
1110 205 7445
1111 205 7449
1112 205 7573
1113 205 14444
1114 206 207
1115 206 217
1116 206 6957
1117 206 7373
1118 206 7375
1119 206 14887
1120 207 208
1121 207 217
1122 207 6957
1123 207 7106
1124 207 13983
1125 207 14886
1126 208 212
1127 208 6958
1128 208 7370
1129 208 13983
1130 208 14886
1131 209 210
1132 209 212
1133 209 6930
1134 209 6958
1135 209 14883
1136 209 14884
1137 210 213
1138 210 2372
1139 210 6930
1140 210 7403
1141 210 14883
1142 211 213
1143 211 1830
1144 211 3595
1145 211 3597
1146 211 6959
1147 211 13984
1148 212 6958
1149 212 14884
1150 212 14885
1151 212 14886
1152 213 1830
1153 213 2372
1154 213 2607
1155 213 6959
1156 213 14883
1157 214 215
1158 214 566
1159 214 569
1160 214 826
1161 214 3595
1162 214 14006
1163 215 220
1164 215 569
1165 215 7097
1166 215 11166
1167 215 14006
1168 216 220
1169 216 221
1170 216 570
1171 216 572
1172 216 6963
1173 216 6964
1174 217 675
1175 217 7106
1176 217 7108
1177 217 14887
1178 218 674
1179 218 2702
1180 218 2952
1181 218 6754
1182 218 6950
1183 218 6953
1184 219 221
1185 219 572
1186 219 2877
1187 219 10922
1188 219 14004
1189 219 14005
1190 220 221
1191 220 569
1192 220 570
1193 220 7097
1194 221 572
1195 221 7097
1196 221 14005
1197 222 226
1198 222 580
1199 222 2047
1200 222 2901
1201 222 6251
1202 222 7093
1203 223 2346
1204 223 2702
1205 223 6938
1206 223 6950
1207 223 13691
1208 223 13982
1209 224 7118
1210 224 13767
1211 224 14888
1212 224 14889
1213 225 229
1214 225 2810
1215 225 6945
1216 225 14889
1217 226 575
1218 226 580
1219 226 2047
1220 226 3594
1221 226 13986
1222 227 228
1223 227 574
1224 227 580
1225 227 6251
1226 227 8726
1227 227 13946
1228 228 574
1229 228 583
1230 228 7361
1231 228 8726
1232 228 12169
1233 229 2429
1234 229 2810
1235 229 6822
1236 229 14890
1237 230 583
1238 230 5753
1239 230 12169
1240 230 14001
1241 230 14177
1242 231 1549
1243 231 1698
1244 231 7323
1245 231 9898
1246 232 584
1247 232 586
1248 232 2553
1249 232 5599
1250 232 5753
1251 232 13911
1252 233 1552
1253 233 7124
1254 233 7199
1255 233 14760
1256 234 586
1257 234 933
1258 234 2536
1259 234 2553
1260 234 4234
1261 234 9248
1262 235 385
1263 235 9875
1264 235 14893
1265 236 589
1266 236 1938
1267 236 2553
1268 236 5599
1269 236 6173
1270 236 7356
1271 237 3593
1272 237 3803
1273 237 10776
1274 237 13910
1275 238 2041
1276 238 2280
1277 238 2485
1278 238 10119
1279 238 14895
1280 239 240
1281 239 592
1282 239 3591
1283 239 3592
1284 240 241
1285 240 592
1286 240 1290
1287 240 2831
1288 240 3591
1289 240 14997
1290 241 1290
1291 241 3591
1292 241 6975
1293 241 6976
1294 241 7354
1295 242 1596
1296 242 3571
1297 242 7039
1298 242 8474
1299 242 11022
1300 243 2425
1301 243 3079
1302 243 14154
1303 243 14742
1304 243 14743
1305 244 2736
1306 244 3091
1307 244 10823
1308 244 11561
1309 245 247
1310 245 594
1311 245 7069
1312 245 9880
1313 245 15000
1314 246 7134
1315 246 9682
1316 246 10823
1317 246 12125
1318 247 599
1319 247 6978
1320 247 7069
1321 247 15000
1322 248 369
1323 248 376
1324 248 3575
1325 249 599
1326 249 601
1327 249 1610
1328 249 3271
1329 249 6978
1330 249 13987
1331 250 1932
1332 250 7138
1333 250 13748
1334 250 14899
1335 251 253
1336 251 603
1337 251 3808
1338 251 7064
1339 251 7065
1340 251 14945
1341 252 7142
1342 252 13746
1343 252 14900
1344 253 255
1345 253 605
1346 253 3810
1347 253 7064
1348 253 14945
1349 254 7143
1350 254 13745
1351 254 14901
1352 254 14902
1353 255 257
1354 255 605
1355 255 607
1356 255 3810
1357 256 7080
1358 256 7146
1359 256 13741
1360 257 259
1361 257 607
1362 257 609
1363 257 3810
1364 257 15002
1365 258 7187
1366 258 13739
1367 258 14903
1368 258 14904
1369 259 261
1370 259 609
1371 259 611
1372 259 3809
1373 259 15002
1374 260 7150
1375 260 13958
1376 260 14904
1377 261 264
1378 261 611
1379 261 612
1380 261 3809
1381 261 3813
1382 262 752
1383 262 14905
1384 262 14906
1385 262 14969
1386 263 13734
1387 263 13735
1388 263 14256
1389 263 14907
1390 264 266
1391 264 612
1392 264 614
1393 264 3813
1394 264 15003
1395 265 353
1396 265 748
1397 266 614
1398 266 616
1399 266 15003
1400 267 269
1401 267 271
1402 267 349
1403 267 2300
1404 267 3538
1405 268 270
1406 268 616
1407 268 3590
1408 268 8081
1409 268 9468
1410 268 13990
1411 268 15004
1412 269 2300
1413 269 6723
1414 269 7160
1415 269 7180
1416 269 13730
1417 270 619
1418 270 2954
1419 270 3590
1420 270 15004
1421 271 349
1422 271 744
1423 272 742
1424 272 2910
1425 272 14910
1426 273 6046
1427 273 7162
1428 273 13724
1429 273 14910
1430 274 1371
1431 274 14915
1432 274 15008
1433 275 622
1434 275 626
1435 275 628
1436 275 2174
1437 275 2194
1438 275 3588
1439 276 547
1440 276 3261
1441 276 6864
1442 276 6865
1443 276 6866
1444 276 9687
1445 277 1373
1446 277 1701
1447 277 2088
1448 277 3726
1449 278 626
1450 278 2174
1451 278 3309
1452 278 7330
1453 278 7362
1454 278 14775
1455 279 1374
1456 279 1375
1457 279 1701
1458 279 2892
1459 279 14916
1460 280 2071
1461 280 2609
1462 280 4436
1463 280 7203
1464 280 7656
1465 280 11684
1466 281 1443
1467 281 1477
1468 281 5156
1469 281 6994
1470 281 13355
1471 281 14126
1472 282 1788
1473 282 2978
1474 282 5606
1475 282 6233
1476 282 6234
1477 282 6435
1478 283 1775
1479 283 2381
1480 283 5924
1481 283 8921
1482 283 9760
1483 283 9762
1484 284 2164
1485 284 3689
1486 284 5163
1487 284 5578
1488 284 14816
1489 285 287
1490 285 640
1491 285 1761
1492 285 6998
1493 285 10980
1494 285 13879
1495 286 1655
1496 286 3939
1497 286 4082
1498 286 4086
1499 286 14209
1500 286 14295
1501 287 645
1502 287 1761
1503 287 6997
1504 287 6998
1505 287 14792
1506 288 645
1507 288 648
1508 288 1714
1509 288 2101
1510 288 3198
1511 289 326
1512 289 648
1513 289 649
1514 289 1166
1515 289 3124
1516 289 14941
1517 290 615
1518 290 3330
1519 290 9908
1520 290 9914
1521 290 9959
1522 290 11080
1523 290 12057
1524 291 3358
1525 291 9964
1526 291 9965
1527 291 10028
1528 291 10365
1529 292 295
1530 292 662
1531 292 667
1532 292 2662
1533 292 3524
1534 292 3583
1535 293 354
1536 293 422
1537 293 868
1538 293 2252
1539 293 9299
1540 293 14971
1541 294 1769
1542 294 1951
1543 294 6329
1544 294 10936
1545 294 14435
1546 294 14524
1547 295 668
1548 295 3524
1549 295 3582
1550 295 3583
1551 296 297
1552 296 668
1553 296 3580
1554 296 3582
1555 296 4976
1556 297 298
1557 297 1490
1558 297 3580
1559 297 4976
1560 297 7008
1561 297 9919
1562 298 671
1563 298 1490
1564 298 3581
1565 298 7008
1566 298 10827
1567 298 13868
1568 299 1356
1569 299 7475
1570 299 11144
1571 300 302
1572 300 697
1573 300 699
1574 300 2054
1575 300 2368
1576 301 672
1577 301 2828
1578 301 3578
1579 301 4184
1580 301 13916
1581 302 697
1582 302 2186
1583 302 2368
1584 303 5366
1585 303 5633
1586 303 10086
1587 303 10275
1588 303 12634
1589 303 13408
1590 304 305
1591 304 2828
1592 304 3576
1593 305 314
1594 305 678
1595 305 680
1596 305 3576
1597 306 2010
1598 306 2416
1599 306 2876
1600 306 14930
1601 307 678
1602 307 680
1603 307 2358
1604 307 7019
1605 307 7021
1606 307 9922
1607 308 685
1608 308 687
1609 308 14931
1610 308 14932
1611 309 681
1612 309 2358
1613 309 7300
1614 309 9922
1615 310 1664
1616 310 3762
1617 310 3768
1618 310 4766
1619 310 13003
1620 311 313
1621 311 683
1622 311 685
1623 311 4766
1624 311 5580
1625 312 681
1626 312 1664
1627 312 5580
1628 312 9084
1629 312 14934
1630 313 315
1631 313 683
1632 313 685
1633 313 687
1634 313 7028
1635 313 11399
1636 314 6448
1637 314 14935
1638 315 317
1639 315 449
1640 315 687
1641 315 689
1642 315 7028
1643 316 14935
1644 316 14936
1645 316 14972
1646 317 449
1647 317 689
1648 317 692
1649 317 3557
1650 317 3674
1651 318 1411
1652 318 2492
1653 318 3155
1654 318 4909
1655 318 5064
1656 318 5797
1657 319 2542
1658 319 7082
1659 319 9812
1660 319 13754
1661 320 1490
1662 320 1852
1663 320 2256
1664 320 3580
1665 320 3581
1666 320 12401
1667 321 2615
1668 321 9862
1669 321 9863
1670 321 9878
1671 321 10145
1672 321 10150
1673 321 11067
1674 322 1094
1675 322 3018
1676 322 6668
1677 322 9843
1678 322 11747
1679 322 11748
1680 323 325
1681 323 446
1682 323 695
1683 323 697
1684 323 6004
1685 324 14940
1686 324 14978
1687 325 444
1688 325 446
1689 325 697
1690 325 699
1691 325 3675
1692 326 649
1693 326 3586
1694 326 14941
1695 327 2402
1696 327 6172
1697 327 10789
1698 327 14103
1699 327 14104
1700 327 14105
1701 328 1315
1702 328 1714
1703 328 7421
1704 328 14942
1705 329 701
1706 329 703
1707 329 2054
1708 329 14201
1709 330 640
1710 330 781
1711 330 1761
1712 330 7421
1713 330 13848
1714 330 14126
1715 331 443
1716 331 703
1717 331 705
1718 331 7181
1719 331 14201
1720 332 334
1721 332 631
1722 332 3223
1723 332 13694
1724 332 14943
1725 333 7619
1726 333 7744
1727 333 7746
1728 333 7833
1729 333 7837
1730 333 11107
1731 333 14849
1732 334 631
1733 334 2633
1734 334 3161
1735 334 14943
1736 335 1893
1737 335 4464
1738 335 6639
1739 335 9169
1740 335 10151
1741 335 11187
1742 336 828
1743 336 2848
1744 336 13074
1745 336 14733
1746 337 339
1747 337 340
1748 337 13074
1749 337 14036
1750 337 15007
1751 338 1696
1752 338 7208
1753 338 7541
1754 338 8832
1755 338 14928
1756 339 340
1757 339 1943
1758 339 8243
1759 339 15007
1760 340 434
1761 340 1770
1762 340 1943
1763 340 14036
1764 341 343
1765 341 739
1766 341 1943
1767 341 2972
1768 341 8243
1769 341 15008
1770 342 5189
1771 342 5191
1772 342 5202
1773 342 7059
1774 342 10382
1775 342 10406
1776 343 344
1777 343 739
1778 343 741
1779 343 2972
1780 343 11124
1781 344 345
1782 344 739
1783 344 741
1784 344 14913
1785 345 346
1786 345 741
1787 345 742
1788 345 14910
1789 346 348
1790 346 741
1791 346 742
1792 346 1513
1793 346 1669
1794 346 8566
1795 347 2342
1796 347 2500
1797 347 5203
1798 347 5770
1799 347 10195
1800 347 12595
1801 348 429
1802 348 742
1803 348 1513
1804 348 2598
1805 348 2910
1806 349 744
1807 349 746
1808 349 2623
1809 349 3538
1810 350 441
1811 350 3395
1812 350 3455
1813 350 5803
1814 350 6054
1815 350 14568
1816 351 424
1817 351 746
1818 351 748
1819 351 793
1820 351 7073
1821 351 7242
1822 352 6955
1823 352 9429
1824 352 14018
1825 352 14785
1826 352 14923
1827 353 748
1828 353 750
1829 353 7073
1830 353 9691
1831 354 355
1832 354 356
1833 354 750
1834 354 9299
1835 354 14969
1836 354 14971
1837 355 750
1838 355 14907
1839 355 14969
1840 356 357
1841 356 752
1842 356 9299
1843 356 14969
1844 357 752
1845 357 754
1846 357 3719
1847 357 14967
1848 358 359
1849 358 754
1850 358 14965
1851 358 14967
1852 359 754
1853 359 756
1854 359 807
1855 359 8005
1856 359 14965
1857 360 361
1858 360 756
1859 360 7166
1860 360 14903
1861 360 14965
1862 361 758
1863 361 7080
1864 361 7166
1865 361 14963
1866 362 363
1867 362 802
1868 362 3727
1869 362 7240
1870 362 7714
1871 362 13997
1872 362 14961
1873 363 758
1874 363 7240
1875 363 13997
1876 363 14902
1877 364 366
1878 364 13997
1879 364 14900
1880 364 14901
1881 364 14961
1882 365 367
1883 365 404
1884 365 406
1885 365 760
1886 365 762
1887 365 14769
1888 366 760
1889 366 800
1890 366 3727
1891 366 14769
1892 366 14900
1893 366 14961
1894 367 368
1895 367 404
1896 367 405
1897 367 762
1898 367 3575
1899 368 372
1900 368 376
1901 368 403
1902 368 405
1903 368 3575
1904 369 376
1905 369 2819
1906 369 14897
1907 369 14898
1908 370 3289
1909 370 3414
1910 370 4180
1911 370 10719
1912 370 11569
1913 370 12964
1914 371 373
1915 371 378
1916 371 399
1917 371 3498
1918 371 14151
1919 371 14957
1920 371 14958
1921 372 376
1922 372 403
1923 372 792
1924 372 2819
1925 372 14957
1926 373 378
1927 373 6552
1928 373 8359
1929 373 14958
1930 374 1190
1931 374 7870
1932 374 7875
1933 374 8468
1934 374 11431
1935 374 13157
1936 375 377
1937 375 3573
1938 375 3574
1939 375 7039
1940 375 11561
1941 376 2819
1942 376 3575
1943 377 379
1944 377 785
1945 377 3178
1946 377 3573
1947 377 7039
1948 377 7076
1949 378 3498
1950 378 3573
1951 378 3574
1952 378 6552
1953 378 7701
1954 379 381
1955 379 3178
1956 379 5601
1957 379 7076
1958 379 7238
1959 380 3343
1960 380 5537
1961 380 6071
1962 380 9269
1963 380 13717
1964 380 14285
1965 381 3570
1966 381 5601
1967 381 6412
1968 381 7238
1969 382 1867
1970 382 5100
1971 382 5136
1972 382 5311
1973 382 5312
1974 382 5451
1975 383 1191
1976 383 1814
1977 383 5112
1978 383 5690
1979 383 5752
1980 383 14354
1981 384 1827
1982 384 4447
1983 384 4448
1984 384 4496
1985 384 4550
1986 384 4551
1987 385 386
1988 385 387
1989 385 1842
1990 385 14893
1991 386 1363
1992 386 1842
1993 386 3568
1994 386 9135
1995 387 388
1996 387 942
1997 387 1842
1998 387 3567
1999 387 14893
2000 388 394
2001 388 942
2002 388 2716
2003 388 3004
2004 388 3567
2005 389 773
2006 389 2394
2007 389 4855
2008 389 6868
2009 389 6942
2010 389 8475
2011 390 1328
2012 390 9412
2013 390 9413
2014 390 9825
2015 390 10597
2016 390 11090
2017 390 14235
2018 391 1653
2019 391 6123
2020 391 6125
2021 391 6619
2022 391 13709
2023 391 14293
2024 392 991
2025 392 3068
2026 392 4772
2027 392 5993
2028 392 10880
2029 392 13423
2030 393 395
2031 393 783
2032 393 1363
2033 393 2142
2034 393 3568
2035 394 550
2036 394 773
2037 394 2716
2038 394 3004
2039 394 5702
2040 395 1363
2041 395 2142
2042 395 3565
2043 395 3570
2044 395 6412
2045 396 3564
2046 396 3607
2047 396 6891
2048 396 7076
2049 396 7238
2050 396 10167
2051 397 691
2052 397 3564
2053 397 3606
2054 397 4227
2055 397 6891
2056 397 14956
2057 398 400
2058 398 691
2059 398 785
2060 398 3573
2061 398 7701
2062 398 14956
2063 399 789
2064 399 3498
2065 399 3563
2066 399 6893
2067 399 14151
2068 400 559
2069 400 691
2070 400 789
2071 400 3498
2072 400 6858
2073 400 7701
2074 401 986
2075 401 4456
2076 401 4457
2077 401 4504
2078 401 5631
2079 401 5632
2080 402 403
2081 402 792
2082 402 794
2083 402 3275
2084 402 3599
2085 402 6855
2086 403 405
2087 403 792
2088 403 794
2089 404 405
2090 404 406
2091 404 796
2092 404 2019
2093 404 14034
2094 405 794
2095 405 14034
2096 406 409
2097 406 2019
2098 406 14769
2099 407 9406
2100 407 9408
2101 407 9425
2102 407 11212
2103 407 12851
2104 407 13695
2105 408 977
2106 408 1584
2107 408 1970
2108 408 7041
2109 408 9252
2110 408 14443
2111 409 410
2112 409 800
2113 409 2019
2114 409 3603
2115 409 14769
2116 409 14879
2117 410 800
2118 410 2785
2119 410 3603
2120 410 6621
2121 410 9931
2122 411 412
2123 411 802
2124 411 2785
2125 411 6621
2126 411 7714
2127 411 14876
2128 412 413
2129 412 802
2130 412 3602
2131 412 3725
2132 412 14875
2133 412 14876
2134 413 802
2135 413 804
2136 413 3725
2137 413 7240
2138 413 14963
2139 414 416
2140 414 804
2141 414 3723
2142 414 3725
2143 414 14874
2144 415 2458
2145 415 4696
2146 415 5179
2147 415 9116
2148 415 12598
2149 415 13233
2150 415 14737
2151 416 756
2152 416 804
2153 416 3723
2154 416 6946
2155 416 7166
2156 416 8005
2157 417 2388
2158 417 3007
2159 417 3032
2160 417 7488
2161 417 8369
2162 417 9474
2163 417 14504
2164 418 419
2165 418 3614
2166 418 3721
2167 418 6853
2168 418 6946
2169 419 807
2170 419 809
2171 419 3614
2172 419 3719
2173 419 3721
2174 420 2664
2175 420 7079
2176 420 8016
2177 420 11804
2178 420 14423
2179 421 809
2180 421 2094
2181 421 3615
2182 421 3620
2183 421 14871
2184 422 868
2185 422 2252
2186 422 3621
2187 422 3622
2188 422 9256
2189 423 812
2190 423 868
2191 423 3622
2192 423 7073
2193 423 7242
2194 423 9691
2195 423 14866
2196 424 425
2197 424 426
2198 424 746
2199 424 3713
2200 424 7242
2201 425 812
2202 425 3626
2203 425 3713
2204 425 6851
2205 425 7242
2206 426 427
2207 426 746
2208 426 2623
2209 426 3711
2210 426 3713
2211 427 429
2212 427 2598
2213 427 2623
2214 427 3711
2215 428 3342
2216 428 7532
2217 428 9896
2218 428 10670
2219 428 10672
2220 428 14363
2221 429 744
2222 429 2598
2223 429 2623
2224 429 2910
2225 430 431
2226 430 2605
2227 430 8566
2228 430 10228
2229 430 11124
2230 430 14859
2231 431 1669
2232 431 1901
2233 431 4750
2234 431 8566
2235 431 14859
2236 432 600
2237 432 602
2238 432 659
2239 432 661
2240 432 3321
2241 432 12545
2242 433 1593
2243 433 7974
2244 433 12367
2245 433 12370
2246 433 13025
2247 433 14188
2248 434 1770
2249 434 1943
2250 434 9387
2251 434 9917
2252 435 1221
2253 435 1314
2254 435 1740
2255 435 2491
2256 435 9097
2257 435 11002
2258 435 13229
2259 436 828
2260 436 1770
2261 436 14036
2262 437 5899
2263 437 5906
2264 437 5911
2265 437 6332
2266 437 6335
2267 437 11536
2268 438 7009
2269 438 9374
2270 438 11855
2271 439 4020
2272 439 4903
2273 439 4904
2274 439 5072
2275 439 6387
2276 439 13944
2277 440 8391
2278 440 8599
2279 440 8600
2280 440 11324
2281 440 11374
2282 440 11375
2283 441 3395
2284 441 4043
2285 441 4380
2286 441 5776
2287 441 14568
2288 442 443
2289 442 1984
2290 442 3680
2291 442 8574
2292 442 8978
2293 443 1984
2294 443 7181
2295 443 8574
2296 443 14201
2297 444 447
2298 444 699
2299 444 701
2300 444 3559
2301 444 3675
2302 444 3676
2303 445 1984
2304 445 3559
2305 445 3676
2306 445 3682
2307 445 8978
2308 446 448
2309 446 453
2310 446 3558
2311 446 3675
2312 446 6004
2313 447 3558
2314 447 3672
2315 447 3675
2316 447 3676
2317 447 3683
2318 448 453
2319 448 2979
2320 448 3556
2321 448 4967
2322 448 6004
2323 449 451
2324 449 3674
2325 449 7028
2326 449 7294
2327 450 2788
2328 450 9524
2329 450 9596
2330 450 9634
2331 450 10680
2332 450 10683
2333 451 452
2334 451 3674
2335 451 7030
2336 451 7292
2337 451 7294
2338 452 3484
2339 452 3555
2340 452 3673
2341 452 3674
2342 452 7292
2343 452 7767
2344 453 454
2345 453 3556
2346 453 3558
2347 453 13922
2348 454 3556
2349 454 3671
2350 454 3673
2351 454 13922
2352 455 458
2353 455 3555
2354 455 3690
2355 455 14051
2356 455 14815
2357 456 458
2358 456 460
2359 456 3484
2360 456 3554
2361 456 3670
2362 456 7292
2363 457 3671
2364 457 3672
2365 457 3686
2366 457 13922
2367 457 14805
2368 457 14806
2369 458 460
2370 458 3484
2371 458 3555
2372 458 3690
2373 459 461
2374 459 1581
2375 459 3693
2376 459 11873
2377 459 13842
2378 459 14817
2379 460 2164
2380 460 3554
2381 460 3690
2382 460 14816
2383 461 876
2384 461 1581
2385 461 3693
2386 461 5412
2387 461 14820
2388 462 464
2389 462 876
2390 462 2177
2391 462 3669
2392 462 4186
2393 462 7302
2394 463 464
2395 463 3668
2396 463 3669
2397 463 3696
2398 463 3698
2399 463 3699
2400 464 2177
2401 464 3668
2402 464 3669
2403 464 7288
2404 465 467
2405 465 1746
2406 465 3552
2407 465 3665
2408 465 7284
2409 465 11563
2410 466 1202
2411 466 2871
2412 466 3668
2413 466 3699
2414 466 3700
2415 466 5302
2416 467 471
2417 467 3665
2418 467 9525
2419 467 11563
2420 467 14832
2421 468 470
2422 468 473
2423 468 1554
2424 468 2103
2425 468 7040
2426 468 14835
2427 469 2840
2428 469 3997
2429 469 4019
2430 469 4026
2431 469 6363
2432 469 6568
2433 469 9873
2434 470 2103
2435 470 3720
2436 470 6596
2437 470 8577
2438 470 14835
2439 471 3664
2440 471 6596
2441 471 9525
2442 471 14832
2443 471 14833
2444 471 14834
2445 472 475
2446 472 886
2447 472 3724
2448 472 3731
2449 472 7043
2450 472 7045
2451 473 886
2452 473 1997
2453 473 7038
2454 473 7040
2455 473 14835
2456 474 889
2457 474 891
2458 474 2719
2459 474 3234
2460 474 7042
2461 474 14057
2462 475 889
2463 475 3731
2464 475 7042
2465 475 7045
2466 476 657
2467 476 660
2468 476 688
2469 476 1749
2470 476 3325
2471 476 3442
2472 476 9698
2473 477 479
2474 477 1291
2475 477 3663
2476 477 3736
2477 477 7047
2478 477 14684
2479 478 2719
2480 478 3663
2481 478 3736
2482 478 14057
2483 478 14682
2484 479 1291
2485 479 3662
2486 479 13834
2487 479 14684
2488 479 14685
2489 480 482
2490 480 3550
2491 480 7050
2492 480 10418
2493 480 10917
2494 481 3550
2495 481 3662
2496 481 10418
2497 481 14686
2498 481 14687
2499 482 1231
2500 482 3661
2501 482 6724
2502 482 7050
2503 482 10418
2504 483 488
2505 483 3549
2506 483 3658
2507 483 5786
2508 483 13829
2509 483 13936
2510 484 486
2511 484 1379
2512 484 2333
2513 484 3286
2514 484 3422
2515 484 3660
2516 485 2913
2517 485 2936
2518 485 5766
2519 485 6429
2520 485 6495
2521 485 6498
2522 486 1379
2523 486 2333
2524 486 3549
2525 486 13936
2526 487 2532
2527 487 3314
2528 487 3460
2529 487 4888
2530 487 5074
2531 487 14697
2532 487 14699
2533 488 2532
2534 488 3314
2535 488 3658
2536 488 3750
2537 488 5786
2538 488 14692
2539 489 492
2540 489 1182
2541 489 3225
2542 489 3227
2543 489 3657
2544 490 1182
2545 490 2002
2546 490 3380
2547 490 3657
2548 490 3752
2549 490 4888
2550 490 10971
2551 491 494
2552 491 3056
2553 491 3655
2554 491 3656
2555 491 7057
2556 491 7330
2557 492 494
2558 492 3225
2559 492 3227
2560 492 3656
2561 493 496
2562 493 3230
2563 493 3655
2564 493 6991
2565 493 7057
2566 494 3227
2567 494 3655
2568 494 3656
2569 495 496
2570 495 498
2571 495 3230
2572 495 3231
2573 495 6992
2574 496 2166
2575 496 3230
2576 496 6991
2577 496 6992
2578 497 500
2579 497 2009
2580 497 2424
2581 497 3654
2582 497 6990
2583 497 7061
2584 498 2218
2585 498 3231
2586 498 6992
2587 498 7058
2588 498 13935
2589 499 2218
2590 499 3654
2591 499 7058
2592 499 7061
2593 499 14837
2594 500 2009
2595 500 3654
2596 500 4739
2597 500 10899
2598 501 504
2599 501 3235
2600 501 3652
2601 501 3653
2602 501 3759
2603 501 3761
2604 502 2009
2605 502 3233
2606 502 3652
2607 502 4739
2608 502 14839
2609 502 14947
2610 503 504
2611 503 3235
2612 503 3650
2613 503 3651
2614 503 7062
2615 503 13937
2616 504 3235
2617 504 3650
2618 504 3761
2619 504 3763
2620 505 508
2621 505 3236
2622 505 3647
2623 505 3648
2624 505 7258
2625 505 14843
2626 506 3236
2627 506 3648
2628 506 3650
2629 506 3651
2630 506 3765
2631 506 3767
2632 507 1432
2633 507 2853
2634 507 3710
2635 507 6792
2636 507 6798
2637 507 14079
2638 508 3238
2639 508 3647
2640 508 7258
2641 508 7260
2642 508 13823
2643 509 4242
2644 509 4792
2645 509 4796
2646 509 6708
2647 509 10230
2648 509 14556
2649 510 2150
2650 510 3238
2651 510 3240
2652 510 5240
2653 510 14663
2654 510 14719
2655 511 514
2656 511 1615
2657 511 1931
2658 511 3242
2659 511 7352
2660 511 12060
2661 512 3366
2662 512 3446
2663 512 6655
2664 512 6656
2665 512 8586
2666 512 13755
2667 513 1615
2668 513 2522
2669 513 3346
2670 513 3644
2671 513 13749
2672 513 14236
2673 514 1615
2674 514 1928
2675 514 2522
2676 514 6718
2677 514 6974
2678 514 12060
2679 515 516
2680 515 2977
2681 515 3346
2682 515 3376
2683 515 5950
2684 515 9325
2685 516 1928
2686 516 2522
2687 516 2977
2688 516 3244
2689 516 3346
2690 516 13976
2691 517 1046
2692 517 2336
2693 517 2977
2694 517 3244
2695 517 3245
2696 517 6914
2697 518 519
2698 518 2829
2699 518 3177
2700 518 5247
2701 518 7415
2702 518 13975
2703 519 2829
2704 519 3639
2705 519 4420
2706 519 4421
2707 519 5247
2708 519 14566
2709 520 522
2710 520 3246
2711 520 3638
2712 520 4345
2713 520 10524
2714 520 14591
2715 521 523
2716 521 3247
2717 521 3635
2718 521 3638
2719 521 4343
2720 521 4346
2721 522 3247
2722 522 3638
2723 522 6910
2724 522 7419
2725 522 10524
2726 523 3247
2727 523 3248
2728 523 3635
2729 523 6909
2730 523 13974
2731 524 629
2732 524 630
2733 524 3342
2734 524 3344
2735 524 7532
2736 524 9436
2737 525 526
2738 525 2448
2739 525 3634
2740 525 6908
2741 525 8463
2742 526 613
2743 526 3249
2744 526 3632
2745 526 3634
2746 526 8463
2747 527 6905
2748 527 7426
2749 527 7428
2750 527 14028
2751 528 3250
2752 528 6901
2753 528 7426
2754 529 3250
2755 529 3251
2756 529 6898
2757 529 6900
2758 530 1445
2759 530 1602
2760 530 3251
2761 530 6896
2762 531 534
2763 531 3253
2764 531 3625
2765 531 3627
2766 532 1788
2767 532 2299
2768 532 2832
2769 532 5606
2770 532 5983
2771 532 12927
2772 533 534
2773 533 536
2774 533 3254
2775 533 3623
2776 533 6886
2777 533 6890
2778 533 13636
2779 534 3253
2780 534 3254
2781 534 3625
2782 534 6890
2783 535 538
2784 535 3255
2785 535 3623
2786 535 4335
2787 535 4337
2788 535 9465
2789 536 3255
2790 536 3623
2791 536 6883
2792 536 6886
2793 537 539
2794 537 3256
2795 537 3257
2796 537 6880
2797 537 6881
2798 537 10237
2799 537 13637
2800 538 3255
2801 538 3256
2802 538 3257
2803 538 4335
2804 539 542
2805 539 3258
2806 539 3618
2807 539 6880
2808 539 10237
2809 540 541
2810 540 3619
2811 540 6877
2812 540 7075
2813 540 9842
2814 540 14948
2815 541 2530
2816 541 6874
2817 541 7075
2818 541 9842
2819 542 3618
2820 542 6880
2821 542 13627
2822 542 13631
2823 542 14948
2824 543 1763
2825 543 2531
2826 543 2961
2827 543 3617
2828 543 4328
2829 543 5332
2830 544 1835
2831 544 2530
2832 544 2531
2833 544 2961
2834 544 3259
2835 544 4327
2836 544 6401
2837 545 1763
2838 545 2961
2839 545 3616
2840 545 6401
2841 545 6864
2842 545 6872
2843 546 547
2844 546 3086
2845 546 3260
2846 546 3261
2847 546 4426
2848 546 5236
2849 547 1042
2850 547 3086
2851 547 3261
2852 547 6866
2853 548 1042
2854 548 2235
2855 548 3086
2856 548 3264
2857 548 4428
2858 548 4818
2859 549 2235
2860 549 2245
2861 549 3265
2862 549 4430
2863 549 4570
2864 549 4818
2865 550 773
2866 550 2245
2867 550 3264
2868 550 4818
2869 550 5702
2870 550 8475
2871 551 8972
2872 551 10096
2873 551 10829
2874 551 11222
2875 551 11236
2876 551 13347
2877 552 553
2878 552 778
2879 552 2245
2880 552 3265
2881 552 5702
2882 552 11666
2883 553 554
2884 553 3265
2885 553 4433
2886 553 10224
2887 553 11666
2888 554 1837
2889 554 3605
2890 554 4433
2891 554 7389
2892 554 11666
2893 555 1861
2894 555 2142
2895 555 3565
2896 555 3605
2897 555 7389
2898 556 3268
2899 556 3606
2900 556 4227
2901 556 4564
2902 556 12618
2903 556 14950
2904 557 1955
2905 557 3100
2906 557 3188
2907 557 3863
2908 557 5480
2909 557 5506
2910 558 559
2911 558 3268
2912 558 3600
2913 558 4437
2914 558 4561
2915 558 6858
2916 559 691
2917 559 3268
2918 559 4227
2919 559 6858
2920 560 1269
2921 560 3272
2922 560 3274
2923 560 3599
2924 560 4440
2925 560 4558
2926 561 564
2927 561 3274
2928 561 3275
2929 561 3596
2930 561 4556
2931 561 4758
2932 562 2478
2933 562 2630
2934 562 4407
2935 562 4611
2936 562 4684
2937 562 4725
2938 563 564
2939 563 796
2940 563 3596
2941 563 14879
2942 563 14881
2943 563 14882
2944 564 796
2945 564 3275
2946 564 3596
2947 564 14034
2948 565 567
2949 565 2912
2950 565 9504
2951 565 10029
2952 565 10030
2953 566 569
2954 566 3595
2955 566 3597
2956 566 6961
2957 566 6962
2958 567 2912
2959 567 10030
2960 567 10510
2961 567 10511
2962 567 11969
2963 568 2970
2964 568 6875
2965 568 9781
2966 568 10038
2967 568 10321
2968 569 570
2969 569 6962
2970 569 7368
2971 570 6963
2972 570 7368
2973 571 575
2974 571 2047
2975 571 6005
2976 571 6965
2977 571 6966
2978 571 7093
2979 571 9489
2980 571 10922
2981 572 3467
2982 572 6964
2983 572 9489
2984 572 10922
2985 573 2387
2986 573 2704
2987 573 5769
2988 573 6328
2989 573 14099
2990 573 14163
2991 574 580
2992 574 3594
2993 574 6968
2994 574 7361
2995 575 2047
2996 575 6966
2997 575 13986
2998 576 1053
2999 576 1450
3000 576 10025
3001 576 11617
3002 576 11675
3003 576 13460
3004 577 578
3005 577 702
3006 577 1134
3007 577 3284
3008 577 3287
3009 577 11074
3010 578 702
3011 578 1115
3012 578 3285
3013 578 3287
3014 578 6601
3015 578 8712
3016 579 3990
3017 579 4031
3018 579 4033
3019 579 4884
3020 579 6771
3021 580 3594
3022 580 6251
3023 581 3284
3024 581 3287
3025 581 3292
3026 581 3518
3027 581 10682
3028 581 10723
3029 582 862
3030 582 864
3031 582 11761
3032 582 12037
3033 582 12829
3034 582 13430
3035 582 14819
3036 583 584
3037 583 5753
3038 583 6969
3039 583 7361
3040 583 12169
3041 584 5753
3042 584 6969
3043 584 13911
3044 584 13912
3045 585 11515
3046 585 11516
3047 585 12532
3048 585 13295
3049 585 13404
3050 586 933
3051 586 2553
3052 586 5753
3053 586 14001
3054 587 677
3055 587 1136
3056 587 4660
3057 587 9688
3058 587 9891
3059 587 12739
3060 588 2808
3061 588 8862
3062 588 9088
3063 588 9686
3064 588 10648
3065 588 10675
3066 589 1938
3067 589 2553
3068 589 3593
3069 589 5138
3070 590 591
3071 590 2068
3072 590 3302
3073 590 3304
3074 590 3387
3075 590 3391
3076 590 4774
3077 591 3302
3078 591 3304
3079 591 3410
3080 591 10649
3081 591 10651
3082 592 3799
3083 592 3805
3084 592 14997
3085 593 3592
3086 593 6973
3087 593 11170
3088 593 13910
3089 593 13917
3090 594 1290
3091 594 2831
3092 594 7069
3093 594 14272
3094 595 597
3095 595 682
3096 595 3311
3097 595 3313
3098 595 3316
3099 595 3398
3100 596 1193
3101 596 1194
3102 596 2802
3103 596 7713
3104 596 7715
3105 596 13679
3106 596 13947
3107 597 3313
3108 597 3316
3109 597 3405
3110 597 10628
3111 597 10629
3112 598 650
3113 598 2842
3114 598 5228
3115 598 6306
3116 598 10286
3117 599 1610
3118 599 1734
3119 599 6978
3120 599 15000
3121 600 602
3122 600 604
3123 600 3319
3124 600 3321
3125 600 10625
3126 601 603
3127 601 1610
3128 601 7065
3129 601 13987
3130 601 15001
3131 602 661
3132 602 3319
3133 602 3398
3134 602 14217
3135 603 3808
3136 603 7065
3137 603 9808
3138 603 15001
3139 604 3321
3140 604 10624
3141 604 10625
3142 604 10641
3143 604 11121
3144 605 607
3145 605 7064
3146 605 7340
3147 605 13899
3148 605 13988
3149 606 3324
3150 606 10622
3151 606 10624
3152 606 10690
3153 606 11121
3154 606 14458
3155 607 609
3156 607 6983
3157 607 7340
3158 608 1749
3159 608 3325
3160 608 3327
3161 608 5988
3162 608 10665
3163 609 611
3164 609 6983
3165 609 6984
3166 610 2650
3167 610 2783
3168 610 3560
3169 610 4993
3170 610 6476
3171 610 8473
3172 611 612
3173 611 6984
3174 611 6985
3175 612 614
3176 612 6985
3177 612 13892
3178 613 3632
3179 613 13973
3180 613 14028
3181 614 616
3182 614 9468
3183 614 13892
3184 615 3279
3185 615 3330
3186 615 3331
3187 615 10194
3188 615 12057
3189 616 3814
3190 616 9468
3191 616 15004
3192 617 2951
3193 617 3218
3194 617 5203
3195 617 8975
3196 617 9692
3197 617 9700
3198 617 14674
3199 618 1341
3200 618 3335
3201 618 4917
3202 618 8539
3203 618 9625
3204 618 13865
3205 618 14259
3206 619 2667
3207 619 3589
3208 619 3590
3209 620 621
3210 620 2075
3211 620 9598
3212 620 11054
3213 620 12302
3214 620 13865
3215 621 642
3216 621 2755
3217 621 3409
3218 621 11054
3219 621 12302
3220 622 626
3221 622 2194
3222 622 7332
3223 622 13603
3224 622 13888
3225 623 625
3226 623 2194
3227 623 2667
3228 623 3588
3229 623 7086
3230 624 627
3231 624 629
3232 624 3341
3233 624 3355
3234 624 4068
3235 624 11628
3236 625 2194
3237 625 2667
3238 625 3589
3239 625 7334
3240 625 13888
3241 626 2174
3242 626 7332
3243 626 14775
3244 627 629
3245 627 633
3246 627 3355
3247 627 9436
3248 627 13918
3249 628 2174
3250 628 3588
3251 628 7086
3252 628 13694
3253 629 3342
3254 629 4068
3255 629 9436
3256 630 1329
3257 630 3344
3258 630 3345
3259 630 7532
3260 631 3161
3261 631 3309
3262 631 9871
3263 631 13694
3264 632 635
3265 632 3359
3266 632 3483
3267 632 4779
3268 632 10374
3269 632 10377
3270 633 634
3271 633 2782
3272 633 3355
3273 633 3932
3274 633 13918
3275 634 3932
3276 634 9249
3277 634 9953
3278 634 10370
3279 634 11147
3280 634 13918
3281 635 3344
3282 635 3345
3283 635 4779
3284 635 9952
3285 635 9953
3286 635 10374
3287 635 11147
3288 636 2385
3289 636 9129
3290 636 9206
3291 636 10599
3292 636 10833
3293 636 14225
3294 637 5192
3295 637 7233
3296 637 7453
3297 637 7456
3298 637 9222
3299 637 12382
3300 638 6333
3301 638 9283
3302 638 9324
3303 639 2899
3304 639 9384
3305 639 9792
3306 639 10380
3307 639 11230
3308 639 11231
3309 640 1477
3310 640 1761
3311 640 10980
3312 640 14126
3313 641 916
3314 641 1275
3315 641 1277
3316 641 1723
3317 641 3493
3318 641 7620
3319 642 2755
3320 642 3355
3321 642 3409
3322 642 3471
3323 642 7074
3324 642 11628
3325 643 1846
3326 643 8960
3327 643 9598
3328 643 9958
3329 643 10738
3330 643 11054
3331 644 1172
3332 644 3359
3333 644 3483
3334 644 9925
3335 644 9927
3336 644 10739
3337 645 1714
3338 645 1761
3339 645 2101
3340 645 14792
3341 646 656
3342 646 3331
3343 646 3360
3344 646 9977
3345 646 10194
3346 646 14461
3347 647 2417
3348 647 4791
3349 647 6524
3350 647 9290
3351 647 14045
3352 647 14061
3353 648 1166
3354 648 3198
3355 648 14941
3356 649 3124
3357 649 3352
3358 649 3586
3359 649 14096
3360 650 1021
3361 650 5228
3362 650 7236
3363 650 10286
3364 650 10570
3365 651 3360
3366 651 3560
3367 651 4993
3368 651 6469
3369 651 10363
3370 651 12547
3371 652 655
3372 652 1186
3373 652 2911
3374 652 3330
3375 652 8739
3376 652 9914
3377 653 3417
3378 653 4297
3379 653 6531
3380 653 11682
3381 653 14788
3382 654 1522
3383 654 12075
3384 654 12773
3385 654 12865
3386 654 12926
3387 655 2911
3388 655 6052
3389 655 8739
3390 655 10280
3391 655 14046
3392 656 3279
3393 656 3360
3394 656 4993
3395 656 6476
3396 656 10194
3397 656 14046
3398 657 1749
3399 657 2670
3400 657 3442
3401 657 8346
3402 657 9885
3403 658 1961
3404 658 3370
3405 658 6029
3406 658 8918
3407 658 9321
3408 659 684
3409 659 3321
3410 659 6029
3411 659 6316
3412 659 9053
3413 659 12545
3414 660 1961
3415 660 3324
3416 660 3442
3417 660 9698
3418 660 14458
3419 661 663
3420 661 12003
3421 661 12545
3422 661 14217
3423 662 667
3424 662 2662
3425 662 2985
3426 662 7000
3427 663 664
3428 663 1877
3429 663 2493
3430 663 12003
3431 663 12545
3432 664 1877
3433 664 8686
3434 664 8689
3435 664 9053
3436 664 12545
3437 665 3441
3438 665 3506
3439 665 5728
3440 665 6941
3441 665 8080
3442 665 8165
3443 665 13518
3444 666 669
3445 666 3379
3446 666 8680
3447 666 8688
3448 666 8700
3449 666 10270
3450 667 814
3451 667 3583
3452 667 5501
3453 667 6198
3454 667 7000
3455 668 3582
3456 668 3583
3457 668 4976
3458 668 7006
3459 668 10520
3460 669 670
3461 669 3379
3462 669 3381
3463 669 3396
3464 669 8680
3465 670 3381
3466 670 6592
3467 670 7005
3468 670 8677
3469 670 8680
3470 671 2098
3471 671 3581
3472 671 7007
3473 671 10827
3474 671 13179
3475 672 3578
3476 672 3579
3477 672 7082
3478 672 9812
3479 672 13179
3480 673 2422
3481 673 3387
3482 673 3391
3483 673 3435
3484 673 8674
3485 673 8678
3486 674 2952
3487 674 6754
3488 674 7108
3489 674 7109
3490 674 14887
3491 675 7106
3492 675 7107
3493 675 7108
3494 675 13775
3495 676 3508
3496 676 7005
3497 676 9285
3498 676 11653
3499 676 13257
3500 676 14205
3501 677 2350
3502 677 4660
3503 677 8667
3504 677 10328
3505 677 12739
3506 678 680
3507 678 9084
3508 678 9922
3509 679 682
3510 679 710
3511 679 3311
3512 679 3377
3513 679 3379
3514 679 3396
3515 679 5477
3516 680 2264
3517 680 3576
3518 680 7019
3519 681 5580
3520 681 9084
3521 681 9922
3522 682 710
3523 682 3311
3524 682 3398
3525 682 14217
3526 683 7026
3527 683 11399
3528 684 2139
3529 684 6029
3530 684 8694
3531 684 9053
3532 684 9321
3533 685 687
3534 685 4766
3535 686 1019
3536 686 1433
3537 686 3045
3538 686 4465
3539 686 8808
3540 686 13190
3541 687 689
3542 687 14931
3543 688 3325
3544 688 9698
3545 688 10618
3546 688 10620
3547 688 10694
3548 689 692
3549 689 14931
3550 690 3307
3551 690 3407
3552 690 3505
3553 690 10631
3554 690 10632
3555 690 10633
3556 691 4227
3557 691 14956
3558 692 2010
3559 692 2488
3560 692 3557
3561 692 4967
3562 693 695
3563 693 2010
3564 693 2488
3565 693 6004
3566 693 14930
3567 694 2068
3568 694 3304
3569 694 3306
3570 694 10636
3571 694 10644
3572 694 14242
3573 695 697
3574 695 6004
3575 696 3288
3576 696 3320
3577 696 14738
3578 696 14739
3579 696 14740
3580 697 699
3581 698 1135
3582 698 3294
3583 698 4660
3584 698 8664
3585 698 8665
3586 698 9891
3587 699 701
3588 699 2054
3589 700 1107
3590 700 11634
3591 700 12420
3592 700 12781
3593 700 12782
3594 700 12814
3595 701 2054
3596 701 3559
3597 701 14201
3598 702 1134
3599 702 8661
3600 702 8710
3601 702 8712
3602 703 705
3603 703 14201
3604 703 14927
3605 704 706
3606 704 708
3607 704 1128
3608 704 9450
3609 704 10010
3610 704 10635
3611 705 7181
3612 705 14927
3613 706 1128
3614 706 1131
3615 706 1550
3616 706 10635
3617 706 10728
3618 707 1128
3619 707 1129
3620 707 1131
3621 707 7852
3622 707 10509
3623 707 10605
3624 708 9449
3625 708 9450
3626 708 10009
3627 708 10010
3628 708 10607
3629 709 1121
3630 709 1123
3631 709 2579
3632 709 8286
3633 709 10623
3634 709 10655
3635 709 14974
3636 710 3377
3637 710 12003
3638 710 14217
3639 711 1494
3640 711 3470
3641 711 14592
3642 711 14596
3643 711 14787
3644 711 14808
3645 712 1312
3646 712 1313
3647 712 1321
3648 712 1323
3649 712 3141
3650 712 3413
3651 713 3649
3652 713 7749
3653 713 7751
3654 713 7800
3655 713 7879
3656 713 7881
3657 714 1113
3658 714 2592
3659 714 3278
3660 714 3451
3661 714 12697
3662 714 12866
3663 715 2988
3664 715 6709
3665 715 8722
3666 715 12704
3667 715 12770
3668 715 12867
3669 716 8829
3670 716 9023
3671 716 9741
3672 716 10265
3673 716 10273
3674 716 11995
3675 717 3944
3676 717 6159
3677 717 7645
3678 717 8618
3679 717 12830
3680 717 12865
3681 718 10828
3682 718 11045
3683 718 11143
3684 718 11172
3685 718 11174
3686 718 11177
3687 719 2039
3688 719 4037
3689 719 4040
3690 719 4372
3691 719 4373
3692 719 9460
3693 720 1105
3694 720 2713
3695 720 5308
3696 720 12639
3697 720 12819
3698 720 12909
3699 721 775
3700 721 777
3701 721 2208
3702 721 2944
3703 721 3069
3704 721 4233
3705 721 12047
3706 722 1105
3707 722 2001
3708 722 2738
3709 722 11137
3710 722 12907
3711 722 12938
3712 723 8161
3713 723 8519
3714 723 8522
3715 723 8524
3716 723 9425
3717 724 2546
3718 724 12644
3719 724 12774
3720 724 12775
3721 724 12897
3722 724 12930
3723 724 12960
3724 725 1097
3725 725 12687
3726 725 12690
3727 725 12704
3728 725 12860
3729 725 12861
3730 726 1091
3731 726 2546
3732 726 12621
3733 726 12644
3734 726 12899
3735 726 12953
3736 727 1091
3737 727 2115
3738 727 12901
3739 727 12932
3740 727 12934
3741 727 14074
3742 728 3101
3743 728 3186
3744 728 5417
3745 728 5665
3746 728 14553
3747 729 1886
3748 729 4267
3749 729 4775
3750 729 5393
3751 729 6033
3752 729 8749
3753 730 1869
3754 730 3125
3755 730 6093
3756 730 7951
3757 730 8480
3758 730 8887
3759 731 2700
3760 731 6867
3761 731 11005
3762 731 13681
3763 731 14415
3764 731 14485
3765 732 4903
3766 732 6387
3767 732 6405
3768 732 6547
3769 732 8203
3770 733 2077
3771 733 7781
3772 733 9476
3773 733 9479
3774 733 9481
3775 733 9548
3776 734 3400
3777 734 10693
3778 734 11456
3779 734 11705
3780 734 11706
3781 734 13465
3782 735 1940
3783 735 8563
3784 735 11567
3785 735 13314
3786 735 13406
3787 735 14398
3788 736 1631
3789 736 1880
3790 736 2580
3791 736 12509
3792 736 12972
3793 736 12996
3794 737 2253
3795 737 8845
3796 737 9832
3797 737 10307
3798 737 10308
3799 737 11262
3800 737 11263
3801 738 2690
3802 738 3382
3803 738 12348
3804 738 12350
3805 738 12404
3806 738 13090
3807 739 14913
3808 739 15008
3809 740 5167
3810 740 5168
3811 740 5673
3812 740 10122
3813 740 10125
3814 740 10183
3815 741 8566
3816 741 11124
3817 742 2910
3818 742 14910
3819 743 1074
3820 743 10730
3821 743 12191
3822 743 12193
3823 743 12232
3824 743 13851
3825 744 2623
3826 744 2910
3827 745 1068
3828 745 1073
3829 745 12034
3830 745 12246
3831 745 12248
3832 745 12446
3833 746 793
3834 746 2623
3835 746 3538
3836 747 1068
3837 747 11535
3838 747 12173
3839 747 12446
3840 747 13008
3841 747 13011
3842 748 793
3843 748 7073
3844 748 14909
3845 749 1727
3846 749 3426
3847 749 12099
3848 749 13090
3849 749 13395
3850 750 9691
3851 750 14971
3852 751 827
3853 751 1065
3854 751 3643
3855 751 9727
3856 751 11297
3857 751 12031
3858 752 14905
3859 752 14967
3860 752 14969
3861 753 827
3862 753 1060
3863 753 1065
3864 753 2511
3865 753 3541
3866 753 9209
3867 754 807
3868 754 3719
3869 754 14967
3870 755 759
3871 755 820
3872 755 823
3873 755 1059
3874 755 1060
3875 755 9209
3876 756 7166
3877 756 8005
3878 756 14965
3879 757 3176
3880 757 5910
3881 757 5972
3882 757 5974
3883 757 14283
3884 758 7080
3885 758 7240
3886 758 14902
3887 758 14963
3888 759 816
3889 759 818
3890 759 823
3891 759 1055
3892 759 1059
3893 760 762
3894 760 14769
3895 760 14900
3896 761 8439
3897 761 8789
3898 761 8793
3899 761 8879
3900 761 10447
3901 762 3575
3902 762 14899
3903 763 1052
3904 763 1058
3905 763 2762
3906 763 3562
3907 763 9039
3908 763 9120
3909 764 6593
3910 764 6869
3911 764 6870
3912 764 6871
3913 764 9886
3914 764 13676
3915 765 1018
3916 765 2976
3917 765 7809
3918 765 10559
3919 765 10809
3920 765 11474
3921 766 768
3922 766 2207
3923 766 3315
3924 766 7101
3925 766 8826
3926 767 770
3927 767 3315
3928 767 7101
3929 767 8457
3930 767 9838
3931 767 12019
3932 768 813
3933 768 2207
3934 768 3534
3935 768 8826
3936 768 10809
3937 769 771
3938 769 1006
3939 769 1948
3940 769 2921
3941 769 12586
3942 769 12587
3943 769 14192
3944 770 808
3945 770 3315
3946 770 3537
3947 770 9838
3948 770 10814
3949 771 774
3950 771 1006
3951 771 1948
3952 771 2087
3953 771 2980
3954 772 12589
3955 772 12898
3956 772 12981
3957 772 12993
3958 772 14083
3959 773 2394
3960 773 3004
3961 773 8475
3962 774 2087
3963 774 2888
3964 774 2942
3965 774 2980
3966 774 11407
3967 775 788
3968 775 1014
3969 775 3069
3970 775 4233
3971 775 11537
3972 776 1529
3973 776 2921
3974 776 3128
3975 776 6899
3976 776 12012
3977 776 12587
3978 777 1029
3979 777 1529
3980 777 2208
3981 777 3128
3982 777 12047
3983 778 783
3984 778 2716
3985 778 5702
3986 778 11666
3987 778 12584
3988 779 3566
3989 779 3567
3990 779 7323
3991 779 14760
3992 779 14893
3993 780 1020
3994 780 1022
3995 780 2292
3996 780 2935
3997 780 11255
3998 780 13362
3999 781 1759
4000 781 7421
4001 781 13848
4002 781 15005
4003 782 6295
4004 782 6298
4005 782 6299
4006 782 10897
4007 782 14407
4008 782 14459
4009 783 2142
4010 783 3568
4011 783 3605
4012 783 11666
4013 783 12584
4014 784 3641
4015 784 11500
4016 784 14855
4017 785 3564
4018 785 3573
4019 785 7076
4020 785 14956
4021 786 5469
4022 786 12660
4023 786 12725
4024 786 12870
4025 786 12883
4026 786 12887
4027 787 5755
4028 787 5774
4029 787 6175
4030 787 6177
4031 787 6607
4032 787 10130
4033 788 4233
4034 788 11537
4035 788 12009
4036 788 12013
4037 788 12593
4038 789 3397
4039 789 3498
4040 789 6858
4041 789 6893
4042 790 8844
4043 790 9844
4044 790 9928
4045 790 11263
4046 790 11264
4047 790 11265
4048 791 1486
4049 791 8747
4050 791 10369
4051 791 10456
4052 791 11987
4053 791 11990
4054 792 3563
4055 792 6855
4056 792 14151
4057 792 14957
4058 793 3538
4059 793 14909
4060 794 3275
4061 794 14034
4062 795 797
4063 795 1014
4064 795 2935
4065 795 3299
4066 795 3448
4067 795 11691
4068 796 2019
4069 796 14034
4070 796 14879
4071 797 1012
4072 797 1014
4073 797 2944
4074 797 3069
4075 797 11691
4076 798 2091
4077 798 6296
4078 798 6531
4079 798 8137
4080 798 8550
4081 798 13474
4082 799 947
4083 799 950
4084 799 1012
4085 799 2208
4086 799 2944
4087 799 9815
4088 799 13468
4089 800 3727
4090 800 6621
4091 800 14769
4092 801 5279
4093 801 5780
4094 801 5792
4095 801 5796
4096 801 6216
4097 801 6218
4098 802 7240
4099 802 7714
4100 803 805
4101 803 1010
4102 803 10834
4103 803 11050
4104 803 14192
4105 803 14260
4106 804 3725
4107 804 7166
4108 804 14963
4109 805 1005
4110 805 1006
4111 805 13220
4112 805 14192
4113 805 14260
4114 806 1005
4115 806 2942
4116 806 2980
4117 806 8196
4118 806 11711
4119 806 11712
4120 807 3719
4121 807 3721
4122 807 8005
4123 808 810
4124 808 3537
4125 808 8023
4126 808 8196
4127 808 10814
4128 808 13219
4129 809 3614
4130 809 3615
4131 809 3719
4132 810 999
4133 810 8023
4134 810 8576
4135 810 10814
4136 810 13459
4137 811 2122
4138 811 4201
4139 811 4202
4140 811 9836
4141 812 3626
4142 812 7242
4143 812 14865
4144 812 14866
4145 813 999
4146 813 2207
4147 813 3534
4148 813 11057
4149 813 11715
4150 814 5501
4151 814 6198
4152 814 7276
4153 814 13836
4154 815 7842
4155 815 7844
4156 815 8448
4157 815 8450
4158 815 8890
4159 815 8894
4160 816 818
4161 816 819
4162 816 1055
4163 816 1058
4164 816 2762
4165 817 3984
4166 817 4039
4167 817 4789
4168 817 5286
4169 817 6786
4170 817 8133
4171 818 819
4172 818 823
4173 818 2745
4174 818 11725
4175 819 1448
4176 819 2745
4177 819 2762
4178 819 9039
4179 820 823
4180 820 2511
4181 820 9209
4182 820 11727
4183 820 11731
4184 821 992
4185 821 1614
4186 821 3073
4187 821 3226
4188 821 6246
4189 821 6862
4190 822 2972
4191 822 9917
4192 822 10228
4193 822 11124
4194 822 14855
4195 822 14858
4196 823 11725
4197 823 11727
4198 824 1770
4199 824 3641
4200 824 9387
4201 825 1702
4202 825 2456
4203 825 3173
4204 825 5651
4205 825 7015
4206 825 14467
4207 826 3595
4208 826 7098
4209 826 7099
4210 826 13950
4211 826 14006
4212 827 1065
4213 827 3541
4214 827 9727
4215 827 12286
4216 828 13074
4217 828 14036
4218 829 3124
4219 829 6999
4220 829 10376
4221 829 14096
4222 829 14735
4223 830 832
4224 830 833
4225 830 980
4226 830 11735
4227 830 11736
4228 830 13201
4229 831 832
4230 831 833
4231 831 978
4232 831 6889
4233 831 7805
4234 831 11940
4235 832 833
4236 832 978
4237 832 11736
4238 832 12806
4239 833 980
4240 833 8379
4241 833 11940
4242 834 948
4243 834 978
4244 834 1422
4245 834 2896
4246 834 7805
4247 834 12806
4248 835 2232
4249 835 3633
4250 835 6698
4251 835 9350
4252 835 9367
4253 835 9755
4254 835 11100
4255 836 3152
4256 836 6033
4257 836 10269
4258 836 14728
4259 836 14736
4260 837 838
4261 837 973
4262 837 974
4263 837 3542
4264 837 12808
4265 837 13421
4266 838 839
4267 838 840
4268 838 969
4269 838 973
4270 838 13421
4271 839 840
4272 839 12849
4273 839 13421
4274 839 13422
4275 840 964
4276 840 969
4277 840 971
4278 840 13422
4279 841 843
4280 841 964
4281 841 971
4282 841 3543
4283 841 11892
4284 841 12163
4285 841 12701
4286 842 843
4287 842 956
4288 842 3543
4289 842 11744
4290 842 12847
4291 842 13194
4292 843 956
4293 843 957
4294 843 3543
4295 843 12163
4296 844 845
4297 844 956
4298 844 957
4299 844 3544
4300 844 11745
4301 844 12165
4302 845 846
4303 845 953
4304 845 3544
4305 845 6267
4306 845 11745
4307 846 847
4308 846 951
4309 846 953
4310 846 3544
4311 846 12166
4312 847 946
4313 847 951
4314 847 953
4315 847 12818
4316 848 941
4317 848 949
4318 848 12709
4319 848 12711
4320 848 13559
4321 848 14492
4322 849 2102
4323 849 8148
4324 849 8149
4325 849 8238
4326 849 8318
4327 849 11779
4328 850 11205
4329 850 11465
4330 850 11752
4331 850 12714
4332 850 13814
4333 851 941
4334 851 11465
4335 851 11881
4336 851 12170
4337 851 13929
4338 852 853
4339 852 1816
4340 852 10196
4341 852 11878
4342 852 12717
4343 853 1816
4344 853 11205
4345 853 11878
4346 853 13814
4347 854 5132
4348 854 8668
4349 854 8672
4350 854 8706
4351 854 10994
4352 855 856
4353 855 857
4354 855 10196
4355 855 11754
4356 855 11756
4357 855 14038
4358 856 857
4359 856 859
4360 856 861
4361 856 11756
4362 856 13429
4363 857 859
4364 857 6263
4365 857 6475
4366 857 14038
4367 858 859
4368 858 861
4369 858 1419
4370 858 6011
4371 858 6705
4372 858 9932
4373 859 861
4374 859 6011
4375 859 6263
4376 860 6738
4377 860 10047
4378 860 10538
4379 860 10549
4380 860 11565
4381 861 9932
4382 861 13185
4383 861 13429
4384 862 866
4385 862 2629
4386 862 10264
4387 862 11761
4388 862 14819
4389 863 8845
4390 863 10308
4391 863 10883
4392 863 10888
4393 863 10961
4394 863 11264
4395 864 1419
4396 864 9932
4397 864 12037
4398 864 12827
4399 864 13430
4400 865 867
4401 865 869
4402 865 871
4403 865 4104
4404 865 11766
4405 865 12832
4406 866 2084
4407 866 2629
4408 866 10895
4409 866 11761
4410 866 12831
4411 867 869
4412 867 1855
4413 867 4104
4414 867 11868
4415 867 12479
4416 868 3622
4417 868 9691
4418 868 14971
4419 869 870
4420 869 871
4421 869 11868
4422 869 12188
4423 870 871
4424 870 872
4425 870 11335
4426 870 12188
4427 870 13697
4428 871 872
4429 871 11766
4430 871 11769
4431 872 3546
4432 872 10842
4433 872 11769
4434 872 13162
4435 872 13697
4436 872 14298
4437 873 12061
4438 873 12268
4439 873 12269
4440 873 12387
4441 873 12388
4442 873 13345
4443 874 877
4444 874 3310
4445 874 3547
4446 874 11058
4447 874 11770
4448 874 11864
4449 875 1218
4450 875 2489
4451 875 7213
4452 875 10803
4453 875 10873
4454 875 12289
4455 876 3669
4456 876 3695
4457 876 4186
4458 876 5412
4459 876 14820
4460 877 2032
4461 877 10842
4462 877 11058
4463 877 11864
4464 877 13162
4465 878 882
4466 878 3310
4467 878 3547
4468 878 5675
4469 878 7670
4470 878 11771
4471 878 13158
4472 879 881
4473 879 882
4474 879 883
4475 879 1492
4476 879 12841
4477 880 976
4478 880 1521
4479 880 2960
4480 880 11685
4481 880 13337
4482 880 13346
4483 881 882
4484 881 883
4485 881 938
4486 881 2780
4487 881 7670
4488 881 11862
4489 882 1492
4490 882 7670
4491 882 11771
4492 883 2780
4493 883 9286
4494 883 9546
4495 883 11776
4496 883 12841
4497 884 885
4498 884 907
4499 884 936
4500 884 1223
4501 884 9286
4502 884 10353
4503 885 907
4504 885 936
4505 885 11858
4506 885 11859
4507 885 11860
4508 886 1997
4509 886 3724
4510 886 7038
4511 886 7043
4512 887 2386
4513 887 3548
4514 887 3991
4515 887 9191
4516 887 11777
4517 887 13149
4518 888 11785
4519 888 12757
4520 888 13228
4521 888 13402
4522 888 13403
4523 888 13832
4524 889 3234
4525 889 3731
4526 889 7042
4527 889 14713
4528 890 892
4529 890 901
4530 890 904
4531 890 10390
4532 890 13163
4533 891 7042
4534 891 7276
4535 891 13836
4536 891 14057
4537 892 893
4538 892 899
4539 892 901
4540 892 13163
4541 892 13165
4542 893 894
4543 893 899
4544 893 934
4545 893 3220
4546 893 13165
4547 894 895
4548 894 934
4549 894 2641
4550 894 3058
4551 894 3220
4552 895 896
4553 895 3058
4554 895 3220
4555 895 3222
4556 896 898
4557 896 1414
4558 896 3058
4559 896 3070
4560 896 3222
4561 897 1382
4562 897 3530
4563 897 3531
4564 897 6844
4565 897 7468
4566 897 11844
4567 898 3070
4568 898 3222
4569 898 3530
4570 898 11847
4571 898 11848
4572 899 901
4573 899 3220
4574 899 11853
4575 899 12204
4576 900 905
4577 900 1184
4578 900 2141
4579 900 11128
4580 900 13172
4581 900 13175
4582 901 10390
4583 901 11853
4584 901 11854
4585 902 903
4586 902 905
4587 902 1384
4588 902 1386
4589 902 11843
4590 902 12212
4591 903 905
4592 903 1184
4593 903 1382
4594 903 11843
4595 903 11844
4596 904 3548
4597 904 3991
4598 904 10390
4599 904 13161
4600 904 13163
4601 905 1184
4602 905 1384
4603 905 11128
4604 906 930
4605 906 1384
4606 906 1386
4607 906 1391
4608 906 3067
4609 906 3378
4610 906 8495
4611 907 1623
4612 907 2386
4613 907 6089
4614 907 10353
4615 907 11858
4616 908 910
4617 908 1391
4618 908 2233
4619 908 3067
4620 908 7176
4621 908 11837
4622 909 1620
4623 909 5171
4624 909 8009
4625 909 10846
4626 909 10893
4627 909 11025
4628 910 937
4629 910 3066
4630 910 3067
4631 910 7176
4632 910 13177
4633 911 915
4634 911 1390
4635 911 1395
4636 911 5225
4637 911 11824
4638 911 11833
4639 912 914
4640 912 1390
4641 912 1395
4642 912 3065
4643 912 13182
4644 912 13183
4645 913 914
4646 913 1393
4647 913 11126
4648 913 11822
4649 913 11845
4650 913 13146
4651 913 13186
4652 914 3065
4653 914 11822
4654 914 13183
4655 914 13186
4656 914 13425
4657 915 1390
4658 915 2570
4659 915 3066
4660 915 5225
4661 915 13177
4662 915 13181
4663 916 1277
4664 916 3493
4665 916 9213
4666 916 9714
4667 916 10024
4668 916 12603
4669 917 1444
4670 917 5136
4671 917 5141
4672 917 5150
4673 917 5311
4674 917 12308
4675 918 1398
4676 918 1575
4677 918 6283
4678 918 11811
4679 918 13300
4680 918 13372
4681 919 5579
4682 919 5581
4683 919 5953
4684 919 5955
4685 919 7462
4686 919 9828
4687 920 1863
4688 920 3062
4689 920 6508
4690 920 13202
4691 920 13203
4692 920 13363
4693 921 923
4694 921 929
4695 921 1863
4696 921 2187
4697 921 5853
4698 921 13203
4699 922 923
4700 922 1863
4701 922 6508
4702 922 8325
4703 922 9245
4704 922 13218
4705 923 929
4706 923 931
4707 923 1402
4708 923 1863
4709 923 13218
4710 924 925
4711 924 1405
4712 924 2786
4713 924 9731
4714 924 14156
4715 925 928
4716 925 2786
4717 925 8698
4718 925 12413
4719 925 14156
4720 926 2681
4721 926 4472
4722 926 5411
4723 926 6302
4724 926 14453
4725 926 14456
4726 927 2182
4727 927 8225
4728 927 8227
4729 927 9641
4730 927 13209
4731 927 13212
4732 928 2310
4733 928 4759
4734 928 7326
4735 928 7728
4736 928 8698
4737 928 14156
4738 929 1402
4739 929 2187
4740 929 2743
4741 929 3059
4742 930 937
4743 930 3067
4744 930 3378
4745 930 13180
4746 930 14125
4747 931 1402
4748 931 2048
4749 931 9263
4750 931 11800
4751 931 13218
4752 932 3060
4753 932 8698
4754 932 12413
4755 932 13208
4756 932 13388
4757 932 13414
4758 933 2474
4759 933 2536
4760 933 13945
4761 933 14001
4762 934 2641
4763 934 6128
4764 934 13165
4765 934 13167
4766 935 1798
4767 935 2030
4768 935 6048
4769 935 6090
4770 935 6194
4771 935 14279
4772 936 9286
4773 936 9546
4774 936 11860
4775 936 11861
4776 936 12194
4777 937 3067
4778 937 13176
4779 937 13177
4780 937 13180
4781 938 7670
4782 938 11862
4783 938 11863
4784 938 12192
4785 938 14269
4786 939 2577
4787 939 8084
4788 939 8507
4789 939 8508
4790 939 14803
4791 940 5420
4792 940 6305
4793 940 11512
4794 940 11540
4795 940 11541
4796 940 11693
4797 941 949
4798 941 11881
4799 941 12711
4800 941 13929
4801 942 1842
4802 942 2716
4803 942 12584
4804 943 1114
4805 943 1427
4806 943 2836
4807 943 6692
4808 943 7197
4809 943 8613
4810 944 1255
4811 944 1256
4812 944 3492
4813 944 9498
4814 944 13599
4815 945 973
4816 945 974
4817 945 1417
4818 945 11894
4819 945 11895
4820 945 12696
4821 946 951
4822 946 2281
4823 946 11748
4824 946 12168
4825 946 12818
4826 946 14492
4827 947 950
4828 947 5791
4829 947 11708
4830 947 13467
4831 947 13468
4832 948 1422
4833 948 2827
4834 948 2896
4835 948 3055
4836 948 11739
4837 949 2281
4838 949 8232
4839 949 12820
4840 949 13929
4841 949 14492
4842 950 1012
4843 950 13341
4844 950 13467
4845 951 12166
4846 951 12168
4847 951 12705
4848 952 3054
4849 952 7975
4850 952 11997
4851 952 13083
4852 952 13292
4853 952 14767
4854 953 6267
4855 953 12818
4856 953 12846
4857 954 5369
4858 954 6747
4859 954 10080
4860 954 10081
4861 954 12741
4862 954 13389
4863 955 8226
4864 955 11795
4865 955 11978
4866 955 11981
4867 955 12073
4868 955 12615
4869 956 957
4870 956 11745
4871 956 13194
4872 957 12163
4873 957 12165
4874 957 12702
4875 958 3115
4876 958 5361
4877 958 6066
4878 958 7481
4879 958 7536
4880 958 13649
4881 959 1133
4882 959 1777
4883 959 8603
4884 959 8606
4885 959 8771
4886 959 8773
4887 960 3072
4888 960 11869
4889 960 11925
4890 960 11928
4891 960 12723
4892 960 12921
4893 961 1694
4894 961 8125
4895 961 8126
4896 961 8251
4897 961 8436
4898 961 8437
4899 962 9274
4900 962 9906
4901 962 9907
4902 962 9909
4903 962 14975
4904 963 2453
4905 963 8560
4906 963 10843
4907 963 10845
4908 963 11009
4909 963 11073
4910 964 969
4911 964 971
4912 964 11892
4913 964 12699
4914 965 2070
4915 965 9159
4916 965 13083
4917 965 13238
4918 965 13242
4919 965 13292
4920 966 3052
4921 966 11796
4922 966 13211
4923 966 13213
4924 966 13240
4925 966 13393
4926 967 1638
4927 967 3170
4928 967 3182
4929 967 4765
4930 967 5990
4931 967 9354
4932 968 1489
4933 968 1702
4934 968 5656
4935 968 5668
4936 968 6067
4937 969 973
4938 969 11894
4939 969 12699
4940 970 2300
4941 970 2860
4942 970 6723
4943 970 7155
4944 970 14909
4945 971 3543
4946 971 13199
4947 971 13422
4948 972 1442
4949 972 2497
4950 972 8543
4951 972 9125
4952 972 9877
4953 972 13294
4954 973 974
4955 973 11894
4956 974 1417
4957 974 3542
4958 974 5137
4959 975 3399
4960 975 12737
4961 975 12749
4962 975 12902
4963 975 12906
4964 975 14020
4965 976 977
4966 976 1584
4967 976 2960
4968 976 13264
4969 976 13337
4970 977 1584
4971 977 1970
4972 977 13264
4973 978 7805
4974 978 12806
4975 979 4449
4976 979 4450
4977 979 4494
4978 979 4549
4979 979 4550
4980 979 14581
4981 980 982
4982 980 3205
4983 980 8379
4984 980 11735
4985 980 11899
4986 981 1836
4987 981 4204
4988 981 4206
4989 981 10929
4990 981 14709
4991 982 2125
4992 982 3205
4993 982 7029
4994 982 11734
4995 982 11735
4996 983 1528
4997 983 2499
4998 983 5468
4999 983 5483
5000 983 5493
5001 983 5496
5002 984 7029
5003 984 9208
5004 984 11734
5005 984 12156
5006 984 13417
5007 985 2804
5008 985 13241
5009 985 13247
5010 985 13310
5011 985 13323
5012 986 2011
5013 986 4455
5014 986 4456
5015 986 4504
5016 986 4543
5017 987 988
5018 987 1455
5019 987 8221
5020 987 11662
5021 987 11719
5022 987 13237
5023 988 989
5024 988 8221
5025 988 11660
5026 988 11662
5027 988 13236
5028 989 2258
5029 989 11660
5030 989 13235
5031 989 13236
5032 989 13453
5033 990 5868
5034 990 9006
5035 990 9926
5036 990 13448
5037 990 13450
5038 990 14160
5039 991 3068
5040 991 5993
5041 991 5997
5042 991 11040
5043 992 6168
5044 992 6246
5045 992 6248
5046 992 6862
5047 992 14112
5048 992 14115
5049 993 995
5050 993 2274
5051 993 3050
5052 993 11657
5053 993 13208
5054 993 13388
5055 994 995
5056 994 3049
5057 994 3050
5058 994 11511
5059 994 12527
5060 994 13291
5061 995 3049
5062 995 3050
5063 995 11750
5064 995 13388
5065 995 13415
5066 996 1412
5067 996 1468
5068 996 3048
5069 996 13205
5070 996 13387
5071 996 13415
5072 997 3534
5073 997 6413
5074 997 9501
5075 997 10559
5076 997 11057
5077 997 14212
5078 998 3888
5079 998 4113
5080 998 4114
5081 998 6688
5082 998 14211
5083 998 14911
5084 999 2207
5085 999 10814
5086 999 11715
5087 999 13459
5088 1000 2209
5089 1000 3783
5090 1000 10321
5091 1000 10557
5092 1000 12113
5093 1000 12312
5094 1001 1056
5095 1001 1057
5096 1001 1061
5097 1001 1509
5098 1001 4301
5099 1001 11772
5100 1001 12836
5101 1002 1003
5102 1002 1007
5103 1002 1470
5104 1002 1473
5105 1002 9093
5106 1002 12525
5107 1003 1007
5108 1003 4836
5109 1003 9093
5110 1003 10830
5111 1003 13283
5112 1004 6109
5113 1004 8955
5114 1004 9040
5115 1004 9224
5116 1004 10947
5117 1004 11214
5118 1005 1006
5119 1005 2980
5120 1005 11712
5121 1005 13220
5122 1006 2980
5123 1006 14192
5124 1007 1473
5125 1007 10830
5126 1007 13361
5127 1007 13385
5128 1007 13419
5129 1008 7781
5130 1008 9548
5131 1008 9606
5132 1008 10058
5133 1008 10124
5134 1008 10579
5135 1009 1093
5136 1009 3017
5137 1009 5219
5138 1009 7077
5139 1009 11454
5140 1009 14838
5141 1010 9815
5142 1010 10834
5143 1010 11050
5144 1010 13468
5145 1010 13469
5146 1011 1013
5147 1011 1479
5148 1011 2918
5149 1011 6595
5150 1011 11501
5151 1011 11647
5152 1012 2944
5153 1012 11691
5154 1012 13341
5155 1013 1483
5156 1013 6595
5157 1013 11647
5158 1013 13374
5159 1013 13377
5160 1014 2292
5161 1014 2935
5162 1014 3069
5163 1014 11537
5164 1015 2266
5165 1015 9326
5166 1015 9331
5167 1015 9868
5168 1015 11052
5169 1015 11857
5170 1016 1483
5171 1016 2314
5172 1016 2379
5173 1016 3046
5174 1016 13379
5175 1016 14246
5176 1017 2576
5177 1017 7279
5178 1017 7281
5179 1017 12216
5180 1017 12221
5181 1018 2369
5182 1018 7809
5183 1018 11474
5184 1018 12578
5185 1018 12579
5186 1019 3045
5187 1019 8808
5188 1019 11497
5189 1019 13279
5190 1020 2292
5191 1020 11255
5192 1020 11537
5193 1020 12287
5194 1020 12593
5195 1021 1376
5196 1021 5181
5197 1021 5321
5198 1021 10286
5199 1021 10570
5200 1022 1750
5201 1022 2935
5202 1022 3204
5203 1022 3299
5204 1022 13362
5205 1023 3129
5206 1023 6584
5207 1023 6686
5208 1023 13342
5209 1023 13394
5210 1024 3043
5211 1024 5520
5212 1024 5521
5213 1024 14325
5214 1024 14732
5215 1025 2199
5216 1025 4854
5217 1025 5444
5218 1025 9206
5219 1025 11046
5220 1025 11183
5221 1026 1755
5222 1026 2056
5223 1026 5241
5224 1026 10077
5225 1026 10294
5226 1026 10568
5227 1027 1028
5228 1027 1153
5229 1027 2144
5230 1027 3212
5231 1027 7277
5232 1027 11492
5233 1027 13311
5234 1028 2144
5235 1028 3212
5236 1028 8973
5237 1028 13178
5238 1028 13184
5239 1029 1529
5240 1029 2208
5241 1029 9815
5242 1029 11050
5243 1030 4457
5244 1030 4479
5245 1030 4541
5246 1030 5628
5247 1030 5632
5248 1030 11031
5249 1031 1034
5250 1031 2311
5251 1031 7277
5252 1031 13180
5253 1031 13311
5254 1031 14125
5255 1032 1762
5256 1032 4803
5257 1032 4804
5258 1032 6759
5259 1032 6762
5260 1032 11159
5261 1033 1040
5262 1033 3041
5263 1033 11476
5264 1033 11477
5265 1033 11487
5266 1033 12506
5267 1034 2311
5268 1034 11480
5269 1034 11676
5270 1034 14125
5271 1035 1037
5272 1035 3040
5273 1035 3041
5274 1035 3042
5275 1035 11473
5276 1035 11475
5277 1036 2466
5278 1036 7244
5279 1036 7245
5280 1037 3039
5281 1037 3040
5282 1037 11473
5283 1037 13171
5284 1037 13305
5285 1038 1041
5286 1038 3535
5287 1038 3536
5288 1038 6128
5289 1038 13167
5290 1039 1043
5291 1039 1410
5292 1039 3039
5293 1039 3364
5294 1039 13171
5295 1040 3041
5296 1040 3042
5297 1040 12506
5298 1040 13175
5299 1041 1981
5300 1041 2137
5301 1041 3535
5302 1041 3536
5303 1041 13278
5304 1042 3086
5305 1042 3264
5306 1042 6866
5307 1043 3039
5308 1043 3364
5309 1043 11471
5310 1043 11493
5311 1043 13169
5312 1044 1048
5313 1044 4704
5314 1044 8958
5315 1044 9087
5316 1044 12983
5317 1044 13428
5318 1045 1051
5319 1045 3037
5320 1045 7081
5321 1045 8104
5322 1045 11455
5323 1045 12983
5324 1045 14857
5325 1046 2724
5326 1046 2977
5327 1046 3245
5328 1046 9325
5329 1046 10545
5330 1047 3036
5331 1047 3038
5332 1047 5164
5333 1047 11451
5334 1047 11453
5335 1047 13267
5336 1048 7081
5337 1048 8958
5338 1048 11775
5339 1048 11781
5340 1048 12983
5341 1049 1507
5342 1049 2296
5343 1049 3036
5344 1049 5164
5345 1049 8220
5346 1049 11447
5347 1049 13266
5348 1050 2193
5349 1050 2296
5350 1050 8220
5351 1050 9713
5352 1050 11774
5353 1051 3037
5354 1051 7081
5355 1051 12843
5356 1052 2976
5357 1052 3394
5358 1052 3562
5359 1052 6413
5360 1052 9120
5361 1053 1450
5362 1053 2377
5363 1053 10025
5364 1053 13400
5365 1054 1058
5366 1054 8607
5367 1054 9120
5368 1054 11765
5369 1054 12023
5370 1054 12038
5371 1055 1058
5372 1055 1059
5373 1055 12027
5374 1055 12038
5375 1056 1061
5376 1056 1063
5377 1056 4301
5378 1056 11441
5379 1056 13260
5380 1057 1509
5381 1057 9713
5382 1057 11772
5383 1057 12839
5384 1058 2762
5385 1058 9120
5386 1058 12038
5387 1059 1060
5388 1059 3784
5389 1059 12027
5390 1059 12030
5391 1060 1065
5392 1060 3784
5393 1060 9209
5394 1061 1062
5395 1061 1063
5396 1061 3034
5397 1061 12836
5398 1062 1063
5399 1062 1582
5400 1062 3034
5401 1062 3035
5402 1062 11767
5403 1063 3035
5404 1063 11441
5405 1063 13259
5406 1064 3011
5407 1064 3032
5408 1064 4364
5409 1064 9474
5410 1064 13251
5411 1065 3643
5412 1065 3784
5413 1066 2656
5414 1066 9208
5415 1066 9727
5416 1066 12156
5417 1066 12286
5418 1066 12945
5419 1067 2509
5420 1067 3237
5421 1067 4682
5422 1067 4763
5423 1067 10869
5424 1067 14356
5425 1068 12173
5426 1068 12176
5427 1068 12248
5428 1068 12446
5429 1069 1646
5430 1069 3306
5431 1069 3408
5432 1069 10678
5433 1069 13257
5434 1069 14205
5435 1070 3011
5436 1070 3029
5437 1070 3031
5438 1070 4364
5439 1070 11763
5440 1070 13168
5441 1071 4413
5442 1071 7584
5443 1071 7587
5444 1071 7618
5445 1071 7623
5446 1071 7627
5447 1072 1079
5448 1072 1577
5449 1072 2322
5450 1072 3028
5451 1072 7764
5452 1072 13170
5453 1073 4782
5454 1073 6002
5455 1073 12034
5456 1073 12246
5457 1073 12443
5458 1074 8592
5459 1074 10730
5460 1074 11109
5461 1074 11469
5462 1074 12193
5463 1075 2227
5464 1075 2233
5465 1075 8755
5466 1075 11837
5467 1075 11839
5468 1075 12947
5469 1076 3270
5470 1076 12352
5471 1076 12353
5472 1076 12355
5473 1076 12378
5474 1076 13040
5475 1077 3084
5476 1077 3501
5477 1077 3739
5478 1077 7172
5479 1077 7174
5480 1077 7498
5481 1078 2284
5482 1078 2861
5483 1078 3026
5484 1078 9123
5485 1078 11758
5486 1078 11759
5487 1079 1577
5488 1079 2322
5489 1079 2861
5490 1079 9123
5491 1079 10758
5492 1080 1087
5493 1080 3024
5494 1080 3025
5495 1080 11757
5496 1080 12801
5497 1080 12825
5498 1081 12511
5499 1081 12513
5500 1081 12515
5501 1081 12594
5502 1081 12975
5503 1081 12991
5504 1082 1805
5505 1082 2893
5506 1082 12452
5507 1082 12497
5508 1082 12621
5509 1082 12958
5510 1083 12502
5511 1083 12503
5512 1083 12624
5513 1083 12627
5514 1083 13006
5515 1083 14768
5516 1084 1089
5517 1084 1783
5518 1084 12470
5519 1084 12629
5520 1084 12632
5521 1084 13004
5522 1084 14768
5523 1085 2012
5524 1085 2060
5525 1085 2128
5526 1085 3023
5527 1085 10571
5528 1085 13245
5529 1086 1087
5530 1086 3022
5531 1086 11414
5532 1086 11416
5533 1086 12801
5534 1086 13245
5535 1087 3024
5536 1087 11414
5537 1087 11438
5538 1087 12801
5539 1088 1094
5540 1088 6668
5541 1088 11749
5542 1088 12820
5543 1088 13566
5544 1088 14796
5545 1089 1090
5546 1089 6801
5547 1089 12632
5548 1089 13004
5549 1089 14656
5550 1090 6801
5551 1090 8786
5552 1090 12631
5553 1090 12632
5554 1090 14199
5555 1091 12621
5556 1091 12899
5557 1091 12932
5558 1091 14074
5559 1092 2219
5560 1092 4323
5561 1092 4428
5562 1092 5236
5563 1092 5334
5564 1093 3017
5565 1093 5219
5566 1093 11746
5567 1093 13189
5568 1093 13192
5569 1094 1095
5570 1094 6668
5571 1094 9843
5572 1094 14796
5573 1095 9843
5574 1095 10974
5575 1095 11395
5576 1095 11404
5577 1095 14796
5578 1096 2636
5579 1096 3911
5580 1096 3912
5581 1096 3949
5582 1096 3951
5583 1096 12928
5584 1097 12704
5585 1097 12768
5586 1097 12770
5587 1097 12859
5588 1097 12860
5589 1098 1989
5590 1098 5439
5591 1098 7991
5592 1098 10185
5593 1098 10190
5594 1098 11701
5595 1099 1100
5596 1099 1974
5597 1099 2738
5598 1099 12783
5599 1099 12822
5600 1099 13824
5601 1100 1735
5602 1100 2001
5603 1100 2738
5604 1100 8702
5605 1100 13824
5606 1101 3013
5607 1101 3014
5608 1101 6713
5609 1101 11383
5610 1101 11743
5611 1101 12812
5612 1102 1103
5613 1102 3014
5614 1102 3016
5615 1102 11744
5616 1102 12812
5617 1102 12847
5618 1103 3014
5619 1103 3016
5620 1103 7077
5621 1103 11392
5622 1103 13486
5623 1103 14281
5624 1104 1111
5625 1104 4502
5626 1104 7089
5627 1104 7484
5628 1104 11740
5629 1105 2001
5630 1105 2713
5631 1105 12639
5632 1105 12907
5633 1105 14143
5634 1106 1973
5635 1106 2204
5636 1106 6120
5637 1106 11629
5638 1106 11630
5639 1106 12949
5640 1107 12782
5641 1107 12783
5642 1107 12784
5643 1107 12799
5644 1107 12814
5645 1108 1522
5646 1108 7645
5647 1108 8753
5648 1108 8754
5649 1108 9108
5650 1108 12772
5651 1108 12773
5652 1109 1559
5653 1109 3009
5654 1109 5000
5655 1109 11737
5656 1109 11738
5657 1109 13420
5658 1110 1111
5659 1110 4502
5660 1110 6472
5661 1110 6499
5662 1110 14715
5663 1111 4502
5664 1111 11740
5665 1111 11741
5666 1111 14715
5667 1112 2699
5668 1112 8628
5669 1112 9089
5670 1112 10080
5671 1112 10083
5672 1112 10287
5673 1113 3451
5674 1113 8722
5675 1113 12697
5676 1113 12700
5677 1113 12867
5678 1114 1427
5679 1114 1561
5680 1114 2836
5681 1114 11732
5682 1114 13418
5683 1115 3285
5684 1115 6601
5685 1115 10691
5686 1115 10697
5687 1116 4375
5688 1116 8691
5689 1116 8695
5690 1116 8703
5691 1116 8936
5692 1116 13239
5693 1117 7055
5694 1117 10930
5695 1117 10932
5696 1117 12809
5697 1117 12850
5698 1117 13693
5699 1118 1501
5700 1118 1744
5701 1118 1920
5702 1118 2031
5703 1118 7719
5704 1118 9101
5705 1119 1945
5706 1119 3642
5707 1119 3704
5708 1119 6605
5709 1119 11150
5710 1119 14827
5711 1120 1124
5712 1120 1564
5713 1120 1568
5714 1120 2278
5715 1120 8765
5716 1120 8767
5717 1120 13010
5718 1121 1123
5719 1121 2341
5720 1121 7517
5721 1121 10623
5722 1121 10690
5723 1122 10788
5724 1122 11672
5725 1122 12796
5726 1122 12797
5727 1122 12800
5728 1122 12855
5729 1123 2579
5730 1123 4721
5731 1123 7517
5732 1123 14114
5733 1124 1125
5734 1124 1568
5735 1124 3532
5736 1124 8608
5737 1124 8767
5738 1125 1732
5739 1125 1942
5740 1125 3532
5741 1125 8605
5742 1125 8608
5743 1126 6835
5744 1126 8609
5745 1126 10016
5746 1126 10602
5747 1126 10604
5748 1126 10627
5749 1127 1130
5750 1127 1144
5751 1127 1145
5752 1127 1732
5753 1127 1942
5754 1127 11369
5755 1128 1131
5756 1128 7852
5757 1128 10010
5758 1129 1131
5759 1129 10605
5760 1129 10630
5761 1129 10681
5762 1129 10684
5763 1130 1141
5764 1130 1144
5765 1130 1145
5766 1130 11724
5767 1130 13446
5768 1131 10681
5769 1131 10728
5770 1132 1739
5771 1132 2753
5772 1132 3282
5773 1132 3285
5774 1132 8659
5775 1132 8712
5776 1133 1140
5777 1133 1141
5778 1133 1144
5779 1133 8603
5780 1133 8771
5781 1134 2117
5782 1134 8710
5783 1134 11074
5784 1135 3292
5785 1135 3294
5786 1135 5695
5787 1135 8664
5788 1135 11332
5789 1136 8862
5790 1136 9688
5791 1136 10726
5792 1136 12739
5793 1136 12885
5794 1137 1156
5795 1137 1435
5796 1137 3384
5797 1137 3411
5798 1137 11309
5799 1137 11720
5800 1137 11721
5801 1138 9082
5802 1138 10339
5803 1138 10875
5804 1138 11069
5805 1138 11226
5806 1138 11232
5807 1139 1142
5808 1139 1150
5809 1139 1152
5810 1139 7257
5811 1139 11375
5812 1139 13461
5813 1140 1141
5814 1140 5657
5815 1140 6136
5816 1140 8603
5817 1141 1144
5818 1141 5657
5819 1141 11724
5820 1142 1146
5821 1142 1147
5822 1142 1150
5823 1142 8599
5824 1142 11375
5825 1143 1146
5826 1143 1147
5827 1143 1573
5828 1143 11582
5829 1143 11713
5830 1143 11714
5831 1144 8771
5832 1144 11369
5833 1145 1942
5834 1145 2271
5835 1145 13444
5836 1145 13446
5837 1146 1147
5838 1146 8596
5839 1146 8599
5840 1146 11582
5841 1147 1150
5842 1147 11713
5843 1147 13457
5844 1148 2283
5845 1148 2469
5846 1148 3098
5847 1148 3785
5848 1148 14984
5849 1149 8721
5850 1149 8953
5851 1149 9903
5852 1149 9905
5853 1149 9907
5854 1149 10666
5855 1150 8576
5856 1150 13457
5857 1150 13461
5858 1151 6726
5859 1151 13908
5860 1151 14089
5861 1151 14147
5862 1152 1156
5863 1152 3411
5864 1152 7257
5865 1152 13413
5866 1152 13461
5867 1153 1621
5868 1153 1914
5869 1153 3212
5870 1153 11492
5871 1153 12997
5872 1154 3677
5873 1154 3908
5874 1154 3958
5875 1154 4066
5876 1154 4067
5877 1154 7694
5878 1155 4283
5879 1155 4285
5880 1155 10043
5881 1155 10874
5882 1156 3411
5883 1156 7257
5884 1156 11309
5885 1156 11370
5886 1157 4535
5887 1157 6388
5888 1157 8938
5889 1157 9382
5890 1157 9385
5891 1157 9437
5892 1158 1588
5893 1158 2114
5894 1158 2583
5895 1158 3414
5896 1158 4180
5897 1158 11696
5898 1159 1546
5899 1159 2273
5900 1159 10046
5901 1159 11612
5902 1159 11613
5903 1159 13464
5904 1159 13466
5905 1160 1607
5906 1160 8578
5907 1160 8783
5908 1160 11298
5909 1160 11300
5910 1160 14998
5911 1161 1591
5912 1161 2308
5913 1161 11621
5914 1161 11684
5915 1161 11717
5916 1161 12957
5917 1162 3415
5918 1162 3416
5919 1162 11623
5920 1162 11625
5921 1162 11662
5922 1162 11719
5923 1163 2258
5924 1163 5143
5925 1163 11624
5926 1163 11660
5927 1163 13470
5928 1163 13863
5929 1164 1594
5930 1164 2504
5931 1164 5143
5932 1164 11659
5933 1164 12949
5934 1164 13448
5935 1165 1535
5936 1165 5814
5937 1165 5815
5938 1165 6235
5939 1165 9791
5940 1165 14168
5941 1166 3124
5942 1166 3198
5943 1166 5936
5944 1166 10376
5945 1167 1973
5946 1167 3418
5947 1167 6120
5948 1167 11534
5949 1167 13315
5950 1168 1597
5951 1168 1971
5952 1168 8446
5953 1168 11533
5954 1168 11674
5955 1168 13309
5956 1169 1624
5957 1169 2242
5958 1169 2769
5959 1169 5938
5960 1169 14264
5961 1169 14319
5962 1169 14322
5963 1170 1171
5964 1170 1849
5965 1170 2259
5966 1170 2665
5967 1170 11542
5968 1170 11700
5969 1171 1601
5970 1171 1661
5971 1171 1849
5972 1171 3420
5973 1171 11613
5974 1171 11700
5975 1172 2413
5976 1172 3483
5977 1172 9920
5978 1172 9925
5979 1172 10746
5980 1173 2809
5981 1173 8020
5982 1173 11555
5983 1173 11802
5984 1173 13902
5985 1174 1843
5986 1174 6698
5987 1174 6763
5988 1174 9350
5989 1174 9391
5990 1175 3421
5991 1175 8582
5992 1175 8583
5993 1175 11397
5994 1175 11398
5995 1175 11606
5996 1176 1423
5997 1176 1498
5998 1176 2189
5999 1176 3702
6000 1176 5504
6001 1176 14500
6002 1177 2862
6003 1177 6628
6004 1177 8784
6005 1177 10679
6006 1177 10680
6007 1177 12512
6008 1178 1607
6009 1178 3423
6010 1178 8783
6011 1178 11552
6012 1178 11553
6013 1178 13471
6014 1179 1605
6015 1179 1607
6016 1179 11556
6017 1179 11608
6018 1179 13471
6019 1179 14998
6020 1180 1181
6021 1180 3423
6022 1180 5237
6023 1180 8581
6024 1180 11401
6025 1180 11594
6026 1181 5042
6027 1181 11401
6028 1181 11410
6029 1181 11594
6030 1181 13626
6031 1182 3657
6032 1182 3752
6033 1183 2787
6034 1183 3461
6035 1183 4239
6036 1183 8447
6037 1183 13807
6038 1184 1382
6039 1184 2141
6040 1185 1197
6041 1185 8375
6042 1185 8376
6043 1185 8588
6044 1185 11301
6045 1185 11343
6046 1186 1466
6047 1186 2123
6048 1186 2911
6049 1186 8699
6050 1186 9910
6051 1186 9914
6052 1187 1622
6053 1187 2439
6054 1187 2846
6055 1187 8217
6056 1187 8570
6057 1187 11295
6058 1188 1189
6059 1188 1627
6060 1188 2602
6061 1188 5183
6062 1188 8019
6063 1188 8569
6064 1188 8571
6065 1189 1627
6066 1189 8015
6067 1189 8569
6068 1189 8572
6069 1189 11268
6070 1190 7870
6071 1190 7873
6072 1190 7875
6073 1190 7970
6074 1190 11901
6075 1191 4864
6076 1191 5112
6077 1191 5147
6078 1191 5690
6079 1192 5490
6080 1192 7864
6081 1192 7865
6082 1192 7866
6083 1192 8469
6084 1192 13154
6085 1193 1194
6086 1193 2802
6087 1193 7979
6088 1193 8459
6089 1193 13477
6090 1194 3431
6091 1194 8460
6092 1194 13477
6093 1194 13679
6094 1195 3432
6095 1195 3861
6096 1195 7479
6097 1195 8356
6098 1195 10067
6099 1195 11362
6100 1196 2997
6101 1196 7483
6102 1196 8347
6103 1196 8350
6104 1196 11364
6105 1196 12408
6106 1197 8365
6107 1197 8375
6108 1197 11343
6109 1197 11349
6110 1197 11350
6111 1198 4868
6112 1198 4869
6113 1198 5107
6114 1198 6343
6115 1198 7351
6116 1198 14352
6117 1199 2382
6118 1199 7046
6119 1199 11687
6120 1199 12005
6121 1199 12923
6122 1200 8066
6123 1200 8342
6124 1200 8344
6125 1200 8353
6126 1200 12824
6127 1200 13544
6128 1201 4092
6129 1201 4095
6130 1201 4148
6131 1201 4424
6132 1201 5232
6133 1201 14584
6134 1202 2357
6135 1202 2871
6136 1202 3667
6137 1202 3668
6138 1202 7286
6139 1203 4340
6140 1203 5728
6141 1203 8082
6142 1203 8083
6143 1203 8160
6144 1203 14339
6145 1204 1205
6146 1204 4340
6147 1204 5121
6148 1204 8083
6149 1204 8158
6150 1204 8333
6151 1205 1648
6152 1205 5121
6153 1205 8086
6154 1205 8158
6155 1205 13493
6156 1206 6035
6157 1206 12447
6158 1206 12670
6159 1206 12712
6160 1206 12713
6161 1206 12760
6162 1207 1650
6163 1207 1656
6164 1207 8085
6165 1207 8368
6166 1207 13519
6167 1208 5110
6168 1208 5216
6169 1208 9492
6170 1208 10049
6171 1208 10544
6172 1208 13898
6173 1209 2887
6174 1209 8033
6175 1209 8035
6176 1209 8144
6177 1209 12852
6178 1209 14479
6179 1210 1654
6180 1210 5121
6181 1210 8333
6182 1210 13493
6183 1210 13590
6184 1210 13684
6185 1211 1212
6186 1211 8066
6187 1211 8068
6188 1211 8172
6189 1211 8215
6190 1211 8217
6191 1212 2846
6192 1212 8064
6193 1212 8066
6194 1212 8217
6195 1212 9513
6196 1212 13544
6197 1213 3116
6198 1213 7704
6199 1213 7706
6200 1213 7707
6201 1213 7863
6202 1213 13558
6203 1214 7769
6204 1214 7770
6205 1214 7911
6206 1214 10461
6207 1214 11357
6208 1215 3140
6209 1215 10851
6210 1215 14148
6211 1215 14334
6212 1215 14422
6213 1215 14620
6214 1216 2004
6215 1216 3232
6216 1216 3524
6217 1216 12707
6218 1216 14940
6219 1217 1282
6220 1217 3866
6221 1217 5602
6222 1217 7153
6223 1217 9902
6224 1218 1909
6225 1218 7213
6226 1218 10803
6227 1218 13855
6228 1218 13926
6229 1219 3437
6230 1219 4226
6231 1219 6581
6232 1219 13895
6233 1219 14693
6234 1220 1666
6235 1220 3480
6236 1220 7022
6237 1220 7025
6238 1220 13891
6239 1221 1314
6240 1221 1668
6241 1221 3480
6242 1221 11002
6243 1221 13852
6244 1222 1668
6245 1222 1752
6246 1222 2243
6247 1222 3139
6248 1222 3479
6249 1222 11002
6250 1223 9286
6251 1223 10353
6252 1223 11776
6253 1223 12843
6254 1223 13156
6255 1224 1225
6256 1224 1323
6257 1224 1670
6258 1224 1672
6259 1224 3141
6260 1224 3478
6261 1225 1672
6262 1225 2645
6263 1225 3477
6264 1225 3478
6265 1225 3831
6266 1225 6681
6267 1226 1227
6268 1226 3477
6269 1226 7027
6270 1226 7031
6271 1226 8759
6272 1226 11610
6273 1227 1672
6274 1227 1674
6275 1227 3477
6276 1227 11610
6277 1227 12577
6278 1228 1308
6279 1228 3474
6280 1228 4492
6281 1228 6626
6282 1228 10288
6283 1228 14675
6284 1229 1230
6285 1229 1305
6286 1229 1309
6287 1229 4492
6288 1229 6626
6289 1229 9960
6290 1230 3473
6291 1230 6626
6292 1230 9960
6293 1230 13838
6294 1230 13933
6295 1230 13934
6296 1231 1743
6297 1231 3661
6298 1231 6724
6299 1231 14688
6300 1231 14690
6301 1232 1797
6302 1232 3473
6303 1232 9370
6304 1232 9960
6305 1232 13837
6306 1232 14257
6307 1233 1681
6308 1233 2006
6309 1233 3475
6310 1233 9334
6311 1233 13806
6312 1233 13809
6313 1234 1236
6314 1234 1298
6315 1234 1684
6316 1234 2706
6317 1234 3472
6318 1234 3476
6319 1235 2550
6320 1235 3114
6321 1235 5142
6322 1235 5542
6323 1235 8408
6324 1235 14141
6325 1236 1237
6326 1236 1298
6327 1236 3476
6328 1236 3522
6329 1236 3523
6330 1237 1238
6331 1237 1685
6332 1237 3476
6333 1237 3481
6334 1237 3522
6335 1238 1239
6336 1238 1294
6337 1238 1297
6338 1238 3481
6339 1238 3522
6340 1239 1240
6341 1239 1294
6342 1239 1687
6343 1239 3481
6344 1239 3482
6345 1240 1241
6346 1240 1687
6347 1240 1689
6348 1240 3482
6349 1240 10462
6350 1241 1689
6351 1241 3482
6352 1241 9262
6353 1241 10206
6354 1241 14252
6355 1242 1562
6356 1242 2733
6357 1242 4847
6358 1242 6717
6359 1242 12058
6360 1243 1244
6361 1243 2996
6362 1243 9262
6363 1243 9806
6364 1243 13737
6365 1243 13959
6366 1244 2996
6367 1244 10786
6368 1244 12929
6369 1244 13660
6370 1244 13959
6371 1245 2090
6372 1245 8830
6373 1245 10053
6374 1245 10056
6375 1245 12357
6376 1245 12744
6377 1246 1248
6378 1246 2994
6379 1246 3486
6380 1246 3487
6381 1246 3510
6382 1246 9014
6383 1247 2104
6384 1247 3300
6385 1247 3485
6386 1247 6701
6387 1247 13971
6388 1248 3486
6389 1248 9014
6390 1248 9193
6391 1248 13659
6392 1248 13661
6393 1249 1250
6394 1249 3486
6395 1249 3488
6396 1249 3489
6397 1249 13661
6398 1249 13664
6399 1250 1253
6400 1250 3489
6401 1250 13609
6402 1250 13664
6403 1250 13666
6404 1251 1254
6405 1251 2993
6406 1251 10371
6407 1251 13605
6408 1251 13675
6409 1251 14183
6410 1252 2393
6411 1252 2992
6412 1252 2993
6413 1252 3868
6414 1252 13607
6415 1252 13872
6416 1253 1283
6417 1253 2393
6418 1253 3489
6419 1253 13609
6420 1253 13872
6421 1254 2992
6422 1254 2993
6423 1254 14183
6424 1254 14511
6425 1255 1256
6426 1255 1724
6427 1255 3492
6428 1255 10024
6429 1255 12603
6430 1256 1724
6431 1256 3504
6432 1256 10371
6433 1256 13599
6434 1256 14183
6435 1257 3492
6436 1257 9213
6437 1257 12603
6438 1257 13593
6439 1257 13595
6440 1257 13686
6441 1258 1705
6442 1258 1881
6443 1258 3493
6444 1258 7620
6445 1258 11783
6446 1258 13688
6447 1259 1261
6448 1259 1708
6449 1259 3494
6450 1259 6219
6451 1259 13584
6452 1259 13692
6453 1260 8373
6454 1260 8584
6455 1260 8585
6456 1260 8587
6457 1260 8589
6458 1260 11344
6459 1260 11389
6460 1261 1705
6461 1261 1708
6462 1261 5672
6463 1261 6219
6464 1261 7165
6465 1262 1708
6466 1262 3494
6467 1262 3495
6468 1262 7175
6469 1262 13580
6470 1262 13718
6471 1263 1709
6472 1263 2725
6473 1263 4282
6474 1263 7168
6475 1263 13575
6476 1263 13576
6477 1264 7262
6478 1264 11297
6479 1264 12031
6480 1264 12155
6481 1264 12573
6482 1264 12574
6483 1265 1711
6484 1265 2366
6485 1265 3497
6486 1265 5173
6487 1265 9107
6488 1265 13573
6489 1265 13705
6490 1266 1267
6491 1266 1711
6492 1266 3497
6493 1266 3501
6494 1266 7172
6495 1267 1268
6496 1267 1713
6497 1267 3497
6498 1267 7172
6499 1267 7499
6500 1268 1713
6501 1268 5400
6502 1268 7499
6503 1268 13571
6504 1269 3272
6505 1269 3600
6506 1269 4437
6507 1269 4438
6508 1269 4558
6509 1270 1716
6510 1270 3499
6511 1270 3500
6512 1270 7495
6513 1270 7503
6514 1270 7504
6515 1271 1272
6516 1271 1718
6517 1271 3500
6518 1272 1716
6519 1272 1718
6520 1272 3500
6521 1272 7494
6522 1272 13569
6523 1273 1711
6524 1273 2018
6525 1273 2487
6526 1273 3501
6527 1273 7498
6528 1273 10354
6529 1273 13568
6530 1274 2340
6531 1274 5699
6532 1274 5701
6533 1274 5749
6534 1274 5778
6535 1274 9322
6536 1275 1336
6537 1275 1337
6538 1275 1723
6539 1275 3502
6540 1275 7620
6541 1276 6305
6542 1276 11512
6543 1276 11619
6544 1276 11669
6545 1276 13458
6546 1277 1723
6547 1277 2479
6548 1277 3121
6549 1277 9714
6550 1278 1279
6551 1278 1461
6552 1278 1724
6553 1278 2480
6554 1278 9714
6555 1278 10024
6556 1279 1724
6557 1279 2410
6558 1279 2480
6559 1279 3504
6560 1279 13960
6561 1280 2237
6562 1280 2410
6563 1280 5602
6564 1280 7154
6565 1280 7183
6566 1280 9219
6567 1281 1282
6568 1281 2992
6569 1281 3868
6570 1281 9219
6571 1281 14511
6572 1282 3868
6573 1282 5602
6574 1282 9219
6575 1282 9902
6576 1283 2965
6577 1283 3489
6578 1283 3509
6579 1283 7282
6580 1283 13872
6581 1284 1285
6582 1284 1332
6583 1284 2481
6584 1284 2516
6585 1284 3511
6586 1284 3515
6587 1284 8037
6588 1285 1286
6589 1285 2516
6590 1285 3487
6591 1285 3510
6592 1285 3515
6593 1286 1288
6594 1286 1331
6595 1286 2515
6596 1286 3510
6597 1286 3515
6598 1287 3671
6599 1287 14051
6600 1287 14806
6601 1287 14809
6602 1287 14810
6603 1288 1331
6604 1288 2515
6605 1288 4516
6606 1288 7148
6607 1288 10778
6608 1289 8610
6609 1289 9050
6610 1289 9051
6611 1289 13354
6612 1290 2831
6613 1290 6976
6614 1290 14272
6615 1291 6590
6616 1291 7047
6617 1291 7274
6618 1291 13834
6619 1292 3300
6620 1292 4160
6621 1292 4870
6622 1292 9247
6623 1292 10778
6624 1293 1793
6625 1293 3020
6626 1293 9569
6627 1293 10044
6628 1293 10552
6629 1293 14436
6630 1294 1296
6631 1294 1297
6632 1294 3482
6633 1294 3519
6634 1295 1297
6635 1295 1299
6636 1295 3522
6637 1295 3523
6638 1295 3525
6639 1295 7136
6640 1296 1297
6641 1296 1299
6642 1296 1327
6643 1296 3519
6644 1296 3521
6645 1297 1299
6646 1297 3522
6647 1298 1301
6648 1298 2482
6649 1298 2706
6650 1298 3523
6651 1299 1326
6652 1299 1327
6653 1299 7136
6654 1300 3003
6655 1300 3526
6656 1300 6244
6657 1300 7195
6658 1300 13187
6659 1300 13757
6660 1301 1303
6661 1301 2482
6662 1301 3523
6663 1301 3525
6664 1301 6588
6665 1301 7194
6666 1302 1681
6667 1302 3145
6668 1302 3148
6669 1302 3526
6670 1302 9334
6671 1302 13187
6672 1303 2482
6673 1303 3003
6674 1303 6244
6675 1303 7132
6676 1303 7194
6677 1304 1309
6678 1304 1360
6679 1304 2485
6680 1304 3144
6681 1304 9370
6682 1304 11531
6683 1305 1309
6684 1305 2293
6685 1305 2731
6686 1305 4492
6687 1305 14675
6688 1306 1728
6689 1306 2072
6690 1306 4802
6691 1306 4867
6692 1306 5107
6693 1306 5754
6694 1307 3106
6695 1307 3326
6696 1307 8869
6697 1307 9017
6698 1307 14271
6699 1308 1674
6700 1308 2512
6701 1308 4984
6702 1308 10288
6703 1308 14675
6704 1309 2293
6705 1309 9370
6706 1309 9960
6707 1309 11531
6708 1310 1311
6709 1310 1312
6710 1310 1672
6711 1310 3141
6712 1310 3142
6713 1310 12577
6714 1311 1674
6715 1311 3130
6716 1311 3142
6717 1311 4984
6718 1311 12577
6719 1312 3141
6720 1312 3142
6721 1312 3413
6722 1312 10931
6723 1313 1321
6724 1313 1323
6725 1313 2513
6726 1313 3132
6727 1313 10140
6728 1314 1666
6729 1314 3480
6730 1314 10785
6731 1314 13229
6732 1315 3778
6733 1315 14942
6734 1316 1317
6735 1316 2490
6736 1316 3136
6737 1316 7110
6738 1316 9366
6739 1316 10785
6740 1317 1318
6741 1317 2489
6742 1317 2490
6743 1317 3136
6744 1317 7213
6745 1317 11351
6746 1318 2489
6747 1318 3134
6748 1318 3136
6749 1318 9054
6750 1318 13097
6751 1319 2750
6752 1319 7350
6753 1319 8967
6754 1319 9054
6755 1319 13097
6756 1319 13775
6757 1319 13954
6758 1320 4768
6759 1320 7111
6760 1320 7116
6761 1320 9097
6762 1320 9366
6763 1320 13229
6764 1321 3413
6765 1321 7119
6766 1321 7120
6767 1321 10140
6768 1322 7747
6769 1322 7748
6770 1322 11949
6771 1322 12476
6772 1322 13551
6773 1322 13554
6774 1323 1670
6775 1323 3132
6776 1323 3141
6777 1324 3963
6778 1324 6577
6779 1324 7533
6780 1324 7671
6781 1324 7811
6782 1324 10699
6783 1325 8339
6784 1325 8340
6785 1325 8358
6786 1325 10934
6787 1325 13496
6788 1326 1327
6789 1326 6516
6790 1326 7135
6791 1326 7136
6792 1326 13751
6793 1327 3521
6794 1327 7135
6795 1327 7191
6796 1328 2885
6797 1328 9684
6798 1328 9825
6799 1328 9934
6800 1328 11090
6801 1329 3345
6802 1329 6813
6803 1329 7532
6804 1329 9895
6805 1329 11199
6806 1330 2046
6807 1330 4836
6808 1330 8517
6809 1330 8520
6810 1330 8723
6811 1330 11505
6812 1330 13352
6813 1331 1332
6814 1331 3515
6815 1331 7147
6816 1331 7148
6817 1332 3515
6818 1332 4645
6819 1332 7147
6820 1332 8037
6821 1333 3215
6822 1333 6256
6823 1333 6645
6824 1333 7913
6825 1333 8498
6826 1333 11051
6827 1334 3097
6828 1334 3228
6829 1334 6000
6830 1334 9354
6831 1334 9939
6832 1334 12482
6833 1335 1461
6834 1335 2479
6835 1335 7180
6836 1335 9714
6837 1335 13730
6838 1335 14085
6839 1336 1337
6840 1336 1723
6841 1336 3121
6842 1336 7179
6843 1336 13729
6844 1337 1721
6845 1337 3502
6846 1337 7179
6847 1337 11391
6848 1338 1493
6849 1338 2813
6850 1338 6243
6851 1338 6443
6852 1338 6458
6853 1338 14650
6854 1339 2982
6855 1339 6511
6856 1339 9498
6857 1339 10006
6858 1339 13597
6859 1339 13599
6860 1340 7215
6861 1340 7217
6862 1340 7470
6863 1340 7471
6864 1340 7474
6865 1340 7545
6866 1340 13648
6867 1341 4917
6868 1341 9906
6869 1341 9959
6870 1341 11080
6871 1341 14259
6872 1342 1843
6873 1342 1865
6874 1342 6763
6875 1342 9356
6876 1342 9766
6877 1342 9768
6878 1342 11104
6879 1343 3111
6880 1343 7099
6881 1343 7341
6882 1343 12277
6883 1343 12280
6884 1343 13951
6885 1344 1510
6886 1344 1657
6887 1344 2475
6888 1344 7095
6889 1344 7336
6890 1344 7337
6891 1345 2191
6892 1345 5612
6893 1345 6857
6894 1345 12265
6895 1345 12267
6896 1345 14003
6897 1346 2474
6898 1346 2619
6899 1346 7317
6900 1346 7322
6901 1346 12259
6902 1346 13945
6903 1347 2536
6904 1347 3107
6905 1347 4234
6906 1347 7315
6907 1347 12253
6908 1347 14491
6909 1348 1864
6910 1348 2473
6911 1348 7303
6912 1348 7305
6913 1348 12247
6914 1348 14993
6915 1349 1350
6916 1349 7297
6917 1349 8416
6918 1349 13053
6919 1349 14991
6920 1350 1523
6921 1350 2260
6922 1350 2472
6923 1350 7297
6924 1350 12235
6925 1351 1352
6926 1351 7289
6927 1351 7291
6928 1351 14989
6929 1352 2471
6930 1352 7289
6931 1352 8298
6932 1352 12227
6933 1353 8231
6934 1353 8317
6935 1353 11605
6936 1353 11787
6937 1353 13585
6938 1353 13587
6939 1354 2471
6940 1354 3102
6941 1354 12223
6942 1354 12225
6943 1354 14987
6944 1355 2470
6945 1355 6221
6946 1355 7279
6947 1355 12217
6948 1355 14986
6949 1356 2521
6950 1356 11144
6951 1356 14927
6952 1357 1699
6953 1357 2288
6954 1357 4295
6955 1357 6083
6956 1357 14174
6957 1358 1539
6958 1358 2347
6959 1358 7589
6960 1358 8393
6961 1359 1361
6962 1359 2467
6963 1359 7583
6964 1359 7585
6965 1359 14979
6966 1360 1797
6967 1360 3144
6968 1360 3145
6969 1360 3148
6970 1360 9370
6971 1361 2408
6972 1361 7578
6973 1361 7581
6974 1361 7583
6975 1362 7244
6976 1362 7248
6977 1362 7578
6978 1362 14977
6979 1363 3568
6980 1363 3570
6981 1363 9135
6982 1363 9300
6983 1364 2429
6984 1364 4855
6985 1364 6822
6986 1364 6942
6987 1365 1366
6988 1365 7226
6989 1365 7230
6990 1365 7565
6991 1365 14968
6992 1365 14970
6993 1366 2464
6994 1366 7222
6995 1366 7226
6996 1366 14968
6997 1367 1368
6998 1367 2464
6999 1367 3764
7000 1367 7214
7001 1367 14406
7002 1368 1369
7003 1368 7210
7004 1368 7214
7005 1368 7563
7006 1368 14406
7007 1369 2463
7008 1369 3760
7009 1369 7563
7010 1369 11260
7011 1370 3691
7012 1370 5261
7013 1370 8800
7014 1370 8889
7015 1370 10588
7016 1371 3733
7017 1371 14915
7018 1371 14951
7019 1372 1729
7020 1372 2463
7021 1372 3760
7022 1372 7561
7023 1372 9811
7024 1373 3082
7025 1373 3726
7026 1374 1375
7027 1374 2848
7028 1374 14733
7029 1374 14916
7030 1375 5889
7031 1375 14953
7032 1376 5179
7033 1376 5180
7034 1376 5321
7035 1376 10286
7036 1376 13233
7037 1377 2398
7038 1377 2449
7039 1377 8465
7040 1377 9592
7041 1377 11433
7042 1377 13151
7043 1378 2272
7044 1378 7516
7045 1378 11302
7046 1378 11304
7047 1378 11573
7048 1378 11574
7049 1379 3422
7050 1379 6179
7051 1379 7053
7052 1379 13936
7053 1380 7121
7054 1380 7377
7055 1380 8921
7056 1380 8922
7057 1380 9762
7058 1380 9764
7059 1380 10386
7060 1381 2198
7061 1381 6169
7062 1381 6453
7063 1381 9153
7064 1381 14105
7065 1381 14313
7066 1382 2141
7067 1382 3531
7068 1382 11844
7069 1383 2521
7070 1384 1386
7071 1384 8495
7072 1384 11128
7073 1385 2681
7074 1385 6319
7075 1385 6321
7076 1385 13139
7077 1385 13810
7078 1386 1391
7079 1386 2227
7080 1386 12212
7081 1387 1434
7082 1387 2520
7083 1387 5118
7084 1387 5120
7085 1387 10831
7086 1387 14426
7087 1388 2991
7088 1388 5060
7089 1388 5061
7090 1388 5069
7091 1388 5070
7092 1388 5073
7093 1389 1404
7094 1389 5456
7095 1389 5457
7096 1389 13762
7097 1390 1395
7098 1390 13181
7099 1390 13182
7100 1391 2227
7101 1391 2233
7102 1391 3067
7103 1392 3454
7104 1392 6511
7105 1392 8327
7106 1392 8367
7107 1392 13601
7108 1393 4284
7109 1393 11126
7110 1393 11845
7111 1393 13381
7112 1393 14229
7113 1394 3150
7114 1394 4087
7115 1394 6787
7116 1394 7185
7117 1394 12591
7118 1394 14585
7119 1395 2222
7120 1395 3065
7121 1395 11824
7122 1396 5430
7123 1396 5434
7124 1396 6291
7125 1396 8041
7126 1396 11538
7127 1396 14519
7128 1397 2859
7129 1397 8397
7130 1397 8399
7131 1397 8771
7132 1397 8773
7133 1397 11369
7134 1398 1575
7135 1398 11812
7136 1398 12620
7137 1398 13197
7138 1398 13300
7139 1399 3743
7140 1399 5980
7141 1399 10204
7142 1399 10772
7143 1399 13223
7144 1399 13339
7145 1399 13340
7146 1400 3063
7147 1400 6281
7148 1400 8454
7149 1400 11818
7150 1400 12735
7151 1400 15006
7152 1401 1542
7153 1401 1691
7154 1401 4995
7155 1401 5525
7156 1401 7012
7157 1401 14344
7158 1401 14353
7159 1402 1405
7160 1402 3059
7161 1402 11800
7162 1403 5387
7163 1403 5409
7164 1403 6320
7165 1403 13139
7166 1403 13810
7167 1403 14414
7168 1403 14537
7169 1404 3446
7170 1404 5457
7171 1404 5459
7172 1404 13762
7173 1404 14243
7174 1405 2786
7175 1405 3059
7176 1405 3061
7177 1405 9731
7178 1405 11800
7179 1406 1458
7180 1406 2934
7181 1406 3366
7182 1406 6656
7183 1406 9677
7184 1406 14245
7185 1407 2025
7186 1407 5538
7187 1407 5539
7188 1407 5540
7189 1407 5643
7190 1407 6057
7191 1408 2064
7192 1408 3060
7193 1408 9641
7194 1408 11656
7195 1408 13209
7196 1408 13414
7197 1409 8834
7198 1409 9211
7199 1409 9343
7200 1409 9344
7201 1409 9411
7202 1409 11097
7203 1410 1414
7204 1410 1485
7205 1410 2444
7206 1410 3364
7207 1410 13171
7208 1411 2265
7209 1411 2492
7210 1411 4032
7211 1411 4367
7212 1411 5064
7213 1412 2754
7214 1412 3061
7215 1412 3496
7216 1412 11750
7217 1412 13205
7218 1412 13415
7219 1413 3546
7220 1413 11865
7221 1413 11866
7222 1413 12190
7223 1413 13697
7224 1414 1485
7225 1414 3058
7226 1414 3070
7227 1414 3364
7228 1415 1742
7229 1415 2643
7230 1415 4241
7231 1415 9268
7232 1415 13909
7233 1415 14676
7234 1416 1862
7235 1416 2969
7236 1416 5221
7237 1416 10299
7238 1416 10533
7239 1416 10535
7240 1417 5137
7241 1417 11895
7242 1417 11896
7243 1417 11897
7244 1418 3216
7245 1418 5059
7246 1418 14534
7247 1418 14538
7248 1418 14542
7249 1419 3804
7250 1419 6705
7251 1419 9932
7252 1419 12037
7253 1420 2370
7254 1420 2431
7255 1420 2746
7256 1420 4140
7257 1420 12979
7258 1420 13142
7259 1420 13302
7260 1421 1963
7261 1421 3853
7262 1421 3859
7263 1421 3860
7264 1421 4127
7265 1421 13359
7266 1422 3055
7267 1422 5137
7268 1422 7085
7269 1422 7805
7270 1423 1498
7271 1423 1965
7272 1423 3702
7273 1423 4939
7274 1423 5033
7275 1424 2947
7276 1424 5940
7277 1424 5942
7278 1424 6094
7279 1424 14170
7280 1424 14315
7281 1425 2635
7282 1425 8067
7283 1425 8172
7284 1425 8174
7285 1425 11806
7286 1425 14405
7287 1426 1748
7288 1426 8881
7289 1426 9059
7290 1426 11778
7291 1426 12507
7292 1426 12998
7293 1427 1560
7294 1427 1561
7295 1427 3008
7296 1427 6692
7297 1428 2624
7298 1428 5648
7299 1428 6061
7300 1428 6062
7301 1428 6624
7302 1428 11958
7303 1429 1717
7304 1429 3103
7305 1429 3462
7306 1429 5502
7307 1429 14274
7308 1430 5167
7309 1430 5168
7310 1430 5169
7311 1430 7595
7312 1430 10100
7313 1430 12622
7314 1431 1441
7315 1431 5466
7316 1431 5513
7317 1431 6589
7318 1431 14333
7319 1432 2092
7320 1432 3710
7321 1432 6425
7322 1432 14055
7323 1432 14079
7324 1433 3044
7325 1433 4465
7326 1433 8808
7327 1433 13184
7328 1433 13188
7329 1434 5118
7330 1434 5328
7331 1434 14426
7332 1434 14429
7333 1434 14441
7334 1435 3384
7335 1435 6136
7336 1435 11721
7337 1435 13447
7338 1436 5551
7339 1436 5922
7340 1436 6051
7341 1436 6053
7342 1436 13719
7343 1436 14284
7344 1437 1970
7345 1437 4540
7346 1437 9098
7347 1437 10242
7348 1437 10325
7349 1438 2185
7350 1438 2268
7351 1438 3199
7352 1438 8881
7353 1438 12417
7354 1438 12510
7355 1439 1662
7356 1439 2403
7357 1439 2737
7358 1439 3189
7359 1439 4873
7360 1439 5759
7361 1440 7016
7362 1440 10803
7363 1440 12289
7364 1440 13094
7365 1441 1999
7366 1441 5466
7367 1441 5513
7368 1441 6291
7369 1441 14519
7370 1442 8543
7371 1442 9877
7372 1442 10325
7373 1442 13256
7374 1442 13333
7375 1443 3161
7376 1443 5156
7377 1443 13848
7378 1443 14126
7379 1444 2937
7380 1444 5136
7381 1444 5144
7382 1444 5150
7383 1444 5443
7384 1445 1602
7385 1445 2205
7386 1445 3252
7387 1445 6892
7388 1445 6896
7389 1446 8841
7390 1446 10558
7391 1446 10884
7392 1446 10964
7393 1446 11266
7394 1447 3899
7395 1447 4115
7396 1447 8018
7397 1447 14664
7398 1447 14791
7399 1447 14912
7400 1448 2745
7401 1448 9039
7402 1448 11724
7403 1448 13214
7404 1448 13446
7405 1449 2336
7406 1449 6226
7407 1449 6913
7408 1449 6914
7409 1449 6917
7410 1449 7414
7411 1449 9121
7412 1450 1452
7413 1450 2377
7414 1450 11617
7415 1450 13458
7416 1451 3117
7417 1451 3140
7418 1451 5832
7419 1451 6326
7420 1451 7797
7421 1452 2377
7422 1452 11669
7423 1452 13241
7424 1452 13455
7425 1452 13458
7426 1453 1455
7427 1453 4045
7428 1453 4203
7429 1453 11664
7430 1453 13312
7431 1453 13318
7432 1454 6399
7433 1454 6842
7434 1454 8649
7435 1454 8650
7436 1455 11664
7437 1455 11719
7438 1455 13237
7439 1455 13318
7440 1456 1486
7441 1456 2672
7442 1456 10373
7443 1456 10458
7444 1456 12064
7445 1456 12605
7446 1457 3333
7447 1457 4379
7448 1457 10716
7449 1457 11021
7450 1457 14802
7451 1457 14804
7452 1458 1555
7453 1458 2934
7454 1458 5325
7455 1458 5528
7456 1458 6656
7457 1459 8006
7458 1459 8027
7459 1459 8089
7460 1459 11825
7461 1459 13520
7462 1459 14508
7463 1460 2167
7464 1460 3702
7465 1460 4941
7466 1460 4942
7467 1460 5504
7468 1460 13783
7469 1461 2480
7470 1461 9714
7471 1461 14085
7472 1462 5517
7473 1462 5917
7474 1462 5921
7475 1462 6338
7476 1462 6494
7477 1462 10455
7478 1463 2064
7479 1463 11644
7480 1463 11655
7481 1463 13210
7482 1463 13390
7483 1464 4133
7484 1464 4534
7485 1464 5947
7486 1464 6385
7487 1464 6386
7488 1464 14624
7489 1465 2122
7490 1465 3817
7491 1465 4199
7492 1465 4201
7493 1465 5886
7494 1465 14908
7495 1466 2123
7496 1466 6124
7497 1466 9910
7498 1466 9911
7499 1466 10669
7500 1467 1683
7501 1467 6691
7502 1467 10285
7503 1467 10292
7504 1467 10409
7505 1467 10416
7506 1468 3048
7507 1468 3049
7508 1468 13289
7509 1468 13415
7510 1469 2107
7511 1469 9297
7512 1469 12116
7513 1469 12309
7514 1469 12360
7515 1469 13088
7516 1470 1473
7517 1470 3047
7518 1470 11507
7519 1470 12525
7520 1470 13386
7521 1471 2637
7522 1471 6491
7523 1471 6819
7524 1471 9874
7525 1471 9884
7526 1471 14075
7527 1472 3047
7528 1472 3048
7529 1472 11507
7530 1472 11509
7531 1472 13287
7532 1472 13387
7533 1473 13361
7534 1473 13386
7535 1474 1988
7536 1474 6063
7537 1474 14203
7538 1474 14294
7539 1474 14346
7540 1474 14447
7541 1475 10000
7542 1475 10830
7543 1475 10898
7544 1475 11504
7545 1475 13368
7546 1475 13385
7547 1476 2784
7548 1476 7654
7549 1476 7718
7550 1476 7721
7551 1476 7795
7552 1476 7799
7553 1477 4432
7554 1477 6994
7555 1477 10980
7556 1477 14126
7557 1478 1479
7558 1478 4846
7559 1478 9118
7560 1478 10000
7561 1478 10898
7562 1478 13196
7563 1478 13282
7564 1479 9118
7565 1479 11501
7566 1479 11647
7567 1479 13282
7568 1480 2276
7569 1480 9351
7570 1480 9402
7571 1480 11102
7572 1480 11289
7573 1480 11291
7574 1481 1483
7575 1481 2314
7576 1481 6595
7577 1481 11498
7578 1481 13281
7579 1482 1505
7580 1482 5135
7581 1482 5136
7582 1482 5144
7583 1482 5312
7584 1482 14565
7585 1483 2314
7586 1483 2379
7587 1483 6595
7588 1483 13377
7589 1484 12355
7590 1484 12370
7591 1484 12376
7592 1484 13025
7593 1484 13040
7594 1484 13042
7595 1485 2141
7596 1485 2444
7597 1485 3070
7598 1485 3531
7599 1486 2407
7600 1486 9323
7601 1486 10369
7602 1486 10458
7603 1486 11990
7604 1486 12064
7605 1487 6456
7606 1487 6477
7607 1487 6541
7608 1487 6545
7609 1487 10593
7610 1487 11722
7611 1488 1572
7612 1488 2727
7613 1488 4236
7614 1488 14553
7615 1488 14680
7616 1489 1702
7617 1489 5516
7618 1489 5653
7619 1489 6067
7620 1489 14467
7621 1490 3580
7622 1490 3581
7623 1491 4911
7624 1491 4912
7625 1491 5920
7626 1491 6393
7627 1491 9131
7628 1491 12114
7629 1492 2193
7630 1492 7068
7631 1492 11771
7632 1492 12841
7633 1493 1643
7634 1493 3006
7635 1493 5827
7636 1493 6243
7637 1493 14650
7638 1494 14747
7639 1494 14749
7640 1494 14751
7641 1494 14787
7642 1494 14808
7643 1495 1660
7644 1495 3195
7645 1495 4953
7646 1495 4999
7647 1495 6269
7648 1495 14569
7649 1496 5159
7650 1496 8130
7651 1496 10156
7652 1496 10193
7653 1496 10402
7654 1496 14701
7655 1497 5933
7656 1497 5935
7657 1497 5937
7658 1497 6402
7659 1497 9319
7660 1497 10774
7661 1498 2189
7662 1498 4939
7663 1498 5475
7664 1498 10978
7665 1499 6539
7666 1499 8001
7667 1499 8091
7668 1499 8092
7669 1499 8380
7670 1499 13537
7671 1500 2460
7672 1500 3160
7673 1500 5127
7674 1500 5407
7675 1500 10102
7676 1500 14541
7677 1500 14545
7678 1501 1526
7679 1501 7719
7680 1501 9042
7681 1501 9069
7682 1501 9101
7683 1502 2929
7684 1502 4822
7685 1502 7590
7686 1502 7613
7687 1502 7766
7688 1502 7769
7689 1502 7917
7690 1503 3833
7691 1503 3834
7692 1503 3835
7693 1503 4119
7694 1503 8542
7695 1503 14919
7696 1504 7264
7697 1504 7432
7698 1504 7591
7699 1504 12364
7700 1504 12365
7701 1505 2535
7702 1505 5135
7703 1505 5315
7704 1505 5401
7705 1505 14565
7706 1506 6196
7707 1506 6489
7708 1506 6490
7709 1506 9874
7710 1506 9884
7711 1506 13002
7712 1507 2296
7713 1507 5164
7714 1507 7068
7715 1507 11773
7716 1507 12841
7717 1508 1680
7718 1508 2638
7719 1508 4069
7720 1508 7669
7721 1508 9412
7722 1508 9420
7723 1509 2327
7724 1509 4301
7725 1509 8616
7726 1509 9713
7727 1510 1657
7728 1510 1792
7729 1510 7337
7730 1510 13949
7731 1511 8244
7732 1511 8246
7733 1511 8445
7734 1511 9484
7735 1511 9853
7736 1511 13501
7737 1512 4647
7738 1512 4672
7739 1512 4707
7740 1512 4708
7741 1512 11127
7742 1512 14579
7743 1513 1669
7744 1513 2598
7745 1513 3707
7746 1513 3709
7747 1514 4198
7748 1514 10025
7749 1514 13331
7750 1514 13332
7751 1514 13333
7752 1514 13334
7753 1514 13400
7754 1515 1874
7755 1515 5735
7756 1515 5840
7757 1515 5845
7758 1515 6158
7759 1515 6861
7760 1516 2663
7761 1516 6823
7762 1516 8479
7763 1516 11443
7764 1516 11445
7765 1516 13437
7766 1517 1965
7767 1517 4083
7768 1517 4129
7769 1517 4416
7770 1517 5033
7771 1517 5558
7772 1518 3191
7773 1518 3751
7774 1518 4875
7775 1518 6441
7776 1518 6442
7777 1519 12203
7778 1519 12220
7779 1519 12222
7780 1519 12261
7781 1519 12262
7782 1519 12987
7783 1520 6389
7784 1520 6402
7785 1520 6403
7786 1520 10881
7787 1520 14368
7788 1521 2279
7789 1521 5545
7790 1521 11685
7791 1521 11695
7792 1521 13346
7793 1522 7645
7794 1522 12773
7795 1522 12865
7796 1523 2472
7797 1523 4146
7798 1523 14990
7799 1524 5931
7800 1524 9078
7801 1524 11224
7802 1524 11231
7803 1524 13816
7804 1524 14727
7805 1525 4958
7806 1525 4974
7807 1525 5018
7808 1525 10912
7809 1525 14476
7810 1525 14570
7811 1526 5273
7812 1526 9041
7813 1526 9042
7814 1526 9069
7815 1526 9076
7816 1526 9945
7817 1527 1588
7818 1527 3955
7819 1527 9771
7820 1527 11696
7821 1527 11697
7822 1528 2184
7823 1528 5468
7824 1528 5483
7825 1528 6289
7826 1528 14498
7827 1529 2921
7828 1529 3128
7829 1529 11050
7830 1530 2891
7831 1530 8709
7832 1530 8943
7833 1530 10560
7834 1530 11028
7835 1530 14465
7836 1531 2025
7837 1531 3363
7838 1531 5540
7839 1531 5912
7840 1531 6395
7841 1531 6396
7842 1532 2430
7843 1532 2685
7844 1532 3927
7845 1532 3928
7846 1532 4098
7847 1533 1758
7848 1533 4170
7849 1533 7374
7850 1533 7381
7851 1533 7447
7852 1533 7466
7853 1534 2886
7854 1534 3339
7855 1534 7529
7856 1534 7652
7857 1534 7803
7858 1534 7807
7859 1535 5814
7860 1535 6094
7861 1535 14168
7862 1535 14171
7863 1535 14463
7864 1536 5182
7865 1536 5562
7866 1536 5689
7867 1536 5772
7868 1536 6180
7869 1536 6607
7870 1537 2350
7871 1537 8668
7872 1537 8669
7873 1537 8707
7874 1537 9336
7875 1537 9726
7876 1538 1784
7877 1538 3443
7878 1538 3862
7879 1538 5022
7880 1538 5423
7881 1538 14522
7882 1539 8393
7883 1539 14982
7884 1540 3127
7885 1540 3154
7886 1540 5674
7887 1540 6088
7888 1540 6092
7889 1540 7015
7890 1541 5206
7891 1541 9280
7892 1541 9281
7893 1541 9282
7894 1541 10769
7895 1541 10775
7896 1542 1977
7897 1542 5453
7898 1542 5525
7899 1542 7012
7900 1542 14247
7901 1543 1753
7902 1543 2646
7903 1543 4246
7904 1543 5264
7905 1543 5676
7906 1543 6704
7907 1544 1590
7908 1544 7491
7909 1544 8149
7910 1544 8318
7911 1544 11151
7912 1544 11780
7913 1545 1706
7914 1545 2986
7915 1545 5067
7916 1545 5810
7917 1545 14464
7918 1546 1661
7919 1546 10054
7920 1546 11613
7921 1546 11679
7922 1546 13464
7923 1547 1671
7924 1547 2909
7925 1547 4823
7926 1547 4824
7927 1547 5300
7928 1547 11036
7929 1548 1569
7930 1548 4304
7931 1548 4445
7932 1548 10375
7933 1548 14629
7934 1549 2394
7935 1549 3566
7936 1549 4855
7937 1549 7323
7938 1550 1646
7939 1550 10633
7940 1550 10635
7941 1550 10678
7942 1550 10728
7943 1551 1686
7944 1551 1985
7945 1551 2727
7946 1551 4236
7947 1551 4799
7948 1551 5417
7949 1552 7199
7950 1552 9875
7951 1552 13761
7952 1553 4833
7953 1553 4840
7954 1553 4841
7955 1553 5717
7956 1553 10714
7957 1554 2103
7958 1554 3551
7959 1554 7010
7960 1554 7040
7961 1554 7314
7962 1555 1977
7963 1555 2934
7964 1555 5528
7965 1555 6657
7966 1555 14247
7967 1556 2102
7968 1556 2595
7969 1556 4827
7970 1556 7934
7971 1557 4910
7972 1557 5101
7973 1557 5178
7974 1557 7046
7975 1557 10266
7976 1557 10414
7977 1557 10415
7978 1558 5815
7979 1558 5833
7980 1558 5835
7981 1558 6253
7982 1558 9791
7983 1558 14464
7984 1559 3008
7985 1559 3009
7986 1559 5000
7987 1559 11376
7988 1559 11468
7989 1560 1561
7990 1560 3008
7991 1560 4970
7992 1560 5000
7993 1561 2125
7994 1561 4970
7995 1561 13418
7996 1562 1745
7997 1562 2733
7998 1562 4763
7999 1562 12058
8000 1562 14570
8001 1563 1992
8002 1563 2380
8003 1563 2526
8004 1563 4985
8005 1563 4994
8006 1563 13755
8007 1564 2278
8008 1564 11419
8009 1564 11733
8010 1564 13010
8011 1564 14197
8012 1565 4490
8013 1565 4491
8014 1565 4524
8015 1565 4631
8016 1565 5491
8017 1565 8591
8018 1566 2506
8019 1566 4935
8020 1566 4937
8021 1566 5037
8022 1566 14169
8023 1566 14265
8024 1567 1690
8025 1567 2288
8026 1567 5946
8027 1567 14308
8028 1567 14310
8029 1567 14312
8030 1568 3532
8031 1568 11729
8032 1568 13010
8033 1568 13442
8034 1569 4304
8035 1569 4305
8036 1569 4370
8037 1569 4445
8038 1569 10816
8039 1570 1753
8040 1570 4876
8041 1570 4877
8042 1570 5677
8043 1570 6704
8044 1571 4599
8045 1571 8352
8046 1571 8364
8047 1571 8365
8048 1571 11350
8049 1572 3461
8050 1572 4236
8051 1572 5272
8052 1572 8447
8053 1572 14680
8054 1573 11528
8055 1573 11582
8056 1573 11596
8057 1573 11714
8058 1573 13456
8059 1574 3028
8060 1574 3029
8061 1574 3031
8062 1574 11432
8063 1574 13243
8064 1574 13316
8065 1575 2051
8066 1575 6894
8067 1575 8383
8068 1575 11811
8069 1575 11812
8070 1576 2113
8071 1576 2657
8072 1576 3406
8073 1576 5436
8074 1576 5438
8075 1576 6740
8076 1577 3028
8077 1577 10758
8078 1577 11430
8079 1577 13243
8080 1578 1876
8081 1578 3851
8082 1578 3852
8083 1578 3877
8084 1578 4125
8085 1578 4135
8086 1579 2278
8087 1579 5094
8088 1579 8763
8089 1579 8765
8090 1579 11314
8091 1579 11368
8092 1580 1692
8093 1580 5067
8094 1580 6231
8095 1580 6255
8096 1580 6257
8097 1581 3553
8098 1581 5412
8099 1581 7290
8100 1581 13842
8101 1582 3035
8102 1582 9293
8103 1582 11767
8104 1582 12835
8105 1583 1879
8106 1583 2036
8107 1583 7141
8108 1583 7143
8109 1583 13743
8110 1583 13745
8111 1584 2960
8112 1584 3175
8113 1584 14443
8114 1585 3705
8115 1585 7830
8116 1585 8435
8117 1585 8440
8118 1585 8899
8119 1585 11244
8120 1586 3018
8121 1586 3019
8122 1586 9843
8123 1586 11393
8124 1586 11395
8125 1586 11450
8126 1587 2049
8127 1587 4514
8128 1587 4517
8129 1587 4518
8130 1587 4648
8131 1587 4650
8132 1588 2066
8133 1588 2114
8134 1588 9771
8135 1588 11696
8136 1589 3062
8137 1589 6508
8138 1589 8325
8139 1589 11808
8140 1589 11813
8141 1589 12738
8142 1590 8149
8143 1590 8322
8144 1590 8324
8145 1590 11151
8146 1591 11620
8147 1591 11716
8148 1591 11717
8149 1591 12957
8150 1591 13454
8151 1592 5461
8152 1592 8982
8153 1592 9469
8154 1592 9472
8155 1592 9661
8156 1593 4735
8157 1593 12293
8158 1593 12366
8159 1593 12367
8160 1593 14188
8161 1594 2504
8162 1594 4264
8163 1594 13448
8164 1594 13449
8165 1594 13450
8166 1595 12447
8167 1595 12673
8168 1595 12712
8169 1595 12857
8170 1595 14318
8171 1595 14437
8172 1596 7130
8173 1596 7131
8174 1596 11022
8175 1597 1971
8176 1597 1972
8177 1597 3418
8178 1597 11532
8179 1597 13309
8180 1598 1619
8181 1598 4178
8182 1598 4179
8183 1598 4181
8184 1598 4625
8185 1598 8752
8186 1599 2259
8187 1599 2665
8188 1599 10484
8189 1599 11544
8190 1599 11615
8191 1599 11618
8192 1600 3033
8193 1600 6815
8194 1600 10143
8195 1600 10158
8196 1600 10177
8197 1600 10218
8198 1601 3420
8199 1601 11547
8200 1601 11568
8201 1601 11689
8202 1601 11700
8203 1602 3252
8204 1602 3627
8205 1603 11572
8206 1603 11576
8207 1603 11585
8208 1603 11602
8209 1603 12537
8210 1603 12538
8211 1604 3465
8212 1604 8010
8213 1604 8086
8214 1604 8155
8215 1604 9989
8216 1604 13531
8217 1605 3421
8218 1605 11560
8219 1605 11608
8220 1605 12481
8221 1605 14998
8222 1606 9505
8223 1606 10019
8224 1606 10020
8225 1606 10502
8226 1606 14717
8227 1607 8783
8228 1607 13471
8229 1607 14998
8230 1608 2323
8231 1608 3448
8232 1608 4998
8233 1608 11691
8234 1608 13465
8235 1609 5772
8236 1609 5774
8237 1609 5782
8238 1609 5784
8239 1609 6202
8240 1609 6204
8241 1610 1734
8242 1610 3545
8243 1610 15001
8244 1611 2936
8245 1611 5764
8246 1611 6495
8247 1611 6500
8248 1611 13753
8249 1611 14383
8250 1612 5575
8251 1612 5849
8252 1612 8666
8253 1612 11229
8254 1612 13127
8255 1612 14782
8256 1613 1707
8257 1613 2499
8258 1613 5484
8259 1613 5485
8260 1613 5498
8261 1614 1626
8262 1614 3097
8263 1614 3226
8264 1614 6246
8265 1614 13766
8266 1615 1931
8267 1615 2522
8268 1615 3644
8269 1616 5902
8270 1616 5917
8271 1616 6105
8272 1616 6340
8273 1616 13680
8274 1616 14163
8275 1617 1871
8276 1617 2873
8277 1617 10042
8278 1617 14747
8279 1617 14749
8280 1617 14811
8281 1618 2596
8282 1618 4241
8283 1618 4243
8284 1618 7658
8285 1618 14554
8286 1618 14555
8287 1619 4181
8288 1619 4498
8289 1619 4625
8290 1619 4627
8291 1619 8944
8292 1620 5171
8293 1620 8560
8294 1620 10846
8295 1620 10891
8296 1620 11009
8297 1621 8503
8298 1621 8505
8299 1621 11492
8300 1621 12997
8301 1621 12999
8302 1622 8022
8303 1622 8215
8304 1622 8217
8305 1622 8570
8306 1622 8575
8307 1623 6089
8308 1623 10353
8309 1623 11775
8310 1623 12843
8311 1624 2769
8312 1624 5052
8313 1624 5992
8314 1624 10914
8315 1624 14322
8316 1625 2564
8317 1625 4839
8318 1625 7840
8319 1625 8897
8320 1625 14230
8321 1625 14258
8322 1625 14401
8323 1626 3097
8324 1626 6246
8325 1626 9939
8326 1626 14109
8327 1626 14386
8328 1627 8015
8329 1627 8019
8330 1627 8562
8331 1627 11809
8332 1628 1898
8333 1628 2725
8334 1628 13576
8335 1628 13698
8336 1628 13700
8337 1628 13702
8338 1629 8329
8339 1629 9882
8340 1629 13493
8341 1629 13593
8342 1629 13682
8343 1629 13684
8344 1630 5224
8345 1630 10115
8346 1630 10117
8347 1630 10539
8348 1630 10566
8349 1630 14207
8350 1631 12410
8351 1631 12411
8352 1631 12412
8353 1631 12509
8354 1631 12996
8355 1632 1935
8356 1632 3160
8357 1632 5123
8358 1632 5125
8359 1632 5320
8360 1632 5407
8361 1633 1933
8362 1633 2905
8363 1633 3924
8364 1633 4101
8365 1633 4738
8366 1633 9730
8367 1633 14220
8368 1634 3914
8369 1634 3941
8370 1634 3943
8371 1634 4106
8372 1634 7365
8373 1634 10199
8374 1635 1936
8375 1635 10368
8376 1635 10452
8377 1635 10454
8378 1635 10565
8379 1635 13141
8380 1636 2210
8381 1636 3824
8382 1636 3895
8383 1636 4116
8384 1636 4255
8385 1636 5399
8386 1637 2331
8387 1637 3937
8388 1637 3939
8389 1637 4086
8390 1637 6793
8391 1637 13913
8392 1638 3182
8393 1638 4950
8394 1638 5254
8395 1638 5990
8396 1638 6580
8397 1639 1828
8398 1639 6406
8399 1639 8332
8400 1639 8334
8401 1639 13584
8402 1639 13692
8403 1640 5378
8404 1640 7567
8405 1640 8787
8406 1640 10248
8407 1640 10592
8408 1641 3080
8409 1641 4815
8410 1641 5700
8411 1641 11119
8412 1641 14101
8413 1641 14191
8414 1642 1883
8415 1642 2063
8416 1642 7196
8417 1642 8164
8418 1642 8336
8419 1642 8338
8420 1643 3006
8421 1643 4753
8422 1643 5823
8423 1643 6241
8424 1643 6243
8425 1644 7041
8426 1644 8205
8427 1644 13252
8428 1644 13255
8429 1644 14321
8430 1644 14443
8431 1645 3401
8432 1645 6098
8433 1645 9343
8434 1645 11068
8435 1645 11096
8436 1645 11097
8437 1645 11108
8438 1646 3408
8439 1646 10634
8440 1646 10635
8441 1646 10678
8442 1647 2298
8443 1647 4799
8444 1647 5687
8445 1647 13817
8446 1647 14193
8447 1647 14351
8448 1648 1650
8449 1648 8086
8450 1648 8155
8451 1648 8329
8452 1648 13493
8453 1649 1840
8454 1649 7192
8455 1649 7473
8456 1649 7623
8457 1649 10596
8458 1649 12403
8459 1650 8085
8460 1650 8155
8461 1650 8329
8462 1650 8368
8463 1651 3904
8464 1651 3907
8465 1651 4060
8466 1651 4061
8467 1651 4110
8468 1651 13370
8469 1652 2736
8470 1652 6244
8471 1652 7131
8472 1652 7132
8473 1652 7195
8474 1653 6618
8475 1653 6619
8476 1653 11003
8477 1653 13709
8478 1653 14766
8479 1654 6406
8480 1654 8333
8481 1654 10243
8482 1654 13494
8483 1654 13590
8484 1655 3940
8485 1655 3941
8486 1655 4082
8487 1655 14295
8488 1656 6761
8489 1656 8087
8490 1656 8327
8491 1656 8368
8492 1656 13519
8493 1657 2877
8494 1657 7095
8495 1657 13949
8496 1657 14005
8497 1658 7697
8498 1658 7754
8499 1658 7970
8500 1658 7972
8501 1658 11901
8502 1658 13957
8503 1659 4762
8504 1659 6311
8505 1659 7460
8506 1659 9061
8507 1659 9062
8508 1659 9067
8509 1659 9092
8510 1660 4953
8511 1660 6669
8512 1660 6670
8513 1660 13956
8514 1660 14569
8515 1661 1849
8516 1661 11613
8517 1661 11616
8518 1661 11679
8519 1662 3189
8520 1662 4873
8521 1662 5762
8522 1662 6442
8523 1662 7774
8524 1663 2326
8525 1663 7564
8526 1663 7566
8527 1663 7638
8528 1663 12392
8529 1663 13565
8530 1664 3768
8531 1664 5580
8532 1665 2609
8533 1665 7203
8534 1665 8809
8535 1665 13313
8536 1665 13314
8537 1666 2490
8538 1666 3480
8539 1666 10785
8540 1666 13891
8541 1667 3094
8542 1667 4004
8543 1667 4893
8544 1667 5082
8545 1667 5781
8546 1667 6410
8547 1668 2243
8548 1668 11002
8549 1668 13852
8550 1668 13930
8551 1669 1901
8552 1669 3707
8553 1669 8566
8554 1670 1752
8555 1670 3132
8556 1670 3478
8557 1671 2352
8558 1671 4824
8559 1671 5300
8560 1671 5711
8561 1671 6735
8562 1672 3141
8563 1672 3477
8564 1672 12577
8565 1673 4237
8566 1673 4670
8567 1673 4780
8568 1673 5259
8569 1673 11176
8570 1673 13807
8571 1674 4984
8572 1674 10288
8573 1674 11610
8574 1674 12577
8575 1675 3289
8576 1675 6517
8577 1675 10617
8578 1675 11551
8579 1675 11569
8580 1676 2608
8581 1676 3703
8582 1676 5942
8583 1676 5999
8584 1676 6001
8585 1676 14317
8586 1677 4933
8587 1677 4934
8588 1677 5041
8589 1677 6685
8590 1677 9178
8591 1677 13793
8592 1678 2905
8593 1678 3263
8594 1678 4101
8595 1678 4596
8596 1678 4603
8597 1678 4732
8598 1679 1681
8599 1679 1797
8600 1679 3148
8601 1679 3475
8602 1679 14257
8603 1680 4069
8604 1680 7669
8605 1680 9803
8606 1680 9924
8607 1680 10560
8608 1680 14465
8609 1681 3148
8610 1681 3475
8611 1681 9334
8612 1682 6774
8613 1682 7687
8614 1682 7689
8615 1682 7765
8616 1682 13562
8617 1683 10409
8618 1683 10416
8619 1683 11977
8620 1683 12001
8621 1683 13886
8622 1684 3472
8623 1684 3476
8624 1684 13794
8625 1684 13798
8626 1685 3476
8627 1685 3481
8628 1685 13786
8629 1685 13788
8630 1685 13794
8631 1686 1985
8632 1686 4799
8633 1686 5687
8634 1686 14547
8635 1687 3481
8636 1687 10462
8637 1687 13782
8638 1687 13786
8639 1688 3167
8640 1688 4011
8641 1688 4013
8642 1688 4280
8643 1688 5076
8644 1688 13795
8645 1688 14789
8646 1689 9262
8647 1689 10462
8648 1689 13737
8649 1689 13776
8650 1690 14185
8651 1690 14186
8652 1690 14306
8653 1690 14308
8654 1690 14310
8655 1691 2495
8656 1691 3308
8657 1691 4995
8658 1691 14353
8659 1692 5838
8660 1692 6231
8661 1692 6257
8662 1692 6259
8663 1692 11153
8664 1692 14282
8665 1693 3404
8666 1693 5669
8667 1693 5890
8668 1693 13663
8669 1694 8125
8670 1694 8126
8671 1694 10174
8672 1694 11484
8673 1694 12496
8674 1695 3424
8675 1695 8253
8676 1695 9021
8677 1695 10860
8678 1695 10953
8679 1695 11206
8680 1696 2435
8681 1696 2740
8682 1696 7469
8683 1696 7541
8684 1696 8832
8685 1696 12399
8686 1697 5985
8687 1697 5986
8688 1697 6037
8689 1697 14214
8690 1697 14222
8691 1697 14275
8692 1698 7124
8693 1698 7200
8694 1698 9898
8695 1698 13763
8696 1698 14891
8697 1699 2288
8698 1699 5946
8699 1699 6087
8700 1699 6525
8701 1699 14174
8702 1699 14314
8703 1700 11366
8704 1700 11619
8705 1700 11669
8706 1700 11688
8707 1700 13454
8708 1700 13455
8709 1701 2088
8710 1701 2892
8711 1701 3726
8712 1701 14916
8713 1702 5668
8714 1702 6088
8715 1702 7015
8716 1702 14467
8717 1703 2034
8718 1703 2156
8719 1703 4796
8720 1703 5682
8721 1703 6703
8722 1703 14350
8723 1704 2335
8724 1704 4792
8725 1704 4875
8726 1704 4876
8727 1704 5762
8728 1704 7774
8729 1705 3502
8730 1705 5672
8731 1705 6219
8732 1705 7620
8733 1705 13688
8734 1706 5067
8735 1706 5725
8736 1706 5835
8737 1706 6255
8738 1706 14464
8739 1707 2058
8740 1707 5485
8741 1707 5497
8742 1707 5498
8743 1707 13578
8744 1707 13740
8745 1708 3494
8746 1708 7165
8747 1708 7175
8748 1709 3495
8749 1709 7168
8750 1709 7169
8751 1709 11062
8752 1709 13576
8753 1710 2060
8754 1710 2128
8755 1710 3021
8756 1710 11403
8757 1710 11405
8758 1710 11440
8759 1711 2487
8760 1711 3497
8761 1711 3501
8762 1711 9107
8763 1712 5140
8764 1712 5832
8765 1712 5894
8766 1712 5896
8767 1712 10851
8768 1712 11118
8769 1713 3497
8770 1713 13571
8771 1713 13572
8772 1713 13573
8773 1713 13710
8774 1714 1761
8775 1714 7421
8776 1715 3163
8777 1715 3288
8778 1715 5818
8779 1715 14635
8780 1715 14637
8781 1715 14761
8782 1716 3500
8783 1716 7495
8784 1716 13569
8785 1717 3103
8786 1717 3114
8787 1717 5502
8788 1717 8408
8789 1717 11075
8790 1718 7494
8791 1718 12421
8792 1719 2907
8793 1719 8715
8794 1719 8947
8795 1719 9905
8796 1719 9909
8797 1719 10731
8798 1720 2999
8799 1720 6569
8800 1720 13665
8801 1720 13667
8802 1720 13964
8803 1720 13966
8804 1721 7162
8805 1721 7179
8806 1721 9915
8807 1721 11391
8808 1721 13721
8809 1722 3909
8810 1722 3911
8811 1722 3952
8812 1722 3953
8813 1722 4108
8814 1722 6847
8815 1723 3121
8816 1724 3504
8817 1724 10024
8818 1725 1935
8819 1725 2991
8820 1725 5113
8821 1725 5116
8822 1725 5330
8823 1725 5331
8824 1726 5161
8825 1726 7544
8826 1726 7655
8827 1726 13630
8828 1726 13645
8829 1727 12298
8830 1727 12351
8831 1727 13050
8832 1727 13090
8833 1727 13395
8834 1728 2655
8835 1728 4868
8836 1728 5107
8837 1728 5754
8838 1728 6729
8839 1729 2611
8840 1729 7559
8841 1729 7561
8842 1730 7764
8843 1730 11033
8844 1730 11761
8845 1730 12829
8846 1730 13170
8847 1731 1733
8848 1731 1760
8849 1731 9081
8850 1731 9136
8851 1731 10207
8852 1731 11085
8853 1732 1942
8854 1732 5787
8855 1732 8605
8856 1732 11369
8857 1733 1736
8858 1733 9083
8859 1733 9205
8860 1733 10207
8861 1733 11085
8862 1734 3545
8863 1734 15000
8864 1735 3297
8865 1735 4427
8866 1735 8702
8867 1735 12785
8868 1735 13824
8869 1736 1895
8870 1736 9083
8871 1736 9133
8872 1736 9205
8873 1736 11088
8874 1737 1996
8875 1737 2792
8876 1737 2874
8877 1737 4776
8878 1737 4777
8879 1737 5664
8880 1738 2418
8881 1738 2682
8882 1738 4841
8883 1738 4843
8884 1738 5134
8885 1738 9775
8886 1739 3281
8887 1739 3282
8888 1739 3283
8889 1739 3285
8890 1739 10697
8891 1740 2491
8892 1740 2513
8893 1740 3133
8894 1740 3139
8895 1740 11002
8896 1741 2894
8897 1741 6419
8898 1741 6504
8899 1741 6538
8900 1741 14049
8901 1741 14377
8902 1742 2643
8903 1742 4770
8904 1742 5658
8905 1742 9268
8906 1743 3286
8907 1743 3660
8908 1743 3661
8909 1743 14690
8910 1743 14712
8911 1744 2031
8912 1744 5931
8913 1744 7719
8914 1744 9078
8915 1744 11013
8916 1745 2484
8917 1745 4763
8918 1745 5018
8919 1745 8690
8920 1745 14570
8921 1746 2871
8922 1746 3552
8923 1746 5302
8924 1746 11563
8925 1746 14793
8926 1746 14826
8927 1747 1756
8928 1747 8170
8929 1747 8175
8930 1747 8248
8931 1747 8300
8932 1747 8304
8933 1748 2268
8934 1748 3679
8935 1748 8881
8936 1748 12419
8937 1748 12998
8938 1749 3325
8939 1749 5988
8940 1749 8346
8941 1750 3204
8942 1750 6630
8943 1750 13362
8944 1750 13371
8945 1750 13373
8946 1751 2315
8947 1751 2998
8948 1751 4825
8949 1751 7938
8950 1751 9780
8951 1751 13382
8952 1752 3132
8953 1752 3139
8954 1752 3478
8955 1752 3479
8956 1753 4877
8957 1753 5264
8958 1753 6704
8959 1753 14195
8960 1754 7571
8961 1754 13191
8962 1755 3666
8963 1755 5226
8964 1755 10077
8965 1755 10293
8966 1755 10294
8967 1756 1758
8968 1756 7447
8969 1756 8250
8970 1756 8300
8971 1756 8304
8972 1756 13820
8973 1757 5519
8974 1757 5524
8975 1757 6591
8976 1757 7320
8977 1757 9722
8978 1757 11390
8979 1758 7447
8980 1758 7466
8981 1758 8250
8982 1758 13616
8983 1759 2633
8984 1759 13848
8985 1759 14982
8986 1760 2275
8987 1760 9079
8988 1760 9081
8989 1760 9136
8990 1760 11184
8991 1761 7421
8992 1762 6581
8993 1762 6759
8994 1762 6762
8995 1762 13895
8996 1762 14419
8997 1763 2961
8998 1763 3260
8999 1763 3616
9000 1763 3617
9001 1764 1890
9002 1764 2231
9003 1764 4228
9004 1764 5418
9005 1764 5422
9006 1764 14693
9007 1765 3353
9008 1765 3746
9009 1765 3747
9010 1765 3748
9011 1765 14010
9012 1765 14692
9013 1766 2612
9014 1766 7568
9015 1766 7570
9016 1766 7603
9017 1766 7608
9018 1766 7634
9019 1767 6701
9020 1767 9014
9021 1767 13619
9022 1767 13657
9023 1767 13659
9024 1767 13971
9025 1768 3459
9026 1768 4405
9027 1768 4415
9028 1768 4741
9029 1768 5246
9030 1768 14774
9031 1769 6329
9032 1769 6364
9033 1769 6366
9034 1769 11135
9035 1769 14435
9036 1770 9387
9037 1770 14036
9038 1771 4981
9039 1771 5226
9040 1771 7236
9041 1771 7624
9042 1771 10075
9043 1771 10076
9044 1772 6739
9045 1772 6773
9046 1772 13871
9047 1772 13923
9048 1772 14134
9049 1772 14908
9050 1773 2373
9051 1773 5208
9052 1773 6122
9053 1773 10300
9054 1773 10430
9055 1774 4922
9056 1774 5048
9057 1774 5529
9058 1774 5811
9059 1774 13723
9060 1774 14330
9061 1775 2818
9062 1775 9030
9063 1775 9360
9064 1775 9760
9065 1775 9762
9066 1776 5650
9067 1776 8095
9068 1776 9484
9069 1776 12096
9070 1776 13498
9071 1776 13499
9072 1777 2360
9073 1777 3384
9074 1777 8603
9075 1777 8606
9076 1778 5252
9077 1778 10545
9078 1778 11723
9079 1778 14596
9080 1778 14597
9081 1778 14598
9082 1778 14784
9083 1779 2625
9084 1779 4930
9085 1779 4931
9086 1779 5044
9087 1779 6637
9088 1779 6638
9089 1780 4163
9090 1780 4166
9091 1780 4168
9092 1780 4478
9093 1780 4483
9094 1780 4486
9095 1781 2240
9096 1781 4513
9097 1781 4519
9098 1781 4520
9099 1781 4652
9100 1781 5435
9101 1782 2074
9102 1782 2557
9103 1782 4157
9104 1782 4471
9105 1782 4622
9106 1782 4719
9107 1783 12450
9108 1783 12470
9109 1783 12503
9110 1783 12985
9111 1783 14768
9112 1784 3450
9113 1784 3862
9114 1784 5002
9115 1784 5019
9116 1784 14522
9117 1785 2452
9118 1785 9457
9119 1785 11586
9120 1785 11707
9121 1785 11708
9122 1785 12582
9123 1785 13467
9124 1786 2593
9125 1786 2931
9126 1786 4126
9127 1786 8244
9128 1786 8445
9129 1786 13856
9130 1787 2523
9131 1787 2622
9132 1787 5445
9133 1787 5456
9134 1788 5606
9135 1788 5607
9136 1788 6233
9137 1788 12927
9138 1789 3214
9139 1789 10755
9140 1789 11876
9141 1789 12635
9142 1789 12636
9143 1789 12914
9144 1790 2189
9145 1790 5473
9146 1790 5509
9147 1790 14500
9148 1790 14501
9149 1790 14600
9150 1791 3138
9151 1791 6423
9152 1791 7915
9153 1791 10359
9154 1791 10432
9155 1791 12076
9156 1792 3371
9157 1792 7337
9158 1792 12271
9159 1792 13098
9160 1792 13949
9161 1793 2912
9162 1793 4112
9163 1793 9504
9164 1793 9569
9165 1793 14436
9166 1794 2893
9167 1794 8481
9168 1794 12495
9169 1794 12497
9170 1794 12953
9171 1795 2319
9172 1795 4991
9173 1795 5343
9174 1795 5526
9175 1795 5528
9176 1795 6657
9177 1796 5096
9178 1796 5139
9179 1796 5146
9180 1796 5446
9181 1796 5448
9182 1796 12308
9183 1797 3148
9184 1797 9370
9185 1797 14257
9186 1798 2698
9187 1798 6090
9188 1798 6194
9189 1798 6341
9190 1798 14338
9191 1799 4945
9192 1799 4946
9193 1799 5029
9194 1799 5464
9195 1799 5834
9196 1799 6646
9197 1800 3165
9198 1800 4294
9199 1800 4819
9200 1800 5705
9201 1800 8415
9202 1800 13822
9203 1801 2099
9204 1801 3863
9205 1801 5506
9206 1801 6286
9207 1801 14254
9208 1801 14404
9209 1802 1939
9210 1802 4133
9211 1802 4901
9212 1802 5076
9213 1802 6385
9214 1802 14365
9215 1803 4753
9216 1803 6110
9217 1803 6112
9218 1803 6241
9219 1803 12371
9220 1803 14173
9221 1804 2951
9222 1804 5152
9223 1804 5153
9224 1804 6279
9225 1804 9699
9226 1804 10223
9227 1805 4979
9228 1805 12448
9229 1805 12452
9230 1805 12499
9231 1805 12958
9232 1806 3643
9233 1806 3784
9234 1806 8619
9235 1806 12028
9236 1806 12030
9237 1806 14349
9238 1807 4276
9239 1807 4384
9240 1807 4670
9241 1807 5259
9242 1807 10041
9243 1807 14652
9244 1808 2761
9245 1808 10141
9246 1808 10159
9247 1808 10189
9248 1808 11491
9249 1808 14695
9250 1809 1959
9251 1809 2132
9252 1809 6355
9253 1809 6790
9254 1809 6792
9255 1809 6794
9256 1810 2419
9257 1810 2647
9258 1810 8761
9259 1810 9697
9260 1810 10162
9261 1810 10191
9262 1811 3949
9263 1811 3950
9264 1811 4071
9265 1811 4074
9266 1811 12928
9267 1812 7755
9268 1812 8935
9269 1812 8939
9270 1812 8942
9271 1812 11207
9272 1812 13232
9273 1813 2236
9274 1813 2794
9275 1813 9407
9276 1813 9408
9277 1813 12986
9278 1813 13506
9279 1814 2864
9280 1814 4805
9281 1814 5282
9282 1814 5690
9283 1814 14354
9284 1815 7272
9285 1815 8740
9286 1815 8831
9287 1815 11274
9288 1815 13985
9289 1816 10196
9290 1816 11205
9291 1816 11754
9292 1816 11755
9293 1816 13427
9294 1817 2481
9295 1817 7150
9296 1817 7151
9297 1817 7152
9298 1817 8037
9299 1817 13958
9300 1818 4170
9301 1818 4392
9302 1818 7374
9303 1818 14167
9304 1818 14215
9305 1819 6330
9306 1819 6331
9307 1819 6359
9308 1819 10784
9309 1819 14429
9310 1819 14430
9311 1819 14441
9312 1820 10839
9313 1820 10976
9314 1820 10977
9315 1820 11014
9316 1820 11018
9317 1820 11037
9318 1821 2590
9319 1821 5881
9320 1821 6065
9321 1821 6603
9322 1821 14203
9323 1821 14446
9324 1822 2606
9325 1822 3516
9326 1822 4986
9327 1822 4987
9328 1822 4989
9329 1822 14474
9330 1823 5281
9331 1823 10551
9332 1823 14753
9333 1823 14755
9334 1823 14801
9335 1823 14802
9336 1824 3450
9337 1824 3456
9338 1824 5002
9339 1824 5016
9340 1824 5449
9341 1824 5450
9342 1825 1917
9343 1825 4530
9344 1825 9825
9345 1825 9934
9346 1825 11095
9347 1826 1845
9348 1826 2052
9349 1826 2884
9350 1826 6347
9351 1826 6430
9352 1826 6434
9353 1827 4447
9354 1827 4551
9355 1827 4552
9356 1827 14490
9357 1828 2221
9358 1828 8334
9359 1828 8335
9360 1828 13584
9361 1828 13696
9362 1829 7945
9363 1829 8506
9364 1829 11293
9365 1829 13366
9366 1829 13367
9367 1830 2607
9368 1830 3595
9369 1830 7098
9370 1830 14007
9371 1831 6663
9372 1831 8787
9373 1831 8789
9374 1831 8793
9375 1831 10251
9376 1831 12798
9377 1832 10161
9378 1832 10755
9379 1832 11607
9380 1832 12462
9381 1832 12466
9382 1832 14540
9383 1833 7921
9384 1833 7922
9385 1833 7924
9386 1833 8316
9387 1833 11790
9388 1833 13512
9389 1834 3429
9390 1834 5634
9391 1834 8673
9392 1834 9203
9393 1834 14513
9394 1835 1882
9395 1835 2530
9396 1835 4327
9397 1835 5238
9398 1835 7075
9399 1836 4204
9400 1836 4205
9401 1836 4206
9402 1836 4207
9403 1837 4433
9404 1837 4567
9405 1837 7389
9406 1837 14489
9407 1837 14929
9408 1838 3337
9409 1838 9901
9410 1838 9918
9411 1838 10734
9412 1838 12302
9413 1838 13411
9414 1839 6196
9415 1839 6485
9416 1839 6491
9417 1839 6492
9418 1839 6493
9419 1839 14077
9420 1840 6066
9421 1840 7582
9422 1840 7584
9423 1840 7623
9424 1840 9946
9425 1840 12403
9426 1841 2919
9427 1841 8651
9428 1841 8652
9429 1841 8720
9430 1842 3568
9431 1842 12584
9432 1843 2254
9433 1843 6763
9434 1843 9391
9435 1843 9433
9436 1843 11104
9437 1844 2728
9438 1844 3438
9439 1844 11518
9440 1844 11639
9441 1844 11665
9442 1844 12534
9443 1845 2620
9444 1845 2884
9445 1845 6347
9446 1845 6348
9447 1845 6351
9448 1845 8004
9449 1846 9958
9450 1846 10733
9451 1846 10738
9452 1846 10740
9453 1846 12046
9454 1847 2837
9455 1847 3873
9456 1847 3875
9457 1847 3917
9458 1847 3918
9459 1848 8130
9460 1848 10173
9461 1848 10177
9462 1848 10180
9463 1848 10193
9464 1848 14695
9465 1849 2259
9466 1849 11616
9467 1850 4278
9468 1850 4417
9469 1850 5146
9470 1850 5442
9471 1850 5446
9472 1850 6652
9473 1851 4274
9474 1851 4780
9475 1851 5259
9476 1851 5658
9477 1851 14652
9478 1852 2256
9479 1852 3580
9480 1852 14938
9481 1853 4565
9482 1853 4568
9483 1853 4571
9484 1853 4580
9485 1853 4702
9486 1854 4446
9487 1854 4760
9488 1854 5613
9489 1854 5614
9490 1854 6020
9491 1854 6022
9492 1854 10767
9493 1855 4104
9494 1855 5250
9495 1855 10895
9496 1855 11764
9497 1855 12479
9498 1856 4620
9499 1856 4622
9500 1856 4674
9501 1856 4720
9502 1856 4722
9503 1856 5492
9504 1857 2165
9505 1857 7159
9506 1857 8824
9507 1857 10351
9508 1857 10467
9509 1857 10468
9510 1858 2503
9511 1858 2651
9512 1858 9371
9513 1858 9372
9514 1858 9375
9515 1858 9743
9516 1858 9793
9517 1859 7683
9518 1859 8377
9519 1859 8378
9520 1859 8597
9521 1859 11386
9522 1859 14266
9523 1860 4253
9524 1860 4255
9525 1860 4256
9526 1860 14561
9527 1860 14666
9528 1860 14667
9529 1861 3565
9530 1861 3607
9531 1861 7389
9532 1861 10167
9533 1861 14929
9534 1862 2739
9535 1862 5221
9536 1862 10061
9537 1862 10123
9538 1862 10533
9539 1863 6508
9540 1863 13203
9541 1864 12247
9542 1864 12281
9543 1864 14993
9544 1865 9351
9545 1865 9356
9546 1865 9400
9547 1865 9402
9548 1865 9766
9549 1866 2023
9550 1866 2446
9551 1866 3208
9552 1866 6211
9553 1866 6213
9554 1866 6443
9555 1866 6458
9556 1867 1975
9557 1867 5096
9558 1867 5139
9559 1867 5311
9560 1867 5347
9561 1867 5451
9562 1868 6544
9563 1868 9004
9564 1868 9352
9565 1868 9359
9566 1868 9361
9567 1869 3125
9568 1869 7950
9569 1869 8887
9570 1869 11250
9571 1869 11530
9572 1870 2851
9573 1870 3519
9574 1870 3521
9575 1870 7140
9576 1870 10206
9577 1870 11016
9578 1871 4377
9579 1871 4386
9580 1871 5388
9581 1871 14749
9582 1871 14811
9583 1872 2554
9584 1872 4871
9585 1872 6586
9586 1872 6587
9587 1872 14327
9588 1872 14732
9589 1873 9284
9590 1873 9289
9591 1873 11012
9592 1874 2154
9593 1874 2309
9594 1874 5840
9595 1874 5841
9596 1874 5845
9597 1875 6444
9598 1875 6446
9599 1875 6450
9600 1875 6484
9601 1875 7459
9602 1875 10812
9603 1876 3877
9604 1876 4125
9605 1876 6807
9606 1876 9055
9607 1876 14017
9608 1877 2493
9609 1877 3433
9610 1877 8685
9611 1877 8686
9612 1878 5855
9613 1878 5856
9614 1878 5857
9615 1878 8802
9616 1878 14175
9617 1878 14481
9618 1879 2036
9619 1879 4160
9620 1879 13743
9621 1879 13849
9622 1879 14658
9623 1880 2185
9624 1880 12602
9625 1880 12610
9626 1880 12972
9627 1880 12996
9628 1881 1925
9629 1881 3493
9630 1881 9213
9631 1881 11783
9632 1881 13686
9633 1882 4327
9634 1882 4330
9635 1882 5238
9636 1882 14613
9637 1883 7196
9638 1883 8164
9639 1883 8167
9640 1883 14423
9641 1884 2600
9642 1884 5112
9643 1884 5752
9644 1884 6533
9645 1884 11898
9646 1884 14041
9647 1885 4869
9648 1885 6514
9649 1885 6515
9650 1885 6538
9651 1885 14049
9652 1885 14050
9653 1886 4249
9654 1886 4266
9655 1886 4267
9656 1886 4775
9657 1886 14669
9658 1887 3034
9659 1887 6609
9660 1887 11058
9661 1887 11770
9662 1887 12836
9663 1888 2601
9664 1888 2655
9665 1888 4866
9666 1888 6536
9667 1888 6850
9668 1889 1915
9669 1889 5040
9670 1889 5043
9671 1889 5389
9672 1889 5392
9673 1890 2231
9674 1890 3193
9675 1890 3229
9676 1890 3587
9677 1890 5418
9678 1891 2822
9679 1891 9004
9680 1891 9038
9681 1891 9104
9682 1891 9361
9683 1891 9433
9684 1892 5162
9685 1892 5814
9686 1892 5819
9687 1892 5831
9688 1892 6249
9689 1892 14463
9690 1893 3295
9691 1893 9169
9692 1893 9181
9693 1893 10151
9694 1893 11030
9695 1894 3258
9696 1894 4336
9697 1894 5324
9698 1894 5326
9699 1894 10237
9700 1894 14607
9701 1895 9133
9702 1895 9134
9703 1895 11088
9704 1895 14035
9705 1895 14493
9706 1896 3983
9707 1896 4038
9708 1896 4878
9709 1896 5766
9710 1896 8133
9711 1896 14198
9712 1897 2483
9713 1897 3961
9714 1897 3962
9715 1897 4004
9716 1897 7035
9717 1898 2221
9718 1898 11062
9719 1898 13576
9720 1898 13580
9721 1898 13696
9722 1898 13698
9723 1899 4177
9724 1899 4179
9725 1899 4531
9726 1899 4625
9727 1899 9856
9728 1899 10689
9729 1900 8504
9730 1900 11521
9731 1900 11524
9732 1900 11525
9733 1900 11667
9734 1901 3707
9735 1901 4750
9736 1901 12752
9737 1901 14860
9738 1902 9283
9739 1902 10229
9740 1902 12956
9741 1903 2111
9742 1903 2744
9743 1903 4784
9744 1903 10565
9745 1903 10837
9746 1903 11303
9747 1904 2603
9748 1904 3869
9749 1904 9216
9750 1904 9822
9751 1904 9829
9752 1904 11093
9753 1905 3813
9754 1905 14944
9755 1905 14988
9756 1906 3908
9757 1906 5198
9758 1906 6814
9759 1906 6816
9760 1906 7694
9761 1907 4044
9762 1907 5611
9763 1907 5614
9764 1907 6022
9765 1907 7462
9766 1907 14084
9767 1908 5622
9768 1908 8705
9769 1908 8709
9770 1908 8940
9771 1908 8941
9772 1908 9937
9773 1909 7213
9774 1909 11351
9775 1909 12535
9776 1909 13855
9777 1909 13860
9778 1910 3691
9779 1910 7084
9780 1910 8889
9781 1910 10435
9782 1910 10951
9783 1910 11217
9784 1911 2772
9785 1911 3715
9786 1911 9605
9787 1911 10282
9788 1911 10580
9789 1912 4633
9790 1912 4635
9791 1912 4712
9792 1912 4713
9793 1912 4714
9794 1912 4719
9795 1913 2523
9796 1913 3722
9797 1913 4289
9798 1913 5005
9799 1913 5445
9800 1913 5447
9801 1914 3044
9802 1914 3212
9803 1914 8973
9804 1914 11495
9805 1914 12992
9806 1914 12997
9807 1915 1995
9808 1915 5043
9809 1915 5353
9810 1915 5389
9811 1916 2093
9812 1916 4273
9813 1916 4377
9814 1916 7269
9815 1916 14811
9816 1916 14812
9817 1917 2987
9818 1917 9214
9819 1917 9823
9820 1917 9934
9821 1917 11095
9822 1918 6247
9823 1918 11023
9824 1918 12788
9825 1918 12789
9826 1918 12805
9827 1918 12817
9828 1919 2353
9829 1919 11939
9830 1919 11941
9831 1919 12313
9832 1919 12935
9833 1919 13084
9834 1920 2031
9835 1920 7090
9836 1920 9101
9837 1920 11225
9838 1920 12657
9839 1921 3138
9840 1921 5915
9841 1921 10450
9842 1921 11981
9843 1921 12615
9844 1921 14410
9845 1922 1960
9846 1922 2603
9847 1922 9215
9848 1922 9340
9849 1922 9821
9850 1922 9824
9851 1923 4885
9852 1923 5771
9853 1923 6357
9854 1923 6358
9855 1923 6416
9856 1924 2652
9857 1924 4209
9858 1924 4313
9859 1924 4314
9860 1924 4315
9861 1924 9761
9862 1925 11783
9863 1925 13590
9864 1925 13684
9865 1925 13686
9866 1926 2205
9867 1926 2881
9868 1926 6896
9869 1926 6898
9870 1926 14029
9871 1926 14031
9872 1927 2039
9873 1927 3931
9874 1927 4040
9875 1927 4094
9876 1927 4374
9877 1927 4376
9878 1927 11196
9879 1928 2522
9880 1928 3718
9881 1928 6718
9882 1928 13976
9883 1929 4733
9884 1929 4906
9885 1929 4907
9886 1929 4908
9887 1929 5068
9888 1929 5795
9889 1929 6534
9890 1930 9244
9891 1930 11202
9892 1930 11237
9893 1931 3242
9894 1931 3243
9895 1931 3644
9896 1931 3645
9897 1932 7138
9898 1932 13750
9899 1932 14899
9900 1933 2905
9901 1933 3856
9902 1933 3872
9903 1933 4738
9904 1933 13683
9905 1934 1998
9906 1934 11733
9907 1934 12945
9908 1934 13443
9909 1934 14197
9910 1935 5113
9911 1935 5116
9912 1935 5123
9913 1935 5125
9914 1936 4784
9915 1936 10565
9916 1936 11984
9917 1936 13141
9918 1937 2315
9919 1937 7912
9920 1937 7913
9921 1937 7938
9922 1937 8242
9923 1937 13484
9924 1938 3593
9925 1938 6972
9926 1938 7356
9927 1938 10776
9928 1939 4013
9929 1939 4898
9930 1939 4899
9931 1939 5076
9932 1939 14365
9933 1940 8563
9934 1940 10787
9935 1940 11428
9936 1940 12208
9937 1940 13313
9938 1940 13314
9939 1941 2029
9940 1941 4129
9941 1941 4618
9942 1941 5558
9943 1941 5561
9944 1941 5821
9945 1942 3532
9946 1942 13444
9947 1943 2972
9948 1943 8243
9949 1943 9917
9950 1944 12085
9951 1944 12086
9952 1944 12088
9953 1944 12118
9954 1944 12655
9955 1944 13039
9956 1945 3642
9957 1945 3714
9958 1945 6605
9959 1945 10295
9960 1945 14831
9961 1946 2405
9962 1946 5273
9963 1946 6527
9964 1946 11017
9965 1946 11020
9966 1946 11032
9967 1947 7137
9968 1947 9682
9969 1947 13751
9970 1947 14898
9971 1948 2087
9972 1948 12521
9973 1948 12586
9974 1949 4736
9975 1949 11571
9976 1949 11590
9977 1949 11599
9978 1949 11604
9979 1949 12978
9980 1950 7382
9981 1950 11983
9982 1950 11984
9983 1950 11988
9984 1950 12967
9985 1950 13141
9986 1951 6329
9987 1951 6369
9988 1951 6371
9989 1951 14523
9990 1951 14524
9991 1952 2230
9992 1952 4815
9993 1952 4816
9994 1952 6744
9995 1952 8594
9996 1952 14191
9997 1953 5175
9998 1953 5804
9999 1953 5843
10000 1953 6222
10001 1953 6223
10002 1953 6265
10003 1954 9462
10004 1954 9531
10005 1954 9667
10006 1954 9672
10007 1954 10867
10008 1954 14343
10009 1955 5474
10010 1955 5478
10011 1955 5480
10012 1955 5506
10013 1955 6337
10014 1956 3983
10015 1956 5098
10016 1956 5264
10017 1956 5286
10018 1956 6786
10019 1956 14195
10020 1957 5773
10021 1957 7235
10022 1957 7653
10023 1957 13629
10024 1957 13630
10025 1957 13645
10026 1958 1960
10027 1958 2987
10028 1958 9341
10029 1958 9851
10030 1958 9936
10031 1958 11094
10032 1959 2112
10033 1959 6355
10034 1959 6467
10035 1959 6788
10036 1959 6790
10037 1960 9215
10038 1960 9824
10039 1960 9851
10040 1960 11094
10041 1961 3324
10042 1961 3370
10043 1961 3442
10044 1961 8918
10045 1962 4893
10046 1962 4894
10047 1962 5082
10048 1962 6378
10049 1962 6379
10050 1962 6560
10051 1963 3853
10052 1963 3855
10053 1963 3859
10054 1963 8961
10055 1963 14777
10056 1964 1986
10057 1964 8848
10058 1964 9416
10059 1964 9477
10060 1964 9831
10061 1964 9846
10062 1965 3702
10063 1965 4416
10064 1965 5033
10065 1965 13783
10066 1966 4952
10067 1966 8103
10068 1966 8142
10069 1966 8387
10070 1966 13517
10071 1966 14479
10072 1967 2157
10073 1967 5516
10074 1967 5527
10075 1967 5529
10076 1967 5897
10077 1967 14330
10078 1968 2243
10079 1968 3479
10080 1968 9156
10081 1968 13847
10082 1968 13931
10083 1968 13932
10084 1969 2812
10085 1969 6035
10086 1969 8645
10087 1969 8646
10088 1969 12713
10089 1969 13948
10090 1970 9098
10091 1970 9252
10092 1970 10242
10093 1970 13264
10094 1971 1972
10095 1971 11624
10096 1971 11627
10097 1971 11674
10098 1972 1973
10099 1972 3418
10100 1972 11624
10101 1972 13470
10102 1973 3418
10103 1973 6120
10104 1973 11629
10105 1973 13470
10106 1974 2738
10107 1974 12640
10108 1974 12822
10109 1974 12905
10110 1974 12936
10111 1975 5090
10112 1975 5092
10113 1975 5096
10114 1975 5347
10115 1975 5348
10116 1976 4201
10117 1976 4202
10118 1976 4642
10119 1976 4658
10120 1976 14995
10121 1977 6657
10122 1977 7012
10123 1977 14247
10124 1978 2851
10125 1978 7144
10126 1978 9122
10127 1978 11016
10128 1978 11788
10129 1978 14011
10130 1979 2953
10131 1979 3289
10132 1979 6517
10133 1979 11614
10134 1979 12964
10135 1980 2537
10136 1980 4527
10137 1980 8545
10138 1980 9784
10139 1980 10050
10140 1980 10075
10141 1980 10076
10142 1981 2137
10143 1981 10197
10144 1981 11464
10145 1981 12633
10146 1981 13278
10147 1982 6230
10148 1982 6280
10149 1982 6282
10150 1982 6606
10151 1982 11358
10152 1982 14309
10153 1983 8734
10154 1983 10939
10155 1983 12338
10156 1983 13153
10157 1983 13773
10158 1984 3559
10159 1984 8978
10160 1984 14201
10161 1985 4229
10162 1985 5417
10163 1985 14547
10164 1985 14691
10165 1986 3869
10166 1986 9416
10167 1986 9419
10168 1986 9477
10169 1986 9822
10170 1987 6529
10171 1987 10671
10172 1987 10706
10173 1987 10709
10174 1987 10710
10175 1988 2202
10176 1988 5964
10177 1988 6019
10178 1988 14294
10179 1988 14346
10180 1989 2419
10181 1989 5439
10182 1989 10191
10183 1989 11701
10184 1990 2212
10185 1990 3720
10186 1990 3845
10187 1990 6837
10188 1990 8577
10189 1990 14836
10190 1991 5281
10191 1991 5382
10192 1991 14801
10193 1992 3404
10194 1992 4983
10195 1992 4985
10196 1992 6655
10197 1992 13755
10198 1993 3147
10199 1993 3704
10200 1993 4746
10201 1993 4748
10202 1993 4752
10203 1993 11150
10204 1994 9926
10205 1994 13230
10206 1994 13441
10207 1994 13449
10208 1994 13450
10209 1994 13451
10210 1995 5092
10211 1995 5348
10212 1995 5350
10213 1995 5353
10214 1995 5389
10215 1996 2792
10216 1996 4245
10217 1996 4776
10218 1996 5512
10219 1996 14557
10220 1997 3724
10221 1997 3729
10222 1997 10532
10223 1997 14835
10224 1998 3541
10225 1998 8107
10226 1998 11733
10227 1998 12286
10228 1998 12945
10229 1999 5443
10230 1999 5466
10231 1999 9229
10232 1999 10811
10233 1999 14519
10234 2000 2407
10235 2000 2870
10236 2000 11786
10237 2000 12062
10238 2000 12064
10239 2000 13402
10240 2001 2738
10241 2001 8702
10242 2001 14143
10243 2002 3190
10244 2002 3209
10245 2002 3225
10246 2002 3657
10247 2002 10971
10248 2003 6330
10249 2003 6361
10250 2003 6362
10251 2003 6493
10252 2003 6710
10253 2003 14078
10254 2004 12707
10255 2004 14939
10256 2004 14976
10257 2005 9164
10258 2005 9165
10259 2005 9194
10260 2005 10975
10261 2005 11142
10262 2005 11192
10263 2006 2706
10264 2006 3472
10265 2006 5054
10266 2006 9334
10267 2006 13806
10268 2007 6817
10269 2007 7237
10270 2007 7239
10271 2007 7449
10272 2007 7571
10273 2007 14444
10274 2008 5544
10275 2008 5699
10276 2008 5701
10277 2008 6121
10278 2008 11805
10279 2008 14293
10280 2009 2424
10281 2009 3233
10282 2009 4739
10283 2010 2488
10284 2010 14930
10285 2011 4455
10286 2011 4484
10287 2011 4504
10288 2011 8855
10289 2012 2060
10290 2012 3023
10291 2012 11076
10292 2012 11752
10293 2012 12823
10294 2013 2823
10295 2013 6663
10296 2013 8632
10297 2013 8633
10298 2013 10251
10299 2013 10892
10300 2014 2616
10301 2014 10847
10302 2014 11013
10303 2014 11014
10304 2014 11025
10305 2015 2158
10306 2015 11527
10307 2015 11632
10308 2015 12303
10309 2015 12803
10310 2015 13301
10311 2016 2165
10312 2016 7159
10313 2016 8828
10314 2016 10057
10315 2016 10580
10316 2017 2798
10317 2017 6157
10318 2017 6285
10319 2017 14121
10320 2017 14123
10321 2017 14400
10322 2018 2892
10323 2018 3726
10324 2018 6309
10325 2018 7498
10326 2018 13568
10327 2019 14879
10328 2020 2915
10329 2020 7020
10330 2020 10299
10331 2020 10366
10332 2020 10451
10333 2020 10535
10334 2021 6325
10335 2021 8846
10336 2021 10308
10337 2021 10961
10338 2021 11262
10339 2022 2145
10340 2022 10090
10341 2022 10093
10342 2022 10094
10343 2022 10261
10344 2022 10263
10345 2023 3208
10346 2023 6190
10347 2023 6211
10348 2023 14092
10349 2024 3174
10350 2024 5986
10351 2024 6346
10352 2024 14275
10353 2024 14328
10354 2024 14634
10355 2025 3363
10356 2025 5539
10357 2025 5540
10358 2026 5804
10359 2026 5930
10360 2026 6225
10361 2026 6228
10362 2026 10385
10363 2026 14328
10364 2027 2280
10365 2027 4162
10366 2027 7129
10367 2027 9186
10368 2027 14895
10369 2028 2916
10370 2028 3208
10371 2028 5852
10372 2028 6443
10373 2028 14088
10374 2028 14090
10375 2029 4618
10376 2029 4620
10377 2029 4681
10378 2029 4722
10379 2029 5558
10380 2030 3172
10381 2030 5926
10382 2030 6090
10383 2030 14166
10384 2030 14279
10385 2031 9078
10386 2031 11224
10387 2031 11225
10388 2032 3546
10389 2032 10842
10390 2032 11864
10391 2032 11865
10392 2032 12726
10393 2033 6895
10394 2033 8208
10395 2033 8210
10396 2033 13623
10397 2033 13628
10398 2033 13641
10399 2034 5682
10400 2034 5684
10401 2034 6707
10402 2034 8330
10403 2034 14350
10404 2035 11528
10405 2035 11580
10406 2035 11583
10407 2035 11587
10408 2035 11589
10409 2035 12538
10410 2035 14066
10411 2036 2644
10412 2036 3528
10413 2036 7141
10414 2036 13849
10415 2037 3874
10416 2037 4598
10417 2037 5149
10418 2037 8976
10419 2037 10861
10420 2037 11686
10421 2038 7050
10422 2038 9163
10423 2038 10917
10424 2038 12453
10425 2038 13876
10426 2038 14870
10427 2039 4040
10428 2039 4373
10429 2039 4374
10430 2040 2734
10431 2040 9258
10432 2040 10839
10433 2040 10977
10434 2040 11088
10435 2040 14035
10436 2041 7198
10437 2041 10119
10438 2041 14649
10439 2041 14894
10440 2042 2179
10441 2042 2562
10442 2042 9617
10443 2042 9729
10444 2042 10026
10445 2042 13307
10446 2043 2180
10447 2043 7418
10448 2043 10940
10449 2043 12004
10450 2043 12006
10451 2043 12287
10452 2044 6184
10453 2044 6186
10454 2044 6211
10455 2044 6213
10456 2044 14094
10457 2045 2447
10458 2045 5023
10459 2045 7011
10460 2045 7284
10461 2045 7312
10462 2045 13866
10463 2046 4836
10464 2046 9093
10465 2046 13285
10466 2046 13352
10467 2047 7093
10468 2048 9263
10469 2048 11798
10470 2048 11800
10471 2048 13812
10472 2049 4317
10473 2049 4518
10474 2049 4644
10475 2049 4648
10476 2049 13293
10477 2050 2129
10478 2050 9073
10479 2050 9077
10480 2050 11082
10481 2050 11083
10482 2050 11084
10483 2051 6894
10484 2051 8383
10485 2051 8924
10486 2051 12951
10487 2051 13143
10488 2052 6429
10489 2052 6430
10490 2052 6434
10491 2053 6423
10492 2053 7326
10493 2053 7915
10494 2053 9731
10495 2053 12617
10496 2053 13812
10497 2053 14156
10498 2055 2191
10499 2055 2414
10500 2055 7329
10501 2055 7331
10502 2055 12267
10503 2055 13100
10504 2056 6530
10505 2056 10294
10506 2056 10543
10507 2056 10568
10508 2056 11690
10509 2057 2078
10510 2057 2080
10511 2057 3491
10512 2057 6419
10513 2057 6421
10514 2057 14379
10515 2057 14380
10516 2058 5497
10517 2058 5498
10518 2058 6258
10519 2058 14393
10520 2059 3349
10521 2059 7170
10522 2059 7813
10523 2059 8264
10524 2059 12430
10525 2060 2128
10526 2060 3021
10527 2060 3730
10528 2060 11076
10529 2061 3206
10530 2061 5933
10531 2061 10774
10532 2061 10992
10533 2061 14470
10534 2062 5488
10535 2062 6176
10536 2062 6224
10537 2062 9000
10538 2062 9001
10539 2062 10098
10540 2063 4268
10541 2063 7196
10542 2063 7743
10543 2063 8074
10544 2063 8338
10545 2063 13504
10546 2064 11644
10547 2064 11656
10548 2064 13209
10549 2064 13210
10550 2065 3912
10551 2065 3948
10552 2065 3949
10553 2065 3950
10554 2065 4107
10555 2065 7496
10556 2066 2114
10557 2066 3412
10558 2066 8020
10559 2066 9771
10560 2066 11802
10561 2067 3119
10562 2067 7234
10563 2067 7565
10564 2067 14631
10565 2067 14970
10566 2068 3304
10567 2068 4774
10568 2068 14242
10569 2069 2995
10570 2069 8951
10571 2069 8953
10572 2069 8954
10573 2069 9899
10574 2069 9903
10575 2070 2497
10576 2070 13242
10577 2070 13292
10578 2070 13296
10579 2070 14567
10580 2071 2389
10581 2071 2609
10582 2071 7656
10583 2071 8561
10584 2071 8809
10585 2072 4802
10586 2072 4803
10587 2072 5754
10588 2072 11159
10589 2072 14184
10590 2073 8451
10591 2073 10478
10592 2073 10479
10593 2073 10482
10594 2073 10640
10595 2073 10659
10596 2074 4471
10597 2074 4714
10598 2074 4718
10599 2074 4719
10600 2074 13133
10601 2075 3572
10602 2075 9625
10603 2075 9918
10604 2075 12302
10605 2075 13865
10606 2076 2831
10607 2076 14997
10608 2077 9481
10609 2077 9483
10610 2077 9548
10611 2077 9606
10612 2077 10059
10613 2078 6419
10614 2078 6504
10615 2078 14380
10616 2078 14381
10617 2079 2857
10618 2079 8996
10619 2079 11514
10620 2079 11643
10621 2079 11658
10622 2079 14340
10623 2080 2396
10624 2080 3491
10625 2080 6411
10626 2080 6421
10627 2080 14375
10628 2081 8138
10629 2081 8297
10630 2081 8299
10631 2081 8390
10632 2081 8396
10633 2082 2563
10634 2082 7622
10635 2082 7625
10636 2082 7829
10637 2082 12472
10638 2082 12474
10639 2082 14433
10640 2083 2721
10641 2083 4590
10642 2083 4651
10643 2083 4653
10644 2083 4705
10645 2084 2629
10646 2084 5250
10647 2084 10895
10648 2084 12186
10649 2085 3389
10650 2085 6912
10651 2085 6917
10652 2085 7851
10653 2085 9121
10654 2085 13975
10655 2086 2700
10656 2086 5266
10657 2086 6371
10658 2086 9390
10659 2086 14416
10660 2086 14485
10661 2087 2888
10662 2087 12521
10663 2087 13850
10664 2088 14916
10665 2088 15007
10666 2089 2883
10667 2089 4803
10668 2089 4804
10669 2089 4805
10670 2089 14184
10671 2089 14354
10672 2090 9485
10673 2090 9549
10674 2090 9954
10675 2090 10056
10676 2090 12744
10677 2091 2155
10678 2091 8003
10679 2091 8137
10680 2091 8544
10681 2091 13474
10682 2092 6425
10683 2092 6478
10684 2092 14079
10685 2092 14380
10686 2092 14381
10687 2093 4273
10688 2093 5390
10689 2093 9904
10690 2093 14744
10691 2093 14812
10692 2094 2252
10693 2094 3620
10694 2094 3621
10695 2094 9299
10696 2095 9973
10697 2095 10465
10698 2095 10642
10699 2095 11007
10700 2095 12347
10701 2095 13962
10702 2096 5562
10703 2096 6111
10704 2096 6177
10705 2096 6610
10706 2096 13507
10707 2096 14014
10708 2097 4806
10709 2097 4809
10710 2097 5147
10711 2097 5282
10712 2097 5666
10713 2097 5690
10714 2098 3579
10715 2098 3581
10716 2098 12401
10717 2098 13179
10718 2098 14937
10719 2099 3934
10720 2099 5583
10721 2099 6286
10722 2099 14404
10723 2099 14499
10724 2100 4837
10725 2100 8821
10726 2100 8823
10727 2100 8911
10728 2100 10411
10729 2100 10459
10730 2101 3198
10731 2101 5936
10732 2101 12453
10733 2101 14792
10734 2102 7934
10735 2102 8149
10736 2102 11779
10737 2103 3551
10738 2103 3664
10739 2103 6596
10740 2104 3485
10741 2104 9227
10742 2104 13656
10743 2104 13967
10744 2104 13971
10745 2105 10051
10746 2105 10055
10747 2105 10523
10748 2105 10547
10749 2105 11841
10750 2106 3818
10751 2106 4263
10752 2106 4265
10753 2106 9772
10754 2106 12893
10755 2106 14662
10756 2107 12111
10757 2107 12116
10758 2107 12309
10759 2107 12311
10760 2107 12316
10761 2108 7229
10762 2108 7456
10763 2108 7641
10764 2108 9222
10765 2108 13647
10766 2108 13818
10767 2109 9345
10768 2109 9348
10769 2109 9365
10770 2109 9455
10771 2109 9749
10772 2109 11099
10773 2110 5140
10774 2110 5505
10775 2110 5659
10776 2110 5894
10777 2110 6278
10778 2110 14146
10779 2111 2660
10780 2111 10259
10781 2111 10537
10782 2111 10837
10783 2111 11303
10784 2112 5995
10785 2112 6339
10786 2112 6355
10787 2112 6788
10788 2113 2657
10789 2113 6740
10790 2113 6741
10791 2113 13873
10792 2113 14130
10793 2114 4180
10794 2114 11802
10795 2115 12613
10796 2115 12934
10797 2115 12959
10798 2115 12963
10799 2115 14074
10800 2116 2130
10801 2116 2301
10802 2116 11646
10803 2116 12881
10804 2116 13215
10805 2116 13393
10806 2117 8662
10807 2117 8663
10808 2117 8710
10809 2117 11074
10810 2117 11326
10811 2118 2508
10812 2118 3513
10813 2118 3871
10814 2118 7394
10815 2118 12239
10816 2118 13076
10817 2119 4460
10818 2119 4538
10819 2119 4750
10820 2119 5636
10821 2119 13093
10822 2119 14860
10823 2120 4677
10824 2120 4723
10825 2120 4800
10826 2120 5492
10827 2120 12377
10828 2121 2163
10829 2121 3512
10830 2121 5956
10831 2121 10486
10832 2121 14216
10833 2121 14270
10834 2122 2589
10835 2122 4201
10836 2122 6739
10837 2122 9836
10838 2122 14908
10839 2123 2820
10840 2123 8699
10841 2123 9911
10842 2123 9916
10843 2124 8866
10844 2124 9669
10845 2124 9864
10846 2124 10333
10847 2124 10337
10848 2125 4970
10849 2125 11734
10850 2125 11735
10851 2125 13418
10852 2126 5539
10853 2126 5642
10854 2126 5643
10855 2126 5692
10856 2126 5913
10857 2126 13715
10858 2127 2334
10859 2127 6470
10860 2127 9309
10861 2127 10611
10862 2127 10655
10863 2127 10703
10864 2128 10571
10865 2128 11440
10866 2129 9074
10867 2129 9075
10868 2129 9077
10869 2129 11082
10870 2130 2301
10871 2130 11639
10872 2130 11648
10873 2130 12881
10874 2130 13392
10875 2131 2138
10876 2131 2428
10877 2131 4956
10878 2131 5001
10879 2131 6579
10880 2132 2853
10881 2132 6792
10882 2132 6794
10883 2132 6797
10884 2133 8998
10885 2133 8999
10886 2133 9024
10887 2133 10097
10888 2133 11015
10889 2133 11169
10890 2134 3795
10891 2134 4829
10892 2134 6731
10893 2134 10407
10894 2134 14510
10895 2135 8113
10896 2135 8115
10897 2135 8116
10898 2135 8279
10899 2135 8282
10900 2135 8410
10901 2135 8412
10902 2136 5963
10903 2136 5965
10904 2136 6065
10905 2136 9733
10906 2136 14196
10907 2136 14296
10908 2136 14448
10909 2137 2895
10910 2137 3535
10911 2137 10197
10912 2138 4956
10913 2138 5001
10914 2138 5003
10915 2138 6561
10916 2138 10856
10917 2139 4159
10918 2139 8689
10919 2139 8692
10920 2139 8694
10921 2139 9053
10922 2140 2184
10923 2140 2654
10924 2140 3188
10925 2140 5482
10926 2140 9347
10927 2140 14498
10928 2141 2444
10929 2141 3531
10930 2141 13172
10931 2142 3565
10932 2142 3605
10933 2143 2152
10934 2143 14989
10935 2144 2570
10936 2144 7277
10937 2144 13176
10938 2144 13178
10939 2145 2732
10940 2145 10090
10941 2145 10092
10942 2145 10093
10943 2145 10235
10944 2146 6817
10945 2146 7444
10946 2146 7445
10947 2146 7449
10948 2146 7657
10949 2146 13630
10950 2147 9997
10951 2147 10613
10952 2147 10614
10953 2147 10619
10954 2147 10701
10955 2148 2172
10956 2148 7806
10957 2148 7808
10958 2148 11311
10959 2148 11313
10960 2149 5229
10961 2149 9218
10962 2149 9338
10963 2149 9373
10964 2149 13998
10965 2150 3240
10966 2150 3459
10967 2150 3646
10968 2150 4741
10969 2150 14719
10970 2151 2526
10971 2151 3241
10972 2151 4986
10973 2151 4994
10974 2151 5325
10975 2152 3104
10976 2152 3794
10977 2152 14990
10978 2153 4244
10979 2153 5372
10980 2153 7163
10981 2153 10230
10982 2153 14556
10983 2153 14672
10984 2154 5805
10985 2154 5840
10986 2154 5841
10987 2154 5848
10988 2154 6225
10989 2155 2552
10990 2155 8003
10991 2155 8029
10992 2155 8544
10993 2155 11827
10994 2156 4242
10995 2156 4796
10996 2156 5268
10997 2156 5682
10998 2156 7658
10999 2156 14554
11000 2157 5516
11001 2157 5651
11002 2157 5652
11003 2157 5897
11004 2157 14467
11005 2158 11632
11006 2158 11652
11007 2158 12803
11008 2158 13441
11009 2158 13451
11010 2159 7379
11011 2159 7381
11012 2159 7466
11013 2159 10149
11014 2159 12321
11015 2159 13618
11016 2160 2666
11017 2160 3458
11018 2160 4942
11019 2160 4943
11020 2160 4944
11021 2160 5031
11022 2161 8462
11023 2161 11278
11024 2161 12103
11025 2161 12104
11026 2161 12122
11027 2161 12123
11028 2162 3333
11029 2162 4382
11030 2162 4384
11031 2162 5275
11032 2162 5277
11033 2162 10716
11034 2163 3445
11035 2163 5986
11036 2163 10486
11037 2163 14222
11038 2163 14270
11039 2164 3689
11040 2164 3690
11041 2164 14814
11042 2164 14816
11043 2165 7159
11044 2165 8820
11045 2165 8824
11046 2165 10057
11047 2166 6991
11048 2166 6992
11049 2166 7332
11050 2166 13603
11051 2167 4088
11052 2167 4416
11053 2167 4941
11054 2167 13783
11055 2167 14223
11056 2168 4655
11057 2168 4657
11058 2168 4663
11059 2168 4689
11060 2168 4691
11061 2168 5494
11062 2169 2916
11063 2169 5851
11064 2169 6191
11065 2169 6282
11066 2169 9893
11067 2169 14086
11068 2170 4473
11069 2170 7935
11070 2170 8157
11071 2170 8159
11072 2170 8315
11073 2170 13512
11074 2171 10111
11075 2171 10215
11076 2171 10825
11077 2171 11641
11078 2171 13357
11079 2172 2869
11080 2172 6275
11081 2172 7804
11082 2172 7806
11083 2172 11313
11084 2173 11622
11085 2173 12249
11086 2173 14994
11087 2174 3309
11088 2174 13694
11089 2175 5402
11090 2175 5403
11091 2175 5427
11092 2175 5748
11093 2175 14549
11094 2175 14551
11095 2176 3090
11096 2176 5817
11097 2176 5819
11098 2176 6110
11099 2176 6237
11100 2176 11494
11101 2177 7288
11102 2177 7302
11103 2177 7304
11104 2178 4755
11105 2178 10550
11106 2178 11753
11107 2178 14813
11108 2179 2562
11109 2179 8236
11110 2179 9617
11111 2179 10079
11112 2179 10247
11113 2180 12006
11114 2180 12009
11115 2180 12287
11116 2180 12592
11117 2180 12593
11118 2181 10986
11119 2181 11168
11120 2181 11175
11121 2181 11178
11122 2181 11182
11123 2181 11593
11124 2182 2310
11125 2182 4759
11126 2182 8225
11127 2182 9641
11128 2182 11797
11129 2183 9346
11130 2183 10052
11131 2183 10525
11132 2183 10547
11133 2183 10578
11134 2184 5482
11135 2184 6252
11136 2184 6289
11137 2184 11649
11138 2184 14498
11139 2185 3199
11140 2185 12510
11141 2185 12610
11142 2185 12996
11143 2186 2368
11144 2187 2743
11145 2187 5853
11146 2187 13204
11147 2187 13416
11148 2188 5001
11149 2188 6318
11150 2188 6561
11151 2188 6563
11152 2188 7088
11153 2188 13969
11154 2189 5473
11155 2189 10978
11156 2189 14500
11157 2190 5954
11158 2190 6075
11159 2190 14186
11160 2190 14190
11161 2190 14304
11162 2190 14306
11163 2191 2475
11164 2191 5612
11165 2191 12267
11166 2191 13100
11167 2192 2401
11168 2192 6872
11169 2192 6940
11170 2192 9998
11171 2192 10805
11172 2192 13651
11173 2193 2296
11174 2193 7068
11175 2193 11771
11176 2193 11774
11177 2194 3588
11178 2194 13888
11179 2195 10110
11180 2195 11718
11181 2195 11721
11182 2195 13447
11183 2195 14212
11184 2196 2456
11185 2196 3127
11186 2196 3173
11187 2196 5678
11188 2196 6096
11189 2197 3443
11190 2197 5058
11191 2197 5423
11192 2197 14536
11193 2197 14538
11194 2198 3692
11195 2198 6453
11196 2198 14104
11197 2198 14105
11198 2199 5444
11199 2199 9130
11200 2199 11183
11201 2199 11185
11202 2199 14725
11203 2200 3417
11204 2200 3561
11205 2200 11527
11206 2200 11529
11207 2200 14399
11208 2201 3214
11209 2201 8076
11210 2201 12631
11211 2201 12635
11212 2201 12639
11213 2201 12907
11214 2201 12940
11215 2202 3512
11216 2202 5410
11217 2202 6019
11218 2202 14237
11219 2202 14294
11220 2203 8031
11221 2203 9968
11222 2203 11429
11223 2203 11526
11224 2203 13306
11225 2203 13317
11226 2204 4297
11227 2204 4476
11228 2204 6120
11229 2204 6296
11230 2204 11630
11231 2205 6892
11232 2205 6896
11233 2205 14031
11234 2205 14033
11235 2206 5966
11236 2206 5968
11237 2206 9342
11238 2206 14226
11239 2206 14234
11240 2206 14291
11241 2207 3315
11242 2207 10814
11243 2208 2944
11244 2208 9815
11245 2209 3783
11246 2209 5242
11247 2209 10320
11248 2209 10556
11249 2209 10557
11250 2210 3895
11251 2210 4255
11252 2210 4256
11253 2210 14914
11254 2211 7382
11255 2211 7644
11256 2211 7867
11257 2211 11980
11258 2211 11988
11259 2211 12742
11260 2212 3842
11261 2212 3844
11262 2212 3845
11263 2212 4139
11264 2212 14836
11265 2213 2674
11266 2213 2837
11267 2213 2957
11268 2213 3875
11269 2213 4134
11270 2213 6800
11271 2213 8961
11272 2214 3002
11273 2214 7899
11274 2214 7901
11275 2214 8392
11276 2214 11072
11277 2214 13758
11278 2215 4827
11279 2215 6256
11280 2215 7380
11281 2215 8324
11282 2215 13528
11283 2215 13532
11284 2216 2827
11285 2216 3055
11286 2216 3542
11287 2216 11741
11288 2216 12808
11289 2217 6440
11290 2217 7271
11291 2217 7420
11292 2217 7425
11293 2217 7698
11294 2218 3231
11295 2218 7058
11296 2219 4308
11297 2219 4323
11298 2219 4326
11299 2219 5334
11300 2219 5351
11301 2219 14618
11302 2220 2928
11303 2220 6006
11304 2220 7519
11305 2220 7785
11306 2220 13583
11307 2221 8335
11308 2221 9900
11309 2221 13696
11310 2221 13698
11311 2222 3065
11312 2222 11822
11313 2222 11824
11314 2222 11836
11315 2222 11838
11316 2223 4107
11317 2223 6827
11318 2223 6829
11319 2223 7496
11320 2223 9841
11321 2224 7128
11322 2224 12514
11323 2224 12516
11324 2224 12563
11325 2224 12590
11326 2224 12599
11327 2224 14083
11328 2225 7173
11329 2225 8573
11330 2225 11294
11331 2225 11545
11332 2225 11568
11333 2226 2650
11334 2226 3584
11335 2226 6052
11336 2226 10280
11337 2226 14440
11338 2227 2233
11339 2227 11839
11340 2227 12212
11341 2228 3001
11342 2228 4961
11343 2228 5008
11344 2228 5865
11345 2228 5866
11346 2229 8664
11347 2229 8665
11348 2229 8708
11349 2229 10969
11350 2229 11081
11351 2229 11330
11352 2230 4816
11353 2230 5703
11354 2230 6743
11355 2230 6744
11356 2230 9313
11357 2231 2694
11358 2231 3229
11359 2231 3437
11360 2231 14693
11361 2232 5654
11362 2232 9349
11363 2232 9350
11364 2232 9353
11365 2232 11100
11366 2233 11837
11367 2234 9974
11368 2234 9976
11369 2234 9978
11370 2234 9993
11371 2234 10659
11372 2234 11029
11373 2234 11815
11374 2235 4324
11375 2235 4428
11376 2235 4570
11377 2235 4818
11378 2236 5732
11379 2236 9408
11380 2236 9803
11381 2236 13506
11382 2236 13695
11383 2237 2410
11384 2237 3504
11385 2237 9219
11386 2237 14183
11387 2237 14511
11388 2238 8465
11389 2238 8466
11390 2238 8469
11391 2238 13151
11392 2238 13152
11393 2239 7843
11394 2239 8183
11395 2239 8623
11396 2239 8626
11397 2239 11355
11398 2239 12840
11399 2240 4514
11400 2240 4519
11401 2240 4559
11402 2240 4648
11403 2240 4652
11404 2241 4203
11405 2241 13242
11406 2241 13310
11407 2241 13312
11408 2241 14567
11409 2242 5938
11410 2242 5940
11411 2242 9049
11412 2242 14170
11413 2242 14319
11414 2243 3479
11415 2243 13930
11416 2243 13931
11417 2244 4215
11418 2244 4217
11419 2244 5429
11420 2244 6130
11421 2244 6752
11422 2244 6753
11423 2245 3265
11424 2245 4818
11425 2245 5702
11426 2246 2443
11427 2246 4832
11428 2246 4833
11429 2246 9802
11430 2246 13857
11431 2246 13920
11432 2246 13925
11433 2247 2399
11434 2247 6227
11435 2247 9346
11436 2247 9554
11437 2247 10052
11438 2247 14921
11439 2248 5635
11440 2248 5637
11441 2248 6045
11442 2248 6047
11443 2248 6049
11444 2248 6612
11445 2249 2856
11446 2249 9401
11447 2249 9403
11448 2249 9409
11449 2249 12747
11450 2249 13376
11451 2250 2852
11452 2250 10023
11453 2250 10494
11454 2250 10502
11455 2250 14076
11456 2250 14364
11457 2251 11905
11458 2251 11906
11459 2251 12694
11460 2251 13008
11461 2251 13013
11462 2252 3621
11463 2252 9299
11464 2253 9419
11465 2253 9477
11466 2253 9832
11467 2253 10307
11468 2253 12007
11469 2254 9038
11470 2254 9391
11471 2254 9433
11472 2254 9794
11473 2254 11229
11474 2255 3445
11475 2255 5932
11476 2255 10486
11477 2255 13881
11478 2255 14324
11479 2255 14326
11480 2256 2617
11481 2256 12401
11482 2257 4950
11483 2257 5565
11484 2257 6349
11485 2257 6426
11486 2257 14636
11487 2258 5143
11488 2258 11659
11489 2258 11660
11490 2258 13453
11491 2259 2665
11492 2259 11616
11493 2259 11618
11494 2260 7295
11495 2260 7297
11496 2260 12235
11497 2260 12237
11498 2261 2403
11499 2261 2903
11500 2261 4872
11501 2261 4874
11502 2261 5103
11503 2261 6707
11504 2262 3119
11505 2262 7232
11506 2262 7446
11507 2262 7448
11508 2262 7452
11509 2263 7446
11510 2263 7452
11511 2263 7546
11512 2263 7548
11513 2263 7653
11514 2263 12608
11515 2264 2795
11516 2264 3576
11517 2264 7019
11518 2264 7308
11519 2265 4034
11520 2265 4367
11521 2265 4911
11522 2265 4912
11523 2265 5064
11524 2266 9328
11525 2266 9855
11526 2266 9868
11527 2266 11857
11528 2267 4509
11529 2267 5057
11530 2267 5058
11531 2267 5363
11532 2267 5379
11533 2267 14542
11534 2268 3679
11535 2268 8881
11536 2268 12417
11537 2268 12418
11538 2269 3940
11539 2269 4027
11540 2269 4079
11541 2269 4361
11542 2269 4363
11543 2270 3298
11544 2270 3340
11545 2270 7360
11546 2270 9438
11547 2270 13089
11548 2271 2745
11549 2271 11725
11550 2271 13444
11551 2271 13446
11552 2272 11304
11553 2272 11562
11554 2272 11572
11555 2272 11574
11556 2272 11601
11557 2273 10046
11558 2273 11611
11559 2273 11612
11560 2273 11614
11561 2274 2857
11562 2274 3050
11563 2274 11642
11564 2274 11643
11565 2274 11657
11566 2275 2405
11567 2275 9079
11568 2275 9081
11569 2275 11083
11570 2275 11084
11571 2276 9800
11572 2276 11102
11573 2276 11290
11574 2276 11291
11575 2276 14438
11576 2277 4839
11577 2277 11388
11578 2277 11452
11579 2277 11454
11580 2277 14281
11581 2277 14838
11582 2278 8763
11583 2278 8765
11584 2278 11419
11585 2279 2583
11586 2279 5545
11587 2279 6236
11588 2279 11695
11589 2279 11696
11590 2280 2485
11591 2280 3144
11592 2280 9186
11593 2280 14895
11594 2281 6668
11595 2281 11748
11596 2281 12820
11597 2281 14492
11598 2282 5529
11599 2282 5530
11600 2282 5897
11601 2282 5898
11602 2282 13723
11603 2283 3098
11604 2283 3785
11605 2283 7266
11606 2283 7411
11607 2283 7597
11608 2284 3026
11609 2284 4366
11610 2284 9123
11611 2284 11433
11612 2285 6056
11613 2285 6324
11614 2285 6326
11615 2285 7797
11616 2285 14157
11617 2285 14342
11618 2286 4842
11619 2286 6095
11620 2286 8362
11621 2286 8381
11622 2286 11339
11623 2287 2326
11624 2287 7461
11625 2287 7555
11626 2287 7557
11627 2287 12393
11628 2287 13818
11629 2288 5946
11630 2288 6083
11631 2288 14312
11632 2289 4617
11633 2289 13248
11634 2289 13508
11635 2289 13772
11636 2289 13774
11637 2289 13955
11638 2290 2679
11639 2290 7087
11640 2290 9965
11641 2290 9983
11642 2290 9992
11643 2290 10477
11644 2290 13476
11645 2291 9251
11646 2291 9827
11647 2291 11505
11648 2291 13283
11649 2291 13358
11650 2292 2935
11651 2292 11537
11652 2293 2731
11653 2293 10184
11654 2293 11162
11655 2293 11531
11656 2294 8461
11657 2294 9287
11658 2294 9289
11659 2294 10229
11660 2294 11053
11661 2294 12956
11662 2295 2503
11663 2295 4351
11664 2295 9381
11665 2295 9747
11666 2295 9748
11667 2295 9845
11668 2296 7068
11669 2296 8220
11670 2297 2974
11671 2297 6293
11672 2297 6408
11673 2297 12785
11674 2297 12795
11675 2297 14165
11676 2298 4797
11677 2298 4799
11678 2298 5272
11679 2298 8330
11680 2298 14193
11681 2299 2832
11682 2299 5981
11683 2299 6360
11684 2299 6572
11685 2299 12927
11686 2300 3538
11687 2300 6723
11688 2300 14909
11689 2301 11726
11690 2301 11728
11691 2301 13215
11692 2301 13392
11693 2302 2588
11694 2302 4104
11695 2302 11764
11696 2302 12832
11697 2302 13166
11698 2302 13168
11699 2303 3122
11700 2303 3154
11701 2303 5674
11702 2303 6078
11703 2303 9424
11704 2304 8500
11705 2304 8854
11706 2304 9427
11707 2305 2427
11708 2305 5809
11709 2305 5838
11710 2305 6229
11711 2305 6231
11712 2305 8949
11713 2306 2550
11714 2306 3375
11715 2306 5882
11716 2306 12807
11717 2306 14141
11718 2306 14311
11719 2307 3033
11720 2307 4235
11721 2307 10171
11722 2307 10173
11723 2307 10175
11724 2307 12821
11725 2308 3415
11726 2308 4045
11727 2308 11621
11728 2308 11664
11729 2308 11717
11730 2309 5175
11731 2309 5739
11732 2309 5841
11733 2309 5845
11734 2309 6265
11735 2310 4759
11736 2310 7728
11737 2310 11797
11738 2311 11480
11739 2311 12501
11740 2311 13001
11741 2311 13311
11742 2312 3957
11743 2312 9294
11744 2312 9333
11745 2312 12318
11746 2312 12444
11747 2312 12449
11748 2313 9929
11749 2313 9944
11750 2313 9948
11751 2313 10741
11752 2313 14772
11753 2314 3046
11754 2314 12990
11755 2314 13281
11756 2315 7912
11757 2315 7938
11758 2315 13382
11759 2315 13535
11760 2316 2420
11761 2316 4963
11762 2316 4966
11763 2316 5011
11764 2316 5122
11765 2317 7054
11766 2317 11922
11767 2317 11923
11768 2317 12090
11769 2317 12115
11770 2317 12918
11771 2317 13041
11772 2318 3800
11773 2318 5757
11774 2318 12531
11775 2318 12539
11776 2318 12543
11777 2318 12544
11778 2319 4991
11779 2319 4995
11780 2319 6657
11781 2319 7012
11782 2320 2696
11783 2320 6331
11784 2320 6359
11785 2320 6479
11786 2320 6483
11787 2320 6804
11788 2321 3935
11789 2321 3937
11790 2321 3938
11791 2321 4089
11792 2321 6795
11793 2321 14213
11794 2322 2861
11795 2322 7764
11796 2322 11760
11797 2323 9457
11798 2323 10693
11799 2323 11691
11800 2323 13341
11801 2323 13465
11802 2324 2331
11803 2324 2391
11804 2324 3920
11805 2324 6795
11806 2324 13914
11807 2324 14012
11808 2325 6503
11809 2325 10297
11810 2325 10453
11811 2325 10456
11812 2325 12087
11813 2326 7461
11814 2326 7564
11815 2326 12392
11816 2326 12393
11817 2327 4301
11818 2327 8616
11819 2327 11443
11820 2327 11445
11821 2328 6077
11822 2328 9071
11823 2328 9348
11824 2328 9404
11825 2328 11099
11826 2329 2453
11827 2329 2858
11828 2329 8758
11829 2329 9807
11830 2329 10845
11831 2329 13770
11832 2330 4807
11833 2330 5666
11834 2330 6755
11835 2330 6756
11836 2330 13889
11837 2330 14359
11838 2331 3937
11839 2331 6793
11840 2331 6795
11841 2331 13914
11842 2332 2591
11843 2332 5481
11844 2332 5483
11845 2332 5503
11846 2332 14498
11847 2333 3286
11848 2333 3549
11849 2333 3659
11850 2333 3745
11851 2334 9999
11852 2334 10001
11853 2334 10611
11854 2334 10615
11855 2334 10703
11856 2335 4792
11857 2335 4876
11858 2335 5677
11859 2335 7163
11860 2335 14556
11861 2336 3244
11862 2336 6914
11863 2336 7414
11864 2336 13976
11865 2337 8468
11866 2337 11431
11867 2337 11432
11868 2337 13249
11869 2337 13316
11870 2338 4745
11871 2338 5723
11872 2338 9168
11873 2338 9194
11874 2338 9197
11875 2339 3744
11876 2339 4834
11877 2339 5718
11878 2339 6778
11879 2339 13508
11880 2339 14093
11881 2340 5778
11882 2340 5782
11883 2340 6202
11884 2340 9322
11885 2340 10130
11886 2341 7517
11887 2341 10624
11888 2341 10641
11889 2341 10690
11890 2341 13787
11891 2342 5203
11892 2342 5770
11893 2342 8975
11894 2342 9865
11895 2343 2563
11896 2343 6666
11897 2343 7622
11898 2343 7651
11899 2343 7829
11900 2343 7833
11901 2343 11107
11902 2344 4965
11903 2344 4966
11904 2344 5009
11905 2344 5117
11906 2344 5872
11907 2344 10516
11908 2345 2954
11909 2345 3814
11910 2345 15004
11911 2346 13691
11912 2346 13981
11913 2346 13982
11914 2346 14888
11915 2347 2468
11916 2347 7112
11917 2347 7256
11918 2347 7589
11919 2348 8901
11920 2348 9275
11921 2348 10720
11922 2348 11178
11923 2348 11180
11924 2349 3009
11925 2349 3010
11926 2349 8497
11927 2349 11376
11928 2349 11377
11929 2350 8667
11930 2350 8669
11931 2350 9726
11932 2350 10328
11933 2351 2764
11934 2351 8850
11935 2351 9482
11936 2351 9817
11937 2351 9858
11938 2351 11258
11939 2352 2566
11940 2352 5711
11941 2352 6735
11942 2352 10928
11943 2352 14136
11944 2353 11939
11945 2353 12196
11946 2353 12732
11947 2353 12935
11948 2353 13174
11949 2354 2721
11950 2354 4649
11951 2354 4705
11952 2354 4706
11953 2354 4746
11954 2354 5555
11955 2355 6297
11956 2355 9220
11957 2355 9628
11958 2355 9737
11959 2355 11816
11960 2356 2505
11961 2356 5222
11962 2356 9234
11963 2356 10112
11964 2356 14335
11965 2357 3668
11966 2357 7286
11967 2357 7288
11968 2357 7306
11969 2358 4794
11970 2358 7021
11971 2358 7300
11972 2358 9922
11973 2359 9709
11974 2359 9710
11975 2359 9788
11976 2359 10087
11977 2359 10091
11978 2359 10105
11979 2360 2880
11980 2360 3384
11981 2360 8604
11982 2360 8606
11983 2360 11309
11984 2361 2925
11985 2361 5006
11986 2361 5227
11987 2361 6556
11988 2361 6869
11989 2361 6870
11990 2362 4034
11991 2362 4035
11992 2362 4369
11993 2362 4372
11994 2363 9029
11995 2363 9110
11996 2363 9111
11997 2363 9267
11998 2363 13150
11999 2364 5065
12000 2364 5328
12001 2364 5374
12002 2364 9458
12003 2364 14430
12004 2364 14432
12005 2364 14441
12006 2365 5091
12007 2365 9676
12008 2365 9679
12009 2365 11087
12010 2365 14343
12011 2366 4268
12012 2366 9107
12013 2366 13574
12014 2366 13575
12015 2366 13705
12016 2367 3757
12017 2367 6392
12018 2369 11273
12019 2369 12304
12020 2369 12578
12021 2369 12579
12022 2370 6784
12023 2370 11820
12024 2370 12000
12025 2370 12979
12026 2370 13142
12027 2371 6820
12028 2371 7376
12029 2371 8871
12030 2371 10165
12031 2371 11435
12032 2371 13253
12033 2371 13439
12034 2372 6927
12035 2372 6959
12036 2372 7403
12037 2373 5208
12038 2373 5209
12039 2373 5210
12040 2373 6397
12041 2373 10300
12042 2374 6415
12043 2374 9057
12044 2374 11471
12045 2374 11472
12046 2374 11493
12047 2375 4484
12048 2375 4489
12049 2375 4498
12050 2375 4544
12051 2375 4627
12052 2375 10142
12053 2376 10092
12054 2376 10093
12055 2376 10094
12056 2376 10101
12057 2376 10231
12058 2376 10254
12059 2377 13241
12060 2377 13323
12061 2377 13400
12062 2378 6527
12063 2378 9070
12064 2378 9073
12065 2378 11032
12066 2378 11035
12067 2378 11084
12068 2379 13377
12069 2379 13378
12070 2379 13379
12071 2380 2757
12072 2380 4985
12073 2380 4994
12074 2380 6569
12075 2380 13966
12076 2381 4220
12077 2381 5924
12078 2381 8921
12079 2381 10404
12080 2381 10410
12081 2382 6691
12082 2382 7046
12083 2382 7263
12084 2382 10409
12085 2382 10414
12086 2382 12005
12087 2383 9515
12088 2383 9552
12089 2383 9913
12090 2383 13038
12091 2383 14773
12092 2384 6207
12093 2384 7398
12094 2384 7507
12095 2384 12433
12096 2384 13073
12097 2385 4624
12098 2385 10833
12099 2385 11190
12100 2385 11834
12101 2385 14225
12102 2386 6089
12103 2386 9191
12104 2386 11858
12105 2386 12198
12106 2386 13149
12107 2387 2704
12108 2387 4737
12109 2387 14099
12110 2387 14155
12111 2388 7488
12112 2388 9474
12113 2388 11766
12114 2388 12832
12115 2388 13166
12116 2389 6775
12117 2389 8557
12118 2389 8561
12119 2389 8564
12120 2389 8809
12121 2389 11426
12122 2390 7511
12123 2390 7682
12124 2390 7684
12125 2390 7685
12126 2390 7710
12127 2390 7712
12128 2391 2685
12129 2391 3935
12130 2391 6795
12131 2391 14012
12132 2391 14013
12133 2392 4177
12134 2392 6783
12135 2392 9856
12136 2392 14087
12137 2392 14505
12138 2393 2701
12139 2393 13607
12140 2393 13609
12141 2393 13872
12142 2394 3004
12143 2394 3566
12144 2394 4855
12145 2395 4322
12146 2395 4323
12147 2395 4324
12148 2395 5336
12149 2395 13669
12150 2395 14618
12151 2396 6411
12152 2396 6421
12153 2396 6488
12154 2396 6510
12155 2396 14056
12156 2397 6288
12157 2397 6849
12158 2397 11089
12159 2397 14372
12160 2397 14373
12161 2397 14376
12162 2398 9592
12163 2398 9723
12164 2398 11434
12165 2398 13151
12166 2399 6227
12167 2399 9485
12168 2399 9488
12169 2399 9542
12170 2399 14921
12171 2400 7325
12172 2400 7327
12173 2400 7328
12174 2400 11411
12175 2400 13250
12176 2400 14896
12177 2401 3259
12178 2401 6401
12179 2401 6872
12180 2401 13651
12181 2401 13652
12182 2402 6178
12183 2402 6451
12184 2402 14102
12185 2402 14103
12186 2402 14104
12187 2403 2737
12188 2403 4874
12189 2403 5103
12190 2403 5759
12191 2404 3444
12192 2404 5188
12193 2404 5284
12194 2404 10398
12195 2404 11994
12196 2404 11996
12197 2405 9081
12198 2405 11020
12199 2405 11032
12200 2405 11084
12201 2406 3455
12202 2406 4376
12203 2406 6394
12204 2406 9124
12205 2406 14487
12206 2406 14568
12207 2407 11990
12208 2407 12062
12209 2407 12064
12210 2408 3775
12211 2408 7578
12212 2408 14977
12213 2409 2569
12214 2409 9533
12215 2409 9689
12216 2409 9859
12217 2409 9862
12218 2409 9865
12219 2410 3504
12220 2410 7154
12221 2410 13960
12222 2411 9072
12223 2411 9260
12224 2411 9305
12225 2411 10995
12226 2411 11579
12227 2412 3151
12228 2412 4332
12229 2412 4333
12230 2412 10437
12231 2412 10732
12232 2413 9920
12233 2413 9921
12234 2413 10746
12235 2413 10877
12236 2413 14332
12237 2414 6101
12238 2414 7329
12239 2414 7331
12240 2414 7364
12241 2414 12306
12242 2415 4998
12243 2415 11706
12244 2415 13412
12245 2415 13465
12246 2416 2876
12247 2416 14964
12248 2417 4791
12249 2417 6509
12250 2417 6524
12251 2417 14047
12252 2417 14059
12253 2418 4840
12254 2418 4841
12255 2418 4843
12256 2418 5726
12257 2418 14231
12258 2419 2647
12259 2419 7071
12260 2419 10191
12261 2419 11701
12262 2420 4853
12263 2420 4964
12264 2420 5011
12265 2420 5122
12266 2420 5184
12267 2421 4918
12268 2421 9368
12269 2421 11423
12270 2421 11541
12271 2421 13407
12272 2422 3387
12273 2422 8673
12274 2422 8678
12275 2422 9203
12276 2422 10889
12277 2423 8627
12278 2423 8629
12279 2423 8634
12280 2423 8746
12281 2423 8782
12282 2423 10900
12283 2424 3233
12284 2424 6988
12285 2424 6990
12286 2424 13890
12287 2425 3079
12288 2425 3163
12289 2425 9306
12290 2425 14739
12291 2425 14742
12292 2426 3338
12293 2426 3490
12294 2426 5046
12295 2426 6734
12296 2426 10457
12297 2427 5809
12298 2427 5810
12299 2427 5812
12300 2427 6097
12301 2427 6231
12302 2428 4956
12303 2428 4980
12304 2428 5021
12305 2428 6579
12306 2428 14477
12307 2429 6822
12308 2429 9898
12309 2429 14890
12310 2430 2685
12311 2430 3928
12312 2430 3933
12313 2430 14013
12314 2431 13142
12315 2431 13255
12316 2431 13302
12317 2431 13764
12318 2432 8065
12319 2432 8565
12320 2432 10351
12321 2432 10438
12322 2432 10440
12323 2433 9254
12324 2433 9521
12325 2433 9637
12326 2433 10862
12327 2433 11133
12328 2433 11600
12329 2434 2541
12330 2434 3449
12331 2434 6389
12332 2434 6403
12333 2434 12675
12334 2434 14369
12335 2435 2720
12336 2435 2740
12337 2435 3754
12338 2435 7211
12339 2435 7541
12340 2436 10383
12341 2436 10422
12342 2436 10426
12343 2436 10428
12344 2436 10749
12345 2436 10916
12346 2437 2574
12347 2437 5244
12348 2437 10204
12349 2437 12856
12350 2437 13225
12351 2437 13340
12352 2438 6566
12353 2438 7088
12354 2438 13667
12355 2438 13671
12356 2438 13966
12357 2438 13969
12358 2439 2846
12359 2439 8024
12360 2439 10806
12361 2439 11295
12362 2439 11296
12363 2440 11939
12364 2440 12313
12365 2440 12316
12366 2440 12317
12367 2440 12457
12368 2440 12933
12369 2441 5958
12370 2441 7959
12371 2441 7961
12372 2441 8075
12373 2441 8077
12374 2441 8509
12375 2442 4442
12376 2442 4505
12377 2442 4507
12378 2442 4658
12379 2442 12736
12380 2442 14995
12381 2443 2805
12382 2443 13857
12383 2443 13924
12384 2443 13925
12385 2443 14507
12386 2444 3040
12387 2444 13171
12388 2444 13172
12389 2445 11782
12390 2445 11784
12391 2445 11992
12392 2445 12844
12393 2445 13277
12394 2445 13299
12395 2446 2927
12396 2446 6213
12397 2446 6458
12398 2446 14100
12399 2446 14483
12400 2447 4184
12401 2447 7011
12402 2447 7013
12403 2447 13866
12404 2448 3248
12405 2448 3634
12406 2448 6908
12407 2448 12845
12408 2449 8465
12409 2449 9123
12410 2449 10758
12411 2449 11422
12412 2449 11433
12413 2450 2735
12414 2450 3305
12415 2450 4854
12416 2450 6989
12417 2450 11046
12418 2450 14493
12419 2451 2561
12420 2451 5040
12421 2451 5392
12422 2452 8624
12423 2452 11708
12424 2452 12537
12425 2452 12540
12426 2452 12582
12427 2453 8560
12428 2453 9807
12429 2453 10845
12430 2453 11060
12431 2454 5649
12432 2454 5679
12433 2454 5681
12434 2454 6096
12435 2454 6100
12436 2454 11458
12437 2455 2775
12438 2455 4198
12439 2455 10242
12440 2455 13334
12441 2455 13336
12442 2455 14402
12443 2456 3127
12444 2456 3173
12445 2456 7015
12446 2457 2708
12447 2457 7886
12448 2457 7888
12449 2457 8258
12450 2457 8288
12451 2457 12994
12452 2458 5186
12453 2458 5321
12454 2458 10387
12455 2458 13233
12456 2458 14737
12457 2459 2963
12458 2459 4475
12459 2459 4477
12460 2459 4510
12461 2459 5629
12462 2459 14494
12463 2460 13815
12464 2460 14527
12465 2460 14529
12466 2460 14541
12467 2460 14545
12468 2461 5488
12469 2461 6109
12470 2461 8957
12471 2461 9008
12472 2461 10099
12473 2461 12018
12474 2462 7223
12475 2462 7225
12476 2462 7559
12477 2462 14964
12478 2463 3760
12479 2463 7231
12480 2463 7561
12481 2463 7563
12482 2464 7214
12483 2464 7222
12484 2464 14968
12485 2465 6873
12486 2465 7239
12487 2465 7573
12488 2465 12552
12489 2465 14444
12490 2466 3771
12491 2466 7245
12492 2466 7577
12493 2467 2878
12494 2467 6134
12495 2467 7585
12496 2467 14979
12497 2468 2875
12498 2468 7255
12499 2468 7256
12500 2469 3098
12501 2469 7599
12502 2469 7600
12503 2469 14868
12504 2470 2576
12505 2470 5176
12506 2470 7279
12507 2470 14986
12508 2471 3790
12509 2471 8298
12510 2471 12225
12511 2471 12227
12512 2472 3104
12513 2472 12233
12514 2472 12235
12515 2472 14990
12516 2473 3797
12517 2473 7303
12518 2473 12241
12519 2473 14993
12520 2474 2619
12521 2474 13945
12522 2474 14001
12523 2474 14177
12524 2475 5612
12525 2475 7095
12526 2475 7114
12527 2475 7336
12528 2475 13100
12529 2476 3111
12530 2476 7103
12531 2476 7345
12532 2476 7347
12533 2476 9448
12534 2476 14278
12535 2477 7247
12536 2477 7248
12537 2477 7441
12538 2477 7581
12539 2477 13639
12540 2477 13901
12541 2478 4072
12542 2478 4407
12543 2478 4611
12544 2478 4686
12545 2478 4726
12546 2479 3121
12547 2479 7180
12548 2479 9714
12549 2479 13726
12550 2480 7182
12551 2480 13960
12552 2480 14085
12553 2481 3511
12554 2481 7096
12555 2481 7151
12556 2481 8037
12557 2482 2706
12558 2482 3003
12559 2482 5054
12560 2483 2547
12561 2483 3961
12562 2483 3962
12563 2483 4060
12564 2483 4061
12565 2484 4957
12566 2484 5018
12567 2484 5858
12568 2484 8690
12569 2484 13769
12570 2485 3144
12571 2485 10119
12572 2485 11531
12573 2486 3130
12574 2486 3142
12575 2486 7124
12576 2486 7199
12577 2486 10931
12578 2486 13763
12579 2487 4282
12580 2487 9107
12581 2487 10354
12582 2487 13570
12583 2488 4967
12584 2488 6004
12585 2489 7213
12586 2489 10873
12587 2489 13097
12588 2490 10785
12589 2490 11351
12590 2490 13891
12591 2491 2790
12592 2491 3133
12593 2491 4768
12594 2491 9097
12595 2492 3155
12596 2492 4032
12597 2492 4365
12598 2492 5066
12599 2493 3377
12600 2493 3433
12601 2493 10270
12602 2493 12003
12603 2494 2766
12604 2494 3624
12605 2494 4455
12606 2494 8855
12607 2494 9256
12608 2494 14867
12609 2495 3308
12610 2495 4991
12611 2495 4995
12612 2495 5520
12613 2495 5521
12614 2496 3195
12615 2496 4041
12616 2496 4982
12617 2496 5024
12618 2496 10443
12619 2497 9125
12620 2497 13294
12621 2497 13296
12622 2497 14567
12623 2498 9125
12624 2498 9877
12625 2498 13247
12626 2498 13323
12627 2498 13331
12628 2498 13400
12629 2499 5484
12630 2499 5493
12631 2499 5496
12632 2500 5203
12633 2500 9395
12634 2500 9692
12635 2500 12595
12636 2501 2651
12637 2501 6098
12638 2501 9380
12639 2501 9388
12640 2501 9738
12641 2502 2675
12642 2502 5291
12643 2502 6342
12644 2502 6344
12645 2502 6348
12646 2502 14413
12647 2503 9375
12648 2503 9381
12649 2503 9743
12650 2503 9747
12651 2504 4264
12652 2504 11630
12653 2504 11682
12654 2504 12949
12655 2505 2634
12656 2505 2677
12657 2505 5222
12658 2505 5241
12659 2505 10112
12660 2506 4935
12661 2506 5824
12662 2506 9732
12663 2506 13578
12664 2506 14169
12665 2507 8131
12666 2507 9200
12667 2507 9255
12668 2507 11154
12669 2507 11171
12670 2508 3513
12671 2508 7299
12672 2508 7301
12673 2508 13076
12674 2509 2648
12675 2509 4682
12676 2509 5304
12677 2509 10869
12678 2510 2652
12679 2510 4316
12680 2510 4317
12681 2510 5342
12682 2510 8612
12683 2510 14622
12684 2511 3541
12685 2511 8107
12686 2511 9209
12687 2511 11731
12688 2512 2731
12689 2512 4984
12690 2512 7126
12691 2512 14533
12692 2512 14675
12693 2513 3132
12694 2513 3133
12695 2513 3139
12696 2513 10140
12697 2514 2644
12698 2514 9122
12699 2514 11193
12700 2514 11788
12701 2514 12929
12702 2514 13849
12703 2514 14623
12704 2515 2994
12705 2515 3510
12706 2515 4870
12707 2515 10778
12708 2516 3487
12709 2516 3488
12710 2516 3509
12711 2516 3511
12712 2517 3755
12713 2517 3757
12714 2517 7215
12715 2517 7543
12716 2517 7547
12717 2518 3788
12718 2518 4251
12719 2518 4265
12720 2518 10815
12721 2518 12483
12722 2518 14662
12723 2519 2941
12724 2519 3191
12725 2519 6444
12726 2519 6446
12727 2519 14384
12728 2520 5387
12729 2520 6320
12730 2520 6323
12731 2520 10831
12732 2520 14426
12733 2521 6658
12734 2522 3346
12735 2523 4289
12736 2523 5445
12737 2523 5456
12738 2523 13762
12739 2524 3079
12740 2524 3211
12741 2524 3630
12742 2524 7831
12743 2524 9306
12744 2524 14679
12745 2524 14759
12746 2525 6091
12747 2525 7611
12748 2525 8524
12749 2525 8526
12750 2525 9406
12751 2526 4994
12752 2526 5325
12753 2526 6656
12754 2526 13755
12755 2527 4767
12756 2527 6875
12757 2527 9297
12758 2527 10038
12759 2527 10521
12760 2528 3490
12761 2528 4928
12762 2528 5044
12763 2528 5816
12764 2528 6734
12765 2528 13799
12766 2529 2659
12767 2529 2661
12768 2529 3296
12769 2529 12794
12770 2529 12805
12771 2529 12817
12772 2530 3259
12773 2530 6874
12774 2530 7075
12775 2531 2961
12776 2531 4327
12777 2531 4329
12778 2531 5332
12779 2532 3314
12780 2532 3658
12781 2532 5074
12782 2532 10783
12783 2533 6639
12784 2533 9172
12785 2533 9202
12786 2533 9228
12787 2533 9253
12788 2534 4858
12789 2534 5872
12790 2534 10108
12791 2534 14044
12792 2534 14045
12793 2534 14828
12794 2535 5315
12795 2535 5316
12796 2535 5401
12797 2535 5403
12798 2535 5404
12799 2535 14551
12800 2536 3107
12801 2536 4234
12802 2536 13945
12803 2537 4466
12804 2537 4527
12805 2537 9784
12806 2537 11816
12807 2537 12053
12808 2538 10346
12809 2538 10470
12810 2538 11957
12811 2538 11961
12812 2538 12743
12813 2538 14594
12814 2539 5635
12815 2539 6045
12816 2539 6618
12817 2539 11003
12818 2539 13711
12819 2539 14558
12820 2540 2595
12821 2540 7931
12822 2540 7932
12823 2540 7934
12824 2540 11259
12825 2540 13525
12826 2541 3093
12827 2541 3449
12828 2541 4357
12829 2541 4905
12830 2541 12675
12831 2542 3373
12832 2542 9812
12833 2542 14936
12834 2542 14972
12835 2543 6297
12836 2543 9590
12837 2543 9593
12838 2543 9626
12839 2543 9737
12840 2543 9739
12841 2544 5294
12842 2544 10550
12843 2544 11042
12844 2544 11149
12845 2544 14813
12846 2545 8931
12847 2545 8933
12848 2545 10953
12849 2545 10955
12850 2545 11204
12851 2546 8481
12852 2546 12644
12853 2546 12953
12854 2546 12960
12855 2547 2816
12856 2547 3962
12857 2547 4057
12858 2547 4060
12859 2547 4388
12860 2548 5543
12861 2548 6274
12862 2548 6278
12863 2548 9887
12864 2548 14496
12865 2549 10144
12866 2549 10217
12867 2549 10218
12868 2549 12232
12869 2549 12234
12870 2549 13851
12871 2550 3114
12872 2550 6266
12873 2550 12807
12874 2550 14141
12875 2551 5812
12876 2551 5938
12877 2551 6097
12878 2551 6235
12879 2551 9049
12880 2551 14322
12881 2552 8002
12882 2552 8544
12883 2552 11208
12884 2552 11827
12885 2553 5138
12886 2553 5599
12887 2553 9248
12888 2554 2984
12889 2554 4991
12890 2554 5521
12891 2554 14327
12892 2554 14732
12893 2555 6513
12894 2555 6541
12895 2555 11722
12896 2555 12374
12897 2555 14052
12898 2556 5250
12899 2556 6680
12900 2556 11869
12901 2556 12186
12902 2556 12479
12903 2556 12919
12904 2557 3273
12905 2557 4157
12906 2557 4471
12907 2557 6042
12908 2557 9510
12909 2558 8028
12910 2558 11296
12911 2558 11342
12912 2558 11409
12913 2559 2739
12914 2559 3514
12915 2559 5221
12916 2559 10062
12917 2559 10065
12918 2559 12174
12919 2559 12874
12920 2560 3228
12921 2560 4826
12922 2560 9883
12923 2560 11040
12924 2560 12482
12925 2561 2924
12926 2561 5012
12927 2561 5392
12928 2561 5394
12929 2562 10079
12930 2562 12008
12931 2562 13307
12932 2563 7622
12933 2563 7833
12934 2563 12474
12935 2563 13977
12936 2564 4839
12937 2564 8442
12938 2564 8897
12939 2564 11388
12940 2565 4249
12941 2565 9816
12942 2565 12431
12943 2565 14559
12944 2565 14669
12945 2566 2648
12946 2566 6732
12947 2566 10928
12948 2566 13864
12949 2566 14136
12950 2567 2939
12951 2567 3425
12952 2567 8032
12953 2567 8034
12954 2567 8204
12955 2567 13022
12956 2568 12597
12957 2568 12654
12958 2568 12753
12959 2568 12910
12960 2568 12912
12961 2568 12977
12962 2569 2950
12963 2569 9689
12964 2569 9700
12965 2569 9701
12966 2569 9859
12967 2570 13176
12968 2570 13177
12969 2570 13178
12970 2570 13181
12971 2571 8042
12972 2571 8044
12973 2571 8195
12974 2571 9557
12975 2571 9620
12976 2572 3749
12977 2572 6727
12978 2572 6779
12979 2572 14091
12980 2572 14145
12981 2572 14147
12982 2573 2930
12983 2573 3942
12984 2573 4029
12985 2573 4972
12986 2573 6556
12987 2573 14475
12988 2574 2825
12989 2574 5244
12990 2574 13216
12991 2574 13225
12992 2575 4676
12993 2575 5847
12994 2575 6467
12995 2575 6474
12996 2575 8630
12997 2575 14517
12998 2576 3102
12999 2576 5176
13000 2576 7279
13001 2576 12221
13002 2577 2945
13003 2577 5559
13004 2577 8507
13005 2577 13281
13006 2577 14803
13007 2578 13115
13008 2578 14648
13009 2578 14673
13010 2578 14720
13011 2578 14746
13012 2578 14748
13013 2579 10609
13014 2579 10705
13015 2579 14114
13016 2579 14974
13017 2580 5309
13018 2580 12509
13019 2580 12972
13020 2580 12973
13021 2580 13206
13022 2581 6025
13023 2581 6028
13024 2581 9221
13025 2581 14228
13026 2581 14291
13027 2581 14337
13028 2582 9060
13029 2582 9259
13030 2582 9478
13031 2582 12015
13032 2582 12607
13033 2583 3414
13034 2583 6236
13035 2583 11694
13036 2583 11696
13037 2584 5217
13038 2584 6268
13039 2584 12089
13040 2584 12743
13041 2584 12948
13042 2584 14594
13043 2585 7440
13044 2585 7442
13045 2585 7665
13046 2585 7667
13047 2585 12373
13048 2585 13634
13049 2586 5607
13050 2586 5740
13051 2586 6182
13052 2586 6233
13053 2586 6438
13054 2587 7881
13055 2587 7883
13056 2587 8407
13057 2587 8411
13058 2587 11315
13059 2587 11317
13060 2588 11033
13061 2588 11763
13062 2588 11764
13063 2588 12831
13064 2588 13168
13065 2589 2657
13066 2589 6739
13067 2589 6770
13068 2589 9836
13069 2589 13873
13070 2590 5963
13071 2590 6017
13072 2590 6065
13073 2590 14203
13074 2590 14346
13075 2591 2687
13076 2591 3303
13077 2591 5035
13078 2591 5483
13079 2591 5496
13080 2591 5503
13081 2592 2919
13082 2592 3278
13083 2592 3451
13084 2592 5871
13085 2592 8652
13086 2593 4126
13087 2593 7022
13088 2593 12535
13089 2593 13856
13090 2593 13860
13091 2594 3470
13092 2594 4350
13093 2594 4390
13094 2594 4420
13095 2594 4423
13096 2594 14592
13097 2595 4827
13098 2595 7934
13099 2595 8499
13100 2595 13525
13101 2595 13528
13102 2596 4241
13103 2596 5249
13104 2596 5251
13105 2596 9268
13106 2596 14555
13107 2597 2769
13108 2597 5992
13109 2597 14218
13110 2597 14238
13111 2597 14240
13112 2597 14264
13113 2597 14955
13114 2598 3709
13115 2598 3711
13116 2599 8467
13117 2599 11422
13118 2599 11430
13119 2599 13155
13120 2599 13244
13121 2600 2601
13122 2600 4865
13123 2600 5752
13124 2600 6535
13125 2600 14041
13126 2601 4865
13127 2601 4866
13128 2601 6535
13129 2601 6536
13130 2602 8019
13131 2602 8022
13132 2602 8571
13133 2602 11337
13134 2602 11806
13135 2603 3869
13136 2603 9340
13137 2603 9821
13138 2603 11093
13139 2604 7268
13140 2604 7595
13141 2604 8239
13142 2604 10095
13143 2604 10100
13144 2604 10255
13145 2605 2830
13146 2605 5636
13147 2605 10228
13148 2605 14858
13149 2605 14859
13150 2606 2757
13151 2606 4986
13152 2606 4989
13153 2606 4994
13154 2606 5891
13155 2607 7100
13156 2607 14007
13157 2607 14015
13158 2607 14883
13159 2608 3703
13160 2608 5942
13161 2608 5944
13162 2608 9461
13163 2608 14315
13164 2609 7203
13165 2609 8809
13166 2610 3200
13167 2610 5415
13168 2610 5846
13169 2610 6300
13170 2610 6301
13171 2610 6304
13172 2610 6777
13173 2611 7229
13174 2611 7557
13175 2611 7559
13176 2611 7561
13177 2611 13818
13178 2612 7566
13179 2612 7568
13180 2612 7601
13181 2612 7603
13182 2612 13565
13183 2613 2917
13184 2613 3816
13185 2613 4265
13186 2613 10815
13187 2613 12893
13188 2613 14660
13189 2614 2906
13190 2614 7849
13191 2614 7987
13192 2614 10768
13193 2614 13996
13194 2615 9860
13195 2615 9861
13196 2615 9863
13197 2615 9878
13198 2615 9894
13199 2616 7719
13200 2616 9069
13201 2616 11013
13202 2616 11014
13203 2616 11037
13204 2617 3766
13205 2617 3770
13206 2617 12401
13207 2617 13754
13208 2617 14937
13209 2618 6482
13210 2618 11932
13211 2618 12101
13212 2618 13061
13213 2618 13063
13214 2618 13122
13215 2619 7322
13216 2619 10413
13217 2619 14177
13218 2619 14896
13219 2620 6342
13220 2620 6348
13221 2620 6351
13222 2620 6353
13223 2620 11704
13224 2621 7556
13225 2621 7612
13226 2621 7614
13227 2621 7839
13228 2621 13551
13229 2621 13554
13230 2622 5005
13231 2622 5007
13232 2622 5445
13233 2624 5182
13234 2624 5648
13235 2624 5686
13236 2624 6106
13237 2624 6183
13238 2624 6624
13239 2625 3462
13240 2625 4931
13241 2625 6638
13242 2625 11496
13243 2625 13728
13244 2626 6844
13245 2626 11506
13246 2626 11843
13247 2626 11844
13248 2626 11849
13249 2626 12210
13250 2627 4291
13251 2627 6995
13252 2627 6997
13253 2627 6998
13254 2627 7051
13255 2627 7053
13256 2628 9629
13257 2628 10066
13258 2628 10257
13259 2628 10259
13260 2628 10267
13261 2628 10268
13262 2629 10264
13263 2629 12186
13264 2629 12721
13265 2630 4613
13266 2630 4684
13267 2630 4724
13268 2630 4725
13269 2631 4821
13270 2631 8257
13271 2631 8432
13272 2631 8436
13273 2631 11485
13274 2631 13932
13275 2632 2701
13276 2632 4522
13277 2632 8323
13278 2632 13670
13279 2632 14132
13280 2633 14943
13281 2633 14982
13282 2634 5241
13283 2634 10077
13284 2634 10112
13285 2634 10252
13286 2634 11070
13287 2635 8022
13288 2635 8172
13289 2635 8215
13290 2635 11806
13291 2636 3911
13292 2636 3912
13293 2636 4108
13294 2636 6825
13295 2636 14069
13296 2636 14071
13297 2637 4791
13298 2637 6501
13299 2637 6819
13300 2637 14072
13301 2637 14075
13302 2638 4069
13303 2638 8840
13304 2638 9412
13305 2638 9413
13306 2638 9414
13307 2639 10324
13308 2639 12113
13309 2639 12312
13310 2639 12313
13311 2639 13084
13312 2639 13086
13313 2640 7804
13314 2640 7806
13315 2640 7877
13316 2640 11949
13317 2640 12478
13318 2641 3058
13319 2641 3364
13320 2641 6128
13321 2641 13169
13322 2642 3447
13323 2642 6155
13324 2642 7342
13325 2642 12300
13326 2642 13091
13327 2643 4239
13328 2643 4780
13329 2643 5658
13330 2643 13807
13331 2643 14676
13332 2644 3528
13333 2644 9122
13334 2644 13849
13335 2645 3478
13336 2645 3479
13337 2645 6681
13338 2645 13847
13339 2646 4246
13340 2646 4247
13341 2646 4249
13342 2646 5676
13343 2646 9816
13344 2647 7071
13345 2647 9694
13346 2647 9697
13347 2647 12260
13348 2648 5304
13349 2648 10869
13350 2648 10928
13351 2648 13864
13352 2649 3412
13353 2649 4080
13354 2649 8020
13355 2649 10555
13356 2649 11702
13357 2649 12553
13358 2650 2783
13359 2650 3584
13360 2650 6476
13361 2650 10280
13362 2651 9372
13363 2651 9388
13364 2651 9738
13365 2651 9793
13366 2652 4314
13367 2652 4315
13368 2652 4316
13369 2652 14622
13370 2653 3453
13371 2653 3925
13372 2653 3926
13373 2653 4099
13374 2653 4102
13375 2653 4601
13376 2654 3188
13377 2654 5480
13378 2654 5481
13379 2654 14498
13380 2655 4866
13381 2655 4868
13382 2655 6515
13383 2655 6729
13384 2655 6850
13385 2656 4969
13386 2656 6715
13387 2656 9727
13388 2656 12156
13389 2657 5438
13390 2657 9836
13391 2657 13873
13392 2658 2801
13393 2658 8916
13394 2658 9217
13395 2658 9373
13396 2658 11111
13397 2658 11113
13398 2658 11870
13399 2659 2661
13400 2659 6457
13401 2659 12787
13402 2659 12817
13403 2659 13515
13404 2660 5794
13405 2660 10453
13406 2660 10537
13407 2660 10798
13408 2660 10837
13409 2661 12794
13410 2661 13515
13411 2661 13999
13412 2662 2985
13413 2662 3232
13414 2662 3352
13415 2662 3524
13416 2663 11443
13417 2663 12908
13418 2663 13260
13419 2663 13437
13420 2663 14790
13421 2664 3440
13422 2664 8078
13423 2664 8164
13424 2664 11804
13425 2664 14423
13426 2665 10484
13427 2665 11542
13428 2666 3458
13429 2666 4943
13430 2666 5515
13431 2666 6589
13432 2666 14333
13433 2666 14501
13434 2667 3589
13435 2668 5954
13436 2668 6948
13437 2668 9690
13438 2668 14248
13439 2668 14302
13440 2668 14304
13441 2669 2907
13442 2669 8713
13443 2669 8715
13444 2669 8717
13445 2669 8839
13446 2669 8945
13447 2669 9837
13448 2670 3442
13449 2670 8918
13450 2670 9885
13451 2670 10178
13452 2670 10852
13453 2671 4771
13454 2671 4773
13455 2671 4778
13456 2671 5253
13457 2671 5255
13458 2672 5201
13459 2672 7059
13460 2672 10373
13461 2672 10460
13462 2672 12605
13463 2673 3371
13464 2673 6155
13465 2673 7341
13466 2673 12275
13467 2673 12277
13468 2673 13098
13469 2674 3030
13470 2674 3855
13471 2674 3856
13472 2674 3875
13473 2674 5303
13474 2674 8961
13475 2675 3068
13476 2675 4772
13477 2675 5998
13478 2675 6344
13479 2675 14413
13480 2676 3465
13481 2676 8011
13482 2676 8083
13483 2676 8158
13484 2676 8160
13485 2676 11819
13486 2677 5190
13487 2677 5222
13488 2677 5241
13489 2677 10541
13490 2677 10568
13491 2678 4721
13492 2678 6835
13493 2678 10604
13494 2678 10606
13495 2678 10708
13496 2678 14114
13497 2679 9963
13498 2679 9964
13499 2679 9965
13500 2679 10367
13501 2679 13476
13502 2680 2963
13503 2680 4479
13504 2680 4506
13505 2680 4508
13506 2680 5628
13507 2681 5411
13508 2681 6321
13509 2681 13139
13510 2681 14456
13511 2682 4844
13512 2682 5134
13513 2682 5730
13514 2682 6276
13515 2682 9775
13516 2683 4281
13517 2683 5732
13518 2683 7611
13519 2683 8526
13520 2683 9837
13521 2683 9924
13522 2684 2990
13523 2684 4290
13524 2684 6473
13525 2684 6798
13526 2684 6804
13527 2685 3927
13528 2685 14012
13529 2685 14013
13530 2686 7735
13531 2686 9047
13532 2686 9100
13533 2686 9792
13534 2686 9845
13535 2686 11230
13536 2687 3162
13537 2687 3463
13538 2687 5035
13539 2687 5503
13540 2687 5826
13541 2688 3092
13542 2688 3101
13543 2688 6971
13544 2688 11640
13545 2688 14553
13546 2688 14680
13547 2689 3150
13548 2689 4090
13549 2689 4419
13550 2689 4422
13551 2689 12591
13552 2690 12350
13553 2690 12352
13554 2690 12396
13555 2690 12400
13556 2690 12404
13557 2691 11307
13558 2691 11308
13559 2691 11578
13560 2691 11581
13561 2691 11596
13562 2691 11597
13563 2692 8001
13564 2692 8002
13565 2692 8031
13566 2692 9968
13567 2692 11208
13568 2692 11829
13569 2693 3963
13570 2693 7535
13571 2693 7580
13572 2693 7667
13573 2693 7817
13574 2693 10699
13575 2694 3229
13576 2694 3437
13577 2694 9547
13578 2694 13588
13579 2694 14640
13580 2695 6080
13581 2695 14176
13582 2695 14180
13583 2695 14181
13584 2695 14310
13585 2695 14312
13586 2696 6334
13587 2696 6473
13588 2696 6483
13589 2696 6797
13590 2696 6804
13591 2697 3706
13592 2697 4590
13593 2697 4744
13594 2697 4748
13595 2697 14829
13596 2698 5517
13597 2698 5978
13598 2698 6341
13599 2698 14338
13600 2699 5369
13601 2699 8628
13602 2699 10080
13603 2699 10572
13604 2700 2767
13605 2700 5888
13606 2700 14415
13607 2700 14416
13608 2700 14485
13609 2701 13607
13610 2701 13609
13611 2701 13670
13612 2701 14132
13613 2702 6754
13614 2702 6950
13615 2702 13691
13616 2703 5536
13617 2703 5806
13618 2703 6396
13619 2703 6523
13620 2703 6629
13621 2703 14473
13622 2704 5767
13623 2704 5769
13624 2704 6188
13625 2704 14155
13626 2705 4155
13627 2705 4620
13628 2705 4678
13629 2705 4681
13630 2705 4720
13631 2706 3472
13632 2706 5054
13633 2707 6513
13634 2707 6514
13635 2707 6538
13636 2707 6852
13637 2707 12374
13638 2707 14382
13639 2708 5863
13640 2708 6404
13641 2708 7888
13642 2708 7890
13643 2708 7956
13644 2708 12994
13645 2709 12642
13646 2709 12781
13647 2709 12782
13648 2709 12822
13649 2709 12903
13650 2709 12936
13651 2710 4872
13652 2710 5103
13653 2710 5758
13654 2710 6854
13655 2710 7125
13656 2711 5553
13657 2711 5554
13658 2711 6391
13659 2711 6522
13660 2711 6532
13661 2711 14370
13662 2712 8336
13663 2712 8338
13664 2712 9900
13665 2712 13495
13666 2712 13698
13667 2712 13700
13668 2713 5166
13669 2713 12819
13670 2713 14143
13671 2714 4181
13672 2714 4182
13673 2714 4488
13674 2714 4528
13675 2714 8944
13676 2715 5416
13677 2715 5576
13678 2715 8357
13679 2715 11354
13680 2715 11356
13681 2715 11361
13682 2716 5702
13683 2716 12584
13684 2717 5738
13685 2717 12909
13686 2717 12911
13687 2717 12940
13688 2717 12942
13689 2717 12946
13690 2718 3981
13691 2718 3982
13692 2718 3984
13693 2718 3986
13694 2718 3988
13695 2718 9544
13696 2718 14869
13697 2719 3234
13698 2719 3735
13699 2719 14057
13700 2719 14682
13701 2720 3754
13702 2720 3755
13703 2720 7211
13704 2720 7475
13705 2720 7543
13706 2721 4649
13707 2721 4651
13708 2721 4703
13709 2721 4705
13710 2722 9022
13711 2722 11233
13712 2722 11235
13713 2723 7949
13714 2723 11250
13715 2723 11251
13716 2723 11530
13717 2723 13435
13718 2724 3245
13719 2724 3640
13720 2724 4418
13721 2724 5252
13722 2724 10545
13723 2725 13574
13724 2725 13575
13725 2725 13576
13726 2725 13702
13727 2726 9994
13728 2726 10192
13729 2726 10480
13730 2726 10483
13731 2726 11029
13732 2726 12347
13733 2726 13962
13734 2727 4236
13735 2727 5417
13736 2727 14553
13737 2728 11518
13738 2728 11519
13739 2728 11665
13740 2728 13297
13741 2728 13970
13742 2729 3930
13743 2729 3931
13744 2729 4096
13745 2729 6313
13746 2729 6497
13747 2729 11196
13748 2730 4756
13749 2730 5757
13750 2730 10032
13751 2730 10033
13752 2730 12529
13753 2730 12544
13754 2731 7126
13755 2731 11162
13756 2731 14675
13757 2732 9702
13758 2732 9703
13759 2732 9734
13760 2732 10092
13761 2732 10235
13762 2733 4847
13763 2733 14476
13764 2733 14570
13765 2734 3181
13766 2734 3305
13767 2734 9258
13768 2734 10841
13769 2734 14035
13770 2735 4854
13771 2735 9134
13772 2735 10833
13773 2735 11190
13774 2735 14493
13775 2736 7132
13776 2736 10823
13777 2736 12125
13778 2737 3189
13779 2737 5103
13780 2737 5338
13781 2737 7125
13782 2738 12640
13783 2738 12938
13784 2739 5221
13785 2739 10061
13786 2739 10062
13787 2740 7211
13788 2740 7469
13789 2740 7470
13790 2741 10122
13791 2741 10126
13792 2741 10127
13793 2741 10136
13794 2741 10168
13795 2741 10258
13796 2742 8623
13797 2742 8625
13798 2742 8751
13799 2742 11355
13800 2742 12837
13801 2742 12838
13802 2743 2754
13803 2743 3059
13804 2743 13416
13805 2744 10064
13806 2744 10298
13807 2744 10565
13808 2744 11303
13809 2745 11725
13810 2745 13446
13811 2746 4140
13812 2746 12979
13813 2746 13256
13814 2746 13263
13815 2747 8065
13816 2747 9663
13817 2747 11027
13818 2747 11967
13819 2747 12951
13820 2747 14781
13821 2748 9207
13822 2748 12642
13823 2748 12643
13824 2748 12779
13825 2748 12901
13826 2748 12932
13827 2749 8221
13828 2749 11671
13829 2749 13237
13830 2749 13269
13831 2749 13286
13832 2749 13321
13833 2749 13821
13834 2750 7348
13835 2750 7350
13836 2750 13954
13837 2750 14009
13838 2751 4312
13839 2751 4321
13840 2751 4322
13841 2751 5340
13842 2751 10836
13843 2751 13833
13844 2752 3203
13845 2752 3732
13846 2752 3839
13847 2752 10332
13848 2752 14713
13849 2753 3282
13850 2753 6277
13851 2753 8659
13852 2753 11329
13853 2753 14249
13854 2754 3059
13855 2754 3061
13856 2754 13205
13857 2754 13416
13858 2755 3337
13859 2755 11628
13860 2755 12302
13861 2756 5441
13862 2756 5464
13863 2756 5465
13864 2756 5515
13865 2756 5834
13866 2756 14068
13867 2757 4994
13868 2757 5891
13869 2757 6566
13870 2757 13966
13871 2758 4892
13872 2758 5084
13873 2758 5779
13874 2758 6376
13875 2758 6410
13876 2758 13941
13877 2759 4802
13878 2759 4867
13879 2759 5276
13880 2759 6714
13881 2759 7351
13882 2759 13742
13883 2760 2940
13884 2760 9023
13885 2760 9703
13886 2760 9719
13887 2760 10103
13888 2760 10235
13889 2761 10141
13890 2761 10159
13891 2761 10160
13892 2761 10219
13893 2762 9039
13894 2763 5800
13895 2763 5802
13896 2763 5844
13897 2763 6220
13898 2763 6222
13899 2764 2826
13900 2764 8850
13901 2764 10927
13902 2764 10968
13903 2764 11258
13904 2765 3791
13905 2765 14848
13906 2765 14851
13907 2766 4453
13908 2766 4544
13909 2766 4545
13910 2766 8855
13911 2766 14867
13912 2767 5522
13913 2767 5888
13914 2767 13690
13915 2767 14416
13916 2768 4980
13917 2768 13258
13918 2768 13665
13919 2768 13667
13920 2768 13671
13921 2768 13672
13922 2769 5992
13923 2769 14264
13924 2770 10127
13925 2770 10128
13926 2770 10129
13927 2770 10176
13928 2770 10179
13929 2770 12588
13930 2771 4319
13931 2771 4320
13932 2771 4566
13933 2771 4567
13934 2771 5346
13935 2771 14621
13936 2772 9605
13937 2772 10057
13938 2772 10059
13939 2772 10580
13940 2772 13668
13941 2773 7196
13942 2773 7916
13943 2773 8015
13944 2773 8074
13945 2773 8167
13946 2773 11809
13947 2774 3708
13948 2774 3860
13949 2774 3870
13950 2774 4127
13951 2774 7072
13952 2774 11039
13953 2775 11063
13954 2775 13332
13955 2775 13334
13956 2775 13463
13957 2775 14402
13958 2776 4889
13959 2776 5087
13960 2776 5775
13961 2776 6363
13962 2776 6365
13963 2776 9873
13964 2777 5201
13965 2777 5202
13966 2777 7059
13967 2777 11992
13968 2777 13299
13969 2778 5148
13970 2778 5401
13971 2778 5402
13972 2778 5403
13973 2778 5430
13974 2778 14565
13975 2779 8302
13976 2779 8883
13977 2779 10445
13978 2779 10799
13979 2779 11271
13980 2779 11686
13981 2780 5440
13982 2780 9546
13983 2780 11862
13984 2780 12194
13985 2781 4920
13986 2781 4921
13987 2781 4923
13988 2781 5808
13989 2781 6632
13990 2781 9881
13991 2782 3355
13992 2782 3471
13993 2782 3932
13994 2782 9956
13995 2783 3327
13996 2783 3584
13997 2783 5988
13998 2783 8473
13999 2784 7717
14000 2784 7718
14001 2784 7740
14002 2784 7795
14003 2785 3221
14004 2785 6621
14005 2785 9931
14006 2785 14876
14007 2786 3061
14008 2786 3496
14009 2786 12413
14010 2787 3461
14011 2787 4238
14012 2787 4239
14013 2787 4797
14014 2787 5684
14015 2788 8784
14016 2788 10680
14017 2788 10682
14018 2788 10683
14019 2788 10723
14020 2789 12651
14021 2789 12652
14022 2789 12653
14023 2789 12882
14024 2789 12884
14025 2790 3133
14026 2790 4768
14027 2790 7202
14028 2790 10140
14029 2790 13765
14030 2791 3157
14031 2791 8814
14032 2791 8815
14033 2791 8817
14034 2791 8991
14035 2791 10291
14036 2792 4245
14037 2792 4777
14038 2792 5372
14039 2792 14672
14040 2793 7261
14041 2793 8730
14042 2793 8732
14043 2793 8963
14044 2793 10794
14045 2793 11110
14046 2794 9344
14047 2794 9407
14048 2794 12793
14049 2794 12986
14050 2795 7017
14051 2795 7019
14052 2795 7304
14053 2795 7306
14054 2795 7308
14055 2796 3729
14056 2796 3841
14057 2796 3842
14058 2796 4141
14059 2796 10532
14060 2796 14836
14061 2797 2974
14062 2797 6408
14063 2797 10943
14064 2797 10945
14065 2797 12810
14066 2798 5097
14067 2798 6252
14068 2798 6285
14069 2798 11649
14070 2798 14400
14071 2799 3858
14072 2799 4029
14073 2799 4971
14074 2799 5874
14075 2799 6553
14076 2799 14040
14077 2800 8671
14078 2800 8674
14079 2800 8678
14080 2800 10515
14081 2800 10966
14082 2800 10967
14083 2801 5229
14084 2801 8147
14085 2801 9217
14086 2801 9373
14087 2801 9819
14088 2802 7715
14089 2802 7859
14090 2802 7979
14091 2803 7997
14092 2803 8725
14093 2803 8728
14094 2803 9369
14095 2803 9543
14096 2803 10673
14097 2804 11366
14098 2804 13241
14099 2804 13310
14100 2804 13455
14101 2804 14202
14102 2805 3795
14103 2805 13857
14104 2805 14507
14105 2805 14509
14106 2806 4392
14107 2806 7372
14108 2806 12315
14109 2806 13604
14110 2806 13606
14111 2806 14167
14112 2807 6288
14113 2807 10364
14114 2807 14043
14115 2807 14048
14116 2807 14372
14117 2808 8862
14118 2808 9686
14119 2808 10328
14120 2808 12739
14121 2809 4180
14122 2809 10719
14123 2809 11550
14124 2809 11555
14125 2809 11802
14126 2810 3015
14127 2810 6822
14128 2810 6945
14129 2810 10780
14130 2811 3187
14131 2811 8631
14132 2811 8745
14133 2811 10894
14134 2811 10901
14135 2811 13261
14136 2812 8646
14137 2812 8647
14138 2812 8648
14139 2812 10989
14140 2812 12764
14141 2812 13948
14142 2813 5851
14143 2813 5852
14144 2813 6243
14145 2813 6443
14146 2813 11358
14147 2814 3516
14148 2814 6559
14149 2814 6565
14150 2814 6871
14151 2814 7878
14152 2814 13756
14153 2815 3162
14154 2815 3350
14155 2815 4937
14156 2815 5037
14157 2815 14276
14158 2815 14336
14159 2816 3965
14160 2816 4055
14161 2816 4057
14162 2816 4388
14163 2816 14210
14164 2817 7974
14165 2817 12516
14166 2817 12523
14167 2817 12561
14168 2817 12993
14169 2818 4695
14170 2818 9030
14171 2818 9033
14172 2818 9360
14173 2818 9435
14174 2818 11240
14175 2819 14897
14176 2819 14957
14177 2819 14958
14178 2820 8699
14179 2820 8932
14180 2820 8934
14181 2820 8940
14182 2820 9916
14183 2821 5220
14184 2821 9603
14185 2821 9609
14186 2821 10060
14187 2821 10583
14188 2822 5575
14189 2822 9038
14190 2822 9104
14191 2822 11228
14192 2823 7567
14193 2823 8631
14194 2823 8633
14195 2823 10251
14196 2823 10901
14197 2824 3463
14198 2824 5478
14199 2824 5480
14200 2824 5481
14201 2824 5503
14202 2825 11650
14203 2825 11726
14204 2825 13216
14205 2825 13225
14206 2825 13392
14207 2826 8849
14208 2826 9846
14209 2826 10514
14210 2826 10927
14211 2826 11258
14212 2827 3055
14213 2827 11739
14214 2827 11741
14215 2827 14715
14216 2828 3576
14217 2828 7308
14218 2828 13916
14219 2829 3000
14220 2829 3639
14221 2829 6911
14222 2829 13975
14223 2830 4461
14224 2830 5636
14225 2830 11500
14226 2830 14582
14227 2830 14858
14228 2831 14997
14229 2832 3631
14230 2832 5983
14231 2832 6356
14232 2832 6572
14233 2833 3332
14234 2833 12504
14235 2833 12505
14236 2833 12962
14237 2833 13000
14238 2834 5010
14239 2834 8259
14240 2834 8708
14241 2834 8852
14242 2834 10513
14243 2834 10969
14244 2835 4838
14245 2835 7084
14246 2835 8959
14247 2835 10949
14248 2835 11215
14249 2836 7197
14250 2836 8611
14251 2836 11367
14252 2836 11732
14253 2837 2957
14254 2837 3875
14255 2837 3918
14256 2837 4105
14257 2838 5760
14258 2838 7188
14259 2838 8908
14260 2838 11979
14261 2838 12285
14262 2838 14763
14263 2839 4293
14264 2839 5025
14265 2839 5421
14266 2839 5425
14267 2839 11385
14268 2839 14532
14269 2840 4019
14270 2840 4887
14271 2840 6414
14272 2840 6567
14273 2840 6568
14274 2841 3843
14275 2841 8454
14276 2841 10182
14277 2841 11818
14278 2841 11821
14279 2841 11840
14280 2842 5180
14281 2842 6306
14282 2842 10286
14283 2842 10290
14284 2842 10292
14285 2843 9010
14286 2843 9328
14287 2843 9329
14288 2843 9852
14289 2843 9870
14290 2844 3710
14291 2844 5556
14292 2844 6456
14293 2844 6512
14294 2844 6791
14295 2844 14055
14296 2845 4992
14297 2845 5827
14298 2845 6215
14299 2845 14483
14300 2845 14650
14301 2845 14670
14302 2846 8024
14303 2846 8064
14304 2846 8217
14305 2847 4851
14306 2847 9710
14307 2847 9725
14308 2847 9786
14309 2847 10089
14310 2848 13074
14311 2848 14733
14312 2848 14916
14313 2849 3989
14314 2849 12438
14315 2849 12439
14316 2849 12448
14317 2849 13005
14318 2850 3323
14319 2850 4913
14320 2850 4915
14321 2850 4916
14322 2850 5801
14323 2850 8790
14324 2850 14002
14325 2851 10206
14326 2851 11016
14327 2851 11788
14328 2851 14252
14329 2852 9503
14330 2852 10029
14331 2852 10494
14332 2852 10496
14333 2852 14076
14334 2853 6473
14335 2853 6792
14336 2853 6797
14337 2853 6798
14338 2854 9450
14339 2854 9537
14340 2854 9600
14341 2854 9650
14342 2854 10634
14343 2855 4940
14344 2855 10083
14345 2855 10245
14346 2855 10281
14347 2855 10283
14348 2855 10284
14349 2856 9349
14350 2856 9353
14351 2856 9401
14352 2856 9409
14353 2856 9768
14354 2857 3050
14355 2857 11643
14356 2857 12533
14357 2857 14340
14358 2858 8348
14359 2858 8758
14360 2858 9301
14361 2858 13770
14362 2859 5787
14363 2859 8399
14364 2859 8401
14365 2859 11369
14366 2860 6723
14367 2860 7155
14368 2860 7182
14369 2860 14085
14370 2861 9123
14371 2861 11759
14372 2861 11760
14373 2862 6628
14374 2862 9585
14375 2862 9589
14376 2862 12512
14377 2863 3374
14378 2863 10309
14379 2863 10311
14380 2863 10522
14381 2863 10526
14382 2864 4805
14383 2864 4807
14384 2864 5280
14385 2864 5282
14386 2865 6760
14387 2865 8717
14388 2865 8721
14389 2865 8947
14390 2865 8951
14391 2865 8953
14392 2865 10817
14393 2866 5523
14394 2866 5524
14395 2866 8451
14396 2866 10482
14397 2866 11390
14398 2866 12751
14399 2867 5854
14400 2867 6284
14401 2867 6449
14402 2867 6455
14403 2868 8701
14404 2868 8927
14405 2868 8929
14406 2868 8932
14407 2868 8934
14408 2868 12691
14409 2869 6275
14410 2869 11313
14411 2869 11314
14412 2869 11368
14413 2869 13687
14414 2870 12064
14415 2870 12605
14416 2870 12756
14417 2870 12757
14418 2870 13402
14419 2871 3552
14420 2871 3667
14421 2871 5302
14422 2872 3329
14423 2872 4434
14424 2872 4435
14425 2872 4564
14426 2872 4566
14427 2872 7650
14428 2872 14489
14429 2873 10042
14430 2873 14597
14431 2873 14747
14432 2873 14787
14433 2873 14807
14434 2874 4777
14435 2874 4778
14436 2874 5257
14437 2874 5664
14438 2875 7255
14439 2875 14633
14440 2876 4469
14441 2876 14930
14442 2876 14964
14443 2877 7095
14444 2877 7114
14445 2877 14004
14446 2877 14005
14447 2878 7252
14448 2878 7259
14449 2878 7585
14450 2879 4427
14451 2879 5166
14452 2879 12786
14453 2879 12795
14454 2879 12804
14455 2879 13515
14456 2880 8394
14457 2880 8604
14458 2880 8606
14459 2880 11072
14460 2880 11077
14461 2880 13758
14462 2881 6898
14463 2881 6900
14464 2881 6902
14465 2881 13972
14466 2881 14029
14467 2882 8570
14468 2882 8806
14469 2882 11294
14470 2882 11295
14471 2882 11547
14472 2882 11548
14473 2883 4865
14474 2883 4866
14475 2883 6729
14476 2883 14184
14477 2883 14354
14478 2884 6344
14479 2884 6345
14480 2884 6348
14481 2884 6434
14482 2885 8842
14483 2885 9417
14484 2885 9684
14485 2885 9834
14486 2885 11090
14487 2886 4132
14488 2886 7652
14489 2886 7722
14490 2886 7734
14491 2886 7807
14492 2886 8580
14493 2887 3427
14494 2887 7757
14495 2887 8035
14496 2887 14479
14497 2888 11407
14498 2888 12043
14499 2888 13850
14500 2889 9278
14501 2889 9279
14502 2889 9291
14503 2889 10722
14504 2889 10988
14505 2889 13699
14506 2890 5507
14507 2890 8792
14508 2890 9619
14509 2890 9774
14510 2890 9778
14511 2890 10268
14512 2891 4069
14513 2891 8705
14514 2891 8709
14515 2891 8840
14516 2891 10560
14517 2892 3726
14518 2892 6309
14519 2893 12497
14520 2893 12621
14521 2893 12953
14522 2894 6417
14523 2894 6419
14524 2894 14377
14525 2894 14379
14526 2895 3535
14527 2895 10197
14528 2895 13159
14529 2895 13161
14530 2895 14428
14531 2896 11737
14532 2896 11739
14533 2896 12806
14534 2896 13420
14535 2897 3845
14536 2897 3846
14537 2897 4138
14538 2897 4139
14539 2897 14922
14540 2897 14923
14541 2898 3181
14542 2898 9258
14543 2898 10847
14544 2898 10893
14545 2898 10977
14546 2898 11014
14547 2899 7212
14548 2899 9384
14549 2899 9386
14550 2899 11224
14551 2899 11225
14552 2899 11231
14553 2900 6973
14554 2900 6974
14555 2900 7354
14556 2900 13907
14557 2900 13917
14558 2901 6251
14559 2901 6857
14560 2901 7092
14561 2901 7093
14562 2901 14003
14563 2902 8642
14564 2902 8643
14565 2902 8729
14566 2902 12758
14567 2902 12868
14568 2903 4872
14569 2903 6707
14570 2903 6711
14571 2903 14193
14572 2903 14351
14573 2904 9160
14574 2904 9509
14575 2904 10598
14576 2904 10832
14577 2904 10982
14578 2904 10984
14579 2905 3872
14580 2905 4101
14581 2905 4596
14582 2906 7855
14583 2906 7985
14584 2906 7987
14585 2906 8455
14586 2906 13996
14587 2907 8715
14588 2907 8717
14589 2907 8947
14590 2908 4695
14591 2908 9304
14592 2908 11240
14593 2909 3290
14594 2909 4823
14595 2909 4824
14596 2909 4848
14597 2911 6052
14598 2911 8699
14599 2911 12691
14600 2912 4112
14601 2912 7458
14602 2912 9504
14603 2912 11969
14604 2913 6428
14605 2913 6429
14606 2913 6498
14607 2914 3053
14608 2914 3743
14609 2914 10772
14610 2914 11987
14611 2914 12871
14612 2914 12968
14613 2915 4248
14614 2915 10366
14615 2915 10535
14616 2915 12174
14617 2915 14421
14618 2916 5851
14619 2916 5852
14620 2916 6191
14621 2916 14088
14622 2917 3185
14623 2917 4266
14624 2917 8265
14625 2917 10815
14626 2917 14660
14627 2918 6595
14628 2918 11498
14629 2918 11501
14630 2918 12517
14631 2918 12519
14632 2919 5871
14633 2919 8652
14634 2919 8653
14635 2919 8720
14636 2920 4667
14637 2920 4669
14638 2920 4685
14639 2920 4687
14640 2920 4703
14641 2920 4727
14642 2921 11050
14643 2921 12587
14644 2921 14192
14645 2922 2926
14646 2922 11459
14647 2922 11461
14648 2922 11464
14649 2922 12633
14650 2922 13276
14651 2923 2983
14652 2923 4473
14653 2923 5419
14654 2923 7914
14655 2923 7935
14656 2923 7937
14657 2924 5007
14658 2924 5012
14659 2925 2930
14660 2925 6556
14661 2925 6586
14662 2925 6587
14663 2925 6869
14664 2926 2981
14665 2926 8487
14666 2926 8489
14667 2926 11459
14668 2926 11461
14669 2927 3419
14670 2927 6181
14671 2927 6215
14672 2927 14100
14673 2927 14483
14674 2928 7674
14675 2928 7676
14676 2928 7785
14677 2928 13583
14678 2928 14073
14679 2928 14644
14680 2929 4822
14681 2929 7592
14682 2929 7613
14683 2929 7918
14684 2929 7919
14685 2930 3942
14686 2930 6556
14687 2930 6558
14688 2930 6587
14689 2931 3832
14690 2931 8244
14691 2931 8443
14692 2931 13856
14693 2931 13928
14694 2932 3031
14695 2932 4364
14696 2932 6659
14697 2932 11432
14698 2932 13249
14699 2932 13251
14700 2933 3202
14701 2933 8938
14702 2933 9211
14703 2933 10890
14704 2933 11097
14705 2933 11108
14706 2934 5452
14707 2934 14245
14708 2934 14247
14709 2935 3299
14710 2936 6429
14711 2936 6433
14712 2936 6495
14713 2936 6500
14714 2937 5144
14715 2937 5148
14716 2937 5443
14717 2937 10811
14718 2937 11538
14719 2938 3088
14720 2938 9151
14721 2938 9166
14722 2938 9167
14723 2938 9168
14724 2938 10712
14725 2938 10713
14726 2939 3425
14727 2939 8032
14728 2939 8579
14729 2939 11401
14730 2939 11410
14731 2940 9703
14732 2940 9719
14733 2940 9860
14734 2940 9894
14735 2940 9988
14736 2941 3191
14737 2941 5177
14738 2941 6442
14739 2941 6856
14740 2941 14384
14741 2942 2980
14742 2942 3537
14743 2942 8196
14744 2942 11407
14745 2943 4599
14746 2943 8347
14747 2943 13473
14748 2944 3069
14749 2945 8507
14750 2945 11499
14751 2945 12990
14752 2945 13281
14753 2946 2973
14754 2946 11982
14755 2946 12074
14756 2946 12077
14757 2946 12078
14758 2946 13030
14759 2947 6094
14760 2947 11442
14761 2947 14171
14762 2947 14315
14763 2948 3970
14764 2948 3995
14765 2948 3996
14766 2948 4026
14767 2948 4051
14768 2948 9967
14769 2949 2968
14770 2949 5863
14771 2949 8181
14772 2949 8289
14773 2949 8291
14774 2949 12994
14775 2950 8874
14776 2950 9700
14777 2950 9701
14778 2950 10095
14779 2950 10254
14780 2950 14674
14781 2951 3218
14782 2951 5152
14783 2951 6279
14784 2951 9692
14785 2952 6953
14786 2952 7373
14787 2952 14887
14788 2953 6517
14789 2953 11611
14790 2953 11614
14791 2953 14786
14792 2954 15004
14793 2955 3884
14794 2955 4122
14795 2955 6814
14796 2955 6816
14797 2955 6944
14798 2955 14920
14799 2956 7944
14800 2956 7945
14801 2956 8097
14802 2956 8506
14803 2956 11267
14804 2956 13384
14805 2957 3915
14806 2957 3916
14807 2957 4105
14808 2957 6800
14809 2958 4109
14810 2958 5198
14811 2958 6816
14812 2958 6944
14813 2958 9003
14814 2959 3149
14815 2959 4968
14816 2959 5874
14817 2959 6546
14818 2959 6576
14819 2959 12879
14820 2960 3175
14821 2960 6686
14822 2960 13346
14823 2961 6401
14824 2962 11056
14825 2962 13343
14826 2962 13371
14827 2962 13373
14828 2962 13375
14829 2962 14021
14830 2963 4477
14831 2963 4506
14832 2963 4508
14833 2963 5629
14834 2964 5544
14835 2964 5635
14836 2964 6047
14837 2964 6119
14838 2964 12039
14839 2964 13711
14840 2965 3868
14841 2965 7282
14842 2965 9902
14843 2965 13872
14844 2966 9060
14845 2966 9246
14846 2966 10216
14847 2966 10393
14848 2966 11641
14849 2966 13408
14850 2967 3540
14851 2967 4235
14852 2967 4973
14853 2967 9941
14854 2967 9949
14855 2967 10175
14856 2968 8210
14857 2968 8256
14858 2968 8289
14859 2968 8291
14860 2968 13623
14861 2969 5207
14862 2969 5210
14863 2969 10299
14864 2969 10533
14865 2969 11877
14866 2970 3956
14867 2970 6875
14868 2970 9781
14869 2970 12309
14870 2970 12311
14871 2971 4291
14872 2971 6997
14873 2971 12453
14874 2971 14792
14875 2971 14870
14876 2972 9917
14877 2972 11124
14878 2973 11115
14879 2973 11982
14880 2973 12068
14881 2973 12074
14882 2973 12144
14883 2974 6408
14884 2974 12799
14885 2974 12810
14886 2974 14165
14887 2975 3994
14888 2975 3995
14889 2975 4019
14890 2975 4028
14891 2975 4887
14892 2975 6600
14893 2976 6413
14894 2976 9120
14895 2976 10559
14896 2976 11474
14897 2976 12023
14898 2977 3244
14899 2977 9325
14900 2978 5606
14901 2978 6238
14902 2978 6432
14903 2978 6435
14904 2978 8714
14905 2979 3556
14906 2979 3557
14907 2979 4967
14908 2979 7767
14909 2981 2983
14910 2981 8487
14911 2981 8489
14912 2981 11254
14913 2981 13431
14914 2982 6511
14915 2982 10371
14916 2982 13599
14917 2982 13601
14918 2982 13675
14919 2983 5419
14920 2983 7937
14921 2983 11254
14922 2983 13431
14923 2984 4988
14924 2984 4991
14925 2984 5526
14926 2984 14327
14927 2985 3352
14928 2985 7000
14929 2985 14096
14930 2985 14735
14931 2986 5810
14932 2986 5812
14933 2986 5815
14934 2986 6235
14935 2986 14464
14936 2987 9214
14937 2987 9341
14938 2987 9823
14939 2987 9936
14940 2988 3267
14941 2988 5151
14942 2988 6709
14943 2988 8722
14944 2988 9198
14945 2989 8159
14946 2989 8228
14947 2989 8315
14948 2989 11631
14949 2989 13596
14950 2990 4290
14951 2990 6479
14952 2990 6487
14953 2990 6802
14954 2990 6804
14955 2990 6810
14956 2991 5069
14957 2991 5070
14958 2991 5330
14959 2991 5331
14960 2991 5370
14961 2992 2993
14962 2992 3868
14963 2992 14511
14964 2993 13605
14965 2993 13607
14966 2994 3510
14967 2994 4870
14968 2994 6701
14969 2994 9014
14970 2995 8954
14971 2995 9899
14972 2995 10656
14973 2995 14952
14974 2996 9262
14975 2996 12929
14976 2996 14252
14977 2996 14623
14978 2997 7479
14979 2997 7483
14980 2997 8350
14981 2997 8356
14982 2997 12405
14983 2998 4825
14984 2998 8503
14985 2998 12999
14986 2998 13382
14987 2999 6570
14988 2999 6574
14989 2999 6583
14990 2999 13665
14991 2999 13964
14992 3000 3246
14993 3000 3639
14994 3000 6911
14995 3000 10524
14996 3000 14024
14997 3001 4852
14998 3001 4961
14999 3001 5736
15000 3001 5866
15001 3001 8409
15002 3001 10781
15003 3002 7780
15004 3002 7901
15005 3002 8389
15006 3002 8392
15007 3002 13303
15008 3003 5054
15009 3003 6244
15010 3003 13187
15011 3004 3566
15012 3004 3567
15013 3005 4056
15014 3005 4387
15015 3005 4389
15016 3005 6696
15017 3005 10750
15018 3005 11989
15019 3006 5827
15020 3006 6112
15021 3006 6241
15022 3006 14670
15023 3007 3032
15024 3007 11435
15025 3007 13253
15026 3007 14241
15027 3007 14504
15028 3008 5000
15029 3008 6692
15030 3008 11371
15031 3008 11468
15032 3009 3010
15033 3009 11376
15034 3009 11737
15035 3010 6472
15036 3010 8497
15037 3010 11737
15038 3010 11739
15039 3010 14715
15040 3011 4364
15041 3011 9474
15042 3011 13166
15043 3011 13168
15044 3012 3351
15045 3012 3934
15046 3012 5583
15047 3012 6200
15048 3012 10897
15049 3012 11049
15050 3012 14407
15051 3013 6713
15052 3013 7089
15053 3013 7484
15054 3013 11460
15055 3013 11743
15056 3014 11383
15057 3014 11392
15058 3014 12812
15059 3015 6354
15060 3015 6945
15061 3015 7391
15062 3015 7393
15063 3015 10780
15064 3016 3017
15065 3016 6885
15066 3016 7077
15067 3016 11744
15068 3017 6885
15069 3017 7077
15070 3017 13192
15071 3018 3019
15072 3018 9843
15073 3018 11747
15074 3018 13189
15075 3019 5219
15076 3019 11450
15077 3019 13189
15078 3020 9500
15079 3020 9502
15080 3020 9569
15081 3020 9638
15082 3020 10044
15083 3021 3730
15084 3021 11403
15085 3021 11444
15086 3021 13424
15087 3022 3023
15088 3022 11755
15089 3022 12801
15090 3022 13245
15091 3022 13427
15092 3023 11755
15093 3023 12823
15094 3023 13245
15095 3024 3025
15096 3024 3027
15097 3024 11415
15098 3024 11438
15099 3025 3026
15100 3025 3027
15101 3025 4511
15102 3025 11757
15103 3026 3027
15104 3026 4366
15105 3026 4511
15106 3026 11758
15107 3027 4366
15108 3027 9592
15109 3027 11415
15110 3028 3029
15111 3028 13170
15112 3028 13243
15113 3029 3031
15114 3029 11763
15115 3029 13170
15116 3030 3856
15117 3030 3873
15118 3030 3875
15119 3030 4738
15120 3030 14220
15121 3031 4364
15122 3031 11432
15123 3032 9474
15124 3032 13251
15125 3032 14241
15126 3033 10143
15127 3033 10171
15128 3033 10173
15129 3033 10177
15130 3034 6609
15131 3034 11767
15132 3034 12836
15133 3035 8482
15134 3035 9293
15135 3035 11437
15136 3035 13259
15137 3036 5164
15138 3036 13266
15139 3036 13267
15140 3037 3038
15141 3037 11453
15142 3037 14857
15143 3038 5164
15144 3038 11453
15145 3038 13808
15146 3039 11471
15147 3039 13171
15148 3039 13305
15149 3040 3042
15150 3040 13171
15151 3040 13172
15152 3041 3042
15153 3041 11475
15154 3041 11476
15155 3042 13172
15156 3042 13175
15157 3043 5364
15158 3043 5520
15159 3043 5522
15160 3043 5888
15161 3043 14325
15162 3044 8808
15163 3044 8973
15164 3044 11495
15165 3044 13184
15166 3045 3046
15167 3045 11048
15168 3045 11497
15169 3045 13190
15170 3045 14246
15171 3046 11497
15172 3046 12990
15173 3046 14246
15174 3047 11507
15175 3047 13204
15176 3047 13386
15177 3047 13387
15178 3048 11509
15179 3048 13289
15180 3048 13387
15181 3049 12527
15182 3049 13289
15183 3049 13415
15184 3050 12533
15185 3050 13291
15186 3051 5266
15187 3051 6369
15188 3051 6372
15189 3051 6496
15190 3051 9171
15191 3051 14070
15192 3052 8227
15193 3052 8614
15194 3052 11796
15195 3052 13211
15196 3052 13212
15197 3053 3743
15198 3053 11789
15199 3053 11987
15200 3053 11990
15201 3053 12062
15202 3054 3452
15203 3054 7975
15204 3054 11998
15205 3054 13292
15206 3054 13296
15207 3055 3542
15208 3055 5137
15209 3056 3180
15210 3056 3348
15211 3056 3656
15212 3056 6993
15213 3056 7330
15214 3057 4808
15215 3057 5458
15216 3057 6752
15217 3057 13883
15218 3057 13887
15219 3057 14387
15220 3058 3364
15221 3059 3061
15222 3060 4759
15223 3060 8698
15224 3060 9641
15225 3060 13414
15226 3061 3496
15227 3062 6508
15228 3062 11813
15229 3062 12620
15230 3062 13202
15231 3063 3064
15232 3063 6281
15233 3063 8454
15234 3063 9601
15235 3063 13378
15236 3064 4284
15237 3064 8454
15238 3064 11821
15239 3064 13378
15240 3064 14229
15241 3065 11822
15242 3066 5225
15243 3066 7176
15244 3066 13177
15245 3066 13369
15246 3068 4772
15247 3068 5997
15248 3068 5998
15249 3070 3530
15250 3070 3531
15251 3071 3778
15252 3071 14942
15253 3071 14979
15254 3072 11869
15255 3072 11924
15256 3072 11925
15257 3072 12112
15258 3072 12919
15259 3073 3077
15260 3073 3226
15261 3073 4144
15262 3073 6862
15263 3073 14360
15264 3074 5145
15265 3074 6780
15266 3074 6781
15267 3075 3929
15268 3075 3930
15269 3075 4048
15270 3075 4378
15271 3075 5776
15272 3075 6497
15273 3076 9128
15274 3076 10993
15275 3076 11579
15276 3076 13164
15277 3076 13246
15278 3077 6862
15279 3077 9095
15280 3077 13502
15281 3077 14360
15282 3078 5889
15283 3078 14954
15284 3079 3211
15285 3079 9306
15286 3079 14154
15287 3080 4815
15288 3080 6746
15289 3080 13877
15290 3080 14101
15291 3080 14124
15292 3081 3312
15293 3081 3630
15294 3081 7831
15295 3081 9826
15296 3081 11105
15297 3081 11446
15298 3082 14951
15299 3083 3120
15300 3083 5293
15301 3083 6617
15302 3083 9106
15303 3083 14233
15304 3084 3739
15305 3084 7174
15306 3084 14953
15307 3085 4039
15308 3085 4788
15309 3085 5263
15310 3085 14869
15311 3086 4428
15312 3086 5236
15313 3087 3092
15314 3087 3112
15315 3087 4670
15316 3087 5550
15317 3087 6888
15318 3087 11176
15319 3088 9168
15320 3088 9194
15321 3088 10713
15322 3088 10975
15323 3088 14108
15324 3089 4294
15325 3089 4819
15326 3089 5703
15327 3089 6741
15328 3089 6743
15329 3089 14130
15330 3090 5817
15331 3090 6087
15332 3090 6525
15333 3090 11442
15334 3090 11494
15335 3091 3574
15336 3091 6552
15337 3091 10823
15338 3091 11561
15339 3092 5550
15340 3092 6971
15341 3092 11176
15342 3092 11640
15343 3093 3449
15344 3093 4023
15345 3093 4355
15346 3093 4357
15347 3093 13944
15348 3094 4004
15349 3094 4017
15350 3094 6410
15351 3094 13941
15352 3095 11996
15353 3095 12467
15354 3095 12600
15355 3095 13270
15356 3095 13290
15357 3095 14767
15358 3096 4112
15359 3096 7458
15360 3096 10316
15361 3096 10317
15362 3096 10553
15363 3096 10554
15364 3097 9939
15365 3097 12482
15366 3097 13766
15367 3098 7597
15368 3098 7599
15369 3099 7273
15370 3099 11678
15371 3099 12217
15372 3099 14868
15373 3099 14985
15374 3100 3188
15375 3100 3863
15376 3100 5455
15377 3100 6700
15378 3100 9347
15379 3101 3186
15380 3101 6706
15381 3101 6971
15382 3101 14553
15383 3102 5176
15384 3102 12221
15385 3102 12223
15386 3102 14987
15387 3103 3106
15388 3103 8408
15389 3103 9017
15390 3103 14274
15391 3104 7291
15392 3104 12231
15393 3104 12233
15394 3104 14990
15395 3105 14611
15396 3105 14612
15397 3105 14673
15398 3105 14720
15399 3105 14771
15400 3106 8869
15401 3106 9017
15402 3106 13869
15403 3106 14274
15404 3107 7315
15405 3107 7317
15406 3107 13945
15407 3108 3118
15408 3108 3434
15409 3108 5395
15410 3108 9250
15411 3108 12508
15412 3108 14427
15413 3109 5089
15414 3109 6358
15415 3109 6414
15416 3109 6416
15417 3109 6600
15418 3109 9115
15419 3110 5549
15420 3110 5592
15421 3110 5594
15422 3110 6010
15423 3110 6012
15424 3110 14094
15425 3111 7347
15426 3111 12280
15427 3111 13951
15428 3111 14278
15429 3112 4670
15430 3112 6888
15431 3112 10041
15432 3112 11066
15433 3113 7252
15434 3113 7254
15435 3113 7433
15436 3113 7435
15437 3113 7436
15438 3113 13643
15439 3114 6266
15440 3114 8408
15441 3114 11075
15442 3115 7480
15443 3115 7534
15444 3115 7536
15445 3115 13649
15446 3116 7674
15447 3116 7704
15448 3116 13558
15449 3116 14073
15450 3116 14528
15451 3117 5832
15452 3117 6326
15453 3117 9250
15454 3117 11118
15455 3117 12508
15456 3118 3131
15457 3118 3434
15458 3118 5884
15459 3118 14424
15460 3118 14427
15461 3119 7232
15462 3119 7234
15463 3119 7448
15464 3119 7565
15465 3120 3184
15466 3120 3807
15467 3120 5297
15468 3120 9106
15469 3120 14233
15470 3121 13726
15471 3121 13729
15472 3122 3154
15473 3122 3183
15474 3122 3301
15475 3122 4532
15476 3122 9424
15477 3123 4244
15478 3123 4245
15479 3123 4246
15480 3123 4790
15481 3123 5512
15482 3124 10376
15483 3124 14096
15484 3125 4769
15485 3125 6093
15486 3125 11250
15487 3126 3293
15488 3126 3678
15489 3126 3815
15490 3126 10835
15491 3126 13994
15492 3126 14933
15493 3127 5678
15494 3127 6092
15495 3127 6118
15496 3127 7015
15497 3128 12012
15498 3128 12047
15499 3128 12296
15500 3129 3175
15501 3129 4085
15502 3129 6584
15503 3129 6686
15504 3129 13308
15505 3129 14321
15506 3130 3142
15507 3130 4984
15508 3130 7199
15509 3130 14533
15510 3131 5884
15511 3131 10405
15512 3131 12475
15513 3131 14427
15514 3131 14431
15515 3132 3139
15516 3133 10140
15517 3134 3136
15518 3134 3179
15519 3134 7107
15520 3134 7109
15521 3134 9054
15522 3135 3642
15523 3135 3714
15524 3135 11563
15525 3135 14793
15526 3135 14832
15527 3136 3179
15528 3136 7110
15529 3137 7176
15530 3137 11299
15531 3137 11954
15532 3137 11956
15533 3137 13369
15534 3138 10359
15535 3138 10450
15536 3138 11976
15537 3138 12076
15538 3138 14410
15539 3139 11002
15540 3140 5832
15541 3140 5895
15542 3140 7797
15543 3140 10851
15544 3140 14422
15545 3142 10931
15546 3143 5854
15547 3143 6081
15548 3143 6114
15549 3143 6284
15550 3143 11803
15551 3143 14481
15552 3144 3145
15553 3144 9186
15554 3145 3148
15555 3145 3526
15556 3145 9186
15557 3146 3166
15558 3146 3464
15559 3146 5828
15560 3146 6310
15561 3146 14412
15562 3146 14439
15563 3147 3386
15564 3147 3704
15565 3147 3706
15566 3147 4748
15567 3147 6943
15568 3149 3858
15569 3149 5874
15570 3149 6506
15571 3149 6546
15572 3150 4422
15573 3150 6678
15574 3150 9173
15575 3150 12591
15576 3150 14585
15577 3151 3184
15578 3151 4333
15579 3151 5299
15580 3151 5326
15581 3151 10732
15582 3152 3164
15583 3152 3354
15584 3152 10073
15585 3152 14723
15586 3152 14728
15587 3152 14736
15588 3153 3618
15589 3153 3619
15590 3153 4332
15591 3153 4425
15592 3153 10437
15593 3153 14948
15594 3154 3183
15595 3154 5674
15596 3154 6092
15597 3154 9879
15598 3155 4908
15599 3155 4909
15600 3155 5066
15601 3155 5795
15602 3156 7823
15603 3156 8428
15604 3156 8909
15605 3156 8912
15606 3156 11467
15607 3157 7188
15608 3157 8814
15609 3157 8817
15610 3157 8910
15611 3157 11280
15612 3158 3740
15613 3158 3833
15614 3158 3889
15615 3158 4118
15616 3158 4147
15617 3158 10757
15618 3159 3633
15619 3159 7193
15620 3159 9434
15621 3159 9749
15622 3159 9755
15623 3159 14065
15624 3160 5125
15625 3160 5127
15626 3160 5407
15627 3161 5156
15628 3161 9871
15629 3162 4937
15630 3162 5035
15631 3162 5826
15632 3162 14276
15633 3163 3288
15634 3163 5818
15635 3163 9306
15636 3163 14739
15637 3164 3293
15638 3164 10073
15639 3164 14723
15640 3164 14724
15641 3164 14853
15642 3165 3756
15643 3165 4819
15644 3165 5292
15645 3165 13822
15646 3165 14178
15647 3166 3351
15648 3166 5828
15649 3166 6299
15650 3166 6310
15651 3167 3951
15652 3167 3952
15653 3167 13795
15654 3167 14589
15655 3167 14789
15656 3168 4811
15657 3168 4813
15658 3168 13883
15659 3168 14106
15660 3168 14387
15661 3169 3206
15662 3169 3336
15663 3169 5630
15664 3169 7070
15665 3169 11010
15666 3169 14730
15667 3170 3182
15668 3170 5820
15669 3170 5989
15670 3170 9354
15671 3171 3375
15672 3171 5881
15673 3171 6140
15674 3171 6603
15675 3171 12475
15676 3171 14311
15677 3172 5926
15678 3172 5928
15679 3172 5929
15680 3172 14277
15681 3172 14279
15682 3173 5651
15683 3173 5679
15684 3173 6079
15685 3173 6096
15686 3174 3445
15687 3174 5930
15688 3174 5986
15689 3174 14326
15690 3174 14328
15691 3175 6686
15692 3175 14321
15693 3175 14443
15694 3176 5910
15695 3176 5911
15696 3176 5914
15697 3176 5974
15698 3176 5976
15699 3176 6335
15700 3177 3245
15701 3177 3640
15702 3177 5247
15703 3177 7415
15704 3178 3571
15705 3178 5601
15706 3178 7039
15707 3179 7109
15708 3179 7110
15709 3179 13771
15710 3180 3192
15711 3180 3348
15712 3180 6993
15713 3180 8892
15714 3180 13355
15715 3181 3569
15716 3181 9258
15717 3181 10841
15718 3181 10846
15719 3181 10893
15720 3182 5254
15721 3182 5989
15722 3182 6350
15723 3182 7593
15724 3183 4532
15725 3183 5661
15726 3183 5901
15727 3183 9879
15728 3184 3807
15729 3184 5297
15730 3184 5299
15731 3184 10732
15732 3185 4266
15733 3185 10815
15734 3185 12431
15735 3185 12483
15736 3185 14669
15737 3186 3196
15738 3186 5665
15739 3186 6706
15740 3186 13591
15741 3187 8634
15742 3187 8745
15743 3187 8781
15744 3187 10894
15745 3187 10900
15746 3188 5480
15747 3188 9347
15748 3189 5177
15749 3189 5338
15750 3189 6442
15751 3190 3209
15752 3190 4521
15753 3190 10763
15754 3190 10971
15755 3190 13674
15756 3191 6441
15757 3191 6442
15758 3191 6444
15759 3192 3209
15760 3192 4521
15761 3192 6993
15762 3192 13355
15763 3192 13708
15764 3193 3196
15765 3193 3229
15766 3193 3587
15767 3193 6551
15768 3193 10790
15769 3194 5279
15770 3194 5780
15771 3194 5782
15772 3194 6204
15773 3194 9322
15774 3194 9423
15775 3195 4953
15776 3195 5024
15777 3195 6269
15778 3195 10443
15779 3196 3587
15780 3196 5665
15781 3196 10790
15782 3196 13591
15783 3197 6239
15784 3197 6617
15785 3197 9547
15786 3197 13588
15787 3197 14654
15788 3198 5936
15789 3199 8881
15790 3199 12507
15791 3199 12609
15792 3199 12610
15793 3199 12611
15794 3200 4597
15795 3200 5415
15796 3200 6298
15797 3200 6304
15798 3200 13534
15799 3201 5204
15800 3201 11983
15801 3201 11986
15802 3201 12966
15803 3201 12967
15804 3202 8834
15805 3202 9211
15806 3202 9345
15807 3202 9365
15808 3202 10890
15809 3203 3732
15810 3203 3839
15811 3203 3840
15812 3203 4141
15813 3203 5245
15814 3204 3299
15815 3204 13353
15816 3204 13371
15817 3204 13391
15818 3205 4296
15819 3205 7029
15820 3205 11899
15821 3206 7070
15822 3206 10992
15823 3206 11010
15824 3206 14470
15825 3207 9807
15826 3207 10417
15827 3207 11000
15828 3207 13164
15829 3207 13246
15830 3207 13770
15831 3208 6190
15832 3208 6443
15833 3208 14090
15834 3209 3225
15835 3209 4521
15836 3209 6993
15837 3210 4959
15838 3210 4960
15839 3210 4996
15840 3210 5013
15841 3210 5271
15842 3210 6436
15843 3211 7831
15844 3211 11105
15845 3211 11163
15846 3211 14154
15847 3212 8973
15848 3213 5420
15849 3213 11544
15850 3213 11546
15851 3213 11615
15852 3213 11675
15853 3213 11693
15854 3214 12635
15855 3214 12636
15856 3214 12940
15857 3214 12946
15858 3215 7913
15859 3215 7938
15860 3215 8498
15861 3215 9780
15862 3216 5059
15863 3216 5060
15864 3216 5073
15865 3216 14542
15866 3217 12523
15867 3217 12555
15868 3217 12564
15869 3217 12981
15870 3218 5152
15871 3218 7268
15872 3218 10255
15873 3218 14674
15874 3219 3804
15875 3219 11591
15876 3219 11872
15877 3219 12720
15878 3219 12917
15879 3220 3222
15880 3220 11850
15881 3220 12204
15882 3221 4553
15883 3221 9931
15884 3221 14490
15885 3221 14876
15886 3221 14877
15887 3221 14880
15888 3222 11848
15889 3222 11850
15890 3223 14943
15891 3223 14983
15892 3224 3380
15893 3224 3658
15894 3224 5074
15895 3224 7052
15896 3224 7265
15897 3224 10783
15898 3225 3656
15899 3225 3657
15900 3225 6993
15901 3226 4144
15902 3226 6598
15903 3226 13766
15904 3228 4765
15905 3228 9354
15906 3228 9883
15907 3228 12482
15908 3229 3716
15909 3229 6551
15910 3229 13588
15911 3232 3352
15912 3232 3524
15913 3232 3586
15914 3232 14940
15915 3233 6988
15916 3233 7060
15917 3233 13828
15918 3233 14947
15919 3234 3735
15920 3234 10332
15921 3234 14713
15922 3235 3653
15923 3235 7062
15924 3235 13827
15925 3236 3648
15926 3236 3651
15927 3236 7258
15928 3236 13995
15929 3237 4763
15930 3237 4845
15931 3237 8690
15932 3237 14356
15933 3238 3647
15934 3238 5240
15935 3238 9196
15936 3238 11365
15937 3238 13823
15938 3238 14663
15939 3239 8916
15940 3239 9045
15941 3239 9046
15942 3239 9047
15943 3239 9099
15944 3239 9158
15945 3239 11113
15946 3240 4741
15947 3240 5240
15948 3240 7278
15949 3240 14615
15950 3241 4986
15951 3241 4987
15952 3241 5325
15953 3241 5343
15954 3241 5528
15955 3242 3645
15956 3242 7352
15957 3242 10903
15958 3243 3644
15959 3243 3645
15960 3243 4414
15961 3243 4415
15962 3243 5246
15963 3244 13976
15964 3245 3640
15965 3245 6914
15966 3245 7415
15967 3246 3639
15968 3246 10524
15969 3246 14564
15970 3246 14591
15971 3247 3638
15972 3247 6909
15973 3247 6910
15974 3248 3635
15975 3248 4344
15976 3248 6908
15977 3248 12845
15978 3248 13974
15979 3249 3634
15980 3249 4342
15981 3250 6900
15982 3250 6901
15983 3251 6896
15984 3251 6898
15985 3252 3253
15986 3252 3627
15987 3252 6892
15988 3252 13640
15989 3253 3627
15990 3253 6890
15991 3253 13640
15992 3254 3623
15993 3254 3625
15994 3254 4337
15995 3254 4339
15996 3255 3256
15997 3255 3623
15998 3255 6883
15999 3256 3257
16000 3256 6883
16001 3256 13637
16002 3257 4335
16003 3257 5324
16004 3257 10237
16005 3258 3618
16006 3258 4333
16007 3258 5326
16008 3258 10237
16009 3258 10437
16010 3259 6401
16011 3259 6874
16012 3259 13652
16013 3260 3261
16014 3260 3616
16015 3260 3617
16016 3260 4426
16017 3261 3616
16018 3261 6864
16019 3262 3806
16020 3262 4085
16021 3262 6584
16022 3262 6630
16023 3262 11157
16024 3262 13373
16025 3262 13375
16026 3263 4603
16027 3263 4604
16028 3263 4605
16029 3263 4694
16030 3263 4732
16031 3264 4818
16032 3264 6866
16033 3264 8475
16034 3265 4430
16035 3265 10224
16036 3266 5604
16037 3266 6000
16038 3266 6169
16039 3266 6240
16040 3266 9939
16041 3266 14386
16042 3267 5151
16043 3267 8649
16044 3267 8650
16045 3267 9198
16046 3267 14200
16047 3268 4227
16048 3268 4561
16049 3268 4562
16050 3268 12618
16051 3269 3312
16052 3269 4410
16053 3269 5950
16054 3269 14598
16055 3269 14599
16056 3269 14784
16057 3270 12301
16058 3270 12350
16059 3270 12352
16060 3270 12353
16061 3271 6978
16062 3271 6979
16063 3271 7349
16064 3271 13826
16065 3271 13921
16066 3271 13987
16067 3272 3397
16068 3272 3599
16069 3272 3600
16070 3272 6855
16071 3272 6893
16072 3273 4161
16073 3273 4470
16074 3273 6042
16075 3273 7185
16076 3273 9510
16077 3274 3275
16078 3274 3599
16079 3274 4440
16080 3274 4556
16081 3275 3599
16082 3275 14034
16083 3276 3277
16084 3276 3280
16085 3276 8655
16086 3276 8718
16087 3276 10702
16088 3276 10704
16089 3276 11482
16090 3277 10704
16091 3277 11482
16092 3277 12695
16093 3277 12698
16094 3278 5871
16095 3278 11482
16096 3278 12695
16097 3278 12866
16098 3279 3330
16099 3279 8739
16100 3279 10194
16101 3279 14046
16102 3280 3281
16103 3280 3283
16104 3280 6352
16105 3280 8655
16106 3280 10702
16107 3281 3282
16108 3281 3283
16109 3281 8655
16110 3281 8656
16111 3282 8656
16112 3282 11329
16113 3283 6352
16114 3283 10697
16115 3283 14095
16116 3284 3287
16117 3284 3292
16118 3284 5695
16119 3284 11074
16120 3285 8712
16121 3285 10697
16122 3286 3660
16123 3286 3745
16124 3286 14711
16125 3286 14712
16126 3287 6601
16127 3287 10682
16128 3287 10685
16129 3288 3320
16130 3288 14635
16131 3288 14739
16132 3289 6517
16133 3289 11569
16134 3289 12964
16135 3290 4824
16136 3290 4847
16137 3290 4848
16138 3290 5130
16139 3290 6717
16140 3290 13121
16141 3291 7847
16142 3291 7849
16143 3291 8888
16144 3291 9673
16145 3291 9912
16146 3291 13996
16147 3292 3294
16148 3292 3518
16149 3292 5695
16150 3293 3678
16151 3293 10073
16152 3293 10835
16153 3293 14853
16154 3294 3518
16155 3294 9891
16156 3294 11698
16157 3295 4145
16158 3295 9169
16159 3295 9255
16160 3295 9257
16161 3295 11030
16162 3296 12792
16163 3296 12794
16164 3296 12805
16165 3296 13965
16166 3297 12784
16167 3297 12785
16168 3297 13824
16169 3297 14165
16170 3298 3340
16171 3298 3403
16172 3298 3447
16173 3298 7360
16174 3298 12300
16175 3299 3448
16176 3299 13353
16177 3300 3485
16178 3300 4870
16179 3300 6701
16180 3300 9247
16181 3301 4532
16182 3301 6327
16183 3301 9424
16184 3301 14334
16185 3301 14620
16186 3302 3391
16187 3302 3410
16188 3302 5487
16189 3302 13193
16190 3303 4937
16191 3303 5035
16192 3303 5484
16193 3303 5496
16194 3303 14265
16195 3304 10644
16196 3304 10649
16197 3305 6989
16198 3305 10841
16199 3305 14035
16200 3305 14493
16201 3306 3408
16202 3306 10636
16203 3306 14205
16204 3306 14242
16205 3307 3407
16206 3307 3505
16207 3307 5477
16208 3307 8660
16209 3307 9285
16210 3308 5364
16211 3308 5421
16212 3308 5520
16213 3308 14353
16214 3309 7362
16215 3309 9871
16216 3309 13694
16217 3310 3547
16218 3310 5675
16219 3310 11801
16220 3310 11864
16221 3311 3313
16222 3311 3505
16223 3311 5477
16224 3312 9826
16225 3312 11446
16226 3312 14598
16227 3312 14599
16228 3312 14783
16229 3313 3505
16230 3313 10629
16231 3313 10632
16232 3314 3460
16233 3314 3750
16234 3314 14933
16235 3315 7101
16236 3315 10814
16237 3316 3317
16238 3316 3319
16239 3316 3398
16240 3316 3405
16241 3317 3319
16242 3317 3405
16243 3317 10625
16244 3317 10626
16245 3317 10638
16246 3318 6897
16247 3318 8186
16248 3318 8187
16249 3318 8201
16250 3318 13513
16251 3318 13533
16252 3319 3398
16253 3319 10625
16254 3320 3354
16255 3320 14635
16256 3320 14721
16257 3320 14738
16258 3321 6316
16259 3321 11121
16260 3322 4890
16261 3322 5087
16262 3322 5775
16263 3322 5777
16264 3322 6370
16265 3322 6375
16266 3323 5918
16267 3323 6526
16268 3323 6627
16269 3323 8790
16270 3323 13265
16271 3323 14002
16272 3324 3370
16273 3324 11121
16274 3324 14458
16275 3325 10665
16276 3325 10694
16277 3326 3343
16278 3326 5510
16279 3326 8869
16280 3326 13961
16281 3326 14271
16282 3327 5988
16283 3327 8473
16284 3327 9970
16285 3327 10665
16286 3328 4396
16287 3328 12499
16288 3328 12502
16289 3328 12623
16290 3328 12963
16291 3328 13005
16292 3329 4435
16293 3329 4517
16294 3329 4562
16295 3329 4564
16296 3329 12618
16297 3330 8739
16298 3330 9914
16299 3331 3334
16300 3331 10194
16301 3331 12057
16302 3331 14461
16303 3332 8481
16304 3332 12954
16305 3332 12960
16306 3332 12962
16307 3333 5277
16308 3333 10716
16309 3333 11021
16310 3333 14671
16311 3334 8539
16312 3334 10028
16313 3334 12057
16314 3334 14259
16315 3334 14461
16316 3335 3358
16317 3335 8539
16318 3335 8960
16319 3335 9598
16320 3335 13865
16321 3336 5630
16322 3336 6043
16323 3336 6099
16324 3336 14558
16325 3336 14730
16326 3337 3341
16327 3337 11628
16328 3337 12302
16329 3337 13411
16330 3338 5046
16331 3338 6636
16332 3338 6643
16333 3338 10457
16334 3338 13727
16335 3339 7527
16336 3339 7528
16337 3339 7529
16338 3339 7679
16339 3339 7803
16340 3340 3403
16341 3340 7490
16342 3340 13089
16343 3340 13585
16344 3341 4068
16345 3341 4212
16346 3341 11628
16347 3341 13411
16348 3342 4068
16349 3342 7532
16350 3342 10670
16351 3343 5510
16352 3343 5537
16353 3343 13717
16354 3343 13961
16355 3343 14495
16356 3344 3345
16357 3344 9436
16358 3344 11147
16359 3345 4779
16360 3345 6813
16361 3346 3376
16362 3346 13749
16363 3347 4276
16364 3347 4277
16365 3347 10041
16366 3347 11066
16367 3347 14671
16368 3348 7330
16369 3348 7362
16370 3348 8892
16371 3349 7170
16372 3349 7580
16373 3349 7813
16374 3349 10699
16375 3350 4081
16376 3350 4083
16377 3350 4412
16378 3350 14276
16379 3350 14336
16380 3351 5583
16381 3351 5828
16382 3351 6299
16383 3351 10897
16384 3352 3586
16385 3352 14096
16386 3353 3750
16387 3353 3815
16388 3353 4164
16389 3353 14010
16390 3353 14692
16391 3354 14721
16392 3354 14723
16393 3354 14736
16394 3354 14738
16395 3355 3471
16396 3355 11628
16397 3356 3361
16398 3356 3469
16399 3356 6307
16400 3356 6315
16401 3356 6384
16402 3356 12522
16403 3357 5523
16404 3357 9708
16405 3357 9709
16406 3357 9725
16407 3357 9790
16408 3357 12751
16409 3358 8539
16410 3358 8960
16411 3358 9964
16412 3358 10028
16413 3359 3483
16414 3359 9947
16415 3359 10377
16416 3359 10739
16417 3360 4993
16418 3360 9977
16419 3360 10363
16420 3361 3464
16421 3361 5262
16422 3361 6307
16423 3361 6384
16424 3361 14411
16425 3362 6099
16426 3362 9109
16427 3362 14284
16428 3362 14469
16429 3362 14730
16430 3363 5539
16431 3363 5541
16432 3363 5912
16433 3363 5913
16434 3364 13169
16435 3365 9048
16436 3365 9050
16437 3365 9096
16438 3365 9099
16439 3365 11111
16440 3365 11113
16441 3366 6656
16442 3366 6660
16443 3366 8586
16444 3366 9677
16445 3367 4914
16446 3367 5009
16447 3367 6507
16448 3367 6546
16449 3367 9290
16450 3367 14061
16451 3368 4798
16452 3368 5799
16453 3368 8775
16454 3368 10240
16455 3368 10250
16456 3368 10904
16457 3369 5150
16458 3369 5441
16459 3369 5443
16460 3369 9229
16461 3369 10262
16462 3370 6029
16463 3370 6316
16464 3370 11121
16465 3371 7341
16466 3371 11166
16467 3371 13098
16468 3371 13949
16469 3371 13950
16470 3372 3527
16471 3372 9999
16472 3372 10613
16473 3372 10619
16474 3372 10703
16475 3372 12172
16476 3373 14972
16477 3374 10305
16478 3374 10309
16479 3374 10311
16480 3374 10469
16481 3374 10470
16482 3375 5882
16483 3375 10405
16484 3375 12475
16485 3375 14311
16486 3376 4410
16487 3376 5256
16488 3376 5950
16489 3376 13749
16490 3377 3379
16491 3377 10270
16492 3377 12003
16493 3378 5733
16494 3378 8495
16495 3378 13432
16496 3378 14125
16497 3379 3396
16498 3379 10270
16499 3380 4888
16500 3380 5074
16501 3380 7052
16502 3380 10971
16503 3381 3396
16504 3381 3508
16505 3381 7005
16506 3381 8660
16507 3382 7586
16508 3382 12348
16509 3382 12351
16510 3382 13090
16511 3383 4352
16512 3383 5025
16513 3383 5027
16514 3383 10936
16515 3383 11385
16516 3383 14524
16517 3383 14526
16518 3384 6136
16519 3384 8603
16520 3384 11309
16521 3385 5995
16522 3385 6319
16523 3385 6321
16524 3385 6339
16525 3385 10118
16526 3385 14418
16527 3386 3704
16528 3386 5563
16529 3386 6605
16530 3386 6943
16531 3387 3391
16532 3387 4774
16533 3387 8673
16534 3387 9528
16535 3388 4269
16536 3388 4776
16537 3388 5391
16538 3388 5393
16539 3388 5664
16540 3388 6785
16541 3389 6173
16542 3389 6585
16543 3389 7851
16544 3389 9121
16545 3389 9835
16546 3390 4915
16547 3390 5919
16548 3390 5920
16549 3390 8790
16550 3390 9131
16551 3391 3435
16552 3391 13193
16553 3392 3561
16554 3392 8137
16555 3392 8544
16556 3392 11429
16557 3392 11529
16558 3392 13306
16559 3393 5493
16560 3393 6254
16561 3393 8697
16562 3393 13720
16563 3393 14127
16564 3393 14391
16565 3394 3562
16566 3394 5231
16567 3394 6413
16568 3394 9501
16569 3395 4380
16570 3395 4920
16571 3395 4921
16572 3395 6054
16573 3396 5477
16574 3396 8660
16575 3397 3600
16576 3397 6858
16577 3397 6893
16578 3398 14217
16579 3399 12753
16580 3399 12906
16581 3399 12910
16582 3399 14020
16583 3400 11456
16584 3400 11590
16585 3400 11705
16586 3400 12583
16587 3400 12978
16588 3401 4530
16589 3401 8861
16590 3401 9343
16591 3401 11095
16592 3401 11096
16593 3402 3857
16594 3402 7898
16595 3402 7950
16596 3402 8170
16597 3402 8248
16598 3403 5020
16599 3403 7490
16600 3403 12300
16601 3403 13581
16602 3404 4983
16603 3404 5669
16604 3404 5890
16605 3404 6655
16606 3405 10626
16607 3405 10628
16608 3405 10686
16609 3406 5435
16610 3406 5436
16611 3406 6740
16612 3406 10929
16613 3406 14709
16614 3407 9285
16615 3407 10633
16616 3407 10678
16617 3407 13257
16618 3408 9600
16619 3408 10634
16620 3408 10636
16621 3409 7074
16622 3409 9958
16623 3409 10733
16624 3409 11054
16625 3410 5487
16626 3410 9088
16627 3410 10648
16628 3410 10651
16629 3411 11720
16630 3411 13413
16631 3412 4080
16632 3412 7104
16633 3412 8020
16634 3412 9771
16635 3413 7119
16636 3413 7200
16637 3413 10931
16638 3414 4180
16639 3414 11694
16640 3414 12964
16641 3415 11621
16642 3415 11625
16643 3415 11664
16644 3415 11719
16645 3416 11623
16646 3416 11627
16647 3416 11662
16648 3416 13863
16649 3417 11529
16650 3417 11680
16651 3417 11682
16652 3417 14399
16653 3417 14788
16654 3418 11532
16655 3418 11534
16656 3419 6181
16657 3419 6215
16658 3419 6217
16659 3419 14102
16660 3420 11611
16661 3420 11612
16662 3420 11613
16663 3420 11689
16664 3421 11397
16665 3421 11560
16666 3421 11606
16667 3421 12481
16668 3422 3660
16669 3422 7051
16670 3422 7053
16671 3423 5237
16672 3423 8581
16673 3423 8783
16674 3423 11552
16675 3424 7755
16676 3424 8935
16677 3424 10953
16678 3424 11204
16679 3424 11206
16680 3425 8202
16681 3425 8579
16682 3425 10791
16683 3425 13022
16684 3425 14704
16685 3426 12099
16686 3426 12301
16687 3426 12350
16688 3426 13090
16689 3426 13116
16690 3427 7757
16691 3427 7996
16692 3427 8035
16693 3427 8540
16694 3427 8546
16695 3427 13405
16696 3428 8045
16697 3428 8048
16698 3428 8191
16699 3428 8587
16700 3428 11389
16701 3428 11398
16702 3429 5634
16703 3429 6592
16704 3429 11653
16705 3429 14513
16706 3430 7866
16707 3430 7869
16708 3430 7972
16709 3430 8467
16710 3430 13154
16711 3430 13155
16712 3431 7860
16713 3431 7861
16714 3431 7862
16715 3431 8460
16716 3431 13679
16717 3432 3861
16718 3432 5576
16719 3432 8355
16720 3432 10923
16721 3432 11362
16722 3433 8684
16723 3433 8685
16724 3433 10270
16725 3434 5893
16726 3434 12508
16727 3434 14424
16728 3435 8674
16729 3435 8706
16730 3435 10994
16731 3435 13193
16732 3436 9160
16733 3436 9183
16734 3436 9184
16735 3436 9509
16736 3437 4224
16737 3437 4226
16738 3437 14640
16739 3437 14693
16740 3438 8822
16741 3438 11336
16742 3438 11639
16743 3438 12534
16744 3438 12881
16745 3439 3469
16746 3439 4472
16747 3439 5291
16748 3439 12197
16749 3439 14409
16750 3439 14413
16751 3440 3441
16752 3440 8078
16753 3440 8164
16754 3440 8336
16755 3440 13495
16756 3441 6941
16757 3441 8078
16758 3441 8165
16759 3441 13495
16760 3442 8918
16761 3443 5022
16762 3443 5423
16763 3443 5454
16764 3443 14536
16765 3444 5199
16766 3444 5284
16767 3444 5798
16768 3444 10400
16769 3444 11994
16770 3445 5986
16771 3445 10486
16772 3445 14326
16773 3446 5459
16774 3446 6655
16775 3446 8586
16776 3446 14243
16777 3447 6155
16778 3447 7360
16779 3447 12275
16780 3447 12300
16781 3448 4998
16782 3448 11691
16783 3448 13353
16784 3449 4904
16785 3449 6389
16786 3449 13944
16787 3450 3862
16788 3450 5002
16789 3450 5450
16790 3450 5452
16791 3451 5151
16792 3451 8652
16793 3451 8722
16794 3451 10756
16795 3452 11998
16796 3452 13262
16797 3452 13294
16798 3452 13296
16799 3453 3923
16800 3453 3925
16801 3453 4102
16802 3453 9730
16803 3454 8087
16804 3454 8088
16805 3454 8327
16806 3454 8367
16807 3454 8370
16808 3455 5803
16809 3455 9124
16810 3455 14568
16811 3456 3722
16812 3456 5449
16813 3456 5450
16814 3456 6662
16815 3456 13760
16816 3457 7018
16817 3457 8331
16818 3457 13485
16819 3457 13858
16820 3457 13859
16821 3457 13927
16822 3458 4942
16823 3458 5504
16824 3458 14500
16825 3458 14501
16826 3459 3646
16827 3459 4415
16828 3459 4741
16829 3459 10903
16830 3460 3678
16831 3460 14697
16832 3460 14933
16833 3461 4797
16834 3461 5272
16835 3461 8447
16836 3462 9266
16837 3462 11496
16838 3462 13728
16839 3462 14274
16840 3463 4939
16841 3463 5475
16842 3463 5478
16843 3463 5503
16844 3463 5826
16845 3464 5262
16846 3464 6310
16847 3464 14411
16848 3464 14412
16849 3465 8010
16850 3465 8086
16851 3465 8158
16852 3465 11819
16853 3466 6895
16854 3466 6897
16855 3466 7390
16856 3466 13078
16857 3466 13633
16858 3466 13641
16859 3467 6964
16860 3467 6965
16861 3467 9489
16862 3467 14025
16863 3467 14037
16864 3468 6007
16865 3468 7644
16866 3468 11795
16867 3468 11980
16868 3468 11985
16869 3468 12073
16870 3469 5998
16871 3469 6315
16872 3469 12522
16873 3469 14409
16874 3469 14413
16875 3470 4418
16876 3470 4423
16877 3470 14592
16878 3470 14596
16879 3471 7074
16880 3471 9396
16881 3471 9956
16882 3472 13798
16883 3472 13804
16884 3472 13806
16885 3473 9960
16886 3473 13837
16887 3473 13838
16888 3474 4334
16889 3474 6626
16890 3474 10288
16891 3474 13841
16892 3474 13933
16893 3475 13809
16894 3475 13811
16895 3475 14257
16896 3476 13794
16897 3477 3831
16898 3477 7027
16899 3478 3479
16900 3479 13847
16901 3480 7025
16902 3480 13852
16903 3481 13786
16904 3482 3519
16905 3482 10206
16906 3483 4779
16907 3483 6813
16908 3483 9920
16909 3484 3555
16910 3484 7292
16911 3485 9247
16912 3485 10786
16913 3485 11193
16914 3485 13656
16915 3486 3487
16916 3486 3488
16917 3486 13661
16918 3487 3488
16919 3487 3510
16920 3488 3489
16921 3488 3509
16922 3489 3509
16923 3490 5044
16924 3490 6734
16925 3490 10457
16926 3491 5727
16927 3491 14375
16928 3491 14379
16929 3492 9498
16930 3492 12603
16931 3492 13595
16932 3493 7620
16933 3493 9213
16934 3494 13580
16935 3494 13584
16936 3494 13696
16937 3495 7169
16938 3495 11062
16939 3495 13580
16940 3495 13718
16941 3496 11750
16942 3496 12413
16943 3496 13388
16944 3497 13573
16945 3498 7701
16946 3499 5400
16947 3499 7495
16948 3499 7497
16949 3499 7503
16950 3499 13571
16951 3500 7504
16952 3500 7506
16953 3501 7172
16954 3501 7498
16955 3502 5672
16956 3502 7620
16957 3502 11391
16958 3503 9068
16959 3503 9246
16960 3503 10275
16961 3503 10397
16962 3503 11071
16963 3503 13356
16964 3504 14183
16965 3505 5477
16966 3505 10632
16967 3506 5728
16968 3506 6941
16969 3506 8332
16970 3506 8334
16971 3506 14339
16972 3507 7009
16973 3507 9218
16974 3507 9818
16975 3507 9942
16976 3507 11123
16977 3507 11855
16978 3508 7005
16979 3508 8660
16980 3508 9285
16981 3509 3511
16982 3509 7282
16983 3511 7096
16984 3511 7282
16985 3512 5410
16986 3512 6019
16987 3512 14216
16988 3512 14270
16989 3513 7299
16990 3513 8416
16991 3513 12239
16992 3513 13541
16993 3514 3529
16994 3514 7874
16995 3514 9622
16996 3514 9779
16997 3514 10062
16998 3514 10065
16999 3514 12755
17000 3516 4989
17001 3516 6565
17002 3516 7878
17003 3516 14474
17004 3517 5671
17005 3517 10674
17006 3517 10727
17007 3517 10797
17008 3517 10877
17009 3517 14332
17010 3518 10723
17011 3518 10725
17012 3518 11698
17013 3519 3521
17014 3519 10206
17015 3520 6117
17016 3520 6300
17017 3520 6301
17018 3520 6307
17019 3520 12522
17020 3520 14409
17021 3521 7140
17022 3521 7191
17023 3522 3523
17024 3523 3525
17025 3524 3582
17026 3524 12707
17027 3525 6588
17028 3525 7136
17029 3526 9186
17030 3526 13187
17031 3526 13757
17032 3527 7209
17033 3527 9787
17034 3527 9999
17035 3527 12172
17036 3527 12473
17037 3528 7141
17038 3528 7144
17039 3528 9122
17040 3529 7874
17041 3529 8792
17042 3529 9778
17043 3529 12755
17044 3530 3531
17045 3530 7468
17046 3530 11847
17047 3532 13442
17048 3532 13444
17049 3533 10747
17050 3533 12731
17051 3533 12733
17052 3533 12737
17053 3533 14726
17054 3534 10559
17055 3534 10809
17056 3534 11057
17057 3535 13167
17058 3535 14428
17059 3536 6128
17060 3536 11463
17061 3536 11470
17062 3536 13278
17063 3537 8196
17064 3537 9838
17065 3537 11407
17066 3538 14909
17067 3539 5274
17068 3539 8205
17069 3539 8496
17070 3539 12050
17071 3539 12051
17072 3539 13252
17073 3539 13308
17074 3540 9935
17075 3540 9941
17076 3540 9949
17077 3540 10187
17078 3540 10766
17079 3541 8107
17080 3541 12286
17081 3542 5137
17082 3542 12808
17083 3543 12847
17084 3543 13199
17085 3544 11887
17086 3544 12165
17087 3544 12166
17088 3545 9808
17089 3545 15001
17090 3546 10842
17091 3546 11865
17092 3546 13697
17093 3547 11770
17094 3547 13158
17095 3547 13160
17096 3548 3991
17097 3548 8337
17098 3548 9191
17099 3548 10390
17100 3548 12734
17101 3549 3659
17102 3549 5786
17103 3549 13936
17104 3550 3662
17105 3550 7406
17106 3550 10418
17107 3550 10917
17108 3550 13834
17109 3551 3664
17110 3551 6542
17111 3551 7010
17112 3551 7312
17113 3552 3667
17114 3552 7011
17115 3552 7284
17116 3553 3670
17117 3553 7030
17118 3553 7290
17119 3553 10920
17120 3553 13842
17121 3554 3670
17122 3554 11873
17123 3554 13842
17124 3554 14816
17125 3555 3673
17126 3556 3673
17127 3556 7767
17128 3557 3674
17129 3557 4967
17130 3557 7767
17131 3558 3672
17132 3558 3675
17133 3558 13922
17134 3559 3676
17135 3559 14201
17136 3560 4993
17137 3560 6469
17138 3560 8473
17139 3560 9969
17140 3561 11526
17141 3561 11527
17142 3561 11529
17143 3561 13306
17144 3562 5231
17145 3562 9039
17146 3562 13214
17147 3563 6855
17148 3563 6893
17149 3563 14151
17150 3564 6891
17151 3564 7076
17152 3564 14956
17153 3565 6412
17154 3565 10167
17155 3566 3567
17156 3566 7323
17157 3567 14893
17158 3568 12584
17159 3569 7186
17160 3569 10841
17161 3569 10846
17162 3569 10891
17163 3569 13254
17164 3570 6412
17165 3570 9300
17166 3571 5601
17167 3571 7039
17168 3571 8474
17169 3572 4917
17170 3572 9274
17171 3572 9625
17172 3572 9918
17173 3572 10744
17174 3573 3574
17175 3573 7701
17176 3574 6552
17177 3574 11561
17178 3576 7308
17179 3577 3848
17180 3577 4128
17181 3577 4137
17182 3577 13586
17183 3577 14831
17184 3578 4184
17185 3578 7007
17186 3578 13179
17187 3578 13866
17188 3579 7082
17189 3579 13179
17190 3579 14937
17191 3581 12401
17192 3582 12707
17193 3583 6198
17194 3583 10520
17195 3584 5988
17196 3584 8346
17197 3584 14440
17198 3585 4969
17199 3585 6715
17200 3585 11900
17201 3585 11904
17202 3585 12155
17203 3585 12980
17204 3586 14940
17205 3587 5418
17206 3587 5665
17207 3587 14691
17208 3588 7086
17209 3589 3590
17210 3589 6987
17211 3589 7334
17212 3590 6987
17213 3590 8081
17214 3591 3592
17215 3591 6973
17216 3591 7354
17217 3592 6973
17218 3593 10776
17219 3593 13037
17220 3594 6967
17221 3594 6968
17222 3594 13986
17223 3595 3597
17224 3595 7098
17225 3596 4555
17226 3596 4758
17227 3596 14882
17228 3597 6838
17229 3597 6961
17230 3597 13984
17231 3598 5283
17232 3598 7026
17233 3598 7033
17234 3598 7298
17235 3598 7300
17236 3599 6855
17237 3600 4437
17238 3600 6858
17239 3601 4232
17240 3601 4292
17241 3601 14689
17242 3602 3604
17243 3602 14875
17244 3602 14876
17245 3602 14877
17246 3603 9931
17247 3603 14879
17248 3603 14880
17249 3603 14881
17250 3604 3608
17251 3604 4448
17252 3604 4551
17253 3604 14875
17254 3604 14877
17255 3605 7389
17256 3605 11666
17257 3606 4227
17258 3606 6891
17259 3606 14950
17260 3607 6891
17261 3607 10167
17262 3607 14929
17263 3607 14950
17264 3608 3611
17265 3608 4448
17266 3608 4449
17267 3608 14873
17268 3608 14874
17269 3608 14875
17270 3609 8789
17271 3609 8872
17272 3609 8875
17273 3609 8879
17274 3609 12798
17275 3609 14187
17276 3610 7977
17277 3610 8053
17278 3610 8056
17279 3610 8151
17280 3610 8529
17281 3610 13398
17282 3611 3612
17283 3611 4449
17284 3611 4450
17285 3611 14873
17286 3612 4450
17287 3612 4451
17288 3612 4547
17289 3612 6853
17290 3612 14872
17291 3613 8036
17292 3613 8039
17293 3613 8200
17294 3613 8202
17295 3613 10791
17296 3613 12219
17297 3614 3615
17298 3614 6853
17299 3614 14872
17300 3615 14871
17301 3615 14872
17302 3616 6864
17303 3617 4328
17304 3617 4426
17305 3617 14616
17306 3618 10437
17307 3618 14948
17308 3619 4425
17309 3619 5238
17310 3619 7075
17311 3619 14948
17312 3620 3621
17313 3620 4454
17314 3620 4545
17315 3620 14867
17316 3620 14871
17317 3621 9256
17318 3621 14867
17319 3622 3624
17320 3622 9256
17321 3622 14866
17322 3623 4337
17323 3624 4455
17324 3624 9256
17325 3624 14865
17326 3624 14866
17327 3625 4339
17328 3626 4543
17329 3626 6851
17330 3626 14864
17331 3626 14865
17332 3628 3629
17333 3628 4542
17334 3628 6851
17335 3628 10991
17336 3628 14863
17337 3628 14864
17338 3629 3711
17339 3629 3713
17340 3629 6851
17341 3629 10991
17342 3629 14861
17343 3630 7831
17344 3630 11446
17345 3630 14759
17346 3630 14780
17347 3631 5595
17348 3631 5597
17349 3631 5983
17350 3631 5984
17351 3631 6356
17352 3632 6906
17353 3632 6907
17354 3632 8463
17355 3632 13973
17356 3633 7193
17357 3633 9367
17358 3633 9389
17359 3633 9755
17360 3634 4342
17361 3634 12845
17362 3635 4343
17363 3635 4344
17364 3635 5313
17365 3636 5187
17366 3636 6383
17367 3636 7413
17368 3636 7513
17369 3636 7702
17370 3636 13045
17371 3636 13046
17372 3637 9148
17373 3637 9149
17374 3637 9150
17375 3637 10146
17376 3637 11158
17377 3638 4345
17378 3638 4346
17379 3639 4421
17380 3639 14564
17381 3640 4418
17382 3640 4423
17383 3640 5247
17384 3641 9387
17385 3641 14855
17386 3642 3714
17387 3642 14793
17388 3642 14827
17389 3643 3784
17390 3643 11297
17391 3643 12028
17392 3643 12575
17393 3644 4414
17394 3644 14236
17395 3645 4415
17396 3645 10903
17397 3646 7251
17398 3646 10748
17399 3646 10903
17400 3646 14719
17401 3647 3772
17402 3647 11365
17403 3647 14843
17404 3648 3767
17405 3648 3769
17406 3648 14843
17407 3649 7749
17408 3649 7750
17409 3649 7751
17410 3649 7927
17411 3649 13147
17412 3650 3651
17413 3650 3763
17414 3650 3765
17415 3651 13937
17416 3651 13995
17417 3652 3653
17418 3652 3759
17419 3652 14839
17420 3652 14947
17421 3653 7063
17422 3653 13827
17423 3653 14947
17424 3654 7061
17425 3654 10899
17426 3654 14837
17427 3655 7057
17428 3656 6993
17429 3658 7265
17430 3658 10783
17431 3658 13829
17432 3659 3745
17433 3659 3746
17434 3659 5786
17435 3660 3661
17436 3660 7051
17437 3660 10973
17438 3661 7050
17439 3661 10973
17440 3662 13834
17441 3662 14685
17442 3662 14686
17443 3663 3736
17444 3663 7047
17445 3663 13835
17446 3663 14057
17447 3664 6542
17448 3664 6596
17449 3664 9525
17450 3665 6542
17451 3665 7284
17452 3665 7312
17453 3665 9525
17454 3666 4527
17455 3666 5226
17456 3666 10075
17457 3666 10077
17458 3666 10252
17459 3667 7011
17460 3667 7013
17461 3667 7286
17462 3668 3699
17463 3668 7288
17464 3669 3695
17465 3669 3696
17466 3670 7030
17467 3670 7292
17468 3670 13842
17469 3671 13922
17470 3671 14806
17471 3672 3683
17472 3672 3686
17473 3672 13922
17474 3673 7767
17475 3674 7767
17476 3676 3682
17477 3676 3683
17478 3677 3909
17479 3677 3953
17480 3677 4067
17481 3677 6518
17482 3677 7694
17483 3678 4167
17484 3678 14697
17485 3678 14853
17486 3678 14933
17487 3679 12418
17488 3679 12419
17489 3679 12445
17490 3680 8978
17491 3680 10564
17492 3680 14800
17493 3681 3682
17494 3681 3683
17495 3681 3686
17496 3681 4740
17497 3681 4742
17498 3681 7642
17499 3681 14800
17500 3682 3683
17501 3682 8978
17502 3682 14800
17503 3683 3686
17504 3684 4571
17505 3684 4702
17506 3684 14805
17507 3684 14806
17508 3684 14810
17509 3685 3687
17510 3685 3688
17511 3685 4574
17512 3685 5230
17513 3685 5234
17514 3685 14809
17515 3685 14810
17516 3686 7642
17517 3686 14805
17518 3687 3688
17519 3687 14051
17520 3687 14809
17521 3687 14814
17522 3687 14815
17523 3688 4575
17524 3688 5234
17525 3688 5235
17526 3688 14814
17527 3689 4761
17528 3689 5235
17529 3689 5578
17530 3689 14814
17531 3690 14814
17532 3690 14815
17533 3691 8800
17534 3691 8889
17535 3691 8891
17536 3691 10435
17537 3692 6449
17538 3692 6451
17539 3692 6453
17540 3692 6454
17541 3692 14104
17542 3693 3694
17543 3693 14817
17544 3693 14820
17545 3693 14821
17546 3694 4581
17547 3694 4583
17548 3694 4584
17549 3694 14817
17550 3694 14821
17551 3695 3696
17552 3695 14820
17553 3695 14822
17554 3695 14823
17555 3696 3698
17556 3696 14823
17557 3696 14824
17558 3697 10616
17559 3697 11882
17560 3697 12667
17561 3697 12780
17562 3697 13114
17563 3697 13559
17564 3698 3699
17565 3698 14824
17566 3698 14825
17567 3699 3700
17568 3699 14825
17569 3700 4588
17570 3700 4589
17571 3700 5302
17572 3700 14825
17573 3700 14826
17574 3701 6713
17575 3701 8899
17576 3701 11381
17577 3701 11383
17578 3701 11384
17579 3701 11392
17580 3702 5504
17581 3702 13783
17582 3703 6001
17583 3703 9461
17584 3703 14248
17585 3703 14255
17586 3703 14300
17587 3704 6605
17588 3704 11150
17589 3705 7830
17590 3705 7832
17591 3705 7834
17592 3705 8440
17593 3706 4748
17594 3706 6943
17595 3706 7072
17596 3706 14829
17597 3707 3709
17598 3707 12752
17599 3708 3852
17600 3708 3860
17601 3708 4130
17602 3708 7072
17603 3708 13359
17604 3708 14830
17605 3709 3711
17606 3709 12752
17607 3709 14861
17608 3710 6791
17609 3710 6792
17610 3710 14055
17611 3711 3713
17612 3711 14861
17613 3712 5153
17614 3712 10138
17615 3712 10139
17616 3712 10166
17617 3712 11991
17618 3712 13044
17619 3713 6851
17620 3714 4128
17621 3714 14831
17622 3714 14832
17623 3714 14833
17624 3715 7602
17625 3715 9549
17626 3715 9605
17627 3715 9642
17628 3715 10056
17629 3715 10282
17630 3716 5371
17631 3716 6551
17632 3716 13298
17633 3716 13588
17634 3716 14654
17635 3717 3855
17636 3717 3859
17637 3717 4594
17638 3717 5303
17639 3717 13683
17640 3717 14854
17641 3718 6718
17642 3718 6915
17643 3718 7414
17644 3718 13976
17645 3720 6596
17646 3720 6837
17647 3720 8577
17648 3720 14834
17649 3721 6946
17650 3721 8005
17651 3722 4289
17652 3722 5447
17653 3722 5449
17654 3722 6662
17655 3723 6946
17656 3723 14873
17657 3723 14874
17658 3724 3729
17659 3724 3731
17660 3724 3732
17661 3724 5245
17662 3725 14874
17663 3725 14875
17664 3726 13568
17665 3727 6621
17666 3727 7714
17667 3727 14961
17668 3728 3737
17669 3728 7171
17670 3728 13714
17671 3728 13716
17672 3729 4141
17673 3729 5245
17674 3729 10532
17675 3730 11076
17676 3730 11749
17677 3730 12040
17678 3730 13424
17679 3730 13566
17680 3731 3732
17681 3731 14713
17682 3732 5245
17683 3732 14713
17684 3733 12145
17685 3733 13722
17686 3733 14915
17687 3734 4569
17688 3734 5461
17689 3734 8302
17690 3734 9012
17691 3734 9019
17692 3734 9540
17693 3735 3836
17694 3735 3837
17695 3735 4143
17696 3735 10332
17697 3735 14682
17698 3736 14682
17699 3736 14683
17700 3736 14684
17701 3737 7167
17702 3737 13716
17703 3737 14951
17704 3738 3740
17705 3738 3834
17706 3738 8542
17707 3738 14683
17708 3738 14684
17709 3738 14685
17710 3739 6309
17711 3739 7498
17712 3739 14953
17713 3740 3833
17714 3740 4147
17715 3740 8542
17716 3740 14685
17717 3740 14686
17718 3741 4218
17719 3741 5429
17720 3741 11055
17721 3741 14116
17722 3741 14628
17723 3741 14700
17724 3742 7177
17725 3742 7502
17726 3742 13567
17727 3742 14954
17728 3743 5980
17729 3743 10772
17730 3743 11789
17731 3744 5718
17732 3744 5726
17733 3744 13248
17734 3744 13508
17735 3745 3746
17736 3745 3748
17737 3745 14711
17738 3746 3748
17739 3746 5786
17740 3746 14692
17741 3747 3748
17742 3747 3818
17743 3747 3822
17744 3747 13646
17745 3747 14010
17746 3748 3822
17747 3748 4156
17748 3748 14711
17749 3749 6727
17750 3749 6782
17751 3749 14087
17752 3749 14147
17753 3750 3815
17754 3750 14692
17755 3750 14933
17756 3751 5099
17757 3751 6441
17758 3751 13753
17759 3751 14383
17760 3752 4888
17761 3752 14699
17762 3753 5307
17763 3753 8071
17764 3753 8073
17765 3753 8515
17766 3753 8517
17767 3753 8723
17768 3753 9827
17769 3754 6658
17770 3754 7475
17771 3754 7541
17772 3755 3757
17773 3755 7475
17774 3755 7543
17775 3756 4852
17776 3756 4853
17777 3756 5124
17778 3756 5126
17779 3756 8409
17780 3756 13822
17781 3756 14178
17782 3757 6392
17783 3758 9811
17784 3758 14932
17785 3759 3761
17786 3759 14839
17787 3759 14840
17788 3759 14841
17789 3760 9811
17790 3760 11260
17791 3761 3763
17792 3761 14841
17793 3761 14842
17794 3762 3768
17795 3762 11260
17796 3762 13003
17797 3763 3765
17798 3763 4188
17799 3763 14842
17800 3764 14406
17801 3765 3767
17802 3765 4187
17803 3765 4188
17804 3766 3770
17805 3766 6873
17806 3766 13754
17807 3767 3769
17808 3767 4187
17809 3767 4189
17810 3768 14406
17811 3769 4189
17812 3769 8788
17813 3769 14843
17814 3770 6873
17815 3771 7573
17816 3771 7575
17817 3771 7577
17818 3771 12552
17819 3772 3774
17820 3772 11365
17821 3772 14843
17822 3772 14844
17823 3772 14845
17824 3773 3774
17825 3773 7278
17826 3773 14617
17827 3773 14845
17828 3773 14846
17829 3774 14844
17830 3774 14845
17831 3774 14846
17832 3774 14847
17833 3775 14977
17834 3775 14978
17835 3776 3779
17836 3776 14770
17837 3776 14846
17838 3776 14847
17839 3777 3779
17840 3777 3782
17841 3777 6839
17842 3777 8788
17843 3777 14844
17844 3777 14847
17845 3778 6134
17846 3778 14942
17847 3778 14979
17848 3779 3782
17849 3779 14847
17850 3780 3782
17851 3780 3793
17852 3780 6839
17853 3780 14848
17854 3781 4569
17855 3781 8977
17856 3781 8990
17857 3781 8995
17858 3781 9002
17859 3781 9019
17860 3782 6839
17861 3783 9064
17862 3783 9602
17863 3783 10320
17864 3783 12312
17865 3784 12030
17866 3785 7411
17867 3785 14983
17868 3785 14984
17869 3786 3819
17870 3786 14985
17871 3787 14985
17872 3787 14986
17873 3788 4251
17874 3788 4252
17875 3788 5837
17876 3788 14662
17877 3788 14668
17878 3789 3812
17879 3789 5176
17880 3789 10742
17881 3789 14987
17882 3790 8298
17883 3790 14988
17884 3791 4188
17885 3791 14842
17886 3791 14850
17887 3791 14851
17888 3792 8298
17889 3792 14989
17890 3793 4187
17891 3793 4189
17892 3793 6839
17893 3793 14848
17894 3793 14851
17895 3794 4146
17896 3794 14946
17897 3794 14990
17898 3795 4183
17899 3795 10407
17900 3795 13857
17901 3795 14509
17902 3795 14510
17903 3796 14991
17904 3796 14999
17905 3797 12241
17906 3797 14992
17907 3798 6242
17908 3798 10788
17909 3798 11522
17910 3798 11635
17911 3798 12303
17912 3798 13301
17913 3799 3805
17914 3799 10203
17915 3799 14997
17916 3800 6676
17917 3800 12531
17918 3800 12541
17919 3800 12543
17920 3800 12548
17921 3800 12673
17922 3801 3803
17923 3801 3805
17924 3801 14996
17925 3802 4234
17926 3802 5138
17927 3802 9248
17928 3802 11902
17929 3803 3805
17930 3804 6705
17931 3804 11591
17932 3804 12037
17933 3804 12720
17934 3804 14819
17935 3806 5715
17936 3806 6630
17937 3806 8189
17938 3806 11157
17939 3806 13227
17940 3807 5289
17941 3807 5295
17942 3807 5327
17943 3807 10732
17944 3807 14233
17945 3808 9808
17946 3808 14945
17947 3808 14946
17948 3809 3813
17949 3809 14944
17950 3809 15002
17951 3810 14945
17952 3810 15002
17953 3811 7982
17954 3811 8531
17955 3811 8533
17956 3811 8535
17957 3811 8996
17958 3811 11514
17959 3811 11515
17960 3811 13399
17961 3812 3814
17962 3812 10742
17963 3813 14944
17964 3813 15003
17965 3814 15004
17966 3815 4164
17967 3815 13994
17968 3815 14933
17969 3816 4164
17970 3816 12893
17971 3816 14010
17972 3816 14403
17973 3816 14660
17974 3817 4201
17975 3817 5886
17976 3817 12736
17977 3817 14710
17978 3817 14995
17979 3818 9772
17980 3818 12893
17981 3818 13646
17982 3818 14010
17983 3819 3821
17984 3820 9410
17985 3820 11642
17986 3820 11643
17987 3820 11645
17988 3820 11658
17989 3821 7086
17990 3821 14984
17991 3822 3823
17992 3822 4156
17993 3822 4158
17994 3822 13646
17995 3823 3824
17996 3823 4154
17997 3823 4156
17998 3823 4158
17999 3823 5399
18000 3824 3825
18001 3824 3826
18002 3824 4116
18003 3824 4154
18004 3824 5399
18005 3825 3826
18006 3825 3827
18007 3825 3894
18008 3825 4116
18009 3825 4152
18010 3826 3827
18011 3826 4154
18012 3826 14690
18013 3826 14712
18014 3827 4150
18015 3827 4152
18016 3827 14688
18017 3827 14690
18018 3828 5479
18019 3828 7884
18020 3828 8186
18021 3828 8187
18022 3828 8260
18023 3828 13884
18024 3829 3830
18025 3829 3892
18026 3829 3893
18027 3829 4150
18028 3829 4152
18029 3829 14655
18030 3830 4147
18031 3830 4150
18032 3830 10757
18033 3830 11189
18034 3830 14655
18035 3831 6681
18036 3831 7027
18037 3831 8432
18038 3831 13845
18039 3831 14251
18040 3832 3876
18041 3832 8244
18042 3832 8443
18043 3832 13483
18044 3832 13501
18045 3832 13503
18046 3833 3889
18047 3833 4119
18048 3833 8542
18049 3834 3835
18050 3834 4143
18051 3834 8542
18052 3834 14683
18053 3835 3836
18054 3835 4143
18055 3835 14060
18056 3835 14919
18057 3836 3837
18058 3836 3838
18059 3836 4143
18060 3836 14060
18061 3837 3838
18062 3837 3839
18063 3837 4142
18064 3837 10332
18065 3838 3886
18066 3838 4120
18067 3838 4142
18068 3838 14060
18069 3839 3840
18070 3839 4142
18071 3839 10332
18072 3840 3883
18073 3840 3885
18074 3840 4141
18075 3840 4142
18076 3841 3842
18077 3841 3882
18078 3841 3883
18079 3841 3884
18080 3841 4141
18081 3842 3844
18082 3842 3882
18083 3842 14836
18084 3843 9091
18085 3843 10182
18086 3843 11818
18087 3843 11964
18088 3843 12950
18089 3844 3881
18090 3844 3882
18091 3844 4139
18092 3845 3846
18093 3845 4139
18094 3845 6837
18095 3846 3867
18096 3846 4137
18097 3846 4138
18098 3846 6837
18099 3847 3879
18100 3847 4137
18101 3847 4138
18102 3847 9429
18103 3847 13586
18104 3847 14923
18105 3848 3849
18106 3848 3850
18107 3848 3865
18108 3848 13586
18109 3848 14831
18110 3849 3850
18111 3849 3879
18112 3849 3880
18113 3849 4124
18114 3849 13586
18115 3850 3864
18116 3850 3865
18117 3850 4124
18118 3850 4136
18119 3851 3852
18120 3851 3864
18121 3851 3877
18122 3851 4130
18123 3851 4136
18124 3852 4130
18125 3852 4135
18126 3852 13359
18127 3853 4135
18128 3853 13359
18129 3853 14777
18130 3854 12376
18131 3854 12378
18132 3854 12514
18133 3854 12561
18134 3854 12562
18135 3854 13025
18136 3855 3859
18137 3855 5303
18138 3855 8961
18139 3856 4738
18140 3856 5303
18141 3856 13683
18142 3857 7896
18143 3857 7950
18144 3857 8218
18145 3857 8248
18146 3857 8887
18147 3858 5874
18148 3858 6506
18149 3858 12955
18150 3858 14040
18151 3859 4127
18152 3859 4594
18153 3860 4127
18154 3860 13359
18155 3861 5361
18156 3861 10067
18157 3861 10923
18158 3861 13649
18159 3862 5022
18160 3862 5452
18161 3862 5453
18162 3862 5525
18163 3863 5506
18164 3863 6700
18165 3863 14254
18166 3864 3865
18167 3864 4130
18168 3864 4136
18169 3864 12441
18170 3865 10295
18171 3865 12441
18172 3865 14831
18173 3866 7096
18174 3866 7151
18175 3866 7153
18176 3866 7282
18177 3866 9902
18178 3866 13991
18179 3867 4128
18180 3867 4137
18181 3867 6837
18182 3867 14833
18183 3867 14834
18184 3868 9902
18185 3868 13872
18186 3869 9419
18187 3869 9821
18188 3869 9822
18189 3870 4127
18190 3870 4591
18191 3870 4593
18192 3870 4743
18193 3870 11039
18194 3871 6207
18195 3871 7394
18196 3871 7396
18197 3871 12239
18198 3871 12432
18199 3872 4595
18200 3872 4596
18201 3872 13683
18202 3872 14854
18203 3873 3875
18204 3873 3917
18205 3873 3919
18206 3873 4103
18207 3873 14220
18208 3874 4598
18209 3874 6085
18210 3874 10591
18211 3874 10799
18212 3874 11686
18213 3876 7942
18214 3876 13499
18215 3876 13501
18216 3876 13503
18217 3876 13536
18218 3877 4124
18219 3877 4136
18220 3877 9055
18221 3877 12988
18222 3878 3980
18223 3878 7253
18224 3878 7256
18225 3878 7429
18226 3878 7430
18227 3878 13029
18228 3879 3880
18229 3879 6808
18230 3879 9429
18231 3879 13586
18232 3880 4124
18233 3880 6805
18234 3880 6808
18235 3880 12988
18236 3881 3882
18237 3881 4122
18238 3881 4139
18239 3881 9204
18240 3881 14922
18241 3882 3884
18242 3882 4122
18243 3883 3884
18244 3883 3885
18245 3883 4141
18246 3883 14920
18247 3884 4122
18248 3884 14920
18249 3885 3886
18250 3885 4121
18251 3885 4142
18252 3885 14920
18253 3886 4120
18254 3886 4121
18255 3886 4142
18256 3886 6821
18257 3887 3888
18258 3887 3901
18259 3887 3906
18260 3887 4120
18261 3887 10487
18262 3887 14060
18263 3888 3901
18264 3888 4113
18265 3888 4114
18266 3888 10487
18267 3889 3891
18268 3889 4118
18269 3889 4119
18270 3889 14918
18271 3890 3897
18272 3890 4114
18273 3890 4119
18274 3890 10487
18275 3890 14918
18276 3890 14919
18277 3891 3897
18278 3891 4118
18279 3891 14912
18280 3891 14917
18281 3891 14918
18282 3892 3893
18283 3892 4117
18284 3892 4118
18285 3892 14655
18286 3892 14917
18287 3893 3894
18288 3893 3896
18289 3893 3898
18290 3893 4117
18291 3893 4152
18292 3894 3895
18293 3894 3896
18294 3894 4116
18295 3894 4152
18296 3895 3896
18297 3895 4116
18298 3895 14914
18299 3896 3898
18300 3896 14914
18301 3897 3899
18302 3897 4114
18303 3897 14911
18304 3897 14912
18305 3897 14918
18306 3898 4117
18307 3898 4259
18308 3898 14665
18309 3898 14914
18310 3899 4262
18311 3899 8018
18312 3899 14911
18313 3899 14912
18314 3900 11261
18315 3900 11476
18316 3900 11477
18317 3900 11488
18318 3900 14152
18319 3901 3902
18320 3901 3906
18321 3901 4113
18322 3901 13370
18323 3902 3904
18324 3902 3966
18325 3902 4113
18326 3902 13370
18327 3903 9112
18328 3903 10858
18329 3903 10896
18330 3903 10960
18331 3903 13150
18332 3904 3966
18333 3904 4057
18334 3904 4060
18335 3904 13370
18336 3905 3906
18337 3905 4110
18338 3905 4121
18339 3905 6821
18340 3905 6944
18341 3905 9003
18342 3906 4110
18343 3906 4120
18344 3906 6821
18345 3906 13370
18346 3907 3960
18347 3907 4061
18348 3907 4109
18349 3907 4110
18350 3907 9003
18351 3908 3958
18352 3908 4064
18353 3908 5198
18354 3908 7694
18355 3909 3910
18356 3909 3953
18357 3909 4108
18358 3909 6518
18359 3910 4108
18360 3910 6518
18361 3910 6952
18362 3910 10802
18363 3910 14785
18364 3911 3951
18365 3911 3952
18366 3911 4108
18367 3912 3949
18368 3912 4107
18369 3912 14069
18370 3913 3943
18371 3913 3946
18372 3913 3948
18373 3913 6829
18374 3913 7496
18375 3913 14653
18376 3914 3943
18377 3914 4106
18378 3914 6833
18379 3914 14653
18380 3915 3916
18381 3915 4106
18382 3915 6800
18383 3915 6803
18384 3915 6833
18385 3915 14062
18386 3916 4105
18387 3916 4106
18388 3916 7365
18389 3916 14292
18390 3917 3918
18391 3917 3919
18392 3917 6793
18393 3917 13914
18394 3918 4105
18395 3918 6793
18396 3918 13913
18397 3919 3920
18398 3919 3922
18399 3919 4103
18400 3919 13914
18401 3920 3921
18402 3920 3922
18403 3920 13914
18404 3920 14012
18405 3921 3922
18406 3921 3923
18407 3921 3927
18408 3921 4102
18409 3921 14012
18410 3922 3923
18411 3922 3924
18412 3922 4103
18413 3923 3924
18414 3923 4102
18415 3923 9730
18416 3924 4103
18417 3924 9730
18418 3924 14220
18419 3925 4101
18420 3925 4600
18421 3925 4601
18422 3925 9730
18423 3926 4096
18424 3926 4099
18425 3926 4601
18426 3926 4734
18427 3926 6549
18428 3927 4098
18429 3927 4099
18430 3927 4102
18431 3927 14012
18432 3928 3933
18433 3928 4094
18434 3928 4098
18435 3928 6313
18436 3929 3930
18437 3929 4048
18438 3929 6549
18439 3929 13136
18440 3930 4096
18441 3930 6497
18442 3930 6549
18443 3931 4094
18444 3931 6313
18445 3931 11196
18446 3932 9955
18447 3932 9956
18448 3932 10370
18449 3933 3936
18450 3933 4037
18451 3933 4040
18452 3933 4091
18453 3933 4094
18454 3933 14013
18455 3934 5471
18456 3934 5583
18457 3934 11049
18458 3934 14499
18459 3935 3938
18460 3935 4091
18461 3935 6795
18462 3935 14013
18463 3936 4037
18464 3936 4091
18465 3936 14204
18466 3937 4086
18467 3937 4089
18468 3937 6795
18469 3937 8320
18470 3938 4091
18471 3938 14204
18472 3938 14206
18473 3938 14213
18474 3939 4086
18475 3939 13913
18476 3939 14292
18477 3939 14295
18478 3940 3941
18479 3940 4079
18480 3940 4082
18481 3940 4363
18482 3941 4079
18483 3941 7365
18484 3941 10199
18485 3941 14295
18486 3942 4029
18487 3942 6553
18488 3942 6558
18489 3942 6867
18490 3943 3945
18491 3943 3946
18492 3943 10199
18493 3943 14653
18494 3944 8349
18495 3944 8618
18496 3944 12774
18497 3944 12775
18498 3944 12828
18499 3944 12830
18500 3945 3946
18501 3945 4076
18502 3945 4078
18503 3945 7127
18504 3945 10199
18505 3946 3948
18506 3946 4076
18507 3947 3948
18508 3947 3950
18509 3947 4021
18510 3947 4074
18511 3947 4076
18512 3947 4353
18513 3948 3950
18514 3948 4076
18515 3948 7496
18516 3949 3950
18517 3949 12928
18518 3950 4074
18519 3951 3952
18520 3951 12928
18521 3951 14589
18522 3952 6847
18523 3952 13795
18524 3953 3954
18525 3953 4067
18526 3953 6847
18527 3954 4009
18528 3954 4011
18529 3954 4067
18530 3954 6847
18531 3954 13795
18532 3955 7104
18533 3955 9771
18534 3955 11697
18535 3955 13343
18536 3955 13394
18537 3956 9781
18538 3956 12311
18539 3956 12317
18540 3956 13086
18541 3957 3989
18542 3957 12318
18543 3957 12322
18544 3957 12439
18545 3957 12444
18546 3958 3959
18547 3958 4007
18548 3958 4012
18549 3958 4064
18550 3958 4066
18551 3959 3960
18552 3959 3961
18553 3959 4005
18554 3959 4007
18555 3959 4064
18556 3960 3961
18557 3960 4061
18558 3960 4064
18559 3960 4109
18560 3961 4005
18561 3961 4061
18562 3961 7035
18563 3962 4004
18564 3962 4017
18565 3962 4388
18566 3963 7533
18567 3963 7535
18568 3963 10699
18569 3964 8644
18570 3964 8645
18571 3964 8729
18572 3964 12713
18573 3964 12760
18574 3964 12868
18575 3965 3966
18576 3965 4055
18577 3965 4057
18578 3965 6688
18579 3965 11041
18580 3966 4057
18581 3966 4113
18582 3966 6688
18583 3967 3968
18584 3967 3999
18585 3967 4053
18586 3967 4055
18587 3967 6690
18588 3967 11041
18589 3968 4053
18590 3968 6688
18591 3968 9223
18592 3968 11041
18593 3968 14211
18594 3969 3970
18595 3969 3998
18596 3969 4053
18597 3969 4260
18598 3969 8018
18599 3969 9223
18600 3970 3996
18601 3970 3998
18602 3970 4051
18603 3970 4260
18604 3971 3972
18605 3971 4051
18606 3971 4258
18607 3971 4260
18608 3971 14664
18609 3971 14791
18610 3972 3973
18611 3972 4049
18612 3972 4051
18613 3972 4258
18614 3972 9967
18615 3973 3974
18616 3973 3994
18617 3973 4047
18618 3973 4049
18619 3973 9967
18620 3974 3975
18621 3974 3976
18622 3974 4047
18623 3974 4049
18624 3974 4257
18625 3975 3976
18626 3975 3977
18627 3975 3993
18628 3975 4046
18629 3975 4047
18630 3975 10810
18631 3976 4046
18632 3976 4257
18633 3976 14561
18634 3976 14666
18635 3977 3990
18636 3977 3993
18637 3977 4036
18638 3977 10810
18639 3977 12026
18640 3978 4046
18641 3978 4785
18642 3978 4919
18643 3978 9302
18644 3978 10810
18645 3978 12026
18646 3979 3981
18647 3979 3982
18648 3979 4787
18649 3979 4919
18650 3979 6693
18651 3979 9302
18652 3979 14818
18653 3980 7429
18654 3980 7526
18655 3980 7686
18656 3980 12365
18657 3980 13029
18658 3981 3982
18659 3981 3988
18660 3981 6693
18661 3981 14926
18662 3982 4787
18663 3982 4788
18664 3982 14869
18665 3983 4878
18666 3983 5098
18667 3983 5286
18668 3983 8133
18669 3984 4039
18670 3984 8133
18671 3984 9544
18672 3984 14869
18673 3985 5542
18674 3985 6270
18675 3985 6271
18676 3985 9887
18677 3985 14273
18678 3986 3988
18679 3986 4038
18680 3986 4880
18681 3986 6702
18682 3986 9544
18683 3987 3988
18684 3987 4881
18685 3987 5093
18686 3987 6702
18687 3987 10850
18688 3987 14926
18689 3988 6702
18690 3988 14926
18691 3989 4396
18692 3989 12439
18693 3989 12444
18694 3989 13005
18695 3990 4031
18696 3990 4036
18697 3990 6771
18698 3990 12026
18699 3991 11777
18700 3991 13159
18701 3991 13161
18702 3992 8868
18703 3992 9270
18704 3992 9295
18705 3992 9664
18706 3992 10340
18707 3993 4028
18708 3993 4036
18709 3993 4047
18710 3993 4632
18711 3993 5089
18712 3994 3995
18713 3994 4028
18714 3994 4047
18715 3994 9967
18716 3995 4019
18717 3995 4026
18718 3995 9967
18719 3996 3997
18720 3996 3998
18721 3996 4024
18722 3996 4026
18723 3997 4024
18724 3997 4026
18725 3997 4889
18726 3997 9873
18727 3998 3999
18728 3998 4024
18729 3998 4053
18730 3999 4000
18731 3999 4022
18732 3999 4024
18733 3999 4053
18734 3999 6690
18735 4000 4001
18736 4000 4022
18737 4000 4890
18738 4000 4891
18739 4000 6690
18740 4001 4018
18741 4001 4891
18742 4001 6690
18743 4001 14210
18744 4002 4214
18745 4002 4215
18746 4002 6751
18747 4002 6752
18748 4002 6766
18749 4002 13883
18750 4003 4576
18751 4003 8738
18752 4003 8974
18753 4003 10919
18754 4003 10926
18755 4004 4017
18756 4004 5781
18757 4004 7035
18758 4005 4007
18759 4005 4015
18760 4005 7035
18761 4005 14856
18762 4006 4007
18763 4006 4008
18764 4006 4012
18765 4006 5079
18766 4006 5785
18767 4006 14856
18768 4007 4012
18769 4007 14856
18770 4008 4009
18771 4008 4010
18772 4008 4012
18773 4008 4899
18774 4008 5785
18775 4009 4010
18776 4009 4011
18777 4009 4012
18778 4009 4066
18779 4009 4067
18780 4010 4011
18781 4010 4013
18782 4010 4899
18783 4011 4013
18784 4011 13795
18785 4012 4066
18786 4013 4899
18787 4013 5076
18788 4014 4016
18789 4014 4902
18790 4014 5789
18791 4014 14589
18792 4014 14590
18793 4014 14789
18794 4015 4895
18795 4015 4896
18796 4015 5781
18797 4015 7035
18798 4015 14856
18799 4016 4071
18800 4016 14588
18801 4016 14589
18802 4016 14590
18803 4017 4018
18804 4017 4388
18805 4017 13941
18806 4018 4388
18807 4018 4891
18808 4018 4892
18809 4018 13941
18810 4018 14210
18811 4019 4026
18812 4019 4887
18813 4020 4021
18814 4020 4355
18815 4020 5072
18816 4020 13944
18817 4020 14588
18818 4020 14590
18819 4021 4074
18820 4021 4353
18821 4021 4355
18822 4021 14588
18823 4022 4024
18824 4022 4889
18825 4022 4890
18826 4022 5775
18827 4023 4025
18828 4023 4353
18829 4023 4355
18830 4023 4357
18831 4023 7127
18832 4024 4889
18833 4025 4027
18834 4025 4078
18835 4025 4357
18836 4025 4359
18837 4025 7127
18838 4027 4078
18839 4027 4079
18840 4027 4359
18841 4027 4361
18842 4028 4047
18843 4028 5089
18844 4028 6600
18845 4029 4971
18846 4029 4972
18847 4029 6553
18848 4030 4082
18849 4030 4363
18850 4030 4365
18851 4030 5066
18852 4030 5068
18853 4030 5795
18854 4030 14209
18855 4031 4033
18856 4031 6693
18857 4031 9302
18858 4031 12026
18859 4032 4089
18860 4032 4365
18861 4032 4367
18862 4032 8320
18863 4032 14213
18864 4033 4884
18865 4033 6693
18866 4033 10850
18867 4033 14926
18868 4034 4035
18869 4034 4367
18870 4034 4369
18871 4034 4912
18872 4035 4367
18873 4035 4372
18874 4035 14204
18875 4035 14206
18876 4036 4632
18877 4036 4885
18878 4036 6771
18879 4037 4040
18880 4037 4372
18881 4037 14204
18882 4038 4880
18883 4038 8133
18884 4038 9544
18885 4038 14198
18886 4039 4789
18887 4039 5263
18888 4039 14869
18889 4040 4094
18890 4041 5024
18891 4041 14486
18892 4042 6388
18893 4042 7090
18894 4042 9385
18895 4042 9388
18896 4042 12500
18897 4042 12657
18898 4043 4376
18899 4043 5776
18900 4043 6497
18901 4043 11196
18902 4043 14568
18903 4044 5614
18904 4044 5696
18905 4044 5720
18906 4044 6141
18907 4044 14084
18908 4045 4203
18909 4045 11664
18910 4045 11717
18911 4046 4785
18912 4046 10810
18913 4046 14666
18914 4048 4050
18915 4048 4378
18916 4048 4381
18917 4048 13136
18918 4049 4257
18919 4049 4258
18920 4049 14665
18921 4050 4052
18922 4050 4381
18923 4050 4383
18924 4050 4385
18925 4050 13136
18926 4051 4260
18927 4051 9967
18928 4052 4385
18929 4052 4602
18930 4052 4734
18931 4052 11989
18932 4052 13136
18933 4053 9223
18934 4054 4600
18935 4054 4601
18936 4054 4602
18937 4054 4603
18938 4054 4604
18939 4054 10750
18940 4055 6690
18941 4055 11041
18942 4055 14210
18943 4056 4058
18944 4056 4389
18945 4056 4604
18946 4056 4694
18947 4056 10750
18948 4057 4060
18949 4058 4389
18950 4058 4391
18951 4058 4606
18952 4058 4694
18953 4058 6069
18954 4059 4062
18955 4059 4391
18956 4059 4394
18957 4059 4928
18958 4059 6069
18959 4059 13799
18960 4060 4061
18961 4062 4063
18962 4062 4394
18963 4062 4395
18964 4062 10804
18965 4062 13799
18966 4063 4394
18967 4063 4398
18968 4063 4690
18969 4063 4692
18970 4063 5571
18971 4063 10804
18972 4064 4109
18973 4064 5198
18974 4065 4070
18975 4065 4398
18976 4065 4399
18977 4065 4400
18978 4065 4688
18979 4065 5569
18980 4066 4067
18981 4068 4212
18982 4068 10670
18983 4069 8840
18984 4069 10560
18985 4070 4399
18986 4070 4400
18987 4070 6687
18988 4070 11791
18989 4070 14445
18990 4071 4074
18991 4071 12928
18992 4071 14588
18993 4071 14589
18994 4072 4073
18995 4072 4402
18996 4072 4404
18997 4072 4407
18998 4072 4686
18999 4073 4075
19000 4073 4404
19001 4073 4407
19002 4073 6685
19003 4073 13791
19004 4074 14588
19005 4075 4077
19006 4075 4407
19007 4075 4409
19008 4075 6684
19009 4075 13791
19010 4076 4353
19011 4076 7127
19012 4077 4409
19013 4077 5638
19014 4077 5969
19015 4077 6684
19016 4077 13789
19017 4077 14253
19018 4078 4079
19019 4078 7127
19020 4078 10199
19021 4079 10199
19022 4080 7104
19023 4080 11702
19024 4080 13349
19025 4080 14021
19026 4081 4083
19027 4081 4129
19028 4081 4412
19029 4081 5561
19030 4081 14587
19031 4082 4363
19032 4082 14209
19033 4083 4129
19034 4083 5033
19035 4083 6733
19036 4083 14276
19037 4084 8282
19038 4084 8410
19039 4084 13800
19040 4084 13804
19041 4084 13805
19042 4084 13806
19043 4085 5274
19044 4085 6584
19045 4085 11157
19046 4085 13308
19047 4086 8320
19048 4086 14209
19049 4087 4088
19050 4087 4678
19051 4087 6787
19052 4087 14585
19053 4087 14586
19054 4088 4416
19055 4088 14223
19056 4088 14585
19057 4088 14586
19058 4089 8320
19059 4089 14213
19060 4090 4092
19061 4090 4419
19062 4090 4422
19063 4090 5232
19064 4090 6677
19065 4090 13779
19066 4091 14013
19067 4091 14204
19068 4092 4153
19069 4092 4419
19070 4092 4424
19071 4092 5232
19072 4093 5896
19073 4093 6072
19074 4093 6074
19075 4093 14148
19076 4093 14150
19077 4094 6313
19078 4095 4149
19079 4095 4429
19080 4095 4467
19081 4095 5232
19082 4095 14584
19083 4096 4098
19084 4096 4099
19085 4096 6313
19086 4096 6549
19087 4097 4100
19088 4097 4149
19089 4097 4429
19090 4097 4431
19091 4097 6683
19092 4098 4099
19093 4098 6313
19094 4099 4102
19095 4100 4431
19096 4100 14219
19097 4101 4600
19098 4101 4603
19099 4101 9730
19100 4103 14220
19101 4104 11764
19102 4104 12832
19103 4105 13913
19104 4105 14292
19105 4106 6833
19106 4106 7365
19107 4107 7496
19108 4107 9841
19109 4107 14069
19110 4108 10802
19111 4108 14071
19112 4109 5198
19113 4109 9003
19114 4110 9003
19115 4110 13370
19116 4111 10319
19117 4111 10320
19118 4111 10553
19119 4111 10554
19120 4111 10556
19121 4112 7458
19122 4112 10316
19123 4112 14436
19124 4113 6688
19125 4114 10487
19126 4114 14911
19127 4115 4117
19128 4115 4259
19129 4115 14664
19130 4115 14912
19131 4115 14917
19132 4117 4259
19133 4117 14917
19134 4118 10757
19135 4118 14655
19136 4118 14917
19137 4119 14918
19138 4119 14919
19139 4120 6821
19140 4120 14060
19141 4121 6821
19142 4121 6944
19143 4121 14920
19144 4122 6812
19145 4122 6814
19146 4122 9204
19147 4123 6722
19148 4123 8974
19149 4123 10921
19150 4123 10926
19151 4123 12853
19152 4123 13985
19153 4124 4136
19154 4124 12988
19155 4125 4135
19156 4125 6807
19157 4125 14016
19158 4125 14925
19159 4126 7022
19160 4126 7023
19161 4126 7025
19162 4126 8445
19163 4127 4593
19164 4127 4594
19165 4128 4137
19166 4128 14831
19167 4128 14833
19168 4129 5558
19169 4129 5561
19170 4130 12441
19171 4130 14830
19172 4131 7753
19173 4131 8910
19174 4131 8911
19175 4131 8913
19176 4131 10412
19177 4131 11280
19178 4132 7722
19179 4132 7724
19180 4132 7731
19181 4132 7846
19182 4132 8580
19183 4133 4900
19184 4133 4901
19185 4133 6385
19186 4133 14624
19187 4134 6800
19188 4134 6803
19189 4134 8961
19190 4134 14777
19191 4134 14925
19192 4135 13359
19193 4135 14777
19194 4135 14925
19195 4137 4138
19196 4137 13586
19197 4138 14923
19198 4139 14922
19199 4140 9098
19200 4140 10325
19201 4140 13256
19202 4140 13302
19203 4141 5245
19204 4143 14682
19205 4143 14683
19206 4144 6598
19207 4144 6599
19208 4144 13689
19209 4144 14360
19210 4145 4592
19211 4145 9177
19212 4145 9257
19213 4145 9847
19214 4145 11030
19215 4146 14990
19216 4147 10757
19217 4147 14686
19218 4148 4151
19219 4148 4424
19220 4148 4478
19221 4148 4480
19222 4148 14584
19223 4149 4429
19224 4149 4467
19225 4150 4152
19226 4150 11189
19227 4150 14688
19228 4151 4153
19229 4151 4161
19230 4151 4424
19231 4151 4478
19232 4151 7048
19233 4153 4161
19234 4153 4419
19235 4153 4424
19236 4153 4470
19237 4154 4156
19238 4154 14711
19239 4154 14712
19240 4155 4157
19241 4155 4678
19242 4155 4720
19243 4155 6787
19244 4155 9510
19245 4156 14711
19246 4157 4622
19247 4157 4720
19248 4157 9510
19249 4158 4261
19250 4158 5399
19251 4158 9772
19252 4158 13646
19253 4159 8691
19254 4159 8692
19255 4159 8694
19256 4159 13239
19257 4160 9247
19258 4160 10778
19259 4160 13849
19260 4160 14658
19261 4161 4470
19262 4161 6042
19263 4161 7048
19264 4162 7129
19265 4162 8474
19266 4162 11022
19267 4162 14895
19268 4163 4474
19269 4163 4478
19270 4163 4486
19271 4163 4717
19272 4163 7048
19273 4164 13994
19274 4164 14010
19275 4164 14403
19276 4165 9611
19277 4165 9613
19278 4165 9630
19279 4165 10072
19280 4165 10256
19281 4165 14153
19282 4166 4478
19283 4166 4480
19284 4166 4481
19285 4166 4483
19286 4166 6720
19287 4167 14697
19288 4167 14853
19289 4168 4483
19290 4168 4485
19291 4168 4486
19292 4168 6193
19293 4169 4467
19294 4169 4480
19295 4169 4481
19296 4169 14584
19297 4170 7374
19298 4170 7381
19299 4170 12319
19300 4170 14215
19301 4171 4172
19302 4171 4577
19303 4171 8269
19304 4171 14583
19305 4172 6720
19306 4172 8269
19307 4173 4174
19308 4173 4176
19309 4173 11125
19310 4174 4175
19311 4174 4176
19312 4174 4621
19313 4174 14503
19314 4175 4176
19315 4175 4621
19316 4175 4623
19317 4175 5829
19318 4175 14505
19319 4176 6726
19320 4176 6783
19321 4176 11125
19322 4176 14505
19323 4177 4531
19324 4177 9192
19325 4177 9856
19326 4177 14505
19327 4178 4179
19328 4178 6727
19329 4178 6782
19330 4178 8752
19331 4178 14506
19332 4179 4625
19333 4179 6782
19334 4179 9856
19335 4180 10719
19336 4180 11802
19337 4181 4182
19338 4181 4185
19339 4181 8752
19340 4181 8944
19341 4182 4185
19342 4182 4528
19343 4182 14507
19344 4182 14509
19345 4183 4491
19346 4183 4528
19347 4183 4631
19348 4183 14509
19349 4183 14510
19350 4184 7013
19351 4184 13866
19352 4184 13916
19353 4185 8752
19354 4185 13924
19355 4185 14506
19356 4185 14507
19357 4186 5283
19358 4186 5412
19359 4186 7033
19360 4186 7302
19361 4187 4188
19362 4187 4189
19363 4187 14851
19364 4188 14842
19365 4188 14851
19366 4189 6839
19367 4189 8788
19368 4190 4192
19369 4190 4193
19370 4190 4526
19371 4190 4634
19372 4190 4829
19373 4190 11871
19374 4191 4192
19375 4191 4193
19376 4191 4197
19377 4191 6730
19378 4191 14741
19379 4192 4193
19380 4192 4829
19381 4192 6731
19382 4192 14741
19383 4193 4194
19384 4193 4197
19385 4193 4634
19386 4193 4636
19387 4194 4197
19388 4194 4636
19389 4194 4638
19390 4194 14514
19391 4194 14516
19392 4195 4196
19393 4195 13867
19394 4195 14135
19395 4195 14514
19396 4195 14516
19397 4195 14518
19398 4196 4199
19399 4196 4200
19400 4196 14135
19401 4196 14518
19402 4196 14651
19403 4197 6730
19404 4197 6732
19405 4197 14514
19406 4198 4540
19407 4198 10242
19408 4198 13333
19409 4198 13334
19410 4199 4200
19411 4199 5886
19412 4199 13871
19413 4199 14651
19414 4199 14908
19415 4200 4523
19416 4200 5886
19417 4200 14518
19418 4200 14710
19419 4201 4202
19420 4201 14995
19421 4202 4642
19422 4202 5438
19423 4202 6863
19424 4202 9836
19425 4203 11716
19426 4203 11717
19427 4203 13310
19428 4203 13312
19429 4203 14202
19430 4204 4207
19431 4204 6742
19432 4204 10929
19433 4204 14128
19434 4205 4206
19435 4205 4207
19436 4205 4316
19437 4205 8612
19438 4205 13293
19439 4205 14707
19440 4206 4644
19441 4206 13293
19442 4206 14709
19443 4207 5433
19444 4207 14128
19445 4207 14707
19446 4208 4210
19447 4208 5433
19448 4208 6746
19449 4208 13877
19450 4208 14706
19451 4208 14707
19452 4209 4313
19453 4209 4315
19454 4209 10849
19455 4209 12572
19456 4210 4315
19457 4210 4316
19458 4210 10849
19459 4210 14706
19460 4210 14707
19461 4211 6749
19462 4211 10849
19463 4211 12572
19464 4211 13878
19465 4211 14705
19466 4211 14706
19467 4212 10663
19468 4212 10670
19469 4212 13411
19470 4213 4216
19471 4213 4310
19472 4213 5431
19473 4213 6594
19474 4213 14626
19475 4213 14703
19476 4214 4215
19477 4214 4216
19478 4214 6766
19479 4214 14702
19480 4214 14703
19481 4215 4217
19482 4215 6752
19483 4215 14702
19484 4216 7835
19485 4216 14626
19486 4216 14702
19487 4216 14703
19488 4217 4309
19489 4217 6130
19490 4217 14627
19491 4217 14702
19492 4218 4221
19493 4218 11055
19494 4218 13126
19495 4218 14628
19496 4218 14698
19497 4219 4221
19498 4219 5426
19499 4219 5428
19500 4219 13896
19501 4219 14113
19502 4219 14698
19503 4220 8921
19504 4220 8922
19505 4220 8923
19506 4220 10404
19507 4221 4305
19508 4221 5352
19509 4221 5428
19510 4221 13126
19511 4221 14698
19512 4222 4223
19513 4222 5426
19514 4222 6765
19515 4222 14111
19516 4222 14694
19517 4222 14696
19518 4223 4225
19519 4223 5355
19520 4223 14629
19521 4223 14694
19522 4223 14696
19523 4224 4225
19524 4224 4226
19525 4224 5424
19526 4224 14640
19527 4224 14694
19528 4225 4302
19529 4225 5355
19530 4225 5424
19531 4225 14694
19532 4226 13895
19533 4226 14111
19534 4226 14694
19535 4228 4229
19536 4228 4801
19537 4228 5418
19538 4228 5422
19539 4228 5688
19540 4229 4801
19541 4229 5418
19542 4229 14547
19543 4229 14691
19544 4230 5460
19545 4230 6440
19546 4230 7425
19547 4230 7672
19548 4230 7696
19549 4230 13033
19550 4231 4292
19551 4231 6551
19552 4231 10790
19553 4231 13298
19554 4231 14689
19555 4232 6706
19556 4232 13591
19557 4232 14681
19558 4232 14689
19559 4233 12013
19560 4233 12047
19561 4233 12296
19562 4234 9248
19563 4234 11902
19564 4234 14491
19565 4235 4973
19566 4235 10175
19567 4235 12821
19568 4235 12944
19569 4236 4799
19570 4236 5272
19571 4237 8447
19572 4237 11176
19573 4237 11640
19574 4237 13807
19575 4237 14680
19576 4238 4239
19577 4238 5268
19578 4238 5682
19579 4238 5684
19580 4238 14676
19581 4239 13807
19582 4239 14676
19583 4240 8456
19584 4240 8884
19585 4240 10221
19586 4240 11405
19587 4240 11440
19588 4240 13482
19589 4241 9268
19590 4241 13909
19591 4241 14554
19592 4242 4796
19593 4242 7658
19594 4242 10230
19595 4243 4777
19596 4243 5257
19597 4243 7658
19598 4243 10230
19599 4243 14555
19600 4243 14672
19601 4244 4245
19602 4244 4790
19603 4244 5372
19604 4244 7163
19605 4245 5372
19606 4245 5512
19607 4246 4247
19608 4246 4790
19609 4246 5512
19610 4246 6704
19611 4247 4249
19612 4247 4775
19613 4247 5512
19614 4247 14557
19615 4248 10298
19616 4248 10366
19617 4248 10454
19618 4248 14421
19619 4249 4775
19620 4249 9816
19621 4249 14669
19622 4250 4251
19623 4250 4788
19624 4250 5263
19625 4250 12431
19626 4250 12483
19627 4250 14559
19628 4251 4788
19629 4251 12483
19630 4251 14668
19631 4252 4254
19632 4252 4263
19633 4252 5397
19634 4252 5837
19635 4252 14662
19636 4253 4255
19637 4253 4261
19638 4253 5397
19639 4253 5399
19640 4253 14667
19641 4254 4785
19642 4254 4919
19643 4254 5397
19644 4254 5837
19645 4254 14667
19646 4254 14818
19647 4255 4256
19648 4255 5399
19649 4256 4257
19650 4256 14561
19651 4256 14914
19652 4257 14561
19653 4257 14665
19654 4257 14914
19655 4258 4259
19656 4258 14664
19657 4258 14665
19658 4259 14664
19659 4259 14665
19660 4260 8018
19661 4260 14791
19662 4261 4263
19663 4261 5397
19664 4261 5399
19665 4261 9772
19666 4262 8018
19667 4262 9223
19668 4262 14211
19669 4262 14911
19670 4263 5397
19671 4263 9772
19672 4263 14662
19673 4264 9933
19674 4264 11680
19675 4264 11682
19676 4264 13449
19677 4265 10815
19678 4265 12893
19679 4265 14662
19680 4266 4267
19681 4266 8265
19682 4266 14669
19683 4267 6033
19684 4267 8265
19685 4267 10269
19686 4268 8338
19687 4268 13504
19688 4268 13574
19689 4268 13702
19690 4268 13705
19691 4269 5391
19692 4269 5393
19693 4269 6033
19694 4269 14736
19695 4269 14738
19696 4270 7907
19697 4270 9275
19698 4270 10399
19699 4270 10721
19700 4270 10829
19701 4270 13347
19702 4271 5253
19703 4271 5255
19704 4271 6785
19705 4271 9904
19706 4271 10677
19707 4271 14743
19708 4272 4273
19709 4272 4275
19710 4272 4771
19711 4272 4773
19712 4272 5249
19713 4272 5251
19714 4273 4275
19715 4273 4773
19716 4273 5390
19717 4273 7269
19718 4274 4770
19719 4274 4781
19720 4274 5165
19721 4274 5658
19722 4274 14652
19723 4275 4770
19724 4275 5249
19725 4275 7269
19726 4275 9850
19727 4276 4384
19728 4276 5277
19729 4276 10041
19730 4276 14671
19731 4277 11021
19732 4277 14671
19733 4278 5442
19734 4278 6647
19735 4278 6652
19736 4278 11116
19737 4278 13744
19738 4279 14756
19739 4279 14762
19740 4279 14799
19741 4280 4901
19742 4280 5076
19743 4280 5789
19744 4280 14789
19745 4281 8945
19746 4281 9837
19747 4281 9924
19748 4281 11028
19749 4281 14465
19750 4282 7168
19751 4282 9107
19752 4282 13570
19753 4282 13575
19754 4283 4285
19755 4283 4356
19756 4283 4358
19757 4283 4360
19758 4283 10874
19759 4284 11821
19760 4284 11845
19761 4284 14229
19762 4285 4360
19763 4285 5373
19764 4285 10043
19765 4285 11436
19766 4285 14641
19767 4286 4288
19768 4286 4298
19769 4286 4299
19770 4286 4371
19771 4286 5293
19772 4286 5359
19773 4287 7779
19774 4287 7852
19775 4287 10008
19776 4287 10009
19777 4287 10010
19778 4287 10608
19779 4288 5293
19780 4288 5359
19781 4288 5371
19782 4288 6617
19783 4288 14654
19784 4289 4529
19785 4289 6662
19786 4289 13762
19787 4289 14243
19788 4290 6798
19789 4290 6802
19790 4290 12379
19791 4290 14079
19792 4291 6997
19793 4291 7051
19794 4291 10973
19795 4291 14870
19796 4292 13298
19797 4292 14638
19798 4292 14689
19799 4293 5421
19800 4293 5425
19801 4293 5454
19802 4293 14344
19803 4293 14353
19804 4294 4819
19805 4294 5705
19806 4294 6741
19807 4294 6770
19808 4294 13873
19809 4295 6083
19810 4295 6114
19811 4295 11803
19812 4295 14173
19813 4295 14174
19814 4296 5573
19815 4296 6715
19816 4296 7029
19817 4296 11899
19818 4296 11900
19819 4296 12156
19820 4297 6296
19821 4297 6531
19822 4297 11630
19823 4297 11682
19824 4298 4299
19825 4298 4300
19826 4298 5359
19827 4299 4300
19828 4299 4371
19829 4299 14641
19830 4300 11436
19831 4300 14641
19832 4301 11443
19833 4301 13260
19834 4302 5295
19835 4302 5355
19836 4302 5424
19837 4302 14233
19838 4302 14630
19839 4303 8538
19840 4303 8546
19841 4303 11519
19842 4303 11584
19843 4303 13297
19844 4303 14361
19845 4304 4305
19846 4304 5428
19847 4304 14629
19848 4304 14696
19849 4305 5352
19850 4305 5428
19851 4305 10816
19852 4306 4307
19853 4306 4325
19854 4306 4326
19855 4306 14628
19856 4306 14678
19857 4306 14700
19858 4307 4325
19859 4307 4368
19860 4307 5352
19861 4307 13126
19862 4307 14614
19863 4307 14628
19864 4308 4309
19865 4308 5349
19866 4308 5351
19867 4308 14179
19868 4308 14618
19869 4308 14627
19870 4309 5349
19871 4309 7835
19872 4309 14627
19873 4309 14702
19874 4310 4311
19875 4310 6594
19876 4310 8173
19877 4310 9376
19878 4310 14626
19879 4311 4312
19880 4311 8173
19881 4311 9376
19882 4311 10836
19883 4311 14625
19884 4312 4322
19885 4312 5336
19886 4312 9376
19887 4312 10836
19888 4312 14179
19889 4313 9761
19890 4313 12572
19891 4313 14521
19892 4313 14625
19893 4314 4318
19894 4314 4320
19895 4314 9761
19896 4314 14622
19897 4315 4316
19898 4315 10849
19899 4316 8612
19900 4316 14707
19901 4317 4518
19902 4317 5342
19903 4317 8612
19904 4317 13293
19905 4318 4320
19906 4318 4434
19907 4318 4566
19908 4318 14622
19909 4319 4433
19910 4319 4567
19911 4319 10224
19912 4319 13833
19913 4319 14621
19914 4320 4566
19915 4320 5346
19916 4320 9761
19917 4321 4322
19918 4321 4430
19919 4321 10224
19920 4321 13669
19921 4321 13833
19922 4322 5336
19923 4322 13669
19924 4323 4324
19925 4323 4428
19926 4323 14618
19927 4324 4428
19928 4324 4570
19929 4324 13669
19930 4325 4326
19931 4325 4328
19932 4325 14614
19933 4325 14616
19934 4326 5334
19935 4326 5351
19936 4326 14616
19937 4326 14678
19938 4327 4329
19939 4327 4330
19940 4328 5332
19941 4328 14614
19942 4328 14616
19943 4329 4330
19944 4329 5329
19945 4329 5332
19946 4329 9161
19947 4330 4331
19948 4330 4370
19949 4330 5329
19950 4330 14613
19951 4331 4370
19952 4331 4445
19953 4331 9152
19954 4331 14610
19955 4331 14613
19956 4332 4425
19957 4332 5327
19958 4332 10437
19959 4332 10732
19960 4332 14610
19961 4333 5326
19962 4333 10437
19963 4334 8759
19964 4334 10288
19965 4334 11610
19966 4334 13841
19967 4334 13846
19968 4335 4338
19969 4335 5324
19970 4335 9465
19971 4336 4358
19972 4336 5301
19973 4336 5324
19974 4336 14605
19975 4336 14607
19976 4337 4339
19977 4337 9465
19978 4337 14603
19979 4338 5305
19980 4338 5324
19981 4338 9465
19982 4338 14605
19983 4339 14603
19984 4340 8083
19985 4340 8333
19986 4340 13494
19987 4340 14339
19988 4341 4342
19989 4341 4344
19990 4341 12845
19991 4342 12845
19992 4343 4346
19993 4343 5313
19994 4343 5314
19995 4343 14595
19996 4344 5313
19997 4344 12845
19998 4345 4346
19999 4345 4347
20000 4345 14591
20001 4345 14593
20002 4346 5314
20003 4346 14593
20004 4347 4348
20005 4347 14591
20006 4347 14593
20007 4347 14758
20008 4347 14799
20009 4348 4349
20010 4348 14564
20011 4348 14591
20012 4348 14755
20013 4348 14758
20014 4349 4421
20015 4349 14564
20016 4349 14566
20017 4349 14753
20018 4349 14755
20019 4350 4390
20020 4350 4420
20021 4350 10551
20022 4350 14566
20023 4350 14753
20024 4351 6003
20025 4351 9100
20026 4351 9378
20027 4351 9748
20028 4351 9845
20029 4352 5377
20030 4352 11385
20031 4352 14526
20032 4352 14530
20033 4353 4355
20034 4353 7127
20035 4354 4356
20036 4354 5305
20037 4354 5322
20038 4354 10874
20039 4355 13944
20040 4356 4358
20041 4356 5305
20042 4356 10874
20043 4356 14605
20044 4357 4359
20045 4357 4905
20046 4358 4360
20047 4358 5301
20048 4358 14605
20049 4359 4361
20050 4359 4733
20051 4359 4905
20052 4360 4362
20053 4360 5301
20054 4360 5373
20055 4361 4363
20056 4361 4733
20057 4361 5068
20058 4362 5297
20059 4362 5299
20060 4362 5301
20061 4362 5373
20062 4362 13980
20063 4363 5068
20064 4364 13251
20065 4365 5066
20066 4365 8320
20067 4365 14209
20068 4366 9592
20069 4366 11433
20070 4367 14206
20071 4367 14213
20072 4368 5329
20073 4368 5352
20074 4368 9161
20075 4368 10816
20076 4368 14614
20077 4369 4372
20078 4369 4912
20079 4369 9460
20080 4369 12114
20081 4370 4445
20082 4370 5329
20083 4370 10816
20084 4371 5293
20085 4371 5373
20086 4371 13980
20087 4371 14641
20088 4372 9460
20089 4372 14204
20090 4373 4374
20091 4373 5062
20092 4373 5801
20093 4373 9460
20094 4374 4376
20095 4374 5062
20096 4374 14487
20097 4375 5622
20098 4375 8695
20099 4375 8701
20100 4375 8936
20101 4375 9937
20102 4376 11196
20103 4376 14487
20104 4376 14568
20105 4377 5388
20106 4377 7269
20107 4377 14811
20108 4378 4380
20109 4378 4381
20110 4378 5776
20111 4378 6699
20112 4379 5281
20113 4379 11021
20114 4379 14802
20115 4380 4921
20116 4380 5776
20117 4380 6699
20118 4381 4383
20119 4381 6699
20120 4381 13803
20121 4382 4386
20122 4382 5275
20123 4382 10716
20124 4382 14749
20125 4382 14751
20126 4383 4385
20127 4383 4925
20128 4383 13803
20129 4383 14345
20130 4384 4781
20131 4384 5275
20132 4384 5277
20133 4384 14652
20134 4385 6696
20135 4385 11989
20136 4385 14345
20137 4386 5275
20138 4386 5388
20139 4386 7615
20140 4386 14749
20141 4387 4389
20142 4387 6695
20143 4387 6696
20144 4387 13802
20145 4388 14210
20146 4389 4391
20147 4389 6695
20148 4390 10551
20149 4390 14592
20150 4390 14804
20151 4390 14808
20152 4391 4928
20153 4391 6069
20154 4391 6695
20155 4391 6860
20156 4392 7324
20157 4392 12315
20158 4392 14167
20159 4392 14215
20160 4393 5110
20161 4393 6447
20162 4393 7709
20163 4393 10049
20164 4393 10528
20165 4393 10546
20166 4394 4692
20167 4394 6069
20168 4395 4930
20169 4395 5816
20170 4395 6689
20171 4395 10804
20172 4395 13799
20173 4396 12444
20174 4396 12502
20175 4396 13005
20176 4396 13006
20177 4397 4629
20178 4397 6920
20179 4397 6922
20180 4397 6923
20181 4397 14026
20182 4398 4399
20183 4398 4690
20184 4398 5569
20185 4398 10804
20186 4399 6689
20187 4399 10804
20188 4399 11791
20189 4400 4402
20190 4400 4688
20191 4400 5567
20192 4400 6687
20193 4401 6822
20194 4401 6868
20195 4401 6942
20196 4401 7391
20197 4401 9687
20198 4401 10780
20199 4402 4404
20200 4402 4686
20201 4402 5567
20202 4402 6687
20203 4403 8013
20204 4403 11428
20205 4403 11817
20206 4403 12208
20207 4403 14063
20208 4403 14347
20209 4404 6685
20210 4404 6687
20211 4404 13793
20212 4405 4741
20213 4405 14612
20214 4405 14615
20215 4405 14774
20216 4406 5256
20217 4406 5258
20218 4406 10998
20219 4406 13749
20220 4406 14236
20221 4407 4409
20222 4407 4684
20223 4408 4410
20224 4408 5256
20225 4408 10998
20226 4408 14599
20227 4408 14602
20228 4408 14778
20229 4409 4684
20230 4409 5969
20231 4409 8595
20232 4410 5256
20233 4410 5950
20234 4410 14599
20235 4411 4412
20236 4411 4616
20237 4411 5638
20238 4411 5969
20239 4411 9975
20240 4411 14587
20241 4412 5638
20242 4412 14336
20243 4412 14587
20244 4413 7587
20245 4413 7588
20246 4413 7590
20247 4413 7618
20248 4413 10461
20249 4414 5246
20250 4414 5258
20251 4414 14236
20252 4414 14608
20253 4414 14609
20254 4415 5246
20255 4415 10903
20256 4416 5558
20257 4416 13783
20258 4416 14586
20259 4417 5141
20260 4417 5146
20261 4417 5442
20262 4417 10262
20263 4418 4423
20264 4418 5252
20265 4418 14596
20266 4419 4470
20267 4419 12591
20268 4420 4423
20269 4420 5247
20270 4420 14566
20271 4421 14564
20272 4421 14566
20273 4422 4468
20274 4422 6677
20275 4422 6678
20276 4423 5247
20277 4425 5238
20278 4425 14610
20279 4425 14613
20280 4426 5236
20281 4426 5334
20282 4426 14616
20283 4427 5166
20284 4427 8702
20285 4427 12785
20286 4427 12795
20287 4428 5236
20288 4429 5232
20289 4429 6683
20290 4429 13779
20291 4430 4570
20292 4430 10224
20293 4430 13669
20294 4431 6675
20295 4431 6683
20296 4431 14219
20297 4431 14227
20298 4432 4521
20299 4432 6994
20300 4432 10763
20301 4432 10980
20302 4432 13879
20303 4432 13880
20304 4433 4567
20305 4433 10224
20306 4434 4435
20307 4434 4566
20308 4434 5342
20309 4434 14622
20310 4435 4517
20311 4435 4518
20312 4435 5342
20313 4436 7656
20314 4436 8446
20315 4436 11621
20316 4436 11625
20317 4436 11684
20318 4437 4438
20319 4437 4560
20320 4437 4561
20321 4438 4439
20322 4438 4558
20323 4438 4559
20324 4438 4560
20325 4439 4513
20326 4439 4558
20327 4439 4559
20328 4439 4652
20329 4439 4654
20330 4439 14161
20331 4440 4556
20332 4440 4558
20333 4440 4654
20334 4441 4556
20335 4441 4654
20336 4441 4656
20337 4441 8838
20338 4441 9678
20339 4441 14161
20340 4442 4503
20341 4442 4505
20342 4442 4507
20343 4442 4554
20344 4442 4557
20345 4443 4444
20346 4443 4553
20347 4443 4554
20348 4443 4555
20349 4443 14880
20350 4443 14881
20351 4443 14882
20352 4444 4501
20353 4444 4503
20354 4444 4552
20355 4444 4553
20356 4444 4554
20357 4445 9152
20358 4445 10375
20359 4446 4534
20360 4446 4760
20361 4446 5947
20362 4446 5949
20363 4446 6020
20364 4447 4496
20365 4447 4552
20366 4447 4668
20367 4447 6050
20368 4448 4449
20369 4448 4550
20370 4448 4551
20371 4449 4450
20372 4449 4550
20373 4450 4547
20374 4450 4549
20375 4451 4452
20376 4451 4547
20377 4451 4548
20378 4451 4754
20379 4451 14872
20380 4452 4490
20381 4452 4546
20382 4452 4548
20383 4452 4754
20384 4452 5489
20385 4453 4454
20386 4453 4489
20387 4453 4544
20388 4453 4545
20389 4453 4546
20390 4454 4545
20391 4454 4546
20392 4454 4754
20393 4454 14871
20394 4455 4543
20395 4455 8855
20396 4455 14865
20397 4456 4457
20398 4456 4542
20399 4456 4543
20400 4456 14864
20401 4457 4541
20402 4457 4542
20403 4457 5632
20404 4458 4459
20405 4458 4479
20406 4458 4508
20407 4458 4539
20408 4458 4541
20409 4458 14863
20410 4459 4477
20411 4459 4508
20412 4459 4538
20413 4459 4539
20414 4459 13093
20415 4460 4510
20416 4460 4537
20417 4460 4538
20418 4460 5636
20419 4461 4463
20420 4461 4512
20421 4461 4537
20422 4461 5636
20423 4461 14582
20424 4462 7586
20425 4462 12343
20426 4462 12346
20427 4462 12348
20428 4462 12349
20429 4462 12429
20430 4463 4512
20431 4463 14582
20432 4464 6639
20433 4464 9169
20434 4464 9201
20435 4464 9253
20436 4464 11171
20437 4465 13188
20438 4465 13190
20439 4465 13425
20440 4466 7209
20441 4466 9628
20442 4466 9784
20443 4466 11816
20444 4466 12473
20445 4467 14584
20446 4468 4729
20447 4468 5626
20448 4468 6677
20449 4468 6678
20450 4468 13785
20451 4469 14930
20452 4469 14962
20453 4470 7185
20454 4470 12591
20455 4471 4474
20456 4471 6042
20457 4471 13133
20458 4472 5291
20459 4472 12197
20460 4472 14408
20461 4472 14453
20462 4472 14456
20463 4473 6431
20464 4473 7914
20465 4473 7935
20466 4473 8315
20467 4474 4717
20468 4474 6042
20469 4474 7048
20470 4474 13133
20471 4475 4510
20472 4475 4512
20473 4475 4515
20474 4475 4537
20475 4475 14494
20476 4476 6120
20477 4476 6296
20478 4476 8550
20479 4476 8551
20480 4476 13315
20481 4477 4508
20482 4477 4510
20483 4477 4538
20484 4478 4480
20485 4478 7048
20486 4479 4508
20487 4479 4541
20488 4479 5628
20489 4480 4481
20490 4480 14584
20491 4481 6720
20492 4482 4484
20493 4482 4498
20494 4482 4504
20495 4482 4625
20496 4482 5631
20497 4482 10689
20498 4483 4485
20499 4483 6720
20500 4483 8269
20501 4484 4498
20502 4484 4504
20503 4484 4544
20504 4484 8855
20505 4485 4487
20506 4485 6193
20507 4485 8269
20508 4485 14583
20509 4486 4628
20510 4486 4717
20511 4486 6193
20512 4487 4565
20513 4487 4568
20514 4487 4572
20515 4487 4700
20516 4487 6193
20517 4487 14583
20518 4488 4491
20519 4488 4528
20520 4488 5486
20521 4488 8591
20522 4488 8944
20523 4488 10142
20524 4489 4544
20525 4489 4546
20526 4489 5486
20527 4489 10142
20528 4490 4548
20529 4490 5489
20530 4490 5491
20531 4490 8591
20532 4491 4528
20533 4491 4631
20534 4491 8591
20535 4492 6626
20536 4492 14675
20537 4493 4494
20538 4493 4547
20539 4493 4548
20540 4493 4549
20541 4493 5491
20542 4493 14580
20543 4494 4495
20544 4494 4549
20545 4494 14580
20546 4494 14581
20547 4495 4499
20548 4495 4525
20549 4495 4634
20550 4495 14580
20551 4495 14581
20552 4496 4499
20553 4496 4550
20554 4496 6050
20555 4496 14581
20556 4497 10084
20557 4497 10239
20558 4497 10271
20559 4497 10272
20560 4497 10388
20561 4497 10581
20562 4498 4625
20563 4498 4627
20564 4499 4500
20565 4499 4525
20566 4499 6050
20567 4499 14581
20568 4500 4525
20569 4500 4636
20570 4500 4638
20571 4500 4666
20572 4500 6050
20573 4501 4503
20574 4501 4552
20575 4501 4662
20576 4501 4664
20577 4501 4668
20578 4502 6499
20579 4502 7089
20580 4502 11382
20581 4503 4505
20582 4503 4554
20583 4503 4662
20584 4504 5631
20585 4505 4662
20586 4505 12736
20587 4506 4619
20588 4506 4621
20589 4506 5628
20590 4506 5629
20591 4506 5829
20592 4507 4557
20593 4507 4658
20594 4507 8838
20595 4507 9678
20596 4509 5073
20597 4509 5075
20598 4509 5077
20599 4509 5363
20600 4509 5365
20601 4509 14542
20602 4510 4537
20603 4510 4538
20604 4511 11757
20605 4511 11758
20606 4511 13185
20607 4511 13429
20608 4512 4515
20609 4512 4537
20610 4513 4520
20611 4513 4652
20612 4513 12748
20613 4513 14161
20614 4514 4559
20615 4514 4560
20616 4514 4648
20617 4514 4650
20618 4515 14494
20619 4516 7145
20620 4516 7148
20621 4516 10778
20622 4516 13743
20623 4516 14658
20624 4517 4518
20625 4517 4562
20626 4517 4650
20627 4518 5342
20628 4519 4644
20629 4519 4648
20630 4519 5435
20631 4519 14709
20632 4520 5435
20633 4520 5436
20634 4520 6863
20635 4520 12748
20636 4521 6994
20637 4521 10763
20638 4521 13708
20639 4522 8321
20640 4522 8323
20641 4522 13539
20642 4522 13670
20643 4523 4640
20644 4523 4662
20645 4523 4664
20646 4523 14518
20647 4523 14710
20648 4524 4526
20649 4524 4631
20650 4524 5491
20651 4524 11871
20652 4525 4634
20653 4525 4636
20654 4526 4634
20655 4526 5491
20656 4526 11871
20657 4526 14580
20658 4527 10075
20659 4527 10252
20660 4527 12053
20661 4528 14509
20662 4529 6660
20663 4529 6662
20664 4529 8586
20665 4529 14243
20666 4530 8861
20667 4530 9825
20668 4530 10597
20669 4530 11095
20670 4531 5631
20671 4531 5632
20672 4531 9192
20673 4531 10689
20674 4532 5899
20675 4532 5901
20676 4532 6327
20677 4533 4619
20678 4533 4747
20679 4533 5629
20680 4533 14494
20681 4534 5577
20682 4534 5947
20683 4534 5949
20684 4534 6385
20685 4535 7090
20686 4535 9044
20687 4535 9101
20688 4535 9385
20689 4535 9437
20690 4536 5761
20691 4536 5772
20692 4536 5784
20693 4536 5788
20694 4536 6180
20695 4536 6192
20696 4536 6210
20697 4537 5636
20698 4538 13093
20699 4539 10991
20700 4539 13093
20701 4539 14862
20702 4539 14863
20703 4540 10242
20704 4540 10325
20705 4540 13333
20706 4541 4542
20707 4541 14863
20708 4542 14863
20709 4542 14864
20710 4543 14864
20711 4543 14865
20712 4544 8855
20713 4545 14867
20714 4546 4754
20715 4546 5486
20716 4546 5489
20717 4547 4548
20718 4547 4549
20719 4548 5491
20720 4550 14581
20721 4551 14490
20722 4551 14877
20723 4552 4553
20724 4552 4668
20725 4552 14490
20726 4553 14490
20727 4553 14880
20728 4554 4555
20729 4554 4557
20730 4555 4557
20731 4555 4758
20732 4555 14882
20733 4556 4654
20734 4556 4758
20735 4556 9678
20736 4557 4758
20737 4557 9678
20738 4558 4654
20739 4559 4560
20740 4559 4652
20741 4560 4561
20742 4560 4650
20743 4561 4562
20744 4561 4650
20745 4562 4650
20746 4562 12618
20747 4563 4577
20748 4563 5620
20749 4563 6631
20750 4564 7650
20751 4564 12618
20752 4564 14950
20753 4565 4568
20754 4565 4580
20755 4565 13072
20756 4565 14583
20757 4566 4567
20758 4566 14489
20759 4567 14489
20760 4568 4571
20761 4568 4572
20762 4568 5230
20763 4569 8980
20764 4569 8990
20765 4569 9012
20766 4569 9019
20767 4570 13669
20768 4571 4702
20769 4571 5230
20770 4571 14810
20771 4572 4574
20772 4572 4630
20773 4572 4700
20774 4572 5230
20775 4573 4574
20776 4573 4575
20777 4573 4630
20778 4573 4716
20779 4573 5234
20780 4573 14572
20781 4574 4630
20782 4574 5230
20783 4574 5234
20784 4575 4579
20785 4575 5234
20786 4575 5235
20787 4575 14572
20788 4576 6293
20789 4576 10919
20790 4576 10926
20791 4576 12804
20792 4576 13999
20793 4577 5620
20794 4577 13072
20795 4577 14583
20796 4578 4582
20797 4578 4633
20798 4578 4635
20799 4578 4761
20800 4578 5578
20801 4578 14573
20802 4579 4680
20803 4579 4761
20804 4579 5235
20805 4579 14572
20806 4580 4702
20807 4580 5582
20808 4580 5620
20809 4580 13072
20810 4581 4582
20811 4581 4583
20812 4581 14573
20813 4581 14574
20814 4581 14817
20815 4582 5163
20816 4582 5578
20817 4582 14573
20818 4582 14817
20819 4583 4584
20820 4583 14574
20821 4583 14575
20822 4583 14576
20823 4584 4585
20824 4584 14576
20825 4584 14577
20826 4584 14821
20827 4585 4586
20828 4585 4587
20829 4585 14577
20830 4585 14821
20831 4585 14822
20832 4585 14823
20833 4586 4587
20834 4586 4751
20835 4586 14578
20836 4586 14823
20837 4586 14824
20838 4587 4643
20839 4587 4646
20840 4587 4751
20841 4587 14577
20842 4588 4589
20843 4588 4752
20844 4588 11150
20845 4588 14826
20846 4588 14827
20847 4589 4749
20848 4589 4752
20849 4589 14578
20850 4589 14825
20851 4590 4653
20852 4590 4705
20853 4590 4744
20854 4590 4748
20855 4591 4699
20856 4591 4743
20857 4591 4744
20858 4591 11039
20859 4591 14829
20860 4592 9145
20861 4592 9146
20862 4592 9181
20863 4592 9847
20864 4592 11030
20865 4592 11186
20866 4593 4594
20867 4593 4659
20868 4593 4743
20869 4593 5495
20870 4594 4659
20871 4594 14854
20872 4595 4596
20873 4595 4659
20874 4595 4661
20875 4595 4697
20876 4595 14854
20877 4596 4661
20878 4596 4732
20879 4597 5415
20880 4597 13534
20881 4597 13815
20882 4597 14525
20883 4597 14549
20884 4598 6954
20885 4598 9712
20886 4598 10591
20887 4598 10861
20888 4599 8347
20889 4599 8352
20890 4599 8365
20891 4599 11347
20892 4599 13473
20893 4600 4601
20894 4600 4603
20895 4601 4602
20896 4601 4734
20897 4602 4734
20898 4602 10750
20899 4602 11989
20900 4603 4604
20901 4604 4694
20902 4604 10750
20903 4605 4606
20904 4605 4694
20905 4605 4730
20906 4605 4731
20907 4605 4732
20908 4606 4692
20909 4606 4694
20910 4606 4730
20911 4606 6069
20912 4607 4608
20913 4607 4690
20914 4607 4691
20915 4607 5494
20916 4607 5571
20917 4607 7032
20918 4608 4609
20919 4608 4665
20920 4608 4690
20921 4608 4691
20922 4608 4728
20923 4608 5569
20924 4609 4610
20925 4609 4688
20926 4609 4727
20927 4609 4728
20928 4609 5569
20929 4610 4688
20930 4610 4726
20931 4610 4727
20932 4610 5567
20933 4611 4669
20934 4611 4683
20935 4611 4725
20936 4611 4726
20937 4612 5725
20938 4612 5835
20939 4612 6147
20940 4612 6253
20941 4612 6439
20942 4613 4614
20943 4613 4675
20944 4613 4679
20945 4613 4724
20946 4613 4725
20947 4614 4616
20948 4614 4675
20949 4614 4724
20950 4614 9866
20951 4614 9975
20952 4614 12377
20953 4615 8225
20954 4615 8226
20955 4615 11797
20956 4615 11976
20957 4615 12615
20958 4615 14410
20959 4616 5821
20960 4616 9866
20961 4616 9975
20962 4616 14587
20963 4617 6670
20964 4617 6671
20965 4617 13772
20966 4617 13774
20967 4617 14232
20968 4618 4722
20969 4618 4723
20970 4618 5821
20971 4618 9866
20972 4619 4621
20973 4619 4747
20974 4619 5629
20975 4619 14503
20976 4620 4681
20977 4620 4720
20978 4620 4722
20979 4621 5829
20980 4621 14503
20981 4622 4674
20982 4622 4713
20983 4622 4719
20984 4622 4720
20985 4623 5829
20986 4623 9192
20987 4623 11031
20988 4623 14505
20989 4624 10983
20990 4624 11138
20991 4624 11190
20992 4624 11191
20993 4624 11834
20994 4625 10689
20995 4626 4628
20996 4626 4715
20997 4626 4716
20998 4626 4717
20999 4626 4718
21000 4626 13133
21001 4627 8944
21002 4627 10142
21003 4628 4630
21004 4628 4700
21005 4628 4716
21006 4628 4717
21007 4628 6193
21008 4629 6909
21009 4629 6920
21010 4629 10497
21011 4629 10594
21012 4629 13974
21013 4629 14026
21014 4630 4700
21015 4630 4716
21016 4631 11871
21017 4631 14510
21018 4632 4885
21019 4632 5089
21020 4632 6416
21021 4633 4635
21022 4633 4680
21023 4633 4714
21024 4633 4761
21025 4634 4636
21026 4634 14580
21027 4635 4637
21028 4635 4712
21029 4635 14573
21030 4636 4638
21031 4637 4639
21032 4637 4711
21033 4637 4712
21034 4637 14573
21035 4637 14574
21036 4638 4640
21037 4638 4666
21038 4638 14516
21039 4639 4710
21040 4639 4711
21041 4639 4800
21042 4639 6949
21043 4639 14574
21044 4639 14575
21045 4640 4664
21046 4640 4666
21047 4640 14516
21048 4640 14518
21049 4641 4643
21050 4641 4708
21051 4641 4709
21052 4641 4710
21053 4641 14576
21054 4641 14577
21055 4642 4656
21056 4642 4658
21057 4642 6863
21058 4642 12748
21059 4643 4646
21060 4643 4707
21061 4643 4708
21062 4643 14577
21063 4644 4648
21064 4644 13293
21065 4644 14709
21066 4645 7147
21067 4645 7150
21068 4645 7187
21069 4645 8037
21070 4645 13739
21071 4646 4707
21072 4646 4751
21073 4646 14081
21074 4647 4671
21075 4647 4706
21076 4647 4707
21077 4647 5555
21078 4647 14081
21079 4647 14579
21080 4649 4685
21081 4649 4703
21082 4649 4706
21083 4651 4653
21084 4651 4667
21085 4651 4701
21086 4651 4703
21087 4653 4699
21088 4653 4701
21089 4653 4744
21090 4654 14161
21091 4655 4657
21092 4655 4663
21093 4655 4699
21094 4655 4743
21095 4655 5495
21096 4656 4658
21097 4656 8838
21098 4656 12748
21099 4656 14161
21100 4657 4693
21101 4657 4697
21102 4657 5494
21103 4657 5495
21104 4658 8838
21105 4658 14995
21106 4659 4697
21107 4659 5495
21108 4659 14854
21109 4660 8665
21110 4660 8667
21111 4660 9891
21112 4661 4693
21113 4661 4697
21114 4661 4731
21115 4661 4732
21116 4662 4664
21117 4662 12736
21118 4662 14710
21119 4663 4689
21120 4663 4699
21121 4663 4701
21122 4664 4666
21123 4664 4668
21124 4665 4667
21125 4665 4687
21126 4665 4689
21127 4665 4691
21128 4665 4728
21129 4666 4668
21130 4666 6050
21131 4667 4687
21132 4667 4689
21133 4667 4701
21134 4667 4703
21135 4668 6050
21136 4669 4671
21137 4669 4683
21138 4669 4685
21139 4669 4726
21140 4669 4727
21141 4670 5259
21142 4670 10041
21143 4670 11176
21144 4671 4683
21145 4671 4685
21146 4671 4706
21147 4671 14579
21148 4672 4673
21149 4672 4679
21150 4672 4708
21151 4672 4709
21152 4672 11127
21153 4673 4675
21154 4673 4677
21155 4673 4679
21156 4673 4709
21157 4673 6949
21158 4674 4711
21159 4674 4712
21160 4674 4713
21161 4674 5492
21162 4675 4677
21163 4675 4679
21164 4675 12377
21165 4676 5556
21166 4676 6480
21167 4676 8630
21168 4676 10593
21169 4676 14517
21170 4677 4800
21171 4677 6949
21172 4677 12377
21173 4678 4681
21174 4678 6787
21175 4678 14586
21176 4679 4725
21177 4679 11127
21178 4680 4714
21179 4680 4715
21180 4680 4761
21181 4680 14572
21182 4681 5558
21183 4681 14586
21184 4682 4830
21185 4682 5304
21186 4682 11762
21187 4682 13825
21188 4682 14356
21189 4683 4725
21190 4683 11127
21191 4683 14579
21192 4684 4724
21193 4684 8595
21194 4685 4703
21195 4685 4706
21196 4686 4726
21197 4686 5567
21198 4687 4727
21199 4687 4728
21200 4688 5567
21201 4688 5569
21202 4689 4691
21203 4689 4701
21204 4690 5569
21205 4690 5571
21206 4691 5494
21207 4692 4730
21208 4692 5571
21209 4692 6069
21210 4693 4697
21211 4693 4731
21212 4693 5494
21213 4693 7032
21214 4695 9435
21215 4695 11240
21216 4696 5179
21217 4696 9116
21218 4696 11820
21219 4696 11977
21220 4696 12000
21221 4697 5495
21222 4698 5943
21223 4698 5945
21224 4698 6386
21225 4698 6405
21226 4698 6547
21227 4698 14624
21228 4699 4701
21229 4699 4743
21230 4699 4744
21231 4700 6193
21232 4702 4742
21233 4702 5582
21234 4702 14805
21235 4704 9087
21236 4704 10197
21237 4704 12633
21238 4704 13276
21239 4704 13428
21240 4705 4746
21241 4705 4748
21242 4706 5555
21243 4707 4708
21244 4707 14081
21245 4708 4709
21246 4709 4710
21247 4709 6949
21248 4710 6949
21249 4710 14575
21250 4710 14576
21251 4711 4712
21252 4711 4800
21253 4711 5492
21254 4712 4713
21255 4713 4719
21256 4714 4715
21257 4714 4718
21258 4714 4719
21259 4715 4716
21260 4715 4718
21261 4715 14572
21262 4716 14572
21263 4717 13133
21264 4718 13133
21265 4721 6835
21266 4721 7517
21267 4721 10688
21268 4721 13787
21269 4721 14114
21270 4722 4723
21271 4722 5492
21272 4723 5492
21273 4723 9866
21274 4723 12377
21275 4724 8595
21276 4724 9975
21277 4725 11127
21278 4726 4727
21279 4726 5567
21280 4727 4728
21281 4729 4945
21282 4729 4946
21283 4729 5626
21284 4729 13781
21285 4729 13785
21286 4730 4731
21287 4730 5571
21288 4730 7032
21289 4731 4732
21290 4731 7032
21291 4733 4905
21292 4733 4906
21293 4733 5068
21294 4734 6549
21295 4734 13136
21296 4735 12293
21297 4735 12354
21298 4735 12367
21299 4735 13034
21300 4735 13043
21301 4736 8584
21302 4736 8585
21303 4736 11571
21304 4736 11573
21305 4736 11604
21306 4737 6092
21307 4737 6118
21308 4737 9879
21309 4737 14099
21310 4737 14155
21311 4738 14220
21312 4739 10899
21313 4739 14839
21314 4740 4742
21315 4740 5582
21316 4740 5584
21317 4740 10564
21318 4740 14221
21319 4740 14800
21320 4741 14615
21321 4742 5582
21322 4742 7642
21323 4742 14805
21324 4743 5495
21325 4744 14829
21326 4745 9194
21327 4745 9197
21328 4745 11142
21329 4745 11149
21330 4745 14488
21331 4746 4748
21332 4746 4752
21333 4746 5555
21334 4747 14503
21335 4749 4751
21336 4749 4752
21337 4749 5555
21338 4749 14081
21339 4749 14578
21340 4750 5636
21341 4750 14859
21342 4750 14860
21343 4751 14081
21344 4751 14578
21345 4752 5555
21346 4752 11150
21347 4753 5823
21348 4753 6110
21349 4753 6237
21350 4753 6241
21351 4754 14871
21352 4754 14872
21353 4755 9190
21354 4755 10550
21355 4755 11138
21356 4755 11753
21357 4755 11834
21358 4756 10032
21359 4756 10517
21360 4756 10518
21361 4756 12072
21362 4756 12529
21363 4757 5960
21364 4757 5962
21365 4757 6068
21366 4757 14196
21367 4757 14296
21368 4757 14449
21369 4758 9678
21370 4759 8698
21371 4759 9641
21372 4760 5574
21373 4760 5613
21374 4760 5945
21375 4760 5947
21376 4761 5235
21377 4761 5578
21378 4762 9061
21379 4762 9090
21380 4762 9092
21381 4762 11008
21382 4762 14280
21383 4763 8690
21384 4763 10869
21385 4763 12058
21386 4764 8819
21387 4764 9278
21388 4764 9744
21389 4764 10724
21390 4764 10828
21391 4764 11045
21392 4765 5600
21393 4765 5990
21394 4765 9354
21395 4765 9883
21396 4766 13003
21397 4767 8791
21398 4767 9297
21399 4767 10519
21400 4767 10521
21401 4767 12361
21402 4768 7116
21403 4768 7202
21404 4768 7204
21405 4768 9097
21406 4769 6093
21407 4769 11250
21408 4769 11449
21409 4769 11451
21410 4769 13267
21411 4769 13435
21412 4770 5165
21413 4770 5249
21414 4770 5658
21415 4770 9268
21416 4770 9850
21417 4771 4773
21418 4771 4778
21419 4771 5251
21420 4771 5257
21421 4772 6344
21422 4772 6345
21423 4772 10880
21424 4773 5255
21425 4773 5390
21426 4774 9528
21427 4774 11306
21428 4774 14242
21429 4775 8749
21430 4775 14557
21431 4776 5393
21432 4776 5664
21433 4776 8749
21434 4776 14557
21435 4777 5257
21436 4777 14672
21437 4778 5253
21438 4778 5257
21439 4778 5664
21440 4779 6813
21441 4780 5259
21442 4780 5658
21443 4780 13807
21444 4781 5165
21445 4781 5275
21446 4781 7615
21447 4781 14652
21448 4782 6002
21449 4782 10226
21450 4782 12033
21451 4782 12179
21452 4782 12443
21453 4783 7454
21454 4783 7880
21455 4783 7966
21456 4783 8188
21457 4783 8206
21458 4784 10565
21459 4784 10798
21460 4784 10837
21461 4784 11984
21462 4785 4919
21463 4785 14666
21464 4785 14667
21465 4786 5679
21466 4786 6079
21467 4786 11458
21468 4786 14468
21469 4787 4788
21470 4787 14668
21471 4787 14818
21472 4788 5263
21473 4788 14668
21474 4788 14869
21475 4789 5263
21476 4789 5676
21477 4789 6786
21478 4789 9816
21479 4789 14559
21480 4790 5677
21481 4790 6704
21482 4790 7163
21483 4791 14059
21484 4791 14061
21485 4791 14072
21486 4791 14075
21487 4792 6708
21488 4792 7774
21489 4792 14556
21490 4793 7697
21491 4793 7699
21492 4793 7700
21493 4793 7754
21494 4793 7773
21495 4794 5283
21496 4794 7021
21497 4794 7300
21498 4794 7302
21499 4795 5006
21500 4795 5013
21501 4795 5865
21502 4795 6436
21503 4795 14475
21504 4796 6703
21505 4796 6708
21506 4797 5272
21507 4797 5684
21508 4797 8330
21509 4798 8625
21510 4798 8778
21511 4798 10240
21512 4798 10904
21513 4798 10956
21514 4799 5272
21515 4799 5687
21516 4800 5492
21517 4800 6949
21518 4801 5276
21519 4801 5688
21520 4801 6714
21521 4801 14547
21522 4802 4867
21523 4802 5276
21524 4802 5278
21525 4802 11159
21526 4803 4804
21527 4803 11159
21528 4803 14184
21529 4804 4805
21530 4804 5280
21531 4804 6758
21532 4804 6759
21533 4805 5280
21534 4805 14354
21535 4806 4808
21536 4806 4809
21537 4806 5114
21538 4806 5147
21539 4806 5693
21540 4807 5280
21541 4807 5282
21542 4807 5666
21543 4807 14359
21544 4808 4809
21545 4808 5693
21546 4808 13887
21547 4808 14387
21548 4809 5666
21549 4809 6755
21550 4809 13887
21551 4810 4811
21552 4810 4812
21553 4810 4813
21554 4810 4863
21555 4810 5285
21556 4810 7640
21557 4811 4813
21558 4811 5693
21559 4811 7640
21560 4811 14387
21561 4812 4813
21562 4812 5285
21563 4812 5287
21564 4812 5697
21565 4812 5698
21566 4813 5697
21567 4813 14106
21568 4813 14122
21569 4814 5288
21570 4814 5698
21571 4814 6750
21572 4814 13963
21573 4814 14101
21574 4814 14124
21575 4815 8594
21576 4815 13877
21577 4815 14191
21578 4816 4817
21579 4816 9313
21580 4816 9470
21581 4816 14191
21582 4817 5124
21583 4817 5184
21584 4817 5742
21585 4817 9313
21586 4817 9470
21587 4817 14178
21588 4819 5292
21589 4819 5703
21590 4820 6919
21591 4820 7353
21592 4820 10357
21593 4820 10434
21594 4820 11065
21595 4820 11210
21596 4821 8430
21597 4821 8432
21598 4821 11485
21599 4821 13472
21600 4821 14251
21601 4822 7766
21602 4822 7784
21603 4822 7918
21604 4823 4848
21605 4823 5298
21606 4823 5707
21607 4823 10274
21608 4823 11036
21609 4824 5711
21610 4824 6717
21611 4825 9780
21612 4825 12498
21613 4825 12501
21614 4825 12999
21615 4826 6597
21616 4826 6598
21617 4826 11040
21618 4826 12482
21619 4826 13766
21620 4826 14316
21621 4827 8324
21622 4827 13528
21623 4828 9789
21624 4828 10084
21625 4828 10106
21626 4828 10241
21627 4828 10272
21628 4829 6731
21629 4829 11871
21630 4829 14510
21631 4830 5304
21632 4830 5306
21633 4830 6776
21634 4830 11762
21635 4830 14138
21636 4831 5532
21637 4831 5904
21638 4831 5909
21639 4831 6062
21640 4831 6629
21641 4831 6634
21642 4831 14473
21643 4832 4833
21644 4832 5306
21645 4832 5717
21646 4832 6776
21647 4832 9802
21648 4833 5717
21649 4833 10714
21650 4833 13920
21651 4834 4835
21652 4834 13508
21653 4834 13919
21654 4834 13955
21655 4834 14093
21656 4835 5145
21657 4835 6672
21658 4835 6781
21659 4835 13919
21660 4835 13955
21661 4836 9093
21662 4836 11505
21663 4836 13283
21664 4837 8821
21665 4837 8823
21666 4837 8825
21667 4837 11275
21668 4837 11276
21669 4838 8955
21670 4838 8957
21671 4838 10863
21672 4838 10949
21673 4838 11215
21674 4839 11388
21675 4839 11452
21676 4839 14230
21677 4840 4841
21678 4840 5718
21679 4840 5726
21680 4840 10714
21681 4841 5134
21682 4841 5467
21683 4841 5717
21684 4842 6095
21685 4842 7531
21686 4842 8381
21687 4842 11835
21688 4842 14795
21689 4843 5133
21690 4843 6669
21691 4843 9775
21692 4843 14231
21693 4844 4954
21694 4844 4955
21695 4844 5021
21696 4844 5730
21697 4844 9775
21698 4845 5730
21699 4845 6276
21700 4845 8690
21701 4845 13769
21702 4845 14356
21703 4846 10000
21704 4846 13196
21705 4846 13197
21706 4846 13300
21707 4846 13368
21708 4847 5130
21709 4847 6717
21710 4847 10074
21711 4847 14476
21712 4848 5707
21713 4848 13121
21714 4849 4850
21715 4849 5128
21716 4849 5296
21717 4849 5707
21718 4849 11145
21719 4849 13121
21720 4850 4852
21721 4850 5126
21722 4850 5296
21723 4850 5736
21724 4850 11145
21725 4851 5366
21726 4851 9710
21727 4851 10089
21728 4851 10091
21729 4851 12634
21730 4852 5126
21731 4852 5736
21732 4852 8409
21733 4853 4964
21734 4853 5124
21735 4853 5184
21736 4853 8409
21737 4854 9206
21738 4854 10833
21739 4854 11046
21740 4855 6942
21741 4856 8104
21742 4856 11457
21743 4856 13275
21744 4856 13428
21745 4856 13433
21746 4857 4966
21747 4857 5119
21748 4857 5122
21749 4857 5290
21750 4857 5742
21751 4857 9117
21752 4857 10516
21753 4858 4861
21754 4858 5745
21755 4858 14042
21756 4858 14044
21757 4858 14828
21758 4859 5119
21759 4859 5290
21760 4859 5700
21761 4859 5743
21762 4859 6716
21763 4859 13963
21764 4860 4862
21765 4860 4863
21766 4860 5285
21767 4860 5745
21768 4860 14042
21769 4861 5287
21770 4861 5743
21771 4861 5745
21772 4861 6716
21773 4861 14828
21774 4862 4863
21775 4862 5750
21776 4862 8171
21777 4862 14042
21778 4862 14043
21779 4862 14371
21780 4863 5285
21781 4863 7640
21782 4863 8171
21783 4864 5112
21784 4864 5147
21785 4864 5750
21786 4864 8171
21787 4864 11898
21788 4865 4866
21789 4865 5752
21790 4865 14354
21791 4866 6729
21792 4867 5107
21793 4867 7351
21794 4868 4869
21795 4868 5107
21796 4868 6515
21797 4869 6343
21798 4869 6515
21799 4869 14050
21800 4870 6701
21801 4870 10778
21802 4871 6558
21803 4871 6587
21804 4871 11005
21805 4871 14325
21806 4871 14732
21807 4872 5103
21808 4872 5758
21809 4872 6398
21810 4872 6711
21811 4873 5759
21812 4873 6703
21813 4873 6708
21814 4873 7774
21815 4874 5759
21816 4874 6707
21817 4874 14350
21818 4875 4876
21819 4875 5762
21820 4875 6442
21821 4876 4877
21822 4876 5677
21823 4877 5099
21824 4877 14195
21825 4878 5098
21826 4878 5764
21827 4878 5766
21828 4878 6495
21829 4879 4880
21830 4879 5095
21831 4879 5766
21832 4879 6498
21833 4879 13685
21834 4879 14198
21835 4880 5095
21836 4880 6702
21837 4880 14198
21838 4881 5093
21839 4881 5095
21840 4881 5768
21841 4881 6422
21842 4881 6424
21843 4881 6702
21844 4882 4884
21845 4882 5093
21846 4882 5768
21847 4882 6418
21848 4882 6420
21849 4882 10850
21850 4883 5596
21851 4883 6418
21852 4883 9991
21853 4883 11026
21854 4883 14362
21855 4884 6418
21856 4884 6771
21857 4884 10850
21858 4884 11026
21859 4885 5771
21860 4885 6416
21861 4885 6771
21862 4886 10753
21863 4886 12590
21864 4886 12898
21865 4886 12900
21866 4886 12902
21867 4886 12904
21868 4887 6414
21869 4887 6600
21870 4888 5074
21871 4888 14699
21872 4889 5775
21873 4889 9873
21874 4890 4891
21875 4890 5775
21876 4890 5777
21877 4891 4892
21878 4891 5777
21879 4892 5084
21880 4892 5777
21881 4892 13941
21882 4893 5082
21883 4893 6376
21884 4893 6379
21885 4893 6410
21886 4894 4895
21887 4894 5080
21888 4894 5082
21889 4894 6378
21890 4894 6712
21891 4895 4896
21892 4895 5080
21893 4895 5082
21894 4895 5781
21895 4896 5079
21896 4896 5080
21897 4896 5783
21898 4896 14856
21899 4897 4898
21900 4897 5079
21901 4897 5783
21902 4897 5785
21903 4897 6382
21904 4897 6554
21905 4898 4899
21906 4898 5785
21907 4898 6382
21908 4898 14365
21909 4899 5785
21910 4900 4901
21911 4900 4902
21912 4900 4903
21913 4900 5789
21914 4900 6547
21915 4900 14624
21916 4901 5076
21917 4901 5789
21918 4902 4903
21919 4902 5072
21920 4902 5789
21921 4902 14590
21922 4903 5072
21923 4903 6387
21924 4903 6547
21925 4904 6387
21926 4904 6389
21927 4904 10881
21928 4904 13944
21929 4905 4906
21930 4905 12675
21931 4906 4907
21932 4906 6390
21933 4906 12675
21934 4907 6390
21935 4907 6534
21936 4907 6537
21937 4907 7790
21938 4908 4909
21939 4908 5795
21940 4908 6522
21941 4908 6534
21942 4909 5797
21943 4909 6522
21944 4909 14370
21945 4910 5178
21946 4910 10266
21947 4910 12049
21948 4910 12050
21949 4910 12051
21950 4911 4912
21951 4911 5064
21952 4911 5797
21953 4911 6393
21954 4912 12114
21955 4913 4915
21956 4913 5801
21957 4913 9131
21958 4913 9460
21959 4913 12114
21960 4914 4965
21961 4914 4968
21962 4914 5009
21963 4914 6546
21964 4915 8790
21965 4915 9131
21966 4916 5062
21967 4916 5801
21968 4916 14002
21969 4916 14149
21970 4917 9274
21971 4917 9625
21972 4917 9906
21973 4918 8807
21974 4918 9085
21975 4918 11423
21976 4918 11540
21977 4918 11541
21978 4919 9302
21979 4919 14818
21980 4920 4921
21981 4920 5806
21982 4920 6054
21983 4920 6632
21984 4920 6634
21985 4921 4923
21986 4921 6699
21987 4922 4925
21988 4922 5050
21989 4922 5808
21990 4922 5811
21991 4922 13723
21992 4923 5050
21993 4923 5808
21994 4923 6699
21995 4923 13803
21996 4924 4926
21997 4924 5048
21998 4924 5811
21999 4924 5813
22000 4924 6633
22001 4924 6697
22002 4925 5050
22003 4925 5811
22004 4925 13803
22005 4925 14345
22006 4926 5813
22007 4926 6633
22008 4926 6636
22009 4926 6643
22010 4926 13725
22011 4927 5046
22012 4927 5813
22013 4927 6643
22014 4927 6695
22015 4927 6860
22016 4927 13802
22017 4928 6734
22018 4928 6860
22019 4928 13799
22020 4929 5044
22021 4929 6637
22022 4929 6654
22023 4929 10457
22024 4929 14331
22025 4930 4931
22026 4930 5044
22027 4930 5816
22028 4930 6689
22029 4931 4932
22030 4931 6689
22031 4931 11496
22032 4932 6689
22033 4932 10826
22034 4932 11496
22035 4932 11791
22036 4933 4934
22037 4933 5822
22038 4933 6640
22039 4933 9178
22040 4933 13738
22041 4934 5039
22042 4934 5822
22043 4934 6684
22044 4934 6685
22045 4934 13791
22046 4935 5037
22047 4935 9732
22048 4935 13789
22049 4935 14253
22050 4936 5039
22051 4936 5822
22052 4936 5824
22053 4936 6644
22054 4936 9732
22055 4936 14267
22056 4937 5035
22057 4937 5037
22058 4937 14265
22059 4938 5239
22060 4938 5595
22061 4938 5597
22062 4938 5987
22063 4938 6432
22064 4938 8714
22065 4939 5033
22066 4939 5475
22067 4939 5826
22068 4939 6733
22069 4940 10079
22070 4940 10245
22071 4940 10247
22072 4940 10281
22073 4940 10290
22074 4941 4942
22075 4941 5031
22076 4941 6679
22077 4941 14223
22078 4942 5031
22079 4942 5504
22080 4943 4944
22081 4943 5030
22082 4943 5515
22083 4943 14068
22084 4944 5030
22085 4944 5031
22086 4944 5626
22087 4944 13781
22088 4945 4946
22089 4945 5030
22090 4945 5834
22091 4945 13781
22092 4946 4947
22093 4946 5029
22094 4946 13785
22095 4947 5029
22096 4947 6682
22097 4947 11346
22098 4947 13785
22099 4947 14227
22100 4948 5028
22101 4948 6674
22102 4948 6675
22103 4948 11346
22104 4948 14227
22105 4948 14263
22106 4949 5028
22107 4949 6648
22108 4949 6649
22109 4950 5990
22110 4950 6349
22111 4950 6426
22112 4950 6580
22113 4951 5601
22114 4951 13968
22115 4952 8102
22116 4952 8937
22117 4952 12852
22118 4952 13517
22119 4952 13658
22120 4952 14479
22121 4953 5024
22122 4953 6670
22123 4953 14232
22124 4954 5021
22125 4954 5133
22126 4954 9775
22127 4954 13956
22128 4954 14477
22129 4954 14569
22130 4955 4956
22131 4955 5021
22132 4955 5730
22133 4955 5858
22134 4955 13769
22135 4956 5021
22136 4956 5858
22137 4956 10856
22138 4957 4958
22139 4957 5018
22140 4957 5858
22141 4957 10856
22142 4957 14182
22143 4958 4974
22144 4958 5018
22145 4958 14182
22146 4959 5227
22147 4959 5271
22148 4959 5880
22149 4959 6436
22150 4959 14571
22151 4960 4961
22152 4960 4996
22153 4960 5013
22154 4960 5128
22155 4960 10781
22156 4961 5013
22157 4961 5865
22158 4961 10781
22159 4962 4964
22160 4962 4971
22161 4962 5008
22162 4962 5866
22163 4962 5867
22164 4962 6576
22165 4963 4965
22166 4963 4966
22167 4963 4968
22168 4963 5011
22169 4963 12879
22170 4964 5011
22171 4964 5866
22172 4964 5867
22173 4964 8409
22174 4965 4966
22175 4965 4968
22176 4965 5009
22177 4966 5122
22178 4966 10516
22179 4967 6004
22180 4968 6546
22181 4968 12879
22182 4969 6715
22183 4969 9727
22184 4969 12031
22185 4969 12155
22186 4970 5000
22187 4970 11735
22188 4970 13201
22189 4971 4972
22190 4971 5008
22191 4971 5874
22192 4971 6576
22193 4972 5008
22194 4972 5865
22195 4972 14475
22196 4973 9949
22197 4973 9950
22198 4973 12637
22199 4973 12944
22200 4974 10912
22201 4974 13231
22202 4974 14571
22203 4975 5883
22204 4975 6593
22205 4975 9876
22206 4975 9886
22207 4975 13231
22208 4976 7006
22209 4976 9919
22210 4977 5696
22211 4977 5722
22212 4977 6141
22213 4977 6142
22214 4977 6145
22215 4977 6209
22216 4977 6721
22217 4978 9013
22218 4978 9016
22219 4978 11200
22220 4978 11201
22221 4978 11209
22222 4978 13600
22223 4979 12325
22224 4979 12436
22225 4979 12438
22226 4979 12448
22227 4979 12452
22228 4980 4999
22229 4980 6579
22230 4980 13258
22231 4980 13671
22232 4980 14477
22233 4981 5226
22234 4981 7236
22235 4981 10293
22236 4981 10570
22237 4981 14194
22238 4982 5887
22239 4982 6574
22240 4982 6583
22241 4982 10443
22242 4983 4985
22243 4983 5890
22244 4983 6575
22245 4983 13662
22246 4984 14533
22247 4985 6569
22248 4985 6575
22249 4986 4987
22250 4986 4994
22251 4987 4990
22252 4987 5343
22253 4987 14474
22254 4988 4990
22255 4988 5526
22256 4988 7878
22257 4988 13756
22258 4988 14327
22259 4989 5891
22260 4989 6563
22261 4989 6565
22262 4990 5343
22263 4990 5526
22264 4990 7878
22265 4990 14474
22266 4991 4995
22267 4991 5521
22268 4991 5526
22269 4992 6215
22270 4992 6217
22271 4992 6455
22272 4992 14670
22273 4993 6476
22274 4995 7012
22275 4996 5128
22276 4996 5271
22277 4996 5734
22278 4996 7801
22279 4997 5887
22280 4997 6570
22281 4997 6571
22282 4997 6574
22283 4998 13353
22284 4998 13465
22285 4999 6269
22286 4999 13258
22287 4999 14477
22288 4999 14569
22289 5000 11738
22290 5000 13201
22291 5001 6561
22292 5001 6579
22293 5001 13969
22294 5002 5016
22295 5002 5017
22296 5002 5019
22297 5003 5883
22298 5003 6561
22299 5003 10856
22300 5003 14182
22301 5004 8249
22302 5004 8251
22303 5004 8437
22304 5004 8438
22305 5004 13854
22306 5004 13930
22307 5004 13931
22308 5005 5007
22309 5005 5437
22310 5005 5445
22311 5005 5447
22312 5006 5227
22313 5006 6436
22314 5006 6556
22315 5006 14475
22316 5007 5012
22317 5007 5437
22318 5008 5865
22319 5008 5866
22320 5009 5872
22321 5009 9290
22322 5010 8259
22323 5010 8850
22324 5010 8851
22325 5010 9817
22326 5010 9857
22327 5010 10513
22328 5011 5867
22329 5011 12879
22330 5012 5014
22331 5012 5394
22332 5012 5437
22333 5013 5865
22334 5013 6436
22335 5014 5015
22336 5014 5034
22337 5014 5394
22338 5014 5396
22339 5014 5437
22340 5014 14520
22341 5015 5016
22342 5015 5437
22343 5015 5447
22344 5015 5449
22345 5015 14520
22346 5016 5017
22347 5016 5449
22348 5016 14520
22349 5017 5019
22350 5017 14520
22351 5017 14552
22352 5017 14563
22353 5018 14570
22354 5019 14522
22355 5019 14548
22356 5019 14552
22357 5020 7491
22358 5020 12300
22359 5020 13577
22360 5020 13579
22361 5020 13581
22362 5021 14477
22363 5022 5454
22364 5022 5525
22365 5022 14344
22366 5023 7007
22367 5023 7010
22368 5023 7312
22369 5023 10827
22370 5023 13866
22371 5024 14232
22372 5024 14486
22373 5025 5026
22374 5025 5027
22375 5025 5421
22376 5025 11385
22377 5026 5027
22378 5026 5364
22379 5026 5421
22380 5026 5522
22381 5026 13690
22382 5027 13690
22383 5027 14523
22384 5027 14524
22385 5028 6648
22386 5028 6674
22387 5028 14263
22388 5029 5836
22389 5029 6646
22390 5029 11346
22391 5030 5834
22392 5030 13781
22393 5030 14068
22394 5031 5626
22395 5031 6679
22396 5032 5034
22397 5032 5036
22398 5032 5047
22399 5032 5049
22400 5032 5398
22401 5032 14563
22402 5033 6733
22403 5034 5036
22404 5034 5396
22405 5034 14520
22406 5034 14563
22407 5036 5038
22408 5036 5045
22409 5036 5047
22410 5036 5396
22411 5037 14253
22412 5037 14336
22413 5038 5045
22414 5038 5392
22415 5038 5394
22416 5038 5396
22417 5039 5822
22418 5039 6684
22419 5039 9732
22420 5039 13789
22421 5040 5392
22422 5041 9178
22423 5041 9266
22424 5041 10826
22425 5041 13793
22426 5041 14445
22427 5042 10617
22428 5042 11342
22429 5042 11549
22430 5042 11551
22431 5042 11594
22432 5042 13626
22433 5043 5045
22434 5043 5353
22435 5043 5385
22436 5043 5392
22437 5044 5816
22438 5044 6637
22439 5044 10457
22440 5045 5047
22441 5045 5385
22442 5045 5392
22443 5046 6643
22444 5046 6734
22445 5046 6860
22446 5047 5049
22447 5047 5384
22448 5047 5385
22449 5048 5811
22450 5048 6633
22451 5048 14330
22452 5049 5051
22453 5049 5383
22454 5049 5384
22455 5049 5398
22456 5050 5808
22457 5050 13803
22458 5051 5053
22459 5051 5381
22460 5051 5383
22461 5051 5398
22462 5051 14562
22463 5052 5809
22464 5052 5934
22465 5052 6097
22466 5052 10914
22467 5052 14322
22468 5053 5055
22469 5053 5380
22470 5053 5381
22471 5053 14550
22472 5053 14562
22473 5054 9334
22474 5054 13187
22475 5055 5056
22476 5055 5057
22477 5055 5379
22478 5055 5380
22479 5055 14550
22480 5056 5057
22481 5056 5360
22482 5056 5362
22483 5056 5380
22484 5057 5362
22485 5057 5363
22486 5057 5379
22487 5058 5379
22488 5058 5423
22489 5058 14538
22490 5058 14542
22491 5058 14544
22492 5059 5060
22493 5059 5377
22494 5059 14530
22495 5059 14534
22496 5060 5061
22497 5060 5073
22498 5060 5377
22499 5061 5063
22500 5061 5069
22501 5061 5377
22502 5062 5801
22503 5062 14149
22504 5062 14487
22505 5063 5065
22506 5063 5069
22507 5063 5377
22508 5063 9458
22509 5063 14526
22510 5064 5797
22511 5065 5069
22512 5065 5370
22513 5065 5374
22514 5065 9458
22515 5066 5795
22516 5067 5810
22517 5067 6231
22518 5067 6255
22519 5068 5795
22520 5069 5370
22521 5070 5073
22522 5070 5075
22523 5070 5331
22524 5070 5333
22525 5071 7755
22526 5071 8908
22527 5071 8933
22528 5071 10866
22529 5071 11204
22530 5071 13232
22531 5071 14763
22532 5072 14590
22533 5073 5075
22534 5073 14542
22535 5074 10783
22536 5075 5077
22537 5075 5333
22538 5075 5335
22539 5077 5078
22540 5077 5335
22541 5077 5337
22542 5077 5365
22543 5078 5081
22544 5078 5337
22545 5078 5362
22546 5078 5363
22547 5078 5365
22548 5079 5783
22549 5079 5785
22550 5079 14856
22551 5080 5783
22552 5080 6380
22553 5080 6712
22554 5081 5083
22555 5081 5337
22556 5081 5339
22557 5081 5362
22558 5082 5781
22559 5083 5085
22560 5083 5102
22561 5083 5339
22562 5083 5360
22563 5083 5362
22564 5084 5777
22565 5084 5779
22566 5084 6367
22567 5084 6374
22568 5084 6375
22569 5085 5086
22570 5085 5102
22571 5085 5344
22572 5085 5358
22573 5085 5360
22574 5086 5088
22575 5086 5344
22576 5086 5345
22577 5086 5357
22578 5086 5358
22579 5087 5775
22580 5087 6365
22581 5087 6368
22582 5087 6370
22583 5088 5090
22584 5088 5345
22585 5088 5347
22586 5088 5356
22587 5088 5357
22588 5089 6416
22589 5089 6600
22590 5090 5092
22591 5090 5347
22592 5090 5354
22593 5090 5356
22594 5091 9332
22595 5091 9462
22596 5091 9679
22597 5091 9867
22598 5091 14343
22599 5092 5348
22600 5092 5353
22601 5092 5354
22602 5093 5768
22603 5093 10850
22604 5094 8411
22605 5094 8765
22606 5094 8767
22607 5094 11314
22608 5094 11315
22609 5095 6424
22610 5095 6702
22611 5095 13685
22612 5096 5139
22613 5096 5348
22614 5096 5448
22615 5097 6285
22616 5097 11649
22617 5097 12638
22618 5097 14118
22619 5097 14389
22620 5098 5099
22621 5098 5764
22622 5098 14195
22623 5099 5764
22624 5099 14195
22625 5099 14383
22626 5100 5312
22627 5100 5341
22628 5100 5344
22629 5100 5345
22630 5100 5451
22631 5101 9162
22632 5101 10266
22633 5101 10415
22634 5101 10940
22635 5101 11338
22636 5102 5104
22637 5102 5339
22638 5102 5341
22639 5102 5344
22640 5103 7125
22641 5104 5105
22642 5104 5135
22643 5104 5315
22644 5104 5339
22645 5104 5341
22646 5105 5108
22647 5105 5315
22648 5105 5316
22649 5105 5337
22650 5105 5339
22651 5106 5756
22652 5106 6312
22653 5106 6343
22654 5106 6398
22655 5106 12307
22656 5106 14050
22657 5107 7351
22658 5108 5109
22659 5108 5131
22660 5108 5316
22661 5108 5335
22662 5108 5337
22663 5109 5111
22664 5109 5129
22665 5109 5131
22666 5109 5333
22667 5109 5335
22668 5110 5216
22669 5110 10049
22670 5110 10522
22671 5110 10528
22672 5111 5113
22673 5111 5129
22674 5111 5318
22675 5111 5331
22676 5111 5333
22677 5112 5752
22678 5112 11898
22679 5113 5125
22680 5113 5318
22681 5113 5331
22682 5114 5147
22683 5114 5693
22684 5114 7640
22685 5114 8171
22686 5115 7936
22687 5115 9026
22688 5115 10045
22689 5115 10312
22690 5115 10542
22691 5115 10549
22692 5116 5118
22693 5116 5123
22694 5116 5330
22695 5116 8501
22696 5117 5119
22697 5117 5743
22698 5117 5872
22699 5117 10516
22700 5117 14828
22701 5118 5120
22702 5118 5123
22703 5118 5328
22704 5118 8501
22705 5119 5290
22706 5119 5743
22707 5119 10516
22708 5120 5123
22709 5120 5320
22710 5120 5323
22711 5120 10831
22712 5121 8333
22713 5121 13493
22714 5122 5184
22715 5122 5742
22716 5123 5320
22717 5124 5184
22718 5124 14178
22719 5125 5127
22720 5125 5318
22721 5126 5296
22722 5126 8415
22723 5126 13822
22724 5127 5317
22725 5127 5318
22726 5127 10102
22727 5128 5734
22728 5128 10781
22729 5128 11145
22730 5128 13121
22731 5129 5131
22732 5129 5317
22733 5129 5318
22734 5130 5734
22735 5130 10074
22736 5130 13121
22737 5131 5316
22738 5131 5317
22739 5131 5404
22740 5132 6604
22741 5132 8668
22742 5132 8669
22743 5132 8706
22744 5132 13193
22745 5133 6669
22746 5133 9775
22747 5133 13956
22748 5134 5467
22749 5134 6276
22750 5134 13825
22751 5135 5312
22752 5135 5315
22753 5135 5341
22754 5136 5144
22755 5136 5311
22756 5136 5312
22757 5137 7085
22758 5137 11897
22759 5138 9248
22760 5139 5311
22761 5139 12308
22762 5140 5659
22763 5140 5894
22764 5140 5896
22765 5140 6072
22766 5141 5146
22767 5141 5150
22768 5141 10262
22769 5141 12308
22770 5142 5542
22771 5142 5882
22772 5142 6270
22773 5142 14141
22774 5142 14431
22775 5143 11629
22776 5143 11659
22777 5143 12949
22778 5143 13470
22779 5144 5148
22780 5144 14565
22781 5145 6672
22782 5145 6781
22783 5146 5446
22784 5146 12308
22785 5147 5690
22786 5147 8171
22787 5148 5430
22788 5148 11538
22789 5148 14565
22790 5149 8302
22791 5149 8976
22792 5149 8977
22793 5149 9019
22794 5149 11686
22795 5150 5443
22796 5150 10262
22797 5151 8650
22798 5151 8722
22799 5151 10756
22800 5152 5154
22801 5152 7268
22802 5152 10223
22803 5153 9699
22804 5153 10166
22805 5153 10223
22806 5153 13044
22807 5154 7268
22808 5154 8239
22809 5154 10137
22810 5154 10168
22811 5154 10223
22812 5155 7991
22813 5155 9951
22814 5155 10190
22815 5155 10213
22816 5155 14097
22817 5156 8892
22818 5156 9871
22819 5156 13355
22820 5157 5158
22821 5157 9947
22822 5157 10185
22823 5157 10401
22824 5157 10402
22825 5157 14701
22826 5158 7991
22827 5158 9947
22828 5158 9951
22829 5158 10185
22830 5158 10377
22831 5159 8130
22832 5159 9944
22833 5159 9948
22834 5159 10402
22835 5159 10766
22836 5160 14606
22837 5160 14645
22838 5160 14646
22839 5160 14718
22840 5160 14748
22841 5160 14752
22842 5161 7542
22843 5161 7544
22844 5161 7657
22845 5161 13630
22846 5162 5831
22847 5162 5833
22848 5162 6249
22849 5162 6280
22850 5162 6606
22851 5163 5578
22852 5163 11873
22853 5163 14816
22854 5163 14817
22855 5164 11773
22856 5164 13808
22857 5165 7615
22858 5165 9850
22859 5166 8702
22860 5166 12786
22861 5166 12819
22862 5166 14143
22863 5167 5168
22864 5167 5169
22865 5167 5673
22866 5167 10186
22867 5168 7595
22868 5168 10122
22869 5168 10258
22870 5169 5994
22871 5169 10186
22872 5169 10260
22873 5169 12622
22874 5170 5172
22875 5170 5994
22876 5170 10188
22877 5170 10261
22878 5170 10263
22879 5170 12304
22880 5171 8009
22881 5171 9056
22882 5171 11009
22883 5171 13733
22884 5172 7783
22885 5172 10188
22886 5172 10210
22887 5172 10263
22888 5172 13582
22889 5173 10751
22890 5173 13572
22891 5173 13573
22892 5173 13705
22893 5173 13706
22894 5174 7189
22895 5174 7783
22896 5174 10265
22897 5174 10273
22898 5174 13335
22899 5175 5739
22900 5175 5741
22901 5175 5843
22902 5175 6265
22903 5176 14987
22904 5177 5338
22905 5177 6442
22906 5177 6856
22907 5178 7046
22908 5178 12051
22909 5178 12923
22910 5179 5180
22911 5179 10416
22912 5179 11977
22913 5179 13233
22914 5180 10286
22915 5180 10292
22916 5180 10416
22917 5181 5321
22918 5181 10387
22919 5181 10570
22920 5181 11993
22921 5181 14194
22922 5182 5689
22923 5182 6106
22924 5182 6180
22925 5182 6183
22926 5183 7173
22927 5183 8569
22928 5183 8571
22929 5183 11413
22930 5184 5742
22931 5185 5186
22932 5185 5188
22933 5185 10381
22934 5185 10387
22935 5185 11993
22936 5185 11997
22937 5185 12600
22938 5186 7975
22939 5186 10387
22940 5186 11997
22941 5186 14737
22942 5187 6383
22943 5187 7416
22944 5187 7422
22945 5187 11603
22946 5187 13045
22947 5188 10381
22948 5188 10398
22949 5188 11996
22950 5188 12600
22951 5189 5190
22952 5189 5191
22953 5189 10378
22954 5189 10382
22955 5189 10541
22956 5190 10378
22957 5190 10379
22958 5190 10541
22959 5190 10543
22960 5190 10568
22961 5191 5193
22962 5191 10406
22963 5191 10541
22964 5191 10567
22965 5192 5508
22966 5192 7296
22967 5192 7453
22968 5192 7456
22969 5192 7643
22970 5193 5194
22971 5193 5793
22972 5193 10406
22973 5193 10567
22974 5193 14323
22975 5194 5196
22976 5194 10406
22977 5194 10460
22978 5194 14323
22979 5195 5196
22980 5195 5197
22981 5195 10296
22982 5195 10373
22983 5195 10458
22984 5195 11417
22985 5196 10373
22986 5196 10460
22987 5196 11417
22988 5196 14323
22989 5197 6503
22990 5197 9323
22991 5197 10296
22992 5197 10458
22993 5197 10539
22994 5198 6816
22995 5199 5200
22996 5199 5798
22997 5199 10400
22998 5199 12601
22999 5199 12604
23000 5200 5202
23001 5200 10382
23002 5200 10400
23003 5200 12604
23004 5200 13299
23005 5201 7059
23006 5201 11992
23007 5201 12605
23008 5201 12756
23009 5202 7059
23010 5202 10382
23011 5202 13299
23012 5203 8975
23013 5203 9692
23014 5204 10453
23015 5204 10798
23016 5204 11986
23017 5204 12087
23018 5204 12967
23019 5205 7382
23020 5205 10368
23021 5205 11980
23022 5205 11985
23023 5205 13141
23024 5206 9007
23025 5206 9280
23026 5206 9744
23027 5206 10724
23028 5206 10775
23029 5207 5210
23030 5207 5915
23031 5207 6397
23032 5207 7020
23033 5207 10299
23034 5208 6397
23035 5208 10359
23036 5208 10430
23037 5208 10450
23038 5209 5210
23039 5209 10300
23040 5209 10563
23041 5209 10583
23042 5209 11877
23043 5210 6397
23044 5210 11877
23045 5211 6122
23046 5211 7353
23047 5211 10301
23048 5211 10436
23049 5211 10529
23050 5211 10562
23051 5212 10467
23052 5212 10468
23053 5212 11968
23054 5212 11971
23055 5212 12716
23056 5212 13140
23057 5213 5214
23058 5213 6214
23059 5213 8565
23060 5213 8830
23061 5213 10444
23062 5213 13610
23063 5214 8565
23064 5214 8828
23065 5214 8830
23066 5214 10440
23067 5214 12357
23068 5215 10304
23069 5215 10305
23070 5215 10348
23071 5215 10350
23072 5215 10523
23073 5215 11841
23074 5216 6625
23075 5216 10311
23076 5216 10522
23077 5216 10544
23078 5217 6268
23079 5217 10348
23080 5217 10352
23081 5217 10469
23082 5217 12743
23083 5218 9550
23084 5218 10058
23085 5218 10063
23086 5218 10124
23087 5218 10301
23088 5218 10561
23089 5219 11450
23090 5219 13189
23091 5219 14838
23092 5220 10060
23093 5220 10531
23094 5220 10563
23095 5220 10582
23096 5220 10583
23097 5221 10535
23098 5221 12174
23099 5222 10541
23100 5222 10567
23101 5222 14335
23102 5223 5793
23103 5223 8153
23104 5223 9234
23105 5223 10070
23106 5223 10256
23107 5223 14335
23108 5224 9362
23109 5224 10066
23110 5224 10117
23111 5224 10566
23112 5224 10764
23113 5225 11833
23114 5225 13369
23115 5226 10075
23116 5226 10293
23117 5227 5880
23118 5227 6436
23119 5227 6870
23120 5228 6306
23121 5228 7236
23122 5228 7624
23123 5228 10078
23124 5229 9338
23125 5229 9373
23126 5229 9418
23127 5229 9819
23128 5230 14810
23129 5231 9501
23130 5231 10110
23131 5231 13214
23132 5231 14212
23133 5232 13779
23134 5233 8541
23135 5233 11523
23136 5233 11525
23137 5233 13319
23138 5233 13322
23139 5233 13405
23140 5235 14814
23141 5236 5334
23142 5237 10942
23143 5237 11552
23144 5237 11594
23145 5237 11692
23146 5238 7075
23147 5238 14613
23148 5239 5596
23149 5239 5597
23150 5239 5987
23151 5239 6848
23152 5239 7593
23153 5240 7278
23154 5240 11365
23155 5240 14845
23156 5241 10077
23157 5241 10568
23158 5242 10039
23159 5242 10040
23160 5242 10556
23161 5242 10557
23162 5243 5338
23163 5243 6540
23164 5243 6545
23165 5243 6548
23166 5243 6854
23167 5243 7125
23168 5244 11633
23169 5244 11794
23170 5244 13216
23171 5244 13340
23172 5246 14609
23173 5246 14774
23174 5248 8065
23175 5248 8565
23176 5248 10444
23177 5248 11965
23178 5248 13138
23179 5248 14781
23180 5249 5251
23181 5249 9268
23182 5250 10895
23183 5250 12186
23184 5250 12479
23185 5251 5257
23186 5251 14555
23187 5252 10545
23188 5252 14596
23189 5253 5255
23190 5253 5664
23191 5253 6785
23192 5254 6317
23193 5254 6350
23194 5254 6422
23195 5254 6580
23196 5255 5390
23197 5255 9904
23198 5256 10998
23199 5256 13749
23200 5257 14555
23201 5258 10998
23202 5258 14236
23203 5258 14608
23204 5258 14776
23205 5259 14652
23206 5260 8823
23207 5260 8825
23208 5260 8827
23209 5260 8920
23210 5260 8923
23211 5260 11274
23212 5261 8797
23213 5261 8889
23214 5261 10439
23215 5261 10441
23216 5261 10588
23217 5262 5846
23218 5262 6300
23219 5262 6307
23220 5262 6310
23221 5263 14559
23222 5264 5676
23223 5264 6786
23224 5264 14195
23225 5265 5267
23226 5265 9826
23227 5265 11105
23228 5265 11723
23229 5265 14807
23230 5266 6369
23231 5266 6371
23232 5266 6372
23233 5266 9390
23234 5267 10042
23235 5267 11105
23236 5267 11163
23237 5267 14807
23238 5267 14812
23239 5268 5682
23240 5268 13909
23241 5268 14554
23242 5268 14676
23243 5269 7743
23244 5269 8169
23245 5269 8213
23246 5269 8358
23247 5269 10751
23248 5269 13706
23249 5270 11539
23250 5270 12215
23251 5270 12288
23252 5270 12984
23253 5270 12985
23254 5270 14745
23255 5271 7801
23256 5271 14571
23257 5273 6527
23258 5273 9076
23259 5273 9945
23260 5273 11017
23261 5274 8189
23262 5274 11157
23263 5274 12050
23264 5274 13308
23265 5275 7615
23266 5276 5278
23267 5276 5688
23268 5276 6714
23269 5277 14671
23270 5278 5688
23271 5278 6762
23272 5278 11159
23273 5278 14110
23274 5279 5780
23275 5279 5792
23276 5279 9423
23277 5280 6758
23278 5280 14359
23279 5281 14801
23280 5281 14802
23281 5282 5666
23282 5282 5690
23283 5283 7033
23284 5283 7300
23285 5283 7302
23286 5284 6530
23287 5284 10378
23288 5284 10379
23289 5284 10398
23290 5284 10400
23291 5285 5287
23292 5285 5745
23293 5286 6786
23294 5286 8133
23295 5287 5698
23296 5287 5745
23297 5287 6716
23298 5288 5697
23299 5288 5698
23300 5288 6750
23301 5288 14122
23302 5288 14560
23303 5289 5295
23304 5289 5327
23305 5289 5355
23306 5289 9152
23307 5289 10375
23308 5290 5700
23309 5290 9117
23310 5290 11119
23311 5291 6342
23312 5291 14408
23313 5291 14413
23314 5292 5703
23315 5292 9313
23316 5292 14178
23317 5293 6617
23318 5293 9106
23319 5293 13980
23320 5294 6144
23321 5294 11149
23322 5294 14488
23323 5294 14813
23324 5295 5355
23325 5295 14233
23326 5296 5707
23327 5296 7158
23328 5296 8415
23329 5296 10274
23330 5297 5299
23331 5297 9106
23332 5297 13980
23333 5298 7158
23334 5298 10274
23335 5298 11036
23336 5298 13923
23337 5298 14134
23338 5299 5301
23339 5299 5326
23340 5299 14607
23341 5300 6735
23342 5300 10664
23343 5300 11036
23344 5300 14135
23345 5300 14651
23346 5301 14607
23347 5302 14826
23348 5303 13683
23349 5304 13864
23350 5304 14138
23351 5305 5322
23352 5305 9465
23353 5305 14605
23354 5306 5467
23355 5306 5717
23356 5306 6776
23357 5306 11762
23358 5307 7963
23359 5307 8071
23360 5307 8073
23361 5307 10854
23362 5307 12491
23363 5308 6082
23364 5308 10779
23365 5308 12819
23366 5308 12909
23367 5308 12911
23368 5309 12509
23369 5309 12511
23370 5309 12975
23371 5309 13206
23372 5310 6101
23373 5310 7364
23374 5310 7367
23375 5310 7486
23376 5310 13594
23377 5310 13596
23378 5311 12308
23379 5312 5341
23380 5313 14595
23381 5314 14593
23382 5314 14595
23383 5314 14762
23384 5315 5316
23385 5316 5404
23386 5317 5318
23387 5317 5404
23388 5317 5405
23389 5317 10102
23390 5319 6224
23391 5319 9143
23392 5319 9232
23393 5319 11164
23394 5319 11165
23395 5319 14250
23396 5320 5323
23397 5320 5407
23398 5320 5408
23399 5321 10387
23400 5321 13233
23401 5322 9465
23402 5322 14603
23403 5323 5387
23404 5323 5408
23405 5323 5409
23406 5323 10831
23407 5324 10237
23408 5324 14605
23409 5325 5528
23410 5325 6656
23411 5326 14607
23412 5327 9152
23413 5327 10732
23414 5327 14610
23415 5328 5374
23416 5328 8501
23417 5328 14441
23418 5329 9161
23419 5329 10816
23420 5330 5370
23421 5330 5374
23422 5330 8501
23423 5331 5333
23424 5332 9161
23425 5332 14614
23426 5333 5335
23427 5334 14616
23428 5335 5337
23429 5336 14179
23430 5336 14618
23431 5337 5339
23432 5338 6548
23433 5338 6856
23434 5338 7125
23435 5340 5346
23436 5340 10836
23437 5340 13833
23438 5340 14621
23439 5341 5344
23440 5342 14622
23441 5343 5526
23442 5343 5528
23443 5344 5345
23444 5345 5347
23445 5345 5451
23446 5346 9761
23447 5346 10836
23448 5346 14621
23449 5346 14625
23450 5347 5451
23451 5348 5350
23452 5348 5448
23453 5348 11310
23454 5349 7835
23455 5349 9376
23456 5349 14179
23457 5349 14626
23458 5350 5389
23459 5350 5463
23460 5350 11310
23461 5351 14627
23462 5351 14678
23463 5352 10816
23464 5352 13126
23465 5353 5354
23466 5353 5385
23467 5354 5356
23468 5354 5384
23469 5354 5385
23470 5355 10375
23471 5355 14629
23472 5356 5357
23473 5356 5383
23474 5356 5384
23475 5357 5358
23476 5357 5381
23477 5357 5383
23478 5358 5360
23479 5358 5380
23480 5358 5381
23481 5359 5371
23482 5359 14638
23483 5360 5362
23484 5360 5380
23485 5361 6066
23486 5361 9946
23487 5361 10923
23488 5361 13649
23489 5362 5363
23490 5363 5365
23491 5364 5421
23492 5364 5520
23493 5364 5522
23494 5366 5633
23495 5366 6694
23496 5366 10091
23497 5366 12634
23498 5367 5875
23499 5367 6153
23500 5367 8971
23501 5367 13720
23502 5367 14123
23503 5367 14454
23504 5368 5709
23505 5368 6911
23506 5368 6912
23507 5368 7851
23508 5368 13978
23509 5368 14024
23510 5369 10080
23511 5369 10082
23512 5369 10109
23513 5369 10572
23514 5369 13389
23515 5370 5374
23516 5371 13298
23517 5371 14638
23518 5371 14654
23519 5372 14672
23520 5373 13980
23521 5373 14641
23522 5374 8501
23523 5375 9458
23524 5375 10936
23525 5375 14432
23526 5375 14435
23527 5375 14526
23528 5376 8429
23529 5376 8905
23530 5376 8907
23531 5376 11378
23532 5376 11380
23533 5377 14526
23534 5377 14530
23535 5378 10248
23536 5378 10592
23537 5378 11271
23538 5378 13099
23539 5378 14367
23540 5379 14544
23541 5379 14550
23542 5380 5381
23543 5381 5383
23544 5382 14756
23545 5382 14801
23546 5383 5384
23547 5384 5385
23548 5386 8864
23549 5386 8875
23550 5386 9662
23551 5386 10449
23552 5386 12055
23553 5387 5409
23554 5387 6320
23555 5387 10831
23556 5388 7269
23557 5388 7615
23558 5388 9850
23559 5390 9904
23560 5391 6785
23561 5391 10677
23562 5391 14738
23563 5391 14740
23564 5392 5394
23565 5393 6033
23566 5393 8749
23567 5394 5396
23568 5395 6132
23569 5395 6322
23570 5395 9250
23571 5395 14427
23572 5397 14667
23573 5398 14552
23574 5398 14562
23575 5398 14563
23576 5400 7499
23577 5400 7502
23578 5400 7503
23579 5400 13567
23580 5400 13571
23581 5401 5403
23582 5401 14565
23583 5402 5403
23584 5402 5427
23585 5402 5430
23586 5402 5434
23587 5403 14551
23588 5404 5405
23589 5404 14551
23590 5405 10102
23591 5405 14525
23592 5405 14549
23593 5405 14551
23594 5406 6775
23595 5406 8010
23596 5406 8557
23597 5406 8812
23598 5406 11819
23599 5406 13531
23600 5407 5408
23601 5407 14541
23602 5408 5409
23603 5408 14539
23604 5408 14541
23605 5409 14537
23606 5409 14539
23607 5410 6041
23608 5410 14237
23609 5410 14270
23610 5411 5413
23611 5411 6302
23612 5411 13139
23613 5411 14535
23614 5412 7033
23615 5412 7290
23616 5413 5414
23617 5413 6302
23618 5413 14452
23619 5413 14531
23620 5413 14535
23621 5414 6777
23622 5414 14452
23623 5414 14527
23624 5414 14529
23625 5414 14531
23626 5415 6777
23627 5415 13815
23628 5415 14527
23629 5416 8354
23630 5416 8363
23631 5416 11353
23632 5416 11354
23633 5416 11361
23634 5417 5665
23635 5417 14553
23636 5417 14691
23637 5418 14691
23638 5419 7922
23639 5419 7933
23640 5419 7935
23641 5419 11254
23642 5420 11541
23643 5420 11546
23644 5420 11693
23645 5420 13407
23646 5421 14353
23647 5422 5688
23648 5422 6581
23649 5422 14110
23650 5422 14693
23651 5423 14522
23652 5423 14544
23653 5424 14630
23654 5424 14640
23655 5425 5454
23656 5425 14532
23657 5425 14536
23658 5426 5428
23659 5426 6765
23660 5426 14113
23661 5426 14696
23662 5427 5434
23663 5427 5748
23664 5427 6295
23665 5427 14459
23666 5428 14696
23667 5429 6130
23668 5429 6753
23669 5429 14116
23670 5429 14700
23671 5430 5434
23672 5430 11538
23673 5431 6594
23674 5431 6641
23675 5431 6748
23676 5431 14703
23677 5431 14705
23678 5432 7940
23679 5432 8136
23680 5432 10782
23681 5432 13503
23682 5432 13505
23683 5432 13536
23684 5433 8594
23685 5433 13877
23686 5433 14128
23687 5433 14707
23688 5434 6295
23689 5434 8041
23690 5435 5436
23691 5435 14709
23692 5436 5438
23693 5436 6863
23694 5437 5447
23695 5438 6863
23696 5438 9836
23697 5439 10181
23698 5439 10185
23699 5439 10191
23700 5439 14701
23701 5440 11862
23702 5440 11863
23703 5440 12194
23704 5440 12728
23705 5440 13123
23706 5440 13124
23707 5441 5464
23708 5441 5465
23709 5441 9229
23710 5441 10262
23711 5441 14515
23712 5442 6647
23713 5442 10262
23714 5442 14515
23715 5443 9229
23716 5443 10811
23717 5444 9129
23718 5444 9206
23719 5444 10212
23720 5444 11185
23721 5446 5448
23722 5446 5518
23723 5446 6651
23724 5446 6652
23725 5447 5449
23726 5448 5518
23727 5448 11310
23728 5450 5452
23729 5450 13760
23730 5450 14245
23731 5452 5453
23732 5452 14245
23733 5452 14247
23734 5453 5525
23735 5453 14247
23736 5454 14344
23737 5454 14536
23738 5455 6700
23739 5455 9095
23740 5455 9347
23741 5455 12638
23742 5455 14389
23743 5456 13762
23744 5457 5459
23745 5457 12815
23746 5458 6752
23747 5458 6753
23748 5458 13885
23749 5458 13887
23750 5459 5669
23751 5459 6655
23752 5459 12815
23753 5460 7425
23754 5460 7520
23755 5460 7668
23756 5460 7672
23757 5460 7789
23758 5461 8982
23759 5461 9012
23760 5461 9467
23761 5461 9469
23762 5461 9540
23763 5462 5463
23764 5462 5518
23765 5462 11310
23766 5462 13747
23767 5463 11310
23768 5464 5834
23769 5464 6646
23770 5464 14515
23771 5465 5466
23772 5465 5515
23773 5465 9229
23774 5465 14333
23775 5466 9229
23776 5466 14333
23777 5467 5717
23778 5467 11762
23779 5467 13825
23780 5468 5493
23781 5468 6289
23782 5468 8697
23783 5469 12558
23784 5469 12570
23785 5469 12660
23786 5469 12662
23787 5469 12887
23788 5470 8640
23789 5470 8733
23790 5470 12725
23791 5470 12746
23792 5470 12869
23793 5470 12870
23794 5471 5509
23795 5471 10870
23796 5471 11049
23797 5471 14499
23798 5471 14600
23799 5472 5473
23800 5472 5474
23801 5472 5509
23802 5472 6337
23803 5472 10978
23804 5472 14404
23805 5472 14499
23806 5473 5509
23807 5473 10978
23808 5474 5475
23809 5474 5478
23810 5474 6337
23811 5474 10978
23812 5475 5478
23813 5475 10978
23814 5476 5879
23815 5476 6149
23816 5476 14133
23817 5476 14448
23818 5476 14449
23819 5476 14451
23820 5477 8660
23821 5478 5480
23822 5479 8187
23823 5479 8188
23824 5479 8206
23825 5479 8260
23826 5479 8284
23827 5480 5481
23828 5481 5503
23829 5481 14498
23830 5482 9347
23831 5482 11649
23832 5482 12638
23833 5483 5496
23834 5483 14498
23835 5484 5485
23836 5484 5496
23837 5484 14265
23838 5485 13578
23839 5485 14169
23840 5485 14265
23841 5486 5489
23842 5486 8591
23843 5486 10142
23844 5487 6604
23845 5487 9088
23846 5487 9686
23847 5487 13193
23848 5488 6224
23849 5488 8957
23850 5488 9001
23851 5488 11164
23852 5488 11215
23853 5488 12018
23854 5489 8591
23855 5490 5862
23856 5490 6294
23857 5490 7083
23858 5490 7865
23859 5490 7866
23860 5491 14580
23861 5493 8697
23862 5493 14391
23863 5494 7032
23864 5497 5552
23865 5497 6260
23866 5497 13740
23867 5497 14393
23868 5498 6258
23869 5498 14392
23870 5499 5548
23871 5499 5552
23872 5499 6642
23873 5499 6644
23874 5499 14267
23875 5499 14394
23876 5500 5546
23877 5500 5548
23878 5500 6266
23879 5500 6642
23880 5500 11075
23881 5500 14395
23882 5500 14396
23883 5501 7000
23884 5501 7002
23885 5501 7044
23886 5501 7276
23887 5501 13835
23888 5502 5546
23889 5502 6640
23890 5502 11075
23891 5504 14500
23892 5505 5543
23893 5505 5659
23894 5505 5825
23895 5505 6278
23896 5505 14495
23897 5506 6337
23898 5506 14404
23899 5507 6427
23900 5507 9555
23901 5507 9619
23902 5507 9778
23903 5508 7296
23904 5508 7556
23905 5508 7614
23906 5508 7643
23907 5508 7838
23908 5509 14499
23909 5509 14600
23910 5510 5533
23911 5510 8869
23912 5510 9785
23913 5510 13717
23914 5511 11146
23915 5511 14642
23916 5511 14750
23917 5512 14557
23918 5513 6589
23919 5513 10870
23920 5513 14600
23921 5514 5531
23922 5514 5533
23923 5514 5655
23924 5514 6811
23925 5514 14285
23926 5514 14734
23927 5515 14068
23928 5515 14333
23929 5516 5527
23930 5516 5531
23931 5516 5653
23932 5516 6635
23933 5516 14467
23934 5517 5916
23935 5517 5921
23936 5517 5978
23937 5517 6338
23938 5517 6341
23939 5518 6651
23940 5518 11310
23941 5518 13747
23942 5519 5524
23943 5519 9170
23944 5519 9716
23945 5519 9722
23946 5519 9994
23947 5519 10480
23948 5519 13614
23949 5520 5521
23950 5521 14732
23951 5522 5888
23952 5522 13690
23953 5523 9790
23954 5523 11390
23955 5523 12751
23956 5524 8451
23957 5524 11390
23958 5524 13614
23959 5525 14344
23960 5527 6633
23961 5527 6635
23962 5527 13725
23963 5527 14330
23964 5528 6657
23965 5529 5897
23966 5529 13723
23967 5529 14330
23968 5530 5808
23969 5530 5898
23970 5530 9881
23971 5530 13723
23972 5530 14397
23973 5531 5653
23974 5531 5655
23975 5531 6635
23976 5531 6811
23977 5532 5904
23978 5532 5905
23979 5532 6064
23980 5532 6632
23981 5532 6634
23982 5533 9785
23983 5533 13717
23984 5533 14285
23985 5533 14331
23986 5533 14734
23987 5534 6126
23988 5534 9938
23989 5534 9949
23990 5534 9950
23991 5534 10187
23992 5534 10743
23993 5535 6637
23994 5535 6638
23995 5535 8869
23996 5535 9785
23997 5535 13869
23998 5535 14331
23999 5536 5538
24000 5536 5540
24001 5536 5908
24002 5536 6396
24003 5536 14473
24004 5537 5825
24005 5537 6071
24006 5537 14495
24007 5537 14497
24008 5538 5540
24009 5538 5645
24010 5538 5908
24011 5538 6057
24012 5539 5643
24013 5539 5913
24014 5540 6396
24015 5541 5912
24016 5541 5913
24017 5541 5918
24018 5541 6526
24019 5541 13009
24020 5542 6270
24021 5542 8408
24022 5542 14273
24023 5543 6278
24024 5543 13961
24025 5543 14495
24026 5543 14496
24027 5544 6119
24028 5544 11805
24029 5544 12039
24030 5544 14293
24031 5545 6236
24032 5545 11685
24033 5545 13464
24034 5545 13466
24035 5546 6640
24036 5546 6642
24037 5546 11075
24038 5546 13738
24039 5547 7037
24040 5547 8449
24041 5547 11323
24042 5547 12524
24043 5547 12554
24044 5547 12569
24045 5548 6642
24046 5548 14394
24047 5548 14395
24048 5549 5608
24049 5549 6012
24050 5549 6186
24051 5549 6463
24052 5549 14094
24053 5550 6888
24054 5550 6971
24055 5550 14681
24056 5551 5919
24057 5551 5920
24058 5551 5922
24059 5551 5923
24060 5551 13719
24061 5552 6260
24062 5552 6644
24063 5552 13740
24064 5552 14394
24065 5553 5554
24066 5553 5557
24067 5553 5922
24068 5553 5923
24069 5553 6532
24070 5554 5557
24071 5554 5925
24072 5554 6391
24073 5554 6400
24074 5555 14081
24075 5556 6456
24076 5556 6791
24077 5556 8630
24078 5556 10593
24079 5557 5922
24080 5557 5925
24081 5557 9109
24082 5557 14284
24083 5558 14586
24084 5559 11292
24085 5559 11498
24086 5559 12517
24087 5559 13281
24088 5559 14803
24089 5560 6400
24090 5560 6521
24091 5560 6537
24092 5560 7790
24093 5560 9810
24094 5560 10774
24095 5560 10992
24096 5561 5821
24097 5561 14587
24098 5562 5689
24099 5562 6177
24100 5562 6607
24101 5562 14014
24102 5563 6605
24103 5563 6943
24104 5563 10295
24105 5563 12441
24106 5563 14830
24107 5564 5566
24108 5564 5937
24109 5564 5939
24110 5564 6402
24111 5564 6519
24112 5564 14368
24113 5565 6349
24114 5565 6428
24115 5565 13423
24116 5565 14329
24117 5565 14636
24118 5566 5568
24119 5566 5937
24120 5566 5939
24121 5566 6036
24122 5566 6038
24123 5568 5570
24124 5568 5939
24125 5568 5941
24126 5568 6034
24127 5568 6036
24128 5570 5572
24129 5570 5941
24130 5570 5943
24131 5570 6032
24132 5570 6034
24133 5571 7032
24134 5572 5574
24135 5572 5617
24136 5572 5943
24137 5572 5945
24138 5572 6032
24139 5573 11899
24140 5573 11900
24141 5573 11903
24142 5573 11904
24143 5573 12693
24144 5574 5613
24145 5574 5617
24146 5574 5945
24147 5574 6026
24148 5575 8666
24149 5575 9038
24150 5575 11228
24151 5575 11229
24152 5576 8355
24153 5576 8357
24154 5576 11361
24155 5576 11362
24156 5577 5579
24157 5577 5949
24158 5577 6382
24159 5577 6385
24160 5577 14365
24161 5579 5581
24162 5579 5949
24163 5579 5953
24164 5579 6382
24165 5579 6554
24166 5581 5955
24167 5581 6380
24168 5581 6554
24169 5581 6555
24170 5582 5584
24171 5582 5620
24172 5583 5828
24173 5583 6286
24174 5584 5620
24175 5584 6631
24176 5584 14221
24177 5585 5959
24178 5585 6378
24179 5585 6555
24180 5585 6560
24181 5585 10871
24182 5585 12383
24183 5586 5587
24184 5586 5589
24185 5586 6374
24186 5586 6377
24187 5586 14471
24188 5586 14472
24189 5587 6377
24190 5587 6379
24191 5587 6560
24192 5587 12383
24193 5587 14472
24194 5588 5589
24195 5588 5590
24196 5588 5608
24197 5588 5973
24198 5588 6014
24199 5588 14471
24200 5589 5973
24201 5589 6367
24202 5589 6374
24203 5589 14471
24204 5590 5591
24205 5590 5592
24206 5590 5608
24207 5590 5973
24208 5590 6012
24209 5591 5592
24210 5591 5973
24211 5591 5975
24212 5591 6368
24213 5591 6373
24214 5591 6562
24215 5592 5594
24216 5592 5975
24217 5592 6012
24218 5593 5594
24219 5593 5977
24220 5593 5979
24221 5593 5981
24222 5593 14455
24223 5594 5975
24224 5594 5977
24225 5594 5979
24226 5594 6010
24227 5595 5597
24228 5595 5606
24229 5595 5983
24230 5595 8714
24231 5596 5597
24232 5596 5984
24233 5596 6848
24234 5596 9991
24235 5596 14362
24236 5597 5984
24237 5598 5604
24238 5598 5605
24239 5598 5820
24240 5598 5989
24241 5598 6009
24242 5598 11136
24243 5599 6173
24244 5599 6585
24245 5599 13911
24246 5600 5990
24247 5600 5993
24248 5600 6349
24249 5600 9883
24250 5600 13423
24251 5601 8474
24252 5602 7153
24253 5602 7183
24254 5602 9219
24255 5603 5967
24256 5603 6060
24257 5603 6063
24258 5603 9604
24259 5603 14294
24260 5603 14424
24261 5604 5820
24262 5604 6000
24263 5604 6240
24264 5604 11136
24265 5605 5987
24266 5605 6009
24267 5605 6432
24268 5605 11136
24269 5605 14385
24270 5606 5983
24271 5606 8714
24272 5607 5979
24273 5607 6010
24274 5607 6233
24275 5607 6438
24276 5607 12927
24277 5608 6012
24278 5608 6014
24279 5608 6208
24280 5608 6463
24281 5609 5961
24282 5609 6014
24283 5609 6016
24284 5609 6201
24285 5609 6205
24286 5609 14471
24287 5609 14472
24288 5610 5957
24289 5610 5959
24290 5610 6016
24291 5610 6018
24292 5610 6468
24293 5610 14082
24294 5611 6018
24295 5611 7462
24296 5611 9828
24297 5611 14084
24298 5612 6005
24299 5612 7114
24300 5612 14003
24301 5613 6024
24302 5613 6026
24303 5613 10767
24304 5614 5720
24305 5614 6022
24306 5614 10767
24307 5615 5719
24308 5615 6024
24309 5615 6026
24310 5615 6027
24311 5615 13703
24312 5615 14301
24313 5616 6809
24314 5616 8939
24315 5616 8946
24316 5616 10944
24317 5616 13020
24318 5616 13600
24319 5617 6026
24320 5617 6027
24321 5617 6030
24322 5617 6032
24323 5618 5619
24324 5618 6030
24325 5618 6032
24326 5618 6034
24327 5618 6613
24328 5618 6615
24329 5619 5621
24330 5619 6034
24331 5619 6036
24332 5619 6615
24333 5619 13704
24334 5620 6631
24335 5620 13072
24336 5621 5623
24337 5621 6036
24338 5621 6038
24339 5621 13704
24340 5621 14299
24341 5622 8701
24342 5622 8932
24343 5622 8940
24344 5622 9937
24345 5623 5624
24346 5623 6038
24347 5623 6040
24348 5623 6614
24349 5623 14299
24350 5624 5625
24351 5624 5627
24352 5624 6040
24353 5624 6614
24354 5624 6616
24355 5625 5627
24356 5625 5933
24357 5625 5935
24358 5625 6040
24359 5625 14470
24360 5626 6678
24361 5626 6679
24362 5626 13781
24363 5627 6044
24364 5627 6616
24365 5627 13707
24366 5627 14470
24367 5628 5829
24368 5628 11031
24369 5629 14494
24370 5630 5708
24371 5630 6043
24372 5630 6044
24373 5630 11010
24374 5630 14297
24375 5631 5632
24376 5631 10689
24377 5632 9192
24378 5632 11031
24379 5633 6694
24380 5633 11663
24381 5633 13357
24382 5633 13408
24383 5634 8673
24384 5634 9528
24385 5634 11306
24386 5634 11653
24387 5635 6045
24388 5635 6047
24389 5635 13711
24390 5636 14859
24391 5637 5639
24392 5637 5640
24393 5637 6049
24394 5637 6053
24395 5637 6612
24396 5638 5969
24397 5638 14253
24398 5638 14336
24399 5639 5640
24400 5639 5641
24401 5639 6049
24402 5639 7190
24403 5639 13713
24404 5640 6053
24405 5640 7190
24406 5640 10361
24407 5640 13719
24408 5641 5642
24409 5641 6055
24410 5641 6623
24411 5641 7190
24412 5641 13713
24413 5641 13715
24414 5642 5913
24415 5642 6055
24416 5642 13009
24417 5642 13715
24418 5643 5644
24419 5643 5692
24420 5643 6057
24421 5644 5646
24422 5644 5691
24423 5644 5692
24424 5644 6057
24425 5644 13507
24426 5645 5646
24427 5645 5908
24428 5645 6057
24429 5645 6059
24430 5646 5647
24431 5646 5691
24432 5646 6057
24433 5646 6059
24434 5647 5648
24435 5647 5691
24436 5647 6059
24437 5647 6061
24438 5647 6108
24439 5648 6061
24440 5648 6106
24441 5648 6108
24442 5649 5681
24443 5649 5892
24444 5649 6064
24445 5649 6622
24446 5649 11458
24447 5649 11958
24448 5650 7945
24449 5650 8093
24450 5650 11483
24451 5650 12096
24452 5650 13498
24453 5650 13538
24454 5651 5652
24455 5651 6079
24456 5651 14467
24457 5652 5897
24458 5652 5898
24459 5652 6079
24460 5652 14468
24461 5653 5655
24462 5653 6067
24463 5653 9269
24464 5654 9071
24465 5654 9348
24466 5654 9349
24467 5654 9455
24468 5654 11100
24469 5655 9269
24470 5655 14285
24471 5656 5668
24472 5656 5670
24473 5656 6067
24474 5656 6084
24475 5656 6086
24476 5657 6136
24477 5657 10110
24478 5657 11724
24479 5657 13214
24480 5657 13447
24481 5659 5825
24482 5659 6072
24483 5659 14497
24484 5660 8866
24485 5660 10336
24486 5660 10337
24487 5660 10989
24488 5660 12092
24489 5660 14200
24490 5661 5901
24491 5661 5903
24492 5661 6328
24493 5661 9879
24494 5661 14099
24495 5662 5667
24496 5662 6074
24497 5662 6084
24498 5662 12385
24499 5663 6557
24500 5663 11982
24501 5663 12279
24502 5663 12330
24503 5663 13030
24504 5663 13062
24505 5664 6785
24506 5665 14691
24507 5666 6755
24508 5667 5668
24509 5667 5674
24510 5667 6078
24511 5667 6084
24512 5667 6088
24513 5667 12385
24514 5668 6084
24515 5668 6088
24516 5669 6655
24517 5669 12815
24518 5670 6072
24519 5670 6074
24520 5670 6084
24521 5670 6086
24522 5671 6620
24523 5671 9921
24524 5671 10674
24525 5671 10794
24526 5671 14332
24527 5672 7165
24528 5672 9915
24529 5672 11391
24530 5673 10125
24531 5673 10186
24532 5673 10796
24533 5673 12029
24534 5673 12576
24535 5674 6078
24536 5674 6088
24537 5675 7670
24538 5675 11801
24539 5675 12192
24540 5676 6786
24541 5676 9816
24542 5677 6704
24543 5677 7163
24544 5678 6096
24545 5678 6100
24546 5678 6102
24547 5678 6118
24548 5679 6079
24549 5679 6096
24550 5679 11458
24551 5680 10357
24552 5680 11210
24553 5680 11798
24554 5680 11974
24555 5680 12079
24556 5680 12617
24557 5681 5683
24558 5681 6100
24559 5681 6622
24560 5681 14287
24561 5682 5684
24562 5683 6100
24563 5683 6102
24564 5683 6104
24565 5683 14155
24566 5683 14287
24567 5684 8330
24568 5685 5686
24569 5685 5763
24570 5685 6104
24571 5685 6187
24572 5685 14287
24573 5686 5763
24574 5686 6183
24575 5686 6624
24576 5686 14287
24577 5687 6714
24578 5687 13817
24579 5687 14547
24580 5688 14110
24581 5689 6106
24582 5689 6108
24583 5689 14014
24584 5691 6108
24585 5691 13507
24586 5691 14014
24587 5692 6111
24588 5692 6113
24589 5692 13507
24590 5692 13715
24591 5693 7640
24592 5693 14387
24593 5694 6113
24594 5694 6115
24595 5694 6611
24596 5694 6623
24597 5694 13701
24598 5694 13713
24599 5695 11074
24600 5695 11332
24601 5696 5722
24602 5696 6141
24603 5696 6195
24604 5696 14084
24605 5697 5698
24606 5697 14122
24607 5698 6716
24608 5698 13963
24609 5699 5701
24610 5699 5778
24611 5699 6175
24612 5699 11805
24613 5700 11119
24614 5700 13963
24615 5700 14101
24616 5701 5749
24617 5701 6121
24618 5701 6123
24619 5701 6171
24620 5703 6743
24621 5703 9313
24622 5704 5744
24623 5704 6125
24624 5704 6127
24625 5704 6164
24626 5704 6165
24627 5704 13709
24628 5705 6770
24629 5705 6773
24630 5705 7158
24631 5705 8415
24632 5706 5708
24633 5706 6127
24634 5706 6129
24635 5706 6131
24636 5706 14297
24637 5706 14766
24638 5707 10274
24639 5707 13121
24640 5708 6043
24641 5708 14297
24642 5708 14766
24643 5709 7359
24644 5709 7417
24645 5709 7419
24646 5709 13978
24647 5709 14024
24648 5710 5737
24649 5710 6131
24650 5710 6133
24651 5710 6160
24652 5710 6616
24653 5710 13707
24654 5711 6717
24655 5711 10928
24656 5711 12058
24657 5712 5735
24658 5712 6133
24659 5712 6135
24660 5712 6614
24661 5712 8860
24662 5712 14299
24663 5713 5805
24664 5713 5807
24665 5713 5930
24666 5713 5932
24667 5713 6228
24668 5713 7647
24669 5714 5731
24670 5714 6135
24671 5714 6137
24672 5714 6615
24673 5714 13704
24674 5715 7418
24675 5715 8189
24676 5715 12004
24677 5715 12049
24678 5715 13227
24679 5716 5729
24680 5716 6137
24681 5716 6613
24682 5716 13703
24683 5716 14301
24684 5716 14466
24685 5718 5726
24686 5718 6778
24687 5718 10714
24688 5719 5720
24689 5719 5721
24690 5719 6024
24691 5719 6138
24692 5719 13703
24693 5720 5721
24694 5720 6024
24695 5720 6141
24696 5720 10767
24697 5721 5724
24698 5721 6138
24699 5721 6141
24700 5721 6142
24701 5722 6195
24702 5722 6197
24703 5722 6209
24704 5722 14086
24705 5723 9167
24706 5723 9168
24707 5723 9197
24708 5723 9199
24709 5723 13882
24710 5724 6138
24711 5724 6142
24712 5724 6145
24713 5724 6147
24714 5724 6148
24715 5725 5835
24716 5725 6147
24717 5725 6148
24718 5725 6152
24719 5725 6255
24720 5726 13248
24721 5726 14231
24722 5727 6417
24723 5727 14373
24724 5727 14375
24725 5727 14376
24726 5727 14379
24727 5727 14949
24728 5728 8082
24729 5728 13518
24730 5728 14339
24731 5729 6137
24732 5729 6152
24733 5729 6154
24734 5729 6257
24735 5729 6259
24736 5729 14466
24737 5730 6276
24738 5730 13769
24739 5731 6135
24740 5731 6137
24741 5731 6154
24742 5731 6156
24743 5731 8860
24744 5732 8526
24745 5732 9803
24746 5732 9924
24747 5732 13695
24748 5733 11676
24749 5733 12506
24750 5733 13173
24751 5733 13432
24752 5733 14125
24753 5734 7801
24754 5734 10074
24755 5734 13121
24756 5735 5845
24757 5735 6133
24758 5735 6158
24759 5735 6160
24760 5735 8860
24761 5736 10781
24762 5736 11145
24763 5737 6129
24764 5737 6131
24765 5737 6160
24766 5737 6162
24767 5737 6164
24768 5738 12637
24769 5738 12913
24770 5738 12942
24771 5738 12944
24772 5738 12946
24773 5739 5741
24774 5739 5845
24775 5739 6162
24776 5739 8724
24777 5740 6182
24778 5740 6233
24779 5740 6234
24780 5740 14098
24781 5741 5744
24782 5741 5746
24783 5741 5843
24784 5741 8724
24785 5742 9117
24786 5742 9470
24787 5743 6716
24788 5743 14828
24789 5744 5746
24790 5744 6164
24791 5744 6165
24792 5744 8724
24793 5745 14042
24794 5746 5843
24795 5746 5844
24796 5746 6165
24797 5746 6167
24798 5747 5749
24799 5747 5780
24800 5747 6170
24801 5747 6171
24802 5747 6218
24803 5747 14462
24804 5748 13534
24805 5748 14459
24806 5748 14549
24807 5749 5780
24808 5749 6171
24809 5749 9322
24810 5750 6471
24811 5750 8171
24812 5750 11898
24813 5750 14371
24814 5751 6116
24815 5751 6119
24816 5751 6175
24817 5751 6611
24818 5751 11805
24819 5751 14303
24820 5752 14354
24821 5753 14001
24822 5754 6729
24823 5754 14184
24824 5755 6175
24825 5755 6177
24826 5755 6610
24827 5755 14303
24828 5756 6343
24829 5756 6398
24830 5756 6711
24831 5756 14189
24832 5756 14352
24833 5757 10033
24834 5757 12539
24835 5757 12544
24836 5758 6312
24837 5758 6398
24838 5758 6540
24839 5758 6854
24840 5759 6703
24841 5759 14350
24842 5760 10392
24843 5760 10395
24844 5760 12285
24845 5760 14763
24846 5761 5763
24847 5761 6180
24848 5761 6183
24849 5761 6185
24850 5761 6192
24851 5762 6442
24852 5762 7774
24853 5763 6183
24854 5763 6185
24855 5763 6187
24856 5764 6495
24857 5764 14383
24858 5765 5767
24859 5765 6185
24860 5765 6187
24861 5765 6188
24862 5765 6189
24863 5766 6495
24864 5766 6498
24865 5766 14198
24866 5767 6104
24867 5767 6187
24868 5767 6188
24869 5767 14155
24870 5768 6317
24871 5768 6420
24872 5768 6422
24873 5769 6105
24874 5769 6107
24875 5769 6188
24876 5769 14163
24877 5770 9533
24878 5770 9865
24879 5770 10195
24880 5770 10198
24881 5770 10200
24882 5771 6357
24883 5771 6771
24884 5771 9991
24885 5771 11026
24886 5772 5774
24887 5772 5784
24888 5772 6180
24889 5772 6607
24890 5773 7235
24891 5773 7446
24892 5773 7448
24893 5773 7653
24894 5774 6202
24895 5774 6607
24896 5774 10130
24897 5776 6497
24898 5777 6375
24899 5778 6175
24900 5778 10130
24901 5779 6374
24902 5779 6376
24903 5779 6377
24904 5780 6218
24905 5780 9322
24906 5781 7035
24907 5782 6202
24908 5782 6204
24909 5782 9322
24910 5783 6380
24911 5783 6554
24912 5784 5790
24913 5784 6204
24914 5784 6210
24915 5786 14692
24916 5787 8401
24917 5787 8403
24918 5787 8605
24919 5787 8769
24920 5787 11369
24921 5788 6107
24922 5788 6189
24923 5788 6192
24924 5788 6210
24925 5788 14164
24926 5789 14789
24927 5790 6103
24928 5790 6204
24929 5790 6210
24930 5790 6212
24931 5791 11708
24932 5791 11709
24933 5791 12540
24934 5791 13468
24935 5791 13469
24936 5792 5921
24937 5792 6216
24938 5792 6494
24939 5792 9423
24940 5793 8153
24941 5793 10567
24942 5793 14323
24943 5793 14335
24944 5794 10297
24945 5794 10453
24946 5794 10537
24947 5794 10764
24948 5796 5800
24949 5796 5926
24950 5796 6216
24951 5796 6218
24952 5796 6220
24953 5796 14166
24954 5797 6393
24955 5797 6532
24956 5797 14370
24957 5798 11994
24958 5798 12601
24959 5798 13268
24960 5798 13288
24961 5799 8775
24962 5799 8776
24963 5799 8777
24964 5799 10240
24965 5800 5802
24966 5800 5926
24967 5800 5928
24968 5800 6220
24969 5801 9460
24970 5802 5928
24971 5802 6222
24972 5802 6223
24973 5802 11828
24974 5803 6054
24975 5803 6395
24976 5803 6523
24977 5803 9124
24978 5804 6223
24979 5804 6225
24980 5804 6265
24981 5804 10385
24982 5805 5807
24983 5805 5848
24984 5805 6225
24985 5805 6228
24986 5806 6054
24987 5806 6523
24988 5806 6629
24989 5806 6634
24990 5807 5839
24991 5807 5848
24992 5807 6229
24993 5807 7647
24994 5808 9881
24995 5808 13723
24996 5809 5934
24997 5809 6097
24998 5809 8949
24999 5810 5812
25000 5810 6231
25001 5811 6697
25002 5811 14345
25003 5812 6097
25004 5812 6235
25005 5813 6643
25006 5813 6697
25007 5813 13802
25008 5814 6249
25009 5814 9791
25010 5814 14463
25011 5815 6235
25012 5815 9791
25013 5815 14464
25014 5816 13799
25015 5817 5819
25016 5817 11442
25017 5817 14171
25018 5817 14463
25019 5818 9306
25020 5818 14679
25021 5818 14761
25022 5819 5831
25023 5819 6237
25024 5819 14463
25025 5820 5989
25026 5820 6000
25027 5820 9354
25028 5821 9866
25029 5821 14587
25030 5822 13738
25031 5822 14267
25032 5823 5831
25033 5823 6237
25034 5823 6243
25035 5823 14309
25036 5824 6644
25037 5824 9732
25038 5824 13578
25039 5824 13740
25040 5825 14495
25041 5825 14497
25042 5826 6733
25043 5826 14276
25044 5827 14650
25045 5827 14670
25046 5828 6286
25047 5828 14439
25048 5829 11031
25049 5830 8452
25050 5830 8888
25051 5830 8890
25052 5830 10762
25053 5830 11396
25054 5830 11400
25055 5831 6237
25056 5831 6606
25057 5831 14309
25058 5832 10851
25059 5832 11118
25060 5833 5850
25061 5833 6249
25062 5833 6253
25063 5833 6280
25064 5833 9791
25065 5834 14068
25066 5835 6253
25067 5835 14464
25068 5836 6646
25069 5836 6647
25070 5836 11116
25071 5836 11346
25072 5836 14263
25073 5837 14668
25074 5837 14818
25075 5838 5839
25076 5838 6229
25077 5838 6231
25078 5838 14282
25079 5839 5848
25080 5839 6229
25081 5839 6737
25082 5839 14282
25083 5840 5848
25084 5840 6737
25085 5840 6861
25086 5841 6225
25087 5841 6265
25088 5842 6826
25089 5842 6937
25090 5842 6938
25091 5842 6950
25092 5842 6953
25093 5842 6956
25094 5843 5844
25095 5843 6222
25096 5844 6167
25097 5844 6220
25098 5844 6222
25099 5844 14462
25100 5845 6160
25101 5845 6162
25102 5846 6300
25103 5846 6304
25104 5846 6310
25105 5847 6339
25106 5847 6466
25107 5847 6467
25108 5847 6474
25109 5847 6788
25110 5848 6737
25111 5849 9389
25112 5849 9794
25113 5849 11220
25114 5849 11229
25115 5849 13127
25116 5850 6230
25117 5850 6253
25118 5850 6280
25119 5850 6439
25120 5850 6721
25121 5851 5852
25122 5851 6282
25123 5851 11358
25124 5852 6443
25125 5853 13203
25126 5853 13204
25127 5853 13361
25128 5853 13363
25129 5853 13386
25130 5854 6284
25131 5854 6449
25132 5854 14460
25133 5854 14481
25134 5855 5857
25135 5855 6168
25136 5855 8802
25137 5855 14112
25138 5855 14313
25139 5856 5857
25140 5856 6166
25141 5856 14117
25142 5856 14175
25143 5856 14478
25144 5856 14480
25145 5857 6166
25146 5857 6168
25147 5857 14115
25148 5858 10856
25149 5858 13769
25150 5859 5860
25151 5859 6161
25152 5859 6290
25153 5859 14480
25154 5859 14482
25155 5860 5861
25156 5860 6076
25157 5860 6290
25158 5860 14181
25159 5860 14482
25160 5861 5870
25161 5861 6075
25162 5861 6076
25163 5861 6290
25164 5861 6292
25165 5862 6294
25166 5862 7083
25167 5862 7700
25168 5862 7703
25169 5862 14528
25170 5863 7956
25171 5863 8181
25172 5863 8212
25173 5863 12994
25174 5864 5870
25175 5864 6157
25176 5864 6292
25177 5864 8971
25178 5864 14121
25179 5864 14457
25180 5865 14475
25181 5866 8409
25182 5867 6576
25183 5867 12879
25184 5868 9006
25185 5868 9926
25186 5868 13330
25187 5868 13403
25188 5869 5875
25189 5869 5876
25190 5869 5877
25191 5869 6070
25192 5869 14454
25193 5870 6075
25194 5870 6292
25195 5870 14190
25196 5870 14457
25197 5871 8653
25198 5871 8654
25199 5871 11482
25200 5872 9290
25201 5872 14045
25202 5872 14828
25203 5873 5877
25204 5873 6150
25205 5873 6151
25206 5873 14450
25207 5873 14451
25208 5874 6576
25209 5875 5877
25210 5875 6151
25211 5875 13720
25212 5875 14454
25213 5876 5877
25214 5876 6068
25215 5876 6070
25216 5876 14348
25217 5876 14450
25218 5877 6151
25219 5877 14450
25220 5878 5879
25221 5878 6143
25222 5878 6603
25223 5878 9733
25224 5878 14139
25225 5878 14446
25226 5879 6143
25227 5879 9733
25228 5879 14133
25229 5879 14448
25230 5880 6870
25231 5880 9886
25232 5880 13231
25233 5880 14571
25234 5881 6603
25235 5881 12475
25236 5881 14203
25237 5881 14447
25238 5882 10405
25239 5882 14141
25240 5882 14431
25241 5883 6561
25242 5883 9876
25243 5883 14182
25244 5884 6063
25245 5884 12475
25246 5884 14424
25247 5884 14447
25248 5885 7296
25249 5885 7453
25250 5885 7552
25251 5885 7554
25252 5885 9704
25253 5885 12380
25254 5886 14710
25255 5887 6574
25256 5888 14325
25257 5888 14415
25258 5889 14953
25259 5890 6573
25260 5890 13662
25261 5890 13663
25262 5891 6563
25263 5891 6566
25264 5891 7088
25265 5892 5905
25266 5892 6064
25267 5892 11458
25268 5892 14397
25269 5892 14468
25270 5893 6058
25271 5893 6060
25272 5893 6324
25273 5893 12508
25274 5893 14424
25275 5894 6322
25276 5894 11118
25277 5894 14146
25278 5895 5907
25279 5895 7797
25280 5895 14157
25281 5895 14420
25282 5895 14422
25283 5896 6072
25284 5896 10851
25285 5896 14148
25286 5897 5898
25287 5898 14397
25288 5898 14468
25289 5899 5901
25290 5899 5906
25291 5899 6327
25292 5899 11536
25293 5900 7723
25294 5900 8131
25295 5900 8552
25296 5900 9199
25297 5900 9200
25298 5900 13882
25299 5901 5903
25300 5901 11536
25301 5902 5903
25302 5902 6328
25303 5902 6340
25304 5902 7993
25305 5902 14163
25306 5903 6328
25307 5903 7993
25308 5903 11536
25309 5904 6062
25310 5904 6064
25311 5904 11958
25312 5905 6064
25313 5905 6632
25314 5905 9881
25315 5905 14397
25316 5906 6327
25317 5906 6332
25318 5906 14420
25319 5906 14422
25320 5907 6332
25321 5907 14157
25322 5907 14286
25323 5907 14341
25324 5907 14420
25325 5908 5909
25326 5908 6059
25327 5908 14473
25328 5909 6059
25329 5909 6061
25330 5909 6062
25331 5909 14473
25332 5910 5971
25333 5910 5972
25334 5910 6335
25335 5910 14286
25336 5911 5914
25337 5911 5916
25338 5911 6335
25339 5911 11536
25340 5912 6394
25341 5912 6395
25342 5912 6526
25343 5912 9124
25344 5912 10389
25345 5913 13009
25346 5914 5916
25347 5914 5976
25348 5914 5978
25349 5915 6397
25350 5915 7020
25351 5915 10450
25352 5915 11981
25353 5916 5978
25354 5916 6338
25355 5916 7993
25356 5916 11536
25357 5917 6338
25358 5917 6340
25359 5917 10455
25360 5917 13680
25361 5918 6055
25362 5918 6526
25363 5918 6627
25364 5918 13009
25365 5919 5920
25366 5919 8790
25367 5919 10361
25368 5919 13265
25369 5919 13719
25370 5920 5923
25371 5920 6393
25372 5920 9131
25373 5921 6216
25374 5921 6341
25375 5921 6494
25376 5921 12044
25377 5922 5923
25378 5922 14284
25379 5923 6393
25380 5923 6532
25381 5924 9357
25382 5924 9760
25383 5924 10410
25384 5925 5927
25385 5925 6400
25386 5925 9109
25387 5925 9810
25388 5926 5928
25389 5926 14166
25390 5927 7070
25391 5927 9109
25392 5927 9810
25393 5927 14730
25394 5928 5929
25395 5928 11828
25396 5929 6346
25397 5929 11828
25398 5929 14277
25399 5929 14634
25400 5930 5932
25401 5930 6228
25402 5930 14326
25403 5930 14328
25404 5931 9078
25405 5931 9080
25406 5931 11013
25407 5931 13816
25408 5932 7647
25409 5932 14324
25410 5932 14326
25411 5933 5935
25412 5933 10774
25413 5933 14470
25414 5934 8949
25415 5934 10914
25416 5934 14324
25417 5935 5937
25418 5935 6038
25419 5935 6040
25420 5936 9163
25421 5936 10376
25422 5936 12453
25423 5936 13993
25424 5937 6038
25425 5937 6402
25426 5938 9049
25427 5938 14322
25428 5939 5941
25429 5939 6519
25430 5940 5942
25431 5940 11134
25432 5940 14170
25433 5940 14317
25434 5940 14319
25435 5941 5943
25436 5941 6405
25437 5941 6519
25438 5942 14315
25439 5942 14317
25440 5943 5945
25441 5943 6405
25442 5944 6525
25443 5944 9461
25444 5944 11442
25445 5944 14314
25446 5944 14315
25447 5945 5947
25448 5945 6386
25449 5946 6948
25450 5946 14255
25451 5946 14308
25452 5946 14314
25453 5947 6386
25454 5948 9138
25455 5948 9189
25456 5948 9261
25457 5949 5953
25458 5949 6020
25459 5950 9325
25460 5950 14784
25461 5951 5980
25462 5951 7994
25463 5951 13224
25464 5951 13226
25465 5951 13339
25466 5951 13452
25467 5952 8477
25468 5952 11248
25469 5952 12908
25470 5952 14378
25471 5952 14790
25472 5953 6020
25473 5953 6022
25474 5953 7462
25475 5954 6948
25476 5954 14304
25477 5954 14306
25478 5954 14308
25479 5955 5957
25480 5955 6555
25481 5955 9828
25482 5955 10871
25483 5956 10486
25484 5956 13881
25485 5956 14216
25486 5956 14268
25487 5957 5959
25488 5957 6018
25489 5957 9828
25490 5957 10871
25491 5958 7961
25492 5958 7963
25493 5958 8073
25494 5958 8075
25495 5958 8513
25496 5959 5961
25497 5959 6016
25498 5959 10871
25499 5959 12383
25500 5960 5962
25501 5960 5999
25502 5960 6001
25503 5960 6068
25504 5960 14300
25505 5960 14348
25506 5961 6016
25507 5961 12383
25508 5961 14472
25509 5962 5999
25510 5962 6015
25511 5962 14261
25512 5962 14296
25513 5963 5965
25514 5963 6017
25515 5963 6065
25516 5963 14955
25517 5964 6017
25518 5964 6019
25519 5964 14238
25520 5964 14346
25521 5965 6015
25522 5965 14240
25523 5965 14296
25524 5965 14955
25525 5966 5968
25526 5966 5970
25527 5966 6058
25528 5966 14234
25529 5966 14342
25530 5967 5970
25531 5967 6023
25532 5967 6060
25533 5967 9604
25534 5967 14307
25535 5968 6056
25536 5968 9342
25537 5968 14289
25538 5968 14342
25539 5969 8595
25540 5969 9975
25541 5970 6058
25542 5970 6060
25543 5970 14234
25544 5970 14307
25545 5971 5972
25546 5971 14286
25547 5971 14288
25548 5971 14289
25549 5971 14341
25550 5972 14283
25551 5972 14288
25552 5973 6367
25553 5973 6373
25554 5974 5976
25555 5974 6031
25556 5974 14228
25557 5974 14283
25558 5975 5977
25559 5975 6562
25560 5976 5978
25561 5976 6031
25562 5976 14338
25563 5977 6562
25564 5977 6564
25565 5977 14455
25566 5978 14338
25567 5979 5981
25568 5979 6010
25569 5979 12927
25570 5980 7994
25571 5980 11789
25572 5980 13339
25573 5981 6360
25574 5981 12927
25575 5981 14455
25576 5982 5985
25577 5982 6025
25578 5982 6048
25579 5982 14214
25580 5982 14277
25581 5982 14279
25582 5984 6356
25583 5984 6357
25584 5984 9991
25585 5985 14214
25586 5985 14275
25587 5985 14277
25588 5985 14634
25589 5986 14222
25590 5986 14275
25591 5987 6009
25592 5987 6432
25593 5987 7593
25594 5988 8346
25595 5989 6009
25596 5989 7593
25597 5990 6349
25598 5991 12075
25599 5991 12619
25600 5991 12645
25601 5991 12774
25602 5991 12830
25603 5991 12897
25604 5992 10914
25605 5992 14218
25606 5992 14268
25607 5993 9883
25608 5993 11040
25609 5993 13423
25610 5994 10186
25611 5994 10260
25612 5994 10261
25613 5994 11273
25614 5994 12304
25615 5995 6319
25616 5995 6339
25617 5995 6355
25618 5995 14425
25619 5996 6015
25620 5996 11134
25621 5996 14240
25622 5996 14261
25623 5996 14264
25624 5996 14319
25625 5997 5998
25626 5997 6315
25627 5997 6597
25628 5997 11040
25629 5998 6315
25630 5998 14413
25631 5999 6001
25632 5999 14261
25633 5999 14317
25634 6000 9354
25635 6000 9939
25636 6001 14300
25637 6002 12179
25638 6002 12181
25639 6002 12240
25640 6002 12246
25641 6003 9378
25642 6003 9392
25643 6003 9746
25644 6003 9748
25645 6003 9795
25646 6005 7093
25647 6005 7114
25648 6005 10922
25649 6005 14003
25650 6005 14004
25651 6006 7519
25652 6006 7520
25653 6006 7668
25654 6006 7698
25655 6006 7785
25656 6006 7787
25657 6007 7644
25658 6007 8614
25659 6007 11795
25660 6007 11796
25661 6008 8898
25662 6008 8900
25663 6008 10423
25664 6008 10574
25665 6008 10906
25666 6009 7593
25667 6010 6438
25668 6010 14094
25669 6011 6263
25670 6011 6705
25671 6011 11874
25672 6011 12182
25673 6013 8052
25674 6013 8113
25675 6013 8114
25676 6013 8134
25677 6013 13524
25678 6013 13526
25679 6014 6205
25680 6014 6208
25681 6014 14471
25682 6015 14240
25683 6015 14261
25684 6015 14296
25685 6016 6201
25686 6016 6468
25687 6017 14238
25688 6017 14346
25689 6017 14955
25690 6018 6195
25691 6018 9828
25692 6018 14082
25693 6018 14084
25694 6019 14216
25695 6019 14218
25696 6019 14238
25697 6020 6022
25698 6021 7264
25699 6021 7266
25700 6021 7267
25701 6021 7427
25702 6021 7432
25703 6021 7597
25704 6022 7462
25705 6023 6041
25706 6023 9604
25707 6023 14224
25708 6023 14237
25709 6023 14307
25710 6024 6026
25711 6024 10767
25712 6025 6048
25713 6025 9221
25714 6025 14214
25715 6025 14337
25716 6026 6027
25717 6027 6030
25718 6027 14301
25719 6028 9342
25720 6028 14228
25721 6028 14283
25722 6028 14288
25723 6028 14291
25724 6029 6316
25725 6029 9321
25726 6030 6032
25727 6030 6613
25728 6030 14301
25729 6031 6194
25730 6031 14228
25731 6031 14337
25732 6031 14338
25733 6032 6034
25734 6033 10269
25735 6033 14736
25736 6034 6036
25737 6035 12712
25738 6035 12713
25739 6035 13948
25740 6035 14437
25741 6036 6038
25742 6037 9221
25743 6037 14214
25744 6037 14222
25745 6037 14224
25746 6037 14226
25747 6038 6040
25748 6039 8448
25749 6039 8450
25750 6039 11393
25751 6039 11450
25752 6039 11452
25753 6039 14838
25754 6041 14222
25755 6041 14224
25756 6041 14237
25757 6041 14270
25758 6042 7048
25759 6043 11003
25760 6043 14558
25761 6043 14766
25762 6044 11010
25763 6044 13707
25764 6044 14297
25765 6044 14470
25766 6045 6099
25767 6045 6612
25768 6045 14469
25769 6045 14558
25770 6046 7162
25771 6046 7164
25772 6046 13722
25773 6047 6049
25774 6047 6115
25775 6047 6116
25776 6047 6119
25777 6048 6194
25778 6048 14279
25779 6048 14337
25780 6049 6115
25781 6049 13713
25782 6051 6053
25783 6051 6612
25784 6051 14284
25785 6051 14469
25786 6052 8929
25787 6052 10280
25788 6052 12691
25789 6052 14440
25790 6053 6612
25791 6053 13719
25792 6054 6523
25793 6055 6627
25794 6055 7190
25795 6055 13009
25796 6056 14157
25797 6056 14289
25798 6056 14341
25799 6056 14342
25800 6058 6060
25801 6058 6324
25802 6058 14342
25803 6059 6061
25804 6060 14424
25805 6061 6062
25806 6062 11958
25807 6063 14294
25808 6063 14424
25809 6063 14447
25810 6064 11958
25811 6065 9733
25812 6065 14446
25813 6066 7481
25814 6066 9946
25815 6066 12403
25816 6067 6071
25817 6067 6086
25818 6067 9269
25819 6068 14348
25820 6068 14449
25821 6068 14450
25822 6070 6073
25823 6070 9690
25824 6070 14348
25825 6070 14454
25826 6071 6086
25827 6071 9269
25828 6071 14497
25829 6072 6074
25830 6072 6086
25831 6072 14497
25832 6073 9690
25833 6073 14190
25834 6073 14304
25835 6073 14454
25836 6073 14457
25837 6074 6084
25838 6074 12385
25839 6074 14150
25840 6075 6076
25841 6075 14186
25842 6075 14190
25843 6076 14181
25844 6076 14185
25845 6076 14186
25846 6077 9404
25847 6077 11098
25848 6077 11099
25849 6077 11212
25850 6077 12851
25851 6078 9424
25852 6078 12385
25853 6078 14150
25854 6079 14468
25855 6080 6081
25856 6080 14175
25857 6080 14176
25858 6080 14180
25859 6080 14478
25860 6081 11803
25861 6081 14175
25862 6081 14176
25863 6081 14481
25864 6082 6247
25865 6082 6457
25866 6082 10779
25867 6082 12128
25868 6082 12787
25869 6082 12819
25870 6083 11803
25871 6083 14176
25872 6083 14312
25873 6085 10591
25874 6085 10799
25875 6085 13099
25876 6085 13752
25877 6086 14497
25878 6087 6525
25879 6087 11494
25880 6087 14174
25881 6088 7015
25882 6089 11775
25883 6089 11781
25884 6089 13149
25885 6090 6341
25886 6090 12044
25887 6090 14166
25888 6091 6760
25889 6091 7611
25890 6091 8522
25891 6091 8524
25892 6091 8839
25893 6091 10817
25894 6092 6118
25895 6092 9879
25896 6093 8480
25897 6093 11249
25898 6093 11449
25899 6094 14168
25900 6094 14170
25901 6094 14171
25902 6095 8384
25903 6095 8385
25904 6095 11305
25905 6095 11339
25906 6095 11835
25907 6096 6100
25908 6097 14322
25909 6098 9380
25910 6098 9738
25911 6098 11068
25912 6098 11108
25913 6099 14469
25914 6099 14558
25915 6099 14730
25916 6100 6102
25917 6101 7363
25918 6101 7364
25919 6101 12306
25920 6101 13594
25921 6102 6118
25922 6102 14155
25923 6103 6210
25924 6103 6212
25925 6103 10455
25926 6103 13680
25927 6103 14164
25928 6104 6187
25929 6104 14155
25930 6104 14287
25931 6105 6107
25932 6105 13680
25933 6105 14163
25934 6105 14164
25935 6106 6108
25936 6107 6188
25937 6107 6189
25938 6107 14164
25939 6108 14014
25940 6109 8955
25941 6109 8957
25942 6109 9224
25943 6109 10099
25944 6110 6237
25945 6110 11494
25946 6110 14173
25947 6111 6113
25948 6111 6610
25949 6111 13507
25950 6111 13701
25951 6112 6241
25952 6112 12371
25953 6112 14670
25954 6113 6623
25955 6113 13701
25956 6113 13715
25957 6114 6284
25958 6114 11803
25959 6114 12371
25960 6114 14173
25961 6115 6116
25962 6115 6611
25963 6115 13713
25964 6116 6119
25965 6116 6611
25966 6117 6301
25967 6117 6302
25968 6117 12197
25969 6117 14409
25970 6117 14452
25971 6117 14453
25972 6118 14155
25973 6119 11805
25974 6120 13315
25975 6121 6123
25976 6121 14293
25977 6122 10300
25978 6122 10430
25979 6122 10436
25980 6122 10531
25981 6122 10562
25982 6123 6125
25983 6123 6171
25984 6123 14293
25985 6124 9908
25986 6124 9910
25987 6124 10669
25988 6124 10731
25989 6124 14975
25990 6125 6165
25991 6125 6170
25992 6125 6171
25993 6125 13709
25994 6126 9938
25995 6126 10743
25996 6126 11023
25997 6126 12788
25998 6126 12848
25999 6127 6129
26000 6127 6164
26001 6127 13709
26002 6127 14766
26003 6128 11470
26004 6128 13167
26005 6128 13169
26006 6129 6131
26007 6129 6164
26008 6130 14627
26009 6130 14678
26010 6130 14700
26011 6131 13707
26012 6131 14297
26013 6132 6322
26014 6132 11256
26015 6132 14144
26016 6132 14146
26017 6132 14427
26018 6133 6160
26019 6133 6614
26020 6133 6616
26021 6134 14633
26022 6134 14979
26023 6135 8860
26024 6135 13704
26025 6135 14299
26026 6136 8603
26027 6136 13447
26028 6137 6154
26029 6137 6613
26030 6137 6615
26031 6138 6148
26032 6138 13703
26033 6138 14466
26034 6139 6140
26035 6139 6264
26036 6139 12807
26037 6139 14311
26038 6139 14357
26039 6139 14396
26040 6140 6603
26041 6140 14139
26042 6140 14311
26043 6140 14357
26044 6141 6142
26045 6142 6145
26046 6143 6146
26047 6143 14133
26048 6143 14137
26049 6143 14139
26050 6143 14358
26051 6144 11139
26052 6144 14488
26053 6145 6147
26054 6145 6439
26055 6145 6721
26056 6146 6258
26057 6146 14131
26058 6146 14133
26059 6146 14358
26060 6146 14393
26061 6147 6148
26062 6147 6439
26063 6148 6152
26064 6148 14466
26065 6149 6150
26066 6149 14129
26067 6149 14131
26068 6149 14133
26069 6149 14451
26070 6150 6151
26071 6150 14127
26072 6150 14129
26073 6150 14451
26074 6151 13720
26075 6151 14127
26076 6152 6255
26077 6152 6257
26078 6152 14466
26079 6153 6254
26080 6153 13720
26081 6153 14123
26082 6153 14390
26083 6153 14400
26084 6154 6156
26085 6154 6259
26086 6154 6261
26087 6155 7342
26088 6155 12275
26089 6155 12277
26090 6156 6158
26091 6156 6261
26092 6156 8860
26093 6157 6285
26094 6157 6292
26095 6157 14120
26096 6157 14121
26097 6158 6261
26098 6158 6861
26099 6158 8860
26100 6159 7645
26101 6159 8617
26102 6159 8618
26103 6159 8754
26104 6159 8757
26105 6160 6162
26106 6161 6290
26107 6161 7004
26108 6161 14117
26109 6161 14120
26110 6161 14480
26111 6162 6164
26112 6162 8724
26113 6163 6166
26114 6163 6248
26115 6163 7004
26116 6163 14115
26117 6163 14118
26118 6163 14389
26119 6164 8724
26120 6165 6167
26121 6165 6170
26122 6166 7004
26123 6166 14115
26124 6166 14117
26125 6167 6170
26126 6167 14462
26127 6168 14112
26128 6168 14115
26129 6169 6240
26130 6169 9153
26131 6169 10789
26132 6169 14105
26133 6169 14386
26134 6170 6171
26135 6170 14462
26136 6172 6238
26137 6172 6240
26138 6172 10789
26139 6172 11136
26140 6172 14103
26141 6172 14385
26142 6173 6585
26143 6173 7356
26144 6173 9835
26145 6174 8986
26146 6174 9007
26147 6174 9010
26148 6174 9280
26149 6174 9852
26150 6174 13137
26151 6175 10130
26152 6175 11805
26153 6175 14303
26154 6176 6224
26155 6176 10098
26156 6176 11165
26157 6176 11167
26158 6177 6607
26159 6177 6610
26160 6178 6234
26161 6178 6435
26162 6178 14098
26163 6178 14102
26164 6178 14103
26165 6179 6995
26166 6179 7053
26167 6179 13829
26168 6179 13831
26169 6179 13880
26170 6179 13936
26171 6180 6183
26172 6181 6182
26173 6181 14098
26174 6181 14100
26175 6181 14102
26176 6182 6184
26177 6182 6438
26178 6182 14098
26179 6182 14100
26180 6184 6213
26181 6184 6438
26182 6184 14094
26183 6184 14100
26184 6185 6187
26185 6185 6189
26186 6185 6192
26187 6186 6211
26188 6186 6463
26189 6186 14092
26190 6186 14094
26191 6188 6189
26192 6189 6192
26193 6190 6203
26194 6190 6464
26195 6190 14090
26196 6190 14092
26197 6191 6197
26198 6191 6199
26199 6191 14086
26200 6191 14088
26201 6194 14337
26202 6194 14338
26203 6195 6197
26204 6195 14082
26205 6195 14084
26206 6196 6485
26207 6196 6491
26208 6196 9884
26209 6196 13002
26210 6197 6199
26211 6197 14082
26212 6197 14086
26213 6198 7318
26214 6198 10520
26215 6198 13836
26216 6199 6465
26217 6199 6468
26218 6199 14082
26219 6199 14088
26220 6200 6291
26221 6200 8041
26222 6200 11049
26223 6200 14407
26224 6201 6203
26225 6201 6205
26226 6201 6465
26227 6201 6468
26228 6202 10130
26229 6203 6205
26230 6203 6464
26231 6203 6465
26232 6203 14090
26233 6204 6212
26234 6204 9423
26235 6205 6208
26236 6205 6464
26237 6206 8029
26238 6206 8090
26239 6206 11825
26240 6206 13520
26241 6206 13521
26242 6206 13539
26243 6207 7396
26244 6207 7505
26245 6207 12432
26246 6207 12433
26247 6207 13073
26248 6208 6463
26249 6208 6464
26250 6209 6230
26251 6209 6721
26252 6209 9893
26253 6209 14086
26254 6210 14164
26255 6211 6213
26256 6211 14092
26257 6212 6494
26258 6212 9423
26259 6212 10455
26260 6213 14100
26261 6214 8830
26262 6214 8835
26263 6214 10053
26264 6214 13610
26265 6215 6217
26266 6215 14483
26267 6216 12044
26268 6216 14166
26269 6217 6451
26270 6217 6454
26271 6217 6455
26272 6217 14102
26273 6218 6220
26274 6218 14462
26275 6219 13688
26276 6219 13692
26277 6219 13905
26278 6220 14462
26279 6221 7275
26280 6221 7279
26281 6221 11603
26282 6221 12216
26283 6221 12217
26284 6222 6223
26285 6223 10385
26286 6223 11828
26287 6224 11164
26288 6224 11165
26289 6225 6228
26290 6225 6265
26291 6226 6913
26292 6226 6915
26293 6226 6916
26294 6226 7414
26295 6226 13915
26296 6227 9519
26297 6227 9542
26298 6227 9554
26299 6227 11934
26300 6229 7647
26301 6229 8949
26302 6230 6280
26303 6230 6282
26304 6230 6721
26305 6230 9893
26306 6232 10853
26307 6232 11115
26308 6232 12144
26309 6232 12146
26310 6232 12276
26311 6232 13109
26312 6233 6234
26313 6234 6435
26314 6234 14098
26315 6235 9049
26316 6235 14168
26317 6236 10046
26318 6236 11694
26319 6236 13466
26320 6238 6432
26321 6238 6435
26322 6238 14103
26323 6238 14385
26324 6239 6617
26325 6239 9547
26326 6239 14630
26327 6240 10789
26328 6240 11136
26329 6242 11522
26330 6242 11523
26331 6242 11635
26332 6242 13319
26333 6243 11358
26334 6243 14309
26335 6244 7132
26336 6244 7195
26337 6245 10496
26338 6245 12531
26339 6245 12536
26340 6245 12542
26341 6245 14076
26342 6246 14109
26343 6246 14112
26344 6247 6457
26345 6247 9938
26346 6247 12128
26347 6247 12788
26348 6247 12817
26349 6248 6862
26350 6248 9095
26351 6248 14115
26352 6248 14389
26353 6249 9791
26354 6250 8621
26355 6250 8622
26356 6250 8625
26357 6250 8751
26358 6250 10904
26359 6250 10954
26360 6251 7092
26361 6251 13946
26362 6252 6289
26363 6252 11649
26364 6252 14390
26365 6252 14400
26366 6253 6439
26367 6254 8697
26368 6254 13720
26369 6254 14390
26370 6255 6257
26371 6256 7913
26372 6256 11051
26373 6256 13528
26374 6256 13532
26375 6257 6259
26376 6258 14131
26377 6258 14392
26378 6258 14393
26379 6259 6261
26380 6259 11153
26381 6260 6262
26382 6260 14358
26383 6260 14393
26384 6260 14394
26385 6261 6861
26386 6261 11153
26387 6262 6264
26388 6262 14137
26389 6262 14358
26390 6262 14394
26391 6262 14395
26392 6263 6475
26393 6263 11874
26394 6263 12180
26395 6264 14137
26396 6264 14357
26397 6264 14395
26398 6264 14396
26399 6266 11075
26400 6266 12807
26401 6266 14396
26402 6267 11745
26403 6267 11746
26404 6267 12846
26405 6267 13192
26406 6268 10352
26407 6268 11316
26408 6268 11959
26409 6268 11963
26410 6268 12948
26411 6269 10443
26412 6269 13258
26413 6269 13672
26414 6270 6271
26415 6270 14144
26416 6270 14431
26417 6271 6274
26418 6271 9887
26419 6271 11256
26420 6271 14144
26421 6272 7115
26422 6272 9527
26423 6272 9529
26424 6272 9577
26425 6272 9579
26426 6272 9580
26427 6273 6352
26428 6273 9527
26429 6273 9633
26430 6273 10700
26431 6273 11673
26432 6273 14095
26433 6274 6278
26434 6274 9887
26435 6274 11256
26436 6274 14146
26437 6275 7802
26438 6275 7804
26439 6275 8407
26440 6275 8411
26441 6275 11314
26442 6276 13825
26443 6276 14356
26444 6277 8658
26445 6277 10878
26446 6277 11329
26447 6277 14249
26448 6278 14146
26449 6279 9395
26450 6279 9692
26451 6279 9693
26452 6279 9699
26453 6280 6606
26454 6281 6283
26455 6281 9601
26456 6281 12735
26457 6281 13195
26458 6282 9893
26459 6282 11358
26460 6283 11811
26461 6283 12735
26462 6283 13195
26463 6283 13372
26464 6284 12371
26465 6285 14118
26466 6285 14120
26467 6286 6308
26468 6286 14254
26469 6286 14439
26470 6287 8703
26471 6287 8704
26472 6287 8841
26473 6287 10885
26474 6287 10935
26475 6287 10964
26476 6288 6849
26477 6288 14043
26478 6288 14371
26479 6288 14372
26480 6289 8697
26481 6289 14390
26482 6290 6292
26483 6290 14120
26484 6291 8041
26485 6291 14519
26486 6292 14120
26487 6293 6408
26488 6293 10919
26489 6293 12795
26490 6293 12804
26491 6294 7700
26492 6294 7754
26493 6294 7866
26494 6294 7972
26495 6295 8041
26496 6295 14407
26497 6295 14459
26498 6296 6531
26499 6296 8550
26500 6297 9220
26501 6297 9627
26502 6297 9737
26503 6297 9739
26504 6298 6299
26505 6298 6304
26506 6298 13534
26507 6298 14459
26508 6299 6304
26509 6299 6310
26510 6299 10897
26511 6300 6301
26512 6300 6307
26513 6301 6777
26514 6301 14452
26515 6302 14452
26516 6302 14453
26517 6303 6470
26518 6303 8286
26519 6303 10618
26520 6303 10692
26521 6303 10698
26522 6303 13563
26523 6304 6310
26524 6305 11512
26525 6305 11617
26526 6305 11693
26527 6305 13458
26528 6306 10078
26529 6306 10290
26530 6306 11799
26531 6307 12522
26532 6308 13502
26533 6308 13689
26534 6308 14254
26535 6308 14360
26536 6308 14439
26537 6309 7498
26538 6311 8610
26539 6311 9046
26540 6311 9048
26541 6311 9062
26542 6311 9067
26543 6312 6398
26544 6312 6540
26545 6312 12307
26546 6312 14052
26547 6314 6608
26548 6314 8509
26549 6314 11292
26550 6314 12517
26551 6314 12519
26552 6314 13360
26553 6315 6384
26554 6315 6597
26555 6316 11121
26556 6317 6350
26557 6317 6420
26558 6317 6422
26559 6318 6559
26560 6318 6561
26561 6318 6563
26562 6318 6565
26563 6318 9876
26564 6319 6321
26565 6319 13810
26566 6319 14425
26567 6320 6323
26568 6320 6336
26569 6320 14414
26570 6321 10118
26571 6321 14456
26572 6322 9250
26573 6322 11118
26574 6322 14146
26575 6323 6334
26576 6323 6336
26577 6323 6483
26578 6323 14426
26579 6324 6326
26580 6324 12508
26581 6324 14342
26582 6325 8675
26583 6325 8846
26584 6325 10889
26585 6325 10961
26586 6325 10966
26587 6326 7797
26588 6326 12508
26589 6327 14422
26590 6327 14620
26591 6328 14099
26592 6328 14163
26593 6329 6366
26594 6329 6369
26595 6330 6359
26596 6330 6361
26597 6330 6362
26598 6330 10784
26599 6331 6359
26600 6331 6483
26601 6331 14426
26602 6331 14429
26603 6332 6335
26604 6332 14286
26605 6332 14420
26606 6333 9283
26607 6333 9287
26608 6333 9324
26609 6333 11052
26610 6333 12956
26611 6334 6336
26612 6334 6483
26613 6334 6794
26614 6334 6797
26615 6334 14417
26616 6335 14286
26617 6336 14414
26618 6336 14417
26619 6337 14404
26620 6338 6340
26621 6338 7993
26622 6339 6466
26623 6339 6788
26624 6339 14418
26625 6340 7993
26626 6341 12044
26627 6342 6348
26628 6342 11704
26629 6342 14408
26630 6343 14050
26631 6343 14352
26632 6344 6345
26633 6344 6348
26634 6345 6434
26635 6345 10880
26636 6346 10385
26637 6346 11828
26638 6346 14328
26639 6346 14634
26640 6347 6430
26641 6347 8004
26642 6347 10812
26643 6349 13423
26644 6350 6420
26645 6350 6848
26646 6350 7593
26647 6350 14362
26648 6351 6353
26649 6351 6462
26650 6351 8004
26651 6351 9157
26652 6352 10700
26653 6352 10702
26654 6352 14095
26655 6353 6466
26656 6353 9157
26657 6353 11704
26658 6353 14418
26659 6354 6939
26660 6354 6940
26661 6354 6945
26662 6354 7393
26663 6354 9998
26664 6355 6794
26665 6355 14417
26666 6355 14425
26667 6356 6357
26668 6356 6358
26669 6356 6572
26670 6357 6358
26671 6357 9991
26672 6358 6416
26673 6358 6572
26674 6358 9115
26675 6359 6361
26676 6359 6479
26677 6360 6567
26678 6360 6572
26679 6360 9115
26680 6360 14455
26681 6361 6479
26682 6361 6810
26683 6361 14078
26684 6362 6364
26685 6362 6710
26686 6362 10784
26687 6362 11135
26688 6363 6365
26689 6363 6564
26690 6363 6568
26691 6363 9873
26692 6364 6366
26693 6364 6710
26694 6364 11135
26695 6364 12255
26696 6365 6368
26697 6365 6562
26698 6365 6564
26699 6366 6369
26700 6366 6496
26701 6366 12255
26702 6367 6373
26703 6367 6374
26704 6367 6375
26705 6368 6370
26706 6368 6373
26707 6368 6562
26708 6369 6371
26709 6369 6496
26710 6370 6373
26711 6370 6375
26712 6371 14416
26713 6371 14523
26714 6372 6505
26715 6372 9390
26716 6372 14067
26717 6372 14070
26718 6373 6375
26719 6374 6377
26720 6376 6377
26721 6376 6379
26722 6376 6410
26723 6377 6379
26724 6378 6555
26725 6378 6560
26726 6378 6712
26727 6379 6560
26728 6380 6554
26729 6380 6555
26730 6380 6712
26731 6381 7939
26732 6381 10555
26733 6381 11702
26734 6381 11703
26735 6381 12970
26736 6381 13412
26737 6382 6554
26738 6382 14365
26739 6383 7422
26740 6383 7702
26741 6383 13583
26742 6383 14644
26743 6384 6597
26744 6384 14316
26745 6384 14411
26746 6385 14365
26747 6386 14624
26748 6387 8203
26749 6387 10881
26750 6388 8938
26751 6388 9380
26752 6388 9385
26753 6388 9388
26754 6389 6403
26755 6389 10881
26756 6390 6521
26757 6390 7790
26758 6390 12675
26759 6390 14369
26760 6391 6400
26761 6391 6522
26762 6391 6534
26763 6391 6537
26764 6393 6532
26765 6394 9124
26766 6394 10389
26767 6394 14149
26768 6394 14487
26769 6395 6396
26770 6395 6523
26771 6395 9124
26772 6396 6523
26773 6397 10450
26774 6398 6711
26775 6399 6842
26776 6399 10333
26777 6400 6537
26778 6400 9810
26779 6401 6872
26780 6402 6403
26781 6402 9319
26782 6402 14368
26783 6403 9319
26784 6403 14369
26785 6404 7888
26786 6404 7890
26787 6404 8477
26788 6404 8478
26789 6404 12908
26790 6405 6519
26791 6405 6547
26792 6405 8203
26793 6406 8332
26794 6406 10243
26795 6406 13494
26796 6406 13692
26797 6406 13905
26798 6407 6894
26799 6407 11808
26800 6407 11812
26801 6407 11813
26802 6407 12952
26803 6409 6489
26804 6409 6490
26805 6409 6509
26806 6409 6520
26807 6409 11089
26808 6409 14374
26809 6410 13941
26810 6411 6488
26811 6411 14374
26812 6411 14375
26813 6412 7238
26814 6412 10167
26815 6413 9501
26816 6413 10559
26817 6414 6567
26818 6414 6600
26819 6414 9115
26820 6415 8490
26821 6415 9057
26822 6415 11257
26823 6415 11466
26824 6415 11472
26825 6415 13426
26826 6417 6535
26827 6417 6536
26828 6417 14377
26829 6417 14379
26830 6417 14949
26831 6418 6420
26832 6418 11026
26833 6418 14362
26834 6419 6504
26835 6419 14379
26836 6420 14362
26837 6421 6478
26838 6421 14056
26839 6421 14380
26840 6422 6424
26841 6422 6580
26842 6423 7915
26843 6423 10432
26844 6423 11974
26845 6423 12617
26846 6424 6426
26847 6424 6580
26848 6424 13685
26849 6425 6852
26850 6425 14055
26851 6425 14381
26852 6425 14382
26853 6426 6580
26854 6426 13685
26855 6426 14636
26856 6427 7779
26857 6427 9555
26858 6427 9778
26859 6427 10506
26860 6427 10608
26861 6427 12755
26862 6428 6498
26863 6428 14329
26864 6428 14636
26865 6429 6430
26866 6429 6433
26867 6430 6433
26868 6430 6450
26869 6430 10812
26870 6431 7914
26871 6431 8162
26872 6431 8233
26873 6431 8314
26874 6431 8315
26875 6432 8714
26876 6432 14385
26877 6433 6450
26878 6433 6500
26879 6434 10880
26880 6435 14103
26881 6437 7287
26882 6437 7289
26883 6437 10249
26884 6437 12229
26885 6437 13069
26886 6437 13070
26887 6438 14094
26888 6439 6721
26889 6440 7267
26890 6440 7271
26891 6440 7425
26892 6440 9685
26893 6440 13033
26894 6441 6444
26895 6441 7459
26896 6441 13753
26897 6443 6458
26898 6444 6446
26899 6444 7459
26900 6445 7122
26901 6445 9770
26902 6445 9805
26903 6445 9809
26904 6445 14244
26905 6446 6481
26906 6446 6484
26907 6446 6486
26908 6446 14384
26909 6447 7709
26910 6447 8925
26911 6447 9558
26912 6447 10048
26913 6447 10049
26914 6448 14935
26915 6448 14966
26916 6449 6453
26917 6449 6454
26918 6449 6455
26919 6449 14460
26920 6450 6500
26921 6450 7459
26922 6450 10812
26923 6451 6454
26924 6451 14102
26925 6451 14104
26926 6452 6462
26927 6452 6474
26928 6452 6481
26929 6452 6486
26930 6452 8799
26931 6452 14517
26932 6453 14313
26933 6453 14460
26934 6454 6455
26935 6456 6512
26936 6456 6541
26937 6456 10593
26938 6457 12787
26939 6457 12817
26940 6458 14483
26941 6458 14650
26942 6459 9930
26943 6459 10208
26944 6459 10213
26945 6459 12595
26946 6459 14159
26947 6460 9249
26948 6460 9930
26949 6460 10195
26950 6460 10198
26951 6460 10370
26952 6460 14159
26953 6461 8231
26954 6461 8240
26955 6461 8317
26956 6461 13511
26957 6461 14852
26958 6462 6481
26959 6462 6484
26960 6462 8004
26961 6462 8799
26962 6462 9157
26963 6463 6464
26964 6463 14092
26965 6464 14092
26966 6465 6468
26967 6465 14088
26968 6465 14090
26969 6466 6474
26970 6466 9157
26971 6466 14418
26972 6467 6788
26973 6467 6790
26974 6467 8630
26975 6468 14082
26976 6469 9969
26977 6469 9980
26978 6469 10985
26979 6469 12547
26980 6470 8286
26981 6470 9309
26982 6470 10655
26983 6470 13563
26984 6471 6533
26985 6471 6849
26986 6471 11898
26987 6471 14371
26988 6472 6499
26989 6472 8497
26990 6472 11378
26991 6472 14715
26992 6473 6797
26993 6473 6798
26994 6473 6804
26995 6474 8799
26996 6474 9157
26997 6474 14517
26998 6475 11875
26999 6475 12180
27000 6475 13108
27001 6475 14038
27002 6476 10280
27003 6476 14046
27004 6477 6480
27005 6477 6545
27006 6477 6548
27007 6477 6859
27008 6477 10593
27009 6478 12379
27010 6478 14056
27011 6478 14079
27012 6478 14380
27013 6479 6804
27014 6479 6810
27015 6480 6486
27016 6480 6859
27017 6480 10593
27018 6480 14517
27019 6481 6484
27020 6481 6486
27021 6482 11933
27022 6482 13063
27023 6482 13065
27024 6482 13122
27025 6482 14269
27026 6483 14426
27027 6484 8004
27028 6484 10812
27029 6485 6487
27030 6485 6493
27031 6485 6810
27032 6485 13002
27033 6485 14078
27034 6486 6859
27035 6486 14384
27036 6486 14517
27037 6487 6510
27038 6487 6802
27039 6487 6810
27040 6487 13002
27041 6488 6489
27042 6488 6510
27043 6488 13002
27044 6488 14374
27045 6489 6490
27046 6489 13002
27047 6489 14374
27048 6490 6509
27049 6490 9874
27050 6490 14059
27051 6491 6492
27052 6491 6819
27053 6491 9884
27054 6492 6496
27055 6492 6819
27056 6492 9171
27057 6492 12255
27058 6492 14077
27059 6493 6710
27060 6493 14077
27061 6493 14078
27062 6494 9423
27063 6494 10455
27064 6496 9171
27065 6496 12255
27066 6497 11196
27067 6498 13685
27068 6498 14636
27069 6499 11378
27070 6499 11380
27071 6499 11382
27072 6500 7459
27073 6500 13753
27074 6501 6819
27075 6501 9171
27076 6501 10848
27077 6501 14070
27078 6501 14072
27079 6502 9701
27080 6502 9702
27081 6502 9859
27082 6502 9861
27083 6502 9863
27084 6502 10231
27085 6503 9323
27086 6503 10297
27087 6503 10369
27088 6503 10456
27089 6503 10539
27090 6503 10566
27091 6504 6538
27092 6504 14381
27093 6504 14382
27094 6505 6506
27095 6505 10848
27096 6505 12955
27097 6505 14067
27098 6505 14070
27099 6506 6507
27100 6506 6546
27101 6506 10848
27102 6506 12955
27103 6507 6546
27104 6507 10848
27105 6507 14061
27106 6507 14072
27107 6508 8325
27108 6509 6520
27109 6509 14047
27110 6509 14059
27111 6510 6802
27112 6510 13002
27113 6510 14056
27114 6511 8327
27115 6511 10006
27116 6511 13601
27117 6512 6513
27118 6512 6541
27119 6512 6852
27120 6512 14055
27121 6513 6541
27122 6513 6852
27123 6513 12374
27124 6514 6538
27125 6514 12307
27126 6514 12374
27127 6514 14050
27128 6515 6850
27129 6515 14049
27130 6516 6588
27131 6516 7134
27132 6516 7136
27133 6516 13751
27134 6517 10617
27135 6517 14786
27136 6518 6812
27137 6518 6952
27138 6518 7694
27139 6519 8203
27140 6519 14368
27141 6520 11089
27142 6520 14047
27143 6520 14048
27144 6520 14372
27145 6521 7790
27146 6521 9319
27147 6521 10774
27148 6521 14369
27149 6522 6534
27150 6522 14370
27151 6524 10108
27152 6524 14045
27153 6524 14047
27154 6525 11442
27155 6525 14314
27156 6526 10389
27157 6526 14002
27158 6527 9070
27159 6527 9076
27160 6527 11032
27161 6528 9935
27162 6528 10187
27163 6528 10743
27164 6528 12790
27165 6528 12848
27166 6528 14772
27167 6529 9511
27168 6529 9578
27169 6529 10709
27170 6529 10710
27171 6529 11024
27172 6530 10379
27173 6530 10381
27174 6530 10398
27175 6530 10543
27176 6530 11690
27177 6531 8137
27178 6531 14788
27179 6532 14370
27180 6533 6849
27181 6533 11898
27182 6533 14041
27183 6533 14376
27184 6533 14949
27185 6534 6537
27186 6535 6536
27187 6535 14041
27188 6535 14949
27189 6536 6850
27190 6536 14377
27191 6537 7790
27192 6538 14049
27193 6538 14382
27194 6539 8001
27195 6539 11208
27196 6539 11827
27197 6539 13521
27198 6539 13537
27199 6540 6545
27200 6540 6854
27201 6540 11722
27202 6540 14052
27203 6541 11722
27204 6542 7312
27205 6542 9525
27206 6543 7423
27207 6543 9421
27208 6543 9422
27209 6543 9486
27210 6543 9818
27211 6543 9942
27212 6544 9352
27213 6544 9359
27214 6544 11101
27215 6544 11102
27216 6544 14438
27217 6545 6548
27218 6545 11722
27219 6547 14624
27220 6548 6856
27221 6548 6859
27222 6549 13136
27223 6550 11878
27224 6550 11879
27225 6550 12659
27226 6550 12717
27227 6550 12872
27228 6550 14632
27229 6551 10790
27230 6551 13298
27231 6552 8359
27232 6553 6867
27233 6553 14040
27234 6555 6712
27235 6555 10871
27236 6556 14475
27237 6557 11982
27238 6557 12144
27239 6557 12327
27240 6557 13062
27241 6557 13109
27242 6558 6587
27243 6558 6867
27244 6558 11005
27245 6559 6565
27246 6559 6593
27247 6559 6871
27248 6559 9876
27249 6560 12383
27250 6561 9876
27251 6562 6564
27252 6563 6565
27253 6563 7088
27254 6564 6568
27255 6564 14455
27256 6566 7088
27257 6566 13966
27258 6567 6568
27259 6567 9115
27260 6567 14455
27261 6568 14455
27262 6569 6575
27263 6569 13964
27264 6569 13966
27265 6570 6571
27266 6570 6574
27267 6570 6575
27268 6570 13662
27269 6570 13964
27270 6571 6573
27271 6571 13662
27272 6572 9115
27273 6573 13662
27274 6573 13663
27275 6574 6583
27276 6575 13662
27277 6575 13964
27278 6576 12879
27279 6577 7530
27280 6577 7671
27281 6577 7811
27282 6577 9840
27283 6577 13642
27284 6578 8505
27285 6578 11267
27286 6578 12992
27287 6578 12997
27288 6578 13384
27289 6579 13671
27290 6579 13969
27291 6581 6762
27292 6581 13895
27293 6581 14110
27294 6581 14693
27295 6582 8120
27296 6582 8952
27297 6582 9224
27298 6582 11194
27299 6582 11213
27300 6582 11214
27301 6583 10443
27302 6583 13665
27303 6583 13672
27304 6584 13375
27305 6584 13394
27306 6585 6970
27307 6585 7851
27308 6585 13911
27309 6585 13978
27310 6586 6587
27311 6586 6869
27312 6586 13676
27313 6586 14327
27314 6588 7134
27315 6588 7136
27316 6588 7194
27317 6589 14333
27318 6589 14501
27319 6589 14600
27320 6590 7002
27321 6590 7044
27322 6590 7047
27323 6590 7274
27324 6590 13875
27325 6591 7320
27326 6591 9786
27327 6591 9790
27328 6591 10085
27329 6591 11390
27330 6592 7005
27331 6592 8677
27332 6592 11653
27333 6592 14513
27334 6593 6871
27335 6593 9876
27336 6593 9886
27337 6594 8173
27338 6594 14521
27339 6594 14705
27340 6595 11498
27341 6596 14834
27342 6597 11040
27343 6597 14316
27344 6598 6599
27345 6598 13766
27346 6598 14316
27347 6599 13689
27348 6599 14316
27349 6599 14411
27350 6599 14412
27351 6601 10685
27352 6601 10687
27353 6601 10691
27354 6602 8937
27355 6602 13656
27356 6602 13658
27357 6602 13660
27358 6602 13732
27359 6602 13967
27360 6603 14139
27361 6603 14446
27362 6604 8669
27363 6604 9686
27364 6604 10328
27365 6604 13193
27366 6605 10295
27367 6606 14309
27368 6608 7957
27369 6608 7959
27370 6608 8079
27371 6608 8509
27372 6608 11292
27373 6608 13365
27374 6609 11058
27375 6609 11767
27376 6609 13162
27377 6609 14298
27378 6610 13701
27379 6610 14303
27380 6611 13701
27381 6611 14303
27382 6612 14469
27383 6613 6615
27384 6613 14301
27385 6614 6616
27386 6614 14299
27387 6615 13704
27388 6616 13707
27389 6617 14654
27390 6618 6619
27391 6618 11003
27392 6618 12039
27393 6618 13711
27394 6619 12039
27395 6619 14293
27396 6620 8963
27397 6620 9753
27398 6620 9921
27399 6620 10794
27400 6620 13338
27401 6621 7714
27402 6622 6624
27403 6622 11958
27404 6622 14287
27405 6623 13713
27406 6623 13715
27407 6624 11958
27408 6624 14287
27409 6625 10051
27410 6625 10305
27411 6625 10311
27412 6625 10544
27413 6625 11841
27414 6626 13933
27415 6627 7190
27416 6627 10361
27417 6627 13265
27418 6628 9514
27419 6628 9524
27420 6628 9585
27421 6628 10680
27422 6629 6634
27423 6629 14473
27424 6630 13227
27425 6630 13362
27426 6630 13373
27427 6631 14221
27428 6632 6634
27429 6632 9881
27430 6633 13725
27431 6633 14330
27432 6635 6811
27433 6635 13725
27434 6636 6643
27435 6636 6811
27436 6636 13725
27437 6636 13727
27438 6637 6638
27439 6637 14331
27440 6638 13728
27441 6638 13869
27442 6639 9228
27443 6639 9253
27444 6639 11187
27445 6639 14054
27446 6640 9178
27447 6640 13738
27448 6641 6748
27449 6641 6750
27450 6641 13878
27451 6641 14560
27452 6641 14705
27453 6642 13738
27454 6642 14267
27455 6644 13740
27456 6644 14267
27457 6645 8498
27458 6645 11051
27459 6645 11478
27460 6645 11479
27461 6645 14152
27462 6646 6647
27463 6646 14515
27464 6647 11116
27465 6647 14515
27466 6648 6649
27467 6648 13744
27468 6648 14262
27469 6648 14263
27470 6649 6650
27471 6649 14262
27472 6650 6651
27473 6650 13747
27474 6650 14262
27475 6651 6652
27476 6651 13747
27477 6651 14262
27478 6652 13744
27479 6652 14262
27480 6653 7056
27481 6653 7376
27482 6653 7964
27483 6653 7966
27484 6653 7968
27485 6653 8870
27486 6654 10457
27487 6654 13727
27488 6654 14331
27489 6654 14734
27490 6655 13755
27491 6656 13755
27492 6657 7012
27493 6658 7541
27494 6658 14928
27495 6659 8471
27496 6659 11246
27497 6659 13249
27498 6659 13251
27499 6659 14241
27500 6660 6662
27501 6660 8586
27502 6660 9677
27503 6660 13760
27504 6661 6725
27505 6661 9172
27506 6661 9228
27507 6661 10595
27508 6662 13760
27509 6663 8877
27510 6663 10251
27511 6663 10892
27512 6663 12798
27513 6664 10345
27514 6664 10446
27515 6664 11953
27516 6664 11955
27517 6664 13135
27518 6665 9529
27519 6665 9633
27520 6665 10700
27521 6665 10706
27522 6665 10709
27523 6665 12864
27524 6666 7550
27525 6666 7649
27526 6666 7651
27527 6666 7837
27528 6666 11107
27529 6667 11851
27530 6667 11852
27531 6667 11944
27532 6667 11945
27533 6667 12939
27534 6667 13128
27535 6668 11748
27536 6668 12820
27537 6669 6670
27538 6669 13772
27539 6669 13956
27540 6669 14231
27541 6670 13772
27542 6670 14232
27543 6671 13774
27544 6671 14232
27545 6671 14486
27546 6672 13774
27547 6672 13955
27548 6673 8607
27549 6673 10796
27550 6673 11474
27551 6673 12023
27552 6673 12576
27553 6673 12578
27554 6674 6675
27555 6674 14219
27556 6675 14219
27557 6675 14227
27558 6676 12025
27559 6676 12531
27560 6676 12542
27561 6676 12673
27562 6676 14318
27563 6677 6682
27564 6677 13779
27565 6677 13785
27566 6678 6679
27567 6678 9173
27568 6679 9173
27569 6679 14223
27570 6680 11926
27571 6680 12186
27572 6680 12721
27573 6680 12919
27574 6681 8257
27575 6681 8432
27576 6681 13847
27577 6682 6683
27578 6682 13779
27579 6682 13785
27580 6682 14227
27581 6683 13779
27582 6683 14227
27583 6684 13789
27584 6684 13791
27585 6685 13791
27586 6685 13793
27587 6686 13342
27588 6686 13346
27589 6687 13793
27590 6687 14445
27591 6688 11041
27592 6688 14211
27593 6689 10804
27594 6689 11791
27595 6690 14210
27596 6691 7263
27597 6691 10283
27598 6691 10285
27599 6691 10409
27600 6692 8419
27601 6692 8613
27602 6692 10011
27603 6692 11371
27604 6693 9302
27605 6693 14926
27606 6694 10091
27607 6694 11663
27608 6694 12722
27609 6695 6860
27610 6695 13802
27611 6696 6697
27612 6696 11989
27613 6696 13802
27614 6696 14345
27615 6697 13802
27616 6697 14345
27617 6698 9350
27618 6698 9367
27619 6698 9391
27620 6699 13803
27621 6700 9095
27622 6700 13502
27623 6700 14254
27624 6701 9014
27625 6701 13971
27626 6703 6708
27627 6703 14350
27628 6705 12182
27629 6705 12720
27630 6706 6971
27631 6706 13591
27632 6706 14681
27633 6707 8330
27634 6707 14193
27635 6707 14350
27636 6708 7774
27637 6709 9198
27638 6709 12706
27639 6709 12708
27640 6709 12770
27641 6710 12255
27642 6710 14077
27643 6711 14189
27644 6711 14351
27645 6713 11381
27646 6713 11383
27647 6713 11460
27648 6714 13742
27649 6714 13817
27650 6714 14547
27651 6715 11900
27652 6715 12156
27653 6716 13963
27654 6717 12058
27655 6718 6915
27656 6718 6974
27657 6718 13917
27658 6719 8510
27659 6719 8518
27660 6719 10820
27661 6719 11281
27662 6719 11283
27663 6719 12747
27664 6720 8269
27665 6722 8737
27666 6722 10921
27667 6722 11243
27668 6722 13985
27669 6723 13730
27670 6723 14085
27671 6724 10418
27672 6724 11189
27673 6724 14687
27674 6724 14688
27675 6725 9155
27676 6725 9174
27677 6725 10595
27678 6726 6783
27679 6726 11125
27680 6726 13908
27681 6726 14147
27682 6727 6782
27683 6727 14145
27684 6727 14506
27685 6728 6778
27686 6728 14091
27687 6728 14093
27688 6728 14142
27689 6728 14145
27690 6728 14506
27691 6729 14184
27692 6730 6732
27693 6730 13864
27694 6730 14138
27695 6730 14741
27696 6731 10407
27697 6731 14140
27698 6731 14741
27699 6732 13864
27700 6732 13867
27701 6732 14136
27702 6732 14514
27703 6733 14276
27704 6734 6860
27705 6735 13867
27706 6735 14135
27707 6735 14136
27708 6736 7074
27709 6736 9180
27710 6736 9188
27711 6736 9396
27712 6736 9957
27713 6736 10403
27714 6737 6861
27715 6737 11153
27716 6737 14282
27717 6738 10338
27718 6738 10536
27719 6738 10538
27720 6738 10540
27721 6738 10549
27722 6739 6770
27723 6739 6773
27724 6739 14908
27725 6740 6742
27726 6740 10929
27727 6740 14130
27728 6741 13873
27729 6741 14130
27730 6742 6743
27731 6742 10929
27732 6742 14128
27733 6742 14130
27734 6743 6744
27735 6743 14128
27736 6743 14130
27737 6744 8594
27738 6744 14128
27739 6745 7898
27740 6745 8170
27741 6745 8247
27742 6745 8304
27743 6745 8305
27744 6745 9471
27745 6746 6749
27746 6746 13877
27747 6746 14124
27748 6746 14706
27749 6747 7727
27750 6747 9720
27751 6747 9849
27752 6747 12741
27753 6747 13389
27754 6748 6766
27755 6748 14119
27756 6748 14560
27757 6748 14703
27758 6749 6750
27759 6749 13878
27760 6749 14124
27761 6749 14706
27762 6750 13878
27763 6750 14124
27764 6750 14560
27765 6751 6766
27766 6751 13883
27767 6751 14106
27768 6751 14119
27769 6752 6753
27770 6752 13883
27771 6753 13885
27772 6753 14116
27773 6754 7109
27774 6754 13771
27775 6755 13885
27776 6755 13887
27777 6755 13889
27778 6756 6757
27779 6756 6764
27780 6756 13889
27781 6756 13896
27782 6756 14359
27783 6757 6758
27784 6757 13893
27785 6757 13896
27786 6757 14113
27787 6757 14359
27788 6758 6759
27789 6758 13893
27790 6758 14359
27791 6759 13893
27792 6759 14419
27793 6760 8717
27794 6760 8839
27795 6760 10817
27796 6761 8007
27797 6761 8025
27798 6761 8087
27799 6761 9312
27800 6761 13519
27801 6762 11159
27802 6762 14110
27803 6763 9350
27804 6763 9353
27805 6763 9768
27806 6764 11055
27807 6764 13889
27808 6764 13896
27809 6764 14116
27810 6764 14698
27811 6765 13893
27812 6765 14111
27813 6765 14113
27814 6766 14119
27815 6766 14703
27816 6767 6824
27817 6767 6874
27818 6767 6951
27819 6767 13644
27820 6767 13651
27821 6767 13652
27822 6768 8952
27823 6768 9040
27824 6768 10423
27825 6768 10425
27826 6768 10864
27827 6768 11214
27828 6769 7184
27829 6769 7338
27830 6769 9438
27831 6769 11592
27832 6769 11605
27833 6769 13089
27834 6769 13589
27835 6770 6773
27836 6770 13873
27837 6771 11026
27838 6772 7832
27839 6772 7845
27840 6772 7848
27841 6772 12455
27842 6772 12456
27843 6772 14502
27844 6773 7158
27845 6773 13923
27846 6774 7507
27847 6774 7508
27848 6774 7689
27849 6774 13560
27850 6774 13562
27851 6775 8011
27852 6775 8557
27853 6775 8564
27854 6775 11819
27855 6776 9802
27856 6776 14138
27857 6776 14140
27858 6777 14452
27859 6777 14527
27860 6778 10714
27861 6778 13920
27862 6778 14093
27863 6778 14142
27864 6779 6781
27865 6779 13919
27866 6779 14089
27867 6779 14091
27868 6779 14147
27869 6780 6781
27870 6780 13908
27871 6780 14089
27872 6781 13919
27873 6781 14089
27874 6782 9856
27875 6782 14087
27876 6783 14087
27877 6783 14147
27878 6783 14505
27879 6784 7133
27880 6784 11820
27881 6784 13142
27882 6784 13886
27883 6785 10677
27884 6787 7185
27885 6787 9510
27886 6789 7450
27887 6789 7550
27888 6789 7552
27889 6789 12375
27890 6789 12380
27891 6789 12608
27892 6790 6791
27893 6790 6792
27894 6790 8630
27895 6791 6792
27896 6791 8630
27897 6793 13913
27898 6793 13914
27899 6794 6797
27900 6794 14417
27901 6796 9978
27902 6796 9980
27903 6796 9982
27904 6796 10363
27905 6796 10479
27906 6796 12547
27907 6798 14079
27908 6799 8954
27909 6799 10818
27910 6799 10819
27911 6799 10887
27912 6799 14320
27913 6799 14952
27914 6800 6803
27915 6801 8786
27916 6801 11607
27917 6801 14540
27918 6801 14656
27919 6802 12379
27920 6802 14056
27921 6803 14016
27922 6803 14062
27923 6803 14925
27924 6805 6806
27925 6805 6808
27926 6805 6825
27927 6805 12988
27928 6806 6825
27929 6806 9841
27930 6806 12988
27931 6806 14017
27932 6806 14069
27933 6807 6827
27934 6807 14016
27935 6807 14017
27936 6807 14064
27937 6808 6825
27938 6808 6955
27939 6808 9429
27940 6808 14071
27941 6809 8946
27942 6809 8948
27943 6809 10868
27944 6809 10915
27945 6809 10944
27946 6810 14078
27947 6811 13725
27948 6811 13727
27949 6811 14734
27950 6812 6814
27951 6812 6952
27952 6812 7694
27953 6812 9204
27954 6813 9920
27955 6813 11199
27956 6814 6816
27957 6814 7694
27958 6815 10158
27959 6815 10218
27960 6815 12189
27961 6815 12234
27962 6815 12236
27963 6816 6944
27964 6817 7237
27965 6817 7449
27966 6817 13629
27967 6817 13630
27968 6818 7311
27969 6818 12249
27970 6818 12251
27971 6818 12253
27972 6818 14491
27973 6819 9171
27974 6820 8482
27975 6820 10165
27976 6820 10253
27977 6820 11247
27978 6820 13439
27979 6822 6942
27980 6822 10780
27981 6823 8479
27982 6823 11249
27983 6823 11445
27984 6823 13436
27985 6823 14661
27986 6824 6939
27987 6824 6940
27988 6824 6951
27989 6824 13651
27990 6824 13981
27991 6825 14069
27992 6825 14071
27993 6826 6937
27994 6826 6938
27995 6826 6951
27996 6826 13624
27997 6826 13644
27998 6827 6829
27999 6827 9841
28000 6827 14017
28001 6827 14064
28002 6828 6878
28003 6828 6935
28004 6828 6936
28005 6828 6937
28006 6828 6956
28007 6828 7397
28008 6829 6831
28009 6829 7496
28010 6829 14064
28011 6829 14653
28012 6830 6931
28013 6830 6933
28014 6830 6957
28015 6830 7370
28016 6830 7399
28017 6830 13983
28018 6831 6833
28019 6831 14062
28020 6831 14064
28021 6831 14653
28022 6832 6887
28023 6832 6929
28024 6832 6930
28025 6832 6931
28026 6832 6932
28027 6832 7401
28028 6833 14062
28029 6833 14653
28030 6834 6928
28031 6834 6929
28032 6834 7403
28033 6834 13636
28034 6834 13638
28035 6834 14765
28036 6835 8609
28037 6835 10604
28038 6835 10688
28039 6836 6892
28040 6836 6926
28041 6836 6928
28042 6836 7405
28043 6836 14033
28044 6836 14765
28045 6837 14834
28046 6838 6924
28047 6838 6926
28048 6838 6961
28049 6838 13984
28050 6838 14031
28051 6839 8788
28052 6840 6841
28053 6840 6843
28054 6840 6924
28055 6840 6961
28056 6840 6962
28057 6840 13972
28058 6841 6843
28059 6841 6845
28060 6841 6902
28061 6841 6903
28062 6841 13972
28063 6842 8649
28064 6842 8866
28065 6842 10333
28066 6842 14200
28067 6843 6845
28068 6843 6846
28069 6843 6962
28070 6843 7368
28071 6844 7468
28072 6844 11844
28073 6844 11846
28074 6844 12210
28075 6845 6846
28076 6845 6903
28077 6845 7428
28078 6845 14022
28079 6846 6963
28080 6846 7368
28081 6846 14022
28082 6846 14032
28083 6847 13795
28084 6848 7593
28085 6848 14362
28086 6849 14371
28087 6849 14376
28088 6850 14049
28089 6850 14377
28090 6851 14864
28091 6852 14055
28092 6852 14382
28093 6853 14872
28094 6854 7125
28095 6855 6893
28096 6856 6859
28097 6856 14384
28098 6857 7092
28099 6857 9212
28100 6857 12265
28101 6857 14003
28102 6859 14384
28103 6861 11153
28104 6862 9095
28105 6863 12748
28106 6864 6865
28107 6864 6872
28108 6864 10805
28109 6865 7391
28110 6865 7393
28111 6865 9687
28112 6865 10805
28113 6866 6868
28114 6866 8475
28115 6866 9687
28116 6867 11005
28117 6867 13681
28118 6867 14040
28119 6868 6942
28120 6868 8475
28121 6868 9687
28122 6869 6870
28123 6869 13676
28124 6870 9886
28125 6871 13676
28126 6871 13756
28127 6872 10805
28128 6873 7239
28129 6874 9842
28130 6874 13644
28131 6874 13652
28132 6875 9297
28133 6875 10038
28134 6875 12309
28135 6876 9018
28136 6876 10813
28137 6876 11106
28138 6876 13021
28139 6876 13104
28140 6876 13105
28141 6877 6936
28142 6877 9842
28143 6877 13624
28144 6877 13631
28145 6877 14948
28146 6878 6936
28147 6878 7397
28148 6878 13627
28149 6878 13631
28150 6879 7666
28151 6879 7668
28152 6879 7787
28153 6879 7789
28154 6879 9176
28155 6879 13556
28156 6880 6881
28157 6880 6882
28158 6880 13627
28159 6881 6882
28160 6881 6934
28161 6881 13632
28162 6881 13637
28163 6882 6934
28164 6882 7397
28165 6882 13627
28166 6883 6884
28167 6883 6886
28168 6883 13637
28169 6884 6886
28170 6884 6887
28171 6884 6932
28172 6884 13632
28173 6884 13637
28174 6885 11744
28175 6885 11745
28176 6885 13192
28177 6885 13194
28178 6886 6887
28179 6886 13636
28180 6887 6929
28181 6887 6932
28182 6887 13636
28183 6888 11066
28184 6889 7085
28185 6889 7805
28186 6889 11940
28187 6889 12157
28188 6889 14208
28189 6890 13636
28190 6890 13638
28191 6890 13640
28192 6891 14950
28193 6892 13640
28194 6892 14033
28195 6892 14765
28196 6894 11812
28197 6894 12952
28198 6894 13143
28199 6895 7387
28200 6895 13078
28201 6895 13628
28202 6895 13641
28203 6896 6898
28204 6897 13513
28205 6897 13533
28206 6897 13633
28207 6897 13641
28208 6898 6900
28209 6899 12012
28210 6899 12014
28211 6899 12016
28212 6899 12587
28213 6899 12607
28214 6900 6901
28215 6900 6902
28216 6901 6902
28217 6901 6903
28218 6901 7426
28219 6902 6903
28220 6902 13972
28221 6903 7426
28222 6903 7428
28223 6904 6905
28224 6904 6907
28225 6904 13973
28226 6904 14027
28227 6904 14028
28228 6904 14030
28229 6905 7428
28230 6905 14022
28231 6905 14028
28232 6905 14030
28233 6906 6907
28234 6906 6923
28235 6906 8463
28236 6906 14023
28237 6906 14026
28238 6907 13973
28239 6907 14023
28240 6907 14027
28241 6908 8463
28242 6908 13974
28243 6908 14026
28244 6909 6910
28245 6909 10594
28246 6909 13974
28247 6910 7417
28248 6910 7419
28249 6910 10594
28250 6911 6912
28251 6911 13975
28252 6911 14024
28253 6912 7851
28254 6912 13975
28255 6913 9121
28256 6913 9835
28257 6913 13915
28258 6914 6917
28259 6914 7415
28260 6915 6916
28261 6915 7414
28262 6915 11170
28263 6915 13917
28264 6916 6972
28265 6916 11170
28266 6916 13910
28267 6916 13915
28268 6917 7415
28269 6917 9121
28270 6917 13975
28271 6918 6969
28272 6918 6970
28273 6918 7359
28274 6918 13912
28275 6918 13979
28276 6918 14019
28277 6919 10357
28278 6919 11065
28279 6919 11973
28280 6919 12079
28281 6919 12080
28282 6920 6922
28283 6920 6967
28284 6920 6968
28285 6920 10497
28286 6921 9127
28287 6921 9645
28288 6921 10996
28289 6921 11000
28290 6921 11001
28291 6921 11047
28292 6922 6923
28293 6922 6967
28294 6922 7408
28295 6922 13986
28296 6923 7408
28297 6923 14023
28298 6923 14026
28299 6924 6961
28300 6924 13972
28301 6924 14029
28302 6924 14031
28303 6925 8756
28304 6925 8989
28305 6925 8993
28306 6925 10573
28307 6925 11242
28308 6925 11245
28309 6926 7405
28310 6926 13984
28311 6926 14031
28312 6926 14033
28313 6927 6928
28314 6927 6959
28315 6927 7403
28316 6927 7405
28317 6928 7403
28318 6928 7405
28319 6928 14765
28320 6929 6930
28321 6929 7403
28322 6929 13636
28323 6930 6958
28324 6930 7401
28325 6930 7403
28326 6931 6932
28327 6931 7370
28328 6931 7399
28329 6931 7401
28330 6932 7399
28331 6932 13632
28332 6933 6934
28333 6933 6935
28334 6933 6957
28335 6933 7375
28336 6933 7399
28337 6934 6935
28338 6934 7397
28339 6934 7399
28340 6934 13632
28341 6935 6956
28342 6935 7375
28343 6935 7397
28344 6936 6937
28345 6936 13624
28346 6936 13631
28347 6937 6956
28348 6937 13624
28349 6938 6950
28350 6938 6951
28351 6938 13982
28352 6939 6940
28353 6939 6945
28354 6939 13981
28355 6939 14888
28356 6939 14889
28357 6940 9998
28358 6940 13651
28359 6941 8334
28360 6941 8335
28361 6941 13495
28362 6943 7072
28363 6943 14830
28364 6944 9003
28365 6944 14920
28366 6945 14889
28367 6946 8005
28368 6947 8423
28369 6947 8914
28370 6947 10011
28371 6947 11371
28372 6947 11373
28373 6947 11670
28374 6948 14248
28375 6948 14255
28376 6948 14308
28377 6950 6953
28378 6951 13644
28379 6951 13981
28380 6951 13982
28381 6952 9204
28382 6952 14018
28383 6952 14785
28384 6953 6956
28385 6953 7373
28386 6954 8885
28387 6954 9712
28388 6954 10590
28389 6954 10591
28390 6954 12184
28391 6955 9429
28392 6955 10802
28393 6955 14071
28394 6955 14785
28395 6956 7373
28396 6956 7375
28397 6957 7375
28398 6957 13983
28399 6958 7370
28400 6958 7401
28401 6959 7405
28402 6959 13984
28403 6960 8795
28404 6960 8798
28405 6960 8885
28406 6960 10441
28407 6960 10759
28408 6960 12184
28409 6961 6962
28410 6962 7368
28411 6963 6964
28412 6963 7368
28413 6963 14032
28414 6964 14032
28415 6964 14037
28416 6965 6966
28417 6965 9489
28418 6965 14025
28419 6965 14039
28420 6966 7408
28421 6966 13986
28422 6966 14039
28423 6967 6968
28424 6967 13986
28425 6968 7361
28426 6968 10497
28427 6968 13979
28428 6969 7361
28429 6969 13912
28430 6969 13979
28431 6970 7359
28432 6970 13911
28433 6970 13912
28434 6970 13978
28435 6971 14681
28436 6972 7356
28437 6972 10776
28438 6972 13910
28439 6972 13915
28440 6973 7354
28441 6973 13917
28442 6974 12060
28443 6974 13907
28444 6974 13917
28445 6975 6976
28446 6975 7352
28447 6975 7354
28448 6975 13907
28449 6975 14239
28450 6976 14239
28451 6976 14272
28452 6977 7069
28453 6977 7250
28454 6977 13921
28455 6977 14239
28456 6977 14272
28457 6978 7069
28458 6978 13921
28459 6979 6980
28460 6979 7349
28461 6979 9196
28462 6979 13823
28463 6979 13903
28464 6979 13987
28465 6980 7260
28466 6980 13823
28467 6980 13900
28468 6980 13903
28469 6980 13988
28470 6981 6982
28471 6981 7340
28472 6981 13899
28473 6981 13900
28474 6981 13937
28475 6981 13988
28476 6981 13995
28477 6982 6983
28478 6982 7340
28479 6982 13897
28480 6982 13937
28481 6983 6984
28482 6983 7339
28483 6983 7340
28484 6983 13897
28485 6984 6985
28486 6984 7339
28487 6984 13894
28488 6985 13892
28489 6985 13894
28490 6985 13989
28491 6986 6988
28492 6986 9468
28493 6986 13828
28494 6986 13892
28495 6986 13989
28496 6986 13990
28497 6987 7333
28498 6987 7334
28499 6987 8081
28500 6987 11006
28501 6988 13828
28502 6988 13890
28503 6988 13990
28504 6989 7186
28505 6989 10841
28506 6989 10993
28507 6989 11046
28508 6990 7061
28509 6990 7333
28510 6990 11006
28511 6990 13890
28512 6991 7057
28513 6991 7332
28514 6991 14775
28515 6992 13603
28516 6992 13935
28517 6994 13355
28518 6994 13708
28519 6995 6998
28520 6995 7053
28521 6995 13879
28522 6995 13880
28523 6996 10343
28524 6996 10530
28525 6996 10534
28526 6996 10536
28527 6996 10538
28528 6996 10546
28529 6997 6998
28530 6997 14792
28531 6998 13879
28532 6999 7270
28533 6999 10376
28534 6999 13875
28535 6999 13993
28536 6999 14735
28537 7000 7002
28538 7000 14735
28539 7001 8982
28540 7001 8984
28541 7001 9010
28542 7001 9329
28543 7001 9472
28544 7001 10667
28545 7001 13137
28546 7002 7044
28547 7002 13875
28548 7002 14735
28549 7003 7006
28550 7003 7043
28551 7003 7316
28552 7003 7318
28553 7003 10520
28554 7004 14117
28555 7004 14118
28556 7004 14120
28557 7005 11653
28558 7006 7316
28559 7006 9919
28560 7006 10520
28561 7007 10827
28562 7007 13179
28563 7007 13866
28564 7008 7314
28565 7008 9919
28566 7008 13868
28567 7008 13870
28568 7009 9218
28569 7009 9374
28570 7009 11855
28571 7009 13998
28572 7010 7312
28573 7010 7314
28574 7010 10827
28575 7010 13868
28576 7011 7013
28577 7011 7284
28578 7013 7017
28579 7013 7286
28580 7013 13916
28581 7014 7016
28582 7014 7355
28583 7014 13094
28584 7014 13859
28585 7014 13861
28586 7016 7018
28587 7016 10803
28588 7016 13094
28589 7016 13859
28590 7017 7286
28591 7017 7306
28592 7017 7308
28593 7017 13916
28594 7018 10803
28595 7018 13859
28596 7018 13926
28597 7018 13927
28598 7019 7021
28599 7019 7304
28600 7020 10299
28601 7020 10451
28602 7020 11981
28603 7021 7302
28604 7021 7304
28605 7022 7025
28606 7022 12535
28607 7022 13891
28608 7023 7025
28609 7023 8249
28610 7023 8445
28611 7023 9853
28612 7023 13854
28613 7024 8504
28614 7024 11636
28615 7024 11637
28616 7024 11651
28617 7024 11667
28618 7024 13970
28619 7025 13852
28620 7025 13854
28621 7026 7298
28622 7026 8992
28623 7026 11399
28624 7027 7031
28625 7027 13845
28626 7028 7294
28627 7028 8992
28628 7028 11399
28629 7029 11734
28630 7029 12156
28631 7030 7292
28632 7030 7294
28633 7030 10920
28634 7031 8263
28635 7031 8759
28636 7031 13845
28637 7031 13846
28638 7033 7290
28639 7033 7298
28640 7034 13479
28641 7034 13481
28642 7034 13653
28643 7034 13655
28644 7034 13862
28645 7034 13904
28646 7036 7781
28647 7036 9475
28648 7036 9476
28649 7036 9480
28650 7036 9494
28651 7036 9550
28652 7036 10124
28653 7037 7091
28654 7037 8449
28655 7037 10036
28656 7037 12524
28657 7037 13031
28658 7038 7040
28659 7038 7043
28660 7038 7316
28661 7038 13870
28662 7040 7314
28663 7040 13870
28664 7041 9252
28665 7041 13255
28666 7041 13302
28667 7041 14443
28668 7042 7045
28669 7042 7318
28670 7042 13836
28671 7043 7045
28672 7043 7316
28673 7043 7318
28674 7044 7047
28675 7044 13835
28676 7045 7318
28677 7046 10414
28678 7046 12923
28679 7047 13835
28680 7049 9026
28681 7049 9497
28682 7049 9639
28683 7049 10047
28684 7049 10548
28685 7050 10917
28686 7050 10973
28687 7050 14870
28688 7051 7053
28689 7051 10973
28690 7052 7265
28691 7052 10971
28692 7052 13674
28693 7054 11923
28694 7054 12091
28695 7054 12093
28696 7054 13041
28697 7054 13134
28698 7055 11011
28699 7055 12792
28700 7055 12809
28701 7055 13693
28702 7055 13965
28703 7056 7454
28704 7056 7876
28705 7056 7966
28706 7056 7968
28707 7056 8277
28708 7056 12995
28709 7057 7330
28710 7057 14775
28711 7058 7061
28712 7058 7333
28713 7058 7334
28714 7058 13935
28715 7059 10406
28716 7059 10460
28717 7060 7063
28718 7060 13828
28719 7060 13894
28720 7060 13989
28721 7060 14947
28722 7061 7333
28723 7062 7339
28724 7062 13827
28725 7062 13897
28726 7062 13937
28727 7063 7339
28728 7063 13827
28729 7063 13894
28730 7063 14947
28731 7064 7065
28732 7064 13903
28733 7064 13988
28734 7065 13903
28735 7065 13987
28736 7066 7349
28737 7066 9196
28738 7066 10748
28739 7066 13826
28740 7066 14663
28741 7066 14719
28742 7067 8676
28743 7067 8677
28744 7067 8679
28745 7067 10888
28746 7067 10962
28747 7068 12841
28748 7069 13921
28749 7069 14272
28750 7070 9810
28751 7070 10992
28752 7070 14730
28753 7071 9693
28754 7071 9694
28755 7071 9695
28756 7071 11701
28757 7072 11039
28758 7072 14829
28759 7072 14830
28760 7073 7242
28761 7073 9691
28762 7074 9396
28763 7074 9957
28764 7074 10733
28765 7076 7238
28766 7077 11454
28767 7077 14281
28768 7078 8121
28769 7078 8422
28770 7078 8424
28771 7078 12477
28772 7078 12485
28773 7078 12490
28774 7078 14546
28775 7079 8016
28776 7079 8567
28777 7079 8568
28778 7079 11268
28779 7079 11804
28780 7080 14902
28781 7081 11775
28782 7081 12843
28783 7081 12983
28784 7082 9812
28785 7082 13754
28786 7082 14937
28787 7083 7704
28788 7083 7865
28789 7083 14528
28790 7084 8959
28791 7084 10433
28792 7084 10435
28793 7084 10949
28794 7084 11217
28795 7085 7805
28796 7085 11897
28797 7085 12157
28798 7085 12158
28799 7087 9979
28800 7087 9982
28801 7087 9983
28802 7087 10477
28803 7087 10668
28804 7088 13969
28805 7089 7484
28806 7089 11382
28807 7089 11460
28808 7090 9101
28809 7090 9385
28810 7090 12657
28811 7091 8449
28812 7091 12293
28813 7091 12362
28814 7091 12366
28815 7091 12368
28816 7091 13031
28817 7092 9212
28818 7092 13250
28819 7092 13946
28820 7093 14003
28821 7094 9923
28822 7094 12790
28823 7094 12791
28824 7094 12811
28825 7094 12813
28826 7094 12850
28827 7095 7114
28828 7096 7151
28829 7096 7282
28830 7097 11166
28831 7097 13949
28832 7097 14005
28833 7098 7099
28834 7098 13951
28835 7098 14007
28836 7099 7341
28837 7099 13950
28838 7099 13951
28839 7100 9448
28840 7100 14007
28841 7100 14015
28842 7100 14278
28843 7101 8826
28844 7101 12019
28845 7101 12020
28846 7102 7103
28847 7102 10034
28848 7102 13953
28849 7102 14008
28850 7102 14009
28851 7103 7345
28852 7103 9448
28853 7103 10034
28854 7103 14008
28855 7104 9771
28856 7104 13343
28857 7104 14021
28858 7105 7106
28859 7105 13953
28860 7105 13954
28861 7105 14009
28862 7105 14885
28863 7105 14886
28864 7106 13775
28865 7106 13954
28866 7106 14886
28867 7107 7108
28868 7107 7109
28869 7107 9054
28870 7107 13775
28871 7108 7109
28872 7108 14887
28873 7109 13771
28874 7110 7111
28875 7110 7113
28876 7110 9366
28877 7110 13771
28878 7111 7113
28879 7111 7116
28880 7111 9366
28881 7112 7256
28882 7112 7429
28883 7112 7589
28884 7112 7591
28885 7113 7116
28886 7113 13771
28887 7114 14004
28888 7115 9529
28889 7115 9579
28890 7115 10709
28891 7115 11024
28892 7116 7204
28893 7117 7120
28894 7117 7201
28895 7117 13765
28896 7117 13767
28897 7118 7202
28898 7118 7204
28899 7118 13767
28900 7119 7120
28901 7119 7200
28902 7119 7201
28903 7119 14891
28904 7120 7201
28905 7120 10140
28906 7120 13765
28907 7121 8915
28908 7121 8920
28909 7121 8922
28910 7121 10386
28911 7122 8758
28912 7122 9301
28913 7122 9770
28914 7122 14244
28915 7123 7126
28916 7123 7198
28917 7123 9875
28918 7123 11162
28919 7123 13761
28920 7123 14649
28921 7124 7199
28922 7124 13763
28923 7126 11162
28924 7126 13761
28925 7126 14533
28926 7128 11575
28927 7128 12590
28928 7128 12599
28929 7128 12904
28930 7129 7130
28931 7129 9186
28932 7129 11022
28933 7129 13757
28934 7130 7131
28935 7130 7195
28936 7130 11022
28937 7130 13757
28938 7131 7195
28939 7132 7194
28940 7132 12125
28941 7133 11687
28942 7133 12001
28943 7133 12005
28944 7133 13142
28945 7133 13764
28946 7133 13886
28947 7134 7194
28948 7134 12125
28949 7135 7137
28950 7135 7191
28951 7135 13750
28952 7135 13751
28953 7137 13750
28954 7137 13751
28955 7137 14898
28956 7138 7140
28957 7138 7191
28958 7138 13748
28959 7138 13750
28960 7139 8250
28961 7139 8252
28962 7139 8421
28963 7139 13616
28964 7139 13618
28965 7139 13620
28966 7140 7191
28967 7140 11016
28968 7140 13748
28969 7140 14011
28970 7141 7144
28971 7141 13745
28972 7141 13746
28973 7142 7144
28974 7142 13746
28975 7142 13748
28976 7142 14011
28977 7143 7146
28978 7143 13743
28979 7143 13745
28980 7144 9122
28981 7144 13746
28982 7144 14011
28983 7145 7146
28984 7145 7148
28985 7145 13741
28986 7145 13743
28987 7146 13741
28988 7146 13743
28989 7147 7148
28990 7147 13739
28991 7147 13741
28992 7148 13741
28993 7149 9230
28994 7149 9320
28995 7149 9668
28996 7149 10603
28997 7149 10711
28998 7149 10713
28999 7149 14108
29000 7150 7187
29001 7150 8037
29002 7150 13958
29003 7150 14904
29004 7151 7152
29005 7151 13991
29006 7152 13958
29007 7152 13991
29008 7153 7183
29009 7153 13734
29010 7153 13991
29011 7153 14906
29012 7154 7156
29013 7154 7183
29014 7154 13735
29015 7154 13960
29016 7154 14256
29017 7155 7156
29018 7155 7182
29019 7156 7182
29020 7156 13735
29021 7156 13960
29022 7157 10747
29023 7157 12727
29024 7157 12729
29025 7157 12731
29026 7157 12896
29027 7157 12900
29028 7158 8415
29029 7158 10274
29030 7158 13923
29031 7159 8828
29032 7159 10351
29033 7159 10440
29034 7160 7161
29035 7160 7180
29036 7160 13726
29037 7161 13724
29038 7161 13726
29039 7161 13729
29040 7162 7164
29041 7162 7179
29042 7162 13721
29043 7162 13724
29044 7163 14556
29045 7164 13721
29046 7164 13722
29047 7165 7175
29048 7165 9915
29049 7165 13801
29050 7166 14963
29051 7167 7175
29052 7167 12145
29053 7167 13716
29054 7167 13718
29055 7168 7169
29056 7168 13570
29057 7168 13714
29058 7169 13714
29059 7169 13716
29060 7169 13718
29061 7170 7580
29062 7170 7814
29063 7170 12430
29064 7170 12456
29065 7170 14502
29066 7171 10354
29067 7171 13568
29068 7171 13570
29069 7171 13714
29070 7172 7174
29071 7172 7499
29072 7173 8571
29073 7173 8573
29074 7173 10752
29075 7173 11413
29076 7173 11545
29077 7174 7499
29078 7174 13567
29079 7175 12145
29080 7175 13718
29081 7175 13801
29082 7176 11299
29083 7176 11837
29084 7176 13369
29085 7177 7178
29086 7177 7502
29087 7177 7503
29088 7177 7504
29089 7178 7504
29090 7178 7506
29091 7179 13724
29092 7179 13729
29093 7180 13726
29094 7180 13730
29095 7181 8574
29096 7182 13960
29097 7182 14085
29098 7183 13734
29099 7183 14256
29100 7184 7335
29101 7184 7338
29102 7184 11592
29103 7184 12306
29104 7184 13101
29105 7185 9510
29106 7185 12591
29107 7186 10417
29108 7186 10841
29109 7186 10993
29110 7186 13164
29111 7186 13254
29112 7187 13739
29113 7187 14904
29114 7188 8814
29115 7188 8910
29116 7188 11979
29117 7188 12285
29118 7189 8620
29119 7189 10114
29120 7189 10214
29121 7189 10215
29122 7189 10273
29123 7189 13335
29124 7190 10361
29125 7191 13750
29126 7192 7206
29127 7192 7207
29128 7192 7208
29129 7192 8832
29130 7192 10596
29131 7192 12403
29132 7193 9102
29133 7193 9389
29134 7193 9434
29135 7193 10472
29136 7193 11220
29137 7194 12125
29138 7195 13757
29139 7196 8074
29140 7196 8167
29141 7197 8611
29142 7197 8613
29143 7197 13687
29144 7197 13778
29145 7198 10119
29146 7198 10184
29147 7198 11162
29148 7198 14649
29149 7199 13761
29150 7199 14533
29151 7200 10931
29152 7200 13763
29153 7200 14891
29154 7201 14890
29155 7201 14891
29156 7202 7204
29157 7202 13765
29158 7202 13767
29159 7203 11620
29160 7203 11684
29161 7203 12957
29162 7203 13314
29163 7203 14398
29164 7205 7534
29165 7205 7536
29166 7205 7538
29167 7206 7207
29168 7206 7481
29169 7206 7536
29170 7206 7538
29171 7206 12403
29172 7207 7208
29173 7207 7538
29174 7207 10770
29175 7208 8832
29176 7208 10770
29177 7209 9628
29178 7209 9999
29179 7209 10001
29180 7209 12473
29181 7210 7214
29182 7210 7216
29183 7210 7233
29184 7210 7563
29185 7210 12382
29186 7211 7470
29187 7211 7543
29188 7211 7545
29189 7212 9384
29190 7212 9386
29191 7212 9743
29192 7212 9793
29193 7212 12500
29194 7213 11351
29195 7214 7216
29196 7214 7222
29197 7215 7217
29198 7215 7543
29199 7215 7545
29200 7215 7547
29201 7216 7220
29202 7216 7222
29203 7216 12381
29204 7216 12382
29205 7217 7219
29206 7217 7471
29207 7217 7547
29208 7217 7549
29209 7218 7280
29210 7218 8962
29211 7218 11203
29212 7218 12036
29213 7218 12154
29214 7218 12686
29215 7218 12688
29216 7219 7221
29217 7219 7547
29218 7219 7549
29219 7219 14959
29220 7219 14960
29221 7220 7222
29222 7220 7224
29223 7220 7226
29224 7220 7451
29225 7220 12381
29226 7221 7223
29227 7221 7549
29228 7221 7551
29229 7221 14959
29230 7222 7226
29231 7223 7225
29232 7223 7551
29233 7223 7553
29234 7224 7226
29235 7224 7228
29236 7224 7230
29237 7224 7451
29238 7224 12375
29239 7225 7553
29240 7225 7555
29241 7225 7557
29242 7225 7559
29243 7226 7230
29244 7227 10129
29245 7227 10135
29246 7227 10176
29247 7227 10227
29248 7227 12573
29249 7227 12574
29250 7228 7230
29251 7228 7232
29252 7228 7450
29253 7228 7452
29254 7228 12375
29255 7229 7231
29256 7229 7561
29257 7229 9222
29258 7229 13818
29259 7230 7232
29260 7230 7565
29261 7231 7233
29262 7231 7561
29263 7231 7563
29264 7231 9222
29265 7232 7452
29266 7232 7565
29267 7233 7563
29268 7233 9222
29269 7233 12382
29270 7234 7235
29271 7234 7448
29272 7234 7569
29273 7234 13191
29274 7234 14631
29275 7235 7448
29276 7235 7569
29277 7235 13629
29278 7236 7624
29279 7236 10570
29280 7237 7569
29281 7237 7571
29282 7237 13629
29283 7238 10167
29284 7239 7571
29285 7239 14444
29286 7240 14963
29287 7241 7246
29288 7241 7442
29289 7241 7443
29290 7241 7445
29291 7241 7573
29292 7241 7575
29293 7243 7245
29294 7243 7246
29295 7243 7249
29296 7243 7440
29297 7243 7577
29298 7243 13635
29299 7244 7245
29300 7244 7247
29301 7244 7248
29302 7244 7249
29303 7245 7249
29304 7245 7577
29305 7246 7440
29306 7246 7442
29307 7246 7575
29308 7246 7577
29309 7247 7248
29310 7247 7249
29311 7247 12372
29312 7247 13639
29313 7248 7578
29314 7248 7581
29315 7249 12372
29316 7249 13635
29317 7250 7251
29318 7250 10748
29319 7250 13826
29320 7250 13921
29321 7251 10748
29322 7251 10903
29323 7252 7254
29324 7252 7259
29325 7252 7585
29326 7252 13643
29327 7253 7255
29328 7253 7256
29329 7253 7259
29330 7253 7430
29331 7253 13643
29332 7254 7436
29333 7254 7583
29334 7254 7585
29335 7254 13901
29336 7255 7256
29337 7255 7259
29338 7256 7429
29339 7257 11370
29340 7257 11372
29341 7257 11375
29342 7258 7260
29343 7258 13900
29344 7258 13995
29345 7259 13643
29346 7260 13823
29347 7260 13900
29348 7261 8730
29349 7261 8732
29350 7261 10824
29351 7261 11287
29352 7261 11288
29353 7262 10133
29354 7262 12155
29355 7262 12573
29356 7262 12980
29357 7263 10283
29358 7263 10284
29359 7263 10414
29360 7263 11394
29361 7264 7266
29362 7264 7432
29363 7264 7591
29364 7264 9666
29365 7264 10952
29366 7265 13674
29367 7265 13829
29368 7265 13831
29369 7266 7411
29370 7266 7597
29371 7266 10952
29372 7267 7427
29373 7267 7597
29374 7267 7599
29375 7267 9685
29376 7267 13033
29377 7268 8239
29378 7268 10255
29379 7269 9850
29380 7270 7274
29381 7270 7406
29382 7270 13875
29383 7270 13876
29384 7270 13993
29385 7271 7420
29386 7271 7600
29387 7271 9405
29388 7271 9685
29389 7272 8737
29390 7272 8831
29391 7272 8833
29392 7272 11272
29393 7272 13985
29394 7273 7600
29395 7273 9405
29396 7273 11678
29397 7273 14868
29398 7274 7406
29399 7274 13834
29400 7274 13875
29401 7275 7416
29402 7275 11603
29403 7275 11678
29404 7275 12217
29405 7275 12359
29406 7276 13835
29407 7276 13836
29408 7276 14057
29409 7277 13176
29410 7277 13180
29411 7277 13311
29412 7278 14615
29413 7278 14617
29414 7278 14845
29415 7279 12216
29416 7280 11535
29417 7280 12034
29418 7280 12036
29419 7280 12446
29420 7280 12686
29421 7281 7283
29422 7281 7412
29423 7281 7413
29424 7281 12216
29425 7281 12221
29426 7281 13045
29427 7282 9902
29428 7283 7285
29429 7283 7410
29430 7283 7412
29431 7283 12221
29432 7283 12223
29433 7284 7312
29434 7285 7287
29435 7285 7410
29436 7285 12223
29437 7285 12225
29438 7285 12227
29439 7285 12345
29440 7286 7306
29441 7287 7289
29442 7287 12227
29443 7287 12345
29444 7287 13070
29445 7288 7304
29446 7288 7306
29447 7289 7291
29448 7289 10249
29449 7289 12227
29450 7290 7298
29451 7290 10920
29452 7291 10249
29453 7291 12231
29454 7293 11216
29455 7293 12229
29456 7293 12231
29457 7293 12233
29458 7293 14484
29459 7294 8992
29460 7294 10920
29461 7295 7396
29462 7295 12235
29463 7295 12237
29464 7295 13073
29465 7295 14484
29466 7296 7453
29467 7296 7554
29468 7296 7838
29469 7297 8416
29470 7297 12237
29471 7297 13541
29472 7298 8992
29473 7298 10920
29474 7299 7301
29475 7299 8416
29476 7299 12241
29477 7301 7303
29478 7301 12241
29479 7301 12243
29480 7301 13076
29481 7301 13077
29482 7302 7304
29483 7303 7305
29484 7303 12241
29485 7303 12243
29486 7304 7306
29487 7305 7307
29488 7305 12243
29489 7305 12245
29490 7305 12247
29491 7307 7385
29492 7307 8434
29493 7307 12245
29494 7307 12247
29495 7307 13079
29496 7308 13916
29497 7309 7310
29498 7309 7385
29499 7309 8434
29500 7309 11622
29501 7309 12249
29502 7310 7385
29503 7310 7386
29504 7310 12249
29505 7310 12251
29506 7310 12580
29507 7311 10149
29508 7311 12251
29509 7311 12253
29510 7311 12256
29511 7311 12321
29512 7313 7344
29513 7313 8619
29514 7313 10125
29515 7313 10183
29516 7313 12032
29517 7313 13759
29518 7314 13868
29519 7314 13870
29520 7315 7317
29521 7315 12253
29522 7315 12256
29523 7315 13106
29524 7316 9919
29525 7316 13870
29526 7317 12259
29527 7317 13106
29528 7317 13945
29529 7318 10520
29530 7318 13836
29531 7319 7727
29532 7319 9583
29533 7319 9720
29534 7319 9996
29535 7319 10642
29536 7319 11007
29537 7320 9722
29538 7320 9789
29539 7320 9848
29540 7320 10085
29541 7321 7324
29542 7321 12259
29543 7321 12319
29544 7321 13106
29545 7321 14215
29546 7322 7324
29547 7322 11411
29548 7322 12259
29549 7322 14896
29550 7323 14760
29551 7324 11411
29552 7324 12259
29553 7324 12315
29554 7324 14215
29555 7325 7327
29556 7325 7371
29557 7325 8413
29558 7325 11411
29559 7325 13087
29560 7326 7728
29561 7326 7915
29562 7326 12076
29563 7326 14156
29564 7327 7328
29565 7327 12263
29566 7327 12310
29567 7327 13087
29568 7328 9212
29569 7328 12263
29570 7328 12265
29571 7328 13250
29572 7329 7364
29573 7329 12263
29574 7329 12267
29575 7329 12310
29576 7330 7362
29577 7330 14775
29578 7331 12306
29579 7331 13100
29580 7331 13101
29581 7332 13603
29582 7332 14775
29583 7333 7334
29584 7333 11006
29585 7334 13888
29586 7334 13935
29587 7335 7336
29588 7335 7337
29589 7335 7338
29590 7335 12271
29591 7335 13101
29592 7336 7337
29593 7336 13100
29594 7336 13101
29595 7337 12271
29596 7338 9438
29597 7338 12271
29598 7338 12274
29599 7339 13827
29600 7339 13894
29601 7339 13897
29602 7340 13899
29603 7341 12277
29604 7341 13950
29605 7342 7343
29606 7342 12277
29607 7342 12280
29608 7342 12297
29609 7342 13091
29610 7343 7347
29611 7343 12280
29612 7343 12282
29613 7343 12295
29614 7343 12297
29615 7344 10125
29616 7344 11765
29617 7344 12029
29618 7344 12038
29619 7344 13759
29620 7345 7346
29621 7345 7347
29622 7345 10034
29623 7345 12282
29624 7346 10034
29625 7346 10872
29626 7346 12282
29627 7346 12283
29628 7346 12292
29629 7347 12280
29630 7347 12282
29631 7348 7350
29632 7348 10034
29633 7348 10872
29634 7348 14009
29635 7349 9196
29636 7349 13826
29637 7350 8967
29638 7350 10872
29639 7351 13742
29640 7351 14352
29641 7352 12060
29642 7352 13907
29643 7352 14239
29644 7353 10434
29645 7353 10436
29646 7353 10529
29647 7353 11210
29648 7354 13907
29649 7355 12283
29650 7355 12291
29651 7355 12292
29652 7355 13094
29653 7355 13861
29654 7356 9835
29655 7356 13915
29656 7357 7358
29657 7357 12291
29658 7357 12295
29659 7357 12297
29660 7357 13655
29661 7357 13904
29662 7358 12297
29663 7358 13091
29664 7358 13577
29665 7358 13650
29666 7358 13655
29667 7359 7417
29668 7359 13978
29669 7359 14019
29670 7360 9438
29671 7360 12274
29672 7360 12275
29673 7361 13979
29674 7362 8892
29675 7362 9871
29676 7363 11592
29677 7363 12306
29678 7363 13589
29679 7363 13592
29680 7363 13594
29681 7364 7367
29682 7364 12310
29683 7365 14292
29684 7365 14295
29685 7366 7522
29686 7366 7664
29687 7366 7672
29688 7366 7789
29689 7366 7791
29690 7366 7793
29691 7367 7369
29692 7367 7486
29693 7367 12310
29694 7367 13087
29695 7369 7371
29696 7369 7486
29697 7369 13085
29698 7369 13087
29699 7369 13598
29700 7370 7401
29701 7370 13983
29702 7371 7372
29703 7371 8413
29704 7371 13085
29705 7371 13087
29706 7372 8413
29707 7372 12315
29708 7372 13085
29709 7372 13604
29710 7373 7375
29711 7373 14887
29712 7374 7447
29713 7374 13992
29714 7374 14167
29715 7376 7964
29716 7376 8870
29717 7376 8871
29718 7376 13439
29719 7377 9031
29720 7377 9764
29721 7377 10386
29722 7377 10801
29723 7377 10855
29724 7377 11234
29725 7378 9018
29726 7378 11910
29727 7378 12054
29728 7378 12140
29729 7378 12391
29730 7378 12679
29731 7379 7384
29732 7379 10149
29733 7379 12580
29734 7379 13618
29735 7380 8145
29736 7380 8242
29737 7380 8324
29738 7380 8326
29739 7380 13532
29740 7381 7466
29741 7381 12319
29742 7381 12321
29743 7382 11980
29744 7382 11988
29745 7382 13141
29746 7383 7384
29747 7383 7386
29748 7383 12580
29749 7383 13621
29750 7383 13622
29751 7384 12580
29752 7384 13618
29753 7384 13620
29754 7384 13621
29755 7385 7386
29756 7385 8434
29757 7385 13079
29758 7385 13080
29759 7386 12580
29760 7386 13080
29761 7386 13622
29762 7387 7388
29763 7387 13078
29764 7387 13079
29765 7387 13080
29766 7387 13628
29767 7388 7390
29768 7388 12245
29769 7388 13077
29770 7388 13078
29771 7388 13079
29772 7389 14929
29773 7390 7392
29774 7390 13076
29775 7390 13077
29776 7390 13078
29777 7390 13633
29778 7391 7393
29779 7391 9687
29780 7391 10780
29781 7392 7394
29782 7392 7500
29783 7392 12426
29784 7392 13076
29785 7392 13633
29786 7393 9998
29787 7393 10805
29788 7394 7500
29789 7394 12432
29790 7394 13076
29791 7395 7967
29792 7395 8070
29793 7395 8071
29794 7395 8124
29795 7395 8520
29796 7395 8723
29797 7396 12237
29798 7396 12239
29799 7396 13073
29800 7397 13627
29801 7398 7400
29802 7398 7507
29803 7398 11216
29804 7398 13073
29805 7398 14484
29806 7399 13632
29807 7400 7402
29808 7400 7507
29809 7400 7508
29810 7400 11216
29811 7400 13071
29812 7402 7404
29813 7402 7508
29814 7402 7509
29815 7402 13069
29816 7402 13071
29817 7404 7407
29818 7404 7509
29819 7404 7510
29820 7404 13069
29821 7404 13070
29822 7404 13564
29823 7405 13984
29824 7406 10917
29825 7406 13834
29826 7406 13876
29827 7407 7409
29828 7407 7510
29829 7407 12345
29830 7407 13070
29831 7408 13986
29832 7408 14023
29833 7408 14039
29834 7409 7410
29835 7409 7510
29836 7409 7710
29837 7409 12345
29838 7409 13048
29839 7410 7412
29840 7410 12345
29841 7410 13048
29842 7411 10952
29843 7411 14983
29844 7412 7413
29845 7412 13046
29846 7412 13048
29847 7413 13045
29848 7413 13046
29849 7414 13976
29850 7415 13975
29851 7416 7422
29852 7416 11603
29853 7416 12358
29854 7416 12359
29855 7417 7419
29856 7417 10594
29857 7417 14019
29858 7418 11255
29859 7418 12004
29860 7418 12287
29861 7418 13227
29862 7419 10524
29863 7419 14024
29864 7420 7698
29865 7420 9405
29866 7420 12358
29867 7420 12359
29868 7422 7519
29869 7422 12358
29870 7422 13583
29871 7423 9338
29872 7423 9418
29873 7423 9421
29874 7423 9482
29875 7423 9942
29876 7424 7427
29877 7424 7432
29878 7424 7523
29879 7424 7690
29880 7424 7691
29881 7424 12364
29882 7425 7520
29883 7425 7698
29884 7426 7428
29885 7427 7432
29886 7427 7691
29887 7427 13033
29888 7428 14022
29889 7429 7591
29890 7429 12365
29891 7430 7433
29892 7430 7527
29893 7430 7681
29894 7430 13029
29895 7430 13643
29896 7431 8348
29897 7431 11001
29898 7431 11004
29899 7431 11047
29900 7432 12364
29901 7433 7435
29902 7433 7527
29903 7433 7528
29904 7433 13643
29905 7434 7436
29906 7434 7437
29907 7434 7441
29908 7434 7673
29909 7434 12369
29910 7434 13642
29911 7435 7436
29912 7435 7437
29913 7435 7528
29914 7435 7677
29915 7436 7437
29916 7436 7441
29917 7436 13901
29918 7437 7673
29919 7437 7677
29920 7438 7439
29921 7438 7533
29922 7438 7671
29923 7438 12369
29924 7438 12372
29925 7438 13639
29926 7439 7533
29927 7439 7535
29928 7439 12372
29929 7439 12373
29930 7439 13635
29931 7440 7442
29932 7440 12373
29933 7440 13635
29934 7441 12369
29935 7441 13639
29936 7441 13901
29937 7442 7443
29938 7442 13634
29939 7443 7444
29940 7443 7445
29941 7443 7661
29942 7443 13634
29943 7444 7445
29944 7444 7657
29945 7444 7659
29946 7444 7661
29947 7445 7449
29948 7446 7448
29949 7446 7452
29950 7446 7653
29951 7447 13820
29952 7447 13992
29953 7449 14444
29954 7450 7452
29955 7450 12375
29956 7450 12608
29957 7451 9704
29958 7451 12375
29959 7451 12380
29960 7451 12381
29961 7452 12608
29962 7453 9704
29963 7453 12381
29964 7453 12382
29965 7454 7966
29966 7454 8188
29967 7454 8280
29968 7454 12995
29969 7455 7457
29970 7455 8256
29971 7455 13621
29972 7455 13622
29973 7455 13623
29974 7455 13628
29975 7456 7641
29976 7456 7643
29977 7456 9222
29978 7457 8252
29979 7457 8254
29980 7457 8256
29981 7457 13620
29982 7457 13621
29983 7458 10554
29984 7458 11969
29985 7459 13753
29986 7460 9061
29987 7460 9067
29988 7460 9082
29989 7460 10875
29990 7461 7564
29991 7461 7639
29992 7461 13647
29993 7461 13818
29994 7461 13874
29995 7462 9828
29996 7463 8593
29997 7463 11578
29998 7463 11597
29999 7463 11598
30000 7463 11835
30001 7463 14795
30002 7464 7467
30003 7464 7551
30004 7464 7553
30005 7464 12392
30006 7464 12393
30007 7464 12395
30008 7465 7467
30009 7465 7471
30010 7465 7474
30011 7465 7570
30012 7465 7572
30013 7465 12395
30014 7466 13616
30015 7466 13618
30016 7467 7471
30017 7467 7549
30018 7467 7551
30019 7467 12395
30020 7468 11846
30021 7468 11847
30022 7468 14366
30023 7469 7470
30024 7469 7472
30025 7469 12397
30026 7469 12399
30027 7470 7545
30028 7470 12397
30029 7470 13648
30030 7471 7474
30031 7471 7549
30032 7472 7473
30033 7472 7579
30034 7472 7627
30035 7472 12397
30036 7472 12399
30037 7473 7623
30038 7473 7627
30039 7473 10596
30040 7473 12399
30041 7474 7572
30042 7474 7631
30043 7474 13648
30044 7476 9950
30045 7476 10779
30046 7476 12128
30047 7476 12637
30048 7476 12911
30049 7476 12942
30050 7477 7478
30051 7477 8222
30052 7477 8245
30053 7477 13606
30054 7477 13608
30055 7478 8245
30056 7478 13514
30057 7478 13602
30058 7478 13604
30059 7478 13606
30060 7479 7482
30061 7479 8356
30062 7479 10067
30063 7479 12405
30064 7480 7482
30065 7480 7534
30066 7480 10067
30067 7480 13649
30068 7481 7536
30069 7481 12403
30070 7482 10067
30071 7482 12405
30072 7483 12405
30073 7483 12408
30074 7484 11740
30075 7484 11743
30076 7484 12849
30077 7485 9281
30078 7485 9282
30079 7485 9284
30080 7485 9303
30081 7485 13198
30082 7485 14080
30083 7486 12409
30084 7486 13596
30085 7486 13598
30086 7487 7489
30087 7487 8240
30088 7487 8241
30089 7487 11631
30090 7487 13592
30091 7488 8369
30092 7488 11766
30093 7488 11768
30094 7489 8231
30095 7489 8240
30096 7489 13587
30097 7489 13589
30098 7489 13592
30099 7490 8146
30100 7490 11780
30101 7490 11787
30102 7490 13581
30103 7490 13585
30104 7491 8237
30105 7491 11151
30106 7491 11780
30107 7491 13579
30108 7491 13581
30109 7492 7493
30110 7492 8342
30111 7492 8343
30112 7492 12421
30113 7493 7494
30114 7493 8342
30115 7493 9065
30116 7493 12421
30117 7493 12824
30118 7494 9065
30119 7494 12421
30120 7494 13569
30121 7495 7497
30122 7495 12427
30123 7495 13569
30124 7497 10934
30125 7497 12427
30126 7497 13571
30127 7497 13710
30128 7497 13712
30129 7499 13567
30130 7500 7501
30131 7500 12425
30132 7500 12426
30133 7500 12432
30134 7501 7505
30135 7501 8198
30136 7501 8272
30137 7501 12425
30138 7501 12432
30139 7502 7503
30140 7502 13567
30141 7503 7504
30142 7504 7506
30143 7505 8198
30144 7505 12432
30145 7505 12433
30146 7505 13561
30147 7507 7508
30148 7507 12433
30149 7507 13560
30150 7508 7509
30151 7508 13562
30152 7509 13562
30153 7509 13564
30154 7510 7710
30155 7510 7712
30156 7510 13564
30157 7511 7512
30158 7511 7682
30159 7511 7708
30160 7511 7710
30161 7511 13048
30162 7512 7513
30163 7512 7705
30164 7512 7708
30165 7512 13046
30166 7512 13048
30167 7513 7515
30168 7513 7702
30169 7513 7705
30170 7513 13046
30171 7514 8638
30172 7514 12689
30173 7514 12695
30174 7514 12697
30175 7514 12698
30176 7514 12863
30177 7514 12866
30178 7515 7676
30179 7515 7678
30180 7515 7702
30181 7515 7705
30182 7515 14644
30183 7516 8584
30184 7516 8589
30185 7516 11302
30186 7516 11573
30187 7517 13787
30188 7518 10730
30189 7518 11109
30190 7518 12173
30191 7518 12175
30192 7518 12252
30193 7519 7698
30194 7519 12358
30195 7519 13583
30196 7520 7668
30197 7520 7698
30198 7521 8927
30199 7521 8929
30200 7521 9885
30201 7521 10178
30202 7521 14440
30203 7522 7672
30204 7522 7690
30205 7522 7691
30206 7522 7696
30207 7522 7793
30208 7523 7524
30209 7523 7686
30210 7523 7688
30211 7523 7690
30212 7523 12364
30213 7524 7660
30214 7524 7662
30215 7524 7688
30216 7524 7690
30217 7524 7793
30218 7525 7526
30219 7525 7660
30220 7525 7679
30221 7525 7681
30222 7525 7688
30223 7525 7799
30224 7525 14973
30225 7526 7681
30226 7526 7686
30227 7526 7688
30228 7526 13029
30229 7527 7528
30230 7527 7679
30231 7527 7681
30232 7528 7529
30233 7528 7677
30234 7529 7675
30235 7529 7677
30236 7529 7807
30237 7530 7648
30238 7530 7673
30239 7530 7675
30240 7530 9840
30241 7530 13642
30242 7531 8378
30243 7531 8381
30244 7531 8597
30245 7531 11334
30246 7531 14795
30247 7532 9895
30248 7532 14363
30249 7533 7535
30250 7533 7671
30251 7534 7536
30252 7535 7667
30253 7535 12373
30254 7536 7538
30255 7537 7539
30256 7537 7661
30257 7537 7663
30258 7537 7665
30259 7537 13634
30260 7539 7540
30261 7539 7635
30262 7539 7659
30263 7539 7661
30264 7539 7663
30265 7540 7542
30266 7540 7635
30267 7540 7659
30268 7540 7821
30269 7540 7822
30270 7541 14928
30271 7542 7544
30272 7542 7657
30273 7542 7659
30274 7542 7822
30275 7543 7545
30276 7544 7628
30277 7544 7655
30278 7544 7822
30279 7546 7548
30280 7546 7625
30281 7546 7653
30282 7546 7655
30283 7546 13645
30284 7547 14960
30285 7548 7625
30286 7548 7651
30287 7548 7829
30288 7548 12608
30289 7549 7551
30290 7550 7552
30291 7550 7649
30292 7550 7651
30293 7550 12608
30294 7551 7553
30295 7552 7554
30296 7552 7649
30297 7552 12380
30298 7553 7555
30299 7553 12393
30300 7554 7649
30301 7554 7836
30302 7554 7838
30303 7555 7557
30304 7555 12393
30305 7556 7558
30306 7556 7612
30307 7556 7614
30308 7556 7643
30309 7557 7559
30310 7557 13818
30311 7558 7560
30312 7558 7612
30313 7558 7641
30314 7558 7643
30315 7558 13874
30316 7560 7562
30317 7560 7607
30318 7560 7612
30319 7560 13148
30320 7560 13874
30321 7562 7605
30322 7562 7607
30323 7562 7638
30324 7562 7639
30325 7562 13874
30326 7564 7638
30327 7564 7639
30328 7565 14970
30329 7566 7568
30330 7566 12392
30331 7566 13565
30332 7567 8787
30333 7567 10248
30334 7567 10251
30335 7567 10901
30336 7568 7570
30337 7568 12392
30338 7568 12395
30339 7569 7571
30340 7569 13191
30341 7569 13629
30342 7570 7572
30343 7570 7634
30344 7570 12395
30345 7571 13191
30346 7572 7631
30347 7572 7632
30348 7572 7634
30349 7573 7575
30350 7573 12552
30351 7574 7576
30352 7574 7610
30353 7574 7617
30354 7574 7629
30355 7574 7631
30356 7574 7632
30357 7575 7577
30358 7576 7579
30359 7576 7588
30360 7576 7617
30361 7576 7618
30362 7576 7629
30363 7578 7581
30364 7578 14977
30365 7579 7618
30366 7579 7627
30367 7579 7629
30368 7579 12397
30369 7580 7814
30370 7580 7817
30371 7580 10699
30372 7581 7583
30373 7581 13901
30374 7582 7584
30375 7582 7621
30376 7582 9032
30377 7582 9946
30378 7582 11359
30379 7583 7585
30380 7583 13901
30381 7584 7587
30382 7584 7621
30383 7584 7623
30384 7586 12348
30385 7586 12351
30386 7586 12429
30387 7587 7621
30388 7587 10461
30389 7587 11357
30390 7588 7590
30391 7588 7617
30392 7588 7618
30393 7589 7591
30394 7589 8393
30395 7589 9666
30396 7590 7613
30397 7590 7617
30398 7590 7769
30399 7590 10461
30400 7591 9666
30401 7591 12365
30402 7592 7594
30403 7592 7609
30404 7592 7610
30405 7592 7613
30406 7592 7919
30407 7594 7608
30408 7594 7609
30409 7594 7610
30410 7594 7632
30411 7594 7634
30412 7595 8239
30413 7595 10100
30414 7595 10258
30415 7596 7598
30416 7596 7603
30417 7596 7608
30418 7596 7609
30419 7596 7761
30420 7596 7920
30421 7597 7599
30422 7598 7601
30423 7598 7603
30424 7598 7604
30425 7598 7758
30426 7598 7761
30427 7599 7600
30428 7599 9685
30429 7600 9405
30430 7600 9685
30431 7600 14868
30432 7601 7603
30433 7601 7604
30434 7601 7606
30435 7601 13565
30436 7602 9225
30437 7602 9549
30438 7602 9551
30439 7602 9642
30440 7603 7608
30441 7604 7606
30442 7604 7758
30443 7604 12214
30444 7604 13553
30445 7605 7606
30446 7605 7607
30447 7605 7638
30448 7605 12213
30449 7605 12214
30450 7606 7638
30451 7606 12214
30452 7606 13565
30453 7607 12213
30454 7607 13147
30455 7607 13148
30456 7608 7609
30457 7608 7634
30458 7609 7919
30459 7609 7920
30460 7610 7613
30461 7610 7617
30462 7610 7632
30463 7611 8526
30464 7611 8839
30465 7611 9837
30466 7612 7839
30467 7612 13148
30468 7613 7617
30469 7614 7616
30470 7614 7838
30471 7614 13551
30472 7615 9850
30473 7616 7619
30474 7616 7747
30475 7616 7836
30476 7616 7838
30477 7616 13551
30478 7618 7627
30479 7619 7746
30480 7619 7747
30481 7619 7836
30482 7619 7837
30483 7621 9032
30484 7621 11357
30485 7621 11360
30486 7622 7829
30487 7623 7627
30488 7624 9616
30489 7624 10050
30490 7624 10076
30491 7624 10078
30492 7625 7626
30493 7625 7655
30494 7625 7829
30495 7625 14433
30496 7626 7628
30497 7626 7655
30498 7626 7824
30499 7626 7827
30500 7626 14433
30501 7628 7630
30502 7628 7655
30503 7628 7822
30504 7628 7824
30505 7629 7631
30506 7629 12397
30507 7629 13648
30508 7630 7733
30509 7630 7821
30510 7630 7822
30511 7630 7824
30512 7630 13552
30513 7631 7632
30514 7631 13648
30515 7632 7634
30516 7633 7635
30517 7633 7636
30518 7633 7820
30519 7633 7821
30520 7633 12465
30521 7633 13552
30522 7635 7636
30523 7635 7663
30524 7635 7821
30525 7636 7637
30526 7636 7663
30527 7636 7819
30528 7636 7820
30529 7637 7729
30530 7637 7814
30531 7637 7817
30532 7637 7819
30533 7637 7820
30534 7638 7639
30535 7638 13565
30536 7639 13874
30537 7640 8171
30538 7641 7643
30539 7641 13647
30540 7641 13874
30541 7642 14805
30542 7644 11796
30543 7644 11980
30544 7644 12740
30545 7644 12742
30546 7645 8754
30547 7645 12865
30548 7646 7648
30549 7646 7725
30550 7646 7731
30551 7646 8580
30552 7646 9840
30553 7646 13207
30554 7647 8949
30555 7647 14324
30556 7648 7675
30557 7648 7807
30558 7648 8580
30559 7648 9840
30560 7649 7836
30561 7649 7837
30562 7650 14489
30563 7650 14929
30564 7650 14950
30565 7651 7829
30566 7651 12608
30567 7652 7654
30568 7652 7721
30569 7652 7734
30570 7652 7803
30571 7653 13645
30572 7654 7721
30573 7654 7799
30574 7654 7803
30575 7654 14973
30576 7655 13645
30577 7656 8446
30578 7656 8561
30579 7656 11533
30580 7657 7659
30581 7657 13630
30582 7658 10230
30583 7658 14554
30584 7659 7661
30585 7660 7662
30586 7660 7688
30587 7660 7795
30588 7660 7799
30589 7661 13634
30590 7662 7717
30591 7662 7793
30592 7662 7795
30593 7662 14305
30594 7663 7665
30595 7663 7819
30596 7664 7716
30597 7664 7791
30598 7664 7793
30599 7664 14305
30600 7665 7667
30601 7665 7819
30602 7665 13634
30603 7666 7711
30604 7666 7713
30605 7666 9176
30606 7666 13556
30607 7666 13947
30608 7667 7817
30609 7667 7819
30610 7667 12373
30611 7668 7787
30612 7668 7789
30613 7669 9407
30614 7669 9420
30615 7669 9803
30616 7669 13506
30617 7670 12192
30618 7671 12369
30619 7671 13642
30620 7672 7696
30621 7672 7789
30622 7673 7675
30623 7673 7677
30624 7673 13642
30625 7674 7676
30626 7674 7703
30627 7674 14073
30628 7674 14528
30629 7675 7677
30630 7675 7807
30631 7676 7678
30632 7676 7703
30633 7676 14644
30634 7678 7680
30635 7678 7703
30636 7678 7705
30637 7678 7777
30638 7679 7681
30639 7679 7803
30640 7679 14973
30641 7680 7682
30642 7680 7705
30643 7680 7708
30644 7680 7775
30645 7680 7777
30646 7681 13029
30647 7682 7684
30648 7682 7708
30649 7682 7775
30650 7683 8375
30651 7683 8376
30652 7683 8377
30653 7683 11352
30654 7683 11386
30655 7684 7685
30656 7684 7771
30657 7684 7773
30658 7684 7775
30659 7685 7712
30660 7685 7760
30661 7685 7768
30662 7685 7771
30663 7686 7688
30664 7686 12364
30665 7686 12365
30666 7687 7693
30667 7687 7760
30668 7687 7763
30669 7687 7765
30670 7687 7768
30671 7687 13562
30672 7689 7765
30673 7689 8194
30674 7689 8273
30675 7689 13560
30676 7690 7691
30677 7690 7793
30678 7691 7696
30679 7691 13033
30680 7692 7763
30681 7692 7765
30682 7692 8192
30683 7692 8194
30684 7692 8277
30685 7692 9195
30686 7693 7695
30687 7693 7759
30688 7693 7760
30689 7693 7763
30690 7693 11901
30691 7695 7697
30692 7695 7760
30693 7695 7771
30694 7695 7773
30695 7695 11901
30696 7696 13033
30697 7697 7754
30698 7697 7773
30699 7697 11901
30700 7698 12358
30701 7699 7700
30702 7699 7773
30703 7699 7775
30704 7699 7777
30705 7700 7703
30706 7700 7754
30707 7700 7777
30708 7702 14644
30709 7703 7777
30710 7703 14528
30711 7704 7863
30712 7704 7865
30713 7704 14528
30714 7705 7708
30715 7706 7707
30716 7706 7787
30717 7706 13556
30718 7706 13558
30719 7707 7711
30720 7707 7862
30721 7707 7863
30722 7707 13556
30723 7709 10048
30724 7709 10534
30725 7709 10546
30726 7709 11565
30727 7710 7712
30728 7710 13048
30729 7711 7861
30730 7711 7862
30731 7711 13556
30732 7711 13947
30733 7712 7768
30734 7712 13564
30735 7713 7715
30736 7713 7716
30737 7713 7791
30738 7713 9176
30739 7713 13947
30740 7715 7716
30741 7715 7859
30742 7715 13557
30743 7716 7791
30744 7716 13557
30745 7716 14305
30746 7717 7740
30747 7717 7741
30748 7717 7795
30749 7717 13557
30750 7717 14305
30751 7718 7721
30752 7718 7740
30753 7718 7987
30754 7718 10768
30755 7719 9069
30756 7719 11013
30757 7720 10264
30758 7720 11591
30759 7720 11872
30760 7720 11926
30761 7720 12721
30762 7720 12918
30763 7721 7734
30764 7721 10768
30765 7722 7734
30766 7722 7846
30767 7722 7849
30768 7722 9912
30769 7723 9200
30770 7723 11117
30771 7723 11122
30772 7723 11139
30773 7723 13882
30774 7724 7725
30775 7724 7731
30776 7724 7846
30777 7724 11832
30778 7724 13548
30779 7725 7726
30780 7725 7731
30781 7725 8264
30782 7725 13207
30783 7725 13548
30784 7726 7841
30785 7726 8264
30786 7726 12002
30787 7726 12430
30788 7726 13548
30789 7727 9720
30790 7727 9849
30791 7727 10483
30792 7727 10642
30793 7728 11797
30794 7728 11976
30795 7728 12076
30796 7729 7730
30797 7729 7814
30798 7729 7820
30799 7729 12455
30800 7729 12456
30801 7730 7820
30802 7730 12455
30803 7730 12459
30804 7730 12460
30805 7730 12465
30806 7731 8580
30807 7732 7733
30808 7732 12460
30809 7732 12464
30810 7732 12465
30811 7732 12468
30812 7732 13552
30813 7733 7738
30814 7733 7824
30815 7733 12468
30816 7733 13552
30817 7734 7849
30818 7734 10768
30819 7735 9045
30820 7735 9047
30821 7735 10875
30822 7735 11226
30823 7735 11230
30824 7736 7737
30825 7736 7818
30826 7736 7856
30827 7736 12469
30828 7736 12471
30829 7736 13550
30830 7737 7738
30831 7737 7825
30832 7737 7856
30833 7737 12468
30834 7737 12469
30835 7738 7824
30836 7738 7827
30837 7738 12468
30838 7738 12469
30839 7739 7742
30840 7739 7818
30841 7739 7868
30842 7739 12471
30843 7739 12474
30844 7739 13977
30845 7740 7741
30846 7740 7985
30847 7740 7987
30848 7741 7857
30849 7741 7859
30850 7741 7985
30851 7741 13557
30852 7742 7815
30853 7742 7816
30854 7742 7868
30855 7742 13977
30856 7742 14849
30857 7743 8074
30858 7743 8169
30859 7743 10751
30860 7743 13504
30861 7744 7746
30862 7744 7812
30863 7744 7815
30864 7744 7871
30865 7744 14849
30866 7745 7746
30867 7745 7747
30868 7745 7810
30869 7745 7812
30870 7745 12476
30871 7746 7747
30872 7746 7812
30873 7747 12476
30874 7747 13551
30875 7748 7749
30876 7748 7750
30877 7748 7839
30878 7748 7877
30879 7748 11949
30880 7748 13554
30881 7749 7750
30882 7749 7877
30883 7749 7879
30884 7750 7839
30885 7750 13147
30886 7750 13148
30887 7751 7752
30888 7751 7798
30889 7751 7800
30890 7751 7927
30891 7752 7756
30892 7752 7796
30893 7752 7798
30894 7752 7926
30895 7752 7927
30896 7753 8821
30897 7753 8911
30898 7753 11277
30899 7753 11279
30900 7753 11280
30901 7754 7972
30902 7755 8935
30903 7755 11204
30904 7755 13232
30905 7756 7926
30906 7756 7927
30907 7756 12213
30908 7756 12214
30909 7756 13553
30910 7757 7996
30911 7757 8038
30912 7757 8103
30913 7757 14479
30914 7758 7761
30915 7758 7925
30916 7758 13553
30917 7758 13555
30918 7759 7763
30919 7759 7873
30920 7759 8275
30921 7759 9195
30922 7759 11901
30923 7760 7768
30924 7760 7771
30925 7761 7920
30926 7761 7923
30927 7761 7925
30928 7762 7786
30929 7762 7788
30930 7762 7918
30931 7762 7919
30932 7762 7920
30933 7762 7923
30934 7763 7765
30935 7763 9195
30936 7764 11760
30937 7764 12829
30938 7764 13170
30939 7765 8194
30940 7766 7784
30941 7766 7901
30942 7766 7917
30943 7766 13303
30944 7768 13562
30945 7768 13564
30946 7769 7770
30947 7769 7917
30948 7769 10461
30949 7770 7776
30950 7770 7903
30951 7770 7911
30952 7770 7917
30953 7771 7773
30954 7772 7909
30955 7772 7911
30956 7772 8360
30957 7772 11357
30958 7772 11360
30959 7772 12762
30960 7773 7775
30961 7775 7777
30962 7776 7778
30963 7776 7903
30964 7776 7905
30965 7776 7909
30966 7776 7911
30967 7778 7780
30968 7778 7903
30969 7778 7905
30970 7778 8389
30971 7778 11325
30972 7778 11341
30973 7779 7852
30974 7779 10506
30975 7779 10608
30976 7780 7903
30977 7780 8389
30978 7780 13303
30979 7781 9476
30980 7781 9548
30981 7781 10124
30982 7782 8968
30983 7782 10096
30984 7782 11015
30985 7782 11219
30986 7782 11222
30987 7782 11223
30988 7783 10210
30989 7783 10265
30990 7783 13335
30991 7783 13582
30992 7784 7786
30993 7784 7897
30994 7784 7899
30995 7784 7901
30996 7784 7918
30997 7785 7787
30998 7785 13558
30999 7785 14073
31000 7786 7788
31001 7786 7895
31002 7786 7897
31003 7786 7918
31004 7787 13556
31005 7787 13558
31006 7788 7792
31007 7788 7893
31008 7788 7895
31009 7788 7923
31010 7789 7791
31011 7789 9176
31012 7791 9176
31013 7792 7794
31014 7792 7891
31015 7792 7893
31016 7792 7923
31017 7792 7925
31018 7792 13555
31019 7793 14305
31020 7794 7796
31021 7794 7889
31022 7794 7891
31023 7794 7926
31024 7794 13555
31025 7795 7799
31026 7796 7798
31027 7796 7887
31028 7796 7889
31029 7796 7926
31030 7797 14157
31031 7798 7800
31032 7798 7885
31033 7798 7887
31034 7799 14973
31035 7800 7881
31036 7800 7883
31037 7800 7885
31038 7801 10074
31039 7801 10912
31040 7801 14571
31041 7802 7804
31042 7802 7879
31043 7802 7881
31044 7802 8407
31045 7803 14973
31046 7804 7806
31047 7804 7877
31048 7804 7879
31049 7806 7808
31050 7806 12478
31051 7807 8580
31052 7808 7810
31053 7808 7872
31054 7808 11311
31055 7808 12478
31056 7809 8826
31057 7809 10809
31058 7809 12020
31059 7809 12022
31060 7809 12579
31061 7810 7812
31062 7810 7872
31063 7810 12476
31064 7810 12478
31065 7811 7813
31066 7811 9840
31067 7811 10699
31068 7811 13207
31069 7812 7871
31070 7812 7872
31071 7813 8264
31072 7813 10699
31073 7813 13207
31074 7814 7817
31075 7814 12456
31076 7815 7816
31077 7815 7871
31078 7815 8917
31079 7815 14849
31080 7816 7868
31081 7816 8423
31082 7816 8425
31083 7816 8917
31084 7817 7819
31085 7818 7868
31086 7818 12471
31087 7818 13549
31088 7818 13550
31089 7820 12465
31090 7821 7822
31091 7821 13552
31092 7823 7858
31093 7823 8909
31094 7823 8912
31095 7823 13549
31096 7823 13550
31097 7824 7827
31098 7825 7853
31099 7825 7854
31100 7825 7856
31101 7825 12464
31102 7825 12468
31103 7826 7828
31104 7826 7853
31105 7826 7854
31106 7826 8431
31107 7826 8904
31108 7826 11244
31109 7827 12469
31110 7827 12472
31111 7827 14433
31112 7828 7830
31113 7828 7848
31114 7828 7850
31115 7828 7853
31116 7828 11244
31117 7830 7832
31118 7830 7848
31119 7830 11244
31120 7831 11105
31121 7832 7834
31122 7832 7845
31123 7832 7848
31124 7833 11107
31125 7833 13977
31126 7833 14849
31127 7834 7845
31128 7834 8440
31129 7834 8897
31130 7834 14401
31131 7835 14626
31132 7835 14702
31133 7836 7837
31134 7836 7838
31135 7837 11107
31136 7839 13148
31137 7839 13554
31138 7840 7841
31139 7840 7842
31140 7840 8894
31141 7840 14230
31142 7840 14258
31143 7841 7842
31144 7841 12002
31145 7841 13548
31146 7841 14258
31147 7842 7844
31148 7842 8894
31149 7842 11832
31150 7842 13548
31151 7843 8183
31152 7843 8626
31153 7843 8627
31154 7843 8746
31155 7843 13527
31156 7844 7846
31157 7844 7847
31158 7844 8890
31159 7844 11832
31160 7845 14162
31161 7845 14401
31162 7845 14502
31163 7846 7847
31164 7846 9912
31165 7846 11832
31166 7847 8888
31167 7847 8890
31168 7847 9912
31169 7848 7850
31170 7848 12455
31171 7848 12459
31172 7849 9912
31173 7849 10768
31174 7849 13996
31175 7850 7853
31176 7850 12459
31177 7850 12460
31178 7850 12464
31179 7851 13978
31180 7852 10010
31181 7852 10506
31182 7852 10509
31183 7853 7854
31184 7853 12464
31185 7854 7856
31186 7854 7858
31187 7854 8431
31188 7855 7857
31189 7855 7983
31190 7855 7985
31191 7855 8455
31192 7855 13482
31193 7856 7858
31194 7856 13550
31195 7857 7859
31196 7857 7981
31197 7857 7983
31198 7857 7985
31199 7858 8431
31200 7858 8907
31201 7858 8909
31202 7858 13550
31203 7859 7979
31204 7859 7981
31205 7859 13557
31206 7860 7862
31207 7860 7976
31208 7860 8460
31209 7860 8464
31210 7860 8878
31211 7861 7862
31212 7861 13679
31213 7861 13947
31214 7862 7863
31215 7862 7976
31216 7863 7864
31217 7863 7865
31218 7863 7976
31219 7864 7865
31220 7864 7976
31221 7864 8469
31222 7864 13152
31223 7866 7972
31224 7866 13154
31225 7867 11793
31226 7867 11950
31227 7867 11988
31228 7867 12742
31229 7868 8425
31230 7868 13549
31231 7869 7870
31232 7869 7972
31233 7869 8467
31234 7869 13157
31235 7869 13957
31236 7870 7970
31237 7870 13157
31238 7870 13957
31239 7871 7872
31240 7871 8917
31241 7871 8919
31242 7872 8919
31243 7872 11311
31244 7873 7875
31245 7873 7969
31246 7873 8275
31247 7873 11901
31248 7874 8792
31249 7874 10065
31250 7874 10717
31251 7875 7969
31252 7875 8468
31253 7875 13440
31254 7876 7968
31255 7876 7969
31256 7876 8275
31257 7876 8277
31258 7876 8470
31259 7877 7879
31260 7877 11949
31261 7878 13756
31262 7878 14474
31263 7879 7881
31264 7880 7882
31265 7880 7962
31266 7880 7964
31267 7880 7966
31268 7880 8206
31269 7881 7883
31270 7881 8407
31271 7882 7962
31272 7882 7964
31273 7882 10761
31274 7882 11247
31275 7882 13439
31276 7883 7885
31277 7883 8406
31278 7883 11317
31279 7884 7886
31280 7884 7960
31281 7884 7962
31282 7884 8258
31283 7884 8260
31284 7884 13884
31285 7885 7887
31286 7885 8406
31287 7885 11318
31288 7886 7888
31289 7886 7958
31290 7886 7960
31291 7886 8258
31292 7887 7889
31293 7887 11318
31294 7887 11319
31295 7888 7958
31296 7888 8477
31297 7889 7891
31298 7889 11319
31299 7889 11320
31300 7890 7892
31301 7890 7954
31302 7890 7956
31303 7890 8478
31304 7891 7893
31305 7891 11320
31306 7891 11321
31307 7892 7952
31308 7892 7954
31309 7892 8478
31310 7892 8479
31311 7892 13436
31312 7893 7895
31313 7893 11321
31314 7893 11322
31315 7894 7896
31316 7894 7951
31317 7894 7952
31318 7894 7954
31319 7894 8214
31320 7894 8216
31321 7895 7897
31322 7895 11322
31323 7896 7951
31324 7896 8216
31325 7896 8218
31326 7896 8887
31327 7897 7899
31328 7897 11077
31329 7897 11322
31330 7898 7900
31331 7898 7950
31332 7898 8170
31333 7898 8247
31334 7898 11530
31335 7899 7901
31336 7899 11077
31337 7899 13758
31338 7900 7902
31339 7900 7948
31340 7900 7949
31341 7900 8247
31342 7900 11530
31343 7901 13303
31344 7902 7904
31345 7902 7947
31346 7902 7948
31347 7902 8223
31348 7902 8247
31349 7903 7917
31350 7903 13303
31351 7904 7906
31352 7904 7941
31353 7904 7947
31354 7904 8223
31355 7904 8224
31356 7905 7909
31357 7905 8384
31358 7905 11340
31359 7905 11341
31360 7906 7941
31361 7906 7946
31362 7906 7947
31363 7906 8485
31364 7906 8486
31365 7907 9002
31366 7907 9276
31367 7907 9292
31368 7907 10399
31369 7907 10721
31370 7908 7914
31371 7908 7937
31372 7908 7941
31373 7908 7946
31374 7908 8229
31375 7908 8233
31376 7909 7911
31377 7909 11340
31378 7909 12762
31379 7910 7940
31380 7910 7943
31381 7910 10782
31382 7910 13383
31383 7910 13535
31384 7911 11357
31385 7912 7940
31386 7912 13484
31387 7912 13509
31388 7912 13535
31389 7913 7938
31390 7913 8242
31391 7913 13532
31392 7914 7937
31393 7914 8233
31394 7915 12076
31395 7916 8069
31396 7916 8074
31397 7916 8169
31398 7916 8562
31399 7916 11809
31400 7917 13303
31401 7918 7919
31402 7919 7920
31403 7920 7923
31404 7921 7922
31405 7921 7924
31406 7921 7930
31407 7921 7933
31408 7921 8491
31409 7922 7933
31410 7922 7935
31411 7922 13512
31412 7923 7925
31413 7924 7930
31414 7924 8234
31415 7924 11790
31416 7924 12487
31417 7925 13555
31418 7926 13553
31419 7926 13555
31420 7927 12213
31421 7927 13147
31422 7928 7929
31423 7928 7931
31424 7928 8493
31425 7928 11259
31426 7928 12487
31427 7928 12488
31428 7929 7930
31429 7929 8492
31430 7929 8493
31431 7929 11257
31432 7929 12487
31433 7930 8491
31434 7930 8492
31435 7930 12487
31436 7931 7932
31437 7931 11259
31438 7931 12488
31439 7931 13529
31440 7932 7934
31441 7932 11779
31442 7932 13529
31443 7933 8488
31444 7933 8489
31445 7933 8491
31446 7933 11254
31447 7934 11779
31448 7935 13512
31449 7936 10310
31450 7936 10312
31451 7936 10499
31452 7936 10504
31453 7936 10542
31454 7937 7946
31455 7937 13431
31456 7938 9780
31457 7939 11056
31458 7939 11702
31459 7939 13349
31460 7939 13391
31461 7939 13412
31462 7940 10782
31463 7940 13505
31464 7940 13509
31465 7940 13535
31466 7941 7946
31467 7941 8224
31468 7941 8229
31469 7942 7943
31470 7942 7944
31471 7942 8095
31472 7942 10782
31473 7942 13499
31474 7942 13536
31475 7943 7944
31476 7943 8505
31477 7943 10782
31478 7943 13383
31479 7943 13384
31480 7944 8095
31481 7944 8097
31482 7944 13384
31483 7945 8097
31484 7945 8506
31485 7945 12096
31486 7945 13366
31487 7945 13538
31488 7946 8486
31489 7946 13431
31490 7947 7948
31491 7947 8485
31492 7947 11252
31493 7948 7949
31494 7948 8483
31495 7948 11252
31496 7949 8483
31497 7949 11251
31498 7949 11530
31499 7950 8887
31500 7950 11530
31501 7951 7952
31502 7951 8480
31503 7951 8887
31504 7952 7954
31505 7952 8480
31506 7952 13436
31507 7953 7955
31508 7953 8084
31509 7953 8093
31510 7953 8129
31511 7953 10174
31512 7953 11484
31513 7953 13542
31514 7954 7956
31515 7954 8214
31516 7955 8079
31517 7955 8084
31518 7955 10174
31519 7955 13365
31520 7956 8212
31521 7956 8214
31522 7957 7959
31523 7957 8077
31524 7957 8079
31525 7957 8123
31526 7957 12496
31527 7958 7960
31528 7958 8477
31529 7958 11248
31530 7958 13438
31531 7959 8077
31532 7959 8509
31533 7960 7962
31534 7960 10761
31535 7960 13438
31536 7961 8509
31537 7961 8513
31538 7961 13360
31539 7961 13364
31540 7962 8206
31541 7962 8260
31542 7962 10761
31543 7963 8073
31544 7963 8075
31545 7963 12491
31546 7963 12492
31547 7964 7966
31548 7964 13439
31549 7965 8555
31550 7965 8559
31551 7965 8812
31552 7965 11532
31553 7965 13309
31554 7965 14659
31555 7967 8070
31556 7967 8520
31557 7967 8523
31558 7967 13351
31559 7967 13543
31560 7967 13612
31561 7968 8470
31562 7968 8870
31563 7968 10347
31564 7969 8275
31565 7969 8470
31566 7969 13440
31567 7970 11901
31568 7970 13957
31569 7971 7973
31570 7971 8062
31571 7971 8117
31572 7971 12486
31573 7971 13545
31574 7972 13957
31575 7973 8057
31576 7973 8058
31577 7973 8062
31578 7973 8117
31579 7973 13546
31580 7974 12523
31581 7974 12561
31582 7974 13025
31583 7974 14188
31584 7975 11997
31585 7975 11998
31586 7975 12598
31587 7975 14737
31588 7976 8464
31589 7976 13152
31590 7977 7978
31591 7977 8151
31592 7977 8529
31593 7977 11282
31594 7977 14643
31595 7978 7980
31596 7978 8051
31597 7978 8151
31598 7978 8531
31599 7978 14643
31600 7979 7981
31601 7979 8459
31602 7979 8882
31603 7980 7982
31604 7980 7984
31605 7980 8050
31606 7980 8051
31607 7980 8531
31608 7981 7983
31609 7981 8882
31610 7981 8884
31611 7982 7984
31612 7982 8047
31613 7982 8531
31614 7982 8535
31615 7983 8884
31616 7983 13482
31617 7984 7986
31618 7984 8047
31619 7984 8050
31620 7984 8135
31621 7985 7987
31622 7986 8046
31623 7986 8047
31624 7986 8106
31625 7986 8109
31626 7986 8135
31627 7987 10768
31628 7988 8046
31629 7988 8047
31630 7988 8534
31631 7988 8535
31632 7988 8536
31633 7988 10120
31634 7989 8325
31635 7989 9245
31636 7989 11810
31637 7989 11972
31638 7989 11975
31639 7989 12738
31640 7990 8040
31641 7990 8536
31642 7990 8548
31643 7990 10120
31644 7990 10715
31645 7990 13324
31646 7991 9951
31647 7991 10185
31648 7991 10190
31649 7992 7995
31650 7992 8038
31651 7992 8040
31652 7992 8101
31653 7992 8140
31654 7992 10715
31655 7993 11536
31656 7994 11786
31657 7994 11789
31658 7994 13224
31659 7995 7996
31660 7995 8038
31661 7995 8040
31662 7995 8538
31663 7995 13324
31664 7996 8038
31665 7996 8538
31666 7996 8546
31667 7997 8728
31668 7997 10673
31669 7997 10674
31670 7997 10727
31671 7997 11683
31672 7998 7999
31673 7998 8033
31674 7998 8098
31675 7998 9015
31676 7998 11831
31677 7998 13523
31678 7999 8000
31679 7999 9015
31680 7999 11829
31681 7999 13522
31682 7999 13523
31683 8000 8031
31684 8000 9015
31685 8000 11829
31686 8000 13320
31687 8001 8091
31688 8001 11208
31689 8001 11829
31690 8001 13522
31691 8002 8544
31692 8002 9968
31693 8002 11208
31694 8002 11429
31695 8003 8029
31696 8003 11825
31697 8003 13474
31698 8003 14508
31699 8004 10812
31700 8006 8025
31701 8006 8027
31702 8006 8088
31703 8006 8089
31704 8006 11823
31705 8007 8008
31706 8007 8025
31707 8007 8554
31708 8007 9312
31709 8007 11823
31710 8008 8554
31711 8008 8813
31712 8008 9137
31713 8008 9312
31714 8008 13952
31715 8009 9080
31716 8009 11025
31717 8009 13733
31718 8010 11819
31719 8010 13531
31720 8011 8012
31721 8011 8160
31722 8011 8564
31723 8011 11819
31724 8012 8082
31725 8012 8160
31726 8012 8564
31727 8012 11817
31728 8012 14063
31729 8013 8014
31730 8013 8017
31731 8013 10787
31732 8013 11814
31733 8013 12208
31734 8013 14347
31735 8014 8017
31736 8014 8567
31737 8014 8807
31738 8014 10787
31739 8014 11804
31740 8015 8016
31741 8015 8167
31742 8015 11268
31743 8015 11809
31744 8016 8167
31745 8016 11268
31746 8016 14423
31747 8017 8078
31748 8017 8165
31749 8017 11804
31750 8017 11814
31751 8018 9223
31752 8018 14791
31753 8019 8067
31754 8019 8562
31755 8019 11806
31756 8020 11802
31757 8020 12553
31758 8020 13902
31759 8021 8383
31760 8021 11811
31761 8021 11967
31762 8021 12735
31763 8021 13144
31764 8021 15006
31765 8022 8215
31766 8022 8575
31767 8022 11337
31768 8022 11806
31769 8023 8576
31770 8023 13219
31771 8023 13457
31772 8024 8026
31773 8024 8064
31774 8024 11296
31775 8025 8087
31776 8025 8088
31777 8025 11823
31778 8026 8028
31779 8026 8064
31780 8026 8178
31781 8026 8211
31782 8026 11296
31783 8027 8549
31784 8027 8553
31785 8027 11823
31786 8027 14508
31787 8028 8030
31788 8028 8211
31789 8028 11296
31790 8028 11409
31791 8029 11825
31792 8029 11827
31793 8029 13521
31794 8030 8207
31795 8030 8209
31796 8030 8211
31797 8030 10795
31798 8030 11409
31799 8031 9968
31800 8031 11829
31801 8031 13317
31802 8031 13320
31803 8032 8204
31804 8032 8207
31805 8032 10795
31806 8032 11410
31807 8033 8035
31808 8033 8098
31809 8033 8144
31810 8033 11831
31811 8034 8055
31812 8034 8184
31813 8034 8204
31814 8034 13022
31815 8035 11831
31816 8035 13405
31817 8036 8200
31818 8036 8578
31819 8036 10791
31820 8036 11160
31821 8036 14704
31822 8038 8103
31823 8038 8140
31824 8039 8199
31825 8039 8200
31826 8039 12219
31827 8040 10715
31828 8040 13324
31829 8041 14407
31830 8042 8044
31831 8042 8197
31832 8042 8199
31833 8042 9459
31834 8042 9620
31835 8042 10037
31836 8043 8101
31837 8043 8106
31838 8043 8108
31839 8043 8547
31840 8043 11061
31841 8044 8195
31842 8044 8197
31843 8045 8048
31844 8045 8587
31845 8045 11344
31846 8045 11345
31847 8045 14708
31848 8046 8047
31849 8046 8106
31850 8046 10120
31851 8046 11061
31852 8047 8535
31853 8048 8049
31854 8048 8191
31855 8048 11078
31856 8048 14708
31857 8049 8191
31858 8049 8193
31859 8049 11078
31860 8049 13516
31861 8050 8051
31862 8050 8110
31863 8050 8114
31864 8050 8135
31865 8051 8052
31866 8051 8114
31867 8051 8151
31868 8052 8053
31869 8052 8114
31870 8052 8151
31871 8052 13524
31872 8053 8056
31873 8053 8151
31874 8053 13524
31875 8053 13547
31876 8054 8184
31877 8054 8202
31878 8054 12219
31879 8054 13022
31880 8055 8060
31881 8055 8180
31882 8055 8182
31883 8055 8184
31884 8055 8204
31885 8056 8057
31886 8056 13398
31887 8056 13546
31888 8056 13547
31889 8057 8117
31890 8057 8132
31891 8057 13546
31892 8057 13547
31893 8058 8062
31894 8058 8527
31895 8058 13396
31896 8058 13397
31897 8058 13546
31898 8059 8060
31899 8059 8061
31900 8059 8063
31901 8059 8178
31902 8059 8209
31903 8059 8211
31904 8060 8061
31905 8060 8180
31906 8060 8204
31907 8060 8209
31908 8060 10795
31909 8061 8063
31910 8061 8180
31911 8061 8351
31912 8061 11481
31913 8062 8527
31914 8062 13348
31915 8062 13543
31916 8062 13545
31917 8063 8176
31918 8063 8178
31919 8063 8345
31920 8063 8351
31921 8064 8178
31922 8064 9513
31923 8065 8565
31924 8065 9663
31925 8065 10438
31926 8065 14781
31927 8066 8068
31928 8066 8344
31929 8066 13544
31930 8067 8069
31931 8067 8562
31932 8067 11806
31933 8067 14405
31934 8068 8172
31935 8068 8174
31936 8068 8341
31937 8068 8344
31938 8069 8169
31939 8069 8213
31940 8069 8562
31941 8069 14405
31942 8070 8124
31943 8070 12485
31944 8070 12490
31945 8070 13612
31946 8071 8124
31947 8071 8723
31948 8071 10854
31949 8072 9113
31950 8072 9754
31951 8072 9777
31952 8072 9779
31953 8072 10061
31954 8072 10062
31955 8073 8513
31956 8073 8515
31957 8074 8169
31958 8075 8077
31959 8075 12492
31960 8075 12494
31961 8076 8786
31962 8076 12631
31963 8076 12635
31964 8076 12914
31965 8077 8123
31966 8077 12494
31967 8078 8165
31968 8078 11804
31969 8079 10174
31970 8079 12496
31971 8079 13365
31972 8080 8165
31973 8080 11814
31974 8080 13518
31975 8080 14347
31976 8081 11006
31977 8081 13890
31978 8081 13990
31979 8082 8160
31980 8082 11817
31981 8082 13518
31982 8083 8158
31983 8083 8160
31984 8084 8508
31985 8084 13365
31986 8084 13542
31987 8084 14803
31988 8085 8155
31989 8085 9137
31990 8085 9989
31991 8085 13519
31992 8086 8155
31993 8086 8158
31994 8087 8088
31995 8087 8327
31996 8088 8089
31997 8088 8370
31998 8089 8370
31999 8089 10807
32000 8089 13520
32001 8090 8319
32002 8090 8321
32003 8090 13521
32004 8090 13537
32005 8090 13539
32006 8091 8092
32007 8091 8094
32008 8091 13522
32009 8092 8094
32010 8092 8313
32011 8092 8380
32012 8092 8382
32013 8093 8129
32014 8093 11483
32015 8093 13538
32016 8093 13542
32017 8094 8096
32018 8094 8313
32019 8094 13522
32020 8094 13523
32021 8095 8097
32022 8095 12096
32023 8095 13499
32024 8096 8098
32025 8096 8100
32026 8096 8312
32027 8096 8313
32028 8096 13523
32029 8097 12096
32030 8098 8100
32031 8098 8144
32032 8098 13523
32033 8099 8100
32034 8099 8102
32035 8099 8144
32036 8099 8308
32037 8099 12852
32038 8099 13487
32039 8100 8144
32040 8100 8308
32041 8100 8312
32042 8101 8105
32043 8101 8138
32044 8101 8140
32045 8101 8547
32046 8101 10715
32047 8101 11061
32048 8102 8306
32049 8102 8937
32050 8102 12852
32051 8102 13487
32052 8103 8140
32053 8103 8142
32054 8103 14479
32055 8104 11455
32056 8104 12983
32057 8104 13275
32058 8104 13428
32059 8105 8138
32060 8105 8140
32061 8105 8142
32062 8105 8387
32063 8105 8390
32064 8106 8108
32065 8106 8109
32066 8106 11061
32067 8107 11730
32068 8107 11731
32069 8107 11733
32070 8108 8109
32071 8108 8111
32072 8108 8296
32073 8108 8547
32074 8109 8111
32075 8109 8135
32076 8109 13530
32077 8110 8112
32078 8110 8114
32079 8110 8135
32080 8110 13526
32081 8110 13530
32082 8111 8296
32083 8111 8400
32084 8111 8402
32085 8111 13530
32086 8112 8402
32087 8112 8404
32088 8112 8405
32089 8112 13526
32090 8112 13530
32091 8113 8115
32092 8113 8134
32093 8113 8282
32094 8113 13524
32095 8114 13526
32096 8115 8116
32097 8115 8132
32098 8115 13524
32099 8115 13547
32100 8116 8132
32101 8116 8279
32102 8116 8414
32103 8116 13075
32104 8117 8132
32105 8117 12486
32106 8117 13075
32107 8118 8119
32108 8118 8271
32109 8118 12477
32110 8118 12486
32111 8118 12489
32112 8118 14546
32113 8119 12485
32114 8119 12486
32115 8119 13545
32116 8119 13612
32117 8119 14546
32118 8120 8372
32119 8120 9224
32120 8120 9612
32121 8120 10099
32122 8120 11194
32123 8121 8122
32124 8121 8266
32125 8121 8424
32126 8121 12490
32127 8122 8124
32128 8122 8266
32129 8122 10854
32130 8122 12484
32131 8122 12490
32132 8123 12494
32133 8123 12496
32134 8123 13472
32135 8123 14878
32136 8124 10854
32137 8124 12490
32138 8125 8436
32139 8125 11485
32140 8125 12496
32141 8125 14878
32142 8126 8127
32143 8126 8251
32144 8126 8438
32145 8126 11484
32146 8127 8128
32147 8127 8129
32148 8127 8438
32149 8127 8444
32150 8127 11484
32151 8128 8129
32152 8128 8246
32153 8128 8444
32154 8128 11483
32155 8128 13498
32156 8129 11483
32157 8129 11484
32158 8130 9941
32159 8130 10180
32160 8130 10193
32161 8130 10766
32162 8131 8552
32163 8131 9200
32164 8131 9255
32165 8132 13075
32166 8132 13547
32167 8133 9544
32168 8134 8282
32169 8134 8285
32170 8134 8405
32171 8134 13526
32172 8135 13530
32173 8136 8139
32174 8136 13483
32175 8136 13503
32176 8136 13505
32177 8137 8544
32178 8137 11529
32179 8137 14788
32180 8138 8390
32181 8138 8396
32182 8138 8547
32183 8139 8331
32184 8139 13483
32185 8139 13505
32186 8139 13510
32187 8139 13858
32188 8140 8142
32189 8141 8143
32190 8141 8328
32191 8141 8331
32192 8141 13481
32193 8141 13485
32194 8141 13510
32195 8142 8387
32196 8143 8145
32197 8143 8326
32198 8143 8328
32199 8143 13479
32200 8143 13481
32201 8144 12852
32202 8145 8322
32203 8145 8324
32204 8145 8326
32205 8145 13478
32206 8145 13479
32207 8146 8148
32208 8146 8150
32209 8146 8318
32210 8146 11780
32211 8146 11787
32212 8147 9217
32213 8147 9819
32214 8147 9830
32215 8147 9854
32216 8147 11092
32217 8148 8150
32218 8148 8152
32219 8148 8238
32220 8148 8318
32221 8149 8318
32222 8150 8152
32223 8150 8317
32224 8150 11787
32225 8152 8154
32226 8152 8235
32227 8152 8238
32228 8152 8317
32229 8153 9872
32230 8153 10072
32231 8153 10256
32232 8153 11417
32233 8153 14323
32234 8154 8234
32235 8154 8235
32236 8154 8317
32237 8154 11790
32238 8154 13511
32239 8155 9989
32240 8156 9011
32241 8156 9981
32242 8156 9985
32243 8156 10481
32244 8156 10662
32245 8156 13819
32246 8157 8159
32247 8157 8241
32248 8157 8316
32249 8157 13512
32250 8157 14852
32251 8159 8241
32252 8159 8315
32253 8159 11631
32254 8161 8514
32255 8161 8516
32256 8161 8519
32257 8161 8522
32258 8161 10887
32259 8162 8229
32260 8162 8233
32261 8162 8309
32262 8162 8311
32263 8162 8314
32264 8163 8166
32265 8163 8245
32266 8163 8307
32267 8163 8309
32268 8163 8311
32269 8163 13514
32270 8164 8336
32271 8164 14423
32272 8165 11814
32273 8166 8168
32274 8166 8223
32275 8166 8224
32276 8166 8305
32277 8166 8307
32278 8166 8309
32279 8167 14423
32280 8168 8222
32281 8168 8305
32282 8168 8307
32283 8168 9471
32284 8168 11807
32285 8169 8213
32286 8170 8248
32287 8170 8304
32288 8172 8174
32289 8172 8215
32290 8173 14521
32291 8173 14625
32292 8174 8339
32293 8174 8341
32294 8174 14405
32295 8175 8218
32296 8175 8248
32297 8175 8295
32298 8175 8300
32299 8175 13797
32300 8176 8178
32301 8176 8345
32302 8176 8353
32303 8176 9513
32304 8176 13544
32305 8177 8252
32306 8177 8254
32307 8177 8293
32308 8177 8295
32309 8177 8421
32310 8177 13797
32311 8178 8211
32312 8178 9513
32313 8179 8181
32314 8179 8212
32315 8179 8214
32316 8179 8216
32317 8179 8293
32318 8179 8295
32319 8180 8182
32320 8180 11481
32321 8181 8212
32322 8181 8291
32323 8181 8293
32324 8182 8184
32325 8183 12652
32326 8183 12763
32327 8183 12840
32328 8183 13527
32329 8184 13022
32330 8185 8186
32331 8185 8208
32332 8185 8288
32333 8185 8289
32334 8185 13513
32335 8185 13884
32336 8186 8187
32337 8186 13513
32338 8186 13884
32339 8187 8201
32340 8187 8284
32341 8188 8206
32342 8188 8280
32343 8188 8281
32344 8188 8284
32345 8189 11157
32346 8189 12049
32347 8189 12050
32348 8190 8192
32349 8190 8194
32350 8190 8198
32351 8190 8273
32352 8190 8280
32353 8190 8281
32354 8190 13561
32355 8191 8582
32356 8191 11398
32357 8191 13516
32358 8192 8194
32359 8192 8277
32360 8192 8280
32361 8192 12995
32362 8193 8195
32363 8193 13516
32364 8194 8273
32365 8195 9557
32366 8195 13516
32367 8196 11711
32368 8196 13219
32369 8197 8199
32370 8198 8272
32371 8198 8281
32372 8198 13561
32373 8199 8200
32374 8199 10037
32375 8200 10037
32376 8200 11160
32377 8201 8272
32378 8201 8284
32379 8201 12425
32380 8201 13533
32381 8202 10791
32382 8202 12219
32383 8202 13022
32384 8203 10881
32385 8203 14368
32386 8204 10795
32387 8205 13252
32388 8205 13308
32389 8205 14321
32390 8206 8260
32391 8207 10795
32392 8207 11409
32393 8207 11410
32394 8207 13626
32395 8208 8210
32396 8208 8289
32397 8208 13513
32398 8208 13641
32399 8209 8211
32400 8209 10795
32401 8210 8289
32402 8210 13623
32403 8212 8214
32404 8213 8339
32405 8213 8358
32406 8213 14405
32407 8214 8216
32408 8215 8217
32409 8216 8218
32410 8216 8295
32411 8218 8248
32412 8218 8295
32413 8219 8815
32414 8219 10289
32415 8219 10291
32416 8219 10419
32417 8219 10421
32418 8219 10573
32419 8220 8616
32420 8220 9713
32421 8220 11447
32422 8221 13236
32423 8221 13237
32424 8221 13321
32425 8222 8245
32426 8222 8307
32427 8222 11807
32428 8222 13608
32429 8223 8224
32430 8223 8247
32431 8223 8305
32432 8224 8229
32433 8224 8309
32434 8225 8226
32435 8225 8227
32436 8225 11797
32437 8226 8227
32438 8226 8614
32439 8226 11795
32440 8226 12615
32441 8227 8614
32442 8227 13212
32443 8228 8230
32444 8228 8314
32445 8228 8315
32446 8228 12409
32447 8228 13596
32448 8229 8233
32449 8229 8309
32450 8230 8311
32451 8230 8314
32452 8230 12409
32453 8230 13514
32454 8230 13598
32455 8230 13602
32456 8231 8240
32457 8231 8317
32458 8231 13587
32459 8232 11749
32460 8232 12040
32461 8232 12820
32462 8232 13929
32463 8234 8235
32464 8234 11790
32465 8234 12487
32466 8234 12488
32467 8235 8238
32468 8235 12488
32469 8235 13529
32470 8236 9614
32471 8236 9617
32472 8236 10078
32473 8236 10247
32474 8236 11799
32475 8237 8322
32476 8237 11151
32477 8237 13478
32478 8237 13579
32479 8237 13625
32480 8238 11779
32481 8238 13529
32482 8239 10168
32483 8239 10258
32484 8240 8241
32485 8240 14852
32486 8241 11631
32487 8241 14852
32488 8242 8326
32489 8242 13484
32490 8242 13532
32491 8243 15008
32492 8244 8445
32493 8244 13501
32494 8245 8307
32495 8245 13514
32496 8246 8444
32497 8246 9484
32498 8246 9853
32499 8246 13498
32500 8247 8305
32501 8249 8438
32502 8249 8444
32503 8249 9853
32504 8249 13854
32505 8250 8300
32506 8250 8421
32507 8250 13616
32508 8251 8437
32509 8251 8438
32510 8252 8254
32511 8252 8421
32512 8252 13620
32513 8253 9021
32514 8253 9022
32515 8253 11206
32516 8253 11233
32517 8254 8256
32518 8254 8291
32519 8254 8293
32520 8255 8770
32521 8255 8772
32522 8255 8774
32523 8255 10236
32524 8255 10238
32525 8255 14892
32526 8256 8291
32527 8256 13623
32528 8257 8432
32529 8257 13847
32530 8257 13932
32531 8258 8288
32532 8258 13884
32533 8259 8851
32534 8259 10925
32535 8259 10969
32536 8261 8262
32537 8261 8427
32538 8261 8430
32539 8261 12492
32540 8261 12494
32541 8261 14355
32542 8262 8263
32543 8262 8426
32544 8262 8427
32545 8262 12484
32546 8262 14355
32547 8263 8267
32548 8263 8426
32549 8263 8427
32550 8263 13845
32551 8263 13846
32552 8264 12430
32553 8264 13207
32554 8265 10269
32555 8265 14660
32556 8265 14731
32557 8266 8268
32558 8266 8424
32559 8266 8426
32560 8266 12484
32561 8267 8268
32562 8267 8426
32563 8267 13844
32564 8267 13846
32565 8268 8270
32566 8268 8424
32567 8268 8426
32568 8268 13844
32569 8269 14583
32570 8270 8422
32571 8270 8424
32572 8270 13839
32573 8270 13840
32574 8270 13844
32575 8271 8276
32576 8271 8418
32577 8271 8420
32578 8271 12477
32579 8271 12489
32580 8272 8281
32581 8272 8284
32582 8272 12425
32583 8273 13560
32584 8273 13561
32585 8274 9358
32586 8274 9363
32587 8274 9797
32588 8274 9888
32589 8274 11221
32590 8275 8277
32591 8275 9195
32592 8276 8278
32593 8276 8418
32594 8276 8420
32595 8276 13654
32596 8276 13830
32597 8276 13938
32598 8277 9195
32599 8277 12995
32600 8278 8279
32601 8278 8412
32602 8278 8414
32603 8278 8418
32604 8278 13938
32605 8279 8412
32606 8279 8414
32607 8280 8281
32608 8280 12995
32609 8281 8284
32610 8282 8285
32611 8282 8410
32612 8282 13800
32613 8283 12419
32614 8283 12422
32615 8283 12440
32616 8283 12442
32617 8283 12504
32618 8283 12998
32619 8285 8287
32620 8285 8405
32621 8285 13800
32622 8286 10623
32623 8286 10655
32624 8286 10692
32625 8287 8290
32626 8287 8404
32627 8287 8405
32628 8287 13796
32629 8287 13800
32630 8288 8289
32631 8288 12994
32632 8288 13884
32633 8289 12994
32634 8290 8292
32635 8290 8404
32636 8290 13790
32637 8290 13792
32638 8290 13796
32639 8291 8293
32640 8292 8294
32641 8292 8400
32642 8292 8402
32643 8292 8404
32644 8292 13790
32645 8293 8295
32646 8294 8398
32647 8294 8400
32648 8294 13780
32649 8294 13784
32650 8294 13790
32651 8295 13797
32652 8296 8396
32653 8296 8398
32654 8296 8400
32655 8296 8547
32656 8297 8299
32657 8297 8396
32658 8297 8398
32659 8297 13777
32660 8297 13780
32661 8299 8388
32662 8299 8390
32663 8299 13736
32664 8299 13777
32665 8300 8421
32666 8300 13797
32667 8301 8303
32668 8301 8387
32669 8301 8388
32670 8301 8390
32671 8301 13517
32672 8301 13731
32673 8302 9019
32674 8302 9540
32675 8302 10445
32676 8302 11686
32677 8303 13517
32678 8303 13658
32679 8303 13731
32680 8303 13732
32681 8304 9471
32682 8304 13820
32683 8305 9471
32684 8306 8937
32685 8306 9227
32686 8306 13487
32687 8306 13488
32688 8306 13967
32689 8308 8310
32690 8308 8312
32691 8308 13487
32692 8308 13488
32693 8309 8311
32694 8310 8312
32695 8310 13488
32696 8310 13489
32697 8310 13617
32698 8310 13619
32699 8310 13657
32700 8311 8314
32701 8311 13514
32702 8312 8313
32703 8312 13489
32704 8313 8382
32705 8313 13489
32706 8314 8315
32707 8316 11790
32708 8316 13511
32709 8316 13512
32710 8316 14852
32711 8317 11787
32712 8317 13511
32713 8318 11780
32714 8319 8321
32715 8319 8380
32716 8319 13492
32717 8319 13537
32718 8320 14209
32719 8321 13492
32720 8321 13539
32721 8321 13670
32722 8322 8324
32723 8322 11151
32724 8322 13478
32725 8323 10807
32726 8323 13539
32727 8323 13677
32728 8323 14132
32729 8325 9245
32730 8325 12738
32731 8326 8328
32732 8326 13484
32733 8327 8368
32734 8327 10006
32735 8328 13484
32736 8328 13509
32737 8328 13510
32738 8329 8368
32739 8329 9882
32740 8329 13493
32741 8330 14193
32742 8331 13485
32743 8331 13510
32744 8331 13858
32745 8332 8334
32746 8332 13494
32747 8332 14339
32748 8333 13494
32749 8334 8335
32750 8335 9900
32751 8335 13495
32752 8336 8338
32753 8336 13495
32754 8337 10390
32755 8337 11854
32756 8337 11856
32757 8337 12200
32758 8337 12734
32759 8338 13700
32760 8338 13702
32761 8339 8341
32762 8339 8358
32763 8339 13496
32764 8339 14405
32765 8340 8358
32766 8340 10934
32767 8340 13572
32768 8340 13706
32769 8340 13710
32770 8341 8344
32771 8341 13496
32772 8341 13500
32773 8342 8343
32774 8342 8353
32775 8342 12824
32776 8343 8345
32777 8343 8353
32778 8343 13497
32779 8344 12824
32780 8344 13500
32781 8345 8351
32782 8345 8353
32783 8345 13497
32784 8346 9885
32785 8346 14440
32786 8347 8352
32787 8347 11364
32788 8347 12408
32789 8348 9301
32790 8348 11004
32791 8348 11047
32792 8348 13770
32793 8349 8615
32794 8349 8618
32795 8349 11424
32796 8349 11570
32797 8349 12828
32798 8350 8354
32799 8350 8356
32800 8350 11363
32801 8350 11364
32802 8351 11481
32803 8351 13497
32804 8352 8364
32805 8352 11363
32806 8352 11364
32807 8353 13544
32808 8354 8356
32809 8354 11353
32810 8354 11361
32811 8354 11362
32812 8354 11363
32813 8355 8357
32814 8355 9288
32815 8355 10923
32816 8355 11359
32817 8356 11362
32818 8357 8360
32819 8357 9288
32820 8357 11356
32821 8358 13706
32822 8359 9682
32823 8359 14897
32824 8359 14958
32825 8360 8361
32826 8360 9288
32827 8360 11356
32828 8360 11360
32829 8360 12762
32830 8361 8362
32831 8361 11339
32832 8361 11340
32833 8361 11356
32834 8361 12762
32835 8362 8381
32836 8362 11339
32837 8362 11354
32838 8362 11356
32839 8363 8377
32840 8363 9063
32841 8363 11334
32842 8363 11353
32843 8363 11354
32844 8364 9063
32845 8364 11350
32846 8364 11352
32847 8364 11353
32848 8364 11363
32849 8365 11347
32850 8365 11349
32851 8365 11350
32852 8366 11347
32853 8366 13007
32854 8366 13473
32855 8367 8370
32856 8367 13601
32857 8367 13673
32858 8367 13677
32859 8368 9882
32860 8368 10006
32861 8369 9293
32862 8369 11437
32863 8369 11768
32864 8369 14504
32865 8370 10807
32866 8370 13677
32867 8371 9020
32868 8371 11200
32869 8371 11202
32870 8371 11207
32871 8371 11209
32872 8371 11237
32873 8371 13020
32874 8372 9612
32875 8372 11130
32876 8372 11194
32877 8372 11197
32878 8373 8374
32879 8373 8589
32880 8373 11301
32881 8373 11343
32882 8373 11344
32883 8374 11343
32884 8374 11344
32885 8374 11345
32886 8374 11349
32887 8374 13007
32888 8375 8376
32889 8375 11350
32890 8375 11352
32891 8376 8588
32892 8376 11386
32893 8376 11387
32894 8377 8378
32895 8377 9063
32896 8377 11334
32897 8377 11352
32898 8378 8597
32899 8378 11334
32900 8379 10408
32901 8379 11899
32902 8379 11940
32903 8379 12693
32904 8380 8382
32905 8380 13491
32906 8380 13492
32907 8380 13537
32908 8381 11334
32909 8381 11354
32910 8382 13489
32911 8382 13490
32912 8382 13491
32913 8383 11811
32914 8383 11967
32915 8383 12951
32916 8384 8385
32917 8384 11339
32918 8384 11340
32919 8384 11341
32920 8385 8386
32921 8385 11305
32922 8385 11307
32923 8385 11341
32924 8386 8391
32925 8386 8602
32926 8386 11307
32927 8386 11325
32928 8386 11341
32929 8387 8390
32930 8387 13517
32931 8388 8390
32932 8388 9806
32933 8388 13731
32934 8388 13736
32935 8389 8392
32936 8389 11324
32937 8389 11325
32938 8391 8602
32939 8391 11324
32940 8391 11325
32941 8391 11374
32942 8392 8600
32943 8392 8601
32944 8392 11072
32945 8392 11324
32946 8393 9666
32947 8394 8395
32948 8394 8606
32949 8394 11077
32950 8394 11321
32951 8394 11322
32952 8395 8397
32953 8395 8606
32954 8395 8773
32955 8395 11320
32956 8395 11321
32957 8396 8398
32958 8396 8547
32959 8397 8399
32960 8397 8773
32961 8397 11319
32962 8397 11320
32963 8398 8400
32964 8398 13780
32965 8399 8401
32966 8399 11318
32967 8399 11319
32968 8400 8402
32969 8401 8403
32970 8401 8406
32971 8401 11318
32972 8402 8404
32973 8402 13530
32974 8403 8406
32975 8403 8769
32976 8403 11317
32977 8404 8405
32978 8405 13526
32979 8406 11317
32980 8406 11318
32981 8407 8411
32982 8408 9017
32983 8408 14273
32984 8410 8412
32985 8410 13805
32986 8410 13939
32987 8411 11314
32988 8411 11315
32989 8412 13938
32990 8412 13939
32991 8413 11411
32992 8413 12315
32993 8414 8418
32994 8414 12489
32995 8414 13075
32996 8415 13822
32997 8416 13053
32998 8416 13541
32999 8417 8419
33000 8417 8613
33001 8417 8919
33002 8417 11311
33003 8417 11670
33004 8417 13778
33005 8418 12489
33006 8419 8613
33007 8419 10011
33008 8419 11670
33009 8420 8422
33010 8420 12477
33011 8420 13830
33012 8420 13839
33013 8420 13843
33014 8421 13797
33015 8422 8424
33016 8422 12477
33017 8422 13839
33018 8423 8425
33019 8423 8914
33020 8423 8917
33021 8423 11670
33022 8425 8912
33023 8425 8914
33024 8425 13549
33025 8426 12484
33026 8427 8430
33027 8427 13845
33028 8427 14251
33029 8428 8429
33030 8428 8909
33031 8428 11377
33032 8428 11378
33033 8428 11467
33034 8429 8907
33035 8429 8909
33036 8429 11378
33037 8430 12494
33038 8430 13472
33039 8430 14251
33040 8431 8904
33041 8431 8905
33042 8431 8907
33043 8432 14251
33044 8433 8435
33045 8433 8904
33046 8433 11120
33047 8433 11244
33048 8433 11462
33049 8434 11622
33050 8434 12247
33051 8434 12281
33052 8435 8899
33053 8435 11244
33054 8435 11381
33055 8435 11462
33056 8436 8437
33057 8436 9156
33058 8436 11485
33059 8436 13932
33060 8437 9156
33061 8437 13931
33062 8438 8444
33063 8439 8793
33064 8439 8876
33065 8439 8883
33066 8439 10447
33067 8439 10773
33068 8440 8442
33069 8440 8897
33070 8440 8899
33071 8440 11384
33072 8441 14639
33073 8441 14679
33074 8441 14714
33075 8441 14759
33076 8441 14761
33077 8442 8897
33078 8442 11384
33079 8442 11388
33080 8442 13486
33081 8443 13483
33082 8443 13858
33083 8443 13927
33084 8443 13928
33085 8444 9853
33086 8445 9853
33087 8446 11533
33088 8446 11625
33089 8446 11674
33090 8447 13807
33091 8447 14680
33092 8448 8450
33093 8448 8894
33094 8448 11452
33095 8448 14230
33096 8449 12366
33097 8449 12554
33098 8449 12555
33099 8450 8890
33100 8450 10762
33101 8450 11393
33102 8451 10482
33103 8451 10640
33104 8451 13614
33105 8452 8453
33106 8452 8888
33107 8452 9673
33108 8452 11400
33109 8452 11402
33110 8453 8455
33111 8453 8886
33112 8453 9673
33113 8453 11402
33114 8453 11406
33115 8454 11818
33116 8454 11821
33117 8455 8886
33118 8455 9673
33119 8455 10221
33120 8455 13482
33121 8455 13996
33122 8456 8884
33123 8456 11408
33124 8456 11440
33125 8456 13480
33126 8457 9838
33127 8457 12019
33128 8457 12041
33129 8457 12042
33130 8457 12043
33131 8458 8459
33132 8458 8880
33133 8458 8882
33134 8458 11412
33135 8458 11418
33136 8458 13480
33137 8459 8880
33138 8459 8882
33139 8459 13477
33140 8460 8878
33141 8460 8880
33142 8460 13477
33143 8461 9289
33144 8461 9327
33145 8461 9870
33146 8461 11053
33147 8461 14080
33148 8462 12104
33149 8462 12106
33150 8462 12122
33151 8462 13067
33152 8462 13118
33153 8463 14026
33154 8464 8878
33155 8464 9723
33156 8464 13151
33157 8464 13152
33158 8465 8466
33159 8465 11422
33160 8465 13151
33161 8466 8469
33162 8466 11422
33163 8466 13154
33164 8466 13155
33165 8467 13155
33166 8467 13157
33167 8467 13244
33168 8468 11431
33169 8468 13249
33170 8468 13440
33171 8469 13152
33172 8469 13154
33173 8470 10347
33174 8470 11246
33175 8470 13440
33176 8471 8871
33177 8471 10347
33178 8471 11246
33179 8471 13253
33180 8471 14241
33181 8472 8551
33182 8472 8553
33183 8472 8554
33184 8472 8556
33185 8472 13315
33186 8473 9969
33187 8473 9970
33188 8474 11022
33189 8476 10253
33190 8476 11247
33191 8476 11248
33192 8476 11439
33193 8476 13438
33194 8476 14378
33195 8477 11248
33196 8477 12908
33197 8478 8479
33198 8478 12908
33199 8478 13437
33200 8479 13436
33201 8479 13437
33202 8480 11249
33203 8480 13436
33204 8481 12953
33205 8481 12960
33206 8482 10165
33207 8482 10253
33208 8482 11437
33209 8482 13259
33210 8483 8484
33211 8483 11251
33212 8483 11252
33213 8483 13434
33214 8484 11252
33215 8484 13275
33216 8484 13433
33217 8484 13434
33218 8485 8486
33219 8485 11252
33220 8485 11253
33221 8485 13433
33222 8486 8487
33223 8486 11253
33224 8486 13431
33225 8487 11253
33226 8487 11459
33227 8487 13431
33228 8488 8489
33229 8488 8490
33230 8488 8491
33231 8488 11461
33232 8488 11466
33233 8488 13304
33234 8489 11254
33235 8489 11461
33236 8490 8491
33237 8490 8492
33238 8490 11257
33239 8490 11466
33240 8491 8492
33241 8492 11257
33242 8493 8494
33243 8493 11257
33244 8493 11259
33245 8493 13426
33246 8494 11259
33247 8494 11489
33248 8494 11490
33249 8494 13380
33250 8494 13426
33251 8495 11128
33252 8495 13432
33253 8496 11687
33254 8496 12051
33255 8496 12923
33256 8496 13252
33257 8496 13764
33258 8497 11377
33259 8497 11378
33260 8498 9780
33261 8498 11478
33262 8498 12498
33263 8499 11051
33264 8499 11261
33265 8499 13525
33266 8499 13528
33267 8499 14152
33268 8500 8502
33269 8500 8854
33270 8500 8856
33271 8500 8858
33272 8502 8854
33273 8502 8856
33274 8502 10512
33275 8502 10970
33276 8503 8505
33277 8503 12999
33278 8503 13382
33279 8503 13383
33280 8504 11519
33281 8504 11521
33282 8504 11584
33283 8504 11667
33284 8504 13970
33285 8505 12997
33286 8505 13383
33287 8505 13384
33288 8506 11267
33289 8506 13280
33290 8506 13367
33291 8507 8508
33292 8507 11293
33293 8507 11499
33294 8507 13366
33295 8508 13366
33296 8508 13538
33297 8508 13542
33298 8509 13360
33299 8510 10820
33300 8510 10821
33301 8510 11283
33302 8510 11285
33303 8510 14434
33304 8511 9659
33305 8511 9667
33306 8511 9674
33307 8511 10867
33308 8511 12055
33309 8511 13409
33310 8512 8514
33311 8512 8516
33312 8512 8518
33313 8512 10818
33314 8512 11281
33315 8513 8515
33316 8513 13364
33317 8514 8516
33318 8514 10818
33319 8514 10887
33320 8515 9827
33321 8515 13358
33322 8515 13364
33323 8516 8518
33324 8516 8519
33325 8516 9403
33326 8517 8723
33327 8517 9827
33328 8517 11505
33329 8518 9403
33330 8518 11281
33331 8518 12747
33332 8519 9403
33333 8519 9425
33334 8519 9804
33335 8520 8723
33336 8520 13351
33337 8520 13352
33338 8521 11508
33339 8521 13285
33340 8521 13350
33341 8521 13351
33342 8521 13352
33343 8522 8524
33344 8522 10817
33345 8522 10887
33346 8523 8525
33347 8523 13348
33348 8523 13350
33349 8523 13351
33350 8523 13543
33351 8524 9406
33352 8524 9425
33353 8525 8527
33354 8525 12526
33355 8525 13348
33356 8525 13350
33357 8525 13396
33358 8526 9406
33359 8526 13695
33360 8527 13348
33361 8527 13396
33362 8528 8530
33363 8528 11510
33364 8528 11511
33365 8528 12527
33366 8528 13396
33367 8528 13397
33368 8529 8530
33369 8529 11282
33370 8529 13398
33371 8529 13475
33372 8530 11511
33373 8530 13397
33374 8530 13398
33375 8530 13475
33376 8531 13399
33377 8531 14643
33378 8532 11282
33379 8532 11513
33380 8532 11514
33381 8532 13399
33382 8532 14340
33383 8532 14643
33384 8533 8534
33385 8533 8535
33386 8533 11515
33387 8533 13404
33388 8534 8535
33389 8534 8536
33390 8534 13326
33391 8534 13404
33392 8536 8548
33393 8536 10120
33394 8536 13326
33395 8537 8548
33396 8537 11518
33397 8537 13297
33398 8537 13326
33399 8537 13906
33400 8537 14361
33401 8538 8546
33402 8538 13324
33403 8538 14361
33404 8539 10028
33405 8539 14259
33406 8540 8541
33407 8540 8546
33408 8540 11521
33409 8540 11584
33410 8540 13405
33411 8541 11521
33412 8541 11525
33413 8541 13405
33414 8543 13256
33415 8543 13262
33416 8543 13263
33417 8543 13294
33418 8544 11429
33419 8545 9736
33420 8545 9784
33421 8545 9787
33422 8545 10050
33423 8545 12473
33424 8546 11584
33425 8548 13324
33426 8548 13326
33427 8548 14361
33428 8549 8550
33429 8549 8551
33430 8549 8553
33431 8549 13474
33432 8549 14508
33433 8550 8551
33434 8550 13474
33435 8551 8553
33436 8551 13315
33437 8552 9199
33438 8552 9255
33439 8552 9257
33440 8552 11140
33441 8553 8554
33442 8553 11823
33443 8554 8556
33444 8554 8813
33445 8554 11823
33446 8555 8556
33447 8555 8559
33448 8555 8813
33449 8555 11532
33450 8555 11534
33451 8556 8813
33452 8556 11534
33453 8556 13315
33454 8557 8561
33455 8557 8812
33456 8557 14659
33457 8558 10035
33458 8558 11323
33459 8558 12524
33460 8558 12528
33461 8558 12530
33462 8558 12556
33463 8559 8812
33464 8559 8813
33465 8559 13531
33466 8559 13952
33467 8560 10891
33468 8560 11009
33469 8560 11060
33470 8561 11533
33471 8561 14659
33472 8562 11809
33473 8563 8807
33474 8563 9085
33475 8563 10787
33476 8563 11567
33477 8564 11426
33478 8564 14063
33479 8565 10440
33480 8565 10444
33481 8566 11124
33482 8567 8568
33483 8567 8807
33484 8567 11423
33485 8567 11804
33486 8568 8572
33487 8568 9368
33488 8568 11268
33489 8568 11423
33490 8569 8572
33491 8569 11413
33492 8569 11421
33493 8570 8575
33494 8570 11294
33495 8570 11295
33496 8571 8573
33497 8571 11337
33498 8572 9368
33499 8572 11268
33500 8572 11421
33501 8573 8575
33502 8573 11294
33503 8573 11337
33504 8575 11294
33505 8575 11337
33506 8576 13457
33507 8576 13459
33508 8576 13461
33509 8577 10532
33510 8577 14835
33511 8577 14836
33512 8578 11160
33513 8578 11298
33514 8578 11300
33515 8578 14704
33516 8579 8581
33517 8579 11298
33518 8579 11401
33519 8579 14704
33520 8581 8783
33521 8581 11298
33522 8581 11401
33523 8582 9557
33524 8582 11397
33525 8582 11398
33526 8582 13516
33527 8583 9607
33528 8583 11389
33529 8583 11398
33530 8583 11559
33531 8583 11606
33532 8584 8585
33533 8584 8589
33534 8584 11573
33535 8585 9607
33536 8585 11389
33537 8585 11604
33538 8586 14243
33539 8587 11344
33540 8587 11389
33541 8588 11301
33542 8588 11302
33543 8588 11304
33544 8588 11387
33545 8589 11301
33546 8589 11302
33547 8590 11379
33548 8590 11386
33549 8590 11387
33550 8590 11601
33551 8590 11602
33552 8590 14266
33553 8592 11109
33554 8592 11469
33555 8592 12171
33556 8592 12254
33557 8592 13107
33558 8593 8597
33559 8593 11379
33560 8593 11598
33561 8593 14266
33562 8593 14795
33563 8594 13877
33564 8594 14128
33565 8595 9975
33566 8596 8599
33567 8596 8602
33568 8596 11308
33569 8596 11374
33570 8596 11582
33571 8597 14266
33572 8597 14795
33573 8598 8719
33574 8598 9997
33575 8598 10465
33576 8598 10481
33577 8598 10614
33578 8598 13819
33579 8599 11374
33580 8599 11375
33581 8600 8601
33582 8600 11324
33583 8600 11372
33584 8600 11375
33585 8601 8604
33586 8601 11072
33587 8601 11370
33588 8601 11372
33589 8602 11307
33590 8602 11308
33591 8602 11374
33592 8604 11072
33593 8604 11309
33594 8604 11370
33595 8605 8608
33596 8605 8769
33597 8606 8773
33598 8607 11765
33599 8607 12023
33600 8607 12029
33601 8607 12576
33602 8608 8767
33603 8608 8769
33604 8608 11315
33605 8609 10626
33606 8609 10627
33607 8609 10686
33608 8609 10688
33609 8610 9048
33610 8610 9050
33611 8610 9062
33612 8610 13354
33613 8611 8763
33614 8611 11367
33615 8611 11368
33616 8611 13687
33617 8612 13293
33618 8613 13778
33619 8614 11795
33620 8614 11796
33621 8615 8618
33622 8615 8757
33623 8615 10907
33624 8615 10908
33625 8615 11424
33626 8616 9713
33627 8616 11445
33628 8616 11447
33629 8616 14661
33630 8617 8754
33631 8617 8757
33632 8617 10234
33633 8617 10905
33634 8617 10907
33635 8617 14892
33636 8618 8757
33637 8619 12030
33638 8619 12032
33639 8619 13759
33640 8619 14349
33641 8620 10215
33642 8620 10273
33643 8620 10825
33644 8620 11995
33645 8620 14290
33646 8621 8622
33647 8621 8753
33648 8621 9108
33649 8621 10938
33650 8621 10954
33651 8622 8751
33652 8622 9108
33653 8622 12769
33654 8622 12771
33655 8623 8625
33656 8623 8626
33657 8623 10902
33658 8623 10956
33659 8623 11355
33660 8624 11562
33661 8624 11572
33662 8624 12537
33663 8624 12582
33664 8625 8751
33665 8625 10904
33666 8625 10956
33667 8626 8746
33668 8626 10902
33669 8626 10958
33670 8627 8629
33671 8627 8746
33672 8627 12842
33673 8627 13527
33674 8628 9089
33675 8628 10278
33676 8628 10279
33677 8628 10572
33678 8629 8634
33679 8629 10777
33680 8629 12754
33681 8629 12842
33682 8631 8633
33683 8631 10901
33684 8631 12733
33685 8631 13261
33686 8631 14726
33687 8632 8633
33688 8632 8635
33689 8632 8636
33690 8632 8637
33691 8632 10892
33692 8633 8635
33693 8633 14726
33694 8634 8745
33695 8634 10777
33696 8634 10900
33697 8635 8637
33698 8635 12729
33699 8635 12731
33700 8635 14726
33701 8636 8637
33702 8636 8641
33703 8636 8735
33704 8636 8877
33705 8636 10892
33706 8637 8641
33707 8637 12729
33708 8637 12745
33709 8638 10671
33710 8638 10706
33711 8638 12698
33712 8638 12863
33713 8638 12864
33714 8639 8640
33715 8639 8731
33716 8639 8733
33717 8639 8735
33718 8639 8873
33719 8639 10448
33720 8640 8642
33721 8640 8731
33722 8640 8733
33723 8640 12869
33724 8641 8733
33725 8641 8735
33726 8641 12745
33727 8641 12746
33728 8642 8643
33729 8642 8731
33730 8642 12758
33731 8642 12869
33732 8643 8729
33733 8643 8731
33734 8643 9270
33735 8643 10448
33736 8643 14107
33737 8644 8645
33738 8644 8727
33739 8644 8729
33740 8644 9270
33741 8644 10340
33742 8645 8646
33743 8645 8727
33744 8645 12713
33745 8646 8647
33746 8646 8727
33747 8647 8727
33748 8647 10336
33749 8647 10989
33750 8647 12207
33751 8648 10989
33752 8648 12092
33753 8648 12706
33754 8648 12708
33755 8648 12764
33756 8649 8650
33757 8649 14200
33758 8650 8651
33759 8650 10756
33760 8651 8652
33761 8651 10756
33762 8652 10756
33763 8653 8654
33764 8653 8720
33765 8653 11333
33766 8653 13329
33767 8654 8718
33768 8654 11333
33769 8654 11482
33770 8655 8656
33771 8655 8716
33772 8655 8718
33773 8655 11331
33774 8656 11329
33775 8656 11331
33776 8657 8658
33777 8657 8716
33778 8657 8859
33779 8657 11331
33780 8658 11329
33781 8658 11331
33782 8659 8661
33783 8659 8712
33784 8659 14249
33785 8660 9285
33786 8661 8710
33787 8661 8712
33788 8661 11327
33789 8661 14249
33790 8662 8663
33791 8662 8710
33792 8662 10876
33793 8662 10924
33794 8662 11327
33795 8663 10879
33796 8663 10924
33797 8663 11326
33798 8663 11328
33799 8664 8665
33800 8664 11330
33801 8664 11332
33802 8665 8667
33803 8665 11081
33804 8666 9943
33805 8666 10745
33806 8666 11228
33807 8666 14782
33808 8667 9726
33809 8667 11081
33810 8668 8669
33811 8668 8670
33812 8668 8672
33813 8668 9336
33814 8669 10328
33815 8670 8672
33816 8670 9336
33817 8670 10882
33818 8670 10927
33819 8670 10968
33820 8671 8672
33821 8671 8674
33822 8671 10882
33823 8671 10967
33824 8671 10994
33825 8672 10882
33826 8672 10994
33827 8673 9203
33828 8673 9528
33829 8674 8678
33830 8674 10994
33831 8675 8676
33832 8675 9203
33833 8675 10889
33834 8675 10961
33835 8675 14513
33836 8676 8677
33837 8676 10888
33838 8676 10961
33839 8676 14513
33840 8677 8679
33841 8677 8680
33842 8677 14513
33843 8678 10889
33844 8678 10966
33845 8679 8680
33846 8679 8681
33847 8679 8700
33848 8679 10962
33849 8680 8700
33850 8681 8683
33851 8681 8688
33852 8681 8700
33853 8681 10886
33854 8681 10962
33855 8682 8683
33856 8682 8684
33857 8682 8685
33858 8682 8696
33859 8682 10937
33860 8682 10963
33861 8683 8684
33862 8683 8688
33863 8683 10886
33864 8683 10937
33865 8684 8685
33866 8684 8688
33867 8684 10270
33868 8685 8686
33869 8685 8696
33870 8686 8687
33871 8686 8689
33872 8686 8696
33873 8687 8689
33874 8687 8692
33875 8687 8696
33876 8687 10885
33877 8687 10935
33878 8688 8700
33879 8688 10270
33880 8689 8692
33881 8689 9053
33882 8690 13769
33883 8691 8693
33884 8691 8694
33885 8691 8695
33886 8691 13239
33887 8692 10935
33888 8692 13239
33889 8693 8694
33890 8693 8695
33891 8693 8927
33892 8693 10178
33893 8693 10852
33894 8694 9321
33895 8694 10852
33896 8695 8701
33897 8695 8927
33898 8696 10885
33899 8696 10963
33900 8697 14390
33901 8698 12413
33902 8699 8934
33903 8699 12691
33904 8701 8927
33905 8701 8932
33906 8702 14143
33907 8703 8704
33908 8703 8936
33909 8703 10935
33910 8703 13239
33911 8704 8841
33912 8704 8936
33913 8704 10760
33914 8704 12132
33915 8705 8709
33916 8705 8840
33917 8705 9937
33918 8705 10760
33919 8706 10994
33920 8706 13193
33921 8707 9336
33922 8707 9726
33923 8707 10925
33924 8707 11081
33925 8707 11091
33926 8708 8852
33927 8708 10969
33928 8708 11330
33929 8708 14000
33930 8709 8941
33931 8709 8943
33932 8710 11327
33933 8711 8713
33934 8711 8941
33935 8711 8943
33936 8711 8945
33937 8711 9911
33938 8711 9916
33939 8711 11028
33940 8713 8715
33941 8713 8945
33942 8713 9911
33943 8713 10669
33944 8715 10669
33945 8715 10731
33946 8716 8718
33947 8716 8859
33948 8716 11331
33949 8716 11333
33950 8717 8839
33951 8717 8947
33952 8718 11333
33953 8718 11482
33954 8719 9996
33955 8719 9997
33956 8719 10465
33957 8719 10485
33958 8719 10621
33959 8720 13329
33960 8721 8947
33961 8721 8953
33962 8721 9905
33963 8722 12867
33964 8725 8956
33965 8725 9369
33966 8725 9543
33967 8725 10658
33968 8725 14320
33969 8726 10413
33970 8726 12169
33971 8726 13946
33972 8726 14177
33973 8727 8865
33974 8727 10340
33975 8727 12207
33976 8728 9543
33977 8728 10821
33978 8728 10822
33979 8728 11683
33980 8729 9270
33981 8729 12868
33982 8730 10674
33983 8730 10794
33984 8730 10824
33985 8730 11683
33986 8731 10448
33987 8732 11110
33988 8732 11270
33989 8732 11287
33990 8732 11751
33991 8733 8735
33992 8733 12746
33993 8734 8965
33994 8734 10939
33995 8734 13217
33996 8734 13773
33997 8734 14058
33998 8735 8872
33999 8735 8873
34000 8735 8877
34001 8736 8737
34002 8736 8833
34003 8736 8970
34004 8736 11243
34005 8736 12338
34006 8736 13773
34007 8737 8833
34008 8737 11243
34009 8737 13985
34010 8738 8741
34011 8738 8744
34012 8738 8974
34013 8738 10913
34014 8738 10919
34015 8739 14046
34016 8740 8744
34017 8740 8827
34018 8740 8974
34019 8740 11274
34020 8740 13985
34021 8741 8742
34022 8741 8744
34023 8741 8979
34024 8741 8981
34025 8741 10913
34026 8742 8743
34027 8742 8981
34028 8742 8983
34029 8742 10913
34030 8742 10943
34031 8743 8748
34032 8743 8981
34033 8743 8983
34034 8743 11275
34035 8743 11276
34036 8744 8827
34037 8744 8974
34038 8744 8979
34039 8745 10777
34040 8745 13261
34041 8746 8782
34042 8746 10958
34043 8747 10456
34044 8747 11986
34045 8747 11987
34046 8747 12087
34047 8747 12968
34048 8748 8750
34049 8748 8983
34050 8748 8985
34051 8748 11276
34052 8748 11277
34053 8749 14557
34054 8750 8817
34055 8750 8985
34056 8750 10736
34057 8750 11277
34058 8750 11279
34059 8751 12769
34060 8751 12837
34061 8752 14506
34062 8753 8754
34063 8753 9108
34064 8753 10905
34065 8753 10938
34066 8754 10905
34067 8755 11299
34068 8755 11837
34069 8755 11953
34070 8755 11955
34071 8755 12947
34072 8756 8989
34073 8756 8993
34074 8756 10910
34075 8756 10948
34076 8756 11960
34077 8757 10907
34078 8758 9301
34079 8758 10845
34080 8758 14244
34081 8759 11610
34082 8759 13846
34083 8760 8762
34084 8760 8994
34085 8760 8997
34086 8760 10909
34087 8760 10941
34088 8760 11242
34089 8761 10141
34090 8761 10162
34091 8761 10191
34092 8761 11491
34093 8762 8764
34094 8762 8810
34095 8762 8994
34096 8762 8997
34097 8762 10577
34098 8763 11367
34099 8763 11368
34100 8763 11419
34101 8764 8766
34102 8764 8805
34103 8764 8997
34104 8764 10232
34105 8764 10577
34106 8765 8767
34107 8766 8768
34108 8766 8805
34109 8766 10232
34110 8766 10233
34111 8766 10584
34112 8767 11315
34113 8768 8770
34114 8768 8803
34115 8768 10233
34116 8768 10234
34117 8768 10584
34118 8769 11315
34119 8769 11317
34120 8770 8803
34121 8770 10234
34122 8770 10236
34123 8770 14892
34124 8771 8773
34125 8771 11369
34126 8772 8774
34127 8772 10905
34128 8772 10938
34129 8772 14892
34130 8774 8775
34131 8774 10238
34132 8774 10250
34133 8774 10938
34134 8774 10954
34135 8775 8777
34136 8775 10238
34137 8775 10250
34138 8776 8777
34139 8776 8797
34140 8776 8801
34141 8776 10240
34142 8776 10588
34143 8777 8800
34144 8777 10238
34145 8777 10587
34146 8777 10588
34147 8778 8779
34148 8778 8801
34149 8778 10240
34150 8778 10244
34151 8778 10956
34152 8779 8780
34153 8779 10244
34154 8779 10902
34155 8779 10956
34156 8780 8782
34157 8780 10244
34158 8780 10246
34159 8780 10902
34160 8780 10958
34161 8781 8785
34162 8781 10894
34163 8781 10900
34164 8781 11114
34165 8781 14367
34166 8782 8785
34167 8782 10246
34168 8782 10900
34169 8782 10958
34170 8783 11298
34171 8784 10679
34172 8784 10680
34173 8784 10723
34174 8784 10725
34175 8785 8794
34176 8785 10246
34177 8785 10589
34178 8785 10900
34179 8785 11114
34180 8786 11607
34181 8786 12631
34182 8786 12914
34183 8787 8793
34184 8787 10251
34185 8787 10592
34186 8788 14843
34187 8788 14844
34188 8789 8793
34189 8789 8879
34190 8789 12798
34191 8790 13265
34192 8791 10035
34193 8791 10517
34194 8791 10518
34195 8791 10519
34196 8791 10521
34197 8791 12530
34198 8792 9778
34199 8792 10267
34200 8792 10268
34201 8792 10717
34202 8793 8883
34203 8793 10592
34204 8794 10589
34205 8794 10590
34206 8794 11114
34207 8794 13752
34208 8795 8796
34209 8795 8798
34210 8795 10589
34211 8795 10590
34212 8795 12184
34213 8796 8798
34214 8796 8801
34215 8796 10244
34216 8796 10246
34217 8796 10589
34218 8797 8798
34219 8797 8801
34220 8797 10441
34221 8797 10588
34222 8798 8801
34223 8798 10441
34224 8799 9157
34225 8800 8891
34226 8800 10587
34227 8800 10588
34228 8801 10240
34229 8801 10244
34230 8802 14313
34231 8802 14460
34232 8802 14481
34233 8803 10236
34234 8803 10584
34235 8803 10585
34236 8803 10586
34237 8804 8805
34238 8804 8895
34239 8804 8896
34240 8804 10576
34241 8804 10584
34242 8804 10585
34243 8805 10576
34244 8805 10577
34245 8805 10584
34246 8806 10806
34247 8806 11112
34248 8806 11188
34249 8806 11295
34250 8806 11548
34251 8807 9085
34252 8807 10787
34253 8807 11423
34254 8808 11495
34255 8808 13279
34256 8809 11426
34257 8809 13313
34258 8810 8811
34259 8810 8994
34260 8810 10574
34261 8810 10577
34262 8810 10906
34263 8811 8994
34264 8811 9311
34265 8811 10289
34266 8811 10906
34267 8811 11245
34268 8812 13531
34269 8812 14659
34270 8813 13952
34271 8814 10291
34272 8814 11979
34273 8815 8989
34274 8815 8991
34275 8815 10291
34276 8815 10573
34277 8816 8818
34278 8816 10302
34279 8816 10356
34280 8816 10358
34281 8816 10527
34282 8816 11517
34283 8817 8991
34284 8817 10736
34285 8817 11279
34286 8817 11280
34287 8818 8820
34288 8818 10527
34289 8818 10579
34290 8818 11517
34291 8818 13668
34292 8819 10724
34293 8819 10995
34294 8819 10999
34295 8819 11045
34296 8819 11141
34297 8820 8824
34298 8820 10057
34299 8820 11517
34300 8820 13668
34301 8821 8911
34302 8821 11276
34303 8821 11277
34304 8822 11336
34305 8822 11646
34306 8822 11654
34307 8822 11661
34308 8822 12881
34309 8823 8825
34310 8823 8920
34311 8823 10459
34312 8824 10466
34313 8824 10468
34314 8824 11517
34315 8825 8827
34316 8825 8979
34317 8825 11275
34318 8826 10809
34319 8826 12020
34320 8827 8979
34321 8827 11274
34322 8828 10282
34323 8828 10440
34324 8828 10580
34325 8828 12357
34326 8829 9023
34327 8829 10088
34328 8829 10103
34329 8829 10104
34330 8829 11995
34331 8830 10053
34332 8830 12357
34333 8831 8923
34334 8831 9798
34335 8831 10404
34336 8831 11272
34337 8831 11274
34338 8832 10596
34339 8832 12399
34340 8833 11269
34341 8833 11272
34342 8833 12338
34343 8834 9211
34344 8834 9344
34345 8834 9345
34346 8834 11098
34347 8834 12986
34348 8835 10053
34349 8835 10131
34350 8835 10303
34351 8835 10578
34352 8835 13610
34353 8836 8837
34354 8836 9399
34355 8836 9800
34356 8836 11290
34357 8836 12305
34358 8836 13153
34359 8837 9399
34360 8837 9428
34361 8837 11269
34362 8837 12338
34363 8837 13153
34364 8838 9678
34365 8839 9837
34366 8840 9414
34367 8840 10760
34368 8841 10558
34369 8841 10964
34370 8841 12132
34371 8842 8843
34372 8842 9417
34373 8842 9834
34374 8842 10558
34375 8842 11266
34376 8843 9833
34377 8843 9834
34378 8843 10306
34379 8843 11265
34380 8843 11266
34381 8844 10306
34382 8844 10883
34383 8844 10965
34384 8844 11264
34385 8844 11265
34386 8845 10308
34387 8845 11263
34388 8845 11264
34389 8846 8847
34390 8846 10515
34391 8846 10966
34392 8846 11262
34393 8847 9831
34394 8847 10307
34395 8847 10515
34396 8847 11262
34397 8848 8849
34398 8848 9831
34399 8848 9846
34400 8848 10515
34401 8848 10967
34402 8849 9846
34403 8849 10882
34404 8849 10927
34405 8849 10967
34406 8850 8851
34407 8850 9817
34408 8850 10968
34409 8851 10925
34410 8851 10968
34411 8851 11091
34412 8852 8853
34413 8852 10512
34414 8852 10513
34415 8852 14000
34416 8853 9426
34417 8853 9490
34418 8853 10512
34419 8853 10513
34420 8853 10800
34421 8854 9426
34422 8854 9427
34423 8854 10512
34424 8856 8857
34425 8856 8858
34426 8856 10879
34427 8856 10970
34428 8857 8858
34429 8857 10322
34430 8857 10879
34431 8857 10924
34432 8859 11333
34433 8859 13329
34434 8861 9343
34435 8861 9411
34436 8861 10597
34437 8861 12567
34438 8862 10675
34439 8862 10676
34440 8862 10726
34441 8862 12739
34442 8863 9669
34443 8863 10336
34444 8863 10337
34445 8863 10342
34446 8863 12207
34447 8864 8868
34448 8864 10449
34449 8864 12055
34450 8864 13409
34451 8864 14107
34452 8865 9295
34453 8865 9665
34454 8865 10340
34455 8865 10342
34456 8865 12207
34457 8866 10333
34458 8866 10337
34459 8866 14200
34460 8867 8878
34461 8867 8880
34462 8867 9723
34463 8867 11415
34464 8867 11418
34465 8867 11434
34466 8867 11438
34467 8868 9270
34468 8868 9664
34469 8868 13409
34470 8868 14107
34471 8869 9785
34472 8869 13869
34473 8870 8871
34474 8870 10347
34475 8871 10347
34476 8871 13253
34477 8872 8873
34478 8872 8875
34479 8872 8877
34480 8872 12798
34481 8873 8875
34482 8873 10448
34483 8873 10449
34484 8874 10095
34485 8874 10100
34486 8874 10101
34487 8874 10254
34488 8874 12622
34489 8875 9662
34490 8875 10449
34491 8875 14187
34492 8876 9467
34493 8876 9539
34494 8876 10447
34495 8876 10773
34496 8877 10892
34497 8877 12798
34498 8878 8880
34499 8878 9723
34500 8879 9675
34501 8879 10447
34502 8879 14187
34503 8880 11418
34504 8880 13477
34505 8881 12507
34506 8882 8884
34507 8882 13480
34508 8883 10445
34509 8883 10592
34510 8883 10773
34511 8883 11271
34512 8884 13480
34513 8884 13482
34514 8885 9712
34515 8885 10759
34516 8885 12184
34517 8885 12278
34518 8886 10221
34519 8886 11403
34520 8886 11405
34521 8886 11406
34522 8888 8890
34523 8888 9673
34524 8889 10439
34525 8889 10951
34526 8890 10762
34527 8891 8893
34528 8891 10435
34529 8891 10586
34530 8891 10587
34531 8892 9871
34532 8892 13355
34533 8893 8895
34534 8893 10433
34535 8893 10435
34536 8893 10585
34537 8893 10586
34538 8894 14230
34539 8895 8896
34540 8895 10431
34541 8895 10433
34542 8895 10585
34543 8896 8898
34544 8896 10427
34545 8896 10429
34546 8896 10431
34547 8896 10576
34548 8897 14401
34549 8898 10423
34550 8898 10427
34551 8898 10574
34552 8898 10576
34553 8899 11381
34554 8899 11384
34555 8900 8902
34556 8900 9311
34557 8900 10423
34558 8900 10425
34559 8900 10906
34560 8901 9275
34561 8901 10096
34562 8901 10720
34563 8901 11223
34564 8901 13347
34565 8902 8903
34566 8902 9311
34567 8902 10421
34568 8902 10425
34569 8902 10946
34570 8903 8906
34571 8903 10419
34572 8903 10421
34573 8903 10865
34574 8903 10946
34575 8904 8905
34576 8904 11120
34577 8904 11244
34578 8905 8907
34579 8905 11120
34580 8905 11380
34581 8906 8908
34582 8906 10419
34583 8906 10865
34584 8906 10866
34585 8906 11979
34586 8907 8909
34587 8908 10866
34588 8908 11979
34589 8908 14763
34590 8910 10412
34591 8910 11280
34592 8910 12285
34593 8911 8913
34594 8911 10411
34595 8912 8914
34596 8912 11467
34597 8912 13549
34598 8913 8930
34599 8913 10396
34600 8913 10411
34601 8913 10412
34602 8914 11373
34603 8914 11467
34604 8915 8920
34605 8915 10384
34606 8915 10386
34607 8915 10411
34608 8915 10459
34609 8916 9158
34610 8916 9746
34611 8916 11113
34612 8916 11870
34613 8917 8919
34614 8917 11670
34615 8918 9321
34616 8918 10852
34617 8919 11311
34618 8919 11670
34619 8920 8922
34620 8920 8923
34621 8920 10459
34622 8921 8922
34623 8921 9762
34624 8922 8923
34625 8923 10404
34626 8923 11274
34627 8924 9663
34628 8924 11968
34629 8924 12716
34630 8924 12951
34631 8924 13143
34632 8925 9493
34633 8925 9495
34634 8925 9558
34635 8925 9640
34636 8925 10049
34637 8925 13898
34638 8926 10384
34639 8926 10391
34640 8926 10396
34641 8926 10801
34642 8926 10857
34643 8926 10959
34644 8927 8929
34645 8927 10178
34646 8928 8930
34647 8928 10391
34648 8928 10392
34649 8928 10394
34650 8928 10896
34651 8928 10960
34652 8929 12691
34653 8929 14440
34654 8930 10391
34655 8930 10392
34656 8930 10396
34657 8930 10412
34658 8931 8933
34659 8931 10394
34660 8931 10395
34661 8931 10955
34662 8931 10957
34663 8932 8934
34664 8932 8940
34665 8933 10395
34666 8933 11204
34667 8933 14763
34668 8934 12691
34669 8935 8942
34670 8935 11206
34671 8935 11233
34672 8936 9937
34673 8936 10760
34674 8937 13658
34675 8937 13967
34676 8938 9380
34677 8938 9382
34678 8938 10890
34679 8938 11108
34680 8939 10944
34681 8939 11207
34682 8939 13020
34683 8939 13232
34684 8940 8941
34685 8940 9916
34686 8941 8943
34687 8941 9916
34688 8942 9020
34689 8942 11207
34690 8942 11233
34691 8942 11235
34692 8943 11028
34693 8944 10142
34694 8945 9837
34695 8945 11028
34696 8946 8948
34697 8946 9013
34698 8946 11211
34699 8946 13600
34700 8947 9905
34701 8948 8950
34702 8948 10864
34703 8948 10915
34704 8948 11211
34705 8949 14324
34706 8950 8952
34707 8950 9696
34708 8950 10864
34709 8950 11211
34710 8950 11213
34711 8951 8953
34712 8951 8954
34713 8951 10817
34714 8951 10887
34715 8952 10864
34716 8952 11213
34717 8952 11214
34718 8953 9903
34719 8954 10887
34720 8954 14952
34721 8955 8957
34722 8955 10863
34723 8955 10947
34724 8956 9543
34725 8956 10819
34726 8956 10820
34727 8956 10821
34728 8956 14320
34729 8957 11215
34730 8958 9087
34731 8958 11777
34732 8958 11781
34733 8958 13149
34734 8959 9001
34735 8959 9337
34736 8959 11215
34737 8959 11217
34738 8960 9598
34739 8960 9961
34740 8960 9964
34741 8960 10738
34742 8961 14777
34743 8962 10408
34744 8962 11903
34745 8962 12154
34746 8962 12688
34747 8962 12693
34748 8963 8965
34749 8963 9753
34750 8963 10794
34751 8963 11110
34752 8964 8966
34753 8964 9337
34754 8964 10951
34755 8964 11217
34756 8964 11638
34757 8964 12802
34758 8965 9753
34759 8965 10939
34760 8965 11110
34761 8965 13217
34762 8966 10439
34763 8966 10951
34764 8966 11218
34765 8966 11219
34766 8966 11638
34767 8967 10873
34768 8967 12289
34769 8967 13097
34770 8968 8969
34771 8968 11218
34772 8968 11219
34773 8968 11222
34774 8968 12278
34775 8969 8972
34776 8969 9712
34777 8969 10861
34778 8969 11222
34779 8969 12278
34780 8970 10918
34781 8970 11011
34782 8970 11243
34783 8970 13773
34784 8970 14058
34785 8971 14121
34786 8971 14123
34787 8971 14454
34788 8971 14457
34789 8972 8976
34790 8972 10861
34791 8972 11222
34792 8972 11236
34793 8973 13184
34794 8974 10926
34795 8974 13985
34796 8975 9689
34797 8975 9700
34798 8975 9865
34799 8976 8977
34800 8976 10861
34801 8976 11236
34802 8977 8995
34803 8977 9019
34804 8977 11236
34805 8978 14800
34806 8979 8981
34807 8979 11275
34808 8980 8984
34809 8980 8990
34810 8980 9012
34811 8980 10667
34812 8980 11241
34813 8981 11275
34814 8982 9012
34815 8982 9472
34816 8982 10667
34817 8983 8985
34818 8983 10943
34819 8983 10945
34820 8984 8988
34821 8984 10667
34822 8984 11241
34823 8984 13137
34824 8985 8987
34825 8985 10736
34826 8985 10945
34827 8985 12560
34828 8986 8988
34829 8986 9007
34830 8986 9279
34831 8986 13137
34832 8986 13699
34833 8987 10736
34834 8987 10911
34835 8987 10948
34836 8987 11960
34837 8987 12560
34838 8988 11241
34839 8988 13137
34840 8988 13699
34841 8989 8991
34842 8989 10573
34843 8989 11960
34844 8990 9002
34845 8990 9005
34846 8990 11241
34847 8991 10736
34848 8991 11960
34849 8992 10920
34850 8992 11399
34851 8993 10909
34852 8993 10910
34853 8993 11242
34854 8994 11242
34855 8994 11245
34856 8995 9002
34857 8995 10399
34858 8995 10829
34859 8995 11236
34860 8996 11514
34861 8996 11515
34862 8996 11658
34863 8996 12532
34864 8997 10232
34865 8997 10941
34866 8997 10950
34867 8998 10720
34868 8998 11015
34869 8998 11169
34870 8998 11223
34871 8998 11593
34872 8999 9000
34873 8999 9024
34874 8999 10097
34875 8999 10098
34876 8999 12802
34877 9000 9001
34878 9000 9337
34879 9000 10098
34880 9000 12802
34881 9001 9337
34882 9001 11215
34883 9002 9005
34884 9002 9292
34885 9002 10399
34886 9004 9352
34887 9004 9361
34888 9004 9433
34889 9004 11104
34890 9005 9292
34891 9005 10722
34892 9005 11241
34893 9005 13699
34894 9006 13327
34895 9006 13328
34896 9006 13330
34897 9006 14160
34898 9007 9279
34899 9007 9280
34900 9007 9744
34901 9008 9236
34902 9008 9612
34903 9008 10099
34904 9008 12018
34905 9008 12299
34906 9009 9013
34907 9009 9016
34908 9009 9240
34909 9009 9696
34910 9009 11198
34911 9009 11211
34912 9010 9329
34913 9010 9852
34914 9010 13137
34915 9011 9971
34916 9011 9972
34917 9011 9981
34918 9011 10464
34919 9011 10696
34920 9011 13819
34921 9012 10667
34922 9013 9016
34923 9013 11211
34924 9013 13600
34925 9014 13659
34926 9015 11831
34927 9015 13320
34928 9015 13322
34929 9016 9240
34930 9016 9241
34931 9016 11201
34932 9017 14271
34933 9017 14273
34934 9018 10813
34935 9018 12052
34936 9018 12391
34937 9018 12679
34938 9018 13021
34939 9020 11207
34940 9020 11235
34941 9020 11237
34942 9021 10860
34943 9022 11233
34944 9023 9741
34945 9023 10103
34946 9023 10235
34947 9024 10098
34948 9024 11167
34949 9024 11169
34950 9024 11742
34951 9025 10859
34952 9025 10860
34953 9026 9500
34954 9026 9639
34955 9026 10045
34956 9026 10047
34957 9026 10549
34958 9027 9028
34959 9027 9029
34960 9027 9110
34961 9027 11234
34962 9028 9031
34963 9028 9435
34964 9028 11234
34965 9029 9110
34966 9030 9031
34967 9030 9435
34968 9030 9762
34969 9030 9764
34970 9031 9435
34971 9031 9764
34972 9031 11234
34973 9032 9288
34974 9032 11359
34975 9032 11360
34976 9033 9035
34977 9033 9036
34978 9033 9360
34979 9033 9430
34980 9033 11240
34981 9034 9037
34982 9034 9105
34983 9034 9265
34984 9034 9813
34985 9034 11079
34986 9034 11221
34987 9034 11238
34988 9035 9036
34989 9035 9264
34990 9035 9304
34991 9035 11238
34992 9035 11240
34993 9036 9105
34994 9036 9430
34995 9036 9797
34996 9036 11238
34997 9037 9888
34998 9037 11079
34999 9037 11221
35000 9037 11227
35001 9037 14924
35002 9038 9433
35003 9038 11229
35004 9039 13214
35005 9040 10423
35006 9040 10427
35007 9040 10947
35008 9040 11214
35009 9041 9042
35010 9041 9076
35011 9041 9102
35012 9041 11425
35013 9041 13678
35014 9042 9044
35015 9042 9101
35016 9042 13678
35017 9043 9044
35018 9043 9383
35019 9043 9434
35020 9043 9437
35021 9043 10472
35022 9043 13678
35023 9044 9101
35024 9044 9437
35025 9044 13678
35026 9045 9046
35027 9045 9047
35028 9045 9067
35029 9045 10875
35030 9046 9048
35031 9046 9067
35032 9046 9099
35033 9047 9100
35034 9047 9158
35035 9048 9050
35036 9048 9099
35037 9049 14168
35038 9049 14170
35039 9050 9051
35040 9050 9096
35041 9051 9052
35042 9051 9096
35043 9052 9096
35044 9052 9374
35045 9052 9377
35046 9053 12545
35047 9054 13097
35048 9054 13775
35049 9055 12988
35050 9055 14017
35051 9056 11009
35052 9056 11069
35053 9056 11073
35054 9056 13733
35055 9056 14722
35056 9057 11463
35057 9057 11466
35058 9057 11470
35059 9057 11493
35060 9058 9488
35061 9058 9514
35062 9058 9517
35063 9058 9519
35064 9058 9542
35065 9058 9587
35066 9059 11778
35067 9059 12507
35068 9059 12612
35069 9059 12616
35070 9059 12961
35071 9060 9259
35072 9060 10216
35073 9060 10393
35074 9060 12015
35075 9061 9082
35076 9061 11008
35077 9061 14722
35078 9062 9092
35079 9062 13354
35080 9062 13943
35081 9063 11352
35082 9063 11353
35083 9064 9602
35084 9064 10323
35085 9064 10324
35086 9064 12312
35087 9064 12937
35088 9065 12427
35089 9065 12824
35090 9065 13500
35091 9065 13569
35092 9066 10277
35093 9066 10278
35094 9066 10420
35095 9066 10916
35096 9066 14442
35097 9067 10875
35098 9068 10397
35099 9068 11071
35100 9068 12011
35101 9068 12014
35102 9068 12016
35103 9069 9945
35104 9069 11037
35105 9070 9076
35106 9070 9103
35107 9070 11035
35108 9070 11425
35109 9071 9348
35110 9071 9349
35111 9071 9404
35112 9071 9409
35113 9072 9128
35114 9072 10995
35115 9072 11141
35116 9072 11579
35117 9072 14725
35118 9073 9077
35119 9073 10745
35120 9073 11035
35121 9073 11084
35122 9074 9075
35123 9074 9077
35124 9074 9813
35125 9074 9943
35126 9074 11079
35127 9075 9813
35128 9076 11425
35129 9077 9943
35130 9077 10745
35131 9078 11224
35132 9079 10990
35133 9079 11083
35134 9079 11184
35135 9080 11013
35136 9080 11025
35137 9080 13733
35138 9080 13816
35139 9081 11020
35140 9081 11085
35141 9082 10875
35142 9082 11069
35143 9082 14722
35144 9083 10839
35145 9083 10976
35146 9083 11085
35147 9083 11088
35148 9084 9922
35149 9084 14934
35150 9085 11540
35151 9085 11567
35152 9086 9463
35153 9086 9466
35154 9086 9473
35155 9086 9536
35156 9086 9659
35157 9086 9674
35158 9087 10197
35159 9087 11777
35160 9087 13159
35161 9088 9686
35162 9088 10648
35163 9089 10279
35164 9089 10287
35165 9089 10792
35166 9090 9805
35167 9090 9809
35168 9090 10844
35169 9090 11008
35170 9090 14280
35171 9091 11818
35172 9091 12950
35173 9091 13144
35174 9091 15006
35175 9092 9094
35176 9092 13943
35177 9092 14280
35178 9093 12525
35179 9093 13285
35180 9094 13943
35181 9094 14280
35182 9095 13502
35183 9095 14389
35184 9096 9377
35185 9096 11111
35186 9097 13229
35187 9098 9252
35188 9098 10325
35189 9098 13302
35190 9099 11113
35191 9100 9158
35192 9100 9378
35193 9100 9845
35194 9102 10472
35195 9102 11220
35196 9102 11425
35197 9102 13678
35198 9103 11035
35199 9103 11220
35200 9103 11425
35201 9103 13127
35202 9103 14782
35203 9104 9361
35204 9104 11227
35205 9104 11228
35206 9104 14924
35207 9105 9797
35208 9105 11221
35209 9105 11238
35210 9106 13980
35211 9107 13575
35212 9108 12771
35213 9108 12772
35214 9109 14284
35215 9109 14730
35216 9110 9111
35217 9110 10855
35218 9110 11234
35219 9111 10855
35220 9111 10857
35221 9111 10959
35222 9111 13150
35223 9112 9267
35224 9112 13150
35225 9113 9622
35226 9113 9754
35227 9113 9779
35228 9113 10008
35229 9113 10507
35230 9114 9413
35231 9114 9414
35232 9114 9417
35233 9114 11090
35234 9114 12132
35235 9116 11999
35236 9116 12000
35237 9116 12598
35238 9117 9470
35239 9117 11119
35240 9118 11059
35241 9118 11647
35242 9118 13196
35243 9119 9456
35244 9119 9526
35245 9119 9596
35246 9119 9634
35247 9119 10687
35248 9119 10691
35249 9119 10695
35250 9120 12023
35251 9121 9835
35252 9122 11788
35253 9123 10758
35254 9123 11433
35255 9125 9877
35256 9125 13247
35257 9125 14567
35258 9126 9127
35259 9126 9307
35260 9126 11044
35261 9127 9307
35262 9127 10996
35263 9127 11001
35264 9128 10993
35265 9128 11183
35266 9128 11579
35267 9128 14725
35268 9129 9164
35269 9129 9206
35270 9129 10212
35271 9129 10599
35272 9130 11129
35273 9130 11141
35274 9130 11143
35275 9130 11185
35276 9130 14725
35277 9131 12114
35278 9132 9220
35279 9132 9618
35280 9132 9627
35281 9132 10112
35282 9132 11070
35283 9132 12053
35284 9133 9134
35285 9133 9205
35286 9133 10983
35287 9133 10984
35288 9134 10983
35289 9134 11190
35290 9134 14493
35291 9135 9300
35292 9135 13968
35293 9135 14894
35294 9136 10207
35295 9136 10832
35296 9136 10979
35297 9136 11184
35298 9137 9312
35299 9137 9989
35300 9137 13519
35301 9137 13952
35302 9138 9189
35303 9138 9261
35304 9138 9271
35305 9138 10157
35306 9138 10718
35307 9139 9140
35308 9139 9174
35309 9139 9187
35310 9139 10157
35311 9140 9187
35312 9140 9271
35313 9140 9272
35314 9140 10157
35315 9140 11034
35316 9141 9142
35317 9141 9155
35318 9141 9187
35319 9141 11034
35320 9141 11710
35321 9142 9185
35322 9142 9298
35323 9142 10155
35324 9142 11034
35325 9142 11710
35326 9143 9144
35327 9143 9182
35328 9143 9232
35329 9143 10154
35330 9143 11165
35331 9144 9145
35332 9144 9147
35333 9144 9154
35334 9144 9182
35335 9144 10154
35336 9145 9146
35337 9145 9147
35338 9145 9181
35339 9145 9182
35340 9146 9182
35341 9146 9273
35342 9146 11186
35343 9146 14388
35344 9147 9154
35345 9147 9181
35346 9147 10151
35347 9148 9150
35348 9148 9179
35349 9148 11156
35350 9148 11158
35351 9148 11175
35352 9149 9320
35353 9149 10146
35354 9149 10603
35355 9149 11152
35356 9149 11158
35357 9150 9151
35358 9150 9177
35359 9150 9179
35360 9150 9847
35361 9150 10146
35362 9151 9166
35363 9151 9177
35364 9151 10146
35365 9151 10712
35366 9152 10375
35367 9152 14610
35368 9153 14109
35369 9153 14112
35370 9153 14313
35371 9153 14386
35372 9154 9175
35373 9154 10151
35374 9154 10154
35375 9154 11187
35376 9155 9174
35377 9155 9187
35378 9155 10595
35379 9155 11710
35380 9156 13931
35381 9156 13932
35382 9158 9378
35383 9158 9746
35384 9159 13083
35385 9159 13238
35386 9159 13269
35387 9159 13290
35388 9159 13821
35389 9160 9509
35390 9160 10598
35391 9161 14614
35392 9162 10279
35393 9162 10415
35394 9162 10420
35395 9162 10792
35396 9162 11338
35397 9163 12453
35398 9163 13876
35399 9163 13993
35400 9164 9165
35401 9164 10212
35402 9164 10599
35403 9164 10600
35404 9164 11192
35405 9165 9318
35406 9165 10212
35407 9165 10711
35408 9165 10975
35409 9166 9167
35410 9166 9177
35411 9166 9257
35412 9166 11140
35413 9167 9168
35414 9167 9199
35415 9167 11140
35416 9168 9194
35417 9169 9255
35418 9169 11171
35419 9170 9716
35420 9170 9721
35421 9170 9722
35422 9170 9789
35423 9170 10241
35424 9171 14070
35425 9172 9228
35426 9173 14223
35427 9173 14585
35428 9174 9187
35429 9175 9185
35430 9175 10154
35431 9175 11187
35432 9175 11710
35433 9175 14054
35434 9177 9257
35435 9177 9847
35436 9178 9266
35437 9179 9847
35438 9179 10986
35439 9179 11175
35440 9179 11186
35441 9180 9188
35442 9180 9533
35443 9180 10200
35444 9180 10403
35445 9180 11067
35446 9181 10151
35447 9181 11030
35448 9182 11165
35449 9182 14388
35450 9183 9184
35451 9183 11753
35452 9184 9509
35453 9184 11138
35454 9184 11191
35455 9184 11753
35456 9185 9298
35457 9185 10154
35458 9185 10211
35459 9185 11710
35460 9186 13757
35461 9187 11034
35462 9188 9396
35463 9188 9955
35464 9188 9956
35465 9188 10200
35466 9189 10157
35467 9190 10550
35468 9190 10599
35469 9190 10600
35470 9190 11834
35471 9190 14225
35472 9191 12198
35473 9191 12734
35474 9192 11031
35475 9192 14505
35476 9193 13615
35477 9193 13617
35478 9193 13619
35479 9193 13659
35480 9193 13661
35481 9194 10975
35482 9194 11142
35483 9196 13823
35484 9196 14663
35485 9197 11117
35486 9197 13882
35487 9197 14488
35488 9198 12092
35489 9198 12706
35490 9198 14200
35491 9199 11140
35492 9199 13882
35493 9200 11122
35494 9201 9202
35495 9201 9253
35496 9201 11154
35497 9201 11171
35498 9202 9253
35499 9203 10889
35500 9203 14513
35501 9204 14018
35502 9204 14922
35503 9205 10207
35504 9205 10832
35505 9205 10984
35506 9206 10833
35507 9207 12420
35508 9207 12642
35509 9207 12779
35510 9207 12781
35511 9207 12826
35512 9208 12156
35513 9208 12945
35514 9208 13417
35515 9208 13443
35516 9210 10518
35517 9210 12528
35518 9210 12529
35519 9210 12530
35520 9210 12546
35521 9211 11097
35522 9212 12265
35523 9212 13250
35524 9213 12603
35525 9213 13686
35526 9214 9341
35527 9214 9431
35528 9214 11095
35529 9214 11096
35530 9215 9340
35531 9215 9394
35532 9215 11094
35533 9216 9339
35534 9216 9432
35535 9216 9795
35536 9216 9829
35537 9216 11093
35538 9217 11092
35539 9217 11870
35540 9218 9338
35541 9218 9942
35542 9218 13998
35543 9219 14511
35544 9220 9627
35545 9220 11816
35546 9220 12053
35547 9221 14214
35548 9221 14226
35549 9221 14291
35550 9223 14211
35551 9224 10099
35552 9224 11214
35553 9225 9516
35554 9225 9549
35555 9225 9551
35556 9225 9587
35557 9225 9954
35558 9226 9839
35559 9226 11942
35560 9226 11943
35561 9226 11944
35562 9226 12200
35563 9226 12202
35564 9226 12937
35565 9227 13488
35566 9227 13657
35567 9227 13967
35568 9227 13971
35569 9228 10595
35570 9228 14054
35571 9230 9320
35572 9230 9668
35573 9230 11148
35574 9230 11174
35575 9230 11177
35576 9231 10356
35577 9231 10466
35578 9231 11970
35579 9231 11971
35580 9231 11972
35581 9232 10154
35582 9232 10211
35583 9232 14250
35584 9233 9235
35585 9233 9236
35586 9233 9298
35587 9233 10211
35588 9233 12299
35589 9233 14250
35590 9234 9618
35591 9234 10070
35592 9234 10112
35593 9234 14335
35594 9235 9236
35595 9235 9298
35596 9235 9317
35597 9235 10155
35598 9235 11130
35599 9236 9612
35600 9236 11130
35601 9236 12299
35602 9237 9238
35603 9237 9239
35604 9237 9272
35605 9237 9317
35606 9237 11131
35607 9238 9239
35608 9238 9317
35609 9238 11130
35610 9238 11197
35611 9238 11198
35612 9239 9240
35613 9239 9316
35614 9239 11131
35615 9239 11198
35616 9240 9241
35617 9240 9316
35618 9240 11198
35619 9241 9243
35620 9241 9314
35621 9241 9316
35622 9241 11201
35623 9242 9244
35624 9242 9314
35625 9242 9315
35626 9242 11132
35627 9243 9261
35628 9243 9314
35629 9243 9315
35630 9243 9316
35631 9243 10718
35632 9244 11132
35633 9244 11202
35634 9245 11810
35635 9245 13218
35636 9246 10275
35637 9246 10393
35638 9246 10397
35639 9246 13408
35640 9247 11193
35641 9247 13849
35642 9249 9953
35643 9249 10370
35644 9249 10372
35645 9249 14159
35646 9250 11118
35647 9250 12508
35648 9251 11503
35649 9251 11504
35650 9251 12520
35651 9251 13283
35652 9251 13358
35653 9252 13302
35654 9254 9635
35655 9254 10726
35656 9254 10862
35657 9254 11600
35658 9254 11626
35659 9254 12885
35660 9255 9257
35661 9255 11171
35662 9256 14867
35663 9257 11140
35664 9258 10977
35665 9259 10393
35666 9259 10397
35667 9259 12014
35668 9259 12607
35669 9260 9305
35670 9260 10995
35671 9260 10997
35672 9260 10999
35673 9260 14543
35674 9261 9315
35675 9261 10718
35676 9262 13737
35677 9262 14252
35678 9263 11798
35679 9263 11810
35680 9263 11973
35681 9263 12079
35682 9263 13218
35683 9264 9265
35684 9264 9304
35685 9264 11238
35686 9265 9813
35687 9265 11238
35688 9266 10826
35689 9266 11496
35690 9267 13150
35691 9269 14285
35692 9270 10340
35693 9270 14107
35694 9271 9272
35695 9271 10157
35696 9271 10718
35697 9271 11131
35698 9272 9317
35699 9272 10155
35700 9272 11034
35701 9272 11131
35702 9273 10986
35703 9273 11168
35704 9273 11186
35705 9273 11742
35706 9273 14388
35707 9274 9906
35708 9274 9907
35709 9274 10744
35710 9275 10721
35711 9275 11180
35712 9275 13347
35713 9276 9277
35714 9276 9292
35715 9276 10721
35716 9276 10838
35717 9276 10987
35718 9277 9291
35719 9277 9292
35720 9277 10722
35721 9277 10840
35722 9277 10987
35723 9278 9279
35724 9278 9744
35725 9278 10828
35726 9278 10988
35727 9279 9744
35728 9279 13699
35729 9280 9852
35730 9280 10769
35731 9281 9282
35732 9281 9327
35733 9281 10769
35734 9281 14080
35735 9282 9303
35736 9282 10775
35737 9282 11043
35738 9282 14543
35739 9283 12956
35740 9284 9289
35741 9284 13198
35742 9284 14080
35743 9285 13257
35744 9286 9546
35745 9286 11776
35746 9287 11052
35747 9287 11053
35748 9287 11857
35749 9287 12956
35750 9288 11359
35751 9288 11360
35752 9289 10229
35753 9289 11012
35754 9289 14080
35755 9290 14045
35756 9290 14061
35757 9291 10722
35758 9291 10840
35759 9291 10988
35760 9292 10722
35761 9293 11437
35762 9293 11768
35763 9293 12835
35764 9294 12314
35765 9294 12318
35766 9294 12320
35767 9294 12449
35768 9295 9664
35769 9295 9665
35770 9295 10340
35771 9295 14172
35772 9296 9697
35773 9296 10139
35774 9296 10162
35775 9296 10164
35776 9296 10220
35777 9296 12242
35778 9297 12309
35779 9297 12360
35780 9297 12361
35781 9298 10155
35782 9298 10211
35783 9300 13968
35784 9301 9770
35785 9301 11004
35786 9302 12026
35787 9303 9308
35788 9303 11043
35789 9303 11044
35790 9303 13198
35791 9304 11240
35792 9305 9645
35793 9305 10996
35794 9305 10997
35795 9305 11579
35796 9306 14679
35797 9307 10996
35798 9307 10997
35799 9307 11043
35800 9307 11044
35801 9308 11044
35802 9308 13198
35803 9309 10613
35804 9309 10701
35805 9309 10703
35806 9309 11239
35807 9309 13563
35808 9310 10038
35809 9310 10321
35810 9310 10517
35811 9310 10521
35812 9310 10557
35813 9310 12072
35814 9311 10289
35815 9311 10421
35816 9311 10906
35817 9312 13519
35818 9313 14178
35819 9314 9315
35820 9314 11132
35821 9314 11201
35822 9316 10718
35823 9316 11131
35824 9317 10155
35825 9317 11130
35826 9318 9668
35827 9318 10212
35828 9318 10711
35829 9318 11129
35830 9318 11185
35831 9319 10774
35832 9319 14369
35833 9320 10603
35834 9320 11148
35835 9320 11152
35836 9321 10852
35837 9323 10369
35838 9323 10458
35839 9324 9326
35840 9324 9889
35841 9324 11052
35842 9325 10545
35843 9325 14784
35844 9326 9331
35845 9326 9889
35846 9326 9890
35847 9326 11052
35848 9327 9852
35849 9327 9870
35850 9327 10769
35851 9327 14080
35852 9328 9329
35853 9328 9330
35854 9328 9855
35855 9328 9870
35856 9328 11053
35857 9328 11857
35858 9329 9330
35859 9329 9472
35860 9330 9464
35861 9330 9472
35862 9330 9661
35863 9330 9855
35864 9331 9332
35865 9331 9868
35866 9331 9890
35867 9331 13940
35868 9332 9462
35869 9332 9867
35870 9332 9890
35871 9332 10754
35872 9332 13940
35873 9333 12444
35874 9333 12449
35875 9333 12450
35876 9333 12503
35877 9333 13006
35878 9334 13187
35879 9335 9583
35880 9335 9720
35881 9335 10026
35882 9335 12741
35883 9335 13307
35884 9336 10968
35885 9336 11091
35886 9337 11217
35887 9337 12802
35888 9338 9418
35889 9338 9942
35890 9339 9392
35891 9339 9795
35892 9339 9829
35893 9339 9830
35894 9339 11092
35895 9340 9393
35896 9340 9394
35897 9340 11093
35898 9341 9431
35899 9341 9796
35900 9341 11094
35901 9342 14288
35902 9342 14289
35903 9342 14291
35904 9343 9411
35905 9343 11097
35906 9344 9411
35907 9344 12793
35908 9344 12986
35909 9345 9365
35910 9345 11098
35911 9345 11099
35912 9346 9554
35913 9346 10052
35914 9346 10055
35915 9346 10132
35916 9346 10547
35917 9347 12638
35918 9348 9455
35919 9348 11099
35920 9349 9353
35921 9349 9409
35922 9350 9353
35923 9351 9352
35924 9351 9356
35925 9351 9402
35926 9351 11102
35927 9352 9356
35928 9352 11102
35929 9352 11104
35930 9353 9768
35931 9355 9357
35932 9355 9358
35933 9355 9397
35934 9355 9758
35935 9355 9799
35936 9355 11103
35937 9356 11104
35938 9357 9397
35939 9357 9758
35940 9357 9760
35941 9357 10410
35942 9358 9363
35943 9358 9430
35944 9358 9758
35945 9358 9797
35946 9358 11103
35947 9359 9361
35948 9359 9363
35949 9359 9888
35950 9359 11101
35951 9359 14924
35952 9360 9430
35953 9360 9758
35954 9360 9760
35955 9361 14924
35956 9362 10066
35957 9362 10068
35958 9362 10117
35959 9362 10257
35960 9363 9888
35961 9363 11101
35962 9363 11103
35963 9364 9573
35964 9364 9575
35965 9364 9581
35966 9364 9617
35967 9364 9724
35968 9364 9729
35969 9365 9749
35970 9365 9752
35971 9365 10890
35972 9366 10785
35973 9366 13229
35974 9367 9389
35975 9367 9391
35976 9367 9794
35977 9368 11421
35978 9368 11423
35979 9368 11543
35980 9368 13407
35981 9369 9896
35982 9369 10658
35983 9369 10672
35984 9369 10673
35985 9370 9960
35986 9371 9372
35987 9371 9375
35988 9371 9394
35989 9371 9796
35990 9372 9431
35991 9372 9738
35992 9372 9796
35993 9373 9377
35994 9373 11111
35995 9373 13998
35996 9374 9377
35997 9374 13998
35998 9375 9393
35999 9375 9394
36000 9375 9747
36001 9376 14179
36002 9376 14626
36003 9377 11111
36004 9377 13998
36005 9378 9746
36006 9379 9973
36007 9379 9974
36008 9379 9976
36009 9379 9985
36010 9379 12347
36011 9380 9388
36012 9380 11108
36013 9381 9384
36014 9381 9743
36015 9381 9792
36016 9381 9845
36017 9382 9383
36018 9382 9437
36019 9382 9752
36020 9382 10890
36021 9383 9434
36022 9383 9437
36023 9383 9752
36024 9383 14065
36025 9384 9743
36026 9384 9792
36027 9386 11225
36028 9386 12500
36029 9386 12657
36030 9387 9917
36031 9387 14855
36032 9388 9793
36033 9388 12500
36034 9389 9794
36035 9389 11220
36036 9390 14067
36037 9390 14485
36038 9391 9794
36039 9392 9746
36040 9392 9795
36041 9392 11092
36042 9392 11870
36043 9393 9394
36044 9393 9432
36045 9393 9747
36046 9393 11093
36047 9394 9796
36048 9394 11094
36049 9395 9692
36050 9395 9693
36051 9395 9695
36052 9395 12595
36053 9396 9956
36054 9397 9398
36055 9397 9798
36056 9397 9799
36057 9397 10410
36058 9398 9428
36059 9398 9798
36060 9398 9799
36061 9398 11269
36062 9398 11272
36063 9399 9428
36064 9399 9799
36065 9399 9800
36066 9399 14794
36067 9400 9402
36068 9400 9766
36069 9400 9801
36070 9400 11284
36071 9401 9766
36072 9401 9768
36073 9401 9801
36074 9401 11283
36075 9401 12747
36076 9402 11284
36077 9402 11289
36078 9403 9804
36079 9403 12747
36080 9403 13376
36081 9404 9409
36082 9404 9804
36083 9404 12851
36084 9404 13376
36085 9405 11678
36086 9405 12359
36087 9406 9425
36088 9406 13695
36089 9407 9420
36090 9407 12793
36091 9407 13506
36092 9408 11098
36093 9408 11212
36094 9408 12986
36095 9408 13695
36096 9409 13376
36097 9410 11645
36098 9410 11658
36099 9410 11661
36100 9410 12532
36101 9410 13295
36102 9411 12567
36103 9411 12793
36104 9412 9413
36105 9412 9420
36106 9412 14235
36107 9413 9414
36108 9413 11090
36109 9414 10760
36110 9414 12132
36111 9415 9681
36112 9415 9683
36113 9415 9823
36114 9415 9844
36115 9415 9851
36116 9415 9928
36117 9415 9936
36118 9416 9680
36119 9416 9822
36120 9416 9846
36121 9416 9940
36122 9417 10558
36123 9417 11090
36124 9417 12132
36125 9418 9482
36126 9418 9660
36127 9418 9819
36128 9419 9477
36129 9419 9821
36130 9419 12007
36131 9420 12567
36132 9420 12793
36133 9420 14235
36134 9421 9422
36135 9421 9482
36136 9421 9817
36137 9421 9857
36138 9422 9486
36139 9422 9857
36140 9422 10800
36141 9424 14150
36142 9424 14334
36143 9425 9804
36144 9425 12851
36145 9426 9427
36146 9426 9487
36147 9426 9490
36148 9426 10512
36149 9427 9487
36150 9428 9799
36151 9428 11269
36152 9429 14923
36153 9430 9758
36154 9430 9797
36155 9431 9738
36156 9431 9796
36157 9431 11068
36158 9431 11096
36159 9432 9747
36160 9432 9748
36161 9432 9795
36162 9432 11093
36163 9433 11104
36164 9434 10472
36165 9434 14065
36166 9436 11147
36167 9436 13918
36168 9438 12274
36169 9438 13089
36170 9439 9440
36171 9439 9441
36172 9439 9481
36173 9439 9520
36174 9439 9521
36175 9439 9541
36176 9440 9441
36177 9440 9521
36178 9440 9636
36179 9440 10808
36180 9440 11133
36181 9441 9442
36182 9441 9479
36183 9441 9481
36184 9441 10808
36185 9442 9443
36186 9442 9479
36187 9442 9494
36188 9442 9655
36189 9442 10808
36190 9443 9444
36191 9443 9480
36192 9443 9494
36193 9443 9534
36194 9443 9655
36195 9444 9445
36196 9444 9480
36197 9444 9534
36198 9444 9538
36199 9444 9728
36200 9445 9452
36201 9445 9534
36202 9445 9538
36203 9445 9649
36204 9445 9653
36205 9446 9538
36206 9446 9652
36207 9446 9653
36208 9446 9763
36209 9446 9767
36210 9446 11312
36211 9447 9449
36212 9447 9537
36213 9447 9649
36214 9447 9650
36215 9447 9652
36216 9447 9653
36217 9448 14008
36218 9448 14015
36219 9448 14278
36220 9449 9450
36221 9449 9650
36222 9449 9652
36223 9449 10607
36224 9450 9650
36225 9450 10634
36226 9450 10635
36227 9451 9452
36228 9451 9453
36229 9451 9537
36230 9451 9649
36231 9451 10645
36232 9451 10647
36233 9452 9453
36234 9452 9534
36235 9452 9649
36236 9452 13344
36237 9453 9454
36238 9453 9599
36239 9453 9647
36240 9453 10647
36241 9453 13344
36242 9454 9530
36243 9454 9599
36244 9454 9632
36245 9454 9646
36246 9454 9647
36247 9455 9749
36248 9455 9755
36249 9455 11100
36250 9456 9526
36251 9456 9586
36252 9456 9644
36253 9456 10695
36254 9456 11673
36255 9457 10693
36256 9457 11707
36257 9457 13341
36258 9457 13467
36259 9458 14432
36260 9458 14526
36261 9459 9620
36262 9459 10037
36263 9459 10569
36264 9459 11300
36265 9460 12114
36266 9461 14255
36267 9461 14314
36268 9462 9531
36269 9462 13940
36270 9462 14343
36271 9463 9464
36272 9463 9531
36273 9463 9532
36274 9463 9536
36275 9463 9659
36276 9464 9532
36277 9464 9535
36278 9464 9536
36279 9464 9661
36280 9464 9855
36281 9465 14603
36282 9466 9473
36283 9466 9535
36284 9466 9536
36285 9466 9539
36286 9466 9675
36287 9467 9469
36288 9467 9539
36289 9467 9540
36290 9467 10773
36291 9468 13892
36292 9468 13990
36293 9469 9535
36294 9469 9539
36295 9469 9661
36296 9470 11119
36297 9470 14191
36298 9471 11807
36299 9471 13820
36300 9472 9661
36301 9473 9662
36302 9473 9674
36303 9473 9675
36304 9473 14187
36305 9474 13166
36306 9475 9480
36307 9475 9550
36308 9475 9621
36309 9475 9728
36310 9475 9769
36311 9476 9479
36312 9476 9494
36313 9477 9831
36314 9477 10307
36315 9478 12015
36316 9478 12521
36317 9478 12581
36318 9478 12586
36319 9478 12607
36320 9479 9481
36321 9479 9494
36322 9480 9494
36323 9480 9728
36324 9481 9483
36325 9481 9541
36326 9482 9660
36327 9482 9817
36328 9482 9858
36329 9483 9541
36330 9483 10059
36331 9483 12187
36332 9484 13498
36333 9484 13499
36334 9484 13501
36335 9485 9488
36336 9485 9954
36337 9485 12744
36338 9485 14921
36339 9486 9490
36340 9486 9814
36341 9486 9818
36342 9486 10800
36343 9487 9490
36344 9487 9814
36345 9488 9542
36346 9488 9587
36347 9488 9954
36348 9489 10922
36349 9490 9814
36350 9490 10800
36351 9491 9492
36352 9491 9493
36353 9491 9512
36354 9491 9577
36355 9491 10771
36356 9491 13898
36357 9492 9735
36358 9492 10544
36359 9492 10771
36360 9492 13898
36361 9493 9577
36362 9493 9579
36363 9493 9640
36364 9493 13898
36365 9495 9511
36366 9495 9558
36367 9495 9562
36368 9495 9640
36369 9495 9651
36370 9496 9497
36371 9496 9558
36372 9496 9562
36373 9496 9563
36374 9496 10048
36375 9496 10548
36376 9497 9499
36377 9497 9563
36378 9497 9639
36379 9497 10548
36380 9498 13595
36381 9498 13597
36382 9498 13599
36383 9499 9506
36384 9499 9563
36385 9499 9564
36386 9499 9571
36387 9499 9639
36388 9500 9564
36389 9500 9638
36390 9500 9639
36391 9500 10044
36392 9500 10045
36393 9501 14212
36394 9502 9503
36395 9502 9569
36396 9502 9638
36397 9502 9656
36398 9502 10494
36399 9503 9504
36400 9503 9569
36401 9503 10029
36402 9503 10494
36403 9504 9569
36404 9504 10029
36405 9505 9508
36406 9505 9654
36407 9505 9656
36408 9505 10020
36409 9505 10502
36410 9506 9508
36411 9506 9564
36412 9506 9571
36413 9506 9654
36414 9507 9562
36415 9507 9563
36416 9507 9570
36417 9507 9571
36418 9507 9572
36419 9507 9651
36420 9508 9570
36421 9508 9571
36422 9508 9654
36423 9508 10020
36424 9509 10984
36425 9509 11191
36426 9511 9578
36427 9511 9640
36428 9511 9651
36429 9511 11024
36430 9512 9577
36431 9512 9580
36432 9512 9913
36433 9512 10771
36434 9512 13038
36435 9513 13544
36436 9514 9517
36437 9514 9524
36438 9514 9585
36439 9514 9587
36440 9515 9586
36441 9515 9648
36442 9515 9913
36443 9515 11934
36444 9515 14773
36445 9516 9518
36446 9516 9551
36447 9516 9585
36448 9516 9587
36449 9516 9589
36450 9517 9519
36451 9517 9524
36452 9517 9526
36453 9517 9596
36454 9517 9648
36455 9518 9520
36456 9518 9551
36457 9518 9589
36458 9518 9637
36459 9518 11966
36460 9519 9542
36461 9519 9648
36462 9519 11934
36463 9520 9521
36464 9520 9541
36465 9520 9637
36466 9520 11966
36467 9521 9637
36468 9521 11133
36469 9522 9523
36470 9522 9636
36471 9522 9646
36472 9522 9647
36473 9522 9655
36474 9522 10808
36475 9523 9632
36476 9523 9636
36477 9523 9643
36478 9523 9646
36479 9523 10676
36480 9523 11626
36481 9524 9596
36482 9524 10680
36483 9526 9586
36484 9526 9596
36485 9526 9648
36486 9527 9529
36487 9527 9580
36488 9527 9633
36489 9527 9644
36490 9527 11673
36491 9528 11306
36492 9529 9633
36493 9529 10709
36494 9530 9599
36495 9530 9632
36496 9530 10648
36497 9530 10651
36498 9530 10675
36499 9531 9532
36500 9531 9659
36501 9531 9667
36502 9531 13940
36503 9532 9855
36504 9532 9868
36505 9532 13940
36506 9533 9862
36507 9533 9865
36508 9533 10200
36509 9533 11067
36510 9534 9655
36511 9534 13344
36512 9535 9536
36513 9535 9539
36514 9535 9661
36515 9537 9600
36516 9537 9649
36517 9537 9650
36518 9537 10645
36519 9538 9653
36520 9538 9728
36521 9538 9767
36522 9539 9675
36523 9539 10447
36524 9540 10445
36525 9540 10773
36526 9541 11966
36527 9541 12187
36528 9543 10821
36529 9545 9570
36530 9545 9572
36531 9545 10017
36532 9545 10018
36533 9545 10020
36534 9545 10601
36535 9546 12194
36536 9547 13588
36537 9547 14630
36538 9547 14640
36539 9548 9606
36540 9549 9954
36541 9549 10056
36542 9550 9621
36543 9550 10063
36544 9550 10124
36545 9551 9642
36546 9551 11966
36547 9552 9735
36548 9552 10132
36549 9552 12110
36550 9552 13038
36551 9552 14773
36552 9553 9603
36553 9553 9609
36554 9553 9759
36555 9553 9777
36556 9553 10061
36557 9553 10123
36558 9554 10132
36559 9554 11934
36560 9554 14773
36561 9555 9556
36562 9555 9619
36563 9555 10007
36564 9555 10506
36565 9556 9559
36566 9556 9560
36567 9556 9615
36568 9556 9619
36569 9556 10007
36570 9557 9620
36571 9557 11397
36572 9557 13516
36573 9558 9562
36574 9558 10048
36575 9559 9560
36576 9559 9619
36577 9559 9623
36578 9559 9751
36579 9559 9774
36580 9560 9615
36581 9560 9623
36582 9560 9624
36583 9560 12344
36584 9561 9566
36585 9561 9568
36586 9561 9574
36587 9561 10005
36588 9561 10508
36589 9562 9563
36590 9562 9651
36591 9563 9571
36592 9564 9638
36593 9564 9639
36594 9564 9654
36595 9565 9566
36596 9565 9623
36597 9565 9624
36598 9565 9750
36599 9565 9773
36600 9565 10508
36601 9566 9574
36602 9566 9750
36603 9566 9776
36604 9566 10508
36605 9567 9568
36606 9567 9576
36607 9567 9582
36608 9567 9588
36609 9567 10004
36610 9567 10612
36611 9568 9574
36612 9568 9582
36613 9568 10004
36614 9568 10005
36615 9570 9571
36616 9570 9572
36617 9570 10020
36618 9572 9578
36619 9572 9651
36620 9572 10601
36621 9573 9614
36622 9573 9616
36623 9573 9617
36624 9573 9724
36625 9573 9736
36626 9574 9582
36627 9574 9745
36628 9574 9776
36629 9575 9581
36630 9575 9724
36631 9575 10485
36632 9575 10621
36633 9575 12172
36634 9576 9584
36635 9576 9588
36636 9576 9591
36637 9576 10488
36638 9576 10612
36639 9577 9579
36640 9577 9580
36641 9578 9651
36642 9578 10601
36643 9578 10710
36644 9579 9640
36645 9579 11024
36646 9580 9644
36647 9580 9913
36648 9581 9583
36649 9581 9729
36650 9581 10026
36651 9581 10621
36652 9582 9588
36653 9582 9745
36654 9582 9782
36655 9583 9720
36656 9583 9996
36657 9583 10026
36658 9583 10621
36659 9584 9590
36660 9584 9591
36661 9584 9626
36662 9584 10003
36663 9584 10488
36664 9585 9587
36665 9585 9589
36666 9586 9644
36667 9586 9648
36668 9586 9913
36669 9587 9954
36670 9588 9591
36671 9588 9740
36672 9588 9782
36673 9589 9637
36674 9589 11600
36675 9589 12512
36676 9590 9593
36677 9590 9626
36678 9590 10002
36679 9590 10003
36680 9591 9626
36681 9591 9740
36682 9591 9783
36683 9592 11415
36684 9592 11433
36685 9592 11434
36686 9593 9737
36687 9593 10002
36688 9593 11019
36689 9593 11935
36690 9594 10442
36691 9594 11962
36692 9594 11964
36693 9594 11965
36694 9594 12950
36695 9594 13138
36696 9595 9597
36697 9595 9631
36698 9595 9750
36699 9595 9773
36700 9595 10068
36701 9595 10121
36702 9596 9634
36703 9597 9608
36704 9597 9745
36705 9597 9750
36706 9597 9776
36707 9597 10069
36708 9597 10121
36709 9598 11054
36710 9598 13865
36711 9599 10647
36712 9599 10649
36713 9599 10651
36714 9600 10634
36715 9600 10636
36716 9600 10645
36717 9601 13195
36718 9601 13374
36719 9601 13377
36720 9601 13378
36721 9602 10319
36722 9602 10320
36723 9602 10323
36724 9602 10495
36725 9603 9609
36726 9603 10123
36727 9603 10583
36728 9603 11877
36729 9604 14237
36730 9604 14294
36731 9605 9642
36732 9605 10059
36733 9605 12187
36734 9606 10059
36735 9606 10579
36736 9606 13668
36737 9607 11389
36738 9607 11559
36739 9607 11604
36740 9608 9611
36741 9608 9745
36742 9608 9782
36743 9608 10069
36744 9608 14153
36745 9609 9759
36746 9609 9765
36747 9609 10060
36748 9610 9613
36749 9610 9618
36750 9610 9627
36751 9610 9630
36752 9610 9739
36753 9610 9783
36754 9610 10070
36755 9611 9630
36756 9611 9740
36757 9611 9782
36758 9611 14153
36759 9612 10099
36760 9612 11130
36761 9613 9630
36762 9613 10070
36763 9613 10256
36764 9614 9616
36765 9614 9617
36766 9614 10078
36767 9615 10007
36768 9615 10013
36769 9615 10014
36770 9615 12344
36771 9616 9736
36772 9616 10050
36773 9616 10078
36774 9617 9729
36775 9618 9627
36776 9618 10070
36777 9618 10112
36778 9619 9774
36779 9620 10569
36780 9620 11397
36781 9620 12481
36782 9621 9769
36783 9621 10060
36784 9621 10063
36785 9621 10582
36786 9622 9779
36787 9622 10008
36788 9622 10608
36789 9622 12755
36790 9623 9624
36791 9623 9751
36792 9623 9773
36793 9624 10508
36794 9624 10610
36795 9624 12344
36796 9625 13865
36797 9626 9739
36798 9626 9783
36799 9627 9739
36800 9628 9737
36801 9628 10001
36802 9628 11816
36803 9628 11935
36804 9629 9631
36805 9629 9751
36806 9629 9774
36807 9629 10257
36808 9629 10268
36809 9630 9740
36810 9630 9783
36811 9631 9751
36812 9631 9773
36813 9631 10068
36814 9631 10257
36815 9632 9646
36816 9632 10675
36817 9632 10676
36818 9633 10700
36819 9634 10683
36820 9634 10687
36821 9635 10679
36822 9635 11600
36823 9635 12512
36824 9635 12885
36825 9636 9643
36826 9636 10808
36827 9636 11133
36828 9637 11600
36829 9638 9654
36830 9638 9656
36831 9640 11024
36832 9641 13209
36833 9642 11966
36834 9642 12187
36835 9643 10862
36836 9643 11133
36837 9643 11626
36838 9644 9913
36839 9644 11673
36840 9645 10996
36841 9645 11000
36842 9645 11579
36843 9645 13246
36844 9646 9647
36845 9647 9655
36846 9647 13344
36847 9648 11934
36848 9649 9653
36849 9652 9653
36850 9652 10607
36851 9652 11312
36852 9654 9656
36853 9655 10808
36854 9655 13344
36855 9656 10494
36856 9656 10502
36857 9657 11558
36858 9657 11564
36859 9657 11595
36860 9657 11599
36861 9657 12969
36862 9657 12971
36863 9658 9660
36864 9658 9680
36865 9658 9820
36866 9658 9854
36867 9658 9858
36868 9658 10514
36869 9659 9667
36870 9659 9674
36871 9660 9819
36872 9660 9854
36873 9660 9858
36874 9662 9674
36875 9662 12055
36876 9662 14187
36877 9663 10438
36878 9663 11968
36879 9663 12951
36880 9664 10867
36881 9664 13409
36882 9664 14172
36883 9665 9671
36884 9665 9869
36885 9665 10342
36886 9665 14172
36887 9666 10952
36888 9667 10867
36889 9668 10711
36890 9668 11129
36891 9668 11177
36892 9669 9670
36893 9669 9864
36894 9669 9869
36895 9669 10337
36896 9669 10342
36897 9670 9864
36898 9670 9869
36899 9670 11086
36900 9671 9672
36901 9671 9676
36902 9671 9869
36903 9671 11086
36904 9671 14172
36905 9672 9676
36906 9672 10867
36907 9672 14172
36908 9672 14343
36909 9673 13996
36910 9674 12055
36911 9675 10447
36912 9675 14187
36913 9676 11086
36914 9676 11087
36915 9676 14343
36916 9677 13760
36917 9677 14245
36918 9679 9867
36919 9679 11087
36920 9680 9820
36921 9680 9846
36922 9680 9940
36923 9680 10514
36924 9681 9824
36925 9681 9832
36926 9681 9851
36927 9681 9928
36928 9681 12007
36929 9682 14897
36930 9683 9684
36931 9683 9823
36932 9683 9833
36933 9683 9844
36934 9683 9934
36935 9684 9833
36936 9684 9834
36937 9684 9934
36938 9686 10328
36939 9688 9891
36940 9688 10725
36941 9688 11698
36942 9688 12885
36943 9689 9700
36944 9689 9865
36945 9690 14302
36946 9690 14304
36947 9690 14348
36948 9691 14971
36949 9693 9694
36950 9693 9695
36951 9693 9699
36952 9694 9699
36953 9694 12260
36954 9694 13044
36955 9695 10208
36956 9695 11701
36957 9695 12595
36958 9696 11195
36959 9696 11198
36960 9696 11211
36961 9696 11213
36962 9697 10139
36963 9697 10162
36964 9697 12260
36965 9698 10620
36966 9698 14458
36967 9699 13044
36968 9700 14674
36969 9701 9859
36970 9701 10231
36971 9701 10254
36972 9702 9734
36973 9702 9861
36974 9702 10092
36975 9702 10231
36976 9703 9734
36977 9703 9860
36978 9703 10235
36979 9704 12380
36980 9704 12381
36981 9705 9706
36982 9705 9711
36983 9705 9715
36984 9705 9788
36985 9705 10088
36986 9705 10105
36987 9706 9715
36988 9706 9718
36989 9706 9719
36990 9706 10088
36991 9706 10103
36992 9707 9708
36993 9707 9709
36994 9707 9711
36995 9707 9788
36996 9707 9987
36997 9707 9990
36998 9708 9709
36999 9708 9990
37000 9708 10473
37001 9708 12751
37002 9709 9710
37003 9709 9725
37004 9709 9788
37005 9710 9725
37006 9710 10091
37007 9711 9715
37008 9711 9788
37009 9711 9987
37010 9711 10475
37011 9712 10861
37012 9712 12278
37013 9713 11774
37014 9713 12839
37015 9714 10024
37016 9715 9718
37017 9715 10475
37018 9716 9717
37019 9716 9721
37020 9716 9994
37021 9716 10192
37022 9717 9721
37023 9717 10082
37024 9717 10107
37025 9717 10192
37026 9717 12257
37027 9718 9719
37028 9718 9988
37029 9718 10475
37030 9718 10646
37031 9719 9988
37032 9719 10103
37033 9720 12741
37034 9721 10107
37035 9721 10241
37036 9722 9789
37037 9723 11434
37038 9723 13151
37039 9724 9736
37040 9724 9787
37041 9724 12172
37042 9725 9786
37043 9725 9790
37044 9726 11081
37045 9727 12031
37046 9727 12286
37047 9728 9767
37048 9728 9769
37049 9729 10026
37050 9731 11800
37051 9731 13812
37052 9731 14156
37053 9732 13789
37054 9733 14446
37055 9733 14448
37056 9734 9860
37057 9734 9861
37058 9735 10544
37059 9735 10771
37060 9735 12110
37061 9735 13038
37062 9736 9787
37063 9736 10050
37064 9737 11935
37065 9738 11068
37066 9739 9783
37067 9740 9782
37068 9740 9783
37069 9741 10090
37070 9741 10235
37071 9741 10265
37072 9741 13582
37073 9742 11456
37074 9742 11595
37075 9742 11703
37076 9742 12970
37077 9742 12971
37078 9743 9793
37079 9744 10724
37080 9745 9776
37081 9745 9782
37082 9746 11870
37083 9747 9748
37084 9748 9795
37085 9749 9752
37086 9749 9755
37087 9749 14065
37088 9750 9773
37089 9750 9776
37090 9751 9773
37091 9751 9774
37092 9752 10890
37093 9752 14065
37094 9753 10930
37095 9753 13217
37096 9753 13338
37097 9754 9757
37098 9754 9777
37099 9754 10507
37100 9754 11312
37101 9755 11100
37102 9756 12195
37103 9756 12199
37104 9756 12224
37105 9756 12226
37106 9756 12228
37107 9756 12230
37108 9757 9759
37109 9757 9763
37110 9757 9777
37111 9757 11312
37112 9758 9760
37113 9759 9763
37114 9759 9765
37115 9759 9777
37116 9761 14625
37117 9762 9764
37118 9763 9765
37119 9763 9767
37120 9763 11312
37121 9765 9767
37122 9765 9769
37123 9765 10060
37124 9766 9768
37125 9766 9801
37126 9767 9769
37127 9769 10060
37128 9772 13646
37129 9774 10268
37130 9777 10061
37131 9778 12755
37132 9779 10062
37133 9780 12498
37134 9781 10321
37135 9781 12113
37136 9781 13086
37137 9784 12473
37138 9785 14331
37139 9786 9790
37140 9786 10085
37141 9786 10089
37142 9787 12172
37143 9787 12473
37144 9788 10105
37145 9789 9848
37146 9789 10084
37147 9789 10241
37148 9790 11390
37149 9792 9845
37150 9792 11230
37151 9793 12500
37152 9794 11229
37153 9796 11094
37154 9797 11221
37155 9798 10404
37156 9798 10410
37157 9798 11272
37158 9799 11103
37159 9799 14794
37160 9800 11290
37161 9800 14438
37162 9800 14794
37163 9801 11283
37164 9801 11284
37165 9801 14434
37166 9802 10407
37167 9802 13857
37168 9802 14140
37169 9803 9924
37170 9803 13506
37171 9804 12851
37172 9804 13376
37173 9805 9809
37174 9805 14280
37175 9806 13731
37176 9806 13736
37177 9806 13737
37178 9806 13959
37179 9807 10417
37180 9807 11060
37181 9807 13770
37182 9808 14946
37183 9808 15001
37184 9809 10843
37185 9809 10844
37186 9809 14244
37187 9810 10992
37188 9811 11260
37189 9813 11079
37190 9814 9818
37191 9814 11123
37192 9815 11050
37193 9815 13468
37194 9816 14559
37195 9817 9857
37196 9818 9942
37197 9818 11123
37198 9819 9854
37199 9820 9830
37200 9820 9854
37201 9820 9940
37202 9821 9824
37203 9821 12007
37204 9822 9829
37205 9822 9940
37206 9823 9934
37207 9823 9936
37208 9824 9851
37209 9824 12007
37210 9825 9934
37211 9825 10597
37212 9826 11105
37213 9826 11723
37214 9826 14598
37215 9827 11505
37216 9827 13358
37217 9829 9830
37218 9829 9940
37219 9830 9854
37220 9830 9940
37221 9830 11092
37222 9831 10307
37223 9831 10515
37224 9832 9928
37225 9832 11263
37226 9832 12007
37227 9833 9834
37228 9833 9844
37229 9833 11265
37230 9835 13915
37231 9838 11407
37232 9838 12043
37233 9839 10324
37234 9839 11941
37235 9839 11942
37236 9839 12937
37237 9839 13084
37238 9840 13207
37239 9841 14017
37240 9841 14069
37241 9842 13624
37242 9842 13644
37243 9843 11395
37244 9844 9928
37245 9844 11265
37246 9846 10514
37247 9847 11186
37248 9848 10084
37249 9848 10085
37250 9848 10239
37251 9848 13853
37252 9849 10192
37253 9849 10483
37254 9849 12257
37255 9849 13389
37256 9851 9936
37257 9852 9870
37258 9852 10769
37259 9855 9868
37260 9856 14087
37261 9857 10513
37262 9857 10800
37263 9858 10514
37264 9858 11258
37265 9859 9862
37266 9859 9863
37267 9860 9861
37268 9860 9894
37269 9861 9863
37270 9862 9863
37271 9862 11067
37272 9866 12377
37273 9867 10754
37274 9868 13940
37275 9869 10342
37276 9869 11086
37277 9870 11053
37278 9872 10071
37279 9872 10072
37280 9872 10296
37281 9872 11417
37282 9872 14207
37283 9874 9884
37284 9874 14059
37285 9874 14075
37286 9875 13761
37287 9877 13331
37288 9877 13333
37289 9878 9894
37290 9878 10148
37291 9878 10150
37292 9879 14099
37293 9880 14999
37294 9880 15000
37295 9881 14397
37296 9882 10006
37297 9882 13682
37298 9883 11040
37299 9885 10178
37300 9885 14440
37301 9886 13231
37302 9887 14273
37303 9887 14496
37304 9888 11221
37305 9888 14924
37306 9889 9890
37307 9889 10754
37308 9890 10754
37309 9891 11698
37310 9892 11915
37311 9892 11916
37312 9892 12659
37313 9892 12661
37314 9892 12872
37315 9893 14086
37316 9894 9986
37317 9894 9988
37318 9894 10148
37319 9895 10729
37320 9895 10797
37321 9895 11199
37322 9895 14363
37323 9896 9897
37324 9896 10658
37325 9896 10670
37326 9896 10672
37327 9897 10656
37328 9897 10658
37329 9897 10660
37330 9897 10663
37331 9897 10670
37332 9898 14890
37333 9898 14891
37334 9899 9903
37335 9899 10656
37336 9899 10660
37337 9899 10661
37338 9900 13495
37339 9900 13698
37340 9901 10660
37341 9901 10661
37342 9901 10663
37343 9901 10734
37344 9901 13411
37345 9903 10661
37346 9903 10666
37347 9904 14743
37348 9904 14744
37349 9905 9907
37350 9905 9909
37351 9906 11080
37352 9906 14975
37353 9907 9909
37354 9907 10666
37355 9907 10744
37356 9908 9910
37357 9908 9914
37358 9908 11080
37359 9908 14975
37360 9909 10731
37361 9909 14975
37362 9910 9914
37363 9911 9916
37364 9911 10669
37365 9913 13038
37366 9915 11391
37367 9915 13721
37368 9915 13801
37369 9917 14855
37370 9918 10734
37371 9918 10744
37372 9918 12302
37373 9919 13870
37374 9920 10877
37375 9920 11199
37376 9921 10735
37377 9921 10746
37378 9921 13338
37379 9921 14332
37380 9923 10932
37381 9923 12811
37382 9923 12850
37383 9923 13338
37384 9924 14465
37385 9925 9927
37386 9925 10737
37387 9925 10746
37388 9926 13230
37389 9926 13403
37390 9926 13450
37391 9927 9929
37392 9927 10737
37393 9927 10739
37394 9927 10741
37395 9928 11263
37396 9929 9948
37397 9929 10401
37398 9929 10739
37399 9929 10741
37400 9930 10195
37401 9930 12595
37402 9930 14159
37403 9931 14880
37404 9932 12827
37405 9932 13185
37406 9933 11632
37407 9933 11680
37408 9933 13449
37409 9933 13451
37410 9933 14399
37411 9935 9944
37412 9935 10187
37413 9935 10766
37414 9935 14772
37415 9937 10760
37416 9938 9950
37417 9938 12128
37418 9938 12788
37419 9939 14386
37420 9941 10175
37421 9941 10180
37422 9941 10766
37423 9943 10745
37424 9943 11079
37425 9943 11227
37426 9943 11228
37427 9944 9948
37428 9944 10766
37429 9944 14772
37430 9945 11017
37431 9945 11018
37432 9945 11037
37433 9946 10923
37434 9946 11359
37435 9947 10377
37436 9947 10401
37437 9947 10739
37438 9948 10401
37439 9948 10402
37440 9949 9950
37441 9949 10187
37442 9950 12128
37443 9950 12637
37444 9951 10374
37445 9951 10377
37446 9951 14097
37447 9952 9953
37448 9952 10372
37449 9952 10374
37450 9952 14097
37451 9953 10372
37452 9953 11147
37453 9955 9956
37454 9955 10198
37455 9955 10200
37456 9955 10370
37457 9957 10145
37458 9957 10403
37459 9957 10733
37460 9957 12046
37461 9958 10733
37462 9958 11054
37463 9959 11080
37464 9959 12057
37465 9959 14259
37466 9961 9963
37467 9961 9964
37468 9961 10463
37469 9961 10650
37470 9961 10738
37471 9962 9963
37472 9962 10367
37473 9962 10476
37474 9962 10650
37475 9962 10652
37476 9962 10653
37477 9963 9964
37478 9963 10367
37479 9963 10650
37480 9964 9965
37481 9965 9983
37482 9965 10365
37483 9966 9977
37484 9966 9983
37485 9966 10365
37486 9966 10668
37487 9966 14461
37488 9968 11429
37489 9969 9970
37490 9969 10362
37491 9969 10985
37492 9970 10362
37493 9970 10464
37494 9970 10665
37495 9971 10464
37496 9971 10665
37497 9971 10694
37498 9971 10696
37499 9971 10698
37500 9972 10614
37501 9972 10696
37502 9972 10701
37503 9972 11239
37504 9972 13819
37505 9973 9985
37506 9973 10465
37507 9973 10481
37508 9973 12347
37509 9974 9976
37510 9974 11029
37511 9974 12347
37512 9976 9985
37513 9976 10662
37514 9976 11815
37515 9977 10363
37516 9977 10668
37517 9977 14461
37518 9978 9980
37519 9978 10479
37520 9978 10659
37521 9978 11815
37522 9979 9982
37523 9979 10477
37524 9979 10478
37525 9979 10479
37526 9980 10985
37527 9980 11815
37528 9980 12547
37529 9981 10362
37530 9981 10464
37531 9981 10662
37532 9982 10363
37533 9982 10479
37534 9982 10668
37535 9983 10365
37536 9983 10668
37537 9984 9986
37538 9984 10147
37539 9984 10148
37540 9984 10463
37541 9984 10650
37542 9984 10652
37543 9985 10481
37544 9985 10662
37545 9986 9988
37546 9986 10148
37547 9986 10646
37548 9986 10652
37549 9987 9990
37550 9987 10474
37551 9987 10475
37552 9987 10643
37553 9988 10646
37554 9989 13531
37555 9989 13952
37556 9990 10473
37557 9990 10474
37558 9990 10639
37559 9991 11026
37560 9992 9995
37561 9992 10473
37562 9992 10477
37563 9992 10639
37564 9992 13476
37565 9993 10480
37566 9993 10640
37567 9993 10659
37568 9993 11029
37569 9993 13614
37570 9994 10192
37571 9994 10480
37572 9995 10473
37573 9995 10477
37574 9995 10478
37575 9995 10482
37576 9995 12751
37577 9996 10465
37578 9996 10621
37579 9996 11007
37580 9997 10485
37581 9997 10614
37582 9997 10619
37583 9998 10805
37584 9999 10001
37585 9999 10703
37586 10000 10898
37587 10000 13368
37588 10001 10615
37589 10001 11935
37590 10002 10003
37591 10002 10609
37592 10002 10705
37593 10002 11019
37594 10003 10488
37595 10003 10609
37596 10003 10707
37597 10004 10005
37598 10004 10602
37599 10004 10604
37600 10004 10612
37601 10004 10708
37602 10005 10015
37603 10005 10508
37604 10005 10602
37605 10006 13597
37606 10006 13682
37607 10007 10013
37608 10007 10506
37609 10007 10509
37610 10008 10009
37611 10008 10507
37612 10008 10608
37613 10009 10010
37614 10009 10507
37615 10009 10607
37616 10011 11371
37617 10011 11670
37618 10012 10013
37619 10012 10014
37620 10012 10503
37621 10012 10605
37622 10012 10637
37623 10012 12965
37624 10013 10014
37625 10013 10509
37626 10013 10605
37627 10014 10503
37628 10014 10610
37629 10014 12344
37630 10015 10016
37631 10015 10503
37632 10015 10508
37633 10015 10602
37634 10015 10610
37635 10016 10503
37636 10016 10602
37637 10016 10627
37638 10016 10637
37639 10017 10018
37640 10017 10601
37641 10017 10654
37642 10017 12687
37643 10017 12692
37644 10017 12862
37645 10018 10019
37646 10018 10020
37647 10018 12687
37648 10018 12861
37649 10019 10020
37650 10019 10021
37651 10019 12861
37652 10019 14717
37653 10021 10022
37654 10021 12682
37655 10021 12860
37656 10021 12861
37657 10021 14717
37658 10022 10023
37659 10022 10498
37660 10022 12682
37661 10022 14717
37662 10023 10498
37663 10023 10502
37664 10023 14364
37665 10023 14717
37666 10024 12603
37667 10025 13332
37668 10025 13400
37669 10025 13460
37670 10026 13307
37671 10027 10498
37672 10027 12025
37673 10027 12678
37674 10027 12858
37675 10027 14364
37676 10028 10365
37677 10028 14461
37678 10029 10030
37679 10029 10496
37680 10030 10496
37681 10030 10510
37682 10030 12536
37683 10031 10032
37684 10031 10033
37685 10031 10039
37686 10031 10040
37687 10031 10510
37688 10031 10511
37689 10032 10033
37690 10032 10039
37691 10032 12072
37692 10033 10510
37693 10033 12539
37694 10034 10872
37695 10034 14009
37696 10035 10036
37697 10035 10519
37698 10035 12524
37699 10035 12530
37700 10036 10519
37701 10036 12524
37702 10036 13031
37703 10037 11160
37704 10037 11300
37705 10038 10321
37706 10038 10521
37707 10039 10040
37708 10039 10557
37709 10039 12072
37710 10040 10511
37711 10040 10554
37712 10040 10556
37713 10040 11969
37714 10041 11066
37715 10042 14807
37716 10042 14811
37717 10042 14812
37718 10043 11436
37719 10044 10045
37720 10044 10552
37721 10045 10312
37722 10045 10552
37723 10046 11614
37724 10046 11694
37725 10046 13466
37726 10047 10548
37727 10047 10549
37728 10047 11565
37729 10048 10548
37730 10048 11565
37731 10049 13898
37732 10050 10076
37733 10051 10055
37734 10051 10544
37735 10051 11841
37736 10051 12110
37737 10052 10131
37738 10052 10578
37739 10052 14921
37740 10053 10131
37741 10053 12744
37742 10054 11679
37743 10054 11681
37744 10054 13463
37745 10054 13464
37746 10054 14402
37747 10055 10132
37748 10055 10547
37749 10055 12110
37750 10056 10282
37751 10056 12357
37752 10057 10580
37753 10057 13668
37754 10058 10124
37755 10058 10527
37756 10058 10561
37757 10058 10579
37758 10059 12187
37759 10059 13668
37760 10060 10582
37761 10061 10062
37762 10061 10123
37763 10063 10301
37764 10063 10562
37765 10063 10582
37766 10064 10298
37767 10064 10717
37768 10064 11303
37769 10064 12874
37770 10064 14421
37771 10065 10717
37772 10065 12874
37773 10066 10257
37774 10066 10259
37775 10066 10537
37776 10066 10764
37777 10067 13649
37778 10068 10117
37779 10068 10121
37780 10068 10257
37781 10069 10071
37782 10069 10115
37783 10069 10121
37784 10069 14153
37785 10070 10256
37786 10071 10072
37787 10071 10115
37788 10071 14153
37789 10071 14207
37790 10072 10256
37791 10072 14153
37792 10073 10835
37793 10073 14728
37794 10073 14729
37795 10074 10912
37796 10074 14476
37797 10075 10076
37798 10077 10252
37799 10078 11799
37800 10079 10245
37801 10079 10247
37802 10079 12008
37803 10080 10081
37804 10080 10083
37805 10081 10083
37806 10081 10245
37807 10081 12008
37808 10081 12741
37809 10082 10107
37810 10082 10109
37811 10082 12257
37812 10082 13389
37813 10083 10245
37814 10083 10284
37815 10083 10287
37816 10084 10239
37817 10084 10272
37818 10085 10089
37819 10085 13853
37820 10086 10239
37821 10086 10271
37822 10086 10275
37823 10086 12634
37824 10086 13853
37825 10087 10091
37826 10087 10104
37827 10087 10105
37828 10087 12722
37829 10088 10103
37830 10088 10104
37831 10088 10105
37832 10089 12634
37833 10089 13853
37834 10090 10235
37835 10090 10263
37836 10090 13582
37837 10091 12722
37838 10092 10093
37839 10092 10231
37840 10093 10094
37841 10094 10101
37842 10094 10260
37843 10094 10261
37844 10095 10100
37845 10095 10255
37846 10095 14674
37847 10096 11222
37848 10096 11223
37849 10096 13347
37850 10097 11015
37851 10097 11638
37852 10097 12802
37853 10098 11167
37854 10100 12622
37855 10101 10254
37856 10101 10260
37857 10101 12622
37858 10102 14525
37859 10102 14545
37860 10104 10105
37861 10104 11995
37862 10104 12722
37863 10104 14290
37864 10106 10107
37865 10106 10109
37866 10106 10241
37867 10106 10272
37868 10106 10276
37869 10106 10575
37870 10107 10109
37871 10107 10241
37872 10108 10364
37873 10108 14044
37874 10108 14045
37875 10108 14047
37876 10108 14048
37877 10109 10572
37878 10109 10575
37879 10110 13214
37880 10110 13447
37881 10110 14212
37882 10111 10113
37883 10111 10215
37884 10111 10216
37885 10111 11641
37886 10111 11699
37887 10112 11070
37888 10113 10214
37889 10113 10215
37890 10113 11699
37891 10113 12017
37892 10113 12021
37893 10114 10209
37894 10114 10214
37895 10114 12041
37896 10114 12042
37897 10114 13335
37898 10115 10117
37899 10115 10121
37900 10115 14207
37901 10116 10188
37902 10116 10209
37903 10116 10210
37904 10116 12022
37905 10116 12024
37906 10117 10121
37907 10118 11704
37908 10118 14408
37909 10118 14418
37910 10118 14456
37911 10119 10184
37912 10119 11531
37913 10120 10715
37914 10120 11061
37915 10122 10126
37916 10122 10183
37917 10122 10258
37918 10123 10533
37919 10123 11877
37920 10125 10183
37921 10125 12029
37922 10126 10127
37923 10126 10179
37924 10126 10183
37925 10126 12032
37926 10127 10136
37927 10127 10179
37928 10127 12588
37929 10128 10176
37930 10128 10179
37931 10128 12028
37932 10128 12575
37933 10128 14349
37934 10129 10135
37935 10129 10170
37936 10129 10176
37937 10129 12588
37938 10131 10578
37939 10131 12744
37940 10131 14921
37941 10132 12110
37942 10132 14773
37943 10133 10227
37944 10133 10972
37945 10133 12573
37946 10133 12980
37947 10133 12982
37948 10134 10135
37949 10134 10172
37950 10134 10222
37951 10134 10227
37952 10134 10972
37953 10134 12244
37954 10135 10170
37955 10135 10222
37956 10135 10227
37957 10136 10137
37958 10136 10168
37959 10136 10225
37960 10136 12588
37961 10137 10166
37962 10137 10168
37963 10137 10223
37964 10137 10225
37965 10138 10166
37966 10138 10170
37967 10138 10222
37968 10138 10225
37969 10138 11991
37970 10139 10164
37971 10139 11991
37972 10139 12260
37973 10139 13044
37974 10140 13765
37975 10141 10160
37976 10141 10162
37977 10141 10220
37978 10141 11491
37979 10143 10144
37980 10143 10169
37981 10143 10171
37982 10143 10218
37983 10144 10169
37984 10144 10217
37985 10144 10218
37986 10144 14158
37987 10145 10150
37988 10145 10403
37989 10145 11067
37990 10145 12046
37991 10146 10603
37992 10146 10712
37993 10147 10148
37994 10147 10150
37995 10147 10463
37996 10147 10740
37997 10147 12046
37998 10148 10150
37999 10149 12251
38000 10149 12321
38001 10149 12580
38002 10150 12046
38003 10151 11187
38004 10152 10153
38005 10152 10161
38006 10152 10163
38007 10152 10201
38008 10152 10202
38009 10152 10205
38010 10152 11876
38011 10153 10201
38012 10153 10205
38013 10153 10217
38014 10153 12142
38015 10153 14158
38016 10154 10211
38017 10155 11034
38018 10156 10181
38019 10156 10189
38020 10156 10193
38021 10156 14701
38022 10158 10159
38023 10158 10177
38024 10158 10219
38025 10158 12189
38026 10159 10177
38027 10159 10219
38028 10159 14695
38029 10160 10219
38030 10160 10220
38031 10160 12183
38032 10160 12185
38033 10161 10202
38034 10161 10755
38035 10161 11876
38036 10161 12466
38037 10162 10220
38038 10163 10205
38039 10163 10981
38040 10163 11876
38041 10163 12636
38042 10163 12913
38043 10164 10222
38044 10164 11991
38045 10164 12242
38046 10164 12244
38047 10165 11435
38048 10165 11437
38049 10165 14504
38050 10166 10223
38051 10166 10225
38052 10168 10258
38053 10169 10171
38054 10169 10205
38055 10169 10981
38056 10169 12821
38057 10169 14158
38058 10170 10222
38059 10170 10225
38060 10170 12588
38061 10171 12821
38062 10172 10226
38063 10172 10972
38064 10172 12179
38065 10172 12244
38066 10172 14512
38067 10173 10175
38068 10173 10177
38069 10173 10180
38070 10174 11484
38071 10174 12496
38072 10175 10180
38073 10176 12574
38074 10176 12575
38075 10177 14695
38076 10178 10852
38077 10179 12032
38078 10179 14349
38079 10181 10189
38080 10181 10191
38081 10181 11491
38082 10181 14701
38083 10182 11840
38084 10182 11959
38085 10182 11963
38086 10182 11964
38087 10183 12032
38088 10184 11162
38089 10184 11531
38090 10185 14701
38091 10186 10796
38092 10186 11273
38093 10187 10743
38094 10188 10210
38095 10188 12304
38096 10189 10193
38097 10189 11491
38098 10189 14695
38099 10190 10208
38100 10190 10213
38101 10190 11701
38102 10191 11491
38103 10192 10483
38104 10192 12257
38105 10193 14695
38106 10195 10198
38107 10195 12595
38108 10196 11754
38109 10196 12717
38110 10196 14038
38111 10197 12633
38112 10197 13159
38113 10198 10200
38114 10198 10370
38115 10201 10202
38116 10201 12142
38117 10201 12195
38118 10202 12195
38119 10202 12228
38120 10202 12466
38121 10203 14993
38122 10204 12797
38123 10204 12856
38124 10204 13223
38125 10204 13340
38126 10205 10981
38127 10205 14158
38128 10206 14252
38129 10207 10832
38130 10208 10213
38131 10208 11701
38132 10208 12595
38133 10209 10210
38134 10209 12024
38135 10209 12041
38136 10209 13335
38137 10210 13335
38138 10211 14250
38139 10212 11185
38140 10213 10372
38141 10213 14097
38142 10213 14159
38143 10214 10215
38144 10214 12021
38145 10214 12042
38146 10215 10825
38147 10216 11641
38148 10216 11699
38149 10216 12015
38150 10217 12142
38151 10217 13851
38152 10217 14158
38153 10218 12234
38154 10219 12185
38155 10219 12189
38156 10219 12238
38157 10220 12183
38158 10220 12242
38159 10221 11405
38160 10221 13482
38161 10222 11991
38162 10222 12244
38163 10224 13833
38164 10225 12588
38165 10226 10972
38166 10226 12033
38167 10226 12179
38168 10226 12982
38169 10227 10972
38170 10227 12573
38171 10228 11124
38172 10228 14858
38173 10229 11012
38174 10229 12956
38175 10230 14556
38176 10230 14672
38177 10231 10254
38178 10232 10233
38179 10232 10908
38180 10232 10950
38181 10233 10234
38182 10233 10907
38183 10233 10908
38184 10234 10907
38185 10234 14892
38186 10236 10238
38187 10236 10586
38188 10236 10587
38189 10238 10587
38190 10239 10271
38191 10239 13853
38192 10242 13264
38193 10242 13336
38194 10243 11783
38195 10243 13590
38196 10243 13688
38197 10243 13905
38198 10244 10246
38199 10245 12008
38200 10246 10589
38201 10247 10290
38202 10247 11799
38203 10248 10894
38204 10248 10901
38205 10248 14367
38206 10249 12229
38207 10249 12231
38208 10250 10904
38209 10250 10954
38210 10252 11070
38211 10252 12053
38212 10253 11247
38213 10253 11439
38214 10253 13259
38215 10255 14674
38216 10259 10267
38217 10259 10537
38218 10259 11303
38219 10260 10261
38220 10260 12622
38221 10261 10263
38222 10262 14515
38223 10263 13582
38224 10264 11591
38225 10264 12721
38226 10264 14819
38227 10265 10273
38228 10265 13582
38229 10266 10940
38230 10266 12004
38231 10266 12049
38232 10267 10268
38233 10267 10717
38234 10267 11303
38235 10269 14728
38236 10269 14731
38237 10271 10275
38238 10271 10581
38239 10271 13356
38240 10272 10276
38241 10272 10388
38242 10273 11995
38243 10275 13356
38244 10275 13408
38245 10276 10277
38246 10276 10388
38247 10276 10575
38248 10276 10749
38249 10277 10278
38250 10277 10575
38251 10277 10749
38252 10277 10916
38253 10278 10279
38254 10278 10420
38255 10278 10572
38256 10278 10575
38257 10279 10420
38258 10279 10792
38259 10280 14046
38260 10281 10283
38261 10281 10285
38262 10281 10290
38263 10282 10580
38264 10282 12357
38265 10283 10284
38266 10283 10285
38267 10284 10287
38268 10284 11394
38269 10285 10290
38270 10285 10292
38271 10287 10792
38272 10287 11394
38273 10288 11610
38274 10289 10421
38275 10289 10573
38276 10289 11245
38277 10290 10292
38278 10290 11799
38279 10291 10419
38280 10291 11979
38281 10292 10416
38282 10293 10294
38283 10293 14194
38284 10294 11690
38285 10294 14194
38286 10295 12441
38287 10295 14831
38288 10296 10539
38289 10296 11417
38290 10296 14207
38291 10297 10453
38292 10297 10566
38293 10297 10764
38294 10298 10454
38295 10298 10565
38296 10298 14421
38297 10299 10535
38298 10300 10531
38299 10300 10563
38300 10301 10529
38301 10301 10561
38302 10301 10562
38303 10302 10355
38304 10302 10358
38305 10302 10527
38306 10302 10529
38307 10302 10561
38308 10303 10304
38309 10303 10349
38310 10303 10525
38311 10303 10578
38312 10303 11448
38313 10303 13610
38314 10304 10350
38315 10304 10523
38316 10304 10525
38317 10304 11448
38318 10305 10311
38319 10305 10348
38320 10305 10469
38321 10305 11841
38322 10306 10933
38323 10306 10965
38324 10306 11265
38325 10306 11266
38326 10307 11262
38327 10308 10961
38328 10308 11262
38329 10309 10346
38330 10309 10470
38331 10309 10526
38332 10309 10657
38333 10310 10312
38334 10310 10313
38335 10310 10499
38336 10310 10505
38337 10311 10522
38338 10312 10313
38339 10312 10314
38340 10312 10552
38341 10313 10314
38342 10313 10315
38343 10313 10329
38344 10313 10505
38345 10314 10315
38346 10314 10316
38347 10314 10552
38348 10314 14436
38349 10315 10316
38350 10315 10317
38351 10315 10327
38352 10315 10329
38353 10316 10317
38354 10316 14436
38355 10317 10318
38356 10317 10326
38357 10317 10327
38358 10317 10553
38359 10318 10319
38360 10318 10326
38361 10318 10495
38362 10318 10553
38363 10319 10320
38364 10319 10495
38365 10319 10553
38366 10320 10556
38367 10321 10557
38368 10321 12113
38369 10322 10876
38370 10322 10924
38371 10323 10492
38372 10323 10495
38373 10323 11943
38374 10323 12937
38375 10324 12312
38376 10324 12937
38377 10324 13084
38378 10325 13256
38379 10325 13333
38380 10326 10327
38381 10326 10491
38382 10326 10492
38383 10326 10495
38384 10327 10329
38385 10327 10490
38386 10327 10491
38387 10328 12739
38388 10329 10489
38389 10329 10490
38390 10329 10505
38391 10330 10331
38392 10330 10334
38393 10330 10493
38394 10330 10504
38395 10330 10540
38396 10330 10542
38397 10331 10334
38398 10331 10335
38399 10331 10493
38400 10331 13131
38401 10332 14713
38402 10334 10335
38403 10334 10338
38404 10334 10540
38405 10334 10765
38406 10335 10765
38407 10335 11161
38408 10335 11951
38409 10335 13131
38410 10336 10337
38411 10336 10989
38412 10336 12207
38413 10338 10341
38414 10338 10536
38415 10338 10540
38416 10338 10765
38417 10339 11069
38418 10339 11232
38419 10339 13733
38420 10339 13816
38421 10339 14727
38422 10341 10343
38423 10341 10345
38424 10341 10446
38425 10341 10536
38426 10341 10765
38427 10342 12207
38428 10343 10344
38429 10343 10446
38430 10343 10530
38431 10343 10536
38432 10344 10446
38433 10344 10471
38434 10344 10530
38435 10344 10657
38436 10344 13135
38437 10345 10446
38438 10345 10765
38439 10345 11953
38440 10345 13132
38441 10346 10470
38442 10346 10471
38443 10346 10657
38444 10346 11961
38445 10347 11246
38446 10348 10350
38447 10348 10352
38448 10348 10469
38449 10349 10442
38450 10349 10444
38451 10349 11448
38452 10349 11965
38453 10349 13610
38454 10350 10352
38455 10350 11316
38456 10350 11448
38457 10351 10438
38458 10351 10440
38459 10351 10467
38460 10352 11316
38461 10353 12843
38462 10354 13568
38463 10354 13570
38464 10355 10358
38465 10355 10360
38466 10355 10434
38467 10355 10529
38468 10355 11065
38469 10356 10358
38470 10356 10360
38471 10356 10466
38472 10356 11517
38473 10356 11970
38474 10357 11210
38475 10357 12079
38476 10358 10360
38477 10359 10430
38478 10359 10432
38479 10359 10450
38480 10360 11065
38481 10360 11970
38482 10360 12080
38483 10361 13265
38484 10361 13719
38485 10362 10464
38486 10362 10662
38487 10362 10985
38488 10363 10668
38489 10363 12547
38490 10364 14043
38491 10364 14044
38492 10364 14048
38493 10365 14461
38494 10366 10451
38495 10366 10452
38496 10366 10454
38497 10367 10476
38498 10367 13476
38499 10368 10424
38500 10368 10452
38501 10368 11985
38502 10368 13141
38503 10369 10456
38504 10371 13599
38505 10371 13675
38506 10371 14183
38507 10372 14097
38508 10372 14159
38509 10373 10458
38510 10373 10460
38511 10374 10377
38512 10374 14097
38513 10375 14629
38514 10376 13993
38515 10378 10379
38516 10378 10382
38517 10378 10400
38518 10379 10543
38519 10380 11226
38520 10380 11230
38521 10380 11231
38522 10380 11232
38523 10380 14727
38524 10381 10398
38525 10381 11690
38526 10381 11993
38527 10382 10400
38528 10383 10388
38529 10383 10428
38530 10383 10581
38531 10383 10749
38532 10383 11071
38533 10384 10386
38534 10384 10396
38535 10384 10411
38536 10384 10801
38537 10385 11828
38538 10385 14328
38539 10386 10801
38540 10387 11993
38541 10388 10581
38542 10388 10749
38543 10389 14002
38544 10389 14149
38545 10390 11854
38546 10391 10396
38547 10391 10857
38548 10391 10960
38549 10392 10394
38550 10392 10395
38551 10392 10412
38552 10392 12285
38553 10393 10397
38554 10394 10395
38555 10394 10896
38556 10394 10957
38557 10395 14763
38558 10396 10411
38559 10397 12014
38560 10399 10829
38561 10401 10402
38562 10401 10739
38563 10402 14701
38564 10403 11067
38565 10404 10410
38566 10405 12475
38567 10405 14431
38568 10406 10460
38569 10407 13857
38570 10407 14140
38571 10408 11940
38572 10408 12154
38573 10408 12693
38574 10408 14208
38575 10409 12001
38576 10409 12005
38577 10411 10459
38578 10412 12285
38579 10413 13250
38580 10413 13946
38581 10413 14177
38582 10413 14896
38583 10414 10415
38584 10414 11394
38585 10415 10792
38586 10415 11394
38587 10416 11977
38588 10417 11060
38589 10417 13164
38590 10417 13254
38591 10418 14687
38592 10419 10421
38593 10419 11979
38594 10420 11338
38595 10420 14442
38596 10422 10426
38597 10422 10916
38598 10422 12010
38599 10422 12592
38600 10423 10425
38601 10423 10427
38602 10424 10452
38603 10424 11978
38604 10424 11985
38605 10424 12073
38606 10425 10864
38607 10425 10946
38608 10426 10428
38609 10426 12010
38610 10426 12045
38611 10427 10429
38612 10427 10947
38613 10428 11071
38614 10428 12011
38615 10428 12045
38616 10429 10431
38617 10429 10863
38618 10429 10947
38619 10430 10432
38620 10430 10436
38621 10431 10433
38622 10431 10863
38623 10431 10949
38624 10432 10436
38625 10432 11210
38626 10432 11974
38627 10433 10435
38628 10433 10949
38629 10434 10529
38630 10434 11065
38631 10436 11210
38632 10438 10467
38633 10438 11968
38634 10439 10441
38635 10439 10759
38636 10439 10951
38637 10439 11218
38638 10441 10759
38639 10442 11316
38640 10442 11448
38641 10442 11962
38642 10442 11965
38643 10443 13672
38644 10444 11965
38645 10444 13610
38646 10445 10773
38647 10446 13135
38648 10448 10449
38649 10448 14107
38650 10449 14107
38651 10451 10452
38652 10451 11978
38653 10451 11981
38654 10452 10454
38655 10452 11978
38656 10453 10798
38657 10453 12087
38658 10454 10565
38659 10455 13680
38660 10456 12087
38661 10457 13727
38662 10461 11357
38663 10462 13776
38664 10462 13777
38665 10462 13782
38666 10463 10650
38667 10463 10738
38668 10463 10740
38669 10464 10665
38670 10465 10481
38671 10465 11007
38672 10466 10468
38673 10466 11517
38674 10466 11971
38675 10467 10468
38676 10467 11968
38677 10468 11971
38678 10469 10470
38679 10469 12743
38680 10470 12743
38681 10471 10657
38682 10471 11961
38683 10471 13135
38684 10472 13678
38685 10473 10639
38686 10473 12751
38687 10474 10476
38688 10474 10639
38689 10474 10643
38690 10474 10653
38691 10475 10643
38692 10475 10646
38693 10476 10639
38694 10476 10653
38695 10476 13476
38696 10477 10478
38697 10478 10479
38698 10478 10482
38699 10479 10659
38700 10480 11029
38701 10480 13614
38702 10481 13819
38703 10482 12751
38704 10483 10642
38705 10483 13962
38706 10484 10752
38707 10484 11420
38708 10484 11542
38709 10484 11543
38710 10484 11544
38711 10485 10619
38712 10485 10621
38713 10485 12172
38714 10486 13881
38715 10487 14060
38716 10487 14919
38717 10488 10606
38718 10488 10612
38719 10488 10707
38720 10489 10490
38721 10489 10501
38722 10489 10505
38723 10489 11946
38724 10489 13129
38725 10490 10491
38726 10490 11946
38727 10490 12939
38728 10491 10492
38729 10491 12939
38730 10491 13128
38731 10492 10495
38732 10492 11943
38733 10492 13128
38734 10493 10500
38735 10493 10504
38736 10493 13130
38737 10493 13131
38738 10494 10502
38739 10496 12536
38740 10496 14076
38741 10497 10594
38742 10497 13979
38743 10497 14019
38744 10498 12678
38745 10498 12682
38746 10498 14364
38747 10499 10500
38748 10499 10501
38749 10499 10504
38750 10499 10505
38751 10500 10501
38752 10500 10504
38753 10500 11947
38754 10500 13130
38755 10501 10505
38756 10501 11947
38757 10501 13129
38758 10502 14717
38759 10503 10610
38760 10503 10637
38761 10504 10542
38762 10506 10509
38763 10507 10607
38764 10507 11312
38765 10508 10610
38766 10509 10605
38767 10510 10511
38768 10510 12536
38769 10510 12539
38770 10511 11969
38771 10512 10970
38772 10512 14000
38773 10513 10800
38774 10514 11258
38775 10515 10966
38776 10515 10967
38777 10517 10518
38778 10517 10521
38779 10517 12072
38780 10518 12529
38781 10518 12530
38782 10519 12361
38783 10519 13031
38784 10522 10526
38785 10522 10528
38786 10523 10525
38787 10523 10547
38788 10523 11841
38789 10524 14024
38790 10525 10547
38791 10525 10578
38792 10526 10528
38793 10526 10530
38794 10526 10657
38795 10527 10561
38796 10527 10579
38797 10528 10530
38798 10528 10546
38799 10529 10561
38800 10530 10546
38801 10530 10657
38802 10531 10562
38803 10531 10563
38804 10531 10582
38805 10532 14835
38806 10532 14836
38807 10533 11877
38808 10534 10538
38809 10534 10546
38810 10534 11565
38811 10535 12174
38812 10536 10538
38813 10537 10764
38814 10538 11565
38815 10539 10566
38816 10539 14207
38817 10540 10542
38818 10540 10549
38819 10541 10567
38820 10542 10549
38821 10543 10568
38822 10544 12110
38823 10545 14784
38824 10548 11565
38825 10550 10600
38826 10550 11042
38827 10550 14813
38828 10551 14753
38829 10551 14802
38830 10551 14804
38831 10552 14436
38832 10553 10554
38833 10554 10556
38834 10554 11969
38835 10555 11609
38836 10555 11702
38837 10555 12553
38838 10555 12970
38839 10557 12072
38840 10558 11266
38841 10558 12132
38842 10559 10809
38843 10560 14465
38844 10562 10582
38845 10563 10583
38846 10564 14221
38847 10564 14800
38848 10566 10764
38849 10567 14335
38850 10569 11300
38851 10569 12481
38852 10569 14998
38853 10570 14194
38854 10571 11408
38855 10571 11416
38856 10571 11440
38857 10571 13245
38858 10572 10575
38859 10573 11245
38860 10574 10576
38861 10574 10577
38862 10574 10906
38863 10576 10577
38864 10579 13668
38865 10581 11071
38866 10581 13356
38867 10583 11877
38868 10584 10585
38869 10585 10586
38870 10586 10587
38871 10589 10590
38872 10590 10591
38873 10590 12184
38874 10590 13752
38875 10591 13752
38876 10592 11271
38877 10594 14019
38878 10595 11710
38879 10595 14054
38880 10596 12399
38881 10597 12567
38882 10597 14235
38883 10598 10982
38884 10599 10600
38885 10599 14225
38886 10600 11042
38887 10600 11192
38888 10601 10654
38889 10601 10710
38890 10602 10604
38891 10603 10712
38892 10603 10713
38893 10604 10708
38894 10605 10684
38895 10605 12965
38896 10606 10612
38897 10606 10707
38898 10606 10708
38899 10606 14114
38900 10607 11312
38901 10608 12755
38902 10609 10705
38903 10609 10707
38904 10609 14114
38905 10610 12344
38906 10611 10615
38907 10611 10655
38908 10611 10705
38909 10611 11019
38910 10611 14974
38911 10612 10708
38912 10613 10619
38913 10613 10701
38914 10613 10703
38915 10614 10701
38916 10614 13819
38917 10615 11019
38918 10615 11935
38919 10616 11884
38920 10616 12711
38921 10616 12780
38922 10616 12880
38923 10616 13559
38924 10617 11188
38925 10617 11549
38926 10617 11551
38927 10617 14786
38928 10618 10620
38929 10618 10692
38930 10618 10694
38931 10618 10698
38932 10619 12172
38933 10620 10622
38934 10620 10692
38935 10620 14458
38936 10622 10623
38937 10622 10690
38938 10622 10692
38939 10622 14458
38940 10623 10690
38941 10623 10692
38942 10624 10641
38943 10624 10690
38944 10624 11121
38945 10625 10638
38946 10625 10641
38947 10626 10638
38948 10626 10686
38949 10626 10688
38950 10627 10637
38951 10627 10686
38952 10628 10629
38953 10628 10637
38954 10628 10686
38955 10628 12965
38956 10629 10630
38957 10629 10632
38958 10629 10684
38959 10629 12965
38960 10630 10631
38961 10630 10632
38962 10630 10681
38963 10630 10684
38964 10631 10632
38965 10631 10633
38966 10631 10681
38967 10631 10728
38968 10633 10678
38969 10633 10728
38970 10634 10635
38971 10636 10644
38972 10636 10645
38973 10637 10686
38974 10637 12965
38975 10638 10641
38976 10638 10688
38977 10638 13787
38978 10639 13476
38979 10640 10659
38980 10640 13614
38981 10641 13787
38982 10642 11007
38983 10642 13962
38984 10643 10646
38985 10643 10653
38986 10644 10645
38987 10644 10647
38988 10644 10649
38989 10645 10647
38990 10646 10652
38991 10646 10653
38992 10647 10649
38993 10648 10651
38994 10648 10675
38995 10649 10651
38996 10650 10652
38997 10652 10653
38998 10654 10671
38999 10654 10710
39000 10654 12692
39001 10654 12863
39002 10655 14974
39003 10656 10658
39004 10656 10660
39005 10656 14952
39006 10658 14320
39007 10658 14952
39008 10660 10661
39009 10660 10663
39010 10661 10666
39011 10661 10734
39012 10662 10985
39013 10662 11815
39014 10663 10670
39015 10663 13411
39016 10664 11036
39017 10664 13871
39018 10664 14134
39019 10664 14651
39020 10665 10694
39021 10666 10734
39022 10666 10744
39023 10669 10731
39024 10671 10706
39025 10671 10710
39026 10671 12863
39027 10672 10673
39028 10672 10729
39029 10672 14363
39030 10673 10727
39031 10673 10729
39032 10674 10727
39033 10674 10794
39034 10674 11683
39035 10675 10676
39036 10676 10726
39037 10676 11626
39038 10677 14740
39039 10677 14742
39040 10677 14743
39041 10678 13257
39042 10679 10725
39043 10679 12512
39044 10679 12885
39045 10681 10728
39046 10682 10683
39047 10682 10685
39048 10682 10723
39049 10683 10685
39050 10683 10687
39051 10684 12965
39052 10685 10687
39053 10687 10691
39054 10688 13787
39055 10691 10695
39056 10691 10697
39057 10693 11705
39058 10693 11707
39059 10693 13465
39060 10694 10698
39061 10695 10697
39062 10695 11673
39063 10695 14095
39064 10696 10698
39065 10696 11239
39066 10697 14095
39067 10698 11239
39068 10698 13563
39069 10700 10702
39070 10700 10704
39071 10700 12864
39072 10701 11239
39073 10702 10704
39074 10704 12698
39075 10704 12864
39076 10705 11019
39077 10705 14974
39078 10706 10709
39079 10706 12864
39080 10707 14114
39081 10709 11024
39082 10711 10975
39083 10711 14108
39084 10712 10713
39085 10713 14108
39086 10714 13920
39087 10715 11061
39088 10716 14751
39089 10716 14804
39090 10717 11303
39091 10717 12874
39092 10718 11131
39093 10719 10942
39094 10719 11550
39095 10719 11569
39096 10720 11178
39097 10720 11223
39098 10720 11593
39099 10721 10838
39100 10721 11173
39101 10721 11180
39102 10722 13699
39103 10723 10725
39104 10724 10775
39105 10724 10999
39106 10725 11698
39107 10725 12885
39108 10726 11626
39109 10726 12885
39110 10727 10729
39111 10727 10797
39112 10729 10797
39113 10729 14363
39114 10730 11109
39115 10730 12175
39116 10730 12191
39117 10731 14975
39118 10733 12046
39119 10734 10744
39120 10735 10737
39121 10735 10746
39122 10735 12791
39123 10735 12811
39124 10735 13338
39125 10736 11960
39126 10737 10741
39127 10737 10746
39128 10737 12791
39129 10738 10740
39130 10740 12046
39131 10741 12790
39132 10741 12791
39133 10741 14772
39134 10742 15003
39135 10743 12848
39136 10745 11035
39137 10745 14782
39138 10747 12731
39139 10747 12737
39140 10747 12900
39141 10747 12902
39142 10748 13826
39143 10748 14719
39144 10749 10916
39145 10750 11989
39146 10751 13504
39147 10751 13705
39148 10751 13706
39149 10752 11413
39150 10752 11420
39151 10752 11542
39152 10752 11545
39153 10753 12589
39154 10753 12895
39155 10753 12896
39156 10753 12898
39157 10753 12900
39158 10755 11607
39159 10755 11876
39160 10755 12914
39161 10757 14655
39162 10758 11422
39163 10758 11430
39164 10759 11218
39165 10759 12278
39166 10760 12132
39167 10761 11247
39168 10761 13438
39169 10762 11393
39170 10762 11396
39171 10763 13674
39172 10763 13831
39173 10763 13880
39174 10765 11951
39175 10765 13132
39176 10771 13038
39177 10772 11633
39178 10772 12871
39179 10772 13340
39180 10774 10992
39181 10775 10999
39182 10775 14543
39183 10776 13910
39184 10777 12749
39185 10777 12754
39186 10777 13261
39187 10777 14020
39188 10778 14658
39189 10779 12128
39190 10779 12911
39191 10781 11145
39192 10782 13536
39193 10784 11135
39194 10784 14430
39195 10785 13229
39196 10786 11193
39197 10786 12929
39198 10786 13656
39199 10786 13660
39200 10787 12208
39201 10788 11635
39202 10788 11672
39203 10788 12303
39204 10788 12796
39205 10789 14105
39206 10790 13591
39207 10790 14689
39208 10791 14704
39209 10792 11394
39210 10793 11161
39211 10793 11849
39212 10793 12210
39213 10793 12943
39214 10793 13130
39215 10793 13131
39216 10796 11273
39217 10796 12576
39218 10796 12578
39219 10797 10877
39220 10797 11199
39221 10798 10837
39222 10798 11984
39223 10798 12967
39224 10799 11271
39225 10799 11686
39226 10799 13099
39227 10801 10855
39228 10801 10959
39229 10802 14071
39230 10802 14785
39231 10803 12289
39232 10803 13926
39233 10806 11112
39234 10806 11295
39235 10806 11296
39236 10807 13520
39237 10807 13539
39238 10807 13677
39239 10810 12026
39240 10811 11538
39241 10811 14519
39242 10813 12052
39243 10813 12162
39244 10813 13104
39245 10815 12483
39246 10817 10887
39247 10818 10819
39248 10818 10887
39249 10818 11281
39250 10819 10820
39251 10819 11281
39252 10819 14320
39253 10820 10821
39254 10820 11281
39255 10821 10822
39256 10821 11285
39257 10822 10824
39258 10822 11285
39259 10822 11286
39260 10822 11683
39261 10823 12125
39262 10824 11286
39263 10824 11288
39264 10824 11683
39265 10825 11663
39266 10825 13357
39267 10825 14290
39268 10826 11496
39269 10826 11791
39270 10826 14445
39271 10827 13868
39272 10828 10988
39273 10828 11045
39274 10828 11172
39275 10829 11236
39276 10829 13347
39277 10830 11504
39278 10830 13283
39279 10830 13385
39280 10832 10979
39281 10832 10982
39282 10832 10984
39283 10833 11190
39284 10834 13222
39285 10834 13469
39286 10834 14260
39287 10835 13994
39288 10835 14729
39289 10836 14625
39290 10838 10987
39291 10838 11155
39292 10838 11173
39293 10838 11181
39294 10839 10976
39295 10839 10977
39296 10839 11088
39297 10840 10987
39298 10840 10988
39299 10840 11172
39300 10840 11179
39301 10842 13162
39302 10843 10844
39303 10843 10845
39304 10843 11073
39305 10843 14244
39306 10844 11008
39307 10844 11073
39308 10845 14244
39309 10846 10891
39310 10846 10893
39311 10847 10893
39312 10847 11014
39313 10847 11025
39314 10848 14070
39315 10848 14072
39316 10849 12572
39317 10849 14706
39318 10850 14926
39319 10851 14148
39320 10853 11115
39321 10853 12066
39322 10853 12070
39323 10853 12071
39324 10853 12276
39325 10854 12484
39326 10854 12491
39327 10855 10959
39328 10855 11234
39329 10856 14182
39330 10857 10959
39331 10857 10960
39332 10857 13150
39333 10858 10859
39334 10858 10896
39335 10858 10957
39336 10859 10860
39337 10859 10955
39338 10859 10957
39339 10860 10953
39340 10860 10955
39341 10862 11133
39342 10862 11626
39343 10863 10947
39344 10863 10949
39345 10864 10915
39346 10864 10946
39347 10865 10866
39348 10865 10868
39349 10865 10915
39350 10865 10946
39351 10866 10868
39352 10866 13232
39353 10867 13409
39354 10867 14172
39355 10868 10915
39356 10868 10944
39357 10868 13232
39358 10869 10928
39359 10869 12058
39360 10870 11049
39361 10870 14600
39362 10872 12283
39363 10873 12289
39364 10873 13097
39365 10875 11226
39366 10876 10878
39367 10876 10924
39368 10876 11327
39369 10877 11199
39370 10877 14332
39371 10878 11327
39372 10878 14249
39373 10879 10924
39374 10879 10970
39375 10879 11328
39376 10880 13423
39377 10880 14329
39378 10881 14368
39379 10882 10927
39380 10882 10967
39381 10883 10888
39382 10883 10962
39383 10883 10965
39384 10883 11264
39385 10884 10933
39386 10884 10937
39387 10884 10963
39388 10884 10964
39389 10884 11266
39390 10885 10935
39391 10885 10963
39392 10885 10964
39393 10886 10933
39394 10886 10937
39395 10886 10962
39396 10886 10965
39397 10888 10961
39398 10888 10962
39399 10889 10966
39400 10891 11060
39401 10891 13254
39402 10893 11025
39403 10894 10901
39404 10894 14367
39405 10895 11764
39406 10895 12831
39407 10896 10957
39408 10896 10960
39409 10897 14407
39410 10898 11504
39411 10898 12520
39412 10898 13282
39413 10899 14837
39414 10902 10956
39415 10902 10958
39416 10904 10954
39417 10905 10938
39418 10905 14892
39419 10907 10908
39420 10908 10950
39421 10908 11424
39422 10909 10910
39423 10909 10941
39424 10909 11242
39425 10909 12167
39426 10909 12211
39427 10910 10948
39428 10910 12211
39429 10910 12816
39430 10911 10948
39431 10911 11634
39432 10911 12560
39433 10911 12814
39434 10911 12816
39435 10912 14476
39436 10912 14571
39437 10913 10919
39438 10913 10943
39439 10914 13881
39440 10914 14268
39441 10914 14324
39442 10915 10946
39443 10916 14442
39444 10917 13876
39445 10918 10921
39446 10918 11011
39447 10918 11243
39448 10918 13965
39449 10921 11243
39450 10921 12853
39451 10921 13965
39452 10922 14004
39453 10923 11359
39454 10925 10969
39455 10925 11081
39456 10925 11091
39457 10926 12853
39458 10926 13999
39459 10927 10968
39460 10928 12058
39461 10929 14709
39462 10930 10932
39463 10930 13217
39464 10930 13338
39465 10930 13693
39466 10931 13763
39467 10932 12850
39468 10932 13338
39469 10933 10937
39470 10933 10965
39471 10933 11266
39472 10934 13496
39473 10934 13710
39474 10934 13712
39475 10935 13239
39476 10936 14435
39477 10936 14524
39478 10936 14526
39479 10937 10963
39480 10938 10954
39481 10939 11110
39482 10939 11751
39483 10939 12305
39484 10939 13153
39485 10940 11338
39486 10940 12004
39487 10940 12006
39488 10941 10950
39489 10941 11577
39490 10941 12167
39491 10942 11550
39492 10942 11552
39493 10942 11569
39494 10942 11692
39495 10943 10945
39496 10944 13232
39497 10945 12560
39498 10945 12810
39499 10948 11960
39500 10948 12816
39501 10950 11424
39502 10950 11577
39503 10951 11217
39504 10953 10955
39505 10953 11204
39506 10955 10957
39507 10960 13150
39508 10962 10965
39509 10963 10964
39510 10968 11091
39511 10969 11081
39512 10970 11328
39513 10970 14000
39514 10971 13674
39515 10972 12982
39516 10973 14870
39517 10974 11402
39518 10974 11404
39519 10974 11406
39520 10974 11444
39521 10974 14796
39522 10975 14108
39523 10976 11018
39524 10976 11020
39525 10976 11085
39526 10977 11014
39527 10979 10982
39528 10979 11184
39529 10980 13879
39530 10981 12821
39531 10981 12913
39532 10981 12944
39533 10983 10984
39534 10983 11190
39535 10983 11191
39536 10984 11191
39537 10985 11815
39538 10986 11168
39539 10986 11175
39540 10986 11186
39541 10987 11179
39542 10987 11181
39543 10988 11172
39544 10989 12092
39545 10990 11082
39546 10990 11083
39547 10991 14861
39548 10991 14862
39549 10991 14863
39550 10993 11046
39551 10993 11183
39552 10993 13164
39553 10995 10999
39554 10995 11141
39555 10996 10997
39556 10997 11043
39557 10997 14543
39558 10998 14776
39559 10998 14778
39560 10999 14543
39561 11000 11047
39562 11000 13246
39563 11000 13770
39564 11001 11047
39565 11003 14558
39566 11003 14766
39567 11005 14325
39568 11005 14415
39569 11006 13890
39570 11008 11073
39571 11008 14722
39572 11009 11073
39573 11010 14470
39574 11011 13693
39575 11011 13965
39576 11011 14058
39577 11013 11025
39578 11014 11037
39579 11015 11219
39580 11015 11223
39581 11015 11638
39582 11016 14011
39583 11017 11018
39584 11017 11020
39585 11018 11020
39586 11018 11037
39587 11019 11935
39588 11020 11085
39589 11021 14671
39590 11023 12788
39591 11023 12789
39592 11023 12813
39593 11023 12848
39594 11027 11967
39595 11027 12950
39596 11027 13138
39597 11027 13144
39598 11027 14781
39599 11028 14465
39600 11029 12347
39601 11032 11084
39602 11033 11761
39603 11033 11763
39604 11033 12831
39605 11033 13170
39606 11035 14782
39607 11036 14134
39608 11038 14938
39609 11038 14939
39610 11038 14976
39611 11039 14829
39612 11042 11142
39613 11042 11149
39614 11042 11192
39615 11043 11044
39616 11043 14543
39617 11045 11141
39618 11045 11143
39619 11046 11183
39620 11047 13770
39621 11048 11126
39622 11048 13186
39623 11048 13190
39624 11048 13381
39625 11048 14246
39626 11050 14192
39627 11051 13528
39628 11051 14152
39629 11052 11857
39630 11053 11857
39631 11055 14116
39632 11055 14698
39633 11056 13349
39634 11056 13371
39635 11056 13391
39636 11056 14021
39637 11057 11715
39638 11057 11718
39639 11057 14212
39640 11058 11770
39641 11058 13162
39642 11059 11647
39643 11059 13195
39644 11059 13196
39645 11059 13372
39646 11059 13374
39647 11060 13254
39648 11062 13576
39649 11062 13580
39650 11063 11677
39651 11063 13332
39652 11063 13460
39653 11063 13462
39654 11063 13463
39655 11064 12654
39656 11064 12753
39657 11064 12754
39658 11064 12759
39659 11064 12842
39660 11065 12080
39661 11068 11096
39662 11069 13733
39663 11069 14722
39664 11070 12053
39665 11071 12011
39666 11071 13356
39667 11072 13758
39668 11073 14722
39669 11074 11326
39670 11074 11332
39671 11076 11752
39672 11076 12040
39673 11077 11322
39674 11077 13758
39675 11078 14708
39676 11079 11227
39677 11080 14975
39678 11082 11083
39679 11083 11084
39680 11086 11087
39681 11088 14035
39682 11089 14372
39683 11089 14373
39684 11089 14374
39685 11092 11870
39686 11095 11096
39687 11097 11108
39688 11098 11099
39689 11098 11212
39690 11098 12986
39691 11101 11103
39692 11101 14438
39693 11101 14794
39694 11102 14438
39695 11103 14794
39696 11105 11163
39697 11106 13018
39698 11106 13019
39699 11106 13021
39700 11106 13105
39701 11109 12252
39702 11109 12254
39703 11110 11751
39704 11111 11113
39705 11112 11188
39706 11112 11549
39707 11114 13099
39708 11114 13752
39709 11114 14367
39710 11115 12066
39711 11115 12068
39712 11115 12144
39713 11116 13744
39714 11116 14263
39715 11117 11139
39716 11117 13882
39717 11117 14488
39718 11119 14191
39719 11120 11380
39720 11120 11382
39721 11120 11462
39722 11122 11139
39723 11123 11855
39724 11125 13908
39725 11126 13186
39726 11126 13381
39727 11127 14579
39728 11128 13175
39729 11128 13432
39730 11129 11143
39731 11129 11177
39732 11129 11185
39733 11130 11197
39734 11132 11200
39735 11132 11201
39736 11132 11202
39737 11134 14261
39738 11134 14317
39739 11134 14319
39740 11135 14430
39741 11135 14432
39742 11135 14435
39743 11136 14385
39744 11137 12630
39745 11137 12907
39746 11137 12938
39747 11137 14199
39748 11138 11191
39749 11138 11753
39750 11138 11834
39751 11139 14488
39752 11141 11143
39753 11141 14725
39754 11142 11149
39755 11142 11192
39756 11143 11177
39757 11144 14927
39758 11146 14639
39759 11146 14642
39760 11146 14757
39761 11147 13918
39762 11148 11152
39763 11148 11174
39764 11148 11179
39765 11148 11181
39766 11149 14488
39767 11150 14827
39768 11152 11155
39769 11152 11158
39770 11152 11181
39771 11153 14282
39772 11154 11171
39773 11155 11156
39774 11155 11158
39775 11155 11173
39776 11155 11181
39777 11156 11158
39778 11156 11173
39779 11156 11175
39780 11156 11182
39781 11160 11300
39782 11161 11842
39783 11161 11849
39784 11161 11951
39785 11161 13131
39786 11163 14154
39787 11163 14744
39788 11163 14812
39789 11164 12018
39790 11164 12299
39791 11164 14250
39792 11165 11167
39793 11165 14388
39794 11166 13949
39795 11166 13950
39796 11166 14006
39797 11167 11742
39798 11167 14388
39799 11168 11169
39800 11168 11593
39801 11168 11742
39802 11169 11593
39803 11169 11742
39804 11170 13910
39805 11170 13917
39806 11172 11174
39807 11172 11179
39808 11173 11180
39809 11173 11182
39810 11174 11177
39811 11174 11179
39812 11175 11182
39813 11176 11640
39814 11178 11180
39815 11178 11182
39816 11178 11593
39817 11179 11181
39818 11180 11182
39819 11183 14725
39820 11187 14054
39821 11188 11548
39822 11188 11549
39823 11188 14786
39824 11189 14687
39825 11189 14688
39826 11193 12929
39827 11193 13849
39828 11194 11195
39829 11194 11197
39830 11194 11213
39831 11195 11197
39832 11195 11198
39833 11195 11213
39834 11197 11198
39835 11200 11201
39836 11200 11202
39837 11200 11209
39838 11202 11237
39839 11203 11905
39840 11203 12149
39841 11203 12154
39842 11203 12686
39843 11203 14208
39844 11205 11752
39845 11205 11755
39846 11205 12823
39847 11205 13814
39848 11206 11233
39849 11207 13020
39850 11208 11827
39851 11209 13020
39852 11209 13600
39853 11210 11974
39854 11212 12851
39855 11216 12229
39856 11216 13071
39857 11216 14484
39858 11218 11219
39859 11218 12278
39860 11219 11638
39861 11220 11425
39862 11220 13127
39863 11224 11225
39864 11224 11231
39865 11225 12657
39866 11226 11230
39867 11226 11232
39868 11227 11228
39869 11227 14924
39870 11231 14727
39871 11232 14727
39872 11233 11235
39873 11235 11237
39874 11239 13563
39875 11241 13699
39876 11242 11245
39877 11246 13249
39878 11246 13440
39879 11247 13438
39880 11247 13439
39881 11248 13438
39882 11248 14378
39883 11249 11449
39884 11249 13436
39885 11249 14661
39886 11250 11530
39887 11250 13435
39888 11251 13272
39889 11251 13273
39890 11251 13434
39891 11251 13435
39892 11252 13433
39893 11253 11457
39894 11253 11459
39895 11253 13433
39896 11255 12287
39897 11255 13227
39898 11255 13362
39899 11256 14144
39900 11256 14146
39901 11257 13426
39902 11259 13380
39903 11259 13525
39904 11261 11488
39905 11261 13380
39906 11261 13525
39907 11261 14152
39908 11263 11264
39909 11267 12992
39910 11267 13280
39911 11267 13384
39912 11269 11272
39913 11269 12338
39914 11270 11287
39915 11270 11290
39916 11270 11291
39917 11270 11751
39918 11270 12305
39919 11271 13099
39920 11273 12304
39921 11273 12578
39922 11275 11276
39923 11276 11277
39924 11277 11279
39925 11278 12102
39926 11278 12103
39927 11278 12123
39928 11278 12124
39929 11278 12126
39930 11279 11280
39931 11282 11513
39932 11282 13475
39933 11282 14643
39934 11283 12747
39935 11283 14434
39936 11284 11286
39937 11284 11288
39938 11284 11289
39939 11284 14434
39940 11285 11286
39941 11285 14434
39942 11286 11288
39943 11286 14434
39944 11287 11288
39945 11287 11289
39946 11287 11291
39947 11288 11289
39948 11289 11291
39949 11290 11291
39950 11290 12305
39951 11292 12517
39952 11292 13365
39953 11292 14803
39954 11293 11499
39955 11293 13366
39956 11293 13367
39957 11294 11547
39958 11294 11568
39959 11297 12031
39960 11297 12574
39961 11297 12575
39962 11298 14704
39963 11299 11837
39964 11299 11955
39965 11299 11956
39966 11300 14998
39967 11301 11302
39968 11301 11343
39969 11302 11304
39970 11304 11387
39971 11304 11601
39972 11305 11307
39973 11305 11597
39974 11305 11835
39975 11306 11653
39976 11306 14205
39977 11306 14242
39978 11307 11308
39979 11307 11597
39980 11308 11582
39981 11308 11596
39982 11309 11370
39983 11311 11313
39984 11311 13778
39985 11313 13687
39986 11313 13778
39987 11314 11368
39988 11315 11317
39989 11316 11448
39990 11316 11962
39991 11316 11963
39992 11318 11319
39993 11319 11320
39994 11320 11321
39995 11321 11322
39996 11323 12524
39997 11323 12556
39998 11323 12557
39999 11323 12569
40000 11324 11325
40001 11325 11341
40002 11326 11328
40003 11326 11330
40004 11326 11332
40005 11327 14249
40006 11328 11330
40007 11328 14000
40008 11329 11331
40009 11330 11332
40010 11330 14000
40011 11333 13329
40012 11334 11354
40013 11335 11866
40014 11335 11867
40015 11335 12188
40016 11335 13697
40017 11336 11516
40018 11336 11661
40019 11336 12534
40020 11336 13295
40021 11338 12006
40022 11338 14442
40023 11339 11340
40024 11340 12762
40025 11342 11409
40026 11342 11549
40027 11342 13626
40028 11343 11349
40029 11344 11345
40030 11345 11348
40031 11345 13007
40032 11345 14708
40033 11346 14227
40034 11346 14263
40035 11347 11349
40036 11347 13007
40037 11347 13473
40038 11348 13007
40039 11348 14708
40040 11349 13007
40041 11350 11352
40042 11351 12535
40043 11351 13891
40044 11353 11363
40045 11354 11356
40046 11355 12838
40047 11355 12840
40048 11357 11360
40049 11358 14309
40050 11361 11362
40051 11363 11364
40052 11365 14845
40053 11366 11716
40054 11366 13454
40055 11366 13455
40056 11366 14202
40057 11367 11419
40058 11367 11732
40059 11367 13445
40060 11368 13687
40061 11370 11372
40062 11371 11373
40063 11371 11468
40064 11372 11375
40065 11373 11376
40066 11373 11467
40067 11373 11468
40068 11376 11377
40069 11376 11467
40070 11376 11468
40071 11377 11378
40072 11377 11467
40073 11378 11380
40074 11379 11576
40075 11379 11598
40076 11379 11602
40077 11379 14266
40078 11380 11382
40079 11381 11460
40080 11381 11462
40081 11382 11460
40082 11382 11462
40083 11383 11392
40084 11384 11392
40085 11384 13486
40086 11385 14530
40087 11385 14532
40088 11386 11387
40089 11386 14266
40090 11387 11601
40091 11388 13486
40092 11388 14281
40093 11389 11398
40094 11392 13486
40095 11393 11395
40096 11393 11396
40097 11393 11450
40098 11395 11396
40099 11395 11404
40100 11396 11400
40101 11396 11404
40102 11397 12481
40103 11400 11402
40104 11400 11404
40105 11401 11410
40106 11402 11404
40107 11402 11406
40108 11403 11405
40109 11403 11406
40110 11403 11444
40111 11405 11440
40112 11406 11444
40113 11407 12043
40114 11408 11412
40115 11408 11416
40116 11408 11440
40117 11408 13480
40118 11409 13626
40119 11410 13626
40120 11411 12315
40121 11411 14896
40122 11412 11414
40123 11412 11416
40124 11412 11418
40125 11412 13480
40126 11413 11420
40127 11413 11421
40128 11414 11416
40129 11414 11418
40130 11414 11438
40131 11415 11434
40132 11415 11438
40133 11416 13245
40134 11417 14323
40135 11418 11438
40136 11419 13445
40137 11419 14197
40138 11420 11421
40139 11420 11543
40140 11421 11543
40141 11422 11430
40142 11422 13155
40143 11424 11570
40144 11424 11577
40145 11426 11428
40146 11426 13313
40147 11426 14063
40148 11427 12643
40149 11427 12644
40150 11427 12776
40151 11427 12777
40152 11427 12899
40153 11427 12930
40154 11428 12208
40155 11428 13313
40156 11428 14063
40157 11429 13306
40158 11430 13243
40159 11430 13244
40160 11431 13157
40161 11431 13244
40162 11431 13316
40163 11432 13249
40164 11432 13316
40165 11435 13253
40166 11435 14504
40167 11436 14641
40168 11437 14504
40169 11439 11441
40170 11439 13259
40171 11439 14378
40172 11441 13259
40173 11441 13260
40174 11441 14378
40175 11441 14790
40176 11442 14171
40177 11442 14315
40178 11443 11445
40179 11443 13260
40180 11444 13424
40181 11444 14796
40182 11445 14661
40183 11446 14601
40184 11446 14780
40185 11446 14783
40186 11447 13266
40187 11447 14661
40188 11449 13266
40189 11449 13267
40190 11449 14661
40191 11450 14838
40192 11451 11453
40193 11451 13267
40194 11451 13272
40195 11451 13435
40196 11452 14230
40197 11452 14838
40198 11453 13272
40199 11453 14857
40200 11454 14281
40201 11454 14838
40202 11455 13273
40203 11455 13275
40204 11455 13434
40205 11455 14857
40206 11456 11595
40207 11456 11703
40208 11456 11706
40209 11456 12978
40210 11457 11459
40211 11457 13276
40212 11457 13428
40213 11457 13433
40214 11458 14468
40215 11459 13276
40216 11460 11462
40217 11461 11464
40218 11461 13304
40219 11463 11466
40220 11463 11470
40221 11463 13278
40222 11463 13304
40223 11464 12633
40224 11464 13278
40225 11464 13304
40226 11465 12170
40227 11465 12714
40228 11466 13304
40229 11469 12193
40230 11469 12199
40231 11469 12230
40232 11469 13107
40233 11470 11493
40234 11470 13169
40235 11471 11472
40236 11471 11493
40237 11471 13305
40238 11472 11490
40239 11472 13305
40240 11472 13426
40241 11473 11475
40242 11473 11489
40243 11473 11490
40244 11473 13305
40245 11474 12023
40246 11474 12578
40247 11475 11476
40248 11475 11488
40249 11475 11489
40250 11476 11477
40251 11476 11488
40252 11477 11479
40253 11477 11487
40254 11477 14152
40255 11478 11479
40256 11478 11486
40257 11478 12498
40258 11479 11486
40259 11479 11487
40260 11479 14152
40261 11480 11486
40262 11480 11676
40263 11480 12498
40264 11480 12501
40265 11480 13173
40266 11482 12695
40267 11483 13498
40268 11485 13472
40269 11485 14878
40270 11486 11487
40271 11486 12498
40272 11486 13173
40273 11487 12506
40274 11487 13173
40275 11488 11489
40276 11488 13380
40277 11489 11490
40278 11489 13380
40279 11490 13305
40280 11490 13426
40281 11492 12999
40282 11492 13001
40283 11492 13311
40284 11493 13169
40285 11494 14173
40286 11494 14174
40287 11495 12992
40288 11495 13279
40289 11495 13280
40290 11497 11499
40291 11497 12990
40292 11497 13279
40293 11498 12517
40294 11498 13281
40295 11499 12990
40296 11499 13279
40297 11499 13367
40298 11500 14582
40299 11500 14855
40300 11500 14858
40301 11501 11502
40302 11501 12519
40303 11501 13282
40304 11502 11503
40305 11502 12519
40306 11502 12520
40307 11502 13282
40308 11502 13360
40309 11503 12520
40310 11503 13358
40311 11503 13360
40312 11503 13364
40313 11504 12520
40314 11504 13283
40315 11505 13283
40316 11506 11839
40317 11506 11842
40318 11506 11843
40319 11506 11849
40320 11506 12212
40321 11507 11508
40322 11507 12525
40323 11507 13287
40324 11508 12525
40325 11508 13285
40326 11508 13287
40327 11508 13350
40328 11509 11510
40329 11509 12526
40330 11509 13287
40331 11509 13289
40332 11510 12526
40333 11510 12527
40334 11510 13289
40335 11510 13396
40336 11511 12527
40337 11511 13291
40338 11511 13475
40339 11512 11540
40340 11512 11567
40341 11512 11619
40342 11512 13406
40343 11513 12533
40344 11513 13291
40345 11513 13475
40346 11513 14340
40347 11514 13399
40348 11514 14340
40349 11515 12532
40350 11515 13404
40351 11516 12534
40352 11516 13295
40353 11516 13326
40354 11516 13404
40355 11516 13906
40356 11518 12534
40357 11518 13297
40358 11518 13906
40359 11519 11584
40360 11519 13297
40361 11519 13970
40362 11520 11784
40363 11520 13234
40364 11520 13271
40365 11520 13274
40366 11520 13277
40367 11520 13410
40368 11521 11525
40369 11521 11584
40370 11522 11526
40371 11522 13301
40372 11522 13317
40373 11522 13319
40374 11523 11524
40375 11523 11525
40376 11523 11635
40377 11523 13319
40378 11524 11525
40379 11524 11635
40380 11524 11667
40381 11524 11668
40382 11526 11527
40383 11526 13301
40384 11526 13306
40385 11526 13317
40386 11527 11632
40387 11527 13301
40388 11527 14399
40389 11528 11580
40390 11528 11581
40391 11528 11583
40392 11528 11596
40393 11528 13456
40394 11529 14788
40395 11532 11534
40396 11532 13309
40397 11533 13309
40398 11533 14659
40399 11534 13315
40400 11535 12446
40401 11535 12686
40402 11535 13008
40403 11537 12593
40404 11538 14519
40405 11539 12209
40406 11539 12215
40407 11539 12269
40408 11539 12288
40409 11539 13102
40410 11539 13345
40411 11540 11541
40412 11540 11567
40413 11541 13407
40414 11542 11545
40415 11542 11700
40416 11543 11544
40417 11543 11546
40418 11543 13407
40419 11544 11546
40420 11544 11615
40421 11545 11568
40422 11545 11700
40423 11546 13407
40424 11547 11548
40425 11547 11568
40426 11547 11689
40427 11548 11689
40428 11548 14786
40429 11550 11552
40430 11550 11553
40431 11550 11555
40432 11551 11569
40433 11551 11594
40434 11551 11692
40435 11552 11553
40436 11553 11555
40437 11553 11557
40438 11553 13471
40439 11554 11556
40440 11554 11557
40441 11554 11566
40442 11554 11609
40443 11554 12553
40444 11554 13902
40445 11555 11557
40446 11555 13902
40447 11556 11557
40448 11556 11566
40449 11556 11608
40450 11556 13471
40451 11557 13471
40452 11557 13902
40453 11558 11559
40454 11558 11560
40455 11558 11564
40456 11558 11599
40457 11558 11606
40458 11559 11599
40459 11559 11604
40460 11559 11606
40461 11560 11564
40462 11560 11606
40463 11560 11608
40464 11562 11572
40465 11562 11574
40466 11562 11588
40467 11562 12582
40468 11563 14793
40469 11563 14832
40470 11564 11566
40471 11564 11608
40472 11564 12969
40473 11566 11608
40474 11566 11609
40475 11566 12969
40476 11567 13406
40477 11568 11700
40478 11569 11692
40479 11570 11577
40480 11570 11830
40481 11570 12778
40482 11570 12828
40483 11571 11573
40484 11571 11574
40485 11571 11590
40486 11571 12585
40487 11572 11601
40488 11572 11602
40489 11572 12537
40490 11573 11574
40491 11574 11588
40492 11574 12585
40493 11575 12597
40494 11575 12599
40495 11575 12904
40496 11575 12906
40497 11575 12910
40498 11576 11587
40499 11576 11598
40500 11576 11602
40501 11576 12538
40502 11577 11830
40503 11577 12167
40504 11578 11580
40505 11578 11581
40506 11578 11597
40507 11578 11598
40508 11579 13246
40509 11580 11581
40510 11580 11587
40511 11580 11598
40512 11581 11596
40513 11582 11596
40514 11583 11589
40515 11583 13220
40516 11583 13456
40517 11585 11709
40518 11585 12537
40519 11585 12538
40520 11585 12540
40521 11585 14066
40522 11586 11588
40523 11586 11707
40524 11586 12582
40525 11586 12583
40526 11586 12585
40527 11587 11598
40528 11587 12538
40529 11588 12582
40530 11588 12585
40531 11589 13220
40532 11589 13222
40533 11589 14066
40534 11589 14260
40535 11590 12583
40536 11590 12585
40537 11590 12978
40538 11591 11872
40539 11591 14819
40540 11592 12306
40541 11592 13589
40542 11594 11692
40543 11595 11599
40544 11595 12971
40545 11595 12978
40546 11597 11835
40547 11599 11604
40548 11599 12978
40549 11600 12512
40550 11601 11602
40551 11603 12216
40552 11603 13045
40553 11605 13089
40554 11605 13585
40555 11605 13587
40556 11605 13589
40557 11607 12914
40558 11607 14540
40559 11609 12553
40560 11609 12969
40561 11609 12970
40562 11611 11612
40563 11611 11614
40564 11611 11689
40565 11611 14786
40566 11612 11613
40567 11614 11694
40568 11614 12964
40569 11615 11618
40570 11615 11675
40571 11615 13462
40572 11616 11618
40573 11616 11677
40574 11616 11679
40575 11617 11675
40576 11617 11693
40577 11617 13458
40578 11618 11677
40579 11618 13462
40580 11619 11669
40581 11619 11688
40582 11619 13406
40583 11620 11688
40584 11620 12957
40585 11620 13454
40586 11620 14398
40587 11621 11625
40588 11621 11684
40589 11622 12249
40590 11622 12281
40591 11622 14994
40592 11623 11625
40593 11623 11627
40594 11623 11674
40595 11624 11627
40596 11624 13470
40597 11624 13863
40598 11625 11674
40599 11627 11674
40600 11627 13863
40601 11629 12949
40602 11629 13470
40603 11630 11682
40604 11630 12949
40605 11631 13592
40606 11631 13594
40607 11631 13596
40608 11632 13451
40609 11632 14399
40610 11633 11792
40611 11633 11794
40612 11633 12871
40613 11633 13340
40614 11634 12420
40615 11634 12480
40616 11634 12814
40617 11634 12816
40618 11635 11668
40619 11635 11672
40620 11636 11651
40621 11636 11667
40622 11636 11668
40623 11636 12663
40624 11636 12855
40625 11637 11648
40626 11637 11651
40627 11637 11665
40628 11637 12658
40629 11637 13970
40630 11638 12802
40631 11639 11648
40632 11639 11665
40633 11639 12881
40634 11640 14680
40635 11641 13357
40636 11641 13408
40637 11642 11643
40638 11642 11644
40639 11642 11645
40640 11642 11656
40641 11642 11657
40642 11643 11658
40643 11644 11645
40644 11644 11655
40645 11644 11656
40646 11645 11655
40647 11645 11661
40648 11646 11654
40649 11646 12881
40650 11646 13213
40651 11646 13393
40652 11647 13374
40653 11648 11665
40654 11648 12658
40655 11648 13392
40656 11649 12638
40657 11650 11651
40658 11650 12658
40659 11650 12663
40660 11650 13225
40661 11650 13392
40662 11651 12658
40663 11651 12663
40664 11652 12803
40665 11652 13226
40666 11652 13441
40667 11652 13452
40668 11653 14205
40669 11654 11655
40670 11654 11661
40671 11654 13213
40672 11654 13390
40673 11655 11661
40674 11655 13390
40675 11656 11657
40676 11656 13414
40677 11657 13208
40678 11657 13414
40679 11658 12532
40680 11659 13448
40681 11659 13453
40682 11659 14160
40683 11660 11662
40684 11660 13863
40685 11661 13295
40686 11662 11719
40687 11662 13863
40688 11663 12722
40689 11663 13357
40690 11663 14290
40691 11664 11719
40692 11665 13970
40693 11667 11668
40694 11668 11672
40695 11668 12855
40696 11669 13455
40697 11669 13458
40698 11671 12467
40699 11671 13269
40700 11671 13270
40701 11671 13286
40702 11671 13288
40703 11672 12855
40704 11673 14095
40705 11675 11693
40706 11675 13460
40707 11675 13462
40708 11676 13173
40709 11676 14125
40710 11677 11679
40711 11677 13462
40712 11677 13463
40713 11678 12217
40714 11678 12359
40715 11679 13463
40716 11680 11682
40717 11680 14399
40718 11681 11685
40719 11681 13336
40720 11681 13337
40721 11681 13464
40722 11681 14402
40723 11684 12957
40724 11685 13337
40725 11685 13464
40726 11687 12005
40727 11687 12923
40728 11687 13764
40729 11688 13406
40730 11688 13454
40731 11688 14398
40732 11689 14786
40733 11690 11993
40734 11690 14194
40735 11691 13341
40736 11694 12964
40737 11695 11696
40738 11695 11697
40739 11695 13342
40740 11695 13346
40741 11696 11697
40742 11697 13342
40743 11697 13394
40744 11699 12015
40745 11699 12017
40746 11699 12581
40747 11702 13349
40748 11703 11706
40749 11703 12970
40750 11703 13412
40751 11704 14408
40752 11704 14418
40753 11705 11707
40754 11705 12583
40755 11706 13412
40756 11706 13465
40757 11707 12583
40758 11708 12540
40759 11708 13467
40760 11709 12540
40761 11709 13222
40762 11709 13469
40763 11709 14066
40764 11710 14054
40765 11711 11712
40766 11711 11713
40767 11711 11714
40768 11711 13219
40769 11712 11714
40770 11712 13220
40771 11712 13456
40772 11713 11714
40773 11713 13219
40774 11713 13457
40775 11714 13456
40776 11715 11718
40777 11715 11720
40778 11715 13413
40779 11715 13459
40780 11716 11717
40781 11716 13454
40782 11716 14202
40783 11718 11720
40784 11718 11721
40785 11718 14212
40786 11720 11721
40787 11720 13413
40788 11721 13447
40789 11722 14052
40790 11723 14597
40791 11723 14598
40792 11723 14807
40793 11724 13214
40794 11724 13446
40795 11725 11727
40796 11725 13442
40797 11725 13444
40798 11726 11728
40799 11726 13216
40800 11726 13221
40801 11726 13392
40802 11727 11729
40803 11727 11731
40804 11727 13442
40805 11728 12740
40806 11728 13215
40807 11728 13221
40808 11728 13240
40809 11729 11730
40810 11729 11731
40811 11729 13010
40812 11729 13442
40813 11730 11731
40814 11730 11733
40815 11730 13010
40816 11732 13417
40817 11732 13418
40818 11732 13445
40819 11733 13010
40820 11733 14197
40821 11734 13417
40822 11734 13418
40823 11735 13201
40824 11736 11738
40825 11736 12806
40826 11736 13201
40827 11736 13420
40828 11737 11739
40829 11737 13420
40830 11738 13201
40831 11738 13420
40832 11739 14715
40833 11740 11741
40834 11740 12808
40835 11740 12849
40836 11740 13421
40837 11741 12808
40838 11741 14715
40839 11742 14388
40840 11743 12812
40841 11743 12849
40842 11743 13199
40843 11743 13422
40844 11744 12847
40845 11744 13194
40846 11745 13192
40847 11745 13194
40848 11746 12846
40849 11746 13189
40850 11746 13192
40851 11747 11748
40852 11747 12818
40853 11747 12846
40854 11747 13189
40855 11748 12818
40856 11749 12040
40857 11749 12820
40858 11749 13566
40859 11750 13388
40860 11750 13415
40861 11751 12305
40862 11752 12823
40863 11754 11756
40864 11754 12825
40865 11754 13427
40866 11755 12823
40867 11755 13427
40868 11756 11757
40869 11756 12825
40870 11756 13429
40871 11757 12825
40872 11757 13429
40873 11758 11759
40874 11758 12827
40875 11758 13185
40876 11759 11760
40877 11759 12827
40878 11759 13430
40879 11760 12829
40880 11760 13430
40881 11761 12829
40882 11761 12831
40883 11762 13825
40884 11763 13168
40885 11763 13170
40886 11764 12831
40887 11765 12029
40888 11765 12038
40889 11766 11768
40890 11766 11769
40891 11766 12832
40892 11767 12835
40893 11767 14298
40894 11768 11769
40895 11768 12835
40896 11769 12835
40897 11769 14298
40898 11770 11772
40899 11770 12836
40900 11770 13160
40901 11771 11774
40902 11771 13158
40903 11772 12836
40904 11772 12839
40905 11772 13160
40906 11773 11776
40907 11773 12841
40908 11773 13156
40909 11773 13808
40910 11774 12839
40911 11774 13158
40912 11775 11781
40913 11775 12843
40914 11776 12841
40915 11776 13156
40916 11777 13149
40917 11777 13159
40918 11778 12505
40919 11778 12616
40920 11778 12998
40921 11779 13529
40922 11780 13581
40923 11781 13149
40924 11782 11785
40925 11782 11992
40926 11782 12756
40927 11782 12757
40928 11782 12844
40929 11783 13590
40930 11783 13688
40931 11784 12844
40932 11784 13234
40933 11784 13277
40934 11784 13328
40935 11785 12757
40936 11785 12844
40937 11785 13330
40938 11785 13403
40939 11786 11789
40940 11786 12062
40941 11786 13224
40942 11786 13228
40943 11786 13402
40944 11787 13585
40945 11788 14252
40946 11788 14623
40947 11789 12062
40948 11790 13511
40949 11791 14445
40950 11792 11793
40951 11792 11794
40952 11792 11983
40953 11792 12871
40954 11792 12966
40955 11793 11794
40956 11793 11950
40957 11793 11983
40958 11793 11988
40959 11794 11950
40960 11794 13216
40961 11795 12073
40962 11796 12740
40963 11796 13240
40964 11797 11976
40965 11798 12079
40966 11798 12617
40967 11798 13812
40968 11800 13812
40969 11801 11864
40970 11801 11931
40971 11801 12192
40972 11801 12726
40973 11801 13122
40974 11803 14176
40975 11807 13608
40976 11807 13820
40977 11807 13992
40978 11808 11813
40979 11808 12738
40980 11808 12952
40981 11808 13140
40982 11810 11973
40983 11810 11975
40984 11810 13218
40985 11811 12735
40986 11812 11813
40987 11812 12620
40988 11813 12620
40989 11814 14347
40990 11816 12053
40991 11817 13518
40992 11817 14063
40993 11817 14347
40994 11818 15006
40995 11820 11977
40996 11820 12000
40997 11820 13886
40998 11821 11840
40999 11821 11845
41000 11822 11838
41001 11822 13146
41002 11824 11826
41003 11824 11833
41004 11824 11836
41005 11825 13520
41006 11825 14508
41007 11826 11833
41008 11826 11836
41009 11826 11954
41010 11826 11957
41011 11826 13942
41012 11827 13521
41013 11829 13522
41014 11830 12167
41015 11830 12211
41016 11830 12480
41017 11830 12778
41018 11830 12826
41019 11831 13322
41020 11831 13405
41021 11832 13548
41022 11833 11954
41023 11833 13369
41024 11834 14225
41025 11835 14795
41026 11836 11838
41027 11836 12089
41028 11836 13942
41029 11838 12089
41030 11838 12948
41031 11838 13145
41032 11838 13146
41033 11839 11842
41034 11839 11952
41035 11839 12212
41036 11839 12947
41037 11840 11845
41038 11840 11959
41039 11840 13145
41040 11840 13146
41041 11842 11849
41042 11842 11951
41043 11842 11952
41044 11843 11844
41045 11843 12212
41046 11845 13146
41047 11846 11948
41048 11846 12210
41049 11846 12943
41050 11846 14366
41051 11847 11848
41052 11847 14366
41053 11848 11850
41054 11848 12206
41055 11848 14366
41056 11849 12210
41057 11850 11851
41058 11850 12204
41059 11850 12206
41060 11851 11852
41061 11851 11945
41062 11851 12204
41063 11851 12206
41064 11852 11853
41065 11852 11944
41066 11852 12202
41067 11852 12204
41068 11853 11854
41069 11853 12202
41070 11853 12204
41071 11854 12200
41072 11854 12202
41073 11856 11942
41074 11856 12200
41075 11856 12734
41076 11856 12935
41077 11856 13174
41078 11858 11859
41079 11858 12198
41080 11858 12732
41081 11859 11860
41082 11859 12196
41083 11859 12730
41084 11859 12732
41085 11860 11861
41086 11860 12730
41087 11861 11937
41088 11861 12194
41089 11861 12728
41090 11861 12730
41091 11862 11863
41092 11863 11933
41093 11863 13123
41094 11863 14269
41095 11864 12726
41096 11865 11929
41097 11865 12190
41098 11865 12726
41099 11866 11867
41100 11866 12190
41101 11866 12724
41102 11866 13697
41103 11867 11928
41104 11867 12188
41105 11867 12723
41106 11867 12724
41107 11868 11869
41108 11868 12188
41109 11868 12479
41110 11868 12723
41111 11869 12479
41112 11869 12723
41113 11869 12919
41114 11871 14510
41115 11872 11922
41116 11872 12917
41117 11872 12918
41118 11873 13842
41119 11873 14816
41120 11873 14817
41121 11874 11919
41122 11874 12180
41123 11874 12182
41124 11874 12915
41125 11875 12119
41126 11875 12180
41127 11875 12916
41128 11875 13108
41129 11876 12636
41130 11878 11879
41131 11878 12717
41132 11878 13814
41133 11879 12714
41134 11879 12872
41135 11879 12873
41136 11879 13814
41137 11880 11881
41138 11880 11884
41139 11880 11915
41140 11880 12170
41141 11880 12664
41142 11880 12873
41143 11881 11884
41144 11881 12170
41145 11881 12711
41146 11882 11883
41147 11882 12168
41148 11882 12709
41149 11882 13114
41150 11882 13559
41151 11883 11885
41152 11883 11913
41153 11883 12168
41154 11883 12705
41155 11883 13114
41156 11884 12664
41157 11884 12711
41158 11884 12880
41159 11885 11886
41160 11885 11913
41161 11885 12134
41162 11885 12705
41163 11885 12878
41164 11886 11887
41165 11886 12166
41166 11886 12703
41167 11886 12705
41168 11886 12878
41169 11887 11888
41170 11887 12165
41171 11887 12166
41172 11887 12703
41173 11888 11889
41174 11888 12165
41175 11888 12702
41176 11888 12703
41177 11888 12877
41178 11889 11890
41179 11889 11909
41180 11889 12702
41181 11889 12877
41182 11889 13112
41183 11890 11891
41184 11890 11909
41185 11890 12163
41186 11890 12701
41187 11890 12702
41188 11891 11909
41189 11891 12140
41190 11891 12160
41191 11891 12701
41192 11891 12761
41193 11892 11893
41194 11892 12160
41195 11892 12699
41196 11892 12701
41197 11893 12159
41198 11893 12160
41199 11893 12699
41200 11893 12761
41201 11893 12876
41202 11894 12159
41203 11894 12696
41204 11894 12699
41205 11895 11896
41206 11895 12685
41207 11895 12696
41208 11895 12875
41209 11896 11897
41210 11896 11907
41211 11896 12158
41212 11896 12685
41213 11897 12158
41214 11899 12693
41215 11900 11904
41216 11902 13037
41217 11902 14491
41218 11903 11904
41219 11903 12035
41220 11903 12688
41221 11903 12693
41222 11904 12035
41223 11904 12980
41224 11905 12149
41225 11905 12686
41226 11905 12694
41227 11905 13008
41228 11906 11907
41229 11906 12685
41230 11906 12694
41231 11906 13013
41232 11906 13110
41233 11907 12158
41234 11907 12685
41235 11907 12694
41236 11908 12143
41237 11908 12681
41238 11908 12684
41239 11908 12876
41240 11908 13019
41241 11909 11910
41242 11909 12140
41243 11909 13112
41244 11910 12054
41245 11910 12140
41246 11910 12677
41247 11910 13112
41248 11911 12135
41249 11911 12674
41250 11911 12676
41251 11911 12703
41252 11911 12877
41253 11911 12878
41254 11912 11913
41255 11912 12134
41256 11912 12669
41257 11912 12672
41258 11912 13024
41259 11912 13027
41260 11913 12134
41261 11913 12669
41262 11913 13114
41263 11914 12070
41264 11914 12071
41265 11914 12665
41266 11914 12780
41267 11914 12880
41268 11914 13028
41269 11915 11916
41270 11915 12127
41271 11915 12664
41272 11915 12872
41273 11915 12873
41274 11916 12068
41275 11916 12074
41276 11916 12127
41277 11916 12661
41278 11917 12077
41279 11917 12078
41280 11917 12656
41281 11917 13035
41282 11917 13117
41283 11917 13119
41284 11918 11919
41285 11918 12083
41286 11918 12085
41287 11918 12117
41288 11918 12119
41289 11918 12655
41290 11919 12119
41291 11919 12180
41292 11919 12655
41293 11919 12915
41294 11920 11921
41295 11920 12118
41296 11920 12182
41297 11920 12720
41298 11920 12915
41299 11920 12917
41300 11921 11922
41301 11921 12088
41302 11921 12115
41303 11921 12118
41304 11921 12917
41305 11922 12115
41306 11922 12917
41307 11922 12918
41308 11923 11924
41309 11923 11926
41310 11923 12918
41311 11923 13134
41312 11924 11926
41313 11924 12112
41314 11924 12919
41315 11924 13134
41316 11925 12097
41317 11925 12112
41318 11925 12921
41319 11925 13047
41320 11926 12721
41321 11926 12918
41322 11926 12919
41323 11927 11928
41324 11927 12098
41325 11927 12921
41326 11927 12925
41327 11927 13055
41328 11927 13120
41329 11928 12723
41330 11928 12724
41331 11928 12921
41332 11928 13120
41333 11929 11930
41334 11929 11931
41335 11929 12190
41336 11929 12726
41337 11929 12925
41338 11929 13120
41339 11930 11931
41340 11930 11932
41341 11930 12101
41342 11930 12925
41343 11930 13057
41344 11931 11932
41345 11931 12726
41346 11931 13122
41347 11932 12101
41348 11932 13122
41349 11933 11936
41350 11933 12105
41351 11933 13065
41352 11933 13123
41353 11933 14269
41354 11934 14773
41355 11936 11938
41356 11936 12105
41357 11936 13081
41358 11936 13082
41359 11936 13123
41360 11937 12728
41361 11937 12730
41362 11937 12931
41363 11937 13124
41364 11937 13125
41365 11938 12109
41366 11938 12931
41367 11938 13082
41368 11938 13123
41369 11938 13124
41370 11939 12196
41371 11939 12313
41372 11939 12933
41373 11940 14208
41374 11941 11942
41375 11941 12935
41376 11941 13084
41377 11942 12200
41378 11942 12935
41379 11943 11944
41380 11943 12937
41381 11943 13128
41382 11944 12202
41383 11944 13128
41384 11945 11946
41385 11945 12206
41386 11945 12939
41387 11945 12941
41388 11946 12939
41389 11946 12941
41390 11946 13129
41391 11947 11948
41392 11947 12943
41393 11947 13129
41394 11947 13130
41395 11948 12941
41396 11948 12943
41397 11948 13129
41398 11948 14366
41399 11949 12476
41400 11949 12478
41401 11950 12742
41402 11950 13216
41403 11950 13221
41404 11951 11952
41405 11951 13132
41406 11952 12947
41407 11952 13132
41408 11953 11955
41409 11953 12947
41410 11953 13132
41411 11954 11956
41412 11954 11957
41413 11954 11961
41414 11954 13369
41415 11955 11956
41416 11955 13135
41417 11956 11961
41418 11956 13135
41419 11957 11961
41420 11957 13942
41421 11957 14594
41422 11959 11963
41423 11959 12948
41424 11959 13145
41425 11961 13135
41426 11962 11963
41427 11962 11964
41428 11963 11964
41429 11964 12950
41430 11965 13138
41431 11966 12187
41432 11967 12951
41433 11967 13144
41434 11968 12716
41435 11970 11972
41436 11970 11975
41437 11970 12080
41438 11971 11972
41439 11971 13140
41440 11972 11975
41441 11972 12738
41442 11972 13140
41443 11973 11975
41444 11973 12079
41445 11973 12080
41446 11974 12617
41447 11975 12080
41448 11976 12076
41449 11976 14410
41450 11977 13886
41451 11978 11981
41452 11978 12073
41453 11980 11985
41454 11981 12615
41455 11982 12144
41456 11982 13030
41457 11983 11988
41458 11983 12966
41459 11983 12967
41460 11984 12967
41461 11984 13141
41462 11985 12073
41463 11986 12087
41464 11986 12966
41465 11986 12968
41466 11987 11990
41467 11987 12968
41468 11990 12062
41469 11992 12756
41470 11992 13299
41471 11993 14194
41472 11994 11996
41473 11994 12467
41474 11994 13288
41475 11995 14290
41476 11996 12467
41477 11996 12600
41478 11997 12600
41479 11997 14767
41480 11998 11999
41481 11998 12598
41482 11998 13262
41483 11999 12000
41484 11999 12598
41485 11999 12979
41486 11999 13262
41487 11999 13263
41488 12000 12979
41489 12001 12005
41490 12001 13886
41491 12002 12430
41492 12002 14162
41493 12002 14258
41494 12003 14217
41495 12004 12049
41496 12006 12592
41497 12008 12741
41498 12008 13307
41499 12009 12010
41500 12009 12013
41501 12009 12592
41502 12009 12593
41503 12010 12013
41504 12010 12045
41505 12010 12592
41506 12011 12016
41507 12011 12045
41508 12011 12048
41509 12012 12016
41510 12012 12048
41511 12012 12296
41512 12013 12045
41513 12013 12048
41514 12013 12296
41515 12014 12016
41516 12014 12607
41517 12015 12581
41518 12016 12048
41519 12017 12021
41520 12017 12521
41521 12017 12581
41522 12017 13850
41523 12018 12299
41524 12019 12020
41525 12019 12024
41526 12019 12041
41527 12020 12022
41528 12020 12024
41529 12021 12042
41530 12021 12043
41531 12021 13850
41532 12022 12024
41533 12022 12579
41534 12024 12041
41535 12025 12542
41536 12025 12858
41537 12025 14318
41538 12025 14364
41539 12027 12030
41540 12027 12038
41541 12027 13759
41542 12028 12575
41543 12028 14349
41544 12029 12576
41545 12030 13759
41546 12031 12155
41547 12032 14349
41548 12033 12035
41549 12033 12036
41550 12033 12443
41551 12033 12688
41552 12033 12982
41553 12034 12036
41554 12034 12443
41555 12034 12446
41556 12035 12688
41557 12035 12980
41558 12035 12982
41559 12036 12443
41560 12036 12688
41561 12037 14819
41562 12038 13759
41563 12039 13711
41564 12039 14293
41565 12040 13929
41566 12041 12042
41567 12042 12043
41568 12043 13850
41569 12044 14166
41570 12045 12048
41571 12047 12296
41572 12048 12296
41573 12049 12050
41574 12050 12051
41575 12051 12923
41576 12052 12161
41577 12052 12162
41578 12052 12391
41579 12052 12394
41580 12054 12056
41581 12054 12391
41582 12054 12394
41583 12054 12677
41584 12055 13409
41585 12056 12384
41586 12056 12389
41587 12056 12390
41588 12056 12394
41589 12056 12677
41590 12057 14259
41591 12059 12135
41592 12059 12386
41593 12059 12388
41594 12059 12672
41595 12059 12674
41596 12059 13023
41597 12060 13907
41598 12061 12063
41599 12061 12269
41600 12061 12270
41601 12061 12388
41602 12061 13023
41603 12063 12065
41604 12063 12270
41605 12063 12272
41606 12063 13023
41607 12063 13024
41608 12064 12605
41609 12065 12067
41610 12065 12150
41611 12065 12272
41612 12065 13024
41613 12065 13027
41614 12066 12068
41615 12066 12071
41616 12066 12127
41617 12066 12665
41618 12067 12069
41619 12067 12148
41620 12067 12150
41621 12067 13026
41622 12067 13027
41623 12068 12074
41624 12068 12127
41625 12069 12070
41626 12069 12148
41627 12069 12276
41628 12069 13026
41629 12069 13028
41630 12070 12071
41631 12070 12276
41632 12070 13028
41633 12071 12665
41634 12074 12077
41635 12074 12661
41636 12075 12645
41637 12075 12830
41638 12075 12865
41639 12075 12924
41640 12075 12926
41641 12077 12078
41642 12077 12661
41643 12077 13117
41644 12078 13030
41645 12078 13032
41646 12078 13035
41647 12081 12082
41648 12081 12083
41649 12081 12284
41650 12081 12363
41651 12081 13032
41652 12081 13035
41653 12082 12083
41654 12082 12117
41655 12082 12656
41656 12082 13035
41657 12083 12085
41658 12083 12117
41659 12083 12363
41660 12084 12085
41661 12084 12086
41662 12084 12136
41663 12084 12137
41664 12084 12363
41665 12084 13111
41666 12085 12086
41667 12085 12363
41668 12085 12655
41669 12086 12136
41670 12086 13039
41671 12086 13096
41672 12088 12090
41673 12088 12115
41674 12088 12118
41675 12088 13039
41676 12089 12948
41677 12089 13942
41678 12089 14594
41679 12090 12115
41680 12090 12133
41681 12090 13039
41682 12090 13041
41683 12090 13113
41684 12091 12093
41685 12091 12294
41686 12091 13041
41687 12091 13092
41688 12091 13113
41689 12092 12706
41690 12092 14200
41691 12093 12095
41692 12093 13092
41693 12093 13134
41694 12093 13540
41695 12094 12095
41696 12094 12097
41697 12094 12298
41698 12094 13047
41699 12094 13050
41700 12094 13540
41701 12095 12112
41702 12095 13047
41703 12095 13134
41704 12095 13540
41705 12097 12098
41706 12097 12921
41707 12097 13047
41708 12097 13050
41709 12098 12921
41710 12098 13050
41711 12098 13055
41712 12098 13395
41713 12099 12100
41714 12099 13055
41715 12099 13057
41716 12099 13116
41717 12099 13395
41718 12100 12101
41719 12100 13057
41720 12100 13059
41721 12100 13116
41722 12101 13057
41723 12101 13059
41724 12101 13061
41725 12102 12103
41726 12102 12126
41727 12102 13059
41728 12102 13061
41729 12103 12104
41730 12103 13061
41731 12103 13063
41732 12104 13063
41733 12104 13065
41734 12104 13067
41735 12105 13065
41736 12105 13067
41737 12105 13081
41738 12106 12107
41739 12106 12120
41740 12106 12121
41741 12106 13067
41742 12106 13081
41743 12106 13118
41744 12107 12108
41745 12107 12121
41746 12107 13081
41747 12107 13082
41748 12108 12109
41749 12108 12111
41750 12108 12116
41751 12108 12121
41752 12108 13082
41753 12109 12111
41754 12109 12457
41755 12109 12931
41756 12109 13082
41757 12111 12116
41758 12111 12316
41759 12111 12457
41760 12112 13047
41761 12112 13134
41762 12113 12312
41763 12113 13086
41764 12116 12121
41765 12116 13088
41766 12117 12119
41767 12117 12656
41768 12117 12916
41769 12118 12655
41770 12118 12915
41771 12119 12180
41772 12119 12916
41773 12120 12121
41774 12120 13034
41775 12120 13036
41776 12120 13088
41777 12120 13118
41778 12121 13088
41779 12122 12123
41780 12122 12356
41781 12122 13043
41782 12122 13118
41783 12123 12124
41784 12123 12356
41785 12123 13042
41786 12124 12126
41787 12124 12353
41788 12124 12355
41789 12124 13042
41790 12126 12301
41791 12126 12353
41792 12126 13059
41793 12126 13116
41794 12127 12664
41795 12127 12665
41796 12129 12130
41797 12129 12298
41798 12129 12349
41799 12129 12429
41800 12129 13092
41801 12129 13540
41802 12130 12294
41803 12130 12349
41804 12130 13049
41805 12130 13092
41806 12131 12133
41807 12131 12290
41808 12131 12294
41809 12131 12341
41810 12131 13049
41811 12131 13113
41812 12133 12290
41813 12133 13039
41814 12133 13096
41815 12133 13113
41816 12134 12672
41817 12134 12674
41818 12134 12878
41819 12135 12384
41820 12135 12386
41821 12135 12674
41822 12135 12676
41823 12136 12138
41824 12136 13095
41825 12136 13096
41826 12136 13111
41827 12137 12139
41828 12137 12284
41829 12137 12335
41830 12137 12363
41831 12137 13054
41832 12137 13111
41833 12138 12337
41834 12138 12339
41835 12138 13054
41836 12138 13095
41837 12138 13111
41838 12139 12141
41839 12139 12284
41840 12139 12334
41841 12139 12335
41842 12140 12679
41843 12140 12761
41844 12141 12279
41845 12141 12284
41846 12141 12334
41847 12141 13032
41848 12141 13058
41849 12142 12193
41850 12142 12195
41851 12142 12230
41852 12142 13851
41853 12143 12159
41854 12143 12684
41855 12143 12696
41856 12143 12875
41857 12143 12876
41858 12144 13109
41859 12145 13801
41860 12146 12147
41861 12146 12276
41862 12146 12326
41863 12146 13066
41864 12146 13109
41865 12147 12148
41866 12147 12273
41867 12147 12276
41868 12147 12324
41869 12147 13066
41870 12148 12150
41871 12148 12273
41872 12148 12276
41873 12149 12157
41874 12149 12694
41875 12149 14208
41876 12150 12152
41877 12150 12272
41878 12150 12273
41879 12151 12152
41880 12151 12153
41881 12151 12270
41882 12151 12272
41883 12151 12314
41884 12151 12320
41885 12152 12272
41886 12152 12273
41887 12152 12320
41888 12152 13068
41889 12153 12269
41890 12153 12270
41891 12153 12288
41892 12153 12314
41893 12154 14208
41894 12155 12980
41895 12157 12158
41896 12157 12694
41897 12157 14208
41898 12158 12694
41899 12159 12696
41900 12159 12699
41901 12159 12876
41902 12160 12701
41903 12160 12761
41904 12161 12162
41905 12161 12262
41906 12161 12264
41907 12161 12389
41908 12161 12394
41909 12162 12261
41910 12162 12262
41911 12162 13104
41912 12163 12701
41913 12163 12702
41914 12164 12199
41915 12164 12226
41916 12164 12258
41917 12164 13104
41918 12164 13105
41919 12164 13107
41920 12165 12702
41921 12166 12705
41922 12167 12211
41923 12168 12705
41924 12168 12709
41925 12168 14492
41926 12169 14177
41927 12170 12714
41928 12170 12873
41929 12171 12254
41930 12171 12258
41931 12171 13015
41932 12171 13016
41933 12171 13107
41934 12173 12175
41935 12173 12176
41936 12173 12252
41937 12173 13011
41938 12174 12874
41939 12174 14421
41940 12175 12176
41941 12175 12191
41942 12175 12250
41943 12176 12178
41944 12176 12248
41945 12176 12250
41946 12177 12178
41947 12177 12185
41948 12177 12238
41949 12177 12240
41950 12177 12246
41951 12177 12248
41952 12178 12236
41953 12178 12238
41954 12178 12248
41955 12178 12250
41956 12179 12181
41957 12179 14512
41958 12181 12183
41959 12181 12240
41960 12181 12242
41961 12181 14512
41962 12182 12720
41963 12182 12915
41964 12183 12185
41965 12183 12240
41966 12183 12242
41967 12185 12238
41968 12185 12240
41969 12186 12721
41970 12188 12723
41971 12189 12236
41972 12189 12238
41973 12190 12724
41974 12190 13120
41975 12191 12232
41976 12191 12234
41977 12191 12250
41978 12192 13122
41979 12192 14269
41980 12193 12230
41981 12193 13851
41982 12194 12728
41983 12195 12228
41984 12195 12230
41985 12196 12730
41986 12196 12732
41987 12196 12933
41988 12196 13125
41989 12197 14409
41990 12197 14453
41991 12198 12732
41992 12198 12734
41993 12198 13174
41994 12199 12226
41995 12199 12230
41996 12199 13107
41997 12200 12202
41998 12201 12222
41999 12201 12224
42000 12201 12226
42001 12201 12261
42002 12201 13104
42003 12203 12218
42004 12203 12220
42005 12203 12262
42006 12203 12264
42007 12205 12209
42008 12205 12215
42009 12205 12218
42010 12205 12220
42011 12205 12458
42012 12205 12463
42013 12206 12941
42014 12206 14366
42015 12209 12215
42016 12209 12218
42017 12209 12266
42018 12209 13102
42019 12210 12943
42020 12211 12480
42021 12211 12816
42022 12213 12214
42023 12213 13147
42024 12214 13553
42025 12215 12458
42026 12215 14745
42027 12216 13045
42028 12218 12220
42029 12218 12264
42030 12218 12266
42031 12220 12463
42032 12220 12987
42033 12221 12223
42034 12222 12224
42035 12222 12261
42036 12222 12987
42037 12222 12989
42038 12223 12225
42039 12224 12226
42040 12224 12228
42041 12224 12989
42042 12225 12227
42043 12226 13104
42044 12228 12466
42045 12228 12989
42046 12229 12231
42047 12229 13069
42048 12229 13071
42049 12231 12233
42050 12232 12234
42051 12232 13851
42052 12233 12235
42053 12233 14484
42054 12234 12236
42055 12234 12250
42056 12235 14484
42057 12236 12238
42058 12236 12250
42059 12237 12239
42060 12237 13541
42061 12239 13541
42062 12240 12246
42063 12242 12244
42064 12242 14512
42065 12243 12245
42066 12243 13077
42067 12244 14512
42068 12245 13077
42069 12245 13079
42070 12246 12248
42071 12247 12281
42072 12249 12251
42073 12251 12580
42074 12252 12254
42075 12252 13011
42076 12252 13012
42077 12253 12256
42078 12253 14491
42079 12254 13012
42080 12254 13015
42081 12255 14077
42082 12256 12319
42083 12256 12321
42084 12256 13106
42085 12257 13389
42086 12258 13016
42087 12258 13018
42088 12258 13105
42089 12258 13107
42090 12259 13106
42091 12260 13044
42092 12261 12262
42093 12261 13104
42094 12262 12264
42095 12263 12265
42096 12263 12267
42097 12263 12310
42098 12264 12266
42099 12264 12389
42100 12264 13103
42101 12265 12267
42102 12266 12268
42103 12266 13102
42104 12266 13103
42105 12268 12387
42106 12268 13102
42107 12268 13103
42108 12268 13345
42109 12269 12270
42110 12269 12288
42111 12269 13345
42112 12270 12272
42113 12271 12274
42114 12271 13098
42115 12273 12324
42116 12273 13068
42117 12274 12275
42118 12274 13098
42119 12275 13098
42120 12277 12280
42121 12279 12330
42122 12279 12331
42123 12279 13030
42124 12279 13032
42125 12279 13058
42126 12281 14994
42127 12282 12292
42128 12282 12295
42129 12283 12292
42130 12283 13094
42131 12284 12363
42132 12284 13032
42133 12286 12945
42134 12287 12593
42135 12288 12314
42136 12288 12984
42137 12290 12340
42138 12290 12341
42139 12290 13095
42140 12290 13096
42141 12291 12292
42142 12291 12295
42143 12291 13861
42144 12291 13904
42145 12292 12295
42146 12293 12366
42147 12293 12368
42148 12293 13034
42149 12294 13049
42150 12294 13092
42151 12294 13113
42152 12295 12297
42153 12297 13091
42154 12298 12351
42155 12298 12429
42156 12298 13050
42157 12298 13540
42158 12299 14250
42159 12300 13091
42160 12300 13577
42161 12301 12350
42162 12301 12353
42163 12301 13116
42164 12303 12796
42165 12303 12803
42166 12303 13301
42167 12305 13153
42168 12306 13101
42169 12307 12374
42170 12307 14050
42171 12307 14052
42172 12309 12311
42173 12310 13087
42174 12311 12316
42175 12311 12317
42176 12313 12317
42177 12313 13084
42178 12313 13086
42179 12314 12320
42180 12314 12449
42181 12314 12984
42182 12316 12317
42183 12316 12457
42184 12317 13086
42185 12318 12320
42186 12318 12322
42187 12318 13068
42188 12319 12321
42189 12319 13106
42190 12319 14215
42191 12320 13068
42192 12322 12323
42193 12322 12324
42194 12322 12439
42195 12322 13068
42196 12323 12324
42197 12323 12325
42198 12323 12438
42199 12323 12439
42200 12323 13066
42201 12324 13066
42202 12324 13068
42203 12325 12326
42204 12325 12436
42205 12325 12438
42206 12325 13064
42207 12325 13066
42208 12326 12327
42209 12326 13064
42210 12326 13066
42211 12326 13109
42212 12327 12328
42213 12327 13062
42214 12327 13064
42215 12327 13109
42216 12328 12329
42217 12328 12428
42218 12328 12434
42219 12328 13062
42220 12328 13064
42221 12329 12330
42222 12329 12428
42223 12329 12437
42224 12329 13060
42225 12329 13062
42226 12330 12331
42227 12330 13060
42228 12330 13062
42229 12331 12332
42230 12331 13058
42231 12331 13060
42232 12332 12333
42233 12332 12423
42234 12332 12424
42235 12332 13058
42236 12332 13060
42237 12333 12334
42238 12333 12423
42239 12333 12440
42240 12333 13056
42241 12333 13058
42242 12334 12335
42243 12334 13056
42244 12334 13058
42245 12335 12336
42246 12335 13054
42247 12335 13056
42248 12336 12337
42249 12336 12442
42250 12336 12445
42251 12336 13054
42252 12336 13056
42253 12337 12339
42254 12337 12445
42255 12337 13052
42256 12337 13054
42257 12338 13153
42258 12338 13773
42259 12339 12340
42260 12339 13052
42261 12339 13095
42262 12340 12341
42263 12340 13051
42264 12340 13052
42265 12340 13095
42266 12341 12342
42267 12341 13049
42268 12341 13051
42269 12342 12343
42270 12342 12411
42271 12342 12412
42272 12342 12414
42273 12342 13049
42274 12342 13051
42275 12343 12346
42276 12343 12349
42277 12343 12411
42278 12343 13049
42279 12345 13070
42280 12346 12348
42281 12346 12407
42282 12346 12410
42283 12346 12411
42284 12347 13962
42285 12348 12404
42286 12348 12407
42287 12349 12429
42288 12349 13049
42289 12350 12352
42290 12350 13090
42291 12351 12429
42292 12351 13090
42293 12352 12378
42294 12352 12396
42295 12353 12355
42296 12354 12356
42297 12354 12367
42298 12354 12370
42299 12354 13042
42300 12354 13043
42301 12355 13040
42302 12355 13042
42303 12356 13042
42304 12356 13043
42305 12358 12359
42306 12360 12361
42307 12360 12362
42308 12360 13036
42309 12360 13088
42310 12361 12362
42311 12361 13031
42312 12362 12368
42313 12362 13031
42314 12362 13036
42315 12364 12365
42316 12366 12555
42317 12366 14188
42318 12367 12370
42319 12368 13034
42320 12368 13036
42321 12369 13639
42322 12369 13642
42323 12370 13025
42324 12370 13042
42325 12371 14173
42326 12372 13635
42327 12372 13639
42328 12373 13635
42329 12374 14052
42330 12375 12380
42331 12376 12378
42332 12376 13025
42333 12376 13040
42334 12378 12396
42335 12378 12398
42336 12378 12562
42337 12378 13040
42338 12379 14056
42339 12379 14079
42340 12381 12382
42341 12383 14472
42342 12384 12386
42343 12384 12390
42344 12384 12676
42345 12384 12677
42346 12385 14150
42347 12386 12387
42348 12386 12388
42349 12386 12390
42350 12387 12388
42351 12387 12390
42352 12387 13103
42353 12388 13023
42354 12389 12390
42355 12389 12394
42356 12389 13103
42357 12390 13103
42358 12391 12394
42359 12392 12393
42360 12392 12395
42361 12396 12398
42362 12396 12400
42363 12397 13648
42364 12398 12400
42365 12398 12513
42366 12398 12518
42367 12398 12562
42368 12400 12402
42369 12400 12404
42370 12400 12513
42371 12401 14937
42372 12402 12404
42373 12402 12406
42374 12402 12407
42375 12402 12513
42376 12402 12991
42377 12404 12407
42378 12406 12407
42379 12406 12410
42380 12406 12509
42381 12406 12511
42382 12406 12991
42383 12407 12410
42384 12409 13596
42385 12409 13598
42386 12410 12411
42387 12410 12509
42388 12411 12412
42389 12412 12414
42390 12412 12415
42391 12412 12996
42392 12413 13388
42393 12414 12415
42394 12414 12416
42395 12414 13051
42396 12415 12416
42397 12415 12417
42398 12415 12510
42399 12415 12996
42400 12416 12417
42401 12416 12418
42402 12416 13051
42403 12416 13052
42404 12417 12418
42405 12417 12510
42406 12418 12445
42407 12418 13052
42408 12419 12442
42409 12419 12445
42410 12419 12998
42411 12420 12480
42412 12420 12781
42413 12420 12826
42414 12422 12423
42415 12422 12424
42416 12422 12435
42417 12422 12440
42418 12422 12504
42419 12422 13000
42420 12423 12424
42421 12423 12440
42422 12424 12435
42423 12424 12437
42424 12424 13060
42425 12425 12426
42426 12425 13533
42427 12426 13533
42428 12426 13633
42429 12427 13500
42430 12427 13569
42431 12427 13712
42432 12428 12434
42433 12428 12437
42434 12428 12454
42435 12428 13768
42436 12430 14162
42437 12430 14502
42438 12431 12483
42439 12431 14559
42440 12431 14669
42441 12433 13560
42442 12433 13561
42443 12434 12436
42444 12434 12454
42445 12434 13064
42446 12435 12437
42447 12435 12493
42448 12435 13000
42449 12435 13768
42450 12436 12452
42451 12436 12454
42452 12436 13064
42453 12437 13060
42454 12437 13768
42455 12438 12439
42456 12438 12448
42457 12440 12442
42458 12440 13056
42459 12441 14830
42460 12442 12445
42461 12442 13056
42462 12444 13006
42463 12445 13052
42464 12447 12541
42465 12447 12670
42466 12447 12673
42467 12447 12712
42468 12448 12499
42469 12448 13005
42470 12449 12450
42471 12449 12984
42472 12450 12503
42473 12450 12984
42474 12450 12985
42475 12451 12458
42476 12451 12461
42477 12451 12470
42478 12451 13004
42479 12451 14745
42480 12452 12454
42481 12452 12497
42482 12453 14792
42483 12453 14870
42484 12454 12495
42485 12454 12497
42486 12454 13768
42487 12455 12456
42488 12455 12459
42489 12456 14502
42490 12457 12931
42491 12457 12933
42492 12457 13125
42493 12458 12461
42494 12458 12463
42495 12458 14745
42496 12459 12460
42497 12460 12464
42498 12460 12465
42499 12461 12463
42500 12461 12565
42501 12461 13004
42502 12461 14656
42503 12462 12466
42504 12462 12565
42505 12462 12987
42506 12462 12989
42507 12462 14540
42508 12463 12565
42509 12463 12987
42510 12464 12468
42511 12465 13552
42512 12466 12989
42513 12467 13270
42514 12467 13288
42515 12469 12471
42516 12469 12472
42517 12470 12985
42518 12470 13004
42519 12470 14745
42520 12471 12472
42521 12471 12474
42522 12472 12474
42523 12472 14433
42524 12474 13977
42525 12475 14447
42526 12476 12478
42527 12477 14546
42528 12480 12816
42529 12480 12826
42530 12481 14998
42531 12482 13766
42532 12484 12491
42533 12484 14355
42534 12485 12490
42535 12485 13612
42536 12485 14546
42537 12486 12489
42538 12486 13075
42539 12486 13545
42540 12487 12488
42541 12488 13529
42542 12489 13075
42543 12491 12492
42544 12491 14355
42545 12492 12494
42546 12492 14355
42547 12493 12495
42548 12493 13000
42549 12493 13768
42550 12494 13472
42551 12495 12497
42552 12495 13768
42553 12496 14878
42554 12498 12501
42555 12499 12958
42556 12499 12959
42557 12499 12963
42558 12499 13005
42559 12500 12657
42560 12501 12999
42561 12501 13001
42562 12502 12623
42563 12502 12624
42564 12502 13006
42565 12503 13006
42566 12503 14768
42567 12504 12505
42568 12504 12998
42569 12504 13000
42570 12505 12616
42571 12505 12962
42572 12505 12998
42573 12506 13173
42574 12506 13175
42575 12506 13432
42576 12507 12611
42577 12507 12612
42578 12509 12511
42579 12510 12996
42580 12511 12975
42581 12511 12991
42582 12513 12515
42583 12513 12518
42584 12513 12991
42585 12514 12516
42586 12514 12561
42587 12514 12562
42588 12514 12563
42589 12515 12518
42590 12515 12563
42591 12515 12594
42592 12515 12606
42593 12516 12561
42594 12516 12993
42595 12516 14083
42596 12517 12519
42597 12518 12562
42598 12518 12563
42599 12519 13360
42600 12520 13282
42601 12521 12581
42602 12521 12586
42603 12521 13850
42604 12522 14409
42605 12523 12555
42606 12523 12981
42607 12523 12993
42608 12523 14188
42609 12525 13285
42610 12526 13287
42611 12526 13350
42612 12526 13396
42613 12527 13289
42614 12528 12530
42615 12528 12546
42616 12528 12556
42617 12528 14053
42618 12529 12544
42619 12529 12546
42620 12531 12536
42621 12531 12539
42622 12531 12542
42623 12532 13295
42624 12533 13291
42625 12533 14340
42626 12534 13906
42627 12535 13860
42628 12535 13891
42629 12536 12539
42630 12537 12540
42631 12538 14066
42632 12541 12548
42633 12541 12670
42634 12541 12673
42635 12541 12854
42636 12542 14076
42637 12542 14364
42638 12543 12544
42639 12543 12546
42640 12543 12548
42641 12543 12550
42642 12544 12546
42643 12546 12550
42644 12546 14053
42645 12548 12549
42646 12548 12550
42647 12548 12854
42648 12549 12550
42649 12549 12551
42650 12549 12671
42651 12549 12854
42652 12549 14053
42653 12550 14053
42654 12551 12556
42655 12551 12558
42656 12551 12662
42657 12551 12671
42658 12551 14053
42659 12553 13902
42660 12554 12555
42661 12554 12559
42662 12554 12564
42663 12554 12569
42664 12555 12564
42665 12555 14188
42666 12556 12557
42667 12556 12558
42668 12556 14053
42669 12557 12558
42670 12557 12569
42671 12557 12570
42672 12557 12571
42673 12558 12570
42674 12558 12662
42675 12559 12564
42676 12559 12568
42677 12559 12569
42678 12559 12571
42679 12560 12810
42680 12560 12814
42681 12561 13025
42682 12562 12563
42683 12563 12599
42684 12563 12606
42685 12564 12566
42686 12564 12568
42687 12564 12981
42688 12565 12987
42689 12565 14540
42690 12565 14656
42691 12566 12568
42692 12566 12589
42693 12566 12889
42694 12566 12895
42695 12566 12981
42696 12567 12793
42697 12567 14235
42698 12568 12571
42699 12568 12887
42700 12568 12889
42701 12569 12571
42702 12570 12571
42703 12570 12887
42704 12571 12887
42705 12572 14521
42706 12572 14705
42707 12573 12574
42708 12574 12575
42709 12583 12585
42710 12586 12587
42711 12586 12607
42712 12587 12607
42713 12589 12895
42714 12589 12898
42715 12589 12981
42716 12590 12898
42717 12590 12904
42718 12590 14083
42719 12594 12606
42720 12594 12975
42721 12594 12976
42722 12594 12977
42723 12596 12882
42724 12596 12884
42725 12596 12974
42726 12596 12975
42727 12596 12976
42728 12596 13206
42729 12597 12599
42730 12597 12606
42731 12597 12910
42732 12597 12977
42733 12598 14737
42734 12599 12606
42735 12600 14767
42736 12601 12604
42737 12601 13268
42738 12601 13271
42739 12602 12609
42740 12602 12610
42741 12602 12888
42742 12602 12920
42743 12602 12972
42744 12602 12973
42745 12604 13271
42746 12604 13277
42747 12604 13299
42748 12605 12756
42749 12606 12977
42750 12609 12610
42751 12609 12611
42752 12609 12648
42753 12609 12920
42754 12611 12612
42755 12611 12648
42756 12611 12892
42757 12612 12892
42758 12612 12894
42759 12612 12961
42760 12613 12623
42761 12613 12626
42762 12613 12641
42763 12613 12934
42764 12613 12963
42765 12614 12616
42766 12614 12619
42767 12614 12645
42768 12614 12924
42769 12614 12961
42770 12614 12962
42771 12615 14410
42772 12616 12961
42773 12616 12962
42774 12617 13812
42775 12619 12645
42776 12619 12897
42777 12619 12954
42778 12619 12962
42779 12620 13197
42780 12620 13200
42781 12620 13202
42782 12621 12953
42783 12621 12958
42784 12621 14074
42785 12623 12624
42786 12623 12626
42787 12623 12963
42788 12624 12625
42789 12624 12626
42790 12624 12627
42791 12625 12626
42792 12625 12627
42793 12625 12628
42794 12625 12640
42795 12625 12905
42796 12626 12641
42797 12626 12905
42798 12627 12628
42799 12627 12629
42800 12627 14768
42801 12628 12629
42802 12628 12630
42803 12628 12640
42804 12628 12938
42805 12629 12630
42806 12629 12632
42807 12629 14768
42808 12630 12632
42809 12630 12938
42810 12630 14199
42811 12631 12907
42812 12631 14199
42813 12632 14199
42814 12633 13276
42815 12634 13853
42816 12635 12914
42817 12636 12913
42818 12636 12946
42819 12637 12942
42820 12637 12944
42821 12638 14389
42822 12639 12907
42823 12639 12909
42824 12639 12940
42825 12640 12905
42826 12640 12938
42827 12641 12903
42828 12641 12905
42829 12641 12934
42830 12641 12936
42831 12642 12781
42832 12642 12901
42833 12642 12903
42834 12643 12777
42835 12643 12779
42836 12643 12899
42837 12643 12932
42838 12644 12899
42839 12644 12930
42840 12645 12924
42841 12646 12647
42842 12646 12772
42843 12646 12773
42844 12646 12894
42845 12646 12926
42846 12647 12772
42847 12647 12833
42848 12647 12892
42849 12647 12894
42850 12647 12922
42851 12648 12890
42852 12648 12892
42853 12648 12920
42854 12648 12922
42855 12649 12650
42856 12649 12765
42857 12649 12767
42858 12649 12888
42859 12649 12890
42860 12649 12920
42861 12650 12651
42862 12650 12763
42863 12650 12765
42864 12650 12886
42865 12650 12888
42866 12651 12652
42867 12651 12763
42868 12651 12884
42869 12651 12886
42870 12652 12653
42871 12652 12759
42872 12652 12763
42873 12652 13527
42874 12653 12654
42875 12653 12759
42876 12653 12882
42877 12653 12912
42878 12654 12753
42879 12654 12759
42880 12654 12912
42881 12655 12915
42882 12656 12916
42883 12656 13035
42884 12656 13119
42885 12658 13392
42886 12659 12661
42887 12659 12872
42888 12659 13117
42889 12659 14632
42890 12660 12662
42891 12660 12666
42892 12660 12719
42893 12660 12870
42894 12661 13117
42895 12662 12666
42896 12662 12671
42897 12663 12855
42898 12663 12856
42899 12663 13225
42900 12664 12665
42901 12664 12880
42902 12665 12880
42903 12666 12668
42904 12666 12671
42905 12666 12718
42906 12666 12719
42907 12667 12669
42908 12667 12780
42909 12667 13026
42910 12667 13028
42911 12667 13114
42912 12668 12670
42913 12668 12671
42914 12668 12715
42915 12668 12718
42916 12668 12854
42917 12669 13026
42918 12669 13027
42919 12669 13114
42920 12670 12715
42921 12670 12760
42922 12670 12854
42923 12671 12854
42924 12672 12674
42925 12672 13023
42926 12672 13024
42927 12673 14318
42928 12674 12878
42929 12675 14369
42930 12676 12677
42931 12676 12877
42932 12676 13112
42933 12677 13112
42934 12678 12682
42935 12678 12683
42936 12678 12858
42937 12678 12859
42938 12679 12681
42939 12679 12761
42940 12679 13021
42941 12680 12683
42942 12680 12710
42943 12680 12766
42944 12680 12857
42945 12680 12858
42946 12681 12761
42947 12681 12876
42948 12681 13019
42949 12681 13021
42950 12682 12859
42951 12682 12860
42952 12683 12766
42953 12683 12768
42954 12683 12858
42955 12683 12859
42956 12684 12875
42957 12684 13014
42958 12684 13017
42959 12684 13019
42960 12684 13110
42961 12685 12875
42962 12685 13110
42963 12686 13008
42964 12687 12690
42965 12687 12861
42966 12687 12862
42967 12689 12692
42968 12689 12697
42969 12689 12700
42970 12689 12862
42971 12689 12863
42972 12690 12700
42973 12690 12704
42974 12690 12862
42975 12690 12867
42976 12692 12862
42977 12692 12863
42978 12695 12698
42979 12695 12866
42980 12696 12875
42981 12697 12700
42982 12697 12866
42983 12698 12864
42984 12700 12862
42985 12700 12867
42986 12703 12877
42987 12703 12878
42988 12704 12770
42989 12704 12867
42990 12706 12708
42991 12707 14939
42992 12708 12764
42993 12708 12766
42994 12708 12768
42995 12708 12770
42996 12709 13559
42997 12709 14492
42998 12710 12764
42999 12710 12766
43000 12710 12857
43001 12710 13948
43002 12710 14437
43003 12711 13559
43004 12712 14437
43005 12713 12760
43006 12714 12873
43007 12714 13814
43008 12715 12718
43009 12715 12760
43010 12715 12868
43011 12716 12952
43012 12716 13140
43013 12716 13143
43014 12717 13108
43015 12717 14038
43016 12717 14632
43017 12718 12719
43018 12718 12758
43019 12718 12868
43020 12719 12758
43021 12719 12869
43022 12719 12870
43023 12720 12917
43024 12722 14290
43025 12724 13120
43026 12725 12746
43027 12725 12750
43028 12725 12870
43029 12725 12883
43030 12727 12729
43031 12727 12745
43032 12727 12750
43033 12727 12891
43034 12727 12896
43035 12728 13124
43036 12729 12731
43037 12729 12745
43038 12730 13125
43039 12731 14726
43040 12732 13174
43041 12733 12737
43042 12733 12749
43043 12733 13261
43044 12733 14726
43045 12734 13174
43046 12735 15006
43047 12736 14710
43048 12736 14995
43049 12737 12749
43050 12737 12902
43051 12738 13140
43052 12740 12742
43053 12740 13221
43054 12740 13240
43055 12741 13307
43056 12742 13221
43057 12743 14594
43058 12744 14921
43059 12745 12746
43060 12745 12750
43061 12746 12750
43062 12748 14161
43063 12749 13261
43064 12749 14020
43065 12750 12883
43066 12750 12891
43067 12752 14860
43068 12752 14861
43069 12752 14862
43070 12753 12754
43071 12753 12910
43072 12753 14020
43073 12754 12842
43074 12754 14020
43075 12756 12757
43076 12757 13402
43077 12758 12868
43078 12758 12869
43079 12759 12842
43080 12759 13527
43081 12760 12868
43082 12761 12876
43083 12763 12765
43084 12763 12840
43085 12764 12766
43086 12764 13948
43087 12765 12767
43088 12765 12838
43089 12765 12840
43090 12766 12768
43091 12767 12834
43092 12767 12837
43093 12767 12838
43094 12767 12890
43095 12768 12770
43096 12768 12859
43097 12769 12771
43098 12769 12833
43099 12769 12834
43100 12769 12837
43101 12771 12772
43102 12771 12833
43103 12772 12773
43104 12772 12833
43105 12773 12926
43106 12774 12775
43107 12774 12830
43108 12774 12897
43109 12775 12776
43110 12775 12828
43111 12775 12930
43112 12776 12777
43113 12776 12778
43114 12776 12828
43115 12776 12930
43116 12777 12778
43117 12777 12779
43118 12777 12826
43119 12778 12826
43120 12778 12828
43121 12779 12826
43122 12780 12880
43123 12780 13028
43124 12781 12782
43125 12782 12783
43126 12782 12822
43127 12783 12784
43128 12783 12822
43129 12783 13824
43130 12784 12799
43131 12784 13824
43132 12784 14165
43133 12785 12795
43134 12785 14165
43135 12786 12787
43136 12786 12819
43137 12786 13515
43138 12787 12819
43139 12787 13515
43140 12789 12792
43141 12789 12805
43142 12789 12809
43143 12789 12813
43144 12790 12791
43145 12790 12813
43146 12790 12848
43147 12790 14772
43148 12791 12811
43149 12792 12805
43150 12792 12809
43151 12792 13965
43152 12794 12853
43153 12794 13965
43154 12794 13999
43155 12795 12804
43156 12796 12800
43157 12796 12803
43158 12796 13452
43159 12797 12800
43160 12797 12855
43161 12797 12856
43162 12797 13223
43163 12799 12810
43164 12799 12814
43165 12799 14165
43166 12800 13223
43167 12800 13339
43168 12800 13452
43169 12801 12825
43170 12801 13427
43171 12803 13452
43172 12804 13515
43173 12804 13999
43174 12805 12817
43175 12806 13420
43176 12807 14311
43177 12807 14396
43178 12808 13421
43179 12809 12813
43180 12809 12850
43181 12810 12814
43182 12811 13338
43183 12812 12847
43184 12812 13199
43185 12813 12848
43186 12813 12850
43187 12818 12846
43188 12821 12944
43189 12822 12936
43190 12824 13500
43191 12825 13427
43192 12827 13185
43193 12827 13430
43194 12829 13430
43195 12830 12865
43196 12832 13166
43197 12833 12834
43198 12833 12922
43199 12834 12837
43200 12834 12890
43201 12834 12922
43202 12835 14298
43203 12837 12838
43204 12838 12840
43205 12839 13158
43206 12839 13160
43207 12842 13527
43208 12843 13156
43209 12844 13328
43210 12844 13330
43211 12846 13189
43212 12847 13199
43213 12849 13421
43214 12849 13422
43215 12852 14479
43216 12853 13965
43217 12853 13999
43218 12855 12856
43219 12856 13225
43220 12857 12858
43221 12857 14318
43222 12857 14437
43223 12858 14318
43224 12859 12860
43225 12860 12861
43226 12869 12870
43227 12871 12966
43228 12871 12968
43229 12872 12873
43230 12874 14421
43231 12875 13110
43232 12877 13112
43233 12882 12884
43234 12882 12912
43235 12882 12976
43236 12883 12887
43237 12883 12889
43238 12883 12891
43239 12884 12886
43240 12884 12974
43241 12886 12888
43242 12886 12973
43243 12886 12974
43244 12887 12889
43245 12888 12920
43246 12888 12973
43247 12889 12891
43248 12889 12895
43249 12890 12920
43250 12890 12922
43251 12891 12895
43252 12891 12896
43253 12892 12894
43254 12892 12922
43255 12893 14010
43256 12894 12924
43257 12894 12926
43258 12894 12961
43259 12895 12896
43260 12896 12900
43261 12897 12954
43262 12897 12960
43263 12898 14083
43264 12899 12932
43265 12900 12902
43266 12901 12903
43267 12901 12932
43268 12901 12934
43269 12902 12904
43270 12902 12906
43271 12903 12934
43272 12903 12936
43273 12904 12906
43274 12905 12936
43275 12906 12910
43276 12907 14199
43277 12908 13437
43278 12908 14790
43279 12909 12911
43280 12909 12940
43281 12911 12942
43282 12912 12976
43283 12912 12977
43284 12913 12944
43285 12913 12946
43286 12916 13108
43287 12916 13119
43288 12924 12926
43289 12924 12961
43290 12925 13055
43291 12925 13057
43292 12925 13120
43293 12928 14589
43294 12929 14623
43295 12931 13124
43296 12931 13125
43297 12933 13125
43298 12935 13174
43299 12939 13128
43300 12940 12946
43301 12941 13129
43302 12941 14366
43303 12943 13130
43304 12945 13443
43305 12947 13132
43306 12948 13145
43307 12950 13138
43308 12950 13144
43309 12952 13140
43310 12952 13143
43311 12954 12960
43312 12954 12962
43313 12955 13681
43314 12955 14040
43315 12955 14067
43316 12958 12959
43317 12958 14074
43318 12959 12963
43319 12959 14074
43320 12966 12968
43321 12969 12970
43322 12969 12971
43323 12970 12971
43324 12972 12973
43325 12973 12974
43326 12973 13206
43327 12974 13206
43328 12975 12976
43329 12975 13206
43330 12976 12977
43331 12979 13263
43332 12980 12982
43333 12981 12993
43334 12983 13428
43335 12984 12985
43336 12985 14745
43337 12987 12989
43338 12988 14017
43339 12990 13281
43340 12992 12997
43341 12992 13280
43342 12993 14083
43343 12999 13001
43344 13001 13311
43345 13004 14656
43346 13008 13011
43347 13008 13013
43348 13011 13012
43349 13011 13013
43350 13012 13013
43351 13012 13014
43352 13012 13015
43353 13013 13014
43354 13013 13110
43355 13014 13015
43356 13014 13017
43357 13014 13110
43358 13015 13016
43359 13015 13017
43360 13016 13017
43361 13016 13018
43362 13017 13018
43363 13017 13019
43364 13018 13019
43365 13018 13105
43366 13019 13021
43367 13020 13600
43368 13023 13024
43369 13024 13027
43370 13026 13027
43371 13026 13028
43372 13030 13032
43373 13032 13035
43374 13034 13036
43375 13034 13043
43376 13034 13118
43377 13036 13088
43378 13037 14996
43379 13039 13096
43380 13041 13113
43381 13043 13118
43382 13046 13048
43383 13050 13395
43384 13051 13052
43385 13053 14991
43386 13054 13111
43387 13055 13057
43388 13055 13395
43389 13059 13061
43390 13059 13116
43391 13061 13063
43392 13063 13065
43393 13065 13067
43394 13067 13081
43395 13069 13070
43396 13069 13071
43397 13072 14583
43398 13073 14484
43399 13074 14036
43400 13076 13077
43401 13079 13080
43402 13080 13622
43403 13080 13628
43404 13081 13082
43405 13083 13290
43406 13083 13292
43407 13083 14767
43408 13085 13598
43409 13085 13602
43410 13085 13604
43411 13089 13585
43412 13091 13577
43413 13092 13540
43414 13093 14860
43415 13093 14862
43416 13095 13096
43417 13099 13752
43418 13099 14367
43419 13100 13101
43420 13102 13345
43421 13104 13105
43422 13108 13119
43423 13108 14038
43424 13108 14632
43425 13115 14611
43426 13115 14645
43427 13115 14673
43428 13115 14748
43429 13115 14798
43430 13117 13119
43431 13117 14632
43432 13119 14632
43433 13122 14269
43434 13123 13124
43435 13126 14628
43436 13127 14782
43437 13130 13131
43438 13138 14781
43439 13139 13810
43440 13139 14535
43441 13139 14537
43442 13142 13764
43443 13144 15006
43444 13145 13146
43445 13147 13148
43446 13151 13152
43447 13154 13155
43448 13156 13808
43449 13157 13244
43450 13158 13160
43451 13159 13161
43452 13161 13163
43453 13161 14428
43454 13162 14298
43455 13163 13165
43456 13163 14428
43457 13164 13246
43458 13165 13167
43459 13165 14428
43460 13166 13168
43461 13167 14428
43462 13172 13175
43463 13175 13432
43464 13176 13177
43465 13176 13180
43466 13178 13181
43467 13178 13182
43468 13178 13184
43469 13180 14125
43470 13181 13182
43471 13182 13183
43472 13182 13184
43473 13183 13184
43474 13183 13188
43475 13183 13425
43476 13184 13188
43477 13185 13429
43478 13186 13190
43479 13186 13425
43480 13188 13425
43481 13190 13425
43482 13191 14631
43483 13195 13372
43484 13195 13374
43485 13196 13300
43486 13196 13372
43487 13197 13200
43488 13197 13300
43489 13197 13368
43490 13199 13422
43491 13200 13202
43492 13200 13368
43493 13200 13385
43494 13200 13419
43495 13202 13363
43496 13202 13419
43497 13203 13363
43498 13204 13386
43499 13204 13387
43500 13204 13416
43501 13205 13387
43502 13205 13416
43503 13208 13388
43504 13208 13414
43505 13209 13210
43506 13209 13212
43507 13210 13211
43508 13210 13212
43509 13210 13390
43510 13211 13212
43511 13211 13213
43512 13211 13390
43513 13213 13390
43514 13213 13393
43515 13215 13240
43516 13215 13393
43517 13216 13221
43518 13217 13693
43519 13217 14058
43520 13219 13457
43521 13220 13456
43522 13220 14260
43523 13222 13469
43524 13222 14066
43525 13222 14260
43526 13223 13339
43527 13224 13226
43528 13224 13228
43529 13224 13401
43530 13226 13401
43531 13226 13441
43532 13226 13452
43533 13227 13362
43534 13228 13401
43535 13228 13402
43536 13228 13832
43537 13230 13401
43538 13230 13403
43539 13230 13441
43540 13230 13832
43541 13231 14571
43542 13234 13235
43543 13234 13327
43544 13234 13328
43545 13234 13410
43546 13235 13236
43547 13235 13325
43548 13235 13327
43549 13235 13410
43550 13235 13453
43551 13236 13321
43552 13236 13325
43553 13237 13318
43554 13237 13821
43555 13238 13242
43556 13238 13312
43557 13238 13318
43558 13238 13821
43559 13240 13393
43560 13241 13323
43561 13241 13455
43562 13242 13312
43563 13242 14567
43564 13243 13244
43565 13243 13316
43566 13244 13316
43567 13247 13310
43568 13247 13323
43569 13247 14567
43570 13248 13508
43571 13248 13772
43572 13248 14231
43573 13249 13440
43574 13250 13946
43575 13250 14896
43576 13251 14241
43577 13252 13255
43578 13252 13764
43579 13253 14241
43580 13255 13302
43581 13255 13764
43582 13256 13263
43583 13257 14205
43584 13258 13672
43585 13260 14790
43586 13262 13263
43587 13262 13294
43588 13264 13336
43589 13264 13337
43590 13266 13267
43591 13266 14661
43592 13268 13271
43593 13268 13284
43594 13268 13286
43595 13268 13288
43596 13269 13270
43597 13269 13290
43598 13269 13821
43599 13270 13290
43600 13271 13274
43601 13271 13277
43602 13271 13284
43603 13272 13273
43604 13272 13435
43605 13272 14857
43606 13273 13434
43607 13273 14857
43608 13274 13284
43609 13274 13325
43610 13274 13410
43611 13275 13433
43612 13275 13434
43613 13276 13428
43614 13277 13299
43615 13278 13304
43616 13279 13280
43617 13279 13367
43618 13280 13367
43619 13284 13286
43620 13284 13321
43621 13284 13325
43622 13285 13352
43623 13286 13288
43624 13286 13321
43625 13287 13350
43626 13290 14767
43627 13291 13475
43628 13292 13296
43629 13294 13296
43630 13297 14361
43631 13298 14638
43632 13300 13372
43633 13308 14321
43634 13309 14659
43635 13310 14202
43636 13310 14567
43637 13312 13318
43638 13313 13314
43639 13314 14398
43640 13317 13319
43641 13317 13320
43642 13318 13821
43643 13319 13320
43644 13319 13322
43645 13320 13322
43646 13321 13325
43647 13322 13405
43648 13323 13400
43649 13324 14361
43650 13325 13410
43651 13326 13404
43652 13326 13906
43653 13327 13328
43654 13327 13453
43655 13327 14160
43656 13328 13330
43657 13330 13403
43658 13331 13333
43659 13331 13400
43660 13332 13334
43661 13332 13460
43662 13336 13337
43663 13336 14402
43664 13339 13452
43665 13341 13467
43666 13342 13346
43667 13342 13394
43668 13343 13375
43669 13343 13394
43670 13343 14021
43671 13348 13543
43672 13349 14021
43673 13350 13351
43674 13351 13352
43675 13353 13391
43676 13354 13943
43677 13355 13708
43678 13357 13408
43679 13358 13364
43680 13360 13364
43681 13361 13363
43682 13361 13386
43683 13361 13419
43684 13363 13419
43685 13365 14803
43686 13366 13538
43687 13368 13385
43688 13371 13373
43689 13371 13391
43690 13373 13375
43691 13374 13377
43692 13375 13394
43693 13377 13378
43694 13378 13379
43695 13378 14229
43696 13379 13381
43697 13379 14229
43698 13379 14246
43699 13380 13525
43700 13381 14229
43701 13381 14246
43702 13382 13383
43703 13382 13535
43704 13383 13535
43705 13385 13419
43706 13387 13416
43707 13396 13397
43708 13397 13398
43709 13397 13546
43710 13398 13546
43711 13399 14643
43712 13401 13441
43713 13401 13832
43714 13403 13832
43715 13406 14398
43716 13413 13459
43717 13413 13461
43718 13417 13418
43719 13417 13443
43720 13417 13445
43721 13423 14329
43722 13424 13566
43723 13424 14796
43724 13441 13451
43725 13442 13444
43726 13443 13445
43727 13443 14197
43728 13445 14197
43729 13448 13450
43730 13448 14160
43731 13449 13450
43732 13449 13451
43733 13453 14160
43734 13459 13461
43735 13460 13462
43736 13463 14402
43737 13464 13466
43738 13468 13469
43739 13472 14878
43740 13474 14508
43741 13478 13479
43742 13478 13625
43743 13478 13653
43744 13479 13481
43745 13479 13653
43746 13481 13485
43747 13481 13862
43748 13483 13503
43749 13483 13858
43750 13484 13509
43751 13485 13859
43752 13485 13862
43753 13486 14281
43754 13487 13488
43755 13488 13657
43756 13489 13490
43757 13489 13617
43758 13490 13491
43759 13490 13613
43760 13490 13615
43761 13490 13617
43762 13491 13492
43763 13491 13611
43764 13491 13613
43765 13492 13611
43766 13492 13670
43767 13493 13684
43768 13494 14339
43769 13496 13500
43770 13496 13712
43771 13499 13501
43772 13500 13712
43773 13502 14254
43774 13502 14360
43775 13503 13536
43776 13504 13705
43777 13505 13509
43778 13505 13510
43779 13507 14014
43780 13508 13955
43781 13509 13510
43782 13511 14852
43783 13513 13641
43784 13514 13602
43785 13515 13999
43786 13517 13658
43787 13518 14347
43788 13520 13539
43789 13521 13537
43790 13522 13523
43791 13524 13547
43792 13531 13952
43793 13533 13633
43794 13534 14459
43795 13534 14549
43796 13538 13542
43797 13543 13545
43798 13543 13612
43799 13545 13612
43800 13549 13550
43801 13551 13554
43802 13553 13555
43803 13557 14305
43804 13558 14073
43805 13560 13561
43806 13562 13564
43807 13566 14796
43808 13570 13714
43809 13571 13710
43810 13572 13573
43811 13572 13706
43812 13572 13710
43813 13574 13575
43814 13574 13702
43815 13577 13579
43816 13577 13650
43817 13578 13740
43818 13578 14169
43819 13579 13625
43820 13579 13650
43821 13580 13696
43822 13583 14644
43823 13584 13692
43824 13584 13696
43825 13587 13589
43826 13588 14654
43827 13589 13592
43828 13590 13684
43829 13591 14689
43830 13592 13594
43831 13593 13595
43832 13593 13682
43833 13593 13684
43834 13593 13686
43835 13594 13596
43836 13595 13597
43837 13595 13682
43838 13597 13682
43839 13598 13602
43840 13601 13673
43841 13601 13675
43842 13602 13604
43843 13603 13888
43844 13603 13935
43845 13604 13606
43846 13605 13607
43847 13605 13673
43848 13605 13675
43849 13605 14132
43850 13606 13608
43851 13606 14167
43852 13607 14132
43853 13608 13992
43854 13608 14167
43855 13609 13666
43856 13609 13670
43857 13611 13613
43858 13611 13666
43859 13611 13670
43860 13613 13615
43861 13613 13664
43862 13613 13666
43863 13615 13617
43864 13615 13661
43865 13615 13664
43866 13616 13618
43867 13617 13619
43868 13618 13620
43869 13619 13657
43870 13619 13659
43871 13620 13621
43872 13621 13622
43873 13622 13628
43874 13623 13628
43875 13624 13644
43876 13625 13650
43877 13625 13653
43878 13627 13631
43879 13629 13630
43880 13630 13645
43881 13631 14948
43882 13632 13637
43883 13636 13638
43884 13638 13640
43885 13638 14765
43886 13640 14765
43887 13647 13818
43888 13647 13874
43889 13650 13653
43890 13650 13655
43891 13651 13652
43892 13653 13655
43893 13654 13813
43894 13654 13830
43895 13654 13837
43896 13654 13938
43897 13654 14257
43898 13655 13904
43899 13656 13660
43900 13656 13967
43901 13657 13971
43902 13658 13732
43903 13660 13732
43904 13660 13959
43905 13661 13664
43906 13664 13666
43907 13665 13667
43908 13665 13672
43909 13666 13670
43910 13667 13671
43911 13667 13966
43912 13671 13969
43913 13673 13675
43914 13673 13677
43915 13673 14132
43916 13674 13831
43917 13676 13756
43918 13676 14327
43919 13677 14132
43920 13679 13947
43921 13680 14164
43922 13681 14040
43923 13681 14067
43924 13681 14485
43925 13683 14854
43926 13684 13686
43927 13685 14636
43928 13687 13778
43929 13688 13905
43930 13689 14360
43931 13689 14412
43932 13689 14439
43933 13690 14416
43934 13690 14523
43935 13692 13905
43936 13693 14058
43937 13698 13700
43938 13700 13702
43939 13701 14303
43940 13703 14301
43941 13703 14466
43942 13704 14299
43943 13707 14297
43944 13709 14766
43945 13714 13716
43946 13716 13718
43947 13717 14285
43948 13720 14127
43949 13721 13801
43950 13722 14915
43951 13724 13729
43952 13726 13729
43953 13727 14734
43954 13728 13869
43955 13728 14274
43956 13730 14085
43957 13731 13732
43958 13731 13959
43959 13732 13959
43960 13733 13816
43961 13734 14256
43962 13734 14906
43963 13735 14256
43964 13736 13737
43965 13736 13776
43966 13736 13777
43967 13737 13776
43968 13738 14267
43969 13739 13741
43970 13742 13817
43971 13742 14189
43972 13742 14352
43973 13743 14658
43974 13744 14262
43975 13744 14263
43976 13745 13746
43977 13748 14011
43978 13749 14236
43979 13750 14898
43980 13753 14383
43981 13754 14937
43982 13756 14327
43983 13760 14245
43984 13761 14533
43985 13762 14243
43986 13765 13767
43987 13772 14231
43988 13773 14058
43989 13774 13955
43990 13775 13954
43991 13776 13777
43992 13777 13780
43993 13777 13782
43994 13780 13782
43995 13780 13784
43996 13782 13784
43997 13782 13786
43998 13784 13786
43999 13784 13788
44000 13784 13790
44001 13786 13788
44002 13788 13790
44003 13788 13792
44004 13788 13794
44005 13789 14253
44006 13790 13792
44007 13792 13794
44008 13792 13796
44009 13792 13798
44010 13793 14445
44011 13794 13798
44012 13796 13798
44013 13796 13800
44014 13796 13804
44015 13798 13804
44016 13800 13804
44017 13804 13806
44018 13805 13806
44019 13805 13809
44020 13805 13811
44021 13805 13939
44022 13806 13809
44023 13809 13811
44024 13810 14414
44025 13810 14425
44026 13811 13813
44027 13811 13939
44028 13811 14257
44029 13813 13938
44030 13813 13939
44031 13813 14257
44032 13815 14525
44033 13815 14527
44034 13815 14545
44035 13816 14727
44036 13817 14189
44037 13817 14351
44038 13820 13992
44039 13825 14356
44040 13826 13921
44041 13828 13989
44042 13829 13831
44043 13829 13936
44044 13830 13837
44045 13830 13838
44046 13830 13843
44047 13831 13880
44048 13833 14621
44049 13835 14057
44050 13837 13838
44051 13837 14257
44052 13838 13843
44053 13838 13934
44054 13839 13840
44055 13839 13843
44056 13839 13934
44057 13840 13841
44058 13840 13844
44059 13840 13933
44060 13840 13934
44061 13841 13844
44062 13841 13846
44063 13841 13933
44064 13843 13934
44065 13844 13846
44066 13845 14251
44067 13847 13932
44068 13848 14126
44069 13852 13854
44070 13852 13930
44071 13854 13930
44072 13855 13856
44073 13855 13860
44074 13855 13926
44075 13855 13928
44076 13856 13860
44077 13856 13928
44078 13858 13927
44079 13859 13861
44080 13859 13862
44081 13861 13862
44082 13861 13904
44083 13862 13904
44084 13864 14138
44085 13867 14135
44086 13867 14136
44087 13867 14514
44088 13869 14274
44089 13871 14134
44090 13871 14651
44091 13871 14908
44092 13875 14735
44093 13876 13993
44094 13878 14705
44095 13879 13880
44096 13881 14268
44097 13881 14324
44098 13883 14106
44099 13883 14387
44100 13885 13887
44101 13885 13889
44102 13885 14116
44103 13888 13935
44104 13889 14116
44105 13890 13990
44106 13892 13989
44107 13893 14111
44108 13893 14113
44109 13893 14419
44110 13894 13989
44111 13895 14111
44112 13895 14419
44113 13896 14113
44114 13896 14698
44115 13897 13937
44116 13899 13988
44117 13900 13988
44118 13900 13995
44119 13903 13987
44120 13903 13988
44121 13908 14089
44122 13909 14554
44123 13909 14676
44124 13911 13912
44125 13913 14292
44126 13919 14091
44127 13919 14093
44128 13920 13925
44129 13920 14142
44130 13923 14134
44131 13924 13925
44132 13924 14142
44133 13924 14506
44134 13924 14507
44135 13925 14142
44136 13926 13927
44137 13926 13928
44138 13927 13928
44139 13930 13931
44140 13933 13934
44141 13937 13995
44142 13938 13939
44143 13942 14594
44144 13948 14437
44145 13949 14005
44146 13950 14006
44147 13951 14007
44148 13951 14278
44149 13953 14008
44150 13953 14009
44151 13953 14885
44152 13954 14009
44153 13956 14569
44154 13961 14271
44155 13961 14495
44156 13961 14496
44157 13963 14101
44158 13968 14894
44159 13972 14029
44160 13973 14028
44161 13974 14026
44162 13977 14849
44163 13979 14019
44164 13981 13982
44165 13981 14888
44166 13991 14906
44167 13992 14167
44168 13994 14403
44169 13994 14729
44170 13997 14901
44171 13997 14902
44172 13997 14961
44173 14001 14177
44174 14002 14149
44175 14007 14278
44176 14008 14015
44177 14008 14884
44178 14008 14885
44179 14015 14883
44180 14015 14884
44181 14016 14062
44182 14016 14064
44183 14016 14925
44184 14018 14785
44185 14018 14922
44186 14018 14923
44187 14022 14030
44188 14022 14032
44189 14023 14025
44190 14023 14027
44191 14023 14039
44192 14025 14027
44193 14025 14037
44194 14025 14039
44195 14027 14030
44196 14027 14037
44197 14029 14031
44198 14030 14032
44199 14030 14037
44200 14031 14033
44201 14032 14037
44202 14035 14493
44203 14041 14949
44204 14042 14043
44205 14042 14044
44206 14043 14044
44207 14043 14371
44208 14047 14048
44209 14048 14372
44210 14049 14377
44211 14051 14809
44212 14051 14815
44213 14059 14075
44214 14060 14919
44215 14061 14072
44216 14062 14064
44217 14067 14485
44218 14076 14364
44219 14087 14147
44220 14088 14090
44221 14089 14147
44222 14091 14093
44223 14091 14145
44224 14096 14735
44225 14098 14102
44226 14101 14124
44227 14104 14105
44228 14106 14119
44229 14106 14122
44230 14109 14112
44231 14109 14386
44232 14111 14419
44233 14111 14694
44234 14112 14313
44235 14117 14480
44236 14118 14120
44237 14118 14389
44238 14119 14122
44239 14119 14560
44240 14121 14123
44241 14122 14560
44242 14123 14400
44243 14127 14129
44244 14127 14391
44245 14129 14131
44246 14129 14391
44247 14129 14392
44248 14131 14133
44249 14131 14392
44250 14135 14651
44251 14137 14139
44252 14137 14357
44253 14137 14358
44254 14138 14140
44255 14138 14741
44256 14139 14357
44257 14140 14741
44258 14142 14506
44259 14144 14427
44260 14144 14431
44261 14145 14506
44262 14148 14150
44263 14148 14334
44264 14149 14487
44265 14150 14334
44266 14151 14957
44267 14154 14743
44268 14154 14744
44269 14157 14341
44270 14162 14258
44271 14162 14401
44272 14162 14502
44273 14168 14170
44274 14169 14265
44275 14171 14463
44276 14173 14174
44277 14175 14478
44278 14175 14481
44279 14176 14312
44280 14179 14618
44281 14180 14181
44282 14180 14478
44283 14180 14482
44284 14181 14185
44285 14181 14310
44286 14181 14482
44287 14183 14511
44288 14185 14186
44289 14185 14310
44290 14186 14306
44291 14189 14351
44292 14189 14352
44293 14190 14304
44294 14190 14457
44295 14193 14351
44296 14196 14296
44297 14196 14448
44298 14196 14449
44299 14203 14346
44300 14203 14447
44301 14204 14206
44302 14205 14242
44303 14206 14213
44304 14211 14911
44305 14216 14218
44306 14216 14268
44307 14218 14238
44308 14218 14268
44309 14222 14224
44310 14222 14270
44311 14223 14585
44312 14224 14226
44313 14224 14234
44314 14224 14307
44315 14226 14234
44316 14226 14291
44317 14228 14283
44318 14228 14337
44319 14232 14486
44320 14234 14307
44321 14237 14294
44322 14238 14955
44323 14239 14272
44324 14240 14264
44325 14240 14955
44326 14248 14255
44327 14248 14300
44328 14248 14302
44329 14252 14623
44330 14253 14336
44331 14255 14314
44332 14258 14401
44333 14261 14317
44334 14264 14319
44335 14271 14273
44336 14271 14496
44337 14273 14496
44338 14275 14634
44339 14277 14279
44340 14277 14634
44341 14283 14288
44342 14284 14469
44343 14286 14341
44344 14288 14289
44345 14289 14341
44346 14292 14295
44347 14300 14302
44348 14300 14348
44349 14302 14348
44350 14306 14308
44351 14310 14312
44352 14313 14460
44353 14316 14411
44354 14320 14952
44355 14321 14443
44356 14325 14415
44357 14325 14732
44358 14331 14734
44359 14334 14620
44360 14344 14353
44361 14358 14393
44362 14373 14374
44363 14373 14375
44364 14373 14376
44365 14374 14375
44366 14376 14949
44367 14378 14790
44368 14380 14381
44369 14381 14382
44370 14390 14400
44371 14391 14392
44372 14394 14395
44373 14395 14396
44374 14397 14468
44375 14403 14660
44376 14403 14729
44377 14403 14731
44378 14404 14499
44379 14408 14456
44380 14411 14412
44381 14412 14439
44382 14414 14417
44383 14414 14425
44384 14416 14523
44385 14417 14425
44386 14420 14422
44387 14422 14620
44388 14426 14429
44389 14427 14431
44390 14429 14441
44391 14430 14432
44392 14430 14441
44393 14432 14435
44394 14438 14794
44395 14448 14449
44396 14449 14450
44397 14449 14451
44398 14450 14451
44399 14454 14457
44400 14460 14481
44401 14471 14472
44402 14476 14570
44403 14477 14569
44404 14478 14480
44405 14478 14482
44406 14480 14482
44407 14483 14650
44408 14489 14929
44409 14490 14877
44410 14500 14501
44411 14501 14600
44412 14507 14509
44413 14514 14516
44414 14516 14518
44415 14520 14563
44416 14521 14625
44417 14521 14705
44418 14522 14544
44419 14522 14548
44420 14523 14524
44421 14525 14545
44422 14525 14549
44423 14527 14529
44424 14529 14531
44425 14529 14539
44426 14529 14541
44427 14530 14532
44428 14530 14534
44429 14531 14535
44430 14531 14537
44431 14531 14539
44432 14532 14534
44433 14532 14536
44434 14534 14536
44435 14534 14538
44436 14535 14537
44437 14536 14538
44438 14537 14539
44439 14538 14542
44440 14539 14541
44441 14540 14656
44442 14544 14548
44443 14544 14550
44444 14548 14550
44445 14548 14552
44446 14548 14562
44447 14549 14551
44448 14550 14562
44449 14552 14562
44450 14552 14563
44451 14553 14680
44452 14561 14666
44453 14564 14591
44454 14566 14753
44455 14573 14574
44456 14574 14575
44457 14575 14576
44458 14576 14577
44459 14578 14824
44460 14578 14825
44461 14588 14590
44462 14589 14789
44463 14592 14808
44464 14593 14762
44465 14593 14799
44466 14596 14597
44467 14596 14787
44468 14597 14787
44469 14597 14807
44470 14598 14784
44471 14599 14602
44472 14599 14783
44473 14601 14677
44474 14601 14716
44475 14601 14779
44476 14601 14780
44477 14601 14783
44478 14602 14778
44479 14602 14779
44480 14602 14783
44481 14604 14606
44482 14604 14716
44483 14604 14752
44484 14604 14776
44485 14604 14778
44486 14604 14779
44487 14606 14645
44488 14606 14752
44489 14606 14776
44490 14606 14797
44491 14608 14609
44492 14608 14776
44493 14608 14797
44494 14609 14774
44495 14609 14797
44496 14609 14798
44497 14610 14613
44498 14611 14612
44499 14611 14673
44500 14611 14774
44501 14611 14798
44502 14612 14615
44503 14612 14771
44504 14612 14774
44505 14615 14617
44506 14615 14771
44507 14617 14619
44508 14617 14771
44509 14617 14846
44510 14619 14648
44511 14619 14720
44512 14619 14770
44513 14619 14771
44514 14619 14846
44515 14627 14678
44516 14628 14700
44517 14629 14696
44518 14630 14640
44519 14633 14980
44520 14635 14637
44521 14635 14721
44522 14635 14764
44523 14637 14761
44524 14637 14764
44525 14639 14714
44526 14639 14757
44527 14642 14718
44528 14642 14750
44529 14642 14754
44530 14642 14757
44531 14645 14748
44532 14645 14797
44533 14645 14798
44534 14646 14647
44535 14646 14657
44536 14646 14718
44537 14646 14748
44538 14646 14750
44539 14647 14657
44540 14647 14746
44541 14647 14748
44542 14648 14720
44543 14649 14894
44544 14657 14750
44545 14660 14731
44546 14663 14719
44547 14664 14791
44548 14665 14914
44549 14666 14667
44550 14668 14818
44551 14673 14720
44552 14677 14714
44553 14677 14716
44554 14677 14754
44555 14677 14757
44556 14677 14780
44557 14678 14700
44558 14679 14759
44559 14679 14761
44560 14682 14683
44561 14683 14684
44562 14684 14685
44563 14685 14686
44564 14688 14690
44565 14690 14712
44566 14697 14699
44567 14711 14712
44568 14714 14757
44569 14714 14759
44570 14714 14780
44571 14716 14752
44572 14716 14754
44573 14716 14779
44574 14718 14750
44575 14718 14752
44576 14718 14754
44577 14720 14771
44578 14721 14723
44579 14721 14764
44580 14723 14724
44581 14724 14853
44582 14728 14729
44583 14728 14731
44584 14729 14731
44585 14736 14738
44586 14738 14740
44587 14739 14740
44588 14739 14742
44589 14740 14742
44590 14742 14743
44591 14743 14744
44592 14744 14812
44593 14746 14748
44594 14747 14749
44595 14747 14787
44596 14749 14751
44597 14751 14804
44598 14751 14808
44599 14752 14754
44600 14753 14755
44601 14754 14757
44602 14755 14758
44603 14755 14801
44604 14756 14758
44605 14756 14799
44606 14756 14801
44607 14758 14799
44608 14758 14801
44609 14759 14780
44610 14760 14893
44611 14762 14799
44612 14770 14846
44613 14774 14798
44614 14776 14778
44615 14776 14797
44616 14777 14925
44617 14778 14779
44618 14779 14783
44619 14793 14826
44620 14793 14827
44621 14797 14798
44622 14802 14804
44623 14804 14808
44624 14805 14806
44625 14806 14810
44626 14809 14810
44627 14811 14812
44628 14814 14815
44629 14820 14821
44630 14820 14822
44631 14821 14822
44632 14822 14823
44633 14823 14824
44634 14824 14825
44635 14826 14827
44636 14832 14833
44637 14833 14834
44638 14839 14840
44639 14840 14841
44640 14841 14842
44641 14841 14850
44642 14842 14850
44643 14843 14844
44644 14844 14847
44645 14846 14847
44646 14848 14851
44647 14855 14858
44648 14860 14862
44649 14861 14862
44650 14865 14866
44651 14868 14985
44652 14871 14872
44653 14873 14874
44654 14874 14875
44655 14876 14877
44656 14879 14881
44657 14880 14881
44658 14881 14882
44659 14883 14884
44660 14884 14885
44661 14885 14886
44662 14888 14889
44663 14890 14891
44664 14897 14958
44665 14901 14902
44666 14903 14965
44667 14905 14967
44668 14912 14917
44669 14922 14923
44670 14929 14950
44671 14936 14972
44672 14938 14939
44673 14939 14976
44674 14944 14988
44675 14957 14958
44676 14959 14960
44677 14959 14962
44678 14960 14962
44679 14966 14968
44680 14977 14978
44681 14980 14981
44682 14980 15005
44683 14981 15005
44684 14994 14996
