59631
0 0 4684
1 0 5978
2 0 9564
3 0 11767
4 0 11810
5 0 11857
6 1 4475
7 1 11572
8 1 14629
9 1 14631
10 1 15246
11 1 17631
12 2 1466
13 2 4568
14 2 7176
15 2 14496
16 2 14500
17 2 14502
18 2 14503
19 3 4266
20 3 4650
21 3 5346
22 3 8098
23 3 8492
24 3 11109
25 4 2318
26 4 2675
27 4 4009
28 4 15682
29 4 19033
30 5 2730
31 5 2857
32 5 5521
33 5 13919
34 5 15217
35 5 17270
36 6 309
37 6 1320
38 6 10037
39 6 12406
40 6 16724
41 6 18971
42 7 7816
43 7 15597
44 7 17284
45 7 18952
46 7 19883
47 7 19931
48 8 1218
49 8 1836
50 8 2191
51 8 4261
52 8 14784
53 8 17403
54 9 5718
55 9 10607
56 9 10924
57 9 11087
58 9 16956
59 9 17885
60 10 140
61 10 337
62 10 429
63 10 624
64 10 13271
65 10 14527
66 11 6737
67 11 10458
68 11 14388
69 11 14407
70 11 17296
71 11 18149
72 12 469
73 12 3932
74 12 13565
75 12 15259
76 12 18543
77 12 19222
78 13 110
79 13 7101
80 13 7884
81 13 11576
82 13 17405
83 13 19868
84 14 3769
85 14 16044
86 14 19901
87 14 19934
88 15 1570
89 15 17340
90 15 18097
91 15 19876
92 15 19940
93 15 20016
94 16 1985
95 16 2227
96 16 2508
97 16 9205
98 16 18398
99 17 9762
100 17 12076
101 17 13528
102 18 19
103 18 857
104 18 7909
105 18 12431
106 18 18074
107 18 18367
108 19 857
109 19 7909
110 19 16089
111 19 19904
112 19 19985
113 20 21
114 20 23
115 20 48
116 20 8511
117 20 17760
118 20 18729
119 21 23
120 21 46
121 21 48
122 21 946
123 21 17007
124 22 3234
125 22 5153
126 22 5445
127 22 5447
128 22 6057
129 22 10536
130 23 32
131 23 946
132 23 5225
133 23 8511
134 24 7909
135 24 8006
136 24 8490
137 24 12431
138 24 13698
139 24 20039
140 25 7914
141 25 7918
142 25 8005
143 25 20022
144 26 164
145 26 642
146 26 2151
147 26 9424
148 26 11995
149 26 18640
150 27 119
151 27 7889
152 27 9111
153 27 11777
154 27 14113
155 27 19939
156 28 565
157 28 7879
158 28 15912
159 28 17865
160 28 18768
161 28 20018
162 28 20021
163 29 6095
164 29 8062
165 29 8610
166 29 16101
167 29 18107
168 29 19992
169 30 4345
170 30 8499
171 30 8942
172 30 10817
173 30 12352
174 30 16084
175 30 16746
176 31 220
177 31 16608
178 31 17405
179 31 19868
180 31 20019
181 31 20030
182 32 946
183 32 5225
184 32 8042
185 32 9101
186 32 18700
187 33 110
188 33 1477
189 33 7884
190 33 8847
191 33 14794
192 33 18758
193 34 36
194 34 602
195 34 626
196 34 7093
197 34 12872
198 34 13570
199 35 3859
200 35 5478
201 35 6130
202 35 16005
203 35 17672
204 35 18789
205 35 19890
206 36 159
207 36 1361
208 36 7093
209 36 12872
210 36 15388
211 37 6095
212 37 16101
213 37 16528
214 37 16608
215 37 20019
216 38 197
217 38 262
218 38 279
219 38 481
220 38 7073
221 38 20025
222 39 636
223 39 6378
224 39 7031
225 39 8128
226 39 16957
227 39 17685
228 40 1653
229 40 3377
230 40 4034
231 40 8657
232 40 10032
233 40 19388
234 41 4594
235 41 6628
236 41 7983
237 41 8760
238 41 10439
239 41 19511
240 42 2376
241 42 5606
242 42 5901
243 42 7180
244 42 8180
245 42 12428
246 43 2867
247 43 8245
248 43 9129
249 43 13812
250 43 19288
251 43 20034
252 44 119
253 44 586
254 44 7891
255 44 7892
256 44 19903
257 44 19939
258 44 20032
259 45 4556
260 45 5584
261 45 7201
262 45 11793
263 45 13486
264 45 17901
265 46 47
266 46 48
267 46 17007
268 46 17774
269 46 17837
270 47 59
271 47 14539
272 47 17007
273 47 17216
274 47 17837
275 48 5464
276 48 17760
277 48 17774
278 49 57
279 49 7915
280 49 8362
281 49 9801
282 49 14074
283 49 18363
284 50 52
285 50 87
286 50 7871
287 50 7955
288 50 15951
289 50 19914
290 51 7912
291 51 8038
292 51 8039
293 51 9565
294 51 18546
295 51 19915
296 52 7871
297 52 7941
298 52 8039
299 52 19914
300 52 19915
301 53 87
302 53 3888
303 53 8029
304 53 12903
305 53 18676
306 53 19905
307 54 3884
308 54 12821
309 54 16987
310 54 19356
311 54 19394
312 54 19481
313 55 4735
314 55 8452
315 55 18501
316 55 18548
317 55 18561
318 55 18566
319 55 18908
320 56 1683
321 56 8031
322 56 17157
323 56 17334
324 56 20035
325 57 857
326 57 8362
327 57 14074
328 57 18074
329 57 18411
330 58 8002
331 58 8003
332 58 9853
333 58 17892
334 58 19897
335 59 13698
336 59 14539
337 59 14551
338 59 17216
339 59 17886
340 60 1199
341 60 5929
342 60 5970
343 60 10598
344 60 11130
345 60 11675
346 60 12099
347 61 13344
348 61 13364
349 61 13368
350 61 13656
351 61 15266
352 61 18427
353 62 562
354 62 7977
355 62 18776
356 62 18780
357 62 19456
358 63 479
359 63 8660
360 63 13606
361 63 17878
362 63 17904
363 63 19539
364 64 8235
365 64 8364
366 64 8750
367 64 11814
368 64 16847
369 64 18495
370 65 727
371 65 1793
372 65 10485
373 65 13763
374 65 14323
375 65 19661
376 66 5099
377 66 6575
378 66 14371
379 66 14951
380 66 14965
381 66 15089
382 67 257
383 67 303
384 67 1253
385 67 9646
386 67 13920
387 67 15799
388 68 89
389 68 7883
390 68 8195
391 68 8337
392 68 16997
393 68 19875
394 69 7062
395 69 9210
396 69 9752
397 69 10006
398 69 15626
399 69 19880
400 70 1408
401 70 2528
402 70 4124
403 70 8310
404 70 8821
405 70 12078
406 70 16831
407 71 2629
408 71 2729
409 71 13617
410 71 13618
411 71 17352
412 71 18204
413 72 13247
414 72 13249
415 72 13330
416 72 13348
417 72 13444
418 72 15533
419 73 987
420 73 1431
421 73 2718
422 73 8890
423 73 9977
424 73 16945
425 74 93
426 74 191
427 74 247
428 74 8238
429 74 10980
430 75 76
431 75 193
432 75 196
433 75 563
434 75 7581
435 75 7974
436 76 196
437 76 563
438 76 5145
439 76 19877
440 76 19975
441 77 92
442 77 194
443 77 502
444 77 8051
445 77 13767
446 77 17633
447 78 163
448 78 267
449 78 902
450 78 3675
451 78 4759
452 78 7970
453 78 15857
454 79 163
455 79 245
456 79 506
457 79 8236
458 79 9865
459 79 18707
460 80 95
461 80 210
462 80 301
463 80 629
464 80 9880
465 80 15352
466 81 7880
467 81 8049
468 81 8581
469 81 15411
470 81 17427
471 81 19864
472 82 108
473 82 8542
474 82 13767
475 82 16530
476 82 16541
477 82 17166
478 83 1477
479 83 8252
480 83 13797
481 83 14794
482 83 15278
483 83 15819
484 83 18690
485 84 301
486 84 555
487 84 8010
488 84 18668
489 84 19105
490 84 19973
491 85 5602
492 85 5865
493 85 5906
494 85 9576
495 85 14533
496 85 14832
497 85 14948
498 86 205
499 86 264
500 86 1204
501 86 7447
502 86 7937
503 86 19105
504 87 3888
505 87 7871
506 87 12903
507 87 15951
508 88 555
509 88 3888
510 88 8337
511 88 19875
512 88 19905
513 88 20035
514 89 3664
515 89 7177
516 89 7883
517 89 8680
518 89 12711
519 89 16997
520 90 3915
521 90 9456
522 90 9861
523 90 11519
524 90 19889
525 91 93
526 91 247
527 91 1068
528 91 7947
529 91 12644
530 91 17570
531 92 194
532 92 502
533 92 6873
534 92 7887
535 92 17888
536 92 19870
537 93 99
538 93 247
539 93 7947
540 93 10980
541 94 626
542 94 7948
543 94 9614
544 94 9838
545 94 18792
546 94 18797
547 95 210
548 95 301
549 95 8556
550 95 18795
551 95 19973
552 96 1116
553 96 1827
554 96 2792
555 96 12907
556 96 13038
557 96 19711
558 97 574
559 97 591
560 97 956
561 97 7868
562 97 13299
563 97 16764
564 98 3951
565 98 5939
566 98 6296
567 98 12358
568 98 19197
569 98 19210
570 99 209
571 99 7947
572 99 10980
573 99 14565
574 99 15195
575 100 251
576 100 549
577 100 7950
578 100 7978
579 100 10081
580 100 19946
581 101 213
582 101 8778
583 101 8785
584 101 8830
585 101 18670
586 102 265
587 102 281
588 102 8709
589 102 16141
590 102 19162
591 102 19872
592 103 6565
593 103 8266
594 103 13102
595 103 18946
596 104 107
597 104 150
598 104 756
599 104 13674
600 104 18774
601 104 19872
602 105 196
603 105 2230
604 105 7974
605 105 8770
606 105 19877
607 105 20006
608 106 192
609 106 289
610 106 7974
611 106 7984
612 106 18106
613 106 20006
614 107 289
615 107 756
616 107 4317
617 107 7898
618 107 13674
619 108 8051
620 108 8542
621 108 9866
622 108 13767
623 108 19869
624 109 502
625 109 7887
626 109 7962
627 109 7972
628 109 8051
629 109 19869
630 110 7884
631 110 8847
632 110 12315
633 110 17405
634 111 3794
635 111 8704
636 111 13366
637 111 18850
638 111 19016
639 111 19459
640 112 2200
641 112 5143
642 112 9015
643 112 12135
644 112 12137
645 112 13173
646 113 4511
647 113 6127
648 113 7222
649 113 8137
650 113 8545
651 113 19888
652 114 5493
653 114 5752
654 114 5759
655 114 5761
656 114 11003
657 114 17434
658 115 442
659 115 7267
660 115 14580
661 115 16444
662 115 18819
663 116 9425
664 116 9890
665 116 12974
666 116 13734
667 116 15515
668 116 17510
669 117 134
670 117 268
671 117 5245
672 117 18147
673 117 19955
674 118 149
675 118 5245
676 118 8970
677 118 15952
678 118 19962
679 119 7889
680 119 7891
681 119 7899
682 119 19939
683 120 2909
684 120 8809
685 120 9662
686 120 9892
687 120 13242
688 120 18582
689 121 586
690 121 7894
691 121 7895
692 121 8006
693 121 9632
694 121 19903
695 121 19985
696 122 3310
697 122 3564
698 122 4496
699 122 9144
700 122 9616
701 122 14647
702 123 5242
703 123 6253
704 123 6763
705 123 10542
706 123 12985
707 123 14045
708 123 14097
709 124 8905
710 124 13518
711 124 14806
712 124 18080
713 124 18227
714 124 19987
715 125 9505
716 125 10454
717 125 14821
718 125 15598
719 125 17087
720 125 18475
721 126 406
722 126 2978
723 126 7501
724 126 9164
725 126 11393
726 126 14435
727 127 559
728 127 3706
729 127 6141
730 127 8742
731 127 16487
732 127 17330
733 128 1454
734 128 1516
735 128 1697
736 128 8749
737 128 13862
738 128 14313
739 128 15616
740 129 305
741 129 456
742 129 2363
743 129 4427
744 129 7402
745 129 7470
746 129 15475
747 130 132
748 130 221
749 130 558
750 130 3706
751 130 12980
752 130 16487
753 130 16489
754 131 567
755 131 8171
756 131 8970
757 131 17326
758 131 19962
759 131 19968
760 132 558
761 132 879
762 132 7459
763 132 16489
764 132 19971
765 133 1478
766 133 3620
767 133 10896
768 133 16471
769 133 17552
770 133 19926
771 134 268
772 134 3620
773 134 10896
774 134 15815
775 134 18147
776 135 146
777 135 1478
778 135 11831
779 135 11891
780 135 17551
781 135 19926
782 136 6455
783 136 6456
784 136 6714
785 136 7487
786 136 17190
787 136 17705
788 137 141
789 137 589
790 137 7232
791 137 17940
792 137 18147
793 137 19956
794 138 3031
795 138 6238
796 138 8118
797 138 9848
798 138 11953
799 138 11970
800 138 16685
801 139 3180
802 139 3396
803 139 5411
804 139 7008
805 139 15866
806 139 17521
807 140 624
808 140 8403
809 140 9358
810 140 13298
811 140 14527
812 141 7221
813 141 7232
814 141 14477
815 141 17940
816 141 18869
817 142 143
818 142 587
819 142 7414
820 142 10278
821 142 16593
822 142 18627
823 143 588
824 143 590
825 143 7414
826 143 10278
827 143 10281
828 144 6767
829 144 6770
830 144 7063
831 144 7069
832 144 10531
833 144 14450
834 145 1703
835 145 7229
836 145 8783
837 145 10111
838 145 17623
839 145 20012
840 146 3532
841 146 7292
842 146 17526
843 146 17551
844 146 19926
845 147 588
846 147 3644
847 147 8588
848 147 10281
849 147 18868
850 147 18942
851 148 579
852 148 1703
853 148 7219
854 148 7221
855 148 10277
856 148 12231
857 149 1320
858 149 5245
859 149 7290
860 149 12406
861 149 15952
862 149 19955
863 150 191
864 150 265
865 150 756
866 150 10980
867 150 19872
868 151 269
869 151 879
870 151 2494
871 151 7138
872 151 7276
873 151 7552
874 152 6490
875 152 6733
876 152 7425
877 152 11685
878 152 12106
879 153 6366
880 153 13378
881 153 18043
882 153 18509
883 153 19235
884 153 19471
885 154 9602
886 154 13913
887 154 16043
888 154 16049
889 154 17729
890 154 18544
891 155 6989
892 155 7264
893 155 7445
894 155 7446
895 155 10008
896 155 10009
897 156 3714
898 156 3717
899 156 6379
900 157 3111
901 157 3942
902 157 5504
903 157 8378
904 157 11540
905 157 19232
906 158 4955
907 158 7874
908 158 9911
909 158 17413
910 158 17421
911 158 20017
912 159 251
913 159 1361
914 159 7093
915 159 8191
916 159 13533
917 160 4588
918 160 6021
919 160 8573
920 160 9888
921 160 14523
922 160 14922
923 160 17980
924 161 647
925 161 4996
926 161 5979
927 161 8553
928 161 18602
929 161 18969
930 162 4395
931 162 4417
932 162 9233
933 162 11873
934 162 16221
935 162 18771
936 163 267
937 163 506
938 163 902
939 163 8236
940 164 615
941 164 9383
942 164 9424
943 164 9905
944 164 11995
945 165 1437
946 165 1438
947 165 8819
948 165 9523
949 165 18830
950 165 18990
951 166 7304
952 166 11418
953 166 17164
954 166 19814
955 167 226
956 167 8214
957 167 13324
958 167 14243
959 167 16686
960 167 17392
961 167 17852
962 168 1701
963 168 2400
964 168 2462
965 168 4322
966 168 5713
967 168 11282
968 169 536
969 169 882
970 169 963
971 169 2324
972 169 12473
973 169 19850
974 170 9855
975 170 10183
976 170 16776
977 170 17399
978 170 18028
979 170 18545
980 170 18706
981 171 4422
982 171 4542
983 171 4870
984 171 11416
985 171 11605
986 171 17522
987 172 1010
988 172 1154
989 172 1186
990 172 1255
991 172 3223
992 172 11496
993 173 3802
994 173 11855
995 173 11856
996 173 12788
997 173 17265
998 173 17291
999 174 2966
1000 174 10768
1001 174 12114
1002 174 13592
1003 174 18090
1004 174 18811
1005 174 18928
1006 175 2599
1007 175 4610
1008 175 11332
1009 175 11534
1010 175 15002
1011 175 15082
1012 176 6402
1013 176 13913
1014 176 17675
1015 176 18544
1016 177 487
1017 177 16688
1018 177 16690
1019 177 16783
1020 177 17391
1021 177 17741
1022 178 222
1023 178 16749
1024 178 17059
1025 178 18028
1026 178 18545
1027 178 19964
1028 178 20031
1029 179 3485
1030 179 4068
1031 179 8110
1032 179 8722
1033 179 9303
1034 179 18886
1035 180 531
1036 180 867
1037 180 6378
1038 180 8115
1039 180 8302
1040 180 18848
1041 181 592
1042 181 623
1043 181 4411
1044 181 4412
1045 181 10007
1046 181 19849
1047 182 229
1048 182 613
1049 182 5204
1050 182 7855
1051 182 18584
1052 182 19957
1053 183 229
1054 183 614
1055 183 4057
1056 183 8215
1057 183 18584
1058 183 19455
1059 184 2666
1060 184 4418
1061 184 9479
1062 184 9496
1063 184 11280
1064 184 13306
1065 184 17162
1066 185 240
1067 185 4389
1068 185 4420
1069 185 6270
1070 185 7268
1071 185 9067
1072 186 286
1073 186 361
1074 186 430
1075 186 8281
1076 186 9265
1077 186 18992
1078 187 188
1079 187 3894
1080 187 10387
1081 187 11559
1082 187 13047
1083 187 17925
1084 188 244
1085 188 8370
1086 188 13047
1087 188 17925
1088 188 18694
1089 189 231
1090 189 381
1091 189 617
1092 189 7075
1093 189 10381
1094 189 19882
1095 190 7069
1096 190 8879
1097 190 10531
1098 190 14910
1099 190 14986
1100 190 17147
1101 191 756
1102 191 7984
1103 191 8238
1104 191 10980
1105 192 193
1106 192 7974
1107 192 7984
1108 192 8238
1109 193 7581
1110 193 7974
1111 193 8238
1112 193 20000
1113 194 13541
1114 194 17633
1115 194 17781
1116 194 17888
1117 195 4758
1118 195 7496
1119 195 7818
1120 195 11544
1121 195 12880
1122 195 15157
1123 196 7974
1124 196 19877
1125 197 262
1126 197 279
1127 197 7966
1128 197 15850
1129 198 241
1130 198 8736
1131 198 9064
1132 198 9197
1133 198 12210
1134 198 14373
1135 199 596
1136 199 7447
1137 199 7669
1138 199 8193
1139 199 8429
1140 199 17404
1141 200 6793
1142 200 6959
1143 200 6985
1144 200 9265
1145 200 18992
1146 200 19395
1147 201 2571
1148 201 3141
1149 201 4143
1150 201 5387
1151 201 8093
1152 201 17521
1153 202 264
1154 202 596
1155 202 7930
1156 202 8193
1157 202 9831
1158 202 18794
1159 203 246
1160 203 7963
1161 203 15286
1162 203 16102
1163 203 17179
1164 203 19975
1165 204 7619
1166 204 7777
1167 204 15754
1168 204 16325
1169 204 18503
1170 204 19928
1171 205 7447
1172 205 17404
1173 205 18795
1174 205 19105
1175 205 19973
1176 206 232
1177 206 7149
1178 206 7205
1179 206 9070
1180 206 10383
1181 207 355
1182 207 490
1183 207 535
1184 207 4369
1185 207 6270
1186 207 14862
1187 208 1581
1188 208 1793
1189 208 1913
1190 208 3704
1191 208 3855
1192 209 265
1193 209 10980
1194 209 15195
1195 209 19162
1196 210 7448
1197 210 8556
1198 210 9758
1199 210 15352
1200 211 1616
1201 211 2164
1202 211 2751
1203 211 4013
1204 211 10833
1205 211 11037
1206 212 219
1207 212 638
1208 212 8153
1209 212 9517
1210 212 9606
1211 212 13417
1212 213 249
1213 213 8785
1214 213 8830
1215 213 13688
1216 213 16494
1217 213 19851
1218 214 3332
1219 214 8500
1220 214 12704
1221 214 12741
1222 214 12901
1223 214 18231
1224 215 841
1225 215 8686
1226 215 13291
1227 215 13358
1228 215 13360
1229 215 19126
1230 216 2872
1231 216 4903
1232 216 7308
1233 216 11333
1234 216 12709
1235 216 15458
1236 217 5225
1237 217 8042
1238 217 8609
1239 217 15240
1240 217 17318
1241 217 17831
1242 218 3176
1243 218 4106
1244 218 9461
1245 218 18271
1246 218 18467
1247 219 1994
1248 219 3485
1249 219 8722
1250 219 9606
1251 219 13417
1252 220 383
1253 220 970
1254 220 19868
1255 220 19929
1256 220 20030
1257 221 7965
1258 221 12980
1259 221 13895
1260 221 16489
1261 222 15467
1262 222 16680
1263 222 16684
1264 222 16749
1265 222 17059
1266 223 566
1267 223 883
1268 223 8059
1269 223 16682
1270 223 16684
1271 223 16749
1272 224 1579
1273 224 2884
1274 224 9814
1275 224 11127
1276 224 11337
1277 224 17798
1278 225 5360
1279 225 6750
1280 225 6892
1281 225 6894
1282 225 10650
1283 225 15820
1284 226 1191
1285 226 6289
1286 226 8214
1287 226 11064
1288 226 17852
1289 227 414
1290 227 611
1291 227 7106
1292 227 10156
1293 227 18155
1294 227 18555
1295 228 398
1296 228 8083
1297 228 9303
1298 228 11338
1299 228 14050
1300 228 17061
1301 228 20023
1302 229 7855
1303 229 8215
1304 229 15754
1305 229 18584
1306 230 3518
1307 230 4508
1308 230 6796
1309 230 7781
1310 230 13265
1311 230 18136
1312 231 381
1313 231 616
1314 231 617
1315 231 10387
1316 231 13047
1317 232 7078
1318 232 7145
1319 232 7205
1320 232 7265
1321 232 10383
1322 233 1771
1323 233 7077
1324 233 13941
1325 233 14129
1326 233 14869
1327 233 17779
1328 234 236
1329 234 1926
1330 234 10317
1331 234 10618
1332 234 12906
1333 234 13507
1334 235 2288
1335 235 2513
1336 235 7656
1337 235 8919
1338 235 14039
1339 235 19936
1340 236 3837
1341 236 5275
1342 236 12504
1343 236 12906
1344 236 13507
1345 236 18609
1346 237 618
1347 237 3043
1348 237 7493
1349 237 8798
1350 237 11890
1351 237 13077
1352 238 640
1353 238 643
1354 238 735
1355 238 739
1356 238 2388
1357 238 9932
1358 239 9444
1359 239 11177
1360 239 11450
1361 239 11493
1362 239 11737
1363 239 11801
1364 240 253
1365 240 4420
1366 240 7268
1367 240 10007
1368 240 12922
1369 241 8043
1370 241 8360
1371 241 8736
1372 241 12210
1373 242 2651
1374 242 5524
1375 242 5624
1376 242 11749
1377 242 13819
1378 242 19623
1379 243 6590
1380 243 7277
1381 243 12285
1382 243 14023
1383 243 14699
1384 244 865
1385 244 8370
1386 244 9424
1387 244 18694
1388 245 7963
1389 245 9865
1390 245 16102
1391 245 17981
1392 245 18707
1393 246 3238
1394 246 3763
1395 246 16761
1396 246 17179
1397 246 19975
1398 247 8238
1399 247 17570
1400 247 20000
1401 248 7976
1402 248 9643
1403 248 11858
1404 248 14565
1405 248 15195
1406 248 19429
1407 249 7959
1408 249 8200
1409 249 8830
1410 249 17314
1411 249 19851
1412 250 5699
1413 250 5797
1414 250 8590
1415 250 8841
1416 250 18770
1417 250 19838
1418 251 7950
1419 251 8181
1420 251 8191
1421 251 13533
1422 251 19946
1423 252 1339
1424 252 9503
1425 252 12942
1426 252 12944
1427 252 15595
1428 252 17855
1429 253 4388
1430 253 4412
1431 253 4420
1432 253 7824
1433 253 10007
1434 253 18949
1435 254 5002
1436 254 6028
1437 254 6030
1438 254 8024
1439 254 16469
1440 254 18973
1441 255 595
1442 255 7158
1443 255 7857
1444 255 9804
1445 255 10083
1446 255 16031
1447 256 1266
1448 256 4231
1449 256 6942
1450 256 8804
1451 256 18119
1452 256 19512
1453 257 9646
1454 257 9733
1455 257 15799
1456 257 18702
1457 257 18825
1458 258 1813
1459 258 3304
1460 258 7812
1461 258 14227
1462 258 15939
1463 258 16230
1464 259 546
1465 259 4376
1466 259 5699
1467 259 17197
1468 259 18930
1469 259 19838
1470 260 279
1471 260 2230
1472 260 5145
1473 260 15850
1474 260 17981
1475 260 19877
1476 261 288
1477 261 490
1478 261 535
1479 261 627
1480 261 16944
1481 261 19867
1482 262 7966
1483 262 15920
1484 262 16025
1485 262 19945
1486 262 20025
1487 263 7951
1488 263 8236
1489 263 9866
1490 263 18697
1491 263 18707
1492 264 1204
1493 264 7447
1494 264 8193
1495 264 18794
1496 265 10980
1497 265 19162
1498 265 19872
1499 266 5721
1500 266 6973
1501 266 11814
1502 266 18698
1503 266 18824
1504 266 18972
1505 267 3675
1506 267 7951
1507 267 7972
1508 267 8236
1509 268 5245
1510 268 13011
1511 268 15815
1512 268 19962
1513 269 558
1514 269 559
1515 269 879
1516 269 3581
1517 269 7276
1518 269 7457
1519 270 537
1520 270 547
1521 270 553
1522 270 583
1523 270 6118
1524 271 522
1525 271 6651
1526 271 7869
1527 271 13299
1528 271 16667
1529 272 584
1530 272 641
1531 272 765
1532 272 8224
1533 272 9116
1534 272 18665
1535 272 18726
1536 273 4806
1537 273 4941
1538 273 5295
1539 273 8769
1540 273 10328
1541 273 11805
1542 273 11951
1543 274 8162
1544 274 8273
1545 274 15993
1546 274 16007
1547 274 17042
1548 274 18508
1549 275 11348
1550 275 11440
1551 275 13452
1552 275 14590
1553 275 15024
1554 275 15691
1555 276 4356
1556 276 6489
1557 276 7252
1558 276 10695
1559 276 14272
1560 276 16694
1561 277 1055
1562 277 17063
1563 277 17391
1564 277 19617
1565 277 19947
1566 278 525
1567 278 541
1568 278 4446
1569 278 4448
1570 278 6516
1571 278 12043
1572 279 481
1573 279 2230
1574 279 8576
1575 279 15850
1576 280 509
1577 280 1857
1578 280 6961
1579 280 6965
1580 280 17255
1581 281 549
1582 281 8709
1583 281 18740
1584 281 18774
1585 281 19872
1586 282 351
1587 282 896
1588 282 7764
1589 282 15483
1590 282 15803
1591 282 17128
1592 283 5404
1593 283 5407
1594 283 5686
1595 283 6406
1596 283 6407
1597 283 10522
1598 284 4180
1599 284 6043
1600 284 9046
1601 284 12569
1602 284 12572
1603 284 15591
1604 284 19748
1605 285 3610
1606 285 6601
1607 285 7009
1608 285 12690
1609 285 19336
1610 285 19977
1611 286 361
1612 286 430
1613 286 446
1614 286 16226
1615 286 19816
1616 287 4244
1617 287 4502
1618 287 4957
1619 287 5107
1620 287 12209
1621 287 15484
1622 288 901
1623 288 12492
1624 288 16944
1625 288 19776
1626 288 19867
1627 289 756
1628 289 7898
1629 289 7984
1630 289 9718
1631 289 18106
1632 290 10279
1633 290 15232
1634 290 15357
1635 290 16493
1636 290 19411
1637 290 19413
1638 291 491
1639 291 8958
1640 291 14964
1641 291 16894
1642 291 19560
1643 291 19765
1644 292 968
1645 292 3990
1646 292 6702
1647 292 7628
1648 292 11525
1649 293 3095
1650 293 6824
1651 293 14709
1652 293 16837
1653 293 16965
1654 294 2905
1655 294 6000
1656 294 6530
1657 294 6769
1658 294 14683
1659 294 14927
1660 295 2410
1661 295 14066
1662 295 14084
1663 295 16279
1664 295 16625
1665 296 545
1666 296 7449
1667 296 18551
1668 296 18708
1669 296 19949
1670 296 19953
1671 297 3455
1672 297 12873
1673 297 15235
1674 297 15605
1675 297 17172
1676 298 1302
1677 298 1403
1678 298 3119
1679 298 11273
1680 298 11428
1681 298 15785
1682 299 6635
1683 299 8426
1684 299 11923
1685 299 12470
1686 299 13325
1687 299 16818
1688 300 595
1689 300 8396
1690 300 10624
1691 300 18551
1692 300 18611
1693 301 9880
1694 301 18668
1695 301 19973
1696 302 3581
1697 302 7401
1698 302 8026
1699 302 12274
1700 302 12489
1701 302 19700
1702 303 1253
1703 303 7465
1704 303 10231
1705 303 11035
1706 303 13920
1707 303 18897
1708 304 492
1709 304 7241
1710 304 7470
1711 304 8658
1712 304 15475
1713 304 15676
1714 305 313
1715 305 456
1716 305 465
1717 305 7470
1718 305 7585
1719 306 492
1720 306 4376
1721 306 4397
1722 306 7241
1723 306 7546
1724 306 17197
1725 307 1155
1726 307 1720
1727 307 3137
1728 307 3156
1729 307 16167
1730 307 16441
1731 308 2363
1732 308 7066
1733 308 7080
1734 308 7402
1735 308 7990
1736 308 10657
1737 309 314
1738 309 495
1739 309 9714
1740 309 10037
1741 309 18971
1742 310 1685
1743 310 2586
1744 310 14315
1745 310 15107
1746 310 19567
1747 310 19671
1748 311 533
1749 311 4378
1750 311 4386
1751 311 9603
1752 311 13280
1753 311 18719
1754 312 1333
1755 312 2085
1756 312 9743
1757 312 10457
1758 312 12388
1759 312 16871
1760 313 495
1761 313 7470
1762 313 7585
1763 313 8658
1764 313 10037
1765 314 4357
1766 314 4964
1767 314 9714
1768 314 18971
1769 315 4020
1770 315 4427
1771 315 8592
1772 315 8994
1773 315 13967
1774 315 18317
1775 315 20026
1776 316 4093
1777 316 9690
1778 316 11707
1779 316 13508
1780 316 16435
1781 316 17401
1782 317 479
1783 317 8660
1784 317 8994
1785 317 9471
1786 317 13132
1787 317 13967
1788 318 4043
1789 318 6020
1790 318 6090
1791 318 10694
1792 318 10697
1793 318 10893
1794 319 8419
1795 319 10623
1796 319 10644
1797 319 10661
1798 319 10687
1799 319 10702
1800 320 2664
1801 320 12523
1802 320 14878
1803 320 18127
1804 320 18261
1805 321 388
1806 321 498
1807 321 12996
1808 321 15461
1809 321 16022
1810 321 18654
1811 322 356
1812 322 450
1813 322 7309
1814 322 7315
1815 322 9884
1816 322 12973
1817 323 5540
1818 323 5832
1819 323 12082
1820 323 12083
1821 323 14060
1822 323 16963
1823 324 2998
1824 324 6637
1825 324 6917
1826 324 9241
1827 324 11405
1828 324 19482
1829 325 793
1830 325 1682
1831 325 1752
1832 325 5646
1833 325 6867
1834 325 8505
1835 326 409
1836 326 903
1837 326 5174
1838 326 10246
1839 326 13589
1840 326 19866
1841 327 839
1842 327 948
1843 327 16144
1844 327 18337
1845 327 18428
1846 327 18429
1847 328 509
1848 328 1818
1849 328 9132
1850 328 9908
1851 328 10017
1852 328 17761
1853 329 851
1854 329 8897
1855 329 9419
1856 329 18073
1857 329 18970
1858 330 542
1859 330 903
1860 330 6458
1861 330 10246
1862 330 12995
1863 330 18775
1864 331 335
1865 331 390
1866 331 507
1867 331 538
1868 331 4120
1869 331 6949
1870 331 13537
1871 332 2411
1872 332 8019
1873 332 10914
1874 332 13675
1875 332 14071
1876 332 17187
1877 333 4324
1878 333 4789
1879 333 7439
1880 333 8356
1881 333 9057
1882 333 18191
1883 334 407
1884 334 475
1885 334 9666
1886 334 9879
1887 334 9934
1888 334 11370
1889 335 352
1890 335 538
1891 335 6949
1892 335 10247
1893 335 15655
1894 336 852
1895 336 988
1896 336 9499
1897 336 9985
1898 336 16056
1899 336 18730
1900 337 429
1901 337 7156
1902 337 11376
1903 337 14527
1904 337 19847
1905 338 8198
1906 338 8288
1907 338 8358
1908 338 8647
1909 338 9319
1910 339 4380
1911 339 12125
1912 339 12127
1913 339 16428
1914 339 17479
1915 339 18087
1916 340 2527
1917 340 5180
1918 340 7690
1919 340 10412
1920 340 11612
1921 340 12087
1922 341 4164
1923 341 9146
1924 341 9709
1925 341 9882
1926 341 10137
1927 341 17417
1928 341 19137
1929 342 704
1930 342 1856
1931 342 2275
1932 342 9914
1933 342 18828
1934 343 863
1935 343 3522
1936 343 4290
1937 343 6037
1938 343 7074
1939 343 13790
1940 344 3268
1941 344 3287
1942 344 7217
1943 344 10020
1944 344 10143
1945 344 18578
1946 344 18805
1947 345 361
1948 345 1744
1949 345 6948
1950 345 9265
1951 345 13285
1952 345 19395
1953 345 19860
1954 346 5120
1955 346 7242
1956 346 7528
1957 346 7714
1958 346 17718
1959 346 18042
1960 347 3279
1961 347 5459
1962 347 5805
1963 347 6176
1964 347 13461
1965 347 15832
1966 348 355
1967 348 4369
1968 348 6870
1969 348 15995
1970 348 17955
1971 348 18775
1972 349 381
1973 349 8213
1974 349 10381
1975 349 11369
1976 349 17523
1977 349 17863
1978 350 433
1979 350 10127
1980 350 13221
1981 350 13349
1982 350 15701
1983 351 896
1984 351 7173
1985 351 10001
1986 351 15803
1987 351 19289
1988 352 538
1989 352 2838
1990 352 7830
1991 352 15655
1992 352 15699
1993 353 1839
1994 353 11311
1995 353 11779
1996 353 12356
1997 353 12810
1998 353 15006
1999 354 444
2000 354 3151
2001 354 10062
2002 354 11819
2003 354 19644
2004 354 19697
2005 355 535
2006 355 542
2007 355 4369
2008 355 18775
2009 356 518
2010 356 7315
2011 356 9884
2012 356 10123
2013 356 15790
2014 357 5612
2015 357 7400
2016 357 9044
2017 357 13673
2018 357 16275
2019 357 17604
2020 358 3947
2021 358 5712
2022 358 10165
2023 358 11619
2024 358 11668
2025 358 13116
2026 359 3035
2027 359 3946
2028 359 9382
2029 359 11631
2030 359 11924
2031 359 13440
2032 360 750
2033 360 1470
2034 360 4102
2035 360 4987
2036 360 5179
2037 360 14320
2038 361 9265
2039 361 13285
2040 361 16226
2041 362 5026
2042 362 7566
2043 362 10087
2044 362 12719
2045 362 14234
2046 362 15599
2047 363 5523
2048 363 6384
2049 363 8230
2050 363 12979
2051 363 13869
2052 363 15885
2053 364 768
2054 364 1464
2055 364 2048
2056 364 3045
2057 364 19674
2058 364 19727
2059 365 487
2060 365 3771
2061 365 9007
2062 365 11340
2063 365 16525
2064 365 18555
2065 366 899
2066 366 8835
2067 366 9654
2068 366 10106
2069 366 18569
2070 366 18573
2071 367 9105
2072 367 10830
2073 367 11298
2074 367 11299
2075 367 11439
2076 367 12423
2077 368 6806
2078 368 8419
2079 368 10463
2080 368 10613
2081 368 10702
2082 368 14561
2083 369 468
2084 369 6808
2085 369 7672
2086 369 9878
2087 369 11466
2088 369 17386
2089 370 955
2090 370 984
2091 370 1167
2092 370 2225
2093 370 2562
2094 370 19766
2095 371 976
2096 371 9605
2097 371 13002
2098 371 13311
2099 371 13791
2100 371 17944
2101 372 985
2102 372 989
2103 372 8800
2104 372 9511
2105 372 19704
2106 372 19779
2107 373 905
2108 373 985
2109 373 8800
2110 373 8890
2111 373 16945
2112 373 19771
2113 374 2637
2114 374 6196
2115 374 10715
2116 374 11036
2117 374 12176
2118 374 16741
2119 375 765
2120 375 3388
2121 375 8608
2122 375 9116
2123 375 11968
2124 375 18880
2125 376 1466
2126 376 4565
2127 376 8879
2128 376 11627
2129 376 14499
2130 376 14910
2131 376 16730
2132 377 3919
2133 377 3923
2134 377 11833
2135 377 11891
2136 377 16500
2137 377 17336
2138 377 17551
2139 378 533
2140 378 7874
2141 378 16754
2142 378 18719
2143 378 19810
2144 378 20017
2145 379 3925
2146 379 6615
2147 379 10354
2148 379 13599
2149 379 14987
2150 380 445
2151 380 1560
2152 380 1573
2153 380 7609
2154 380 9941
2155 380 17727
2156 381 10381
2157 381 13047
2158 381 17523
2159 382 9219
2160 382 12839
2161 382 12906
2162 382 13725
2163 382 14198
2164 382 17679
2165 382 18609
2166 383 967
2167 383 970
2168 383 7961
2169 383 18740
2170 383 19929
2171 384 447
2172 384 1254
2173 384 3230
2174 384 9526
2175 384 9615
2176 384 14511
2177 384 19798
2178 385 3398
2179 385 3538
2180 385 4122
2181 385 6417
2182 385 6788
2183 385 17631
2184 386 905
2185 386 1431
2186 386 1462
2187 386 8767
2188 386 8890
2189 386 19563
2190 387 3741
2191 387 5330
2192 387 6597
2193 387 10248
2194 387 10504
2195 387 15713
2196 388 451
2197 388 500
2198 388 7561
2199 388 12996
2200 388 18024
2201 388 18654
2202 389 6996
2203 389 7577
2204 389 10420
2205 389 10428
2206 389 13695
2207 389 18692
2208 390 4120
2209 390 9908
2210 390 13266
2211 390 13295
2212 390 13537
2213 391 992
2214 391 1365
2215 391 9049
2216 391 17470
2217 391 18385
2218 392 8581
2219 392 9871
2220 392 12433
2221 392 15868
2222 392 18311
2223 392 18463
2224 393 957
2225 393 6993
2226 393 7309
2227 393 12987
2228 393 17961
2229 393 18646
2230 394 7789
2231 394 8156
2232 394 8346
2233 394 8735
2234 394 18761
2235 395 2576
2236 395 2888
2237 395 4529
2238 395 14172
2239 395 14552
2240 395 17670
2241 396 6901
2242 396 6990
2243 396 7089
2244 396 10136
2245 396 15979
2246 396 19565
2247 397 2843
2248 397 9657
2249 397 12982
2250 397 15861
2251 397 15979
2252 397 18567
2253 398 11338
2254 398 11689
2255 398 12189
2256 398 12856
2257 398 14050
2258 399 838
2259 399 930
2260 399 962
2261 399 2061
2262 399 9938
2263 399 12926
2264 400 442
2265 400 488
2266 400 971
2267 400 8781
2268 400 14580
2269 400 17810
2270 401 405
2271 401 6793
2272 401 6959
2273 401 6984
2274 401 6986
2275 401 18562
2276 402 681
2277 402 850
2278 402 960
2279 402 1795
2280 402 11126
2281 402 19306
2282 403 4419
2283 403 4904
2284 403 4927
2285 403 4931
2286 403 6474
2287 403 16570
2288 403 16803
2289 404 1708
2290 404 5583
2291 404 12860
2292 404 16209
2293 404 17590
2294 404 19497
2295 405 1788
2296 405 1818
2297 405 6959
2298 405 6984
2299 405 13266
2300 406 2978
2301 406 3175
2302 406 3490
2303 406 3592
2304 406 7939
2305 406 9164
2306 406 11830
2307 407 603
2308 407 9666
2309 407 9887
2310 407 9934
2311 407 10296
2312 407 17662
2313 408 917
2314 408 2533
2315 408 2866
2316 408 14476
2317 408 18234
2318 408 18389
2319 409 903
2320 409 4768
2321 409 7103
2322 409 13589
2323 409 20003
2324 410 7672
2325 410 8764
2326 410 9244
2327 410 14690
2328 410 15944
2329 410 17386
2330 411 687
2331 411 7313
2332 411 8643
2333 411 10131
2334 411 11117
2335 411 19307
2336 412 934
2337 412 1637
2338 412 3159
2339 412 9115
2340 412 15798
2341 412 16201
2342 413 1075
2343 413 2727
2344 413 5587
2345 413 14626
2346 413 15781
2347 413 16222
2348 414 611
2349 414 4028
2350 414 11340
2351 414 13279
2352 414 18555
2353 415 2298
2354 415 2659
2355 415 6920
2356 415 8164
2357 415 13199
2358 415 19280
2359 416 11518
2360 416 11692
2361 416 11721
2362 416 14660
2363 416 15141
2364 416 15187
2365 417 7836
2366 417 10117
2367 417 10121
2368 417 10929
2369 417 14451
2370 417 19555
2371 418 2694
2372 418 5654
2373 418 10509
2374 418 10685
2375 418 10802
2376 418 18180
2377 419 6292
2378 419 6428
2379 419 6658
2380 419 10340
2381 419 10920
2382 419 19168
2383 419 19274
2384 420 1611
2385 420 1614
2386 420 3528
2387 420 7673
2388 420 8812
2389 420 11447
2390 421 2976
2391 421 4027
2392 421 4659
2393 421 5972
2394 421 16603
2395 421 19454
2396 422 9661
2397 422 10865
2398 422 12791
2399 422 13065
2400 422 13139
2401 422 14207
2402 423 3932
2403 423 9281
2404 423 12174
2405 423 14909
2406 423 15854
2407 423 19222
2408 424 449
2409 424 2987
2410 424 6747
2411 424 7157
2412 424 9584
2413 424 10137
2414 425 4359
2415 425 6905
2416 425 9788
2417 425 11482
2418 425 11556
2419 426 494
2420 426 2494
2421 426 7066
2422 426 7238
2423 426 7459
2424 426 7552
2425 427 7829
2426 427 9881
2427 427 10247
2428 427 15655
2429 427 15943
2430 427 16205
2431 428 1151
2432 428 1488
2433 428 7529
2434 428 8178
2435 428 8999
2436 428 14564
2437 429 1857
2438 429 6961
2439 429 11376
2440 429 13271
2441 430 6965
2442 430 8281
2443 430 17255
2444 430 19816
2445 431 1925
2446 431 3907
2447 431 8864
2448 431 9356
2449 431 11067
2450 431 16466
2451 432 1372
2452 432 5406
2453 432 5412
2454 432 6396
2455 432 10532
2456 432 10533
2457 433 1654
2458 433 7835
2459 433 10127
2460 433 13254
2461 433 15701
2462 434 1534
2463 434 1646
2464 434 10382
2465 434 18569
2466 434 18573
2467 435 979
2468 435 2467
2469 435 2886
2470 435 7092
2471 435 8091
2472 435 14928
2473 436 1595
2474 436 7834
2475 436 11117
2476 436 13349
2477 436 17543
2478 436 19307
2479 437 3982
2480 437 8768
2481 437 11692
2482 437 11734
2483 437 13799
2484 437 17555
2485 438 564
2486 438 607
2487 438 610
2488 438 15515
2489 438 15593
2490 438 17511
2491 439 1109
2492 439 1377
2493 439 1506
2494 439 1988
2495 439 8124
2496 439 17562
2497 440 574
2498 440 7868
2499 440 9890
2500 440 12745
2501 440 16126
2502 440 19858
2503 441 2693
2504 441 9471
2505 441 13132
2506 441 16047
2507 441 19312
2508 441 19898
2509 442 7267
2510 442 14580
2511 442 17810
2512 442 18807
2513 443 624
2514 443 7858
2515 443 8403
2516 443 9593
2517 443 12643
2518 443 15841
2519 444 475
2520 444 4987
2521 444 9879
2522 444 10062
2523 444 11819
2524 444 18731
2525 445 1172
2526 445 1573
2527 445 1577
2528 445 7609
2529 445 8839
2530 445 18535
2531 446 9244
2532 446 13263
2533 446 13297
2534 446 16226
2535 446 19816
2536 447 9049
2537 447 14511
2538 447 18385
2539 447 19292
2540 447 19798
2541 448 466
2542 448 3056
2543 448 7831
2544 448 13310
2545 448 15919
2546 448 16003
2547 448 18563
2548 449 504
2549 449 7157
2550 449 9146
2551 449 10137
2552 449 13827
2553 450 7170
2554 450 7309
2555 450 7315
2556 450 16099
2557 450 18764
2558 451 2139
2559 451 10329
2560 451 12996
2561 451 13270
2562 451 18024
2563 452 2464
2564 452 5077
2565 452 10292
2566 452 17025
2567 452 18571
2568 452 19132
2569 453 4483
2570 453 4511
2571 453 8110
2572 453 8137
2573 453 13265
2574 453 20005
2575 454 2117
2576 454 8218
2577 454 8417
2578 454 14080
2579 454 15001
2580 455 878
2581 455 9603
2582 455 13280
2583 455 18009
2584 455 19857
2585 456 465
2586 456 2363
2587 456 7080
2588 456 9335
2589 457 1366
2590 457 1932
2591 457 2134
2592 457 13692
2593 457 14321
2594 458 639
2595 458 646
2596 458 4140
2597 458 7653
2598 458 9175
2599 458 19669
2600 459 4120
2601 459 6949
2602 459 10220
2603 459 10247
2604 459 13290
2605 459 13310
2606 460 1527
2607 460 4539
2608 460 9817
2609 460 17260
2610 460 17522
2611 460 17770
2612 461 6083
2613 461 6434
2614 461 8940
2615 461 9729
2616 461 10708
2617 461 18916
2618 462 465
2619 462 7290
2620 462 9335
2621 462 9536
2622 462 15952
2623 462 17893
2624 463 706
2625 463 944
2626 463 1357
2627 463 8862
2628 463 12964
2629 463 20014
2630 464 739
2631 464 4473
2632 464 7870
2633 464 8117
2634 464 8529
2635 464 9175
2636 464 18779
2637 465 7290
2638 465 7585
2639 465 9335
2640 466 6208
2641 466 7831
2642 466 9990
2643 466 15919
2644 466 19753
2645 467 5807
2646 467 8641
2647 467 13841
2648 467 15272
2649 467 15508
2650 467 18368
2651 468 471
2652 468 8897
2653 468 9878
2654 468 11466
2655 468 15841
2656 469 3932
2657 469 7235
2658 469 13397
2659 469 15194
2660 469 15259
2661 470 2526
2662 470 13984
2663 470 17142
2664 470 18245
2665 470 18354
2666 470 19812
2667 471 880
2668 471 8897
2669 471 9878
2670 471 12566
2671 472 580
2672 472 628
2673 472 4103
2674 472 10292
2675 472 13264
2676 472 17025
2677 473 537
2678 473 547
2679 473 4386
2680 473 4391
2681 473 9603
2682 473 18009
2683 474 8011
2684 474 8347
2685 474 10985
2686 474 14955
2687 474 17664
2688 474 18924
2689 475 6967
2690 475 9879
2691 475 11370
2692 475 18731
2693 476 1610
2694 476 2589
2695 476 2592
2696 476 13421
2697 476 14316
2698 476 14319
2699 476 14853
2700 477 478
2701 477 6816
2702 477 12274
2703 477 12745
2704 477 16126
2705 477 17669
2706 478 3442
2707 478 4394
2708 478 6558
2709 478 8026
2710 478 12274
2711 478 16126
2712 479 8660
2713 479 9206
2714 479 9471
2715 479 15864
2716 479 17904
2717 480 1539
2718 480 4332
2719 480 5153
2720 480 5976
2721 480 19613
2722 481 6348
2723 481 7073
2724 481 8576
2725 481 20021
2726 482 4247
2727 482 6202
2728 482 6455
2729 482 6456
2730 482 6459
2731 482 10791
2732 483 4828
2733 483 6102
2734 483 11285
2735 483 13456
2736 483 15340
2737 483 19272
2738 484 3761
2739 484 4963
2740 484 12221
2741 484 17092
2742 484 17363
2743 484 18440
2744 485 6104
2745 485 6206
2746 485 7119
2747 485 8306
2748 485 9077
2749 485 10699
2750 486 7662
2751 486 9122
2752 486 12112
2753 486 12909
2754 486 14081
2755 486 17887
2756 487 3771
2757 487 4930
2758 487 16690
2759 487 17741
2760 487 18555
2761 488 505
2762 488 8781
2763 488 14580
2764 488 18549
2765 488 19811
2766 489 6450
2767 489 7409
2768 489 7551
2769 489 8046
2770 489 10681
2771 489 10704
2772 490 535
2773 490 6270
2774 490 7268
2775 490 19867
2776 491 7980
2777 491 14482
2778 491 16894
2779 491 17129
2780 491 18536
2781 491 19765
2782 492 4397
2783 492 7241
2784 492 8592
2785 492 15475
2786 493 1321
2787 493 8284
2788 493 17287
2789 493 18444
2790 493 18610
2791 493 19855
2792 494 7066
2793 494 7080
2794 494 7238
2795 494 7286
2796 494 9335
2797 494 17893
2798 495 8658
2799 495 9135
2800 495 9714
2801 495 10037
2802 496 887
2803 496 1056
2804 496 1965
2805 496 1971
2806 496 4528
2807 496 5436
2808 496 11044
2809 497 546
2810 497 781
2811 497 877
2812 497 7546
2813 497 7853
2814 497 17197
2815 498 501
2816 498 6555
2817 498 7274
2818 498 12996
2819 498 15461
2820 499 5962
2821 499 6237
2822 499 6249
2823 499 9380
2824 499 14173
2825 499 18319
2826 500 4151
2827 500 7561
2828 500 13828
2829 500 14655
2830 500 16193
2831 500 18654
2832 501 2139
2833 501 4687
2834 501 6555
2835 501 12996
2836 501 13584
2837 502 7887
2838 502 8051
2839 503 5328
2840 503 9696
2841 503 18537
2842 503 18934
2843 503 19090
2844 503 19826
2845 504 8190
2846 504 8473
2847 504 9146
2848 504 9716
2849 504 13827
2850 505 6252
2851 505 6402
2852 505 7934
2853 505 8781
2854 505 19811
2855 506 902
2856 506 7966
2857 506 9865
2858 506 15920
2859 507 538
2860 507 3700
2861 507 13313
2862 507 13537
2863 507 18124
2864 508 871
2865 508 2997
2866 508 3020
2867 508 13898
2868 508 16097
2869 509 6961
2870 509 9132
2871 509 10017
2872 509 17255
2873 510 18490
2874 510 18491
2875 510 18541
2876 510 18548
2877 510 18908
2878 511 7394
2879 511 7540
2880 511 13780
2881 512 1449
2882 512 2190
2883 512 11754
2884 512 13315
2885 512 13590
2886 512 19251
2887 512 19599
2888 513 2407
2889 513 8036
2890 513 11441
2891 513 12895
2892 513 13586
2893 513 19406
2894 514 1291
2895 514 1717
2896 514 1767
2897 514 10051
2898 514 11794
2899 514 13353
2900 515 7204
2901 515 8580
2902 515 12750
2903 515 15191
2904 515 15626
2905 515 18240
2906 516 3209
2907 516 5738
2908 516 5806
2909 516 6146
2910 516 10941
2911 516 13336
2912 517 3287
2913 517 5643
2914 517 7818
2915 517 10143
2916 517 19885
2917 517 19923
2918 518 1541
2919 518 8436
2920 518 9884
2921 518 10123
2922 518 18476
2923 519 7857
2924 519 9613
2925 519 10624
2926 519 14489
2927 519 18144
2928 519 18437
2929 519 19953
2930 520 1055
2931 520 6289
2932 520 8730
2933 520 16055
2934 520 17852
2935 520 19947
2936 521 527
2937 521 1613
2938 521 2947
2939 521 5077
2940 521 8765
2941 521 18571
2942 522 7869
2943 522 16666
2944 522 16667
2945 522 16669
2946 522 17412
2947 522 19810
2948 523 4317
2949 523 7957
2950 523 10676
2951 523 13329
2952 523 17095
2953 523 19966
2954 524 1756
2955 524 2788
2956 524 2890
2957 524 10969
2958 524 14554
2959 524 17668
2960 525 4446
2961 525 4448
2962 525 7816
2963 525 9889
2964 525 20009
2965 526 8814
2966 526 8835
2967 526 10105
2968 526 10106
2969 526 19305
2970 527 1687
2971 527 2947
2972 527 8765
2973 527 10100
2974 527 13583
2975 528 6267
2976 528 6885
2977 528 10250
2978 528 10719
2979 528 10721
2980 528 10723
2981 529 3176
2982 529 9573
2983 529 12800
2984 529 15070
2985 529 18271
2986 529 18948
2987 530 7587
2988 530 8351
2989 530 9594
2990 530 10877
2991 530 15205
2992 530 16929
2993 531 3518
2994 531 6796
2995 531 8302
2996 531 18837
2997 531 18848
2998 532 1138
2999 532 1944
3000 532 5396
3001 532 13566
3002 532 17813
3003 532 19300
3004 533 4378
3005 533 7869
3006 533 18719
3007 533 19810
3008 534 4930
3009 534 6713
3010 534 8466
3011 534 10156
3012 534 18155
3013 534 19963
3014 535 542
3015 535 627
3016 536 882
3017 536 12473
3018 536 16052
3019 536 19844
3020 537 547
3021 537 583
3022 537 4391
3023 537 8659
3024 538 2838
3025 538 18124
3026 539 4423
3027 539 4821
3028 539 5757
3029 539 6876
3030 539 9395
3031 539 11864
3032 540 4599
3033 540 7266
3034 540 7500
3035 540 11661
3036 540 17603
3037 540 19308
3038 541 762
3039 541 844
3040 541 912
3041 541 6516
3042 541 6932
3043 541 12043
3044 542 627
3045 542 6458
3046 542 18775
3047 543 550
3048 543 634
3049 543 668
3050 543 4234
3051 543 16033
3052 543 17743
3053 544 791
3054 544 7928
3055 544 9434
3056 544 10302
3057 544 14922
3058 544 15834
3059 544 17681
3060 545 633
3061 545 971
3062 545 7449
3063 545 8781
3064 545 18708
3065 546 7852
3066 546 7853
3067 546 17197
3068 546 19838
3069 547 569
3070 547 6118
3071 547 18009
3072 548 4988
3073 548 7172
3074 548 7998
3075 548 10302
3076 548 11523
3077 548 17681
3078 549 7950
3079 549 7961
3080 549 8709
3081 549 10081
3082 549 18740
3083 550 4234
3084 550 7567
3085 550 8235
3086 550 17743
3087 550 18495
3088 551 1556
3089 551 11231
3090 551 12995
3091 551 13676
3092 551 15368
3093 552 853
3094 552 960
3095 552 4353
3096 552 8589
3097 552 17955
3098 553 583
3099 553 1432
3100 553 3537
3101 553 6118
3102 553 18582
3103 554 628
3104 554 6808
3105 554 8330
3106 554 8765
3107 554 9878
3108 554 13264
3109 555 8010
3110 555 8337
3111 555 17334
3112 555 18668
3113 555 20035
3114 556 6448
3115 556 8313
3116 556 8669
3117 556 8933
3118 556 9170
3119 556 10095
3120 557 1800
3121 557 2535
3122 557 4909
3123 557 6535
3124 557 8440
3125 558 559
3126 558 879
3127 558 16487
3128 559 6141
3129 559 7457
3130 559 16487
3131 560 7872
3132 560 14157
3133 560 16033
3134 560 17048
3135 560 17743
3136 561 666
3137 561 7872
3138 561 12379
3139 561 14157
3140 561 18772
3141 561 19456
3142 562 634
3143 562 668
3144 562 18780
3145 563 5585
3146 563 7581
3147 563 16761
3148 563 19975
3149 564 6087
3150 564 13734
3151 564 15515
3152 564 15593
3153 564 15669
3154 565 6272
3155 565 7879
3156 565 16212
3157 565 17865
3158 565 19900
3159 566 883
3160 566 15959
3161 566 16749
3162 566 18661
3163 566 20031
3164 567 7286
3165 567 8970
3166 567 9536
3167 567 19968
3168 567 19982
3169 568 8201
3170 568 8259
3171 568 8339
3172 568 18824
3173 568 18972
3174 568 20002
3175 569 6118
3176 569 7273
3177 569 12379
3178 569 18009
3179 569 18772
3180 569 19857
3181 570 3532
3182 570 4270
3183 570 7219
3184 570 7408
3185 570 9467
3186 570 12231
3187 570 17526
3188 571 1459
3189 571 4047
3190 571 7493
3191 571 12573
3192 571 16321
3193 571 19933
3194 572 8434
3195 572 9781
3196 572 14088
3197 572 15535
3198 572 19785
3199 573 12035
3200 573 13324
3201 573 16484
3202 573 16485
3203 573 16686
3204 573 17382
3205 574 591
3206 574 7868
3207 574 9890
3208 574 12974
3209 575 577
3210 575 9565
3211 575 10231
3212 575 19781
3213 575 19914
3214 575 19915
3215 576 604
3216 576 971
3217 576 7449
3218 576 14613
3219 576 17068
3220 576 17810
3221 576 18807
3222 577 2456
3223 577 7465
3224 577 9565
3225 577 10231
3226 577 18896
3227 578 2041
3228 578 2059
3229 578 2663
3230 578 9161
3231 578 18926
3232 578 19025
3233 579 3532
3234 579 7219
3235 579 7221
3236 579 7232
3237 579 7292
3238 580 620
3239 580 4103
3240 580 7578
3241 580 13264
3242 580 13276
3243 581 8484
3244 581 10848
3245 581 10958
3246 581 16134
3247 581 16808
3248 581 17046
3249 581 19227
3250 582 867
3251 582 3522
3252 582 4975
3253 582 8115
3254 582 8400
3255 582 8608
3256 583 751
3257 583 8659
3258 583 9662
3259 583 18582
3260 584 3522
3261 584 4975
3262 584 7074
3263 584 9116
3264 584 18665
3265 585 849
3266 585 9602
3267 585 17672
3268 585 18789
3269 586 8006
3270 586 19903
3271 586 20032
3272 586 20039
3273 587 7408
3274 587 8783
3275 587 9467
3276 587 10278
3277 587 17933
3278 587 18627
3279 588 590
3280 588 8588
3281 588 10281
3282 589 7232
3283 589 7292
3284 589 10896
3285 589 16471
3286 589 18147
3287 590 7414
3288 590 8588
3289 590 9638
3290 590 11257
3291 590 16503
3292 591 12974
3293 591 16671
3294 591 16764
3295 591 17508
3296 592 623
3297 592 760
3298 592 4411
3299 592 15959
3300 592 18661
3301 593 2437
3302 593 7959
3303 593 8200
3304 593 9643
3305 593 11858
3306 593 14225
3307 594 1565
3308 594 1611
3309 594 5039
3310 594 6851
3311 594 8812
3312 594 10741
3313 595 7857
3314 595 10624
3315 595 16031
3316 595 18611
3317 596 7669
3318 596 8193
3319 596 9831
3320 596 11822
3321 596 12977
3322 597 664
3323 597 1860
3324 597 1877
3325 597 3924
3326 597 9951
3327 597 17365
3328 598 5036
3329 598 5265
3330 598 5566
3331 598 5571
3332 598 10065
3333 598 10338
3334 599 4591
3335 599 5116
3336 599 5559
3337 599 8635
3338 599 9179
3339 599 17295
3340 600 6137
3341 600 8014
3342 600 8365
3343 600 17830
3344 601 4500
3345 601 4685
3346 601 8061
3347 601 9301
3348 601 15208
3349 601 19467
3350 602 9426
3351 602 12872
3352 602 13570
3353 602 19906
3354 602 20016
3355 603 1405
3356 603 1821
3357 603 9887
3358 603 9934
3359 604 7449
3360 604 16633
3361 604 17068
3362 604 19949
3363 604 20037
3364 605 15816
3365 605 15988
3366 605 16146
3367 605 20007
3368 606 7266
3369 606 7844
3370 606 12481
3371 606 19083
3372 606 19308
3373 607 610
3374 607 2027
3375 607 16674
3376 607 17511
3377 607 17518
3378 608 3776
3379 608 3777
3380 608 9386
3381 608 12107
3382 608 12119
3383 608 17614
3384 609 4669
3385 609 4682
3386 609 6091
3387 609 6556
3388 609 7097
3389 609 10568
3390 610 958
3391 610 2027
3392 610 15593
3393 610 16047
3394 611 7106
3395 611 10019
3396 611 10020
3397 611 13279
3398 612 4637
3399 612 9939
3400 612 9999
3401 612 11101
3402 612 13990
3403 612 15895
3404 612 18239
3405 613 4042
3406 613 8060
3407 613 8315
3408 613 18584
3409 613 19957
3410 614 3018
3411 614 8215
3412 614 17820
3413 614 18664
3414 614 19455
3415 615 7992
3416 615 8315
3417 615 9383
3418 615 9905
3419 615 20024
3420 616 617
3421 616 3844
3422 616 9699
3423 616 10387
3424 617 3844
3425 617 3849
3426 617 19882
3427 618 7493
3428 618 8501
3429 618 12573
3430 618 12899
3431 618 13077
3432 618 19921
3433 619 3379
3434 619 3380
3435 619 5215
3436 619 5608
3437 619 10440
3438 619 14275
3439 620 734
3440 620 3491
3441 620 7578
3442 620 11275
3443 620 13276
3444 621 878
3445 621 4394
3446 621 7435
3447 621 7549
3448 621 10660
3449 622 11904
3450 622 13132
3451 622 13967
3452 622 19312
3453 622 20026
3454 623 883
3455 623 17698
3456 623 18661
3457 623 19849
3458 624 8403
3459 624 12643
3460 624 13271
3461 625 7962
3462 625 8016
3463 625 12758
3464 625 13302
3465 625 15702
3466 625 17361
3467 626 7093
3468 626 7948
3469 626 13570
3470 626 18797
3471 627 6458
3472 627 16944
3473 627 19853
3474 628 8765
3475 628 13264
3476 628 17025
3477 628 18571
3478 629 8680
3479 629 9573
3480 629 9880
3481 629 12711
3482 629 15352
3483 630 7858
3484 630 8403
3485 630 9358
3486 630 9555
3487 630 16144
3488 630 18073
3489 631 1371
3490 631 4149
3491 631 4151
3492 631 9910
3493 631 14851
3494 631 18448
3495 632 4269
3496 632 7598
3497 632 8392
3498 632 9022
3499 632 14795
3500 632 14945
3501 632 15876
3502 633 7934
3503 633 8781
3504 633 17729
3505 633 18708
3506 634 668
3507 634 4234
3508 634 16177
3509 635 4625
3510 635 5226
3511 635 7525
3512 635 9439
3513 635 11218
3514 635 19036
3515 636 4098
3516 636 15001
3517 636 16957
3518 636 17685
3519 636 19132
3520 637 1054
3521 637 2208
3522 637 7878
3523 637 10170
3524 637 19032
3525 638 783
3526 638 7220
3527 638 9517
3528 638 9606
3529 638 19978
3530 639 646
3531 639 7653
3532 639 8726
3533 639 16282
3534 639 18649
3535 640 642
3536 640 739
3537 640 2388
3538 640 18640
3539 640 18779
3540 641 765
3541 641 3003
3542 641 8726
3543 641 15524
3544 641 18726
3545 642 2151
3546 642 2388
3547 642 17156
3548 642 18640
3549 643 645
3550 643 735
3551 643 2871
3552 643 4516
3553 643 9932
3554 644 648
3555 644 2871
3556 644 4254
3557 644 4506
3558 644 7788
3559 644 9932
3560 644 15134
3561 645 735
3562 645 4140
3563 645 4516
3564 645 13284
3565 645 18723
3566 646 8529
3567 646 9175
3568 646 15292
3569 646 18649
3570 647 4996
3571 647 9185
3572 647 12532
3573 647 18969
3574 647 19562
3575 648 738
3576 648 4506
3577 648 7579
3578 648 7788
3579 648 7795
3580 649 766
3581 649 2099
3582 649 10138
3583 649 13284
3584 649 18723
3585 650 766
3586 650 1345
3587 650 1651
3588 650 3865
3589 650 16017
3590 650 16517
3591 651 1345
3592 651 3201
3593 651 4505
3594 651 13209
3595 651 15134
3596 651 16017
3597 652 653
3598 652 659
3599 652 1950
3600 652 14323
3601 652 19135
3602 652 19660
3603 653 1878
3604 653 1950
3605 653 14835
3606 653 19660
3607 653 19841
3608 654 1671
3609 654 1815
3610 654 1920
3611 654 6500
3612 654 11869
3613 654 17359
3614 655 4101
3615 655 14600
3616 655 15004
3617 655 16262
3618 655 16575
3619 655 18061
3620 656 11190
3621 656 11721
3622 656 11762
3623 656 15119
3624 656 15123
3625 656 16258
3626 657 10672
3627 657 11178
3628 657 11314
3629 657 11316
3630 657 11844
3631 657 12983
3632 658 1621
3633 658 7755
3634 658 14835
3635 658 15140
3636 658 18118
3637 658 19686
3638 659 727
3639 659 1794
3640 659 6650
3641 659 14323
3642 659 15449
3643 659 19135
3644 660 2652
3645 660 9992
3646 660 11362
3647 660 11363
3648 660 12273
3649 660 12386
3650 661 1905
3651 661 1912
3652 661 8160
3653 661 9486
3654 661 15162
3655 661 18225
3656 662 716
3657 662 1368
3658 662 1860
3659 662 1877
3660 662 2244
3661 662 3625
3662 662 4396
3663 663 2635
3664 663 3927
3665 663 8079
3666 663 9420
3667 663 15950
3668 663 16616
3669 664 9239
3670 664 9951
3671 664 16094
3672 664 16462
3673 664 17365
3674 665 1641
3675 665 1764
3676 665 10938
3677 665 13270
3678 665 15807
3679 665 18024
3680 666 1432
3681 666 7977
3682 666 8779
3683 666 12379
3684 666 17830
3685 666 19456
3686 667 3329
3687 667 11550
3688 667 12009
3689 667 16828
3690 667 17750
3691 667 19707
3692 668 16033
3693 668 18780
3694 669 1727
3695 669 4152
3696 669 4153
3697 669 7703
3698 669 7906
3699 669 12646
3700 670 707
3701 670 7129
3702 670 9260
3703 670 19153
3704 670 19163
3705 670 19783
3706 671 1726
3707 671 4340
3708 671 5033
3709 671 6749
3710 671 12648
3711 671 14360
3712 672 5749
3713 672 6214
3714 672 13250
3715 672 13342
3716 672 13351
3717 672 13413
3718 673 2713
3719 673 4392
3720 673 9089
3721 673 9138
3722 673 16731
3723 673 17168
3724 674 9276
3725 674 9560
3726 674 9572
3727 674 14034
3728 674 15422
3729 674 19281
3730 675 2033
3731 675 2607
3732 675 3147
3733 675 9446
3734 675 10276
3735 675 19226
3736 676 685
3737 676 1442
3738 676 4273
3739 676 8733
3740 676 12062
3741 676 15469
3742 676 15838
3743 677 1974
3744 677 2016
3745 677 2375
3746 677 10462
3747 677 14287
3748 677 15496
3749 677 15642
3750 678 2325
3751 678 3884
3752 678 6902
3753 678 15930
3754 678 16987
3755 678 18298
3756 679 6807
3757 679 7636
3758 679 8707
3759 679 11391
3760 679 14624
3761 679 14638
3762 680 5736
3763 680 9104
3764 680 12382
3765 680 13572
3766 680 16513
3767 680 19340
3768 681 850
3769 681 1795
3770 681 9912
3771 681 14904
3772 681 17845
3773 682 694
3774 682 817
3775 682 15389
3776 682 15723
3777 682 18980
3778 682 19770
3779 683 1587
3780 683 4264
3781 683 7679
3782 683 7726
3783 683 8112
3784 683 16990
3785 684 705
3786 684 4342
3787 684 7686
3788 684 13403
3789 684 14890
3790 684 19731
3791 685 1206
3792 685 4273
3793 685 12022
3794 685 13072
3795 685 15838
3796 686 808
3797 686 7553
3798 686 8909
3799 686 9520
3800 686 13093
3801 686 19582
3802 687 2070
3803 687 8397
3804 687 8643
3805 687 9124
3806 687 11117
3807 688 886
3808 688 3851
3809 688 3955
3810 688 5713
3811 688 7127
3812 688 13026
3813 689 1398
3814 689 5075
3815 689 11282
3816 689 11524
3817 689 12030
3818 689 15419
3819 690 4861
3820 690 5596
3821 690 9183
3822 690 13602
3823 690 16011
3824 690 19606
3825 691 4746
3826 691 5341
3827 691 6791
3828 691 7707
3829 691 8955
3830 691 10484
3831 692 829
3832 692 1430
3833 692 3757
3834 692 6012
3835 692 7167
3836 692 15923
3837 693 3440
3838 693 5325
3839 693 6300
3840 693 11360
3841 693 11427
3842 693 14738
3843 694 8877
3844 694 11145
3845 694 12897
3846 694 15723
3847 694 19287
3848 694 19770
3849 695 2114
3850 695 6747
3851 695 9584
3852 695 11410
3853 695 15578
3854 695 19170
3855 696 2205
3856 696 2305
3857 696 5293
3858 696 10656
3859 696 12727
3860 696 19593
3861 697 1501
3862 697 1701
3863 697 2049
3864 697 7685
3865 697 13257
3866 697 19763
3867 698 2263
3868 698 3636
3869 698 3659
3870 698 8318
3871 698 9385
3872 698 14904
3873 698 17845
3874 699 6710
3875 699 9877
3876 699 10653
3877 699 15821
3878 699 19137
3879 699 19767
3880 700 5803
3881 700 5945
3882 700 7728
3883 700 7747
3884 700 14191
3885 700 14284
3886 701 2108
3887 701 2399
3888 701 5261
3889 701 13392
3890 701 14843
3891 701 19842
3892 702 1312
3893 702 2733
3894 702 2944
3895 702 5635
3896 702 14296
3897 702 17079
3898 702 20036
3899 703 1572
3900 703 1903
3901 703 7791
3902 703 9255
3903 703 12865
3904 703 19296
3905 704 1856
3906 704 2275
3907 704 2401
3908 704 3952
3909 704 4205
3910 705 800
3911 705 1851
3912 705 4342
3913 705 6866
3914 705 19731
3915 706 944
3916 706 1039
3917 706 1227
3918 706 2799
3919 706 4275
3920 706 20014
3921 707 1425
3922 707 1638
3923 707 1967
3924 707 13257
3925 707 19153
3926 707 19783
3927 708 709
3928 708 1342
3929 708 7129
3930 708 9260
3931 708 10375
3932 708 19161
3933 709 1342
3934 709 8318
3935 709 19161
3936 709 19667
3937 709 19768
3938 710 2278
3939 710 4971
3940 710 7827
3941 710 10224
3942 710 15897
3943 711 1407
3944 711 2203
3945 711 4458
3946 711 8960
3947 711 9923
3948 711 10358
3949 712 1407
3950 712 1763
3951 712 2472
3952 712 3083
3953 712 4458
3954 712 9127
3955 713 772
3956 713 7944
3957 713 12157
3958 713 19136
3959 713 19215
3960 713 19644
3961 713 19697
3962 714 7811
3963 714 10083
3964 714 12001
3965 714 16647
3966 714 16738
3967 714 17931
3968 715 4146
3969 715 5147
3970 715 9745
3971 715 15842
3972 715 17089
3973 715 19437
3974 716 1877
3975 716 2244
3976 716 11845
3977 716 15185
3978 717 2308
3979 717 2604
3980 717 4871
3981 717 9412
3982 717 19775
3983 718 1657
3984 718 1815
3985 718 3370
3986 718 13209
3987 718 14866
3988 718 17359
3989 719 1657
3990 719 1815
3991 719 1920
3992 719 4065
3993 719 4563
3994 719 8149
3995 720 2203
3996 720 4456
3997 720 6859
3998 720 7091
3999 720 7809
4000 720 13181
4001 721 1657
4002 721 6909
4003 721 8149
4004 721 14866
4005 721 14952
4006 721 16032
4007 722 3025
4008 722 4241
4009 722 14068
4010 722 15180
4011 722 16964
4012 722 16969
4013 723 1626
4014 723 2366
4015 723 2379
4016 723 2911
4017 723 6115
4018 723 16762
4019 724 1453
4020 724 1763
4021 724 4156
4022 724 5033
4023 724 8960
4024 724 9919
4025 724 13259
4026 725 4065
4027 725 4134
4028 725 8149
4029 725 10508
4030 725 14952
4031 725 19702
4032 726 728
4033 726 1376
4034 726 1727
4035 726 2089
4036 726 9876
4037 726 12646
4038 727 13763
4039 727 14323
4040 727 15063
4041 727 15449
4042 728 1374
4043 728 5070
4044 728 7905
4045 728 9876
4046 728 12646
4047 729 1369
4048 729 1865
4049 729 2340
4050 729 11412
4051 729 15710
4052 729 15890
4053 730 8174
4054 730 13681
4055 730 16613
4056 730 18989
4057 730 19780
4058 731 5119
4059 731 14445
4060 731 15877
4061 731 16035
4062 731 18104
4063 731 18554
4064 732 905
4065 732 1462
4066 732 2452
4067 732 13272
4068 732 19585
4069 732 19771
4070 733 1256
4071 733 1734
4072 733 7817
4073 733 13692
4074 733 15710
4075 733 15890
4076 734 1202
4077 734 3491
4078 734 7578
4079 734 7801
4080 734 15079
4081 735 739
4082 735 4140
4083 735 8117
4084 736 1450
4085 736 1528
4086 736 1933
4087 736 2678
4088 736 5839
4089 736 8271
4090 736 12282
4091 737 740
4092 737 1363
4093 737 1690
4094 737 7503
4095 737 12625
4096 737 19825
4097 738 1335
4098 738 2031
4099 738 4506
4100 738 7579
4101 738 10301
4102 738 16032
4103 739 8117
4104 739 18779
4105 740 1448
4106 740 1690
4107 740 4007
4108 740 7503
4109 740 8084
4110 741 1362
4111 741 1904
4112 741 1914
4113 741 3622
4114 741 11706
4115 741 13274
4116 742 942
4117 742 1268
4118 742 7763
4119 742 8855
4120 742 12959
4121 742 18404
4122 743 4459
4123 743 7668
4124 743 9410
4125 743 17556
4126 743 19948
4127 743 20005
4128 744 1344
4129 744 1862
4130 744 1887
4131 744 1915
4132 744 2148
4133 744 16028
4134 745 1908
4135 745 4134
4136 745 7755
4137 745 15140
4138 745 15162
4139 745 19702
4140 746 10345
4141 746 12236
4142 746 12451
4143 746 13064
4144 746 15221
4145 746 15620
4146 746 19101
4147 747 7855
4148 747 7870
4149 747 8529
4150 747 15292
4151 747 15754
4152 747 19928
4153 748 908
4154 748 1358
4155 748 1689
4156 748 3212
4157 748 9621
4158 748 14938
4159 749 1904
4160 749 1910
4161 749 1914
4162 749 2846
4163 749 19135
4164 749 19660
4165 750 1470
4166 750 4102
4167 750 4160
4168 750 10739
4169 750 17662
4170 751 8493
4171 751 8659
4172 751 9662
4173 751 18444
4174 751 18610
4175 752 3388
4176 752 4459
4177 752 7780
4178 752 8280
4179 752 11968
4180 753 783
4181 753 7781
4182 753 7801
4183 753 9517
4184 753 13281
4185 753 18516
4186 754 3393
4187 754 4891
4188 754 5379
4189 754 5669
4190 754 5689
4191 754 9216
4192 755 862
4193 755 1027
4194 755 9984
4195 755 14630
4196 755 17707
4197 755 18614
4198 756 7984
4199 757 3222
4200 757 8166
4201 757 9474
4202 757 9586
4203 757 17613
4204 757 18272
4205 758 3554
4206 758 6558
4207 758 7283
4208 758 7435
4209 758 8026
4210 758 19700
4211 759 3889
4212 759 4092
4213 759 12101
4214 759 12854
4215 759 14806
4216 759 19935
4217 760 1367
4218 760 4411
4219 760 15959
4220 760 18663
4221 761 2465
4222 761 3582
4223 761 6699
4224 761 9163
4225 761 9672
4226 761 15505
4227 762 912
4228 762 4353
4229 762 6516
4230 762 11126
4231 762 18424
4232 763 1381
4233 763 1943
4234 763 2232
4235 763 9397
4236 763 14038
4237 763 15351
4238 764 1769
4239 764 2352
4240 764 14752
4241 764 19625
4242 764 19650
4243 764 19712
4244 765 3003
4245 765 9116
4246 765 18880
4247 766 1651
4248 766 2099
4249 766 3865
4250 766 18723
4251 767 827
4252 767 869
4253 767 5019
4254 767 7358
4255 767 15418
4256 767 19817
4257 768 770
4258 768 2048
4259 768 2231
4260 768 3045
4261 768 12958
4262 768 19461
4263 769 5314
4264 769 5463
4265 769 6490
4266 769 10514
4267 769 13578
4268 769 15883
4269 770 1305
4270 770 2066
4271 770 3143
4272 770 12958
4273 770 19461
4274 771 788
4275 771 1497
4276 771 1871
4277 771 8612
4278 771 11739
4279 771 18382
4280 772 1501
4281 772 2029
4282 772 15462
4283 772 19136
4284 772 19215
4285 773 9453
4286 773 10505
4287 773 11194
4288 773 14366
4289 773 14967
4290 773 15083
4291 774 8786
4292 774 14535
4293 774 14537
4294 774 16619
4295 774 17221
4296 774 17538
4297 775 8007
4298 775 8201
4299 775 8750
4300 775 12980
4301 775 13895
4302 775 20002
4303 776 802
4304 776 2204
4305 776 9397
4306 776 10096
4307 776 13055
4308 776 18301
4309 777 1624
4310 777 1699
4311 777 8664
4312 777 9874
4313 777 15984
4314 777 18830
4315 778 1305
4316 778 1836
4317 778 2066
4318 778 2812
4319 778 7044
4320 778 19730
4321 779 12721
4322 779 12723
4323 779 14259
4324 779 17871
4325 779 19121
4326 779 19242
4327 780 936
4328 780 1272
4329 780 1535
4330 780 1572
4331 780 7372
4332 780 7717
4333 780 9841
4334 781 877
4335 781 882
4336 781 5017
4337 781 7853
4338 781 9893
4339 782 812
4340 782 1949
4341 782 1974
4342 782 10462
4343 782 12400
4344 782 19166
4345 783 7220
4346 783 7801
4347 783 9517
4348 783 15079
4349 783 18805
4350 783 19885
4351 784 1289
4352 784 1853
4353 784 2538
4354 784 8186
4355 784 9775
4356 784 18406
4357 785 805
4358 785 2233
4359 785 4953
4360 785 9523
4361 785 18830
4362 786 1447
4363 786 2680
4364 786 2717
4365 786 6823
4366 786 15460
4367 786 15479
4368 787 3130
4369 787 4440
4370 787 9171
4371 787 9802
4372 787 14779
4373 787 18605
4374 788 927
4375 788 6501
4376 788 6805
4377 788 7580
4378 788 11739
4379 788 18382
4380 789 7746
4381 789 7754
4382 789 7859
4383 789 8020
4384 789 11447
4385 789 19807
4386 790 7752
4387 790 7754
4388 790 7859
4389 790 8882
4390 790 12874
4391 790 18833
4392 791 4935
4393 791 7928
4394 791 9434
4395 791 9533
4396 791 11760
4397 792 2088
4398 792 3641
4399 792 6933
4400 792 9096
4401 792 10191
4402 792 14914
4403 793 1747
4404 793 1752
4405 793 6867
4406 793 9759
4407 793 9832
4408 794 1481
4409 794 1656
4410 794 8211
4411 794 8263
4412 794 9314
4413 794 9840
4414 795 1591
4415 795 2672
4416 795 4804
4417 795 9839
4418 795 9840
4419 795 18839
4420 796 1580
4421 796 2003
4422 796 2773
4423 796 8188
4424 796 10673
4425 796 16863
4426 797 828
4427 797 1428
4428 797 1430
4429 797 1551
4430 797 4308
4431 797 7518
4432 797 13639
4433 798 5801
4434 798 6126
4435 798 6607
4436 798 10895
4437 798 10940
4438 798 15074
4439 799 1179
4440 799 8204
4441 799 8877
4442 799 12486
4443 799 15723
4444 800 1294
4445 800 1851
4446 800 2762
4447 800 13817
4448 800 19731
4449 801 2806
4450 801 2823
4451 801 2901
4452 801 4181
4453 801 8978
4454 801 19568
4455 802 2204
4456 802 4365
4457 802 7700
4458 802 8324
4459 802 18301
4460 803 1643
4461 803 1660
4462 803 1680
4463 803 4882
4464 803 14751
4465 803 15714
4466 804 892
4467 804 1550
4468 804 1796
4469 804 1884
4470 804 11411
4471 804 13868
4472 805 892
4473 805 2233
4474 805 9523
4475 805 9830
4476 805 13868
4477 806 3130
4478 806 9096
4479 806 10191
4480 806 13326
4481 806 17468
4482 806 19815
4483 807 810
4484 807 842
4485 807 1525
4486 807 7527
4487 807 11413
4488 807 18976
4489 808 842
4490 808 9520
4491 808 11413
4492 808 13093
4493 808 18974
4494 809 822
4495 809 1117
4496 809 2242
4497 809 7793
4498 809 17151
4499 809 19804
4500 810 1525
4501 810 2461
4502 810 7527
4503 810 8276
4504 810 13238
4505 811 3868
4506 811 5490
4507 811 10080
4508 811 15658
4509 811 17118
4510 811 19812
4511 812 1509
4512 812 1951
4513 812 3743
4514 812 10462
4515 812 19166
4516 813 3070
4517 813 8366
4518 813 8537
4519 813 9625
4520 813 16018
4521 813 16924
4522 814 3671
4523 814 6085
4524 814 6098
4525 814 7968
4526 814 10747
4527 814 10994
4528 814 16903
4529 815 816
4530 815 819
4531 815 2195
4532 815 10139
4533 815 13252
4534 815 13403
4535 816 819
4536 816 835
4537 816 1121
4538 816 10139
4539 816 19665
4540 817 1179
4541 817 9361
4542 817 15723
4543 817 18980
4544 818 8930
4545 818 9856
4546 818 10155
4547 818 10171
4548 818 10481
4549 818 15674
4550 819 835
4551 819 4342
4552 819 13403
4553 819 16521
4554 820 7345
4555 820 7649
4556 820 8376
4557 820 9554
4558 820 11553
4559 820 15646
4560 821 2069
4561 821 2762
4562 821 7794
4563 821 15630
4564 821 15737
4565 821 18085
4566 822 1827
4567 822 2242
4568 822 7793
4569 822 17894
4570 822 18560
4571 822 19822
4572 823 1464
4573 823 2141
4574 823 7167
4575 823 13639
4576 823 18862
4577 823 19457
4578 824 2102
4579 824 9255
4580 824 9987
4581 824 13402
4582 824 14595
4583 824 19988
4584 825 2919
4585 825 9482
4586 825 15688
4587 825 16720
4588 825 18934
4589 825 19826
4590 826 5942
4591 826 7798
4592 826 9482
4593 826 9596
4594 826 9852
4595 826 10850
4596 827 1381
4597 827 1943
4598 827 5037
4599 827 7358
4600 827 15418
4601 828 1428
4602 828 2219
4603 828 3241
4604 828 7518
4605 828 12090
4606 829 2102
4607 829 2455
4608 829 3757
4609 829 13402
4610 829 15923
4611 830 3647
4612 830 6842
4613 830 9051
4614 830 15023
4615 830 16088
4616 830 16743
4617 830 17242
4618 831 2541
4619 831 11133
4620 831 12976
4621 831 14848
4622 831 15787
4623 831 15932
4624 831 17370
4625 832 4935
4626 832 5045
4627 832 5236
4628 832 8651
4629 832 9404
4630 832 15152
4631 833 8555
4632 833 9234
4633 833 11875
4634 833 14309
4635 833 16830
4636 833 18158
4637 834 3645
4638 834 4536
4639 834 12184
4640 834 12607
4641 834 19441
4642 834 19493
4643 835 16521
4644 835 19665
4645 835 19673
4646 835 19833
4647 836 1844
4648 836 2538
4649 836 3908
4650 836 8208
4651 836 9775
4652 836 12051
4653 837 8399
4654 837 8486
4655 837 13031
4656 837 15935
4657 837 16087
4658 837 17975
4659 838 930
4660 838 962
4661 838 7770
4662 838 7772
4663 838 18938
4664 839 948
4665 839 9358
4666 839 13298
4667 839 16144
4668 840 1983
4669 840 4972
4670 840 13204
4671 840 15076
4672 840 16938
4673 840 18717
4674 841 8686
4675 841 13358
4676 841 16297
4677 841 18510
4678 841 19401
4679 842 7527
4680 842 11413
4681 842 13093
4682 843 1493
4683 843 1679
4684 843 3064
4685 843 7676
4686 843 13781
4687 843 16371
4688 844 5920
4689 844 6932
4690 844 12043
4691 844 13309
4692 844 18954
4693 845 3822
4694 845 7475
4695 845 17691
4696 845 18482
4697 845 18802
4698 846 6425
4699 846 9339
4700 846 9594
4701 846 10241
4702 846 10941
4703 846 17222
4704 847 9815
4705 847 13580
4706 847 14559
4707 847 16038
4708 847 19639
4709 848 2844
4710 848 4181
4711 848 4183
4712 848 15570
4713 848 18128
4714 848 19568
4715 849 9602
4716 849 16043
4717 850 853
4718 850 960
4719 850 8737
4720 850 17845
4721 851 6918
4722 851 9419
4723 851 9555
4724 851 18073
4725 851 18954
4726 852 853
4727 852 988
4728 852 8737
4729 852 15995
4730 852 18730
4731 853 960
4732 853 8737
4733 853 15995
4734 853 17955
4735 854 1058
4736 854 1066
4737 854 3220
4738 854 11305
4739 854 11863
4740 854 14560
4741 854 16620
4742 855 3821
4743 855 5020
4744 855 12774
4745 855 13231
4746 855 17461
4747 855 19174
4748 856 910
4749 856 11477
4750 856 11511
4751 856 11785
4752 856 13222
4753 857 8362
4754 857 18074
4755 857 19904
4756 858 1022
4757 858 1140
4758 858 1288
4759 858 6476
4760 858 19677
4761 859 1493
4762 859 6309
4763 859 9483
4764 859 9885
4765 859 14358
4766 859 19806
4767 860 4299
4768 860 5772
4769 860 6196
4770 860 10715
4771 860 13039
4772 860 15882
4773 860 16120
4774 861 1456
4775 861 8521
4776 861 10733
4777 861 12057
4778 861 15546
4779 861 19141
4780 862 7653
4781 862 8726
4782 862 9984
4783 862 14630
4784 862 15524
4785 863 1658
4786 863 6037
4787 863 7074
4788 863 9655
4789 863 9897
4790 864 3400
4791 864 3681
4792 864 3747
4793 864 4341
4794 864 12601
4795 864 14775
4796 865 2151
4797 865 9424
4798 865 15319
4799 865 16098
4800 865 18694
4801 866 3446
4802 866 8805
4803 866 12863
4804 866 12913
4805 866 18391
4806 866 18841
4807 867 8115
4808 867 8302
4809 867 8400
4810 867 17556
4811 868 898
4812 868 5278
4813 868 6501
4814 868 8664
4815 868 8925
4816 868 13115
4817 869 1348
4818 869 1796
4819 869 5019
4820 869 11411
4821 869 19817
4822 870 2088
4823 870 2644
4824 870 6933
4825 870 9367
4826 870 15409
4827 870 17131
4828 871 2997
4829 871 3020
4830 871 7867
4831 871 8763
4832 871 9931
4833 871 17028
4834 872 1347
4835 872 1704
4836 872 5019
4837 872 7358
4838 872 9621
4839 872 12834
4840 873 916
4841 873 2091
4842 873 9976
4843 873 11835
4844 873 16514
4845 874 1943
4846 874 9397
4847 874 15418
4848 874 15791
4849 874 18301
4850 875 3660
4851 875 3873
4852 875 6023
4853 875 9368
4854 875 16587
4855 875 19410
4856 876 1038
4857 876 4733
4858 876 5279
4859 876 5282
4860 876 5572
4861 876 8028
4862 877 5017
4863 877 7546
4864 877 18317
4865 877 20026
4866 878 7549
4867 878 10660
4868 878 13280
4869 878 19857
4870 879 2494
4871 879 7459
4872 880 8897
4873 880 9589
4874 880 12044
4875 880 12566
4876 880 18970
4877 881 3759
4878 881 3931
4879 881 3993
4880 881 5671
4881 882 2324
4882 882 7853
4883 882 9893
4884 882 19844
4885 883 1191
4886 883 8059
4887 883 17698
4888 883 18661
4889 884 963
4890 884 973
4891 884 1367
4892 884 9017
4893 884 9311
4894 884 19850
4895 885 900
4896 885 1024
4897 885 1560
4898 885 9941
4899 885 12924
4900 885 12928
4901 886 3851
4902 886 5713
4903 886 7794
4904 886 12030
4905 886 13166
4906 887 1056
4907 887 4528
4908 887 9136
4909 887 11536
4910 887 11766
4911 888 889
4912 888 1356
4913 888 1364
4914 888 8227
4915 888 16860
4916 888 18866
4917 889 7769
4918 889 8227
4919 889 13757
4920 889 15671
4921 889 16860
4922 890 4848
4923 890 8928
4924 890 9150
4925 890 13058
4926 890 14075
4927 890 15466
4928 890 17376
4929 891 895
4930 891 1352
4931 891 1435
4932 891 1512
4933 891 1853
4934 891 13630
4935 892 1438
4936 892 1550
4937 892 9523
4938 892 13868
4939 893 1020
4940 893 5056
4941 893 8168
4942 893 8753
4943 893 19297
4944 894 1648
4945 894 7530
4946 894 9921
4947 894 13435
4948 894 16795
4949 894 17489
4950 895 896
4951 895 1289
4952 895 1352
4953 895 1853
4954 895 7764
4955 896 1352
4956 896 7764
4957 896 10001
4958 897 4005
4959 897 4079
4960 897 4359
4961 897 6241
4962 897 16491
4963 897 17787
4964 897 18660
4965 898 1871
4966 898 5278
4967 898 6501
4968 898 11739
4969 898 14760
4970 899 1744
4971 899 8835
4972 899 8984
4973 899 9654
4974 899 12982
4975 900 907
4976 900 922
4977 900 8257
4978 900 9941
4979 900 12928
4980 900 19315
4981 901 11064
4982 901 12492
4983 901 17698
4984 901 19776
4985 901 19849
4986 902 7970
4987 902 8927
4988 902 15920
4989 903 7103
4990 903 10246
4991 903 12995
4992 904 1443
4993 904 1567
4994 904 2054
4995 904 10971
4996 904 15560
4997 904 19830
4998 905 1462
4999 905 8890
5000 905 19771
5001 906 1263
5002 906 2039
5003 906 6437
5004 906 14318
5005 906 14855
5006 906 15646
5007 907 1046
5008 907 7560
5009 907 12926
5010 907 12928
5011 907 19315
5012 908 1086
5013 908 1358
5014 908 11400
5015 908 14935
5016 908 14938
5017 908 19819
5018 909 1645
5019 909 1650
5020 909 4922
5021 909 12820
5022 909 14185
5023 909 15722
5024 910 11785
5025 910 13222
5026 910 17124
5027 910 17152
5028 910 17560
5029 911 1071
5030 911 1103
5031 911 3139
5032 911 4810
5033 911 4967
5034 911 19528
5035 912 969
5036 912 6932
5037 912 12984
5038 912 18424
5039 913 2917
5040 913 3590
5041 913 8167
5042 913 13670
5043 914 1546
5044 914 10114
5045 914 12117
5046 914 13576
5047 914 18143
5048 915 8212
5049 915 9886
5050 915 13282
5051 915 17340
5052 915 18698
5053 915 19901
5054 916 1670
5055 916 8413
5056 916 9976
5057 916 15450
5058 916 16514
5059 917 2024
5060 917 2866
5061 917 14522
5062 917 15907
5063 917 18389
5064 918 2878
5065 918 9359
5066 918 9512
5067 918 10894
5068 918 11650
5069 918 18798
5070 919 3196
5071 919 5124
5072 919 11677
5073 919 12008
5074 919 12018
5075 919 15080
5076 920 1851
5077 920 6866
5078 920 7793
5079 920 10870
5080 920 11632
5081 920 15630
5082 920 19804
5083 921 3217
5084 921 7713
5085 921 8104
5086 921 9736
5087 921 9946
5088 921 9974
5089 922 1370
5090 922 1573
5091 922 8257
5092 922 9941
5093 922 16380
5094 923 933
5095 923 1048
5096 923 1241
5097 923 8996
5098 923 9607
5099 923 15671
5100 924 11269
5101 924 11460
5102 924 11463
5103 924 12074
5104 924 15619
5105 924 16132
5106 924 18103
5107 925 1354
5108 925 9812
5109 925 12586
5110 925 15104
5111 925 19311
5112 926 1283
5113 926 1291
5114 926 4019
5115 926 4347
5116 926 5435
5117 926 8889
5118 926 9059
5119 927 5039
5120 927 7580
5121 927 15168
5122 927 17965
5123 927 18382
5124 928 1020
5125 928 2992
5126 928 6861
5127 928 8104
5128 928 8753
5129 928 12804
5130 928 19310
5131 929 2018
5132 929 2701
5133 929 3460
5134 929 7352
5135 929 10211
5136 930 7772
5137 930 9715
5138 930 9938
5139 930 19538
5140 931 3006
5141 931 7399
5142 931 7662
5143 931 19884
5144 931 19887
5145 932 4384
5146 932 4808
5147 932 5184
5148 932 8619
5149 932 9003
5150 932 9257
5151 932 13777
5152 933 1241
5153 933 8996
5154 933 10114
5155 933 13576
5156 933 19710
5157 934 1174
5158 934 9115
5159 934 9906
5160 934 13044
5161 934 15798
5162 935 2918
5163 935 5858
5164 935 10733
5165 935 12057
5166 935 16819
5167 935 17027
5168 936 1272
5169 936 7372
5170 936 8186
5171 936 15789
5172 936 18406
5173 937 1352
5174 937 9812
5175 937 10001
5176 937 10998
5177 937 13630
5178 937 19782
5179 938 4029
5180 938 11998
5181 938 12647
5182 938 13388
5183 938 15719
5184 938 16411
5185 939 1228
5186 939 7644
5187 939 9184
5188 939 12955
5189 939 12960
5190 940 944
5191 940 1370
5192 940 2799
5193 940 7559
5194 940 8552
5195 940 9513
5196 941 1292
5197 941 2789
5198 941 11398
5199 941 18145
5200 941 19304
5201 942 1268
5202 942 4176
5203 942 8855
5204 942 12962
5205 942 18996
5206 943 1026
5207 943 2306
5208 943 2899
5209 943 8256
5210 943 11539
5211 943 15007
5212 944 2799
5213 944 8552
5214 944 8862
5215 945 5520
5216 945 6655
5217 945 6698
5218 945 9342
5219 945 14738
5220 946 9101
5221 946 17007
5222 946 17216
5223 947 1225
5224 947 1356
5225 947 1364
5226 947 8071
5227 947 10918
5228 947 13846
5229 948 11375
5230 948 13296
5231 948 13298
5232 948 18429
5233 949 7261
5234 949 9647
5235 949 16027
5236 949 16324
5237 949 17597
5238 949 19409
5239 950 1355
5240 950 1512
5241 950 10998
5242 950 12960
5243 950 13630
5244 950 15104
5245 951 9777
5246 951 11740
5247 951 15158
5248 951 19050
5249 952 4466
5250 952 4887
5251 952 6895
5252 952 10521
5253 952 13582
5254 952 15812
5255 953 7311
5256 953 12796
5257 953 13163
5258 953 13168
5259 953 18206
5260 954 4737
5261 954 4739
5262 954 5005
5263 954 5799
5264 954 6097
5265 954 6100
5266 955 976
5267 955 984
5268 955 1167
5269 955 13791
5270 955 19861
5271 956 3442
5272 956 6651
5273 956 7405
5274 956 7868
5275 956 13299
5276 957 7309
5277 957 12973
5278 957 12987
5279 957 19555
5280 958 2027
5281 958 2693
5282 958 9798
5283 958 11502
5284 958 16047
5285 959 7830
5286 959 7834
5287 959 8595
5288 959 10053
5289 959 13221
5290 959 15699
5291 960 4353
5292 960 11126
5293 961 2096
5294 961 2546
5295 961 3933
5296 961 13000
5297 961 18761
5298 961 19524
5299 962 2061
5300 962 7559
5301 962 8552
5302 962 18938
5303 963 2324
5304 963 9017
5305 963 19850
5306 964 2995
5307 964 3350
5308 964 11253
5309 964 11255
5310 964 15561
5311 964 19510
5312 964 19517
5313 965 7842
5314 965 9965
5315 965 10117
5316 965 14451
5317 965 18384
5318 965 18691
5319 966 1051
5320 966 1337
5321 966 9628
5322 966 13272
5323 966 19585
5324 967 970
5325 967 13674
5326 967 17622
5327 967 18740
5328 967 18774
5329 968 3969
5330 968 3990
5331 968 3996
5332 968 7628
5333 968 8789
5334 969 4159
5335 969 12984
5336 969 13258
5337 969 18424
5338 969 19306
5339 970 7957
5340 970 17622
5341 970 20030
5342 971 7449
5343 971 8781
5344 971 17810
5345 972 5620
5346 972 5622
5347 972 5916
5348 972 13896
5349 972 15394
5350 972 15397
5351 973 1367
5352 973 4411
5353 973 9891
5354 973 13433
5355 973 19850
5356 974 1109
5357 974 2546
5358 974 5012
5359 974 8156
5360 974 9972
5361 974 10170
5362 974 19524
5363 974 19803
5364 975 6201
5365 975 6451
5366 975 7104
5367 975 11982
5368 975 13475
5369 975 17827
5370 976 984
5371 976 9605
5372 976 13791
5373 976 19764
5374 977 1761
5375 977 2281
5376 977 2446
5377 977 2507
5378 977 17910
5379 977 17985
5380 978 2378
5381 978 9535
5382 978 10851
5383 978 11153
5384 978 14479
5385 978 18163
5386 979 1090
5387 979 1282
5388 979 2886
5389 979 7092
5390 979 9006
5391 980 4056
5392 980 5313
5393 980 7797
5394 980 12138
5395 980 17227
5396 980 18072
5397 981 983
5398 981 1011
5399 981 3223
5400 981 8838
5401 981 12994
5402 981 19705
5403 982 1084
5404 982 6177
5405 982 6403
5406 982 8817
5407 982 8971
5408 982 19253
5409 983 1235
5410 983 7462
5411 983 8838
5412 983 12994
5413 983 14348
5414 984 1259
5415 984 2562
5416 984 19764
5417 985 986
5418 985 8800
5419 985 11500
5420 985 19771
5421 985 19779
5422 986 2452
5423 986 8175
5424 986 11500
5425 986 18693
5426 986 19771
5427 987 2718
5428 987 4999
5429 987 9977
5430 987 14513
5431 987 19861
5432 988 3636
5433 988 3659
5434 988 8737
5435 988 9499
5436 989 1233
5437 989 1848
5438 989 9214
5439 989 9511
5440 989 19779
5441 990 1996
5442 990 2648
5443 990 3104
5444 990 3420
5445 990 11399
5446 990 13722
5447 991 1267
5448 991 2731
5449 991 7371
5450 991 9445
5451 991 13658
5452 991 14135
5453 992 1280
5454 992 1365
5455 992 1848
5456 992 9214
5457 992 17470
5458 993 10872
5459 993 12115
5460 993 15032
5461 993 15344
5462 993 16200
5463 993 17826
5464 993 19146
5465 994 1009
5466 994 2490
5467 994 2735
5468 994 3280
5469 994 13013
5470 994 19793
5471 995 1158
5472 995 2927
5473 995 2996
5474 995 5126
5475 995 13439
5476 995 16865
5477 996 2932
5478 996 2991
5479 996 9345
5480 996 14801
5481 997 2710
5482 997 2734
5483 997 2737
5484 997 3848
5485 997 10488
5486 997 19612
5487 998 1002
5488 998 1006
5489 998 1523
5490 998 2359
5491 998 14805
5492 998 15478
5493 999 1156
5494 999 1419
5495 999 9659
5496 999 10256
5497 999 11799
5498 999 15744
5499 999 18686
5500 1000 3603
5501 1000 9074
5502 1000 11273
5503 1000 11526
5504 1000 12968
5505 1000 17561
5506 1001 2560
5507 1001 2633
5508 1001 2800
5509 1001 2942
5510 1001 5273
5511 1001 13018
5512 1002 1006
5513 1002 1523
5514 1002 2874
5515 1002 7927
5516 1002 15378
5517 1003 1262
5518 1003 1419
5519 1003 2867
5520 1003 8245
5521 1003 16836
5522 1003 19115
5523 1004 2632
5524 1004 2712
5525 1004 2721
5526 1004 3848
5527 1004 3909
5528 1004 16701
5529 1005 2669
5530 1005 10256
5531 1005 11799
5532 1005 12168
5533 1005 14805
5534 1005 15337
5535 1005 15478
5536 1006 7958
5537 1006 12065
5538 1006 15378
5539 1006 15478
5540 1007 1751
5541 1007 1869
5542 1007 4985
5543 1007 10952
5544 1007 16202
5545 1007 18300
5546 1008 1469
5547 1008 8355
5548 1008 9073
5549 1008 19178
5550 1008 19708
5551 1008 19791
5552 1009 2735
5553 1009 2869
5554 1009 3280
5555 1009 7375
5556 1009 9725
5557 1010 1154
5558 1010 1233
5559 1010 2682
5560 1010 3223
5561 1010 19705
5562 1011 2682
5563 1011 2938
5564 1011 8614
5565 1011 8838
5566 1011 19705
5567 1012 1762
5568 1012 2278
5569 1012 4755
5570 1012 10739
5571 1012 14200
5572 1012 17333
5573 1013 4358
5574 1013 4943
5575 1013 4960
5576 1013 5044
5577 1013 9298
5578 1013 9430
5579 1014 7742
5580 1014 9701
5581 1014 10214
5582 1014 11258
5583 1014 11448
5584 1014 13496
5585 1015 6143
5586 1015 6145
5587 1015 6169
5588 1015 7647
5589 1015 8836
5590 1015 10837
5591 1015 12503
5592 1016 1568
5593 1016 2297
5594 1016 2768
5595 1016 8884
5596 1016 8891
5597 1016 10093
5598 1017 1496
5599 1017 5430
5600 1017 8599
5601 1017 11469
5602 1017 18108
5603 1017 19452
5604 1018 1118
5605 1018 1220
5606 1018 2758
5607 1018 11815
5608 1018 19298
5609 1018 19609
5610 1019 1142
5611 1019 2060
5612 1019 2685
5613 1019 2792
5614 1019 19711
5615 1019 19834
5616 1020 8104
5617 1020 8168
5618 1020 8753
5619 1020 19554
5620 1021 1124
5621 1021 9975
5622 1021 10408
5623 1021 12650
5624 1021 13041
5625 1021 16229
5626 1022 1140
5627 1022 1288
5628 1022 14192
5629 1022 15566
5630 1022 19799
5631 1023 1288
5632 1023 4791
5633 1023 9294
5634 1023 9906
5635 1023 11714
5636 1023 14192
5637 1024 1025
5638 1024 7417
5639 1024 12924
5640 1024 12928
5641 1024 18606
5642 1025 1384
5643 1025 1518
5644 1025 12924
5645 1025 13045
5646 1025 18606
5647 1026 2266
5648 1026 2306
5649 1026 2409
5650 1026 6465
5651 1026 11539
5652 1026 14264
5653 1027 2099
5654 1027 10138
5655 1027 12452
5656 1027 14630
5657 1027 18614
5658 1028 2990
5659 1028 7152
5660 1028 8379
5661 1028 13858
5662 1028 14083
5663 1028 16812
5664 1029 1127
5665 1029 1180
5666 1029 1275
5667 1029 2272
5668 1029 6600
5669 1029 19790
5670 1030 1276
5671 1030 1392
5672 1030 9240
5673 1030 13636
5674 1030 18079
5675 1030 19293
5676 1031 2370
5677 1031 2385
5678 1031 17757
5679 1031 17964
5680 1031 18631
5681 1032 1105
5682 1032 8788
5683 1032 9701
5684 1032 11448
5685 1032 11513
5686 1032 19050
5687 1033 7667
5688 1033 9770
5689 1033 11590
5690 1033 13364
5691 1033 13509
5692 1033 17802
5693 1034 1133
5694 1034 1173
5695 1034 11161
5696 1034 13323
5697 1034 13738
5698 1034 19294
5699 1035 8519
5700 1035 8699
5701 1035 10632
5702 1035 16332
5703 1035 16385
5704 1035 17596
5705 1035 19347
5706 1036 4549
5707 1036 5727
5708 1036 11156
5709 1036 11604
5710 1036 13582
5711 1036 18352
5712 1037 3086
5713 1037 4938
5714 1037 4940
5715 1037 4960
5716 1037 6657
5717 1037 11898
5718 1038 4733
5719 1038 5282
5720 1038 5677
5721 1038 6878
5722 1038 8395
5723 1039 2799
5724 1039 3217
5725 1039 4275
5726 1039 9946
5727 1039 12804
5728 1040 7015
5729 1040 10426
5730 1040 11172
5731 1040 13080
5732 1040 14256
5733 1040 17229
5734 1041 5464
5735 1041 9762
5736 1041 11701
5737 1041 13528
5738 1041 17774
5739 1041 18725
5740 1042 3666
5741 1042 3756
5742 1042 9393
5743 1042 11832
5744 1042 12603
5745 1043 1152
5746 1043 5537
5747 1043 16796
5748 1043 17038
5749 1043 17352
5750 1043 18204
5751 1044 1058
5752 1044 2268
5753 1044 13048
5754 1044 14560
5755 1044 19709
5756 1044 19835
5757 1045 1172
5758 1045 9736
5759 1045 9974
5760 1045 15653
5761 1045 19295
5762 1045 19673
5763 1046 7560
5764 1046 9885
5765 1046 12926
5766 1046 14358
5767 1046 15486
5768 1047 2485
5769 1047 3593
5770 1047 6711
5771 1047 6723
5772 1047 13609
5773 1047 14131
5774 1048 1241
5775 1048 8600
5776 1048 9607
5777 1048 15270
5778 1049 7986
5779 1049 8679
5780 1049 13080
5781 1049 14273
5782 1050 2332
5783 1050 9658
5784 1050 12812
5785 1050 13538
5786 1050 13752
5787 1050 15796
5788 1051 1182
5789 1051 1337
5790 1051 8126
5791 1051 9628
5792 1051 17562
5793 1052 7675
5794 1052 14390
5795 1052 14392
5796 1052 15075
5797 1052 17722
5798 1052 18121
5799 1053 5012
5800 1053 8363
5801 1053 9710
5802 1053 9972
5803 1053 16073
5804 1053 19788
5805 1054 2208
5806 1054 2389
5807 1054 8843
5808 1054 10170
5809 1054 19803
5810 1055 13676
5811 1055 16055
5812 1055 19617
5813 1055 19947
5814 1056 1965
5815 1056 2143
5816 1056 11536
5817 1056 19687
5818 1057 2519
5819 1057 2933
5820 1057 7071
5821 1057 14336
5822 1057 16974
5823 1057 17388
5824 1058 3458
5825 1058 11305
5826 1058 14560
5827 1058 16182
5828 1058 19835
5829 1059 4994
5830 1059 5055
5831 1059 6488
5832 1059 6591
5833 1059 10334
5834 1059 11065
5835 1060 6119
5836 1060 12724
5837 1060 13795
5838 1060 14894
5839 1060 16092
5840 1060 19355
5841 1061 3194
5842 1061 5316
5843 1061 10151
5844 1061 14698
5845 1061 15960
5846 1062 2896
5847 1062 3261
5848 1062 16737
5849 1062 16739
5850 1063 6521
5851 1063 10322
5852 1063 10506
5853 1063 12673
5854 1063 13339
5855 1063 17327
5856 1064 3502
5857 1064 9373
5858 1064 12232
5859 1064 17286
5860 1064 18379
5861 1064 18643
5862 1065 3257
5863 1065 10625
5864 1065 11043
5865 1065 13700
5866 1065 13710
5867 1065 14541
5868 1066 3102
5869 1066 3867
5870 1066 8931
5871 1066 11863
5872 1066 16620
5873 1067 3191
5874 1067 6579
5875 1067 6988
5876 1067 9232
5877 1067 14378
5878 1067 15425
5879 1068 2517
5880 1068 12644
5881 1068 17570
5882 1068 17576
5883 1068 19907
5884 1069 1103
5885 1069 1719
5886 1069 2038
5887 1069 2057
5888 1069 3210
5889 1069 16451
5890 1069 19530
5891 1070 1090
5892 1070 1224
5893 1070 8766
5894 1070 9006
5895 1070 13787
5896 1070 18145
5897 1071 1089
5898 1071 1103
5899 1071 4425
5900 1071 4810
5901 1071 19530
5902 1072 1089
5903 1072 2218
5904 1072 4425
5905 1072 7622
5906 1072 9920
5907 1072 19615
5908 1073 2895
5909 1073 4263
5910 1073 11489
5911 1073 14482
5912 1073 14609
5913 1073 19765
5914 1074 1269
5915 1074 1543
5916 1074 1819
5917 1074 2153
5918 1074 8725
5919 1074 19269
5920 1075 2213
5921 1075 2887
5922 1075 13484
5923 1075 15781
5924 1075 16222
5925 1076 3539
5926 1076 11515
5927 1076 16259
5928 1076 17842
5929 1076 19491
5930 1076 19784
5931 1077 3032
5932 1077 3109
5933 1077 10396
5934 1077 12065
5935 1077 16838
5936 1077 18248
5937 1078 2208
5938 1078 2248
5939 1078 2389
5940 1078 3220
5941 1078 13004
5942 1078 19447
5943 1079 6487
5944 1079 8602
5945 1079 10823
5946 1079 11848
5947 1079 15206
5948 1079 18905
5949 1080 1187
5950 1080 1863
5951 1080 1957
5952 1080 8618
5953 1080 9967
5954 1080 19005
5955 1081 4235
5956 1081 5064
5957 1081 5383
5958 1081 6943
5959 1081 7211
5960 1081 7588
5961 1082 1203
5962 1082 1487
5963 1082 9970
5964 1082 10047
5965 1082 19728
5966 1082 19741
5967 1083 1107
5968 1083 5130
5969 1083 7744
5970 1083 10763
5971 1083 13186
5972 1083 15414
5973 1084 1087
5974 1084 2186
5975 1084 3216
5976 1084 8817
5977 1084 19253
5978 1085 1325
5979 1085 3157
5980 1085 9295
5981 1085 9532
5982 1085 11542
5983 1085 16626
5984 1086 3142
5985 1086 14935
5986 1086 14936
5987 1086 14938
5988 1086 17468
5989 1087 2622
5990 1087 3213
5991 1087 3216
5992 1087 17849
5993 1087 19253
5994 1088 1775
5995 1088 7068
5996 1088 13042
5997 1088 16872
5998 1088 19414
5999 1088 19600
6000 1089 2057
6001 1089 4425
6002 1089 19530
6003 1089 19615
6004 1090 1835
6005 1090 2886
6006 1090 8766
6007 1090 9006
6008 1091 1397
6009 1091 2696
6010 1091 4279
6011 1091 6738
6012 1091 13401
6013 1091 16599
6014 1092 2315
6015 1092 2421
6016 1092 9405
6017 1092 10331
6018 1092 11574
6019 1092 15736
6020 1093 1161
6021 1093 1323
6022 1093 8451
6023 1093 10513
6024 1093 13099
6025 1093 14804
6026 1093 15189
6027 1094 1314
6028 1094 2220
6029 1094 4425
6030 1094 4810
6031 1094 7622
6032 1094 11404
6033 1095 1211
6034 1095 4495
6035 1095 13052
6036 1095 15067
6037 1095 19951
6038 1096 2295
6039 1096 2420
6040 1096 8433
6041 1096 11593
6042 1096 13484
6043 1096 15781
6044 1096 18991
6045 1097 2266
6046 1097 2642
6047 1097 3132
6048 1097 3219
6049 1097 11203
6050 1097 14264
6051 1098 8397
6052 1098 8643
6053 1098 9221
6054 1098 16990
6055 1098 18035
6056 1098 19143
6057 1099 7172
6058 1099 7928
6059 1099 10302
6060 1099 11211
6061 1099 15149
6062 1099 15806
6063 1100 2108
6064 1100 11582
6065 1100 13278
6066 1100 14282
6067 1100 19220
6068 1100 19842
6069 1101 2266
6070 1101 3132
6071 1101 5599
6072 1101 6762
6073 1101 11539
6074 1101 14249
6075 1102 3128
6076 1102 8089
6077 1102 9599
6078 1102 10800
6079 1102 13061
6080 1102 15860
6081 1103 2038
6082 1103 3139
6083 1103 19530
6084 1104 1196
6085 1104 2237
6086 1104 7719
6087 1104 9000
6088 1104 13184
6089 1104 19282
6090 1104 19691
6091 1105 9701
6092 1105 11453
6093 1105 11513
6094 1105 12203
6095 1105 18267
6096 1106 9711
6097 1106 11195
6098 1106 11243
6099 1106 11306
6100 1106 14893
6101 1107 3145
6102 1107 5130
6103 1107 7020
6104 1107 7736
6105 1107 15414
6106 1108 4218
6107 1108 4653
6108 1108 4683
6109 1108 4748
6110 1108 4781
6111 1108 14504
6112 1109 1377
6113 1109 1988
6114 1109 5012
6115 1109 19524
6116 1110 1112
6117 1110 1113
6118 1110 1278
6119 1110 1474
6120 1110 8971
6121 1110 10565
6122 1110 17967
6123 1111 1208
6124 1111 1304
6125 1111 2173
6126 1111 7453
6127 1111 7556
6128 1111 19874
6129 1112 1113
6130 1112 1278
6131 1112 2273
6132 1112 13030
6133 1112 19682
6134 1113 2273
6135 1113 8025
6136 1113 13182
6137 1113 17967
6138 1114 1136
6139 1114 2685
6140 1114 3247
6141 1114 7684
6142 1114 14595
6143 1114 18861
6144 1115 2294
6145 1115 2414
6146 1115 3101
6147 1115 12199
6148 1115 12242
6149 1115 13952
6150 1116 1136
6151 1116 1827
6152 1116 3247
6153 1116 18560
6154 1116 19711
6155 1117 1119
6156 1117 8168
6157 1117 10807
6158 1117 15653
6159 1117 17151
6160 1117 19554
6161 1117 19804
6162 1118 1257
6163 1118 2758
6164 1118 6874
6165 1118 13615
6166 1118 19298
6167 1119 10807
6168 1119 15653
6169 1119 19673
6170 1119 19833
6171 1120 6164
6172 1120 10033
6173 1120 12156
6174 1120 16953
6175 1120 16996
6176 1120 17022
6177 1121 1122
6178 1121 10139
6179 1121 19665
6180 1121 19670
6181 1121 19859
6182 1122 1139
6183 1122 1577
6184 1122 19295
6185 1122 19665
6186 1122 19670
6187 1123 1393
6188 1123 9097
6189 1123 12959
6190 1123 18404
6191 1123 19652
6192 1124 8538
6193 1124 9975
6194 1124 12650
6195 1124 18974
6196 1124 19668
6197 1125 8000
6198 1125 10361
6199 1125 10570
6200 1125 11230
6201 1125 11934
6202 1125 17458
6203 1126 2534
6204 1126 2803
6205 1126 8636
6206 1126 11349
6207 1126 11435
6208 1126 19082
6209 1127 1240
6210 1127 1275
6211 1127 2268
6212 1127 2272
6213 1127 15084
6214 1128 12937
6215 1128 12940
6216 1128 13121
6217 1128 14456
6218 1128 17544
6219 1128 17855
6220 1129 3067
6221 1129 3430
6222 1129 11417
6223 1129 16801
6224 1129 17311
6225 1129 17335
6226 1130 1244
6227 1130 3867
6228 1130 7925
6229 1130 13203
6230 1130 14677
6231 1130 16977
6232 1130 19377
6233 1131 11358
6234 1131 11429
6235 1131 14245
6236 1131 16064
6237 1131 17132
6238 1132 12540
6239 1132 12571
6240 1132 12575
6241 1132 17366
6242 1132 19321
6243 1133 1240
6244 1133 6761
6245 1133 13738
6246 1133 13816
6247 1133 19294
6248 1134 3516
6249 1134 7082
6250 1134 7606
6251 1134 15406
6252 1134 18093
6253 1135 1826
6254 1135 2609
6255 1135 3669
6256 1135 4051
6257 1135 8206
6258 1135 9157
6259 1135 10834
6260 1136 2685
6261 1136 3247
6262 1136 19711
6263 1137 6769
6264 1137 8507
6265 1137 9266
6266 1137 10587
6267 1137 14927
6268 1137 16220
6269 1138 1571
6270 1138 7737
6271 1138 13566
6272 1138 19300
6273 1138 19648
6274 1139 1577
6275 1139 7768
6276 1139 8839
6277 1139 9975
6278 1139 19670
6279 1140 1619
6280 1140 3953
6281 1140 6476
6282 1140 8406
6283 1140 19799
6284 1141 1944
6285 1141 1999
6286 1141 2223
6287 1141 8123
6288 1141 18940
6289 1141 19687
6290 1142 1350
6291 1142 2060
6292 1142 7173
6293 1142 19289
6294 1142 19834
6295 1143 9052
6296 1143 10437
6297 1143 14471
6298 1143 15528
6299 1143 17274
6300 1143 19685
6301 1144 1741
6302 1144 2090
6303 1144 6480
6304 1144 6552
6305 1144 18804
6306 1144 19689
6307 1145 3775
6308 1145 5778
6309 1145 9636
6310 1145 9979
6311 1145 12407
6312 1145 13742
6313 1146 12910
6314 1146 12935
6315 1146 12936
6316 1146 13107
6317 1146 15638
6318 1146 18016
6319 1147 3606
6320 1147 4643
6321 1147 6700
6322 1147 7512
6323 1147 9828
6324 1147 16717
6325 1148 1175
6326 1148 2052
6327 1148 7796
6328 1148 19214
6329 1148 19551
6330 1148 19792
6331 1148 19922
6332 1149 1234
6333 1149 1255
6334 1149 3223
6335 1149 12994
6336 1149 13030
6337 1149 19682
6338 1150 1861
6339 1150 2761
6340 1150 5007
6341 1150 7989
6342 1150 8459
6343 1150 13971
6344 1151 1479
6345 1151 8999
6346 1151 12703
6347 1151 14564
6348 1151 19642
6349 1152 2631
6350 1152 2739
6351 1152 5537
6352 1152 8962
6353 1152 17038
6354 1152 17223
6355 1153 5521
6356 1153 5904
6357 1153 6813
6358 1153 7383
6359 1153 17426
6360 1153 17654
6361 1154 1186
6362 1154 1233
6363 1154 1280
6364 1154 1848
6365 1155 1898
6366 1155 3137
6367 1155 3156
6368 1155 12443
6369 1155 19514
6370 1156 1262
6371 1156 1419
6372 1156 11799
6373 1156 19531
6374 1157 8025
6375 1157 8566
6376 1157 9982
6377 1157 10763
6378 1157 13182
6379 1157 13186
6380 1158 2927
6381 1158 3044
6382 1158 3162
6383 1158 14197
6384 1158 14842
6385 1158 16865
6386 1159 6509
6387 1159 6510
6388 1159 8782
6389 1159 9726
6390 1159 9766
6391 1159 10427
6392 1160 1832
6393 1160 2926
6394 1160 3174
6395 1160 3445
6396 1160 9129
6397 1160 18603
6398 1161 2945
6399 1161 8451
6400 1161 14804
6401 1161 15992
6402 1161 19370
6403 1162 1382
6404 1162 2054
6405 1162 3232
6406 1162 3745
6407 1162 7760
6408 1162 10971
6409 1163 2461
6410 1163 4336
6411 1163 5296
6412 1163 6790
6413 1163 13238
6414 1164 2935
6415 1164 2967
6416 1164 2985
6417 1164 3042
6418 1164 14453
6419 1164 15557
6420 1165 1288
6421 1165 9294
6422 1165 16095
6423 1165 17795
6424 1165 19677
6425 1165 19795
6426 1166 2479
6427 1166 13021
6428 1166 16010
6429 1166 18265
6430 1166 18479
6431 1166 18742
6432 1167 4999
6433 1167 11978
6434 1167 19766
6435 1167 19861
6436 1168 1260
6437 1168 4999
6438 1168 7462
6439 1168 11978
6440 1168 14348
6441 1168 14513
6442 1168 19760
6443 1169 2609
6444 1169 6660
6445 1169 13764
6446 1169 15490
6447 1169 18401
6448 1170 2250
6449 1170 2782
6450 1170 7681
6451 1170 10450
6452 1170 12461
6453 1170 18721
6454 1171 1286
6455 1171 7724
6456 1171 7783
6457 1171 8600
6458 1171 15270
6459 1171 15490
6460 1172 1577
6461 1172 9736
6462 1172 18535
6463 1172 19295
6464 1173 1178
6465 1173 1590
6466 1173 11161
6467 1173 13323
6468 1173 19570
6469 1174 1175
6470 1174 9115
6471 1174 9294
6472 1174 9906
6473 1174 16009
6474 1174 19795
6475 1174 19922
6476 1175 3949
6477 1175 7796
6478 1175 19795
6479 1175 19922
6480 1176 2024
6481 1176 4851
6482 1176 14140
6483 1176 14419
6484 1176 14522
6485 1176 15289
6486 1177 1239
6487 1177 1615
6488 1177 2473
6489 1177 8260
6490 1177 9562
6491 1178 1283
6492 1178 9059
6493 1178 10327
6494 1178 11161
6495 1178 19570
6496 1179 2749
6497 1179 9361
6498 1179 12486
6499 1179 15723
6500 1180 1181
6501 1180 1275
6502 1180 7843
6503 1180 14900
6504 1180 19790
6505 1181 6667
6506 1181 7843
6507 1181 13214
6508 1181 13678
6509 1181 14900
6510 1181 19178
6511 1182 4947
6512 1182 8126
6513 1182 9199
6514 1182 17562
6515 1182 19407
6516 1183 1196
6517 1183 1576
6518 1183 7719
6519 1183 11815
6520 1183 19609
6521 1183 19738
6522 1184 1545
6523 1184 2390
6524 1184 8298
6525 1184 15965
6526 1184 16009
6527 1184 19551
6528 1185 1201
6529 1185 1859
6530 1185 1874
6531 1185 2467
6532 1185 9182
6533 1185 12991
6534 1186 1280
6535 1186 6177
6536 1186 11496
6537 1186 19309
6538 1187 1508
6539 1187 1899
6540 1187 8618
6541 1187 19005
6542 1188 14408
6543 1188 14410
6544 1188 14423
6545 1188 14427
6546 1188 15681
6547 1189 1200
6548 1189 10451
6549 1189 10512
6550 1189 11390
6551 1189 13538
6552 1190 10411
6553 1190 13205
6554 1190 13675
6555 1190 13759
6556 1190 17187
6557 1190 18968
6558 1190 19550
6559 1191 8059
6560 1191 8214
6561 1191 11064
6562 1191 17698
6563 1192 1443
6564 1192 1481
6565 1192 1567
6566 1192 1656
6567 1192 8130
6568 1192 9195
6569 1192 18738
6570 1193 5092
6571 1193 5286
6572 1193 5390
6573 1193 6519
6574 1193 10406
6575 1193 11052
6576 1193 16677
6577 1194 1203
6578 1194 1396
6579 1194 1487
6580 1194 2332
6581 1194 9658
6582 1194 10967
6583 1195 8294
6584 1195 11541
6585 1195 12735
6586 1195 15492
6587 1195 18177
6588 1195 19734
6589 1196 7719
6590 1196 7743
6591 1196 19609
6592 1196 19691
6593 1197 1552
6594 1197 2343
6595 1197 3098
6596 1197 3134
6597 1197 8120
6598 1197 14742
6599 1198 1392
6600 1198 2751
6601 1198 9240
6602 1198 9531
6603 1198 17755
6604 1198 19716
6605 1199 5792
6606 1199 5953
6607 1199 10598
6608 1199 11130
6609 1199 16821
6610 1200 2766
6611 1200 11390
6612 1200 13538
6613 1200 15796
6614 1200 18449
6615 1201 2467
6616 1201 9182
6617 1201 14577
6618 1201 14928
6619 1201 19718
6620 1202 6950
6621 1202 7578
6622 1202 7801
6623 1202 13281
6624 1203 1396
6625 1203 1487
6626 1203 7524
6627 1203 19741
6628 1204 7895
6629 1204 7937
6630 1204 9363
6631 1204 18794
6632 1205 1252
6633 1205 6468
6634 1205 9446
6635 1205 11691
6636 1205 14213
6637 1205 15233
6638 1205 19739
6639 1206 1307
6640 1206 4328
6641 1206 7212
6642 1206 10192
6643 1206 12022
6644 1206 13072
6645 1207 2100
6646 1207 3337
6647 1207 6946
6648 1207 9344
6649 1207 12180
6650 1208 3315
6651 1208 7556
6652 1208 15706
6653 1208 17492
6654 1208 19874
6655 1209 5772
6656 1209 5794
6657 1209 5795
6658 1209 10885
6659 1209 10907
6660 1209 14946
6661 1210 10476
6662 1210 11158
6663 1210 11160
6664 1210 13598
6665 1210 15099
6666 1210 15733
6667 1211 1331
6668 1211 4495
6669 1211 5968
6670 1211 8557
6671 1211 16173
6672 1211 19951
6673 1212 1214
6674 1212 1274
6675 1212 1513
6676 1212 1902
6677 1212 11957
6678 1212 19680
6679 1213 7424
6680 1213 9780
6681 1213 12795
6682 1213 13492
6683 1213 16216
6684 1213 19181
6685 1213 19237
6686 1214 2280
6687 1214 11957
6688 1214 19680
6689 1214 19752
6690 1215 1331
6691 1215 1837
6692 1215 2224
6693 1215 2329
6694 1215 2772
6695 1215 7640
6696 1216 1424
6697 1216 1998
6698 1216 2442
6699 1216 13068
6700 1216 14331
6701 1216 17573
6702 1217 3395
6703 1217 8525
6704 1217 9029
6705 1217 17782
6706 1217 17972
6707 1217 18010
6708 1218 1220
6709 1218 2191
6710 1218 2808
6711 1218 11815
6712 1218 17403
6713 1219 2311
6714 1219 6438
6715 1219 8824
6716 1219 17667
6717 1219 18266
6718 1219 19637
6719 1220 2758
6720 1220 11815
6721 1220 17403
6722 1221 3813
6723 1221 10474
6724 1221 10475
6725 1221 11788
6726 1221 14979
6727 1221 14990
6728 1222 11016
6729 1222 12979
6730 1222 13863
6731 1222 14030
6732 1222 15567
6733 1222 18499
6734 1223 1353
6735 1223 1355
6736 1223 1435
6737 1223 1512
6738 1223 2876
6739 1223 3908
6740 1224 11398
6741 1224 13787
6742 1224 18145
6743 1224 18693
6744 1224 19761
6745 1225 1356
6746 1225 1357
6747 1225 2257
6748 1225 12964
6749 1225 13846
6750 1226 7023
6751 1226 7024
6752 1226 7360
6753 1226 10163
6754 1226 10497
6755 1226 11965
6756 1227 1228
6757 1227 3136
6758 1227 4275
6759 1227 7644
6760 1227 20014
6761 1228 3136
6762 1228 7644
6763 1228 9184
6764 1228 16596
6765 1229 2124
6766 1229 2367
6767 1229 9490
6768 1229 13472
6769 1229 18020
6770 1229 19598
6771 1230 1948
6772 1230 1985
6773 1230 2371
6774 1230 2551
6775 1230 9959
6776 1230 13950
6777 1231 4217
6778 1231 5024
6779 1231 6572
6780 1231 8472
6781 1231 15904
6782 1232 1956
6783 1232 2448
6784 1232 2724
6785 1232 12004
6786 1232 14923
6787 1232 16869
6788 1233 1848
6789 1233 2682
6790 1233 9511
6791 1234 1235
6792 1234 2156
6793 1234 12994
6794 1234 19301
6795 1234 19682
6796 1235 1236
6797 1235 2156
6798 1235 7462
6799 1235 12956
6800 1235 12994
6801 1236 2156
6802 1236 2236
6803 1236 7020
6804 1236 12956
6805 1236 19796
6806 1237 3102
6807 1237 8355
6808 1237 8931
6809 1237 13678
6810 1237 18079
6811 1237 19293
6812 1238 8596
6813 1238 8858
6814 1238 9949
6815 1238 11131
6816 1238 16117
6817 1238 16932
6818 1239 1491
6819 1239 1615
6820 1239 9562
6821 1239 13816
6822 1239 18381
6823 1240 2272
6824 1240 6761
6825 1240 13738
6826 1240 15084
6827 1241 8600
6828 1241 10114
6829 1241 13189
6830 1242 1334
6831 1242 7417
6832 1242 7676
6833 1242 12861
6834 1242 18606
6835 1242 19806
6836 1243 1903
6837 1243 2239
6838 1243 2754
6839 1243 9191
6840 1243 12865
6841 1243 19679
6842 1244 1276
6843 1244 2430
6844 1244 7925
6845 1244 16977
6846 1244 19725
6847 1245 1922
6848 1245 2107
6849 1245 2229
6850 1245 2432
6851 1245 13449
6852 1245 19631
6853 1246 2085
6854 1246 2120
6855 1246 2422
6856 1246 8074
6857 1246 19614
6858 1247 3065
6859 1247 3692
6860 1247 3787
6861 1247 7837
6862 1247 10079
6863 1247 16443
6864 1248 3487
6865 1248 5476
6866 1248 5748
6867 1248 6283
6868 1248 7946
6869 1248 12756
6870 1249 1269
6871 1249 1874
6872 1249 2858
6873 1249 8247
6874 1249 10047
6875 1249 12991
6876 1250 1509
6877 1250 1951
6878 1250 2394
6879 1250 6828
6880 1250 12158
6881 1250 18294
6882 1251 1778
6883 1251 8359
6884 1251 14577
6885 1251 14928
6886 1251 19778
6887 1252 1390
6888 1252 6468
6889 1252 8359
6890 1252 19739
6891 1252 19778
6892 1253 10231
6893 1253 15220
6894 1253 15799
6895 1253 19781
6896 1254 3230
6897 1254 8175
6898 1254 11500
6899 1254 13087
6900 1254 19798
6901 1255 3223
6902 1255 11496
6903 1255 13030
6904 1255 19706
6905 1256 1734
6906 1256 9012
6907 1256 9667
6908 1256 13193
6909 1256 15710
6910 1257 2758
6911 1257 3933
6912 1257 6874
6913 1257 9842
6914 1257 13307
6915 1258 2409
6916 1258 2783
6917 1258 6465
6918 1258 6848
6919 1258 12275
6920 1258 14248
6921 1259 2562
6922 1259 6874
6923 1259 13000
6924 1259 13615
6925 1259 19764
6926 1260 3144
6927 1260 7462
6928 1260 11978
6929 1260 12956
6930 1260 19766
6931 1261 5163
6932 1261 5243
6933 1261 9399
6934 1261 14301
6935 1261 14310
6936 1261 14845
6937 1262 1419
6938 1262 2416
6939 1262 16836
6940 1262 19531
6941 1263 4023
6942 1263 5027
6943 1263 12719
6944 1263 14855
6945 1263 15646
6946 1264 1908
6947 1264 1913
6948 1264 1918
6949 1264 7755
6950 1264 9519
6951 1264 19686
6952 1264 19930
6953 1265 1762
6954 1265 4160
6955 1265 6208
6956 1265 9990
6957 1265 10224
6958 1265 10296
6959 1266 4239
6960 1266 5383
6961 1266 5413
6962 1266 18119
6963 1266 19512
6964 1267 3032
6965 1267 7371
6966 1267 11140
6967 1267 13658
6968 1267 19654
6969 1268 7763
6970 1268 11896
6971 1268 12962
6972 1268 15789
6973 1268 16925
6974 1269 1819
6975 1269 1859
6976 1269 1874
6977 1269 2858
6978 1269 8725
6979 1270 1303
6980 1270 1837
6981 1270 6468
6982 1270 8618
6983 1270 13183
6984 1270 14213
6985 1271 2417
6986 1271 8806
6987 1271 10408
6988 1271 12971
6989 1271 15566
6990 1271 19799
6991 1272 1535
6992 1272 8105
6993 1272 15483
6994 1272 18406
6995 1273 5560
6996 1273 6016
6997 1273 6171
6998 1273 8135
6999 1273 9400
7000 1273 10840
7001 1273 16888
7002 1274 1513
7003 1274 1522
7004 1274 2329
7005 1274 2772
7006 1274 11957
7007 1274 19584
7008 1275 2268
7009 1275 7843
7010 1275 19709
7011 1276 7925
7012 1276 13636
7013 1276 19293
7014 1276 19725
7015 1277 1694
7016 1277 1758
7017 1277 3023
7018 1277 7094
7019 1277 10257
7020 1277 19113
7021 1278 6403
7022 1278 8971
7023 1278 13030
7024 1278 19706
7025 1279 3400
7026 1279 3747
7027 1279 4936
7028 1279 15768
7029 1279 16062
7030 1279 17356
7031 1280 1848
7032 1280 17470
7033 1280 19309
7034 1281 2195
7035 1281 7553
7036 1281 7686
7037 1281 10286
7038 1281 12038
7039 1281 13252
7040 1281 19582
7041 1282 7092
7042 1282 9006
7043 1282 13191
7044 1282 13201
7045 1282 19304
7046 1283 1291
7047 1283 1717
7048 1283 9059
7049 1283 10327
7050 1284 1540
7051 1284 1766
7052 1284 3952
7053 1284 4205
7054 1284 8120
7055 1284 9000
7056 1284 14742
7057 1285 2964
7058 1285 4474
7059 1285 4513
7060 1285 15088
7061 1285 16727
7062 1286 5435
7063 1286 7724
7064 1286 8600
7065 1286 8889
7066 1286 13189
7067 1287 5409
7068 1287 9534
7069 1287 13859
7070 1287 14122
7071 1287 16737
7072 1287 16810
7073 1288 9294
7074 1288 14192
7075 1288 19677
7076 1289 1853
7077 1289 7764
7078 1289 18406
7079 1290 4015
7080 1290 4519
7081 1290 10375
7082 1290 11635
7083 1290 12033
7084 1290 12054
7085 1291 1717
7086 1291 1767
7087 1291 4347
7088 1292 2789
7089 1292 8126
7090 1292 9628
7091 1292 11398
7092 1292 13081
7093 1293 2913
7094 1293 4344
7095 1293 4416
7096 1293 7159
7097 1293 11192
7098 1293 11635
7099 1293 12054
7100 1294 2762
7101 1294 5079
7102 1294 9225
7103 1294 13817
7104 1294 15737
7105 1295 1311
7106 1295 4307
7107 1295 4318
7108 1295 9263
7109 1295 11403
7110 1296 2254
7111 1296 3542
7112 1296 8687
7113 1296 13708
7114 1296 18703
7115 1297 1314
7116 1297 1436
7117 1297 1968
7118 1297 4173
7119 1297 7622
7120 1297 9920
7121 1298 1398
7122 1298 2458
7123 1298 2492
7124 1298 15419
7125 1298 19822
7126 1299 1300
7127 1299 1675
7128 1299 1758
7129 1299 4037
7130 1299 9926
7131 1299 10257
7132 1299 12102
7133 1300 4037
7134 1300 5448
7135 1300 7478
7136 1300 7809
7137 1300 9926
7138 1301 2482
7139 1301 3408
7140 1301 7332
7141 1301 9291
7142 1301 14982
7143 1301 15169
7144 1302 1403
7145 1302 7123
7146 1302 13051
7147 1302 15785
7148 1302 16277
7149 1303 1390
7150 1303 1957
7151 1303 6468
7152 1303 7960
7153 1303 8618
7154 1304 2173
7155 1304 3317
7156 1304 7555
7157 1304 18684
7158 1304 19874
7159 1305 2066
7160 1305 2812
7161 1305 9191
7162 1305 19461
7163 1306 4311
7164 1306 4407
7165 1306 4436
7166 1306 4945
7167 1306 6544
7168 1306 14756
7169 1307 4328
7170 1307 4485
7171 1307 10192
7172 1307 10286
7173 1307 14890
7174 1308 4902
7175 1308 5597
7176 1308 9845
7177 1308 12140
7178 1308 13157
7179 1308 18243
7180 1308 18345
7181 1309 2113
7182 1309 4509
7183 1309 6027
7184 1309 10270
7185 1309 11147
7186 1309 11981
7187 1310 2558
7188 1310 4319
7189 1310 11228
7190 1310 11229
7191 1310 19139
7192 1310 19535
7193 1311 4307
7194 1311 4318
7195 1311 10798
7196 1311 17438
7197 1311 17445
7198 1312 2733
7199 1312 2940
7200 1312 8948
7201 1312 14176
7202 1312 20036
7203 1313 1455
7204 1313 1856
7205 1313 2167
7206 1313 3253
7207 1313 5786
7208 1313 9914
7209 1314 1968
7210 1314 2220
7211 1314 3204
7212 1314 7622
7213 1315 2185
7214 1315 2322
7215 1315 11626
7216 1315 13190
7217 1315 13563
7218 1315 18064
7219 1316 1436
7220 1316 4333
7221 1316 4754
7222 1316 6812
7223 1316 12037
7224 1317 2276
7225 1317 11465
7226 1317 13850
7227 1317 14282
7228 1317 14843
7229 1317 19842
7230 1318 1325
7231 1318 3111
7232 1318 9532
7233 1318 11772
7234 1318 14809
7235 1318 19232
7236 1319 2834
7237 1319 5719
7238 1319 6134
7239 1319 6358
7240 1319 13066
7241 1319 17775
7242 1319 18826
7243 1320 12406
7244 1320 16724
7245 1320 19955
7246 1320 19956
7247 1321 4437
7248 1321 8284
7249 1321 9613
7250 1321 14017
7251 1321 14489
7252 1321 17287
7253 1322 6332
7254 1322 9284
7255 1322 15863
7256 1322 15908
7257 1322 16114
7258 1322 18251
7259 1323 10513
7260 1323 13099
7261 1323 13180
7262 1323 19199
7263 1324 1440
7264 1324 15496
7265 1324 15642
7266 1324 18629
7267 1324 19628
7268 1324 19960
7269 1325 9532
7270 1325 11772
7271 1325 16626
7272 1326 2276
7273 1326 2300
7274 1326 2470
7275 1326 8305
7276 1326 8345
7277 1327 8072
7278 1327 11573
7279 1327 13099
7280 1327 19199
7281 1327 19608
7282 1328 1332
7283 1328 4869
7284 1328 8249
7285 1328 8677
7286 1328 19022
7287 1328 19605
7288 1329 2767
7289 1329 5833
7290 1329 6709
7291 1329 15438
7292 1329 15534
7293 1329 18270
7294 1330 1927
7295 1330 2568
7296 1330 6690
7297 1330 11098
7298 1330 11546
7299 1330 11919
7300 1330 15010
7301 1331 2772
7302 1331 7640
7303 1331 8557
7304 1331 16173
7305 1332 2653
7306 1332 12651
7307 1332 19022
7308 1332 19605
7309 1333 8197
7310 1333 10448
7311 1333 10457
7312 1333 13609
7313 1333 16871
7314 1334 1384
7315 1334 1679
7316 1334 7676
7317 1334 7748
7318 1334 18606
7319 1335 2031
7320 1335 7579
7321 1335 8213
7322 1335 11369
7323 1335 18225
7324 1336 1557
7325 1336 1565
7326 1336 2028
7327 1336 2117
7328 1336 5039
7329 1336 14080
7330 1337 1506
7331 1337 13272
7332 1337 17562
7333 1337 19563
7334 1338 12952
7335 1338 15637
7336 1338 19057
7337 1338 19085
7338 1339 12942
7339 1339 15523
7340 1339 15595
7341 1340 1695
7342 1340 3229
7343 1340 6477
7344 1340 14312
7345 1340 14317
7346 1340 14735
7347 1341 12577
7348 1341 14277
7349 1341 14818
7350 1341 15423
7351 1342 4452
7352 1342 9260
7353 1342 19163
7354 1342 19667
7355 1343 1621
7356 1343 1911
7357 1343 2360
7358 1343 4134
7359 1343 10508
7360 1343 19841
7361 1344 1862
7362 1344 1919
7363 1344 6979
7364 1344 7819
7365 1344 16028
7366 1345 1864
7367 1345 4505
7368 1345 16017
7369 1345 16517
7370 1346 3355
7371 1346 3443
7372 1346 3465
7373 1346 6645
7374 1346 10169
7375 1346 15320
7376 1347 1348
7377 1347 1760
7378 1347 5019
7379 1347 5327
7380 1347 12834
7381 1348 1760
7382 1348 1796
7383 1348 2104
7384 1348 5019
7385 1349 1897
7386 1349 2296
7387 1349 7800
7388 1349 18984
7389 1349 19827
7390 1350 2060
7391 1350 9915
7392 1350 19289
7393 1350 19311
7394 1350 19782
7395 1351 8924
7396 1351 10848
7397 1351 14178
7398 1351 15339
7399 1351 15828
7400 1351 16813
7401 1352 10001
7402 1352 13630
7403 1353 1355
7404 1353 2876
7405 1353 9184
7406 1353 12466
7407 1353 16596
7408 1354 2992
7409 1354 6861
7410 1354 12586
7411 1354 12955
7412 1354 12960
7413 1354 15104
7414 1355 1512
7415 1355 9184
7416 1355 12960
7417 1356 1357
7418 1356 1364
7419 1356 18866
7420 1357 8862
7421 1357 12964
7422 1357 18866
7423 1358 1689
7424 1358 2036
7425 1358 2149
7426 1358 19819
7427 1359 5377
7428 1359 5378
7429 1359 5380
7430 1359 9633
7431 1359 11091
7432 1359 13719
7433 1360 3409
7434 1360 3574
7435 1360 3617
7436 1360 3739
7437 1360 8717
7438 1361 13533
7439 1361 15388
7440 1361 18690
7441 1361 19910
7442 1362 1820
7443 1362 1879
7444 1362 3622
7445 1362 11706
7446 1362 18988
7447 1363 1690
7448 1363 1750
7449 1363 7810
7450 1363 11254
7451 1363 12625
7452 1363 18034
7453 1364 9245
7454 1364 10918
7455 1364 16860
7456 1365 9214
7457 1365 13087
7458 1365 18385
7459 1365 19798
7460 1366 2638
7461 1366 7817
7462 1366 13692
7463 1366 14321
7464 1366 17608
7465 1367 4411
7466 1367 9311
7467 1367 18663
7468 1368 1872
7469 1368 2084
7470 1368 3625
7471 1368 4396
7472 1369 1865
7473 1369 2340
7474 1369 2361
7475 1369 6947
7476 1369 14349
7477 1370 7559
7478 1370 7713
7479 1370 8257
7480 1370 9513
7481 1370 16380
7482 1371 4152
7483 1371 7905
7484 1371 9910
7485 1371 18448
7486 1371 19954
7487 1372 4465
7488 1372 6396
7489 1372 10119
7490 1372 10533
7491 1372 11072
7492 1373 2206
7493 1373 6869
7494 1373 11884
7495 1373 16253
7496 1373 19757
7497 1374 2840
7498 1374 5070
7499 1374 7905
7500 1374 9590
7501 1374 19954
7502 1375 2688
7503 1375 7890
7504 1375 11836
7505 1375 15569
7506 1375 17982
7507 1375 19564
7508 1376 1726
7509 1376 1727
7510 1376 2089
7511 1376 6859
7512 1376 12648
7513 1376 13423
7514 1377 4947
7515 1377 5012
7516 1377 8363
7517 1377 17562
7518 1378 6598
7519 1378 14467
7520 1378 15916
7521 1378 16851
7522 1378 17021
7523 1378 18289
7524 1379 1388
7525 1379 4861
7526 1379 8249
7527 1379 16011
7528 1379 17962
7529 1379 19022
7530 1380 2525
7531 1380 2708
7532 1380 2892
7533 1380 3199
7534 1380 13857
7535 1380 14294
7536 1380 19405
7537 1381 1943
7538 1381 5037
7539 1381 10004
7540 1381 14038
7541 1382 2054
7542 1382 2074
7543 1382 2222
7544 1382 3232
7545 1383 2047
7546 1383 4415
7547 1383 7339
7548 1383 9225
7549 1383 13817
7550 1383 15766
7551 1384 1637
7552 1384 7748
7553 1384 10957
7554 1384 13045
7555 1384 18606
7556 1385 1843
7557 1385 1845
7558 1385 3359
7559 1385 5646
7560 1385 14262
7561 1385 19829
7562 1386 13344
7563 1386 15266
7564 1386 17970
7565 1386 18361
7566 1386 18419
7567 1386 19125
7568 1387 3288
7569 1387 3624
7570 1387 4041
7571 1387 10327
7572 1387 16849
7573 1387 19570
7574 1388 12651
7575 1388 17962
7576 1388 19022
7577 1389 2421
7578 1389 7391
7579 1389 13180
7580 1389 19199
7581 1390 6468
7582 1390 7960
7583 1390 19701
7584 1390 19778
7585 1391 1835
7586 1391 8766
7587 1391 9526
7588 1391 9615
7589 1391 10276
7590 1391 16045
7591 1392 9240
7592 1392 9531
7593 1392 13636
7594 1392 18449
7595 1393 7759
7596 1393 7761
7597 1393 8109
7598 1393 9097
7599 1393 12959
7600 1394 1483
7601 1394 1843
7602 1394 1947
7603 1394 7529
7604 1394 8178
7605 1394 19830
7606 1395 4755
7607 1395 7212
7608 1395 13072
7609 1395 14200
7610 1395 18140
7611 1395 19138
7612 1396 2332
7613 1396 7524
7614 1396 8983
7615 1397 2422
7616 1397 2433
7617 1397 2696
7618 1397 13401
7619 1398 7790
7620 1398 11524
7621 1398 15419
7622 1398 19822
7623 1399 6853
7624 1399 8528
7625 1399 12387
7626 1399 14719
7627 1399 15878
7628 1399 17449
7629 1400 1411
7630 1400 1653
7631 1400 4157
7632 1400 4382
7633 1400 15211
7634 1400 15604
7635 1401 4159
7636 1401 8344
7637 1401 11732
7638 1401 12984
7639 1401 17074
7640 1401 18434
7641 1402 2267
7642 1402 3470
7643 1402 6745
7644 1402 10556
7645 1402 10620
7646 1402 19513
7647 1403 3119
7648 1403 8248
7649 1403 15405
7650 1403 16277
7651 1404 2077
7652 1404 4675
7653 1404 5191
7654 1404 8054
7655 1404 14828
7656 1404 16777
7657 1405 1821
7658 1405 7156
7659 1405 7298
7660 1405 7839
7661 1405 9934
7662 1406 1778
7663 1406 8477
7664 1406 8624
7665 1406 9040
7666 1406 10875
7667 1406 13193
7668 1407 1763
7669 1407 4458
7670 1407 8960
7671 1408 4124
7672 1408 5350
7673 1408 10846
7674 1408 14180
7675 1408 16831
7676 1409 2426
7677 1409 2429
7678 1409 2584
7679 1409 7740
7680 1409 14347
7681 1409 14719
7682 1410 3017
7683 1410 4864
7684 1410 5272
7685 1410 6846
7686 1410 11877
7687 1410 15117
7688 1411 1653
7689 1411 6622
7690 1411 12835
7691 1411 15211
7692 1411 19388
7693 1412 1589
7694 1412 8773
7695 1412 8963
7696 1412 14203
7697 1412 19865
7698 1413 7025
7699 1413 8842
7700 1413 10261
7701 1413 14145
7702 1413 18523
7703 1413 20004
7704 1414 1420
7705 1414 4268
7706 1414 7675
7707 1414 15075
7708 1414 15097
7709 1414 19740
7710 1415 18230
7711 1415 18303
7712 1415 18349
7713 1415 18847
7714 1415 18864
7715 1415 19019
7716 1416 4864
7717 1416 4918
7718 1416 5247
7719 1416 6846
7720 1416 17372
7721 1416 19569
7722 1417 2189
7723 1417 2258
7724 1417 3916
7725 1417 8567
7726 1417 14525
7727 1417 15716
7728 1418 2451
7729 1418 11871
7730 1418 12353
7731 1418 12409
7732 1418 15459
7733 1419 8245
7734 1419 15744
7735 1420 2620
7736 1420 4268
7737 1420 9543
7738 1420 12532
7739 1420 19740
7740 1421 2581
7741 1421 14206
7742 1421 14329
7743 1421 15992
7744 1421 19243
7745 1421 19370
7746 1422 8082
7747 1422 8528
7748 1422 9061
7749 1422 14108
7750 1422 17400
7751 1422 17449
7752 1423 10830
7753 1423 11299
7754 1423 17494
7755 1423 17798
7756 1423 19583
7757 1424 1668
7758 1424 1998
7759 1424 8009
7760 1424 13068
7761 1425 1439
7762 1425 6955
7763 1425 13257
7764 1425 19153
7765 1425 19763
7766 1426 4915
7767 1426 5272
7768 1426 8671
7769 1426 11877
7770 1426 14307
7771 1426 16090
7772 1427 2407
7773 1427 4772
7774 1427 5897
7775 1427 8559
7776 1427 18705
7777 1427 19406
7778 1428 1430
7779 1428 2219
7780 1428 3757
7781 1428 7643
7782 1429 1623
7783 1429 1669
7784 1429 1709
7785 1429 1977
7786 1429 7327
7787 1429 17856
7788 1430 3757
7789 1430 7167
7790 1430 13639
7791 1431 2718
7792 1431 8767
7793 1431 8890
7794 1431 13002
7795 1431 17944
7796 1432 3537
7797 1432 6118
7798 1432 8779
7799 1432 12379
7800 1433 1498
7801 1433 2292
7802 1433 2588
7803 1433 19733
7804 1433 19927
7805 1433 19989
7806 1434 1498
7807 1434 2596
7808 1434 4660
7809 1434 8131
7810 1434 15700
7811 1434 17946
7812 1434 19733
7813 1435 1512
7814 1435 1853
7815 1435 3908
7816 1435 9775
7817 1436 1968
7818 1436 4173
7819 1436 4333
7820 1436 4754
7821 1437 1438
7822 1437 1801
7823 1437 1807
7824 1437 18990
7825 1437 19519
7826 1438 1550
7827 1438 9523
7828 1438 19519
7829 1439 1906
7830 1439 6955
7831 1439 13207
7832 1439 17074
7833 1439 19153
7834 1440 2201
7835 1440 2375
7836 1440 8799
7837 1440 15642
7838 1440 19628
7839 1441 2904
7840 1441 4379
7841 1441 4837
7842 1441 6431
7843 1441 18538
7844 1441 19001
7845 1442 2646
7846 1442 4207
7847 1442 4273
7848 1442 12027
7849 1442 15469
7850 1443 1567
7851 1443 7756
7852 1443 8130
7853 1443 15560
7854 1444 1607
7855 1444 2289
7856 1444 7251
7857 1444 8090
7858 1444 17992
7859 1444 19552
7860 1445 1964
7861 1445 2011
7862 1445 2502
7863 1445 8443
7864 1445 8799
7865 1445 19751
7866 1446 6753
7867 1446 7629
7868 1446 10534
7869 1446 14426
7870 1446 14916
7871 1446 19483
7872 1447 6566
7873 1447 6567
7874 1447 6823
7875 1447 14061
7876 1447 15479
7877 1448 1952
7878 1448 2591
7879 1448 4007
7880 1448 8084
7881 1448 13758
7882 1449 2677
7883 1449 6971
7884 1449 11639
7885 1449 13315
7886 1449 13590
7887 1450 1933
7888 1450 2678
7889 1450 3189
7890 1450 9547
7891 1450 14786
7892 1451 2023
7893 1451 2397
7894 1451 2491
7895 1451 7923
7896 1451 8052
7897 1451 15138
7898 1452 1828
7899 1452 11504
7900 1452 14426
7901 1452 14883
7902 1452 15207
7903 1452 15851
7904 1453 5033
7905 1453 8960
7906 1453 10358
7907 1453 14360
7908 1454 4707
7909 1454 5971
7910 1454 8749
7911 1454 9238
7912 1454 13862
7913 1455 2167
7914 1455 2913
7915 1455 3253
7916 1455 7137
7917 1455 14774
7918 1456 8521
7919 1456 9369
7920 1456 12057
7921 1456 14046
7922 1457 1898
7923 1457 2042
7924 1457 2044
7925 1457 8088
7926 1457 18105
7927 1457 18108
7928 1458 1887
7929 1458 1915
7930 1458 5327
7931 1458 6500
7932 1458 7689
7933 1458 11869
7934 1459 12573
7935 1459 13053
7936 1459 16083
7937 1459 16321
7938 1459 16465
7939 1460 2910
7940 1460 5789
7941 1460 6055
7942 1460 13062
7943 1460 14183
7944 1460 18151
7945 1461 1504
7946 1461 1519
7947 1461 1731
7948 1461 2644
7949 1461 9367
7950 1461 13962
7951 1462 13272
7952 1462 19563
7953 1463 2046
7954 1463 2544
7955 1463 3387
7956 1463 13195
7957 1463 15853
7958 1463 19762
7959 1464 2141
7960 1464 3045
7961 1464 19457
7962 1464 19674
7963 1465 2158
7964 1465 4400
7965 1465 19266
7966 1465 19521
7967 1465 19762
7968 1466 7176
7969 1466 14496
7970 1466 14499
7971 1466 16730
7972 1467 1503
7973 1467 1541
7974 1467 4756
7975 1467 9719
7976 1467 13613
7977 1468 1488
7978 1468 7732
7979 1468 8999
7980 1468 9598
7981 1468 12068
7982 1469 8355
7983 1469 9073
7984 1469 9240
7985 1469 18079
7986 1469 19716
7987 1470 10739
7988 1470 12851
7989 1470 14320
7990 1470 17333
7991 1471 2092
7992 1471 4611
7993 1471 7924
7994 1471 9307
7995 1471 10524
7996 1471 18552
7997 1472 1747
7998 1472 4040
7999 1472 4276
8000 1472 9832
8001 1472 10107
8002 1472 10112
8003 1473 2025
8004 1473 2046
8005 1473 2158
8006 1473 12360
8007 1473 13078
8008 1473 19514
8009 1474 2210
8010 1474 2622
8011 1474 8971
8012 1474 10565
8013 1474 19253
8014 1475 1639
8015 1475 5519
8016 1475 8298
8017 1475 9280
8018 1475 13631
8019 1475 15965
8020 1476 1858
8021 1476 15276
8022 1476 17442
8023 1476 17575
8024 1476 17624
8025 1476 19465
8026 1477 14794
8027 1477 15819
8028 1477 17884
8029 1477 18758
8030 1478 3123
8031 1478 11831
8032 1478 17552
8033 1478 19926
8034 1479 3064
8035 1479 4831
8036 1479 12703
8037 1479 13781
8038 1479 19642
8039 1480 5139
8040 1480 6537
8041 1480 8292
8042 1480 12142
8043 1480 14032
8044 1480 19969
8045 1481 1656
8046 1481 8211
8047 1481 9126
8048 1481 9195
8049 1482 3441
8050 1482 8067
8051 1482 10193
8052 1482 10249
8053 1482 13854
8054 1482 19495
8055 1483 1843
8056 1483 1845
8057 1483 2344
8058 1483 7849
8059 1483 8178
8060 1484 1526
8061 1484 2232
8062 1484 6835
8063 1484 7687
8064 1484 9362
8065 1484 13962
8066 1485 1564
8067 1485 1731
8068 1485 8983
8069 1485 9561
8070 1485 10539
8071 1485 14950
8072 1486 2255
8073 1486 11457
8074 1486 11658
8075 1486 13768
8076 1486 13815
8077 1486 17388
8078 1487 3131
8079 1487 9970
8080 1487 10967
8081 1488 7849
8082 1488 8178
8083 1488 8999
8084 1488 9598
8085 1489 8415
8086 1489 11870
8087 1489 14069
8088 1489 16844
8089 1489 18185
8090 1489 19540
8091 1490 4441
8092 1490 4879
8093 1490 4927
8094 1490 6474
8095 1490 12066
8096 1490 18865
8097 1491 7783
8098 1491 9562
8099 1491 13764
8100 1491 15490
8101 1491 18381
8102 1492 5841
8103 1492 5995
8104 1492 6218
8105 1492 10784
8106 1492 10931
8107 1492 19069
8108 1493 7676
8109 1493 9483
8110 1493 16371
8111 1493 19806
8112 1494 2590
8113 1494 2598
8114 1494 9300
8115 1494 11123
8116 1494 14353
8117 1494 15107
8118 1495 2154
8119 1495 6667
8120 1495 10483
8121 1495 15926
8122 1495 16635
8123 1495 19708
8124 1496 1902
8125 1496 2044
8126 1496 8599
8127 1496 9451
8128 1496 18108
8129 1497 1658
8130 1497 1871
8131 1497 2121
8132 1497 8612
8133 1497 12124
8134 1498 2588
8135 1498 2596
8136 1498 11200
8137 1498 19733
8138 1499 6165
8139 1499 6665
8140 1499 6672
8141 1499 6880
8142 1499 8816
8143 1499 15970
8144 1500 2131
8145 1500 2179
8146 1500 8467
8147 1500 9336
8148 1500 13813
8149 1500 13961
8150 1501 2029
8151 1501 7685
8152 1501 19215
8153 1501 19763
8154 1502 1939
8155 1502 2383
8156 1502 2501
8157 1502 2856
8158 1502 9545
8159 1502 16618
8160 1503 1673
8161 1503 4756
8162 1503 8327
8163 1503 13613
8164 1503 13619
8165 1504 1564
8166 1504 1731
8167 1504 9367
8168 1504 19703
8169 1505 1636
8170 1505 1895
8171 1505 2175
8172 1505 15853
8173 1505 19266
8174 1505 19762
8175 1506 8124
8176 1506 8767
8177 1506 17562
8178 1506 19563
8179 1507 1537
8180 1507 1740
8181 1507 2499
8182 1507 8526
8183 1507 18023
8184 1508 1899
8185 1508 2043
8186 1508 2503
8187 1508 19005
8188 1508 19736
8189 1509 1951
8190 1509 2445
8191 1509 3743
8192 1509 18294
8193 1510 1747
8194 1510 1752
8195 1510 2092
8196 1510 4040
8197 1510 7924
8198 1510 8814
8199 1511 1639
8200 1511 7773
8201 1511 9280
8202 1511 9314
8203 1511 9839
8204 1511 9840
8205 1512 13630
8206 1513 1522
8207 1513 1902
8208 1513 2095
8209 1513 9451
8210 1514 1549
8211 1514 1757
8212 1514 2277
8213 1514 2787
8214 1514 11304
8215 1514 16304
8216 1515 1517
8217 1515 1712
8218 1515 1773
8219 1515 2192
8220 1515 7692
8221 1515 9172
8222 1516 1697
8223 1516 14313
8224 1516 14735
8225 1516 16809
8226 1516 19578
8227 1517 1892
8228 1517 7692
8229 1517 9172
8230 1517 10048
8231 1517 13088
8232 1518 12924
8233 1518 13045
8234 1518 14270
8235 1518 19818
8236 1519 1526
8237 1519 1555
8238 1519 1731
8239 1519 13962
8240 1519 18208
8241 1520 6606
8242 1520 7568
8243 1520 9121
8244 1520 11137
8245 1520 11297
8246 1520 12623
8247 1521 2634
8248 1521 2636
8249 1521 8383
8250 1521 12539
8251 1521 14197
8252 1521 19610
8253 1521 19611
8254 1522 1583
8255 1522 2095
8256 1522 2329
8257 1522 16304
8258 1523 2006
8259 1523 2359
8260 1523 2874
8261 1523 8802
8262 1524 4978
8263 1524 11510
8264 1524 11727
8265 1524 11730
8266 1524 14602
8267 1524 14615
8268 1525 5774
8269 1525 8276
8270 1525 8331
8271 1525 17906
8272 1525 18976
8273 1526 1555
8274 1526 7687
8275 1526 13962
8276 1527 2460
8277 1527 4539
8278 1527 5194
8279 1527 11202
8280 1527 17260
8281 1528 2638
8282 1528 2678
8283 1528 9068
8284 1528 12282
8285 1528 13776
8286 1529 1545
8287 1529 8189
8288 1529 8298
8289 1529 9390
8290 1529 13631
8291 1530 1901
8292 1530 5337
8293 1530 9290
8294 1530 11239
8295 1530 13794
8296 1530 18763
8297 1531 1673
8298 1531 3954
8299 1531 7760
8300 1531 11687
8301 1531 16994
8302 1532 1738
8303 1532 8208
8304 1532 11800
8305 1532 11896
8306 1532 12051
8307 1532 19714
8308 1533 2058
8309 1533 5114
8310 1533 5309
8311 1533 13187
8312 1533 15639
8313 1533 19334
8314 1534 1646
8315 1534 4611
8316 1534 8386
8317 1534 9307
8318 1534 18573
8319 1535 1572
8320 1535 8105
8321 1535 19296
8322 1536 2364
8323 1536 9973
8324 1536 10311
8325 1536 15112
8326 1536 17989
8327 1536 19575
8328 1537 1741
8329 1537 4062
8330 1537 6480
8331 1537 8526
8332 1537 18023
8333 1538 1566
8334 1538 2802
8335 1538 3468
8336 1538 4900
8337 1538 5043
8338 1539 4332
8339 1539 5976
8340 1539 7477
8341 1539 13319
8342 1539 18015
8343 1540 1766
8344 1540 1825
8345 1540 3952
8346 1540 4456
8347 1540 7091
8348 1541 4756
8349 1541 8436
8350 1541 9719
8351 1541 18476
8352 1542 2961
8353 1542 6281
8354 1542 15173
8355 1542 17199
8356 1542 17406
8357 1542 18485
8358 1543 2153
8359 1543 3641
8360 1543 5373
8361 1543 8267
8362 1543 19269
8363 1544 5179
8364 1544 5788
8365 1544 11630
8366 1544 12064
8367 1544 14320
8368 1545 8298
8369 1545 9390
8370 1545 19551
8371 1545 19792
8372 1546 1779
8373 1546 8004
8374 1546 12068
8375 1546 12117
8376 1546 18143
8377 1547 6405
8378 1547 10526
8379 1547 10964
8380 1547 14101
8381 1547 16135
8382 1547 19152
8383 1548 4605
8384 1548 6733
8385 1548 11685
8386 1548 11941
8387 1548 12498
8388 1548 14223
8389 1549 2277
8390 1549 8599
8391 1549 11304
8392 1549 19452
8393 1549 19736
8394 1550 1884
8395 1550 1972
8396 1550 19519
8397 1551 2141
8398 1551 4308
8399 1551 4337
8400 1551 13639
8401 1551 15297
8402 1552 1900
8403 1552 2343
8404 1552 3098
8405 1552 5448
8406 1552 9926
8407 1553 2168
8408 1553 4013
8409 1553 9071
8410 1553 9898
8411 1553 10833
8412 1554 3164
8413 1554 6314
8414 1554 9212
8415 1554 14656
8416 1554 15122
8417 1554 15234
8418 1555 2146
8419 1555 7687
8420 1555 9080
8421 1555 18208
8422 1556 6713
8423 1556 11231
8424 1556 13676
8425 1556 19617
8426 1556 19963
8427 1557 2028
8428 1557 2117
8429 1557 6037
8430 1557 9897
8431 1558 4135
8432 1558 6806
8433 1558 7087
8434 1558 10433
8435 1558 10684
8436 1558 14399
8437 1559 2164
8438 1559 2204
8439 1559 6005
8440 1559 9731
8441 1559 11037
8442 1559 13055
8443 1560 9941
8444 1560 12924
8445 1560 14270
8446 1560 17727
8447 1560 19313
8448 1561 2415
8449 1561 2416
8450 1561 15337
8451 1561 18200
8452 1561 19303
8453 1561 19531
8454 1562 7305
8455 1562 7609
8456 1562 7768
8457 1562 8839
8458 1562 8887
8459 1562 12971
8460 1562 16229
8461 1563 2094
8462 1563 5533
8463 1563 5546
8464 1563 11365
8465 1563 11577
8466 1563 11578
8467 1564 1731
8468 1564 4072
8469 1564 10539
8470 1564 19703
8471 1565 1829
8472 1565 5039
8473 1565 10741
8474 1565 14080
8475 1566 1575
8476 1566 2802
8477 1566 4179
8478 1566 5043
8479 1566 14291
8480 1566 15136
8481 1567 2054
8482 1567 2222
8483 1567 18738
8484 1568 2171
8485 1568 2768
8486 1568 8123
8487 1568 8274
8488 1568 8891
8489 1569 1736
8490 1569 7931
8491 1569 7980
8492 1569 14457
8493 1569 18733
8494 1569 19026
8495 1570 7897
8496 1570 13282
8497 1570 17340
8498 1570 19906
8499 1570 20016
8500 1571 2393
8501 1571 7737
8502 1571 18131
8503 1571 18218
8504 1571 19648
8505 1572 7717
8506 1572 12865
8507 1572 19296
8508 1573 9941
8509 1573 16380
8510 1573 18535
8511 1574 5698
8512 1574 6112
8513 1574 9712
8514 1574 10706
8515 1574 10714
8516 1574 18117
8517 1575 4179
8518 1575 4297
8519 1575 5043
8520 1575 8574
8521 1575 16308
8522 1575 18306
8523 1576 2275
8524 1576 7719
8525 1576 9952
8526 1576 13184
8527 1576 19738
8528 1577 8839
8529 1577 19295
8530 1578 2548
8531 1578 2691
8532 1578 6726
8533 1578 9583
8534 1578 16855
8535 1578 17029
8536 1579 2884
8537 1579 4752
8538 1579 6616
8539 1579 10369
8540 1579 11337
8541 1579 15024
8542 1580 1587
8543 1580 2773
8544 1580 8112
8545 1580 8188
8546 1580 19264
8547 1581 1793
8548 1581 1913
8549 1581 10485
8550 1581 18118
8551 1581 19686
8552 1582 3749
8553 1582 6982
8554 1582 8741
8555 1582 11359
8556 1582 11361
8557 1582 16059
8558 1583 2224
8559 1583 2329
8560 1583 6889
8561 1583 16304
8562 1584 4749
8563 1584 7798
8564 1584 8111
8565 1584 11004
8566 1584 18596
8567 1584 18996
8568 1585 4194
8569 1585 7789
8570 1585 7878
8571 1585 8735
8572 1585 9596
8573 1585 9852
8574 1585 19031
8575 1586 3362
8576 1586 5368
8577 1586 5659
8578 1586 9772
8579 1586 13620
8580 1586 18148
8581 1587 7726
8582 1587 8112
8583 1587 8188
8584 1587 18985
8585 1588 12340
8586 1588 15198
8587 1588 15247
8588 1588 17580
8589 1588 17610
8590 1589 19865
8591 1590 3624
8592 1590 4719
8593 1590 12329
8594 1590 13323
8595 1590 19570
8596 1591 2672
8597 1591 2798
8598 1591 4804
8599 1591 7727
8600 1591 19143
8601 1592 5229
8602 1592 5720
8603 1592 6764
8604 1592 11082
8605 1592 13597
8606 1592 18650
8607 1593 1595
8608 1593 1598
8609 1593 1721
8610 1593 7695
8611 1593 9258
8612 1593 9787
8613 1593 17543
8614 1594 1598
8615 1594 1721
8616 1594 2144
8617 1594 9126
8618 1594 18842
8619 1595 7695
8620 1595 13349
8621 1595 15701
8622 1595 17543
8623 1596 1855
8624 1596 6520
8625 1596 7168
8626 1596 11088
8627 1596 13918
8628 1596 19202
8629 1597 5502
8630 1597 6076
8631 1597 6351
8632 1597 7741
8633 1597 13236
8634 1597 14382
8635 1598 1721
8636 1598 9126
8637 1598 9195
8638 1598 9258
8639 1599 6713
8640 1599 7103
8641 1599 8466
8642 1599 10364
8643 1599 11231
8644 1599 20003
8645 1600 1770
8646 1600 2951
8647 1600 5519
8648 1600 11625
8649 1600 13804
8650 1600 19747
8651 1601 2062
8652 1601 2940
8653 1601 4827
8654 1601 8633
8655 1601 10576
8656 1601 14181
8657 1602 7671
8658 1602 8386
8659 1602 9307
8660 1602 15341
8661 1602 16769
8662 1602 18552
8663 1603 8673
8664 1603 10075
8665 1603 11347
8666 1603 11983
8667 1603 14589
8668 1604 3288
8669 1604 3624
8670 1604 4719
8671 1604 7752
8672 1604 18833
8673 1605 3000
8674 1605 9776
8675 1605 9931
8676 1605 14314
8677 1605 14317
8678 1605 16276
8679 1606 3057
8680 1606 6029
8681 1606 6924
8682 1606 10536
8683 1606 10600
8684 1607 2289
8685 1607 2894
8686 1607 6041
8687 1607 11240
8688 1607 19552
8689 1608 2928
8690 1608 3854
8691 1608 11820
8692 1608 16591
8693 1608 17051
8694 1608 18512
8695 1609 2039
8696 1609 6393
8697 1609 6437
8698 1609 14319
8699 1609 16117
8700 1609 16932
8701 1610 2589
8702 1610 2592
8703 1610 3001
8704 1610 16290
8705 1610 19573
8706 1611 1614
8707 1611 6855
8708 1611 8812
8709 1611 10741
8710 1612 1654
8711 1612 2072
8712 1612 2073
8713 1612 2079
8714 1612 13254
8715 1612 13393
8716 1612 18553
8717 1613 1829
8718 1613 2464
8719 1613 2947
8720 1613 5077
8721 1613 6855
8722 1613 10741
8723 1614 6855
8724 1614 7673
8725 1614 18645
8726 1614 19694
8727 1615 2473
8728 1615 8820
8729 1615 13816
8730 1615 18829
8731 1616 1718
8732 1616 2146
8733 1616 2164
8734 1616 2751
8735 1616 11442
8736 1617 2791
8737 1617 5637
8738 1617 11318
8739 1617 12017
8740 1617 14706
8741 1617 15044
8742 1618 1840
8743 1618 2825
8744 1618 5681
8745 1618 15771
8746 1618 19279
8747 1619 3953
8748 1619 8331
8749 1619 8406
8750 1619 8920
8751 1619 17906
8752 1620 3192
8753 1620 4002
8754 1620 11137
8755 1620 12623
8756 1620 15811
8757 1620 16224
8758 1621 4134
8759 1621 14835
8760 1621 15140
8761 1621 19841
8762 1622 1627
8763 1622 2086
8764 1622 3211
8765 1622 8439
8766 1622 14531
8767 1622 14902
8768 1623 1977
8769 1623 8291
8770 1623 10045
8771 1623 11382
8772 1623 17856
8773 1624 1625
8774 1624 1642
8775 1624 1672
8776 1624 1699
8777 1624 15984
8778 1625 1640
8779 1625 1642
8780 1625 15984
8781 1625 17707
8782 1625 18614
8783 1626 1938
8784 1626 2366
8785 1626 2911
8786 1626 4905
8787 1626 14529
8788 1626 17836
8789 1627 3211
8790 1627 3774
8791 1627 4901
8792 1627 14531
8793 1627 15316
8794 1628 1756
8795 1628 3920
8796 1628 9428
8797 1628 11711
8798 1628 13966
8799 1628 17668
8800 1628 17706
8801 1629 2648
8802 1629 7814
8803 1629 8427
8804 1629 13216
8805 1629 13722
8806 1629 16879
8807 1630 2337
8808 1630 2463
8809 1630 12244
8810 1630 16866
8811 1630 19365
8812 1630 19717
8813 1631 4529
8814 1631 14172
8815 1631 14707
8816 1631 14912
8817 1631 15728
8818 1631 15794
8819 1632 1636
8820 1632 2019
8821 1632 2163
8822 1632 3023
8823 1632 5176
8824 1632 11038
8825 1633 1710
8826 1633 8116
8827 1633 8668
8828 1633 12763
8829 1633 15473
8830 1633 17728
8831 1633 18161
8832 1634 2875
8833 1634 3791
8834 1634 10028
8835 1634 14031
8836 1634 14267
8837 1634 14837
8838 1634 17465
8839 1635 4265
8840 1635 9996
8841 1635 15267
8842 1635 15313
8843 1635 17723
8844 1635 18432
8845 1636 1895
8846 1636 2019
8847 1636 2163
8848 1636 2175
8849 1637 3159
8850 1637 10957
8851 1637 13045
8852 1637 16201
8853 1638 1967
8854 1638 2049
8855 1638 7967
8856 1638 12090
8857 1638 13257
8858 1639 2951
8859 1639 5519
8860 1639 7773
8861 1639 9280
8862 1640 8819
8863 1640 12452
8864 1640 15984
8865 1640 18614
8866 1640 18990
8867 1641 1764
8868 1641 2081
8869 1641 3744
8870 1641 10938
8871 1641 18997
8872 1642 1672
8873 1642 9574
8874 1642 15704
8875 1642 17707
8876 1643 1655
8877 1643 1824
8878 1643 2261
8879 1643 14751
8880 1643 15714
8881 1644 2575
8882 1644 4034
8883 1644 4157
8884 1644 6871
8885 1644 8657
8886 1644 13510
8887 1645 1650
8888 1645 6720
8889 1645 8954
8890 1645 15722
8891 1645 15794
8892 1646 1686
8893 1646 8386
8894 1646 10102
8895 1646 10382
8896 1647 1686
8897 1647 1687
8898 1647 10102
8899 1647 12110
8900 1647 18645
8901 1647 19694
8902 1648 3630
8903 1648 4381
8904 1648 10696
8905 1648 13435
8906 1648 16795
8907 1649 4572
8908 1649 5047
8909 1649 7625
8910 1649 9078
8911 1649 14079
8912 1649 15359
8913 1650 4922
8914 1650 15012
8915 1650 15728
8916 1650 15794
8917 1651 1801
8918 1651 1807
8919 1651 2099
8920 1651 16517
8921 1652 1789
8922 1652 4007
8923 1652 7766
8924 1652 9639
8925 1652 11366
8926 1652 13758
8927 1653 4157
8928 1653 8657
8929 1653 19388
8930 1654 7835
8931 1654 10125
8932 1654 13254
8933 1654 18553
8934 1655 1780
8935 1655 1824
8936 1655 3744
8937 1655 14751
8938 1656 8130
8939 1656 8263
8940 1657 1815
8941 1657 8149
8942 1657 14866
8943 1658 8612
8944 1658 9655
8945 1658 9897
8946 1658 12124
8947 1658 17732
8948 1659 1771
8949 1659 1797
8950 1659 2209
8951 1659 9302
8952 1659 13501
8953 1659 14129
8954 1660 1680
8955 1660 4882
8956 1660 7821
8957 1660 7823
8958 1660 9875
8959 1660 9909
8960 1661 4292
8961 1661 4572
8962 1661 11647
8963 1661 14079
8964 1661 18332
8965 1662 10297
8966 1662 15759
8967 1662 17903
8968 1662 17978
8969 1662 18096
8970 1663 4086
8971 1663 11594
8972 1663 11597
8973 1663 11615
8974 1663 11670
8975 1663 13666
8976 1664 2204
8977 1664 6005
8978 1664 7863
8979 1664 8324
8980 1664 10499
8981 1664 14829
8982 1664 18052
8983 1665 2333
8984 1665 2337
8985 1665 2345
8986 1665 2348
8987 1665 4227
8988 1665 8427
8989 1666 8919
8990 1666 10371
8991 1666 10372
8992 1666 12578
8993 1666 14039
8994 1666 19912
8995 1667 5526
8996 1667 12597
8997 1667 16338
8998 1667 16567
8999 1667 18219
9000 1667 19325
9001 1668 1998
9002 1668 2014
9003 1668 8009
9004 1668 12429
9005 1668 19650
9006 1669 7327
9007 1669 8136
9008 1669 17528
9009 1669 17856
9010 1670 1702
9011 1670 7580
9012 1670 8413
9013 1670 16514
9014 1670 17965
9015 1671 1760
9016 1671 1880
9017 1671 2104
9018 1671 11869
9019 1671 17359
9020 1672 1699
9021 1672 4426
9022 1672 9574
9023 1672 14760
9024 1673 3954
9025 1673 8327
9026 1673 9759
9027 1673 11687
9028 1673 13613
9029 1674 2288
9030 1674 2513
9031 1674 4985
9032 1674 8712
9033 1674 16202
9034 1674 19893
9035 1675 1694
9036 1675 1758
9037 1675 2089
9038 1675 4037
9039 1675 9876
9040 1676 2709
9041 1676 6662
9042 1676 8291
9043 1676 8636
9044 1676 10045
9045 1676 14480
9046 1676 19082
9047 1677 1716
9048 1677 1872
9049 1677 4396
9050 1677 8320
9051 1677 8932
9052 1677 15064
9053 1678 1820
9054 1678 3622
9055 1678 4142
9056 1678 11704
9057 1678 11899
9058 1679 1770
9059 1679 7676
9060 1679 7748
9061 1679 8517
9062 1679 13781
9063 1680 1716
9064 1680 7821
9065 1680 8225
9066 1680 15714
9067 1681 9219
9068 1681 12578
9069 1681 12876
9070 1681 12993
9071 1681 13503
9072 1681 19912
9073 1682 2097
9074 1682 3359
9075 1682 5646
9076 1682 8505
9077 1682 14085
9078 1683 8029
9079 1683 17157
9080 1683 18506
9081 1683 18679
9082 1683 19905
9083 1683 20035
9084 1684 5586
9085 1684 5595
9086 1684 5882
9087 1684 14044
9088 1684 14352
9089 1684 18863
9090 1684 19856
9091 1685 2586
9092 1685 5475
9093 1685 14940
9094 1685 17916
9095 1685 19567
9096 1686 2093
9097 1686 8386
9098 1686 10102
9099 1686 12110
9100 1686 15341
9101 1687 2947
9102 1687 10102
9103 1687 13583
9104 1687 18645
9105 1688 2466
9106 1688 2892
9107 1688 3091
9108 1688 3163
9109 1688 9180
9110 1688 19559
9111 1689 2149
9112 1689 7689
9113 1689 9621
9114 1689 12834
9115 1690 4007
9116 1690 7766
9117 1690 18034
9118 1691 2052
9119 1691 9390
9120 1691 10673
9121 1691 16863
9122 1691 18984
9123 1691 19792
9124 1692 1697
9125 1692 2602
9126 1692 2817
9127 1692 3094
9128 1692 8032
9129 1692 19578
9130 1693 7776
9131 1693 9581
9132 1693 13917
9133 1693 14603
9134 1693 18327
9135 1693 18340
9136 1693 18625
9137 1694 1758
9138 1694 2840
9139 1694 5070
9140 1694 9876
9141 1694 19113
9142 1695 2602
9143 1695 14312
9144 1695 14735
9145 1695 17791
9146 1695 19578
9147 1696 2578
9148 1696 2997
9149 1696 3030
9150 1696 10267
9151 1696 15996
9152 1696 16097
9153 1697 8032
9154 1697 15616
9155 1697 19578
9156 1698 6800
9157 1698 10456
9158 1698 11317
9159 1698 11787
9160 1698 11846
9161 1698 18903
9162 1699 5278
9163 1699 8664
9164 1699 14760
9165 1700 4808
9166 1700 4954
9167 1700 5185
9168 1700 7154
9169 1700 9257
9170 1700 14639
9171 1701 2049
9172 1701 2400
9173 1701 4322
9174 1701 7685
9175 1702 1885
9176 1702 3155
9177 1702 6805
9178 1702 7580
9179 1702 8413
9180 1702 17988
9181 1703 10111
9182 1703 10277
9183 1703 12231
9184 1703 20012
9185 1704 3212
9186 1704 5037
9187 1704 7358
9188 1704 9621
9189 1704 18608
9190 1705 8209
9191 1705 10675
9192 1705 10852
9193 1705 13995
9194 1705 17219
9195 1705 18146
9196 1706 5685
9197 1706 5956
9198 1706 6765
9199 1706 6956
9200 1706 7531
9201 1706 10348
9202 1707 2209
9203 1707 9302
9204 1707 13192
9205 1707 19911
9206 1707 19920
9207 1708 12860
9208 1708 14025
9209 1708 15576
9210 1708 19497
9211 1709 1977
9212 1709 2827
9213 1709 7327
9214 1709 11133
9215 1709 15932
9216 1710 2882
9217 1710 12763
9218 1710 13672
9219 1710 15473
9220 1710 16747
9221 1711 3039
9222 1711 4210
9223 1711 6941
9224 1712 1773
9225 1712 2192
9226 1712 11404
9227 1712 16079
9228 1712 19528
9229 1713 7863
9230 1713 8664
9231 1713 9708
9232 1713 9874
9233 1713 13115
9234 1713 18052
9235 1714 3892
9236 1714 5237
9237 1714 7749
9238 1714 10368
9239 1714 16116
9240 1715 1958
9241 1715 2137
9242 1715 2339
9243 1715 2518
9244 1715 8795
9245 1715 13017
9246 1716 1872
9247 1716 7821
9248 1716 8225
9249 1716 15064
9250 1717 4041
9251 1717 10051
9252 1717 10327
9253 1718 2146
9254 1718 2164
9255 1718 6835
9256 1718 7687
9257 1718 14913
9258 1719 2035
9259 1719 2038
9260 1719 3210
9261 1719 8422
9262 1719 19672
9263 1720 2622
9264 1720 3156
9265 1720 13408
9266 1720 16167
9267 1720 17849
9268 1721 2144
9269 1721 9124
9270 1721 17543
9271 1722 1956
9272 1722 2509
9273 1722 9205
9274 1722 11728
9275 1722 12726
9276 1722 18398
9277 1723 5745
9278 1723 8724
9279 1723 11928
9280 1723 12541
9281 1723 15957
9282 1723 19692
9283 1724 1997
9284 1724 4081
9285 1724 7150
9286 1724 9072
9287 1724 13663
9288 1724 19444
9289 1725 5745
9290 1725 8501
9291 1725 8724
9292 1725 11484
9293 1725 12899
9294 1725 15899
9295 1726 6859
9296 1726 12648
9297 1726 13181
9298 1726 14360
9299 1727 4153
9300 1727 12646
9301 1727 12648
9302 1728 2710
9303 1728 2736
9304 1728 11000
9305 1728 13171
9306 1728 15476
9307 1728 15510
9308 1729 5456
9309 1729 8422
9310 1729 11372
9311 1729 19672
9312 1729 19681
9313 1729 19683
9314 1730 4201
9315 1730 4710
9316 1730 11633
9317 1730 14939
9318 1730 17834
9319 1730 18967
9320 1731 9561
9321 1731 18208
9322 1732 2781
9323 1732 3560
9324 1732 7475
9325 1732 16425
9326 1732 16774
9327 1732 18482
9328 1733 6868
9329 1733 9304
9330 1733 9668
9331 1733 9756
9332 1733 14988
9333 1733 15219
9334 1734 2661
9335 1734 7817
9336 1734 13193
9337 1734 13776
9338 1735 2894
9339 1735 4555
9340 1735 4845
9341 1735 8092
9342 1735 11546
9343 1735 17992
9344 1735 19552
9345 1736 3206
9346 1736 14239
9347 1736 14457
9348 1736 17964
9349 1736 19026
9350 1737 3010
9351 1737 5971
9352 1737 9238
9353 1737 10305
9354 1737 16374
9355 1737 18860
9356 1738 7698
9357 1738 9821
9358 1738 11800
9359 1738 13654
9360 1738 19714
9361 1738 19802
9362 1739 2425
9363 1739 2613
9364 1739 4898
9365 1739 5477
9366 1739 8293
9367 1739 10572
9368 1740 2142
9369 1740 2499
9370 1740 8526
9371 1740 14754
9372 1740 18096
9373 1741 4062
9374 1741 6480
9375 1741 6552
9376 1741 18718
9377 1742 2142
9378 1742 2568
9379 1742 6480
9380 1742 6690
9381 1742 8526
9382 1742 19689
9383 1743 4833
9384 1743 9811
9385 1743 13877
9386 1743 13881
9387 1743 14808
9388 1744 6948
9389 1744 8984
9390 1744 9654
9391 1744 19860
9392 1745 3206
9393 1745 6515
9394 1745 6626
9395 1745 17912
9396 1745 17964
9397 1745 18631
9398 1746 3920
9399 1746 6421
9400 1746 8237
9401 1746 11711
9402 1746 17922
9403 1746 18000
9404 1747 1752
9405 1747 4040
9406 1747 9832
9407 1748 4970
9408 1748 6479
9409 1748 11697
9410 1748 17396
9411 1749 3672
9412 1749 12152
9413 1749 15822
9414 1749 16343
9415 1749 16732
9416 1749 16736
9417 1750 7696
9418 1750 8303
9419 1750 11254
9420 1750 15884
9421 1750 18034
9422 1751 1869
9423 1751 3877
9424 1751 4985
9425 1751 15931
9426 1751 16572
9427 1752 2092
9428 1752 8505
9429 1753 9080
9430 1753 9531
9431 1753 10451
9432 1753 11390
9433 1753 11442
9434 1753 17755
9435 1754 7626
9436 1754 12722
9437 1754 13153
9438 1754 13154
9439 1754 13405
9440 1754 16113
9441 1754 16892
9442 1755 2090
9443 1755 2157
9444 1755 6690
9445 1755 11098
9446 1755 15914
9447 1755 19689
9448 1756 4455
9449 1756 13966
9450 1756 14554
9451 1756 17668
9452 1757 2095
9453 1757 11304
9454 1757 16304
9455 1758 10257
9456 1759 1969
9457 1759 2269
9458 1759 8616
9459 1759 8884
9460 1759 10093
9461 1759 15753
9462 1760 2104
9463 1760 5327
9464 1760 11869
9465 1761 2281
9466 1761 6515
9467 1761 7973
9468 1761 14481
9469 1761 17985
9470 1761 19341
9471 1762 2278
9472 1762 4160
9473 1762 10224
9474 1762 10739
9475 1763 2472
9476 1763 8960
9477 1763 13259
9478 1764 2081
9479 1764 2134
9480 1764 8448
9481 1764 14321
9482 1764 15807
9483 1765 2334
9484 1765 2378
9485 1765 2501
9486 1765 2856
9487 1765 17989
9488 1765 19575
9489 1766 3098
9490 1766 7091
9491 1766 7478
9492 1766 8120
9493 1767 4347
9494 1767 8325
9495 1767 13353
9496 1767 19028
9497 1768 12338
9498 1768 12344
9499 1768 12355
9500 1768 12420
9501 1768 15301
9502 1768 17481
9503 1769 2129
9504 1769 2881
9505 1769 12429
9506 1769 14752
9507 1769 19650
9508 1770 7748
9509 1770 8517
9510 1770 11625
9511 1770 19747
9512 1771 1797
9513 1771 14129
9514 1771 15762
9515 1771 17779
9516 1772 7661
9517 1772 8508
9518 1772 12588
9519 1772 13867
9520 1772 14233
9521 1772 16029
9522 1773 3874
9523 1773 4967
9524 1773 9172
9525 1773 19528
9526 1774 2186
9527 1774 2286
9528 1774 3216
9529 1774 12619
9530 1774 19681
9531 1774 19723
9532 1775 2550
9533 1775 13515
9534 1775 16872
9535 1775 16908
9536 1775 19600
9537 1776 7143
9538 1776 7260
9539 1776 9651
9540 1776 9988
9541 1776 10225
9542 1776 13502
9543 1777 3721
9544 1777 4689
9545 1777 4696
9546 1777 14379
9547 1777 14975
9548 1777 15005
9549 1778 8477
9550 1778 8624
9551 1778 14577
9552 1778 19701
9553 1778 19778
9554 1779 4019
9555 1779 9598
9556 1779 12068
9557 1779 18143
9558 1779 19028
9559 1780 1824
9560 1780 2081
9561 1780 3744
9562 1780 6717
9563 1780 13213
9564 1781 1817
9565 1781 7298
9566 1781 10017
9567 1781 10959
9568 1781 13294
9569 1781 17761
9570 1782 1789
9571 1782 1790
9572 1782 1820
9573 1782 7696
9574 1782 8303
9575 1782 11899
9576 1783 2785
9577 1783 3734
9578 1783 14019
9579 1783 14114
9580 1783 17275
9581 1783 17796
9582 1784 3333
9583 1784 10320
9584 1784 10574
9585 1784 14271
9586 1784 17471
9587 1784 17656
9588 1785 2091
9589 1785 6851
9590 1785 8812
9591 1785 15168
9592 1785 16514
9593 1785 17965
9594 1786 2321
9595 1786 11070
9596 1786 17733
9597 1786 18138
9598 1786 19604
9599 1787 2797
9600 1787 14359
9601 1787 17902
9602 1787 18878
9603 1787 19020
9604 1787 19046
9605 1788 1818
9606 1788 6959
9607 1788 8281
9608 1788 9132
9609 1788 18992
9610 1789 7766
9611 1789 8303
9612 1789 11366
9613 1789 11899
9614 1790 1792
9615 1790 1820
9616 1790 7696
9617 1790 18988
9618 1790 19722
9619 1791 4048
9620 1791 4487
9621 1791 6493
9622 1791 9790
9623 1791 9940
9624 1791 12041
9625 1792 1862
9626 1792 1919
9627 1792 15657
9628 1792 18988
9629 1792 19722
9630 1793 3704
9631 1793 10485
9632 1793 19661
9633 1794 1910
9634 1794 6650
9635 1794 15135
9636 1794 19135
9637 1795 9912
9638 1795 13258
9639 1795 19306
9640 1795 19658
9641 1796 1884
9642 1796 2104
9643 1796 11411
9644 1797 1806
9645 1797 4220
9646 1797 13501
9647 1797 15762
9648 1797 16027
9649 1798 3821
9650 1798 4746
9651 1798 5341
9652 1798 12844
9653 1798 13231
9654 1798 15750
9655 1799 1801
9656 1799 1864
9657 1799 1972
9658 1799 16517
9659 1799 16579
9660 1799 19519
9661 1800 4909
9662 1800 6535
9663 1800 13194
9664 1800 16993
9665 1800 17200
9666 1800 18598
9667 1801 1807
9668 1801 16517
9669 1801 19519
9670 1802 1814
9671 1802 3887
9672 1802 3929
9673 1802 5119
9674 1802 16035
9675 1802 19664
9676 1803 2418
9677 1803 2498
9678 1803 5099
9679 1803 7029
9680 1803 14965
9681 1803 18027
9682 1804 2116
9683 1804 3924
9684 1804 14253
9685 1804 16600
9686 1804 17365
9687 1804 17592
9688 1805 1810
9689 1805 3660
9690 1805 3873
9691 1805 4243
9692 1805 4403
9693 1805 16995
9694 1806 2989
9695 1806 4220
9696 1806 11414
9697 1806 16027
9698 1806 16324
9699 1807 2099
9700 1807 12452
9701 1807 18990
9702 1808 3891
9703 1808 4963
9704 1808 17092
9705 1808 17737
9706 1808 18735
9707 1809 1875
9708 1809 3760
9709 1809 7346
9710 1809 9343
9711 1809 13086
9712 1810 3660
9713 1810 3878
9714 1810 6079
9715 1810 16995
9716 1810 19431
9717 1811 3650
9718 1811 6618
9719 1811 9270
9720 1811 9340
9721 1811 17231
9722 1811 17267
9723 1811 19490
9724 1812 2121
9725 1812 4426
9726 1812 8085
9727 1812 9574
9728 1812 12124
9729 1812 15704
9730 1813 4814
9731 1813 7812
9732 1813 12359
9733 1813 15939
9734 1813 16563
9735 1814 1953
9736 1814 3929
9737 1814 9229
9738 1814 16035
9739 1814 19098
9740 1815 1920
9741 1815 17359
9742 1816 2116
9743 1816 3060
9744 1816 6064
9745 1816 14826
9746 1816 18211
9747 1816 19662
9748 1817 1821
9749 1817 7298
9750 1817 10959
9751 1817 16003
9752 1817 18563
9753 1818 9132
9754 1818 9908
9755 1818 13266
9756 1819 1859
9757 1819 3945
9758 1819 9182
9759 1819 19269
9760 1820 3622
9761 1820 11899
9762 1820 18988
9763 1821 7298
9764 1821 9887
9765 1821 18563
9766 1822 4594
9767 1822 6771
9768 1822 8393
9769 1822 8650
9770 1822 9819
9771 1822 11154
9772 1823 2053
9773 1823 3036
9774 1823 3751
9775 1823 3754
9776 1823 12056
9777 1823 13892
9778 1824 1952
9779 1824 2261
9780 1824 6717
9781 1825 2401
9782 1825 3952
9783 1825 4456
9784 1825 9923
9785 1825 10789
9786 1826 4051
9787 1826 9157
9788 1826 9245
9789 1826 15611
9790 1827 2242
9791 1827 12907
9792 1827 18560
9793 1828 3987
9794 1828 4685
9795 1828 12316
9796 1828 15207
9797 1828 15851
9798 1829 2464
9799 1829 8417
9800 1829 10741
9801 1829 14080
9802 1830 2004
9803 1830 2246
9804 1830 2355
9805 1830 3107
9806 1830 4796
9807 1830 9256
9808 1830 19908
9809 1831 7195
9810 1831 10042
9811 1831 17640
9812 1831 17684
9813 1831 17934
9814 1831 18944
9815 1832 3445
9816 1832 9918
9817 1832 12725
9818 1832 12735
9819 1832 18603
9820 1832 19734
9821 1833 5732
9822 1833 6550
9823 1833 12695
9824 1833 16502
9825 1833 17634
9826 1833 17767
9827 1833 18369
9828 1834 1845
9829 1834 2097
9830 1834 2344
9831 1834 3359
9832 1834 11794
9833 1834 13353
9834 1835 2886
9835 1835 3147
9836 1835 8766
9837 1835 10276
9838 1836 2066
9839 1836 2191
9840 1836 7044
9841 1836 14784
9842 1837 2224
9843 1837 7640
9844 1837 13183
9845 1837 14213
9846 1838 4888
9847 1838 4892
9848 1838 4911
9849 1838 8829
9850 1838 13561
9851 1838 14300
9852 1839 6082
9853 1839 7745
9854 1839 12810
9855 1839 15006
9856 1839 16623
9857 1839 16797
9858 1840 2601
9859 1840 10636
9860 1840 15771
9861 1840 17854
9862 1840 19279
9863 1841 3454
9864 1841 11999
9865 1841 13851
9866 1841 14791
9867 1841 16954
9868 1841 18817
9869 1842 1864
9870 1842 1880
9871 1842 3370
9872 1842 4505
9873 1842 16579
9874 1842 17359
9875 1843 1845
9876 1843 1947
9877 1843 19829
9878 1844 2876
9879 1844 3908
9880 1844 12051
9881 1844 12349
9882 1845 2344
9883 1845 3359
9884 1846 3811
9885 1846 3891
9886 1846 16468
9887 1846 17110
9888 1846 17383
9889 1846 17737
9890 1847 2392
9891 1847 8071
9892 1847 11164
9893 1847 19277
9894 1847 19338
9895 1847 19802
9896 1848 9214
9897 1849 1905
9898 1849 1918
9899 1849 9486
9900 1849 9519
9901 1849 17112
9902 1849 19622
9903 1850 4261
9904 1850 7761
9905 1850 8108
9906 1850 8109
9907 1850 14784
9908 1850 19732
9909 1851 2762
9910 1851 6866
9911 1851 15630
9912 1852 7351
9913 1852 8816
9914 1852 9227
9915 1852 10161
9916 1852 10212
9917 1852 15970
9918 1853 9775
9919 1854 3871
9920 1854 3889
9921 1854 3996
9922 1854 4259
9923 1854 12101
9924 1854 19071
9925 1854 19433
9926 1855 6518
9927 1855 6520
9928 1855 6752
9929 1855 10113
9930 1855 19202
9931 1856 2167
9932 1856 2401
9933 1856 9914
9934 1857 6961
9935 1857 6965
9936 1857 13271
9937 1857 19848
9938 1858 3961
9939 1858 3962
9940 1858 7225
9941 1858 17442
9942 1858 19465
9943 1859 1874
9944 1859 9182
9945 1860 1877
9946 1860 3924
9947 1860 4396
9948 1860 8932
9949 1861 1873
9950 1861 2761
9951 1861 8459
9952 1861 13953
9953 1861 14119
9954 1862 1919
9955 1862 2148
9956 1862 15657
9957 1863 1931
9958 1863 5430
9959 1863 9967
9960 1863 11469
9961 1863 19005
9962 1864 4505
9963 1864 16517
9964 1864 16579
9965 1865 6947
9966 1865 9012
9967 1865 15710
9968 1865 16613
9969 1866 1889
9970 1866 3887
9971 1866 3905
9972 1866 3929
9973 1866 7651
9974 1866 8461
9975 1867 1926
9976 1867 8450
9977 1867 11484
9978 1867 13507
9979 1867 15899
9980 1867 19323
9981 1868 2707
9982 1868 5237
9983 1868 7749
9984 1868 13034
9985 1868 14733
9986 1868 17850
9987 1869 2635
9988 1869 13986
9989 1869 16572
9990 1869 18300
9991 1870 3880
9992 1870 7670
9993 1870 16094
9994 1870 16462
9995 1870 16600
9996 1870 18982
9997 1871 2121
9998 1871 4426
9999 1871 11739
10000 1871 14760
10001 1872 2084
10002 1872 4396
10003 1872 8225
10004 1873 9610
10005 1873 13953
10006 1873 14119
10007 1873 15727
10008 1873 18827
10009 1874 12991
10010 1875 6650
10011 1875 7875
10012 1875 9343
10013 1875 13086
10014 1875 15135
10015 1876 1888
10016 1876 4563
10017 1876 6979
10018 1876 13079
10019 1876 16028
10020 1877 9951
10021 1877 15185
10022 1878 2247
10023 1878 2360
10024 1878 2846
10025 1878 19660
10026 1878 19841
10027 1879 1919
10028 1879 2247
10029 1879 7819
10030 1879 11706
10031 1879 18988
10032 1880 1884
10033 1880 2104
10034 1880 16579
10035 1880 17359
10036 1881 2893
10037 1881 3978
10038 1881 8840
10039 1881 9670
10040 1881 12445
10041 1881 14529
10042 1881 17836
10043 1882 3901
10044 1882 3997
10045 1882 4289
10046 1882 11522
10047 1882 13657
10048 1883 7767
10049 1883 7938
10050 1883 8672
10051 1883 17847
10052 1883 18068
10053 1883 19577
10054 1884 1972
10055 1884 2104
10056 1884 16579
10057 1885 3155
10058 1885 6805
10059 1885 8925
10060 1885 15415
10061 1886 7700
10062 1886 9830
10063 1886 11411
10064 1886 13868
10065 1886 15791
10066 1886 19817
10067 1887 1915
10068 1887 2148
10069 1887 2149
10070 1887 7689
10071 1888 1915
10072 1888 1920
10073 1888 4563
10074 1888 6500
10075 1888 16028
10076 1889 3887
10077 1889 6064
10078 1889 7651
10079 1889 8078
10080 1889 9521
10081 1890 5406
10082 1890 6453
10083 1890 9024
10084 1890 9090
10085 1890 10538
10086 1890 11080
10087 1891 2439
10088 1891 6260
10089 1891 9395
10090 1891 11173
10091 1891 11970
10092 1891 16685
10093 1892 2172
10094 1892 10048
10095 1892 13088
10096 1892 15776
10097 1892 19676
10098 1893 2035
10099 1893 5456
10100 1893 13088
10101 1893 19051
10102 1893 19676
10103 1894 1911
10104 1894 2247
10105 1894 2360
10106 1894 6979
10107 1894 7819
10108 1894 13079
10109 1895 2019
10110 1895 8566
10111 1895 12385
10112 1895 19266
10113 1896 6968
10114 1896 8878
10115 1896 8969
10116 1896 10283
10117 1896 14214
10118 1896 17300
10119 1897 2296
10120 1897 2948
10121 1897 12032
10122 1897 19827
10123 1898 2025
10124 1898 2042
10125 1898 12443
10126 1898 18105
10127 1898 19514
10128 1899 2503
10129 1899 6548
10130 1899 8618
10131 1899 13183
10132 1900 2343
10133 1900 9926
10134 1900 11506
10135 1900 12102
10136 1900 14780
10137 1901 2335
10138 1901 2606
10139 1901 9290
10140 1901 11239
10141 1901 19048
10142 1902 2044
10143 1902 9451
10144 1902 19680
10145 1903 6012
10146 1903 7791
10147 1903 12865
10148 1903 19679
10149 1904 1914
10150 1904 2846
10151 1904 11706
10152 1905 1908
10153 1905 1918
10154 1905 9486
10155 1905 15162
10156 1906 4452
10157 1906 13207
10158 1906 19153
10159 1906 19163
10160 1906 19658
10161 1907 4980
10162 1907 7344
10163 1907 8751
10164 1907 13694
10165 1907 16916
10166 1907 17044
10167 1908 1918
10168 1908 7755
10169 1908 15162
10170 1909 2020
10171 1909 12701
10172 1909 13169
10173 1909 17626
10174 1909 17627
10175 1909 18892
10176 1909 19655
10177 1910 1914
10178 1910 2135
10179 1910 13771
10180 1910 15135
10181 1910 19135
10182 1911 2360
10183 1911 10508
10184 1911 13079
10185 1912 6909
10186 1912 8160
10187 1912 14952
10188 1912 15162
10189 1912 19702
10190 1913 3855
10191 1913 19686
10192 1913 19930
10193 1914 13274
10194 1914 13771
10195 1915 6500
10196 1915 16028
10197 1916 4131
10198 1916 4445
10199 1916 9417
10200 1916 9528
10201 1916 14649
10202 1916 19534
10203 1917 5991
10204 1917 6661
10205 1917 9355
10206 1917 10340
10207 1917 10535
10208 1917 10902
10209 1918 9519
10210 1919 7819
10211 1919 18988
10212 1920 4563
10213 1920 6500
10214 1921 3761
10215 1921 3891
10216 1921 8223
10217 1921 14534
10218 1921 16617
10219 1921 17092
10220 1921 18887
10221 1922 2335
10222 1922 2432
10223 1922 13449
10224 1922 14530
10225 1922 16393
10226 1923 2667
10227 1923 7674
10228 1923 13082
10229 1923 13210
10230 1923 15777
10231 1923 17694
10232 1924 4788
10233 1924 4800
10234 1924 6260
10235 1924 8929
10236 1924 10287
10237 1924 11173
10238 1925 4338
10239 1925 6261
10240 1925 8864
10241 1925 11067
10242 1925 17868
10243 1926 7105
10244 1926 10618
10245 1926 11484
10246 1926 13507
10247 1927 4555
10248 1927 11546
10249 1927 15010
10250 1927 18282
10251 1927 19755
10252 1928 3351
10253 1928 6038
10254 1928 10997
10255 1928 14088
10256 1928 16855
10257 1928 19625
10258 1928 19712
10259 1929 4274
10260 1929 8219
10261 1929 11362
10262 1929 11363
10263 1929 11422
10264 1929 14947
10265 1930 3219
10266 1930 11203
10267 1930 11593
10268 1930 18601
10269 1930 18991
10270 1930 19594
10271 1931 3110
10272 1931 5430
10273 1931 6954
10274 1931 8088
10275 1931 9967
10276 1932 2134
10277 1932 10202
10278 1932 11412
10279 1932 13692
10280 1932 15890
10281 1933 8267
10282 1933 8271
10283 1933 8398
10284 1933 9547
10285 1933 9802
10286 1934 2540
10287 1934 5441
10288 1934 5718
10289 1934 8445
10290 1934 10551
10291 1934 10879
10292 1935 5467
10293 1935 5541
10294 1935 5741
10295 1935 5831
10296 1935 10507
10297 1935 13292
10298 1936 13153
10299 1936 13405
10300 1936 13444
10301 1936 13474
10302 1936 14758
10303 1936 17807
10304 1937 3877
10305 1937 7954
10306 1937 16572
10307 1937 17317
10308 1937 17747
10309 1937 19690
10310 1938 1986
10311 1938 2911
10312 1938 12716
10313 1938 12882
10314 1938 14529
10315 1939 2008
10316 1939 2123
10317 1939 2383
10318 1939 9545
10319 1939 16934
10320 1940 3142
10321 1940 7521
10322 1940 10004
10323 1940 14936
10324 1940 15409
10325 1940 17131
10326 1940 18608
10327 1941 2334
10328 1941 2856
10329 1941 4704
10330 1941 9545
10331 1941 11457
10332 1941 13815
10333 1942 2606
10334 1942 8244
10335 1942 8582
10336 1942 9490
10337 1942 9664
10338 1942 14174
10339 1943 9397
10340 1943 15418
10341 1944 2223
10342 1944 11536
10343 1944 11766
10344 1944 17813
10345 1944 19300
10346 1944 19687
10347 1945 3432
10348 1945 3434
10349 1945 3452
10350 1945 4192
10351 1945 8981
10352 1945 15607
10353 1946 6170
10354 1946 9734
10355 1946 11587
10356 1946 11977
10357 1946 13218
10358 1946 13376
10359 1947 3745
10360 1947 10971
10361 1947 19829
10362 1947 19830
10363 1948 2480
10364 1948 5709
10365 1948 9959
10366 1948 13950
10367 1948 16942
10368 1949 2010
10369 1949 2341
10370 1949 12400
10371 1949 13810
10372 1949 19166
10373 1950 10485
10374 1950 14323
10375 1950 14835
10376 1950 18118
10377 1951 2016
10378 1951 2394
10379 1951 10462
10380 1952 2261
10381 1952 2591
10382 1952 6717
10383 1952 13758
10384 1953 4055
10385 1953 9229
10386 1953 12322
10387 1953 18217
10388 1953 19098
10389 1954 3742
10390 1954 6086
10391 1954 6273
10392 1954 6395
10393 1954 9176
10394 1954 11436
10395 1955 4612
10396 1955 4949
10397 1955 7319
10398 1955 15852
10399 1955 16877
10400 1955 16940
10401 1956 2509
10402 1956 11728
10403 1956 12004
10404 1956 16869
10405 1957 7960
10406 1957 8618
10407 1957 9967
10408 1957 9969
10409 1958 2137
10410 1958 2518
10411 1958 6582
10412 1958 9309
10413 1958 19666
10414 1959 3339
10415 1959 9600
10416 1959 10012
10417 1959 11677
10418 1959 12008
10419 1959 17191
10420 1959 17358
10421 1960 3877
10422 1960 4470
10423 1960 6129
10424 1960 9086
10425 1960 9925
10426 1960 15931
10427 1960 17317
10428 1960 19893
10429 1961 2281
10430 1961 2493
10431 1961 2890
10432 1961 4510
10433 1961 7973
10434 1961 9428
10435 1961 17668
10436 1962 5108
10437 1962 8027
10438 1962 8964
10439 1962 9094
10440 1962 10016
10441 1962 14985
10442 1962 17130
10443 1962 17247
10444 1963 7743
10445 1963 8611
10446 1963 13615
10447 1963 19298
10448 1963 19797
10449 1964 2201
10450 1964 2502
10451 1964 8799
10452 1964 8945
10453 1964 10753
10454 1965 2143
10455 1965 5436
10456 1965 10093
10457 1965 15753
10458 1966 7637
10459 1966 7746
10460 1966 9432
10461 1966 13214
10462 1966 14900
10463 1966 15926
10464 1966 16561
10465 1967 2457
10466 1967 7518
10467 1967 12090
10468 1967 19783
10469 1968 3204
10470 1968 4333
10471 1969 5436
10472 1969 8616
10473 1969 15010
10474 1969 15753
10475 1969 18282
10476 1970 8150
10477 1970 9231
10478 1970 9344
10479 1970 9392
10480 1970 13765
10481 1971 4528
10482 1971 4844
10483 1971 9092
10484 1971 10200
10485 1971 11044
10486 1972 16579
10487 1972 19519
10488 1973 3941
10489 1973 6992
10490 1973 7264
10491 1973 9768
10492 1973 10275
10493 1973 10740
10494 1974 10462
10495 1974 12400
10496 1974 13735
10497 1974 14287
10498 1975 2189
10499 1975 3916
10500 1975 7464
10501 1975 14174
10502 1975 16393
10503 1975 19048
10504 1976 2370
10505 1976 11272
10506 1976 17082
10507 1976 17757
10508 1976 17993
10509 1976 18266
10510 1977 2827
10511 1977 11382
10512 1977 12353
10513 1977 15459
10514 1978 5921
10515 1978 5922
10516 1978 6371
10517 1978 13608
10518 1978 13627
10519 1978 19607
10520 1979 2260
10521 1979 3593
10522 1979 3684
10523 1979 6723
10524 1979 18715
10525 1979 18748
10526 1980 2201
10527 1980 2375
10528 1980 10753
10529 1980 14287
10530 1980 19228
10531 1981 2302
10532 1981 2581
10533 1981 2945
10534 1981 7877
10535 1981 9808
10536 1981 14328
10537 1982 2111
10538 1982 2226
10539 1982 4148
10540 1982 6817
10541 1982 13677
10542 1982 18619
10543 1983 6724
10544 1983 8077
10545 1983 15076
10546 1983 16938
10547 1984 3206
10548 1984 6626
10549 1984 8549
10550 1984 14880
10551 1984 15734
10552 1984 17922
10553 1984 19026
10554 1985 2371
10555 1985 2508
10556 1985 2551
10557 1985 18398
10558 1986 2893
10559 1986 3816
10560 1986 11702
10561 1986 12882
10562 1986 14529
10563 1987 9760
10564 1987 12387
10565 1987 14386
10566 1987 15097
10567 1987 17296
10568 1987 18149
10569 1987 19651
10570 1988 2096
10571 1988 8124
10572 1988 13311
10573 1988 19524
10574 1989 2830
10575 1989 6237
10576 1989 6330
10577 1989 9753
10578 1989 10816
10579 1989 19542
10580 1990 5103
10581 1990 7047
10582 1990 9112
10583 1990 12160
10584 1990 16285
10585 1990 17951
10586 1991 2656
10587 1991 13073
10588 1991 13199
10589 1991 13278
10590 1991 15628
10591 1991 19220
10592 1991 19280
10593 1992 2259
10594 1992 4622
10595 1992 4635
10596 1992 9321
10597 1992 16392
10598 1992 17076
10599 1992 18425
10600 1993 8472
10601 1993 11224
10602 1993 11917
10603 1993 15120
10604 1993 15904
10605 1993 17232
10606 1994 7981
10607 1994 8722
10608 1994 9606
10609 1994 17061
10610 1994 18769
10611 1995 2449
10612 1995 5150
10613 1995 5649
10614 1995 16817
10615 1995 17218
10616 1995 17876
10617 1996 11399
10618 1996 13198
10619 1996 13216
10620 1996 13722
10621 1996 14856
10622 1997 3870
10623 1997 4081
10624 1997 9072
10625 1997 12121
10626 1997 16556
10627 1997 16602
10628 1998 2014
10629 1998 3297
10630 1998 13196
10631 1998 17573
10632 1999 2143
10633 1999 8123
10634 1999 8891
10635 1999 19687
10636 2000 2170
10637 2000 9205
10638 2000 12726
10639 2000 18720
10640 2000 18804
10641 2000 19636
10642 2001 9351
10643 2001 10821
10644 2001 17408
10645 2001 17584
10646 2002 3555
10647 2002 4283
10648 2002 4293
10649 2002 10362
10650 2002 11753
10651 2002 12484
10652 2002 17086
10653 2003 2773
10654 2003 4168
10655 2003 10673
10656 2003 19827
10657 2004 4796
10658 2004 9256
10659 2004 10395
10660 2004 15309
10661 2004 19649
10662 2005 4642
10663 2005 4747
10664 2005 6438
10665 2005 8943
10666 2005 13110
10667 2005 17993
10668 2006 2874
10669 2006 8034
10670 2006 8802
10671 2006 8828
10672 2006 16946
10673 2007 2372
10674 2007 9961
10675 2007 13206
10676 2007 18634
10677 2007 18715
10678 2007 18748
10679 2008 2030
10680 2008 2123
10681 2008 14342
10682 2008 15101
10683 2008 16934
10684 2009 3913
10685 2009 9174
10686 2009 11446
10687 2009 11705
10688 2009 16558
10689 2009 17384
10690 2010 2341
10691 2010 8751
10692 2010 8848
10693 2010 13810
10694 2010 15786
10695 2011 2017
10696 2011 2502
10697 2011 5703
10698 2011 8443
10699 2011 18710
10700 2012 3638
10701 2012 3850
10702 2012 7376
10703 2012 16410
10704 2012 17282
10705 2012 18568
10706 2013 4818
10707 2013 14110
10708 2013 14961
10709 2013 17276
10710 2013 18018
10711 2013 18039
10712 2014 3297
10713 2014 12429
10714 2014 14325
10715 2014 14841
10716 2015 2573
10717 2015 8354
10718 2015 9904
10719 2015 12150
10720 2015 14132
10721 2015 15026
10722 2016 2394
10723 2016 10462
10724 2016 11561
10725 2016 15496
10726 2017 2502
10727 2017 5703
10728 2017 11641
10729 2017 13807
10730 2017 17833
10731 2018 3460
10732 2018 7352
10733 2018 10780
10734 2018 16122
10735 2018 19103
10736 2019 5176
10737 2019 8566
10738 2019 9982
10739 2020 13091
10740 2020 13188
10741 2020 17626
10742 2020 18892
10743 2020 19244
10744 2021 4171
10745 2021 8831
10746 2021 11759
10747 2021 13190
10748 2021 15389
10749 2021 19287
10750 2021 19770
10751 2022 9418
10752 2022 12677
10753 2022 14539
10754 2022 16725
10755 2022 17008
10756 2022 17837
10757 2023 3640
10758 2023 4379
10759 2023 8052
10760 2023 15138
10761 2023 18538
10762 2024 13954
10763 2024 14419
10764 2024 14522
10765 2024 15907
10766 2024 17654
10767 2025 2046
10768 2025 3387
10769 2025 18105
10770 2025 19514
10771 2026 5518
10772 2026 6275
10773 2026 8304
10774 2026 9237
10775 2026 10788
10776 2026 10943
10777 2027 9798
10778 2027 17398
10779 2027 17518
10780 2028 5039
10781 2028 8612
10782 2028 9897
10783 2028 18382
10784 2029 6955
10785 2029 8344
10786 2029 15462
10787 2029 19763
10788 2030 2162
10789 2030 15101
10790 2030 16934
10791 2031 6909
10792 2031 8160
10793 2031 16032
10794 2031 18225
10795 2032 2214
10796 2032 3107
10797 2032 8615
10798 2032 9256
10799 2032 16891
10800 2032 16895
10801 2033 4495
10802 2033 9446
10803 2033 11691
10804 2033 13052
10805 2033 19226
10806 2034 5280
10807 2034 6677
10808 2034 10581
10809 2034 13691
10810 2034 16585
10811 2034 16629
10812 2035 2038
10813 2035 5456
10814 2035 8422
10815 2035 19051
10816 2036 2148
10817 2036 2149
10818 2036 3294
10819 2036 15657
10820 2036 19819
10821 2037 2496
10822 2037 4826
10823 2037 8654
10824 2037 9264
10825 2037 13956
10826 2038 3139
10827 2038 19051
10828 2039 6393
10829 2039 6437
10830 2039 7649
10831 2039 15646
10832 2040 2591
10833 2040 6717
10834 2040 9068
10835 2040 12282
10836 2040 13213
10837 2040 17608
10838 2041 2555
10839 2041 2663
10840 2041 14881
10841 2041 15306
10842 2041 19025
10843 2042 2044
10844 2042 12443
10845 2042 19680
10846 2043 11469
10847 2043 19005
10848 2043 19452
10849 2043 19736
10850 2044 18108
10851 2044 19680
10852 2045 3940
10853 2045 11474
10854 2045 16549
10855 2045 17593
10856 2045 17768
10857 2045 19056
10858 2046 2158
10859 2046 3387
10860 2046 19762
10861 2047 4415
10862 2047 7339
10863 2047 12064
10864 2047 12851
10865 2047 15615
10866 2048 2231
10867 2048 2497
10868 2048 19727
10869 2049 2400
10870 2049 7967
10871 2049 13257
10872 2050 3950
10873 2050 13415
10874 2050 13431
10875 2050 13491
10876 2050 16085
10877 2050 18256
10878 2051 2153
10879 2051 4072
10880 2051 8420
10881 2051 8725
10882 2051 17977
10883 2051 19756
10884 2052 7800
10885 2052 18984
10886 2052 19214
10887 2052 19792
10888 2053 3751
10889 2053 4991
10890 2053 11478
10891 2053 13892
10892 2053 18036
10893 2054 2222
10894 2054 10971
10895 2055 2898
10896 2055 3453
10897 2055 7623
10898 2055 11674
10899 2055 17428
10900 2055 19167
10901 2056 3244
10902 2056 3520
10903 2056 7564
10904 2056 8308
10905 2056 11270
10906 2056 11964
10907 2056 16583
10908 2057 16441
10909 2057 16451
10910 2057 19530
10911 2057 19615
10912 2058 5114
10913 2058 8058
10914 2058 13187
10915 2058 14370
10916 2058 19230
10917 2059 2197
10918 2059 3809
10919 2059 4189
10920 2059 9161
10921 2059 15472
10922 2059 19025
10923 2060 2792
10924 2060 8106
10925 2060 9915
10926 2061 7559
10927 2061 8257
10928 2061 12926
10929 2061 19315
10930 2062 2940
10931 2062 8633
10932 2062 8948
10933 2062 9366
10934 2062 14298
10935 2062 19371
10936 2063 2590
10937 2063 5031
10938 2063 7566
10939 2063 11583
10940 2063 14353
10941 2063 15599
10942 2064 12424
10943 2064 15279
10944 2064 15281
10945 2064 17897
10946 2065 15678
10947 2065 15829
10948 2065 16296
10949 2065 19468
10950 2065 19556
10951 2065 19579
10952 2066 2191
10953 2066 3143
10954 2067 7771
10955 2067 8108
10956 2067 13307
10957 2067 19529
10958 2067 19732
10959 2068 4749
10960 2068 7759
10961 2068 7761
10962 2068 7771
10963 2068 18596
10964 2068 19732
10965 2069 7790
10966 2069 11632
10967 2069 15630
10968 2069 17894
10969 2069 18085
10970 2070 2144
10971 2070 2798
10972 2070 7727
10973 2070 8397
10974 2070 9124
10975 2071 7343
10976 2071 8866
10977 2071 11149
10978 2071 15041
10979 2071 15302
10980 2071 16826
10981 2072 2073
10982 2072 2074
10983 2072 2079
10984 2072 4260
10985 2072 9787
10986 2073 2074
10987 2073 3232
10988 2073 10926
10989 2073 13393
10990 2074 2222
10991 2074 3232
10992 2074 4260
10993 2075 6095
10994 2075 8062
10995 2075 13626
10996 2075 13628
10997 2075 18193
10998 2076 8731
10999 2076 8892
11000 2076 9275
11001 2076 11859
11002 2076 16896
11003 2077 5182
11004 2077 8054
11005 2077 16777
11006 2077 17116
11007 2077 19492
11008 2078 2362
11009 2078 4962
11010 2078 9629
11011 2078 10071
11012 2079 7695
11013 2079 9787
11014 2079 13254
11015 2080 4100
11016 2080 7053
11017 2080 10195
11018 2080 10216
11019 2080 10337
11020 2080 17799
11021 2081 3744
11022 2081 13213
11023 2081 14321
11024 2082 5308
11025 2082 5311
11026 2082 6930
11027 2082 8740
11028 2082 14863
11029 2082 15997
11030 2082 18399
11031 2083 2291
11032 2083 9207
11033 2083 11736
11034 2083 12494
11035 2083 13488
11036 2083 18157
11037 2084 3625
11038 2084 8225
11039 2084 9639
11040 2084 11366
11041 2085 2120
11042 2085 8074
11043 2085 9743
11044 2085 12388
11045 2086 3017
11046 2086 8439
11047 2086 11221
11048 2086 14902
11049 2086 16211
11050 2087 5567
11051 2087 5611
11052 2087 8357
11053 2087 12089
11054 2087 13060
11055 2087 13473
11056 2087 15052
11057 2088 3641
11058 2088 6933
11059 2088 8420
11060 2088 9367
11061 2088 19703
11062 2089 4037
11063 2089 9876
11064 2089 13423
11065 2090 2170
11066 2090 15914
11067 2090 18804
11068 2090 19689
11069 2091 3528
11070 2091 8020
11071 2091 8812
11072 2091 11835
11073 2091 16514
11074 2092 7924
11075 2092 8505
11076 2092 10524
11077 2093 8623
11078 2093 12110
11079 2093 12874
11080 2093 15341
11081 2093 16769
11082 2094 4025
11083 2094 5533
11084 2094 9350
11085 2094 11374
11086 2094 11577
11087 2094 13717
11088 2095 9451
11089 2095 11304
11090 2095 16304
11091 2096 9605
11092 2096 13000
11093 2096 13311
11094 2096 19524
11095 2097 3359
11096 2097 11794
11097 2097 14085
11098 2097 15399
11099 2097 18587
11100 2098 3928
11101 2098 12845
11102 2098 13880
11103 2098 14792
11104 2098 17647
11105 2098 19640
11106 2099 10138
11107 2099 12452
11108 2100 3337
11109 2100 7683
11110 2100 9601
11111 2100 12180
11112 2100 18215
11113 2101 2159
11114 2101 2299
11115 2101 12461
11116 2101 16984
11117 2101 18721
11118 2101 18999
11119 2102 7791
11120 2102 9255
11121 2102 13402
11122 2102 15923
11123 2103 3969
11124 2103 3997
11125 2103 3998
11126 2103 4289
11127 2103 7628
11128 2103 16564
11129 2105 2187
11130 2105 6429
11131 2105 13559
11132 2105 16109
11133 2105 16152
11134 2105 19246
11135 2106 2837
11136 2106 2902
11137 2106 13500
11138 2106 15481
11139 2106 15800
11140 2106 17462
11141 2107 2128
11142 2107 2229
11143 2107 4195
11144 2107 12894
11145 2107 19631
11146 2108 2619
11147 2108 5261
11148 2108 13278
11149 2108 19842
11150 2109 2372
11151 2109 2374
11152 2109 2499
11153 2109 13206
11154 2109 18023
11155 2109 19688
11156 2110 7342
11157 2110 9099
11158 2110 14324
11159 2110 14327
11160 2110 14861
11161 2110 15105
11162 2111 2226
11163 2111 4148
11164 2111 10540
11165 2111 19263
11166 2112 3526
11167 2112 5309
11168 2112 6772
11169 2112 12775
11170 2112 13187
11171 2112 14163
11172 2113 4315
11173 2113 4509
11174 2113 5057
11175 2113 11147
11176 2113 17180
11177 2114 6747
11178 2114 7679
11179 2114 8946
11180 2114 9221
11181 2114 11410
11182 2115 2544
11183 2115 6947
11184 2115 8174
11185 2115 8844
11186 2115 13195
11187 2115 18838
11188 2116 14253
11189 2116 14826
11190 2116 17592
11191 2116 19662
11192 2116 19984
11193 2117 6037
11194 2117 8218
11195 2117 14080
11196 2118 3910
11197 2118 6702
11198 2118 11525
11199 2118 18033
11200 2118 18666
11201 2118 19474
11202 2119 2513
11203 2119 6079
11204 2119 7656
11205 2119 8712
11206 2119 16606
11207 2119 16995
11208 2120 2695
11209 2120 5624
11210 2120 12388
11211 2120 13819
11212 2120 19614
11213 2121 4426
11214 2121 12124
11215 2122 5356
11216 2122 5652
11217 2122 6792
11218 2122 6886
11219 2122 7456
11220 2122 17866
11221 2123 2255
11222 2123 9545
11223 2123 14336
11224 2123 14342
11225 2124 8244
11226 2124 9490
11227 2124 13472
11228 2124 14475
11229 2124 18923
11230 2125 12023
11231 2125 13395
11232 2125 16317
11233 2125 17660
11234 2125 18089
11235 2125 19229
11236 2126 6512
11237 2126 13091
11238 2126 13174
11239 2126 13188
11240 2126 16151
11241 2126 19241
11242 2127 2347
11243 2127 2782
11244 2127 7681
11245 2127 9478
11246 2127 15535
11247 2127 19785
11248 2128 4195
11249 2128 12894
11250 2128 13809
11251 2128 13810
11252 2129 2881
11253 2129 12429
11254 2129 14326
11255 2129 14841
11256 2129 19284
11257 2130 2159
11258 2130 11671
11259 2130 18639
11260 2130 18788
11261 2130 18929
11262 2130 19638
11263 2131 2179
11264 2131 7508
11265 2131 11455
11266 2131 13961
11267 2131 15115
11268 2132 2179
11269 2132 2356
11270 2132 5337
11271 2132 5598
11272 2132 9062
11273 2132 18763
11274 2133 5735
11275 2133 5824
11276 2133 7779
11277 2133 10794
11278 2133 10978
11279 2133 19150
11280 2134 8448
11281 2134 10202
11282 2134 14321
11283 2135 7875
11284 2135 9951
11285 2135 13771
11286 2135 15135
11287 2135 15185
11288 2136 2172
11289 2136 11372
11290 2136 13052
11291 2136 15067
11292 2136 19226
11293 2136 19683
11294 2137 6582
11295 2137 7249
11296 2137 8795
11297 2137 18496
11298 2138 2215
11299 2138 2246
11300 2138 3107
11301 2138 8354
11302 2138 14132
11303 2138 16891
11304 2139 4687
11305 2139 7161
11306 2139 10329
11307 2139 12996
11308 2140 8943
11309 2140 9038
11310 2140 10680
11311 2140 11272
11312 2140 17452
11313 2140 19630
11314 2141 4337
11315 2141 13639
11316 2141 19674
11317 2142 2568
11318 2142 8526
11319 2142 15759
11320 2142 18096
11321 2143 8891
11322 2143 10093
11323 2143 19687
11324 2144 7727
11325 2144 9124
11326 2144 18842
11327 2145 3934
11328 2145 4454
11329 2145 7055
11330 2145 17538
11331 2145 19737
11332 2146 7687
11333 2146 9080
11334 2146 11442
11335 2147 4252
11336 2147 7629
11337 2147 10534
11338 2147 14937
11339 2147 16856
11340 2147 19361
11341 2148 2149
11342 2148 15657
11343 2149 7689
11344 2150 8350
11345 2150 10297
11346 2150 14754
11347 2150 15974
11348 2150 17995
11349 2150 19649
11350 2151 9424
11351 2151 16098
11352 2151 17156
11353 2152 4867
11354 2152 6600
11355 2152 7637
11356 2152 12329
11357 2152 16561
11358 2152 19720
11359 2153 3641
11360 2153 8420
11361 2153 8725
11362 2154 2168
11363 2154 4777
11364 2154 16635
11365 2154 19708
11366 2154 19791
11367 2155 2365
11368 2155 2377
11369 2155 11695
11370 2155 12716
11371 2155 12882
11372 2155 17276
11373 2155 18018
11374 2156 2236
11375 2156 19301
11376 2157 2269
11377 2157 8616
11378 2157 11098
11379 2157 15914
11380 2158 4400
11381 2158 13078
11382 2158 19762
11383 2159 16984
11384 2159 18639
11385 2159 18721
11386 2159 19638
11387 2160 2380
11388 2160 13820
11389 2160 15509
11390 2160 15817
11391 2160 18058
11392 2160 19684
11393 2161 7792
11394 2161 9564
11395 2161 11622
11396 2161 11716
11397 2161 13905
11398 2161 17339
11399 2162 2383
11400 2162 3292
11401 2162 9458
11402 2162 16934
11403 2163 2175
11404 2163 3023
11405 2163 7094
11406 2163 7307
11407 2164 11037
11408 2164 13055
11409 2164 14913
11410 2165 5725
11411 2165 7920
11412 2165 12656
11413 2165 12817
11414 2165 17599
11415 2165 19360
11416 2166 2313
11417 2166 11806
11418 2166 17016
11419 2167 2401
11420 2167 7137
11421 2167 10789
11422 2168 4777
11423 2168 9071
11424 2168 9898
11425 2168 19791
11426 2169 2205
11427 2169 2408
11428 2169 2929
11429 2169 5747
11430 2169 10656
11431 2169 18628
11432 2170 2423
11433 2170 15914
11434 2170 18720
11435 2170 18804
11436 2171 8123
11437 2171 8274
11438 2171 18940
11439 2171 18999
11440 2172 11372
11441 2172 15067
11442 2172 15776
11443 2172 19676
11444 2173 3627
11445 2173 6416
11446 2173 7453
11447 2173 7555
11448 2174 2436
11449 2174 2515
11450 2174 2723
11451 2174 6772
11452 2174 12775
11453 2174 18242
11454 2175 5109
11455 2175 7307
11456 2175 15853
11457 2176 2554
11458 2176 5598
11459 2176 7508
11460 2176 11455
11461 2176 13677
11462 2176 14548
11463 2176 18619
11464 2177 2380
11465 2177 12158
11466 2177 15529
11467 2177 15927
11468 2177 16419
11469 2177 17864
11470 2178 2432
11471 2178 5337
11472 2178 9062
11473 2178 9290
11474 2178 19262
11475 2178 19631
11476 2179 5598
11477 2179 7508
11478 2179 8467
11479 2179 18763
11480 2180 2469
11481 2180 2677
11482 2180 4094
11483 2180 8443
11484 2180 9578
11485 2180 18710
11486 2181 2543
11487 2181 8762
11488 2181 11549
11489 2181 12325
11490 2181 13090
11491 2182 2515
11492 2182 2673
11493 2182 12775
11494 2182 15529
11495 2182 19230
11496 2183 12809
11497 2183 12857
11498 2183 15738
11499 2183 19057
11500 2184 2420
11501 2184 2727
11502 2184 10523
11503 2184 14206
11504 2184 14330
11505 2184 14859
11506 2185 4171
11507 2185 13190
11508 2185 18064
11509 2185 18884
11510 2185 19589
11511 2186 2286
11512 2186 3216
11513 2186 8817
11514 2186 14511
11515 2187 5618
11516 2187 6429
11517 2187 9836
11518 2187 12786
11519 2187 16152
11520 2188 3209
11521 2188 3487
11522 2188 5455
11523 2188 9339
11524 2188 10941
11525 2188 17693
11526 2189 3916
11527 2189 9664
11528 2189 14174
11529 2189 14525
11530 2190 2314
11531 2190 9249
11532 2190 11465
11533 2190 13590
11534 2190 19599
11535 2191 2808
11536 2191 3143
11537 2192 7692
11538 2192 15412
11539 2192 15629
11540 2192 16079
11541 2193 3231
11542 2193 13372
11543 2193 13382
11544 2193 13399
11545 2193 17954
11546 2193 18435
11547 2194 2950
11548 2194 9796
11549 2194 12838
11550 2194 12841
11551 2194 17053
11552 2194 19064
11553 2195 7686
11554 2195 13252
11555 2195 13403
11556 2196 12661
11557 2196 12663
11558 2196 13027
11559 2196 15596
11560 2196 17642
11561 2196 18094
11562 2197 4189
11563 2197 9859
11564 2197 10502
11565 2197 15472
11566 2197 15887
11567 2198 3198
11568 2198 13372
11569 2198 13373
11570 2198 13399
11571 2198 13442
11572 2198 18334
11573 2198 18338
11574 2199 2419
11575 2199 5277
11576 2199 5656
11577 2199 10064
11578 2199 16214
11579 2199 17676
11580 2199 18875
11581 2200 12137
11582 2200 12782
11583 2200 13173
11584 2200 13457
11585 2200 16179
11586 2201 2375
11587 2201 8799
11588 2201 10753
11589 2202 5890
11590 2202 8464
11591 2202 11016
11592 2202 11034
11593 2202 11638
11594 2202 13863
11595 2203 4456
11596 2203 9923
11597 2203 10358
11598 2203 13181
11599 2204 6005
11600 2204 8324
11601 2204 13055
11602 2205 2408
11603 2205 9693
11604 2205 10656
11605 2205 19593
11606 2206 6929
11607 2206 10244
11608 2206 11884
11609 2206 13208
11610 2206 16253
11611 2207 6230
11612 2207 7877
11613 2207 8564
11614 2207 9950
11615 2207 14325
11616 2207 14326
11617 2207 14841
11618 2208 2389
11619 2208 13004
11620 2208 19032
11621 2209 9302
11622 2209 14129
11623 2209 15696
11624 2209 19911
11625 2210 2622
11626 2210 4400
11627 2210 10565
11628 2210 13078
11629 2210 13408
11630 2211 6762
11631 2211 8562
11632 2211 11746
11633 2211 14249
11634 2211 14813
11635 2211 19285
11636 2212 12705
11637 2212 13163
11638 2212 13168
11639 2212 13407
11640 2212 15835
11641 2212 18533
11642 2212 19240
11643 2213 2887
11644 2213 5340
11645 2213 8433
11646 2213 9178
11647 2213 13484
11648 2214 9256
11649 2214 9961
11650 2214 13206
11651 2214 15309
11652 2214 16895
11653 2215 5349
11654 2215 6008
11655 2215 14132
11656 2215 15905
11657 2215 16891
11658 2216 10562
11659 2216 14711
11660 2216 15945
11661 2216 17139
11662 2216 17215
11663 2216 17890
11664 2217 3092
11665 2217 3614
11666 2217 5453
11667 2217 7604
11668 2217 9785
11669 2217 10767
11670 2217 11638
11671 2218 2280
11672 2218 3137
11673 2218 9920
11674 2218 19615
11675 2218 19752
11676 2219 3241
11677 2219 4169
11678 2219 7643
11679 2219 19378
11680 2220 3204
11681 2220 11404
11682 2220 15629
11683 2220 16079
11684 2221 8371
11685 2221 14337
11686 2221 14857
11687 2221 15105
11688 2221 19634
11689 2221 19696
11690 2222 4260
11691 2222 18738
11692 2223 7737
11693 2223 16988
11694 2223 18940
11695 2223 19300
11696 2224 2329
11697 2224 6548
11698 2224 6889
11699 2224 13183
11700 2225 2562
11701 2225 3144
11702 2225 8611
11703 2225 13036
11704 2225 19766
11705 2226 9535
11706 2226 10540
11707 2226 11153
11708 2226 14478
11709 2226 18619
11710 2227 2508
11711 2227 9205
11712 2227 18636
11713 2227 18720
11714 2228 3382
11715 2228 4246
11716 2228 4502
11717 2228 4956
11718 2228 7820
11719 2228 8022
11720 2229 4195
11721 2229 10437
11722 2229 13449
11723 2229 17274
11724 2230 8576
11725 2230 8770
11726 2230 19877
11727 2231 2497
11728 2231 7723
11729 2231 12958
11730 2231 19808
11731 2232 6835
11732 2232 9362
11733 2232 14038
11734 2232 15351
11735 2233 4365
11736 2233 4953
11737 2233 9450
11738 2233 9830
11739 2234 4257
11740 2234 6811
11741 2234 9084
11742 2234 10566
11743 2234 12083
11744 2234 13495
11745 2235 5957
11746 2235 6536
11747 2235 10619
11748 2235 10996
11749 2235 13911
11750 2236 5130
11751 2236 7020
11752 2236 13354
11753 2236 19301
11754 2237 2753
11755 2237 3145
11756 2237 7736
11757 2237 19282
11758 2237 19691
11759 2238 3832
11760 2238 5424
11761 2238 12332
11762 2238 12469
11763 2238 12947
11764 2238 18089
11765 2239 3045
11766 2239 9191
11767 2239 19457
11768 2239 19461
11769 2239 19679
11770 2240 4608
11771 2240 6544
11772 2240 12074
11773 2240 14261
11774 2240 16132
11775 2240 17377
11776 2241 6109
11777 2241 8605
11778 2241 10494
11779 2241 15500
11780 2241 15526
11781 2241 15662
11782 2242 12907
11783 2242 17151
11784 2243 3255
11785 2243 8078
11786 2243 10370
11787 2243 17747
11788 2243 18879
11789 2243 19664
11790 2244 3625
11791 2244 4142
11792 2244 11704
11793 2244 11845
11794 2245 3857
11795 2245 5050
11796 2245 12191
11797 2245 12860
11798 2245 14047
11799 2245 16209
11800 2246 2355
11801 2246 3107
11802 2246 8354
11803 2247 2360
11804 2247 2846
11805 2247 7819
11806 2247 11706
11807 2248 2389
11808 2248 3220
11809 2248 13203
11810 2248 16620
11811 2248 19377
11812 2249 3346
11813 2249 12635
11814 2249 12659
11815 2249 13446
11816 2249 17806
11817 2249 19192
11818 2250 2251
11819 2250 2480
11820 2250 10450
11821 2250 12461
11822 2251 2299
11823 2251 2480
11824 2251 6725
11825 2251 12461
11826 2251 13950
11827 2251 18746
11828 2252 10277
11829 2252 14477
11830 2252 16039
11831 2252 17726
11832 2252 18498
11833 2252 18869
11834 2253 9464
11835 2253 13841
11836 2253 13842
11837 2253 13849
11838 2253 14355
11839 2253 15430
11840 2254 7879
11841 2254 8687
11842 2254 13708
11843 2254 18683
11844 2254 19900
11845 2255 9545
11846 2255 11457
11847 2255 14336
11848 2255 17388
11849 2256 3863
11850 2256 12604
11851 2256 17143
11852 2256 17186
11853 2256 17406
11854 2256 18485
11855 2257 3136
11856 2257 12466
11857 2257 12964
11858 2257 13846
11859 2257 16596
11860 2258 2788
11861 2258 2868
11862 2258 10969
11863 2258 14525
11864 2258 15716
11865 2258 16762
11866 2259 4622
11867 2259 4635
11868 2259 4654
11869 2259 16054
11870 2259 18642
11871 2260 6723
11872 2260 8077
11873 2260 15076
11874 2260 18075
11875 2260 18635
11876 2260 18715
11877 2261 9639
11878 2261 13758
11879 2261 15714
11880 2262 3860
11881 2262 13549
11882 2262 14713
11883 2262 15173
11884 2262 17199
11885 2262 18110
11886 2263 2472
11887 2263 8318
11888 2263 9127
11889 2263 9385
11890 2263 19768
11891 2264 6726
11892 2264 9038
11893 2264 15447
11894 2264 16021
11895 2264 16197
11896 2264 17033
11897 2264 17452
11898 2265 6695
11899 2265 7739
11900 2265 11426
11901 2265 12249
11902 2265 12905
11903 2265 16681
11904 2265 17851
11905 2266 3132
11906 2266 11539
11907 2266 14264
11908 2267 3133
11909 2267 10620
11910 2267 10648
11911 2267 15362
11912 2267 19513
11913 2268 13048
11914 2268 15084
11915 2268 19709
11916 2269 2423
11917 2269 8616
11918 2269 8884
11919 2269 15914
11920 2270 4109
11921 2270 5181
11922 2270 8892
11923 2270 9275
11924 2270 9312
11925 2270 16683
11926 2271 2724
11927 2271 4592
11928 2271 5992
11929 2271 7026
11930 2271 9546
11931 2271 14923
11932 2271 19626
11933 2272 4867
11934 2272 6600
11935 2272 13738
11936 2273 8025
11937 2273 13354
11938 2273 19301
11939 2273 19682
11940 2274 2976
11941 2274 6241
11942 2274 9123
11943 2274 11682
11944 2274 12649
11945 2274 13098
11946 2274 17787
11947 2275 4205
11948 2275 9952
11949 2275 13184
11950 2275 18828
11951 2276 2470
11952 2276 5170
11953 2276 8345
11954 2276 11465
11955 2276 13850
11956 2277 2503
11957 2277 2787
11958 2277 6889
11959 2277 19736
11960 2278 4755
11961 2278 4971
11962 2278 10224
11963 2279 3293
11964 2279 15048
11965 2279 16986
11966 2279 18620
11967 2279 18651
11968 2279 18844
11969 2280 4173
11970 2280 9920
11971 2280 11957
11972 2280 19752
11973 2281 4510
11974 2281 7973
11975 2281 17910
11976 2282 3250
11977 2282 3368
11978 2282 5311
11979 2282 8898
11980 2282 14863
11981 2282 16257
11982 2283 2408
11983 2283 2543
11984 2283 2929
11985 2283 4836
11986 2283 8762
11987 2283 13729
11988 2284 6194
11989 2284 10194
11990 2284 13094
11991 2284 17325
11992 2284 18333
11993 2284 18777
11994 2285 3292
11995 2285 9458
11996 2285 13082
11997 2285 15413
11998 2285 17694
11999 2286 9526
12000 2286 12619
12001 2286 14511
12002 2286 16045
12003 2287 5222
12004 2287 5817
12005 2287 6006
12006 2287 11458
12007 2287 11723
12008 2287 14753
12009 2288 2513
12010 2288 6129
12011 2288 14039
12012 2288 18102
12013 2288 19893
12014 2289 2498
12015 2289 6041
12016 2289 7935
12017 2289 8090
12018 2290 3108
12019 2290 10874
12020 2290 11841
12021 2290 14254
12022 2290 17234
12023 2290 17235
12024 2290 17243
12025 2291 9207
12026 2291 11824
12027 2291 12600
12028 2291 18057
12029 2291 18157
12030 2292 5031
12031 2292 11124
12032 2292 11583
12033 2292 19733
12034 2292 19927
12035 2293 2301
12036 2293 2900
12037 2293 8053
12038 2293 11758
12039 2293 12036
12040 2293 14814
12041 2294 2414
12042 2294 3101
12043 2294 15396
12044 2294 16836
12045 2294 19115
12046 2295 2420
12047 2295 4745
12048 2295 6538
12049 2295 10523
12050 2295 18991
12051 2296 7800
12052 2296 7802
12053 2296 8204
12054 2296 12032
12055 2296 19532
12056 2297 2423
12057 2297 2768
12058 2297 8884
12059 2297 18636
12060 2297 18722
12061 2298 6920
12062 2298 13199
12063 2298 14811
12064 2298 15628
12065 2298 16227
12066 2299 8274
12067 2299 12461
12068 2299 18746
12069 2299 18999
12070 2300 2435
12071 2300 2470
12072 2300 3942
12073 2300 8305
12074 2300 14250
12075 2301 2435
12076 2301 2900
12077 2301 8053
12078 2301 14250
12079 2301 14809
12080 2302 6230
12081 2302 7877
12082 2302 9808
12083 2302 11571
12084 2302 13096
12085 2303 9683
12086 2303 12590
12087 2303 12636
12088 2303 15305
12089 2303 16387
12090 2303 16728
12091 2304 5972
12092 2304 12143
12093 2304 16547
12094 2304 18203
12095 2304 19454
12096 2305 4713
12097 2305 5293
12098 2305 14814
12099 2305 16989
12100 2305 19593
12101 2306 6068
12102 2306 6465
12103 2306 8661
12104 2306 15007
12105 2307 4163
12106 2307 5525
12107 2307 6001
12108 2307 13877
12109 2307 13881
12110 2307 19536
12111 2308 2653
12112 2308 2820
12113 2308 9412
12114 2308 19775
12115 2309 8388
12116 2309 12614
12117 2309 16642
12118 2309 17291
12119 2309 17293
12120 2309 17708
12121 2310 3502
12122 2310 11828
12123 2310 15547
12124 2310 17286
12125 2310 17351
12126 2311 2446
12127 2311 8824
12128 2311 16533
12129 2311 17667
12130 2311 18688
12131 2311 18834
12132 2312 2795
12133 2312 2924
12134 2312 4094
12135 2312 9578
12136 2312 11749
12137 2312 19623
12138 2313 11807
12139 2313 12325
12140 2313 17016
12141 2314 2470
12142 2314 8053
12143 2314 9249
12144 2314 11465
12145 2314 14250
12146 2315 2783
12147 2315 10331
12148 2315 14248
12149 2315 15736
12150 2315 19594
12151 2316 3188
12152 2316 8001
12153 2316 14277
12154 2316 14818
12155 2316 15966
12156 2316 17175
12157 2317 2412
12158 2317 2537
12159 2317 3421
12160 2317 3939
12161 2317 8256
12162 2317 15007
12163 2317 15147
12164 2318 2645
12165 2318 3843
12166 2318 4009
12167 2318 14244
12168 2318 15682
12169 2319 3870
12170 2319 7084
12171 2319 9784
12172 2319 16602
12173 2319 19643
12174 2320 3567
12175 2320 3673
12176 2320 6908
12177 2320 7407
12178 2320 11586
12179 2320 16712
12180 2320 17437
12181 2321 5218
12182 2321 11070
12183 2321 13875
12184 2321 19557
12185 2321 19604
12186 2322 5080
12187 2322 11626
12188 2322 14034
12189 2322 18064
12190 2322 19996
12191 2323 9074
12192 2323 9777
12193 2323 11740
12194 2323 11741
12195 2323 13526
12196 2324 9017
12197 2324 9893
12198 2324 18800
12199 2325 5297
12200 2325 6902
12201 2325 15930
12202 2325 16204
12203 2325 16440
12204 2326 6024
12205 2326 7601
12206 2326 9981
12207 2326 10924
12208 2326 11087
12209 2326 14056
12210 2327 3853
12211 2327 7054
12212 2327 8975
12213 2327 14655
12214 2327 16193
12215 2327 16194
12216 2328 2397
12217 2328 3678
12218 2328 7738
12219 2328 10024
12220 2328 13092
12221 2328 15694
12222 2329 2772
12223 2330 3158
12224 2330 3443
12225 2330 3467
12226 2330 3498
12227 2330 9315
12228 2330 11250
12229 2331 2723
12230 2331 3526
12231 2331 5349
12232 2331 6772
12233 2331 11047
12234 2331 18812
12235 2331 19256
12236 2332 8983
12237 2332 9658
12238 2332 12812
12239 2333 2345
12240 2333 8427
12241 2333 16879
12242 2333 19635
12243 2334 2378
12244 2334 2856
12245 2334 4704
12246 2334 14479
12247 2335 2432
12248 2335 9290
12249 2335 16393
12250 2335 19048
12251 2336 5089
12252 2336 6978
12253 2336 8479
12254 2336 13782
12255 2336 14210
12256 2336 15148
12257 2337 2345
12258 2337 2348
12259 2337 12244
12260 2337 19717
12261 2338 2673
12262 2338 13818
12263 2338 14370
12264 2338 15927
12265 2338 19684
12266 2339 2518
12267 2339 2885
12268 2339 9099
12269 2339 13017
12270 2339 19696
12271 2340 2361
12272 2340 7693
12273 2340 9590
12274 2340 11412
12275 2341 10787
12276 2341 12400
12277 2341 15786
12278 2341 17920
12279 2342 2436
12280 2342 3345
12281 2342 5344
12282 2342 13328
12283 2342 18242
12284 2342 19743
12285 2343 3134
12286 2343 7744
12287 2343 14780
12288 2343 15414
12289 2344 7849
12290 2344 8325
12291 2344 13353
12292 2345 5709
12293 2345 12244
12294 2345 19635
12295 2346 2514
12296 2346 8009
12297 2346 8057
12298 2346 13068
12299 2346 13802
12300 2346 15740
12301 2347 7681
12302 2347 15535
12303 2347 15537
12304 2347 16864
12305 2348 2510
12306 2348 4227
12307 2348 11287
12308 2348 19717
12309 2349 2402
12310 2349 2933
12311 2349 3422
12312 2349 8068
12313 2349 14516
12314 2349 15230
12315 2350 2566
12316 2350 2743
12317 2350 3351
12318 2350 3420
12319 2350 14752
12320 2350 19712
12321 2351 6236
12322 2351 6888
12323 2351 9437
12324 2351 17872
12325 2351 19196
12326 2351 19267
12327 2352 2691
12328 2352 8009
12329 2352 13802
12330 2352 19625
12331 2352 19650
12332 2353 5993
12333 2353 7431
12334 2353 9309
12335 2353 15782
12336 2353 19621
12337 2353 19666
12338 2354 2506
12339 2354 2521
12340 2354 6582
12341 2354 7729
12342 2354 8993
12343 2354 18496
12344 2355 2395
12345 2355 2573
12346 2355 8354
12347 2355 19908
12348 2356 2554
12349 2356 5598
12350 2356 7344
12351 2356 9062
12352 2356 17044
12353 2357 6405
12354 2357 9043
12355 2357 14101
12356 2357 14218
12357 2357 15764
12358 2357 16911
12359 2357 17015
12360 2358 2475
12361 2358 2696
12362 2358 8074
12363 2358 9743
12364 2358 16599
12365 2358 19746
12366 2359 8802
12367 2359 10074
12368 2359 14805
12369 2359 17024
12370 2360 19841
12371 2361 2840
12372 2361 9590
12373 2361 14349
12374 2361 19113
12375 2362 4325
12376 2362 10071
12377 2362 15231
12378 2363 7080
12379 2363 7402
12380 2364 2373
12381 2364 9973
12382 2364 13783
12383 2364 15112
12384 2365 2377
12385 2365 11286
12386 2365 14098
12387 2365 17276
12388 2366 4905
12389 2366 6115
12390 2366 7293
12391 2366 15333
12392 2367 2507
12393 2367 15987
12394 2367 17986
12395 2367 18020
12396 2367 19598
12397 2368 2776
12398 2368 8938
12399 2368 14162
12400 2368 14609
12401 2368 15408
12402 2368 19715
12403 2369 2448
12404 2369 2463
12405 2369 2511
12406 2369 12284
12407 2369 14202
12408 2369 19365
12409 2370 2385
12410 2370 9008
12411 2370 16021
12412 2370 17082
12413 2370 17757
12414 2371 2508
12415 2371 6725
12416 2371 13950
12417 2371 18637
12418 2372 2374
12419 2372 13206
12420 2372 18635
12421 2372 18715
12422 2373 7923
12423 2373 9973
12424 2373 13783
12425 2373 14478
12426 2373 19265
12427 2374 4062
12428 2374 18023
12429 2374 18635
12430 2374 18760
12431 2375 14287
12432 2375 15642
12433 2376 5606
12434 2376 6380
12435 2376 6441
12436 2376 12428
12437 2376 13973
12438 2377 3816
12439 2377 3937
12440 2377 11286
12441 2377 12882
12442 2378 14479
12443 2378 17989
12444 2378 18163
12445 2379 2788
12446 2379 2911
12447 2379 14554
12448 2379 15539
12449 2379 16762
12450 2380 15817
12451 2380 15927
12452 2380 17864
12453 2380 19684
12454 2381 2929
12455 2381 5747
12456 2381 11744
12457 2381 13515
12458 2381 13729
12459 2381 19591
12460 2382 3140
12461 2382 7473
12462 2382 7750
12463 2382 10362
12464 2382 17086
12465 2382 17692
12466 2383 3292
12467 2383 16618
12468 2383 16934
12469 2384 3391
12470 2384 8788
12471 2384 11177
12472 2384 11513
12473 2384 11737
12474 2384 12073
12475 2385 9008
12476 2385 9107
12477 2385 14239
12478 2385 17964
12479 2386 4606
12480 2386 14395
12481 2386 14398
12482 2386 14400
12483 2386 17715
12484 2386 18120
12485 2387 4674
12486 2387 7833
12487 2387 11169
12488 2387 15116
12489 2387 17084
12490 2387 17519
12491 2388 7788
12492 2388 9932
12493 2388 17156
12494 2389 8843
12495 2389 19377
12496 2390 9115
12497 2390 13804
12498 2390 15965
12499 2390 16009
12500 2390 16201
12501 2391 2626
12502 2391 5948
12503 2391 7711
12504 2391 17765
12505 2391 18214
12506 2391 18902
12507 2392 4051
12508 2392 9821
12509 2392 11164
12510 2392 15611
12511 2392 19030
12512 2392 19802
12513 2393 15978
12514 2393 17545
12515 2393 18218
12516 2393 18925
12517 2393 19648
12518 2394 6828
12519 2394 11561
12520 2394 11657
12521 2395 2573
12522 2395 13122
12523 2395 18455
12524 2395 19726
12525 2395 19908
12526 2396 3576
12527 2396 13469
12528 2396 13634
12529 2396 16418
12530 2396 16420
12531 2396 16421
12532 2397 2491
12533 2397 3678
12534 2397 13092
12535 2397 15138
12536 2398 2561
12537 2398 2662
12538 2398 4189
12539 2398 9859
12540 2398 11967
12541 2398 14608
12542 2399 11754
12543 2399 13392
12544 2399 13848
12545 2399 14843
12546 2399 19599
12547 2400 2462
12548 2400 7967
12549 2401 3952
12550 2401 10789
12551 2402 2885
12552 2402 2925
12553 2402 5003
12554 2402 8068
12555 2402 14516
12556 2403 3020
12557 2403 4187
12558 2403 7985
12559 2403 13898
12560 2403 15471
12561 2403 17776
12562 2404 3856
12563 2404 14237
12564 2404 16486
12565 2404 17000
12566 2404 18585
12567 2404 18994
12568 2405 4470
12569 2405 6782
12570 2405 7076
12571 2405 9953
12572 2405 11049
12573 2405 12992
12574 2406 7200
12575 2406 10419
12576 2406 10583
12577 2406 14053
12578 2406 15540
12579 2406 15779
12580 2407 9850
12581 2407 12895
12582 2407 18705
12583 2407 19406
12584 2408 2543
12585 2408 2929
12586 2408 9693
12587 2408 14815
12588 2409 6465
12589 2409 14248
12590 2409 14264
12591 2410 2731
12592 2410 14084
12593 2410 14135
12594 2410 15407
12595 2410 16279
12596 2411 5833
12597 2411 6709
12598 2411 14071
12599 2411 14242
12600 2411 17187
12601 2412 2537
12602 2412 15147
12603 2413 2809
12604 2413 5642
12605 2413 5950
12606 2413 14061
12607 2413 15727
12608 2413 18827
12609 2414 2416
12610 2414 12242
12611 2414 15401
12612 2414 16836
12613 2415 2416
12614 2415 2730
12615 2415 15217
12616 2415 15401
12617 2415 18200
12618 2416 15401
12619 2416 16836
12620 2416 19531
12621 2417 8887
12622 2417 11714
12623 2417 12971
12624 2417 14192
12625 2417 15566
12626 2418 2498
12627 2418 5099
12628 2418 6041
12629 2418 14116
12630 2418 17091
12631 2419 5359
12632 2419 8301
12633 2419 17676
12634 2419 17701
12635 2419 18875
12636 2420 2727
12637 2420 10523
12638 2420 15781
12639 2421 7391
12640 2421 9405
12641 2421 11574
12642 2421 13180
12643 2422 2433
12644 2422 2696
12645 2422 6427
12646 2422 8074
12647 2422 18953
12648 2422 19614
12649 2423 8884
12650 2423 15914
12651 2423 18636
12652 2423 18720
12653 2424 8502
12654 2424 8904
12655 2424 11330
12656 2424 14662
12657 2424 17034
12658 2424 17719
12659 2425 2613
12660 2425 6637
12661 2425 8293
12662 2425 11405
12663 2425 19744
12664 2426 2584
12665 2426 11373
12666 2426 14361
12667 2426 14719
12668 2426 15878
12669 2427 2529
12670 2427 2641
12671 2427 2702
12672 2427 2744
12673 2427 2854
12674 2427 18182
12675 2427 19596
12676 2428 2660
12677 2428 3105
12678 2428 4182
12679 2428 6431
12680 2428 13400
12681 2428 18538
12682 2429 7740
12683 2429 9114
12684 2429 9680
12685 2429 10398
12686 2429 14347
12687 2430 16073
12688 2430 16977
12689 2430 17801
12690 2430 19725
12691 2430 19788
12692 2431 8617
12693 2431 9372
12694 2431 15739
12695 2431 16008
12696 2431 16940
12697 2431 19263
12698 2432 9290
12699 2432 19631
12700 2433 6427
12701 2433 13392
12702 2433 13401
12703 2433 13848
12704 2434 4834
12705 2434 5203
12706 2434 8099
12707 2434 10633
12708 2434 11948
12709 2434 15308
12710 2434 15426
12711 2435 3111
12712 2435 3942
12713 2435 14250
12714 2435 14809
12715 2436 2723
12716 2436 11047
12717 2436 18242
12718 2436 19743
12719 2437 3123
12720 2437 3935
12721 2437 8200
12722 2437 9643
12723 2437 15837
12724 2438 2488
12725 2438 2636
12726 2438 2706
12727 2438 2984
12728 2438 3044
12729 2438 16183
12730 2438 18975
12731 2439 4423
12732 2439 6260
12733 2439 8503
12734 2439 9395
12735 2439 14029
12736 2440 4088
12737 2440 4925
12738 2440 8446
12739 2440 10380
12740 2440 19663
12741 2440 19899
12742 2441 2655
12743 2441 2676
12744 2441 2926
12745 2441 14133
12746 2441 15391
12747 2441 18603
12748 2442 2514
12749 2442 5993
12750 2442 13068
12751 2442 14331
12752 2442 14508
12753 2443 2769
12754 2443 2932
12755 2443 9345
12756 2443 15338
12757 2443 18407
12758 2444 2823
12759 2444 2844
12760 2444 9481
12761 2444 14137
12762 2444 18534
12763 2444 19568
12764 2445 3743
12765 2445 9052
12766 2445 18294
12767 2445 19629
12768 2446 2507
12769 2446 8824
12770 2446 16533
12771 2446 17985
12772 2447 2668
12773 2447 11290
12774 2447 13961
12775 2447 15115
12776 2447 17848
12777 2448 2495
12778 2448 12004
12779 2448 12284
12780 2448 14923
12781 2448 19365
12782 2449 5858
12783 2449 7917
12784 2449 10290
12785 2449 16817
12786 2449 17218
12787 2450 5845
12788 2450 5849
12789 2450 11664
12790 2450 13406
12791 2450 13977
12792 2450 16818
12793 2451 2628
12794 2451 2699
12795 2451 11871
12796 2451 12353
12797 2451 19619
12798 2452 18693
12799 2452 19585
12800 2452 19761
12801 2452 19771
12802 2453 4786
12803 2453 4919
12804 2453 5573
12805 2453 8340
12806 2453 9568
12807 2453 16802
12808 2454 2469
12809 2454 2795
12810 2454 6427
12811 2454 13315
12812 2454 18953
12813 2454 19251
12814 2455 2458
12815 2455 3757
12816 2455 7131
12817 2455 7643
12818 2455 7684
12819 2455 13402
12820 2455 18861
12821 2456 7465
12822 2456 18494
12823 2456 18504
12824 2456 18547
12825 2456 18896
12826 2457 4015
12827 2457 4308
12828 2457 4519
12829 2457 7518
12830 2457 19783
12831 2458 2492
12832 2458 7131
12833 2458 7684
12834 2458 15419
12835 2459 4083
12836 2459 12440
12837 2459 14187
12838 2459 17071
12839 2459 18206
12840 2459 18372
12841 2460 5194
12842 2460 9570
12843 2460 11184
12844 2460 17070
12845 2460 17260
12846 2461 5296
12847 2461 5550
12848 2461 8276
12849 2461 13238
12850 2462 3241
12851 2462 7967
12852 2462 11282
12853 2462 19378
12854 2463 2511
12855 2463 2553
12856 2463 19365
12857 2463 19717
12858 2464 5077
12859 2464 8417
12860 2464 19132
12861 2465 3582
12862 2465 8865
12863 2465 11634
12864 2465 11659
12865 2465 15505
12866 2465 18076
12867 2466 2481
12868 2466 3163
12869 2466 6758
12870 2466 9180
12871 2466 13882
12872 2466 13910
12873 2467 7092
12874 2467 12991
12875 2467 14928
12876 2468 2475
12877 2468 6711
12878 2468 7026
12879 2468 9546
12880 2468 14131
12881 2468 19746
12882 2469 2677
12883 2469 2795
12884 2469 9578
12885 2469 13315
12886 2470 11465
12887 2470 14250
12888 2471 4490
12889 2471 7468
12890 2471 10077
12891 2471 15131
12892 2471 15249
12893 2471 15845
12894 2472 9127
12895 2472 9385
12896 2472 13259
12897 2473 8260
12898 2473 9696
12899 2473 16271
12900 2473 18829
12901 2473 19090
12902 2474 2667
12903 2474 6609
12904 2474 13082
12905 2474 13398
12906 2474 15413
12907 2474 18397
12908 2475 7026
12909 2475 16599
12910 2475 19597
12911 2475 19746
12912 2476 2706
12913 2476 8859
12914 2476 9273
12915 2476 13940
12916 2476 14042
12917 2476 19942
12918 2477 3004
12919 2477 6744
12920 2477 11220
12921 2477 14895
12922 2477 18927
12923 2478 4947
12924 2478 5422
12925 2478 8363
12926 2478 9637
12927 2478 19407
12928 2478 19788
12929 2479 12868
12930 2479 13057
12931 2479 18265
12932 2479 18309
12933 2479 18742
12934 2480 10450
12935 2480 13950
12936 2480 16942
12937 2481 2864
12938 2481 12496
12939 2481 13882
12940 2481 13910
12941 2481 15584
12942 2482 7332
12943 2482 7498
12944 2482 9075
12945 2482 15169
12946 2482 16857
12947 2483 2582
12948 2483 5164
12949 2483 7461
12950 2483 11789
12951 2483 13161
12952 2483 16840
12953 2484 10012
12954 2484 10240
12955 2484 11198
12956 2484 13963
12957 2484 17185
12958 2484 17191
12959 2485 4592
12960 2485 6711
12961 2485 6723
12962 2485 6724
12963 2485 8077
12964 2486 2904
12965 2486 6431
12966 2486 13400
12967 2487 2683
12968 2487 5992
12969 2487 9463
12970 2487 10326
12971 2487 14202
12972 2487 19626
12973 2488 2636
12974 2488 2706
12975 2488 8383
12976 2488 15541
12977 2488 19942
12978 2489 6068
12979 2489 8661
12980 2489 15147
12981 2489 17653
12982 2490 2603
12983 2490 2735
12984 2490 8415
12985 2490 13013
12986 2490 14069
12987 2491 3678
12988 2491 7923
12989 2491 15739
12990 2491 19265
12991 2492 3247
12992 2492 7684
12993 2492 18560
12994 2492 19822
12995 2493 2868
12996 2493 2890
12997 2493 4510
12998 2493 10969
12999 2493 14295
13000 2494 7459
13001 2494 7552
13002 2495 2509
13003 2495 2551
13004 2495 12004
13005 2495 16866
13006 2495 19365
13007 2496 4454
13008 2496 4826
13009 2496 7055
13010 2496 13956
13011 2496 17220
13012 2496 17221
13013 2497 5786
13014 2497 7723
13015 2497 11309
13016 2497 19727
13017 2498 6041
13018 2498 7029
13019 2498 7935
13020 2499 8350
13021 2499 14754
13022 2499 18023
13023 2499 19688
13024 2500 3688
13025 2500 3785
13026 2500 3798
13027 2500 15108
13028 2500 17154
13029 2500 17659
13030 2501 2856
13031 2501 7674
13032 2501 15777
13033 2501 16618
13034 2501 19575
13035 2502 8945
13036 2502 13807
13037 2503 6548
13038 2503 6889
13039 2503 19736
13040 2504 4433
13041 2504 6476
13042 2504 8406
13043 2504 9055
13044 2504 10133
13045 2504 18853
13046 2505 8434
13047 2505 9004
13048 2505 9478
13049 2505 13141
13050 2505 18638
13051 2505 19785
13052 2506 2521
13053 2506 4642
13054 2506 4747
13055 2506 8993
13056 2506 14448
13057 2507 15987
13058 2507 16533
13059 2507 17910
13060 2507 17986
13061 2508 18636
13062 2508 18637
13063 2508 18722
13064 2509 2551
13065 2509 12004
13066 2509 18398
13067 2510 2553
13068 2510 5284
13069 2510 5587
13070 2510 11287
13071 2510 19717
13072 2511 2553
13073 2511 9463
13074 2511 14201
13075 2511 14202
13076 2512 2695
13077 2512 8689
13078 2512 9557
13079 2512 12388
13080 2512 16251
13081 2512 16871
13082 2513 7656
13083 2513 8712
13084 2514 8057
13085 2514 13068
13086 2514 14508
13087 2515 12775
13088 2515 15529
13089 2515 18242
13090 2515 19278
13091 2516 8674
13092 2516 10067
13093 2516 11966
13094 2516 14517
13095 2516 15848
13096 2516 16719
13097 2517 9738
13098 2517 11823
13099 2517 16552
13100 2517 17576
13101 2517 19907
13102 2518 9309
13103 2518 14337
13104 2518 19696
13105 2519 2925
13106 2519 2933
13107 2519 9322
13108 2519 14336
13109 2519 14342
13110 2519 14516
13111 2520 4515
13112 2520 5545
13113 2520 9320
13114 2520 14276
13115 2520 14415
13116 2520 15829
13117 2521 4747
13118 2521 9698
13119 2521 14154
13120 2521 18496
13121 2522 3415
13122 2522 7784
13123 2522 8475
13124 2522 9913
13125 2522 14854
13126 2523 2553
13127 2523 2617
13128 2523 5284
13129 2523 8050
13130 2523 14201
13131 2524 4469
13132 2524 5760
13133 2524 5974
13134 2524 6256
13135 2524 6958
13136 2524 19093
13137 2525 2604
13138 2525 9186
13139 2525 13857
13140 2525 14294
13141 2525 16641
13142 2526 3275
13143 2526 3818
13144 2526 13984
13145 2526 14443
13146 2526 17113
13147 2526 18245
13148 2527 4556
13149 2527 5180
13150 2527 7690
13151 2527 8917
13152 2527 9204
13153 2528 8310
13154 2528 12078
13155 2528 15812
13156 2528 18352
13157 2529 2775
13158 2529 4167
13159 2529 10173
13160 2529 18182
13161 2529 19596
13162 2530 5757
13163 2530 6238
13164 2530 6876
13165 2530 8118
13166 2530 9128
13167 2530 11987
13168 2530 16970
13169 2531 3628
13170 2531 5437
13171 2531 12170
13172 2531 16123
13173 2531 17456
13174 2531 18357
13175 2532 5812
13176 2532 5813
13177 2532 6190
13178 2532 6219
13179 2532 6262
13180 2532 10901
13181 2533 2698
13182 2533 2769
13183 2533 2932
13184 2533 2991
13185 2533 14476
13186 2533 18234
13187 2534 2803
13188 2534 2847
13189 2534 11157
13190 2534 14839
13191 2534 19082
13192 2535 4909
13193 2535 7300
13194 2535 8351
13195 2535 8440
13196 2535 12550
13197 2535 16929
13198 2536 3073
13199 2536 3075
13200 2536 13617
13201 2536 15665
13202 2536 16833
13203 2536 16968
13204 2537 2780
13205 2537 3939
13206 2538 8186
13207 2538 8208
13208 2538 9775
13209 2538 16925
13210 2539 5955
13211 2539 8292
13212 2539 8602
13213 2539 12142
13214 2539 14802
13215 2539 18905
13216 2540 3197
13217 2540 5441
13218 2540 8445
13219 2540 9755
13220 2540 10515
13221 2541 2725
13222 2541 3192
13223 2541 12976
13224 2541 15787
13225 2541 16822
13226 2542 10367
13227 2542 12900
13228 2542 12993
13229 2542 13053
13230 2542 18673
13231 2542 20027
13232 2543 8762
13233 2543 13090
13234 2543 14815
13235 2544 5109
13236 2544 13195
13237 2544 15853
13238 2544 18838
13239 2545 3113
13240 2545 5698
13241 2545 11083
13242 2545 13730
13243 2545 14834
13244 2545 19182
13245 2546 8156
13246 2546 18761
13247 2546 19524
13248 2547 5062
13249 2547 8140
13250 2547 15209
13251 2547 16154
13252 2547 16477
13253 2547 17641
13254 2548 6726
13255 2548 9583
13256 2548 17452
13257 2548 19630
13258 2549 2703
13259 2549 2738
13260 2549 8859
13261 2549 11907
13262 2549 16183
13263 2549 18975
13264 2550 9372
13265 2550 13515
13266 2550 15218
13267 2550 15852
13268 2550 16908
13269 2551 9959
13270 2551 16866
13271 2551 18398
13272 2552 4139
13273 2552 4141
13274 2552 8510
13275 2552 9330
13276 2552 18017
13277 2552 18678
13278 2553 5284
13279 2553 14201
13280 2553 19717
13281 2554 5598
13282 2554 6817
13283 2554 7344
13284 2554 13677
13285 2555 9136
13286 2555 11766
13287 2555 14881
13288 2555 15306
13289 2555 17813
13290 2556 4629
13291 2556 5583
13292 2556 13874
13293 2556 15358
13294 2556 16207
13295 2556 19497
13296 2557 3820
13297 2557 12496
13298 2557 13882
13299 2557 18402
13300 2557 19142
13301 2558 4315
13302 2558 11147
13303 2558 11229
13304 2558 17247
13305 2558 19139
13306 2559 3628
13307 2559 5437
13308 2559 10014
13309 2559 11168
13310 2559 13454
13311 2559 13455
13312 2560 5273
13313 2560 6795
13314 2560 13018
13315 2560 19453
13316 2560 19970
13317 2561 3639
13318 2561 3809
13319 2561 4189
13320 2561 11420
13321 2561 11967
13322 2562 8611
13323 2562 13615
13324 2563 9937
13325 2563 11795
13326 2563 12476
13327 2563 14771
13328 2563 14781
13329 2563 15390
13330 2564 4954
13331 2564 5048
13332 2564 5185
13333 2564 8965
13334 2564 10774
13335 2564 18098
13336 2565 2804
13337 2565 2922
13338 2565 11650
13339 2566 2648
13340 2566 3351
13341 2566 3420
13342 2566 10997
13343 2566 19627
13344 2567 2668
13345 2567 4704
13346 2567 10851
13347 2567 13768
13348 2567 13815
13349 2567 14479
13350 2567 16002
13351 2568 6690
13352 2568 11919
13353 2568 15759
13354 2569 6938
13355 2569 6963
13356 2569 8103
13357 2569 10289
13358 2569 10909
13359 2569 17632
13360 2570 8510
13361 2570 12612
13362 2570 13872
13363 2570 13997
13364 2570 17422
13365 2570 18017
13366 2571 4143
13367 2571 5387
13368 2571 7356
13369 2571 7432
13370 2571 11718
13371 2572 3549
13372 2572 3708
13373 2572 8056
13374 2572 9749
13375 2572 11881
13376 2572 18430
13377 2573 8354
13378 2573 12150
13379 2573 19726
13380 2574 8146
13381 2574 11385
13382 2574 16733
13383 2574 17160
13384 2574 18374
13385 2574 19641
13386 2575 3048
13387 2575 4034
13388 2575 8621
13389 2575 13510
13390 2575 14978
13391 2576 3285
13392 2576 14172
13393 2576 16051
13394 2576 17670
13395 2576 20011
13396 2577 4910
13397 2577 13001
13398 2577 17494
13399 2577 17528
13400 2577 17856
13401 2577 19583
13402 2578 3030
13403 2578 3252
13404 2578 7504
13405 2578 10267
13406 2578 19586
13407 2579 5497
13408 2579 7910
13409 2579 10501
13410 2579 11470
13411 2579 12308
13412 2579 15060
13413 2580 2684
13414 2580 6082
13415 2580 9010
13416 2580 9011
13417 2580 15213
13418 2580 16797
13419 2581 2945
13420 2581 14328
13421 2581 15992
13422 2581 19243
13423 2582 8860
13424 2582 11789
13425 2582 13876
13426 2582 16840
13427 2582 18188
13428 2583 5101
13429 2583 6135
13430 2583 7314
13431 2583 9620
13432 2583 14949
13433 2583 17493
13434 2584 4655
13435 2584 11373
13436 2584 14347
13437 2585 2796
13438 2585 3001
13439 2585 4976
13440 2585 11314
13441 2585 12801
13442 2585 18008
13443 2586 2598
13444 2586 5475
13445 2586 13648
13446 2586 15107
13447 2587 5812
13448 2587 5813
13449 2587 6155
13450 2587 6159
13451 2587 6362
13452 2587 10693
13453 2588 11200
13454 2588 14035
13455 2588 15093
13456 2588 19989
13457 2589 2796
13458 2589 3001
13459 2589 14316
13460 2589 19574
13461 2590 2598
13462 2590 5031
13463 2590 14353
13464 2590 19270
13465 2591 6717
13466 2591 8084
13467 2591 12282
13468 2592 5186
13469 2592 13421
13470 2592 14787
13471 2592 19573
13472 2593 5216
13473 2593 6239
13474 2593 8410
13475 2593 13253
13476 2593 15757
13477 2593 18467
13478 2594 2968
13479 2594 12684
13480 2594 12685
13481 2594 12688
13482 2594 13377
13483 2594 19035
13484 2595 2951
13485 2595 7773
13486 2595 8869
13487 2595 11625
13488 2595 13287
13489 2595 19789
13490 2596 11200
13491 2596 15700
13492 2596 19268
13493 2597 4557
13494 2597 4688
13495 2597 9304
13496 2597 9756
13497 2597 11788
13498 2597 14977
13499 2598 13648
13500 2598 15107
13501 2598 19270
13502 2599 6479
13503 2599 11332
13504 2599 11534
13505 2599 15802
13506 2600 2949
13507 2600 8683
13508 2600 11690
13509 2600 11771
13510 2600 14258
13511 2601 3911
13512 2601 4232
13513 2601 10636
13514 2601 14289
13515 2601 18420
13516 2601 19279
13517 2602 3094
13518 2602 17791
13519 2602 19548
13520 2602 19578
13521 2603 8415
13522 2603 10291
13523 2603 12725
13524 2603 13013
13525 2603 19219
13526 2604 4871
13527 2604 9186
13528 2604 9412
13529 2604 13857
13530 2605 2806
13531 2605 2815
13532 2605 10415
13533 2605 11532
13534 2605 14304
13535 2605 18122
13536 2606 8244
13537 2606 11239
13538 2606 14174
13539 2606 19048
13540 2607 10276
13541 2607 12619
13542 2607 16045
13543 2607 19226
13544 2607 19683
13545 2608 4665
13546 2608 5049
13547 2608 8829
13548 2608 14300
13549 2608 14842
13550 2608 15196
13551 2609 6660
13552 2609 8206
13553 2609 9157
13554 2609 13764
13555 2610 5166
13556 2610 10974
13557 2610 12390
13558 2610 13789
13559 2610 14302
13560 2610 17534
13561 2611 7331
13562 2611 11487
13563 2611 15228
13564 2611 15606
13565 2611 15617
13566 2612 14553
13567 2612 14883
13568 2612 15851
13569 2612 17457
13570 2612 17703
13571 2613 2752
13572 2613 10572
13573 2613 13748
13574 2613 18049
13575 2613 19744
13576 2614 4901
13577 2614 14467
13578 2614 15316
13579 2614 17853
13580 2614 18289
13581 2614 19169
13582 2615 5167
13583 2615 6622
13584 2615 8450
13585 2615 12835
13586 2615 16463
13587 2615 19323
13588 2616 10119
13589 2616 10533
13590 2616 10835
13591 2616 11080
13592 2616 13229
13593 2616 13462
13594 2617 2887
13595 2617 5284
13596 2617 8050
13597 2617 16222
13598 2617 19252
13599 2618 3707
13600 2618 7661
13601 2618 11944
13602 2618 12972
13603 2618 14233
13604 2618 17937
13605 2619 2656
13606 2619 2670
13607 2619 4279
13608 2619 5261
13609 2619 13278
13610 2620 12532
13611 2620 15078
13612 2620 15361
13613 2620 15574
13614 2620 18969
13615 2620 19740
13616 2621 4782
13617 2621 9134
13618 2621 11606
13619 2621 17773
13620 2621 18474
13621 2621 19527
13622 2622 13408
13623 2622 17849
13624 2622 19253
13625 2623 2774
13626 2623 8928
13627 2623 13058
13628 2623 14059
13629 2623 15410
13630 2623 16796
13631 2623 17038
13632 2624 9105
13633 2624 10830
13634 2624 14472
13635 2624 15393
13636 2624 16224
13637 2624 17494
13638 2625 2719
13639 2625 11532
13640 2625 15840
13641 2625 15900
13642 2625 18171
13643 2625 19164
13644 2625 19587
13645 2626 5209
13646 2626 5948
13647 2626 16037
13648 2626 17911
13649 2626 18214
13650 2627 3368
13651 2627 5392
13652 2627 6301
13653 2627 7424
13654 2627 9599
13655 2627 16216
13656 2628 2755
13657 2628 4897
13658 2628 11871
13659 2628 14846
13660 2628 15747
13661 2628 19619
13662 2629 2640
13663 2629 2729
13664 2629 8900
13665 2629 12306
13666 2629 13618
13667 2630 2795
13668 2630 13819
13669 2630 18953
13670 2630 19614
13671 2630 19623
13672 2631 2714
13673 2631 2721
13674 2631 2734
13675 2631 2739
13676 2631 17223
13677 2632 2712
13678 2632 2967
13679 2632 3909
13680 2632 12457
13681 2632 16827
13682 2632 18186
13683 2633 2757
13684 2633 2942
13685 2633 3454
13686 2633 9810
13687 2633 13018
13688 2634 12457
13689 2634 12539
13690 2634 18186
13691 2634 19319
13692 2634 19611
13693 2635 8079
13694 2635 9420
13695 2635 13986
13696 2635 18300
13697 2636 3044
13698 2636 8383
13699 2636 14197
13700 2637 5953
13701 2637 12176
13702 2637 16741
13703 2637 16821
13704 2637 19247
13705 2638 7817
13706 2638 9068
13707 2638 13776
13708 2638 17608
13709 2639 10487
13710 2639 12548
13711 2639 14351
13712 2639 15442
13713 2639 15499
13714 2639 16127
13715 2640 2952
13716 2640 3390
13717 2640 12306
13718 2640 13618
13719 2641 2702
13720 2641 2703
13721 2641 2741
13722 2641 2854
13723 2641 2983
13724 2641 11907
13725 2642 2908
13726 2642 3132
13727 2642 3219
13728 2642 13089
13729 2642 15707
13730 2643 2676
13731 2643 3280
13732 2643 9725
13733 2643 15391
13734 2643 19572
13735 2643 19793
13736 2644 4493
13737 2644 9367
13738 2644 13962
13739 2644 17131
13740 2645 2920
13741 2645 3153
13742 2645 14244
13743 2645 15682
13744 2645 19699
13745 2646 4207
13746 2646 5080
13747 2646 10239
13748 2646 15469
13749 2646 18064
13750 2646 19589
13751 2647 3875
13752 2647 6224
13753 2647 6755
13754 2647 10575
13755 2647 10711
13756 2647 13379
13757 2648 3420
13758 2648 7814
13759 2648 13722
13760 2648 19627
13761 2649 5936
13762 2649 7441
13763 2649 8714
13764 2649 10861
13765 2649 11961
13766 2649 15043
13767 2650 8642
13768 2650 9650
13769 2650 10400
13770 2650 13564
13771 2650 14868
13772 2650 15823
13773 2651 5335
13774 2651 5344
13775 2651 5524
13776 2651 5624
13777 2651 10076
13778 2652 3084
13779 2652 3524
13780 2652 8424
13781 2652 9992
13782 2652 12273
13783 2652 17809
13784 2653 19605
13785 2653 19775
13786 2654 2700
13787 2654 4635
13788 2654 6931
13789 2654 10671
13790 2654 17076
13791 2654 19342
13792 2655 2926
13793 2655 3101
13794 2655 14133
13795 2655 15396
13796 2655 16452
13797 2656 2670
13798 2656 9042
13799 2656 13278
13800 2656 19280
13801 2657 2938
13802 2657 8614
13803 2657 9977
13804 2657 12918
13805 2657 14513
13806 2657 19704
13807 2657 19760
13808 2658 5545
13809 2658 7709
13810 2658 7718
13811 2658 7720
13812 2658 15058
13813 2658 17811
13814 2659 2907
13815 2659 6920
13816 2659 8050
13817 2659 8164
13818 2659 19252
13819 2660 4182
13820 2660 8052
13821 2660 13783
13822 2660 15112
13823 2660 18538
13824 2661 2678
13825 2661 3189
13826 2661 10875
13827 2661 13193
13828 2661 13776
13829 2662 8938
13830 2662 11967
13831 2662 14162
13832 2662 14608
13833 2662 17786
13834 2663 14881
13835 2663 15387
13836 2663 18781
13837 2663 18926
13838 2664 14878
13839 2664 17900
13840 2664 18127
13841 2664 19362
13842 2665 2974
13843 2665 5321
13844 2665 5381
13845 2665 6259
13846 2665 13915
13847 2665 15862
13848 2665 17133
13849 2666 7824
13850 2666 11280
13851 2666 11993
13852 2666 13306
13853 2666 18949
13854 2667 3105
13855 2667 13082
13856 2667 13210
13857 2667 18397
13858 2668 11290
13859 2668 13768
13860 2668 15115
13861 2668 16002
13862 2669 3169
13863 2669 10074
13864 2669 10256
13865 2669 14805
13866 2669 18583
13867 2670 4279
13868 2670 6738
13869 2670 9042
13870 2670 10326
13871 2671 3015
13872 2671 4199
13873 2671 4467
13874 2671 9707
13875 2671 11139
13876 2671 11339
13877 2671 14720
13878 2672 4264
13879 2672 7726
13880 2672 18839
13881 2672 19143
13882 2673 14370
13883 2673 15529
13884 2673 15927
13885 2673 19230
13886 2674 7323
13887 2674 9106
13888 2674 11971
13889 2674 14049
13890 2674 14898
13891 2674 14993
13892 2675 4009
13893 2675 19111
13894 2676 9918
13895 2676 15391
13896 2676 18603
13897 2676 19793
13898 2677 6971
13899 2677 13315
13900 2677 18710
13901 2678 3189
13902 2678 13776
13903 2679 3651
13904 2679 11736
13905 2679 13469
13906 2679 13634
13907 2679 18157
13908 2679 18911
13909 2680 2717
13910 2680 3723
13911 2680 13748
13912 2680 15479
13913 2680 18049
13914 2681 2752
13915 2681 3723
13916 2681 8803
13917 2681 8906
13918 2681 14825
13919 2681 18049
13920 2682 8614
13921 2682 9511
13922 2682 19705
13923 2683 2907
13924 2683 8164
13925 2683 9042
13926 2683 9463
13927 2683 10326
13928 2684 7280
13929 2684 9010
13930 2684 11433
13931 2684 16797
13932 2684 19571
13933 2685 14595
13934 2685 19711
13935 2685 19834
13936 2685 19988
13937 2686 4414
13938 2686 5511
13939 2686 9089
13940 2686 10118
13941 2686 12085
13942 2686 16731
13943 2687 2802
13944 2687 4900
13945 2687 5051
13946 2687 12069
13947 2687 15715
13948 2687 19576
13949 2688 3513
13950 2688 6643
13951 2688 7660
13952 2688 7890
13953 2688 15569
13954 2689 5207
13955 2689 9794
13956 2689 11610
13957 2689 11686
13958 2689 11809
13959 2689 18699
13960 2690 5168
13961 2690 5171
13962 2690 10074
13963 2690 14876
13964 2690 17024
13965 2690 18583
13966 2691 9583
13967 2691 13802
13968 2691 16855
13969 2691 19625
13970 2692 3097
13971 2692 8715
13972 2692 9481
13973 2692 12069
13974 2692 14819
13975 2692 15470
13976 2692 15715
13977 2693 11502
13978 2693 16047
13979 2693 17695
13980 2693 19312
13981 2694 5654
13982 2694 6715
13983 2694 8138
13984 2694 10685
13985 2694 15942
13986 2695 5624
13987 2695 10076
13988 2695 12388
13989 2695 16251
13990 2696 8074
13991 2696 16599
13992 2697 6598
13993 2697 8974
13994 2697 13740
13995 2697 15916
13996 2697 16090
13997 2697 17840
13998 2698 2991
13999 2698 8797
14000 2698 17120
14001 2698 18184
14002 2698 18234
14003 2699 2709
14004 2699 2847
14005 2699 11382
14006 2699 12353
14007 2699 19619
14008 2700 6931
14009 2700 7071
14010 2700 15230
14011 2700 16978
14012 2700 17076
14013 2701 3460
14014 2701 6244
14015 2701 10211
14016 2701 10418
14017 2701 11225
14018 2702 2983
14019 2702 4827
14020 2702 14181
14021 2702 18182
14022 2703 2983
14023 2703 11907
14024 2703 14799
14025 2703 18975
14026 2704 3037
14027 2704 12070
14028 2704 14086
14029 2705 4621
14030 2705 4623
14031 2705 10242
14032 2705 15197
14033 2705 16729
14034 2705 16792
14035 2705 17784
14036 2706 8859
14037 2706 16183
14038 2706 19942
14039 2707 3043
14040 2707 4047
14041 2707 13034
14042 2707 17850
14043 2707 19933
14044 2708 2892
14045 2708 2934
14046 2708 3091
14047 2708 13857
14048 2709 2847
14049 2709 8291
14050 2709 11382
14051 2709 19082
14052 2710 2736
14053 2710 2737
14054 2710 15476
14055 2710 19612
14056 2711 2803
14057 2711 6814
14058 2711 11349
14059 2711 12067
14060 2711 13647
14061 2711 13965
14062 2712 2852
14063 2712 12457
14064 2712 16701
14065 2712 18874
14066 2713 2831
14067 2713 4392
14068 2713 8555
14069 2713 9138
14070 2713 9234
14071 2714 2721
14072 2714 3909
14073 2714 16890
14074 2714 17223
14075 2714 17527
14076 2715 4895
14077 2715 4908
14078 2715 9253
14079 2715 11786
14080 2715 17537
14081 2715 19620
14082 2716 2717
14083 2716 3390
14084 2716 8803
14085 2716 13552
14086 2716 13772
14087 2716 15460
14088 2716 19994
14089 2717 3723
14090 2717 8803
14091 2717 15460
14092 2718 13002
14093 2718 13791
14094 2718 19861
14095 2719 4898
14096 2719 8293
14097 2719 11872
14098 2719 18171
14099 2719 19587
14100 2720 8475
14101 2720 9913
14102 2720 13095
14103 2720 19865
14104 2721 2734
14105 2721 3848
14106 2721 3909
14107 2722 7698
14108 2722 10834
14109 2722 15688
14110 2722 18537
14111 2722 19030
14112 2722 19826
14113 2723 6772
14114 2723 11047
14115 2724 4592
14116 2724 6724
14117 2724 14923
14118 2724 16869
14119 2725 3192
14120 2725 4002
14121 2725 4915
14122 2725 14307
14123 2725 16822
14124 2726 7273
14125 2726 7872
14126 2726 10330
14127 2726 10678
14128 2726 17048
14129 2726 18772
14130 2727 14626
14131 2727 14859
14132 2727 15781
14133 2728 6568
14134 2728 12734
14135 2728 12855
14136 2728 13103
14137 2728 16164
14138 2728 19794
14139 2729 8900
14140 2729 9150
14141 2729 15466
14142 2729 17352
14143 2730 2784
14144 2730 15217
14145 2730 15407
14146 2730 17270
14147 2730 18200
14148 2731 2784
14149 2731 9445
14150 2731 14135
14151 2731 15407
14152 2732 2826
14153 2732 4185
14154 2732 8019
14155 2732 10981
14156 2732 13723
14157 2732 14065
14158 2733 2775
14159 2733 2864
14160 2733 2944
14161 2733 14176
14162 2734 2737
14163 2734 2739
14164 2734 3848
14165 2735 7375
14166 2735 14069
14167 2735 18185
14168 2736 13171
14169 2736 14241
14170 2736 18066
14171 2736 19612
14172 2737 2739
14173 2737 15476
14174 2738 8859
14175 2738 11907
14176 2738 14042
14177 2738 14058
14178 2738 14143
14179 2739 8962
14180 2739 15476
14181 2740 9273
14182 2740 13805
14183 2740 13940
14184 2740 14054
14185 2740 14351
14186 2740 15494
14187 2741 2854
14188 2741 8808
14189 2741 11907
14190 2741 14058
14191 2742 5072
14192 2742 13754
14193 2742 15762
14194 2742 17779
14195 2742 19886
14196 2743 2881
14197 2743 3104
14198 2743 3420
14199 2743 3544
14200 2743 14752
14201 2744 2854
14202 2744 6778
14203 2744 13075
14204 2744 14141
14205 2744 19596
14206 2745 2980
14207 2745 4450
14208 2745 6058
14209 2745 9734
14210 2745 13396
14211 2745 14053
14212 2746 3193
14213 2746 3820
14214 2746 13075
14215 2746 14141
14216 2746 18154
14217 2746 19595
14218 2747 5904
14219 2747 7383
14220 2747 9039
14221 2747 9188
14222 2747 12199
14223 2747 13952
14224 2748 3592
14225 2748 3596
14226 2748 4367
14227 2748 7939
14228 2748 8907
14229 2748 10300
14230 2749 9361
14231 2749 12486
14232 2749 16095
14233 2749 17795
14234 2749 18983
14235 2750 2869
14236 2750 9725
14237 2750 12070
14238 2750 19572
14239 2751 4013
14240 2751 11442
14241 2751 17755
14242 2751 19716
14243 2752 4897
14244 2752 10572
14245 2752 14825
14246 2752 18049
14247 2753 7736
14248 2753 13036
14249 2753 19691
14250 2753 19796
14251 2753 19797
14252 2754 2812
14253 2754 7717
14254 2754 7721
14255 2754 9191
14256 2754 12865
14257 2755 4897
14258 2755 9763
14259 2755 11871
14260 2755 14290
14261 2755 14825
14262 2756 2821
14263 2756 3103
14264 2756 3182
14265 2756 3930
14266 2757 2942
14267 2757 5355
14268 2757 9534
14269 2757 9810
14270 2757 18066
14271 2758 9842
14272 2758 17403
14273 2759 2873
14274 2759 8459
14275 2759 10411
14276 2759 13971
14277 2759 14242
14278 2759 17228
14279 2759 19558
14280 2760 3286
14281 2760 3545
14282 2760 4451
14283 2760 15326
14284 2760 17239
14285 2760 17294
14286 2761 2875
14287 2761 3150
14288 2761 4119
14289 2761 5007
14290 2761 13974
14291 2761 14119
14292 2762 15630
14293 2762 15737
14294 2763 5428
14295 2763 5454
14296 2763 5914
14297 2763 10172
14298 2763 10724
14299 2763 19719
14300 2764 8300
14301 2764 10627
14302 2764 11724
14303 2764 14676
14304 2764 14679
14305 2764 14688
14306 2765 3318
14307 2765 3319
14308 2765 4215
14309 2765 11945
14310 2765 12021
14311 2765 14260
14312 2766 13636
14313 2766 15796
14314 2766 17801
14315 2766 18449
14316 2766 19725
14317 2767 3108
14318 2767 6719
14319 2767 10874
14320 2767 15534
14321 2767 18270
14322 2768 8274
14323 2768 18637
14324 2768 18722
14325 2768 18746
14326 2769 2932
14327 2769 10894
14328 2769 14476
14329 2769 15338
14330 2770 3172
14331 2770 4477
14332 2770 16739
14333 2771 5735
14334 2771 5824
14335 2771 6197
14336 2771 9277
14337 2771 19128
14338 2771 19286
14339 2772 16173
14340 2772 19584
14341 2773 4168
14342 2773 6693
14343 2773 19264
14344 2774 2990
14345 2774 3456
14346 2774 9895
14347 2774 14059
14348 2774 14083
14349 2774 15410
14350 2775 2864
14351 2775 4167
14352 2775 14176
14353 2775 18182
14354 2776 2895
14355 2776 12234
14356 2776 14609
14357 2776 15408
14358 2776 17532
14359 2777 5575
14360 2777 5857
14361 2777 5946
14362 2777 6352
14363 2777 8934
14364 2777 18078
14365 2778 3812
14366 2778 12190
14367 2778 12793
14368 2778 13607
14369 2778 13879
14370 2778 17644
14371 2779 7072
14372 2779 10357
14373 2779 14502
14374 2779 14983
14375 2779 17464
14376 2779 18168
14377 2780 3939
14378 2780 4021
14379 2781 3560
14380 2781 3828
14381 2781 3860
14382 2781 13549
14383 2781 18482
14384 2782 7681
14385 2782 9478
14386 2782 18639
14387 2782 18721
14388 2782 18788
14389 2783 10331
14390 2783 11219
14391 2783 12275
14392 2783 14248
14393 2784 9445
14394 2784 15404
14395 2784 15407
14396 2784 18200
14397 2785 2897
14398 2785 14019
14399 2785 14765
14400 2785 17796
14401 2785 18000
14402 2786 4166
14403 2786 6693
14404 2786 8296
14405 2786 8946
14406 2786 11410
14407 2786 19170
14408 2786 19264
14409 2787 6889
14410 2787 16304
14411 2788 10969
14412 2788 14554
14413 2788 16762
14414 2789 3131
14415 2789 13081
14416 2789 13201
14417 2789 19304
14418 2790 3140
14419 2790 4001
14420 2790 7473
14421 2790 12515
14422 2790 14446
14423 2790 19417
14424 2791 10456
14425 2791 11316
14426 2791 11317
14427 2791 14706
14428 2791 15044
14429 2792 8106
14430 2792 13038
14431 2792 19711
14432 2793 6275
14433 2793 8504
14434 2793 9237
14435 2793 9823
14436 2793 16966
14437 2794 4286
14438 2794 4910
14439 2794 6426
14440 2794 13001
14441 2794 14480
14442 2794 15901
14443 2795 9578
14444 2795 18953
14445 2795 19623
14446 2796 3001
14447 2796 13419
14448 2796 18008
14449 2796 19574
14450 2797 9646
14451 2797 13920
14452 2797 18825
14453 2797 19020
14454 2797 19042
14455 2797 19046
14456 2798 7727
14457 2798 8397
14458 2798 19143
14459 2799 3217
14460 2799 9513
14461 2800 2852
14462 2800 2942
14463 2800 5273
14464 2800 14077
14465 2800 16697
14466 2800 18874
14467 2801 3054
14468 2801 12577
14469 2801 14818
14470 2801 17174
14471 2801 17175
14472 2801 17214
14473 2802 4900
14474 2802 12069
14475 2802 14291
14476 2803 11349
14477 2803 13647
14478 2803 14839
14479 2804 2813
14480 2804 9359
14481 2804 11650
14482 2804 18135
14483 2805 3523
14484 2805 4054
14485 2805 7428
14486 2805 9285
14487 2805 14510
14488 2805 17237
14489 2806 2815
14490 2806 2901
14491 2806 8978
14492 2806 18122
14493 2807 7021
14494 2807 11317
14495 2807 11787
14496 2807 11847
14497 2807 12983
14498 2807 14970
14499 2808 3143
14500 2808 11071
14501 2808 11815
14502 2808 19738
14503 2809 5950
14504 2809 6566
14505 2809 14061
14506 2809 14062
14507 2810 2959
14508 2810 4868
14509 2810 14293
14510 2810 14309
14511 2810 16830
14512 2810 17021
14513 2811 9422
14514 2811 15558
14515 2811 15953
14516 2811 18152
14517 2811 19961
14518 2812 7721
14519 2812 9191
14520 2812 19730
14521 2813 4765
14522 2813 18135
14523 2814 8146
14524 2814 9567
14525 2814 11385
14526 2814 13859
14527 2814 14122
14528 2815 8978
14529 2815 9168
14530 2815 10415
14531 2815 14266
14532 2816 3293
14533 2816 11852
14534 2816 12230
14535 2816 16015
14536 2816 18246
14537 2817 3094
14538 2817 5700
14539 2817 8032
14540 2817 15949
14541 2817 18306
14542 2818 3958
14543 2818 7161
14544 2818 9316
14545 2818 9909
14546 2818 10329
14547 2818 15954
14548 2819 8808
14549 2819 10487
14550 2819 13277
14551 2819 14058
14552 2819 14143
14553 2819 16070
14554 2820 2934
14555 2820 3079
14556 2820 9412
14557 2821 3103
14558 2821 3182
14559 2821 6778
14560 2821 14141
14561 2821 18154
14562 2822 6271
14563 2822 13803
14564 2822 14286
14565 2822 15581
14566 2822 18901
14567 2822 19107
14568 2823 8978
14569 2823 17115
14570 2823 18534
14571 2823 19568
14572 2824 5022
14573 2824 6687
14574 2824 7979
14575 2824 9148
14576 2824 9452
14577 2824 9514
14578 2825 5681
14579 2825 12409
14580 2825 12978
14581 2825 13652
14582 2825 14290
14583 2825 15771
14584 2826 2883
14585 2826 3405
14586 2826 10981
14587 2826 13723
14588 2826 15507
14589 2827 11133
14590 2827 13652
14591 2827 15453
14592 2827 15459
14593 2828 2998
14594 2828 9241
14595 2828 15840
14596 2828 16249
14597 2828 17991
14598 2828 19587
14599 2829 7163
14600 2829 12838
14601 2829 13118
14602 2829 17017
14603 2829 17914
14604 2829 18623
14605 2830 5962
14606 2830 6237
14607 2830 16155
14608 2830 17872
14609 2830 19267
14610 2830 19542
14611 2831 8555
14612 2831 9138
14613 2831 17853
14614 2831 18007
14615 2831 19169
14616 2832 4008
14617 2832 4409
14618 2832 6474
14619 2832 10948
14620 2832 16803
14621 2832 18771
14622 2832 18865
14623 2833 3282
14624 2833 5457
14625 2833 6776
14626 2833 6818
14627 2833 6820
14628 2833 10401
14629 2834 6134
14630 2834 6284
14631 2834 10677
14632 2834 17775
14633 2834 19259
14634 2835 2943
14635 2835 8775
14636 2835 9645
14637 2835 10146
14638 2835 18168
14639 2836 6165
14640 2836 6672
14641 2836 8161
14642 2836 10150
14643 2836 10260
14644 2836 15099
14645 2837 2928
14646 2837 11820
14647 2837 13500
14648 2837 17462
14649 2837 17542
14650 2838 10053
14651 2838 15699
14652 2838 16206
14653 2838 18124
14654 2839 2962
14655 2839 3728
14656 2839 6654
14657 2839 6656
14658 2839 6685
14659 2839 10351
14660 2839 17673
14661 2840 5070
14662 2840 9590
14663 2840 19113
14664 2841 6669
14665 2841 6773
14666 2841 10054
14667 2841 10209
14668 2841 10344
14669 2841 17690
14670 2842 15840
14671 2842 15900
14672 2842 17875
14673 2842 17991
14674 2842 18152
14675 2843 6948
14676 2843 8984
14677 2843 9657
14678 2843 10482
14679 2843 12982
14680 2844 14137
14681 2844 15570
14682 2844 19553
14683 2844 19568
14684 2845 12978
14685 2845 14293
14686 2845 14848
14687 2845 15453
14688 2845 16851
14689 2845 17370
14690 2846 11706
14691 2846 19660
14692 2847 11157
14693 2847 19082
14694 2847 19619
14695 2848 2943
14696 2848 10146
14697 2848 10407
14698 2848 10698
14699 2848 16280
14700 2848 18159
14701 2849 2969
14702 2849 3413
14703 2849 8846
14704 2849 9427
14705 2849 9740
14706 2849 15583
14707 2850 6686
14708 2850 12129
14709 2850 16426
14710 2850 16427
14711 2850 17971
14712 2851 3728
14713 2851 6656
14714 2851 6666
14715 2851 10404
14716 2851 15200
14717 2851 19260
14718 2852 16697
14719 2852 16701
14720 2852 18874
14721 2853 5915
14722 2853 6088
14723 2853 10917
14724 2853 16150
14725 2853 19203
14726 2853 19248
14727 2854 6778
14728 2854 8808
14729 2855 4419
14730 2855 4421
14731 2855 9233
14732 2855 16129
14733 2855 16570
14734 2855 18141
14735 2855 18371
14736 2856 9545
14737 2857 5521
14738 2857 5904
14739 2857 14236
14740 2857 15217
14741 2858 8725
14742 2858 10047
14743 2858 17977
14744 2858 19741
14745 2859 8216
14746 2859 12813
14747 2859 15925
14748 2859 17402
14749 2859 18190
14750 2860 2877
14751 2860 3077
14752 2860 6824
14753 2860 16890
14754 2860 17527
14755 2860 19547
14756 2861 8967
14757 2861 12206
14758 2861 13043
14759 2861 16935
14760 2861 16948
14761 2861 19195
14762 2862 5187
14763 2862 8516
14764 2862 9394
14765 2862 10746
14766 2862 11775
14767 2862 11791
14768 2863 4522
14769 2863 5332
14770 2863 11365
14771 2863 11589
14772 2863 14354
14773 2863 16367
14774 2864 2944
14775 2864 3200
14776 2864 4167
14777 2864 13910
14778 2864 15584
14779 2865 4751
14780 2865 4995
14781 2865 5808
14782 2865 6274
14783 2865 8797
14784 2865 17120
14785 2866 9188
14786 2866 11774
14787 2866 15907
14788 2866 18234
14789 2867 3174
14790 2867 8245
14791 2867 9129
14792 2867 19115
14793 2868 8565
14794 2868 10969
14795 2868 14295
14796 2868 14525
14797 2869 7375
14798 2869 9725
14799 2870 5102
14800 2870 6353
14801 2870 6795
14802 2870 14054
14803 2870 15374
14804 2870 19970
14805 2871 4254
14806 2871 4516
14807 2871 9932
14808 2872 2883
14809 2872 3405
14810 2872 7308
14811 2872 11333
14812 2872 19654
14813 2873 8459
14814 2873 10411
14815 2873 13205
14816 2873 13953
14817 2873 14288
14818 2874 7927
14819 2874 8034
14820 2874 13575
14821 2875 3791
14822 2875 13974
14823 2875 14119
14824 2875 14837
14825 2876 3908
14826 2876 12349
14827 2876 12466
14828 2876 19277
14829 2877 2937
14830 2877 6824
14831 2877 14845
14832 2877 16837
14833 2877 19547
14834 2878 9512
14835 2878 10894
14836 2878 14140
14837 2878 14522
14838 2878 18389
14839 2879 3776
14840 2879 3886
14841 2879 3994
14842 2879 12119
14843 2879 16435
14844 2879 17515
14845 2880 11356
14846 2880 11430
14847 2880 14540
14848 2880 14720
14849 2880 15030
14850 2880 18667
14851 2881 3544
14852 2881 14752
14853 2881 19284
14854 2882 7633
14855 2882 13672
14856 2882 15473
14857 2882 17722
14858 2882 17731
14859 2883 3405
14860 2883 13623
14861 2883 13658
14862 2883 13723
14863 2883 19654
14864 2884 4752
14865 2884 11299
14866 2884 12423
14867 2884 17798
14868 2885 5003
14869 2885 7342
14870 2885 8068
14871 2885 9099
14872 2885 13017
14873 2886 3147
14874 2886 8091
14875 2887 9178
14876 2887 16222
14877 2887 19252
14878 2888 14552
14879 2888 15073
14880 2888 15349
14881 2888 15775
14882 2888 17670
14883 2889 6844
14884 2889 8143
14885 2889 8334
14886 2889 13642
14887 2889 19159
14888 2890 10969
14889 2890 17668
14890 2891 11449
14891 2891 12535
14892 2891 14120
14893 2891 16023
14894 2891 18813
14895 2891 18921
14896 2892 3091
14897 2892 3163
14898 2892 3199
14899 2893 3978
14900 2893 11702
14901 2893 14529
14902 2893 15760
14903 2894 8092
14904 2894 10335
14905 2894 11240
14906 2894 19552
14907 2895 2897
14908 2895 11489
14909 2895 14609
14910 2895 14765
14911 2895 17532
14912 2896 3261
14913 2896 17261
14914 2896 18374
14915 2897 14019
14916 2897 14126
14917 2897 14765
14918 2897 17532
14919 2898 7910
14920 2898 10501
14921 2898 11201
14922 2898 11674
14923 2898 19167
14924 2899 4486
14925 2899 6762
14926 2899 8256
14927 2899 11539
14928 2899 11746
14929 2900 9295
14930 2900 9532
14931 2900 14809
14932 2900 14814
14933 2901 4181
14934 2901 4383
14935 2901 14305
14936 2901 18122
14937 2902 7416
14938 2902 11538
14939 2902 15481
14940 2902 15800
14941 2902 19577
14942 2903 8544
14943 2903 13471
14944 2903 13928
14945 2903 13991
14946 2903 14001
14947 2903 15729
14948 2903 18029
14949 2904 6431
14950 2904 19001
14951 2905 6000
14952 2905 13194
14953 2905 14683
14954 2905 16655
14955 2905 16993
14956 2905 17207
14957 2906 12889
14958 2906 13128
14959 2906 13129
14960 2906 14461
14961 2906 17595
14962 2906 19077
14963 2907 8050
14964 2907 8164
14965 2907 9463
14966 2907 14201
14967 2908 5340
14968 2908 13089
14969 2908 14811
14970 2908 15707
14971 2908 16227
14972 2909 3859
14973 2909 5262
14974 2909 9892
14975 2909 13242
14976 2909 13283
14977 2910 6059
14978 2910 11368
14979 2910 12891
14980 2910 13062
14981 2910 18151
14982 2911 12716
14983 2911 15539
14984 2912 8094
14985 2912 9820
14986 2912 12478
14987 2912 12888
14988 2912 13542
14989 2912 15937
14990 2913 3253
14991 2913 4416
14992 2913 7159
14993 2913 14774
14994 2914 4129
14995 2914 6676
14996 2914 14572
14997 2914 14903
14998 2914 14921
14999 2914 15039
15000 2915 2922
15001 2915 11150
15002 2915 14653
15003 2915 18798
15004 2916 3479
15005 2916 3490
15006 2916 9164
15007 2916 11886
15008 2916 14433
15009 2916 15731
15010 2917 3509
15011 2917 8167
15012 2917 16627
15013 2918 4821
15014 2918 9369
15015 2918 11864
15016 2918 12057
15017 2918 16819
15018 2919 4176
15019 2919 8111
15020 2919 13654
15021 2919 15688
15022 2919 16720
15023 2920 3153
15024 2920 3421
15025 2920 4486
15026 2920 9502
15027 2920 15682
15028 2921 2923
15029 2921 6987
15030 2921 17241
15031 2921 17248
15032 2921 19656
15033 2922 11650
15034 2922 18798
15035 2923 6987
15036 2923 11150
15037 2923 11517
15038 2923 11520
15039 2923 17241
15040 2924 4094
15041 2924 11749
15042 2924 18757
15043 2924 19695
15044 2924 19751
15045 2925 5003
15046 2925 9322
15047 2925 14335
15048 2925 14516
15049 2926 3174
15050 2926 15396
15051 2926 18603
15052 2927 2930
15053 2927 2984
15054 2927 2996
15055 2927 3044
15056 2928 3854
15057 2928 11820
15058 2928 17462
15059 2929 5747
15060 2929 13729
15061 2930 2984
15062 2930 2996
15063 2930 8633
15064 2930 10576
15065 2930 14799
15066 2931 3648
15067 2931 3655
15068 2931 5244
15069 2931 8743
15070 2931 16637
15071 2931 17315
15072 2931 19477
15073 2932 2991
15074 2932 9345
15075 2933 7071
15076 2933 14516
15077 2933 15230
15078 2934 3079
15079 2934 3091
15080 2934 9412
15081 2934 13857
15082 2935 2937
15083 2935 2967
15084 2935 3042
15085 2935 16827
15086 2935 19547
15087 2936 5336
15088 2936 6751
15089 2936 10360
15090 2936 10453
15091 2936 16902
15092 2936 19616
15093 2937 3042
15094 2937 7302
15095 2937 14845
15096 2937 19547
15097 2938 8614
15098 2938 8838
15099 2938 19760
15100 2939 4201
15101 2939 4272
15102 2939 4596
15103 2939 4744
15104 2939 7455
15105 2939 11564
15106 2940 8948
15107 2940 14176
15108 2940 14181
15109 2941 6648
15110 2941 9611
15111 2941 9642
15112 2941 9773
15113 2941 10390
15114 2941 12465
15115 2942 5355
15116 2942 16697
15117 2943 9645
15118 2943 10146
15119 2943 10698
15120 2943 17652
15121 2944 3200
15122 2944 5635
15123 2945 9808
15124 2945 14804
15125 2945 15992
15126 2946 3076
15127 2946 4822
15128 2946 4878
15129 2946 9618
15130 2946 11613
15131 2946 11859
15132 2947 6855
15133 2947 18645
15134 2948 4168
15135 2948 7645
15136 2948 12032
15137 2948 19759
15138 2948 19827
15139 2949 7682
15140 2949 8683
15141 2949 11607
15142 2949 13178
15143 2949 14258
15144 2949 15428
15145 2950 8580
15146 2950 12749
15147 2950 12887
15148 2950 17053
15149 2950 18410
15150 2950 19064
15151 2951 5519
15152 2951 7773
15153 2951 11625
15154 2952 3073
15155 2952 3390
15156 2952 13552
15157 2952 13618
15158 2952 14199
15159 2953 2962
15160 2953 3093
15161 2953 6624
15162 2953 9822
15163 2953 10553
15164 2953 17673
15165 2954 6614
15166 2954 6670
15167 2954 10148
15168 2954 13638
15169 2954 17252
15170 2954 18840
15171 2955 3036
15172 2955 3051
15173 2955 4408
15174 2955 16233
15175 2955 16767
15176 2955 18831
15177 2955 19592
15178 2956 10189
15179 2956 10756
15180 2956 11344
15181 2956 11356
15182 2956 11430
15183 2956 11437
15184 2957 4292
15185 2957 7699
15186 2957 8287
15187 2957 9125
15188 2957 13972
15189 2957 16854
15190 2958 3071
15191 2958 6742
15192 2958 10374
15193 2958 11712
15194 2958 12439
15195 2958 14972
15196 2958 16454
15197 2959 14309
15198 2959 17021
15199 2959 18289
15200 2959 19169
15201 2960 9348
15202 2960 9493
15203 2960 9524
15204 2960 11905
15205 2960 16715
15206 2960 16789
15207 2961 6281
15208 2961 9843
15209 2961 11078
15210 2961 17143
15211 2961 17406
15212 2962 3093
15213 2962 3728
15214 2962 6696
15215 2962 17673
15216 2963 4484
15217 2963 6336
15218 2963 15130
15219 2963 16702
15220 2963 16798
15221 2963 17262
15222 2964 2973
15223 2964 3514
15224 2964 3534
15225 2964 3805
15226 2964 4474
15227 2964 4513
15228 2965 3459
15229 2965 3617
15230 2965 3732
15231 2965 4503
15232 2965 11238
15233 2965 16897
15234 2966 10768
15235 2966 16436
15236 2966 18090
15237 2966 18326
15238 2967 2985
15239 2967 16827
15240 2967 18186
15241 2968 12685
15242 2968 13377
15243 2968 16100
15244 2968 17639
15245 2968 18376
15246 2969 3411
15247 2969 3413
15248 2969 9427
15249 2969 17307
15250 2969 17320
15251 2970 3186
15252 2970 3263
15253 2970 7005
15254 2970 7165
15255 2970 7636
15256 2970 15431
15257 2971 3428
15258 2971 3429
15259 2971 3726
15260 2971 5025
15261 2971 11260
15262 2971 17331
15263 2972 3872
15264 2972 4174
15265 2972 11415
15266 2972 14874
15267 2972 17308
15268 2972 17329
15269 2973 3534
15270 2973 3705
15271 2973 4360
15272 2973 4513
15273 2973 8936
15274 2974 8163
15275 2974 12951
15276 2974 13915
15277 2974 16526
15278 2974 17133
15279 2975 3689
15280 2975 5508
15281 2975 7310
15282 2975 8632
15283 2975 12628
15284 2975 17788
15285 2976 4027
15286 2976 9123
15287 2976 12649
15288 2976 16603
15289 2977 3538
15290 2977 3594
15291 2977 11595
15292 2977 15246
15293 2977 17631
15294 2977 19494
15295 2978 3175
15296 2978 11393
15297 2978 12602
15298 2979 3109
15299 2979 7461
15300 2979 7927
15301 2979 10396
15302 2979 11789
15303 2979 15378
15304 2980 4202
15305 2980 6058
15306 2980 7299
15307 2980 9734
15308 2980 11587
15309 2981 3663
15310 2981 3722
15311 2981 4022
15312 2981 8969
15313 2981 17298
15314 2981 17300
15315 2982 3499
15316 2982 4196
15317 2982 4885
15318 2982 6712
15319 2982 10543
15320 2982 14012
15321 2983 4827
15322 2983 10576
15323 2983 14799
15324 2984 3044
15325 2984 14799
15326 2984 18975
15327 2985 12539
15328 2985 15557
15329 2985 18186
15330 2985 19610
15331 2986 4030
15332 2986 4036
15333 2986 4061
15334 2986 9313
15335 2986 12131
15336 2986 18283
15337 2987 6747
15338 2987 7157
15339 2987 10135
15340 2987 17251
15341 2988 3039
15342 2988 7375
15343 2988 18185
15344 2989 11414
15345 2989 12112
15346 2989 14081
15347 2989 16324
15348 2989 18223
15349 2990 7152
15350 2990 14083
15351 2990 15410
15352 2991 14801
15353 2991 18184
15354 2992 6861
15355 2992 8753
15356 2992 12586
15357 2992 13498
15358 2993 3616
15359 2993 5780
15360 2993 12404
15361 2993 14546
15362 2993 16543
15363 2993 17448
15364 2994 7958
15365 2994 12168
15366 2994 15404
15367 2994 16551
15368 2994 18248
15369 2994 19303
15370 2995 3475
15371 2995 3505
15372 2995 6288
15373 2995 11253
15374 2995 15561
15375 2996 8633
15376 2996 13439
15377 2996 14298
15378 2997 10267
15379 2997 16097
15380 2997 17028
15381 2998 6637
15382 2998 8293
15383 2998 9241
15384 2998 19587
15385 2999 3750
15386 2999 4210
15387 2999 6941
15388 2999 8073
15389 2999 8723
15390 2999 9552
15391 3000 3229
15392 3000 4461
15393 3000 13680
15394 3000 14317
15395 3000 16276
15396 3001 4976
15397 3001 16290
15398 3002 5078
15399 3002 6306
15400 3002 11612
15401 3002 12087
15402 3002 15190
15403 3002 18192
15404 3003 8726
15405 3003 9223
15406 3003 16282
15407 3003 18880
15408 3004 6744
15409 3004 7434
15410 3004 14469
15411 3004 14895
15412 3004 15307
15413 3005 3694
15414 3005 10141
15415 3005 15293
15416 3005 15725
15417 3005 17096
15418 3005 17316
15419 3005 18189
15420 3006 7399
15421 3006 11890
15422 3006 14087
15423 3006 14767
15424 3006 15788
15425 3006 19884
15426 3007 4199
15427 3007 4467
15428 3007 6606
15429 3007 7568
15430 3007 8340
15431 3007 9568
15432 3008 3335
15433 3008 4298
15434 3008 4404
15435 3008 10235
15436 3008 14274
15437 3008 17539
15438 3009 4807
15439 3009 5208
15440 3009 8655
15441 3009 11523
15442 3009 15273
15443 3009 16217
15444 3010 3845
15445 3010 5971
15446 3010 9298
15447 3010 9430
15448 3010 15222
15449 3010 18860
15450 3011 5898
15451 3011 7454
15452 3011 9576
15453 3011 15858
15454 3011 18360
15455 3011 19772
15456 3012 9166
15457 3012 13131
15458 3012 17816
15459 3012 19045
15460 3013 3014
15461 3013 6419
15462 3013 10516
15463 3013 11672
15464 3013 11921
15465 3013 17777
15466 3013 18426
15467 3014 4880
15468 3014 5165
15469 3014 6419
15470 3014 11921
15471 3014 13668
15472 3015 11174
15473 3015 11339
15474 3015 11444
15475 3015 14720
15476 3015 15030
15477 3016 3418
15478 3016 3590
15479 3016 3687
15480 3016 7540
15481 3016 9929
15482 3016 13670
15483 3017 8974
15484 3017 11877
15485 3017 14902
15486 3017 15117
15487 3017 16211
15488 3018 4063
15489 3018 4066
15490 3018 12606
15491 3018 17820
15492 3018 19455
15493 3018 19659
15494 3019 3553
15495 3019 4387
15496 3019 9747
15497 3019 11246
15498 3019 18065
15499 3020 7985
15500 3020 8763
15501 3020 13898
15502 3021 4191
15503 3021 7016
15504 3021 10716
15505 3021 11090
15506 3021 13711
15507 3021 18365
15508 3022 4574
15509 3022 4816
15510 3022 12310
15511 3022 12671
15512 3022 15742
15513 3022 16396
15514 3022 16404
15515 3023 7094
15516 3023 10257
15517 3023 11038
15518 3024 4086
15519 3024 4854
15520 3024 8710
15521 3024 10049
15522 3024 12100
15523 3024 13666
15524 3025 15180
15525 3025 16964
15526 3025 16980
15527 3025 17004
15528 3025 17838
15529 3026 4091
15530 3026 4579
15531 3026 6549
15532 3026 9140
15533 3026 11617
15534 3026 14165
15535 3027 4191
15536 3027 6183
15537 3027 13711
15538 3027 15340
15539 3027 18658
15540 3027 19211
15541 3028 3252
15542 3028 4846
15543 3028 5183
15544 3028 7504
15545 3028 9236
15546 3028 16263
15547 3029 4941
15548 3029 5562
15549 3029 7413
15550 3029 8530
15551 3029 10864
15552 3029 11951
15553 3030 13161
15554 3030 15996
15555 3030 19469
15556 3030 19586
15557 3031 5295
15558 3031 8494
15559 3031 9848
15560 3031 10306
15561 3031 11953
15562 3032 7371
15563 3032 11140
15564 3032 16551
15565 3032 16838
15566 3032 18248
15567 3033 4983
15568 3033 8571
15569 3033 8645
15570 3033 10528
15571 3033 15911
15572 3033 17065
15573 3034 7747
15574 3034 9035
15575 3034 13869
15576 3034 14208
15577 3034 14284
15578 3034 15885
15579 3035 9382
15580 3035 10147
15581 3035 11924
15582 3035 12086
15583 3035 16771
15584 3035 16904
15585 3036 3754
15586 3036 4408
15587 3036 12056
15588 3036 16767
15589 3037 4751
15590 3037 8797
15591 3037 12070
15592 3037 14086
15593 3037 18184
15594 3038 7444
15595 3038 11924
15596 3038 12086
15597 3038 12764
15598 3038 16576
15599 3039 6941
15600 3039 18185
15601 3039 19540
15602 3040 5020
15603 3040 6884
15604 3040 7440
15605 3040 8845
15606 3040 12088
15607 3040 12774
15608 3041 5451
15609 3041 6524
15610 3041 10710
15611 3041 13335
15612 3041 15420
15613 3041 18728
15614 3042 7302
15615 3042 14302
15616 3042 14453
15617 3043 4047
15618 3043 7493
15619 3043 11890
15620 3043 14087
15621 3043 17850
15622 3044 14197
15623 3045 19457
15624 3045 19461
15625 3046 3122
15626 3046 3730
15627 3046 11396
15628 3046 12293
15629 3046 17289
15630 3047 3701
15631 3047 3751
15632 3047 3754
15633 3047 4408
15634 3047 16740
15635 3047 17431
15636 3048 8621
15637 3048 9413
15638 3048 14978
15639 3048 16086
15640 3048 17127
15641 3049 4725
15642 3049 4731
15643 3049 6799
15644 3049 8955
15645 3049 9347
15646 3049 12507
15647 3050 4114
15648 3050 4734
15649 3050 8222
15650 3050 10989
15651 3050 11603
15652 3050 11975
15653 3051 4408
15654 3051 16740
15655 3051 18257
15656 3051 18659
15657 3051 19592
15658 3052 8282
15659 3052 8854
15660 3052 11644
15661 3053 4291
15662 3053 6319
15663 3053 7392
15664 3053 9021
15665 3053 9267
15666 3053 11990
15667 3054 7822
15668 3054 9226
15669 3054 14566
15670 3054 17173
15671 3054 17174
15672 3054 17214
15673 3055 3511
15674 3055 3613
15675 3055 6486
15676 3055 8913
15677 3055 11354
15678 3055 13525
15679 3055 19489
15680 3056 8190
15681 3056 9716
15682 3056 10220
15683 3056 13310
15684 3056 15919
15685 3057 6029
15686 3057 7433
15687 3057 10600
15688 3057 12595
15689 3057 17823
15690 3058 4431
15691 3058 4471
15692 3058 7514
15693 3058 8496
15694 3058 9508
15695 3058 15132
15696 3058 17430
15697 3059 5794
15698 3059 5795
15699 3059 6307
15700 3059 15525
15701 3059 15527
15702 3059 15652
15703 3060 6064
15704 3060 7651
15705 3060 7683
15706 3060 9601
15707 3060 19662
15708 3061 4110
15709 3061 4732
15710 3061 9807
15711 3061 10989
15712 3061 11603
15713 3061 19508
15714 3062 3417
15715 3062 3431
15716 3062 3447
15717 3062 3569
15718 3062 3725
15719 3062 17309
15720 3063 6308
15721 3063 10977
15722 3063 14894
15723 3063 15624
15724 3063 17636
15725 3063 19352
15726 3064 13097
15727 3064 13781
15728 3064 16371
15729 3064 19642
15730 3065 3691
15731 3065 3787
15732 3065 5958
15733 3065 16443
15734 3065 18899
15735 3066 4183
15736 3066 4187
15737 3066 4221
15738 3066 5558
15739 3066 9093
15740 3067 3430
15741 3067 3476
15742 3067 11769
15743 3067 17297
15744 3067 17311
15745 3068 12042
15746 3068 12219
15747 3068 14346
15748 3068 15088
15749 3068 15091
15750 3068 17425
15751 3069 4351
15752 3069 5967
15753 3069 14971
15754 3069 16859
15755 3069 17439
15756 3069 19999
15757 3070 4795
15758 3070 4797
15759 3070 6741
15760 3070 16018
15761 3070 16924
15762 3071 10374
15763 3071 12439
15764 3071 14100
15765 3071 16588
15766 3071 17617
15767 3072 4855
15768 3072 4859
15769 3072 4866
15770 3072 5021
15771 3072 15295
15772 3072 18315
15773 3073 3075
15774 3073 13617
15775 3073 13618
15776 3073 14199
15777 3074 4830
15778 3074 5983
15779 3074 10761
15780 3074 10990
15781 3074 12084
15782 3074 19854
15783 3075 4232
15784 3075 12002
15785 3075 14199
15786 3075 16968
15787 3076 4822
15788 3076 4878
15789 3076 8865
15790 3076 11634
15791 3076 12094
15792 3077 6824
15793 3077 16833
15794 3077 16965
15795 3077 17527
15796 3077 19588
15797 3078 3600
15798 3078 5547
15799 3078 6224
15800 3078 10729
15801 3078 13379
15802 3078 14159
15803 3079 3091
15804 3079 19559
15805 3080 3258
15806 3080 4172
15807 3080 7168
15808 3080 8121
15809 3080 8561
15810 3080 11088
15811 3081 7983
15812 3081 14232
15813 3081 15225
15814 3081 16735
15815 3081 18739
15816 3081 19511
15817 3082 10710
15818 3082 10766
15819 3082 16417
15820 3082 18088
15821 3082 18511
15822 3082 18728
15823 3083 4458
15824 3083 7137
15825 3083 9127
15826 3083 14774
15827 3083 19165
15828 3084 3397
15829 3084 3399
15830 3084 3524
15831 3084 8424
15832 3084 9542
15833 3084 15427
15834 3085 4330
15835 3085 4406
15836 3085 6910
15837 3085 8040
15838 3085 11020
15839 3085 11021
15840 3086 4938
15841 3086 6657
15842 3086 13535
15843 3086 14205
15844 3086 14827
15845 3087 5905
15846 3087 5906
15847 3087 10478
15848 3087 14948
15849 3087 18299
15850 3087 18360
15851 3087 19179
15852 3088 4135
15853 3088 9293
15854 3088 9604
15855 3088 10642
15856 3088 17181
15857 3089 4769
15858 3089 5523
15859 3089 6384
15860 3089 8464
15861 3089 10767
15862 3089 13228
15863 3090 8148
15864 3090 8900
15865 3090 12306
15866 3090 12453
15867 3090 13756
15868 3090 13772
15869 3090 16219
15870 3091 19559
15871 3092 3548
15872 3092 5453
15873 3092 10700
15874 3092 11034
15875 3092 11638
15876 3092 13786
15877 3093 6624
15878 3093 6696
15879 3093 11673
15880 3093 11715
15881 3094 5700
15882 3094 12553
15883 3094 13901
15884 3094 19548
15885 3095 12002
15886 3095 14709
15887 3095 14847
15888 3095 16965
15889 3095 16968
15890 3095 19620
15891 3096 5346
15892 3096 6994
15893 3096 7239
15894 3096 7423
15895 3096 9582
15896 3096 10140
15897 3097 10672
15898 3097 13419
15899 3097 14819
15900 3097 15715
15901 3097 18008
15902 3098 5448
15903 3098 7478
15904 3098 8120
15905 3099 10487
15906 3099 13277
15907 3099 13942
15908 3099 15499
15909 3100 4028
15910 3100 7896
15911 3100 8239
15912 3100 9007
15913 3100 11340
15914 3100 18766
15915 3101 12199
15916 3101 15396
15917 3101 16452
15918 3102 8931
15919 3102 11863
15920 3102 13678
15921 3102 15491
15922 3103 18154
15923 3104 3420
15924 3104 3544
15925 3104 8037
15926 3104 11399
15927 3105 4182
15928 3105 13210
15929 3105 13400
15930 3105 18397
15931 3105 19331
15932 3106 4277
15933 3106 4979
15934 3106 6908
15935 3106 7509
15936 3106 8692
15937 3106 9727
15938 3107 9256
15939 3107 16891
15940 3108 6719
15941 3108 7854
15942 3108 10874
15943 3108 11841
15944 3109 10396
15945 3109 12065
15946 3109 15378
15947 3110 3387
15948 3110 6954
15949 3110 8088
15950 3110 8844
15951 3110 13195
15952 3110 18105
15953 3111 3942
15954 3111 14809
15955 3111 19232
15956 3112 4835
15957 3112 5586
15958 3112 5595
15959 3112 5600
15960 3112 10765
15961 3113 11032
15962 3113 11083
15963 3113 11285
15964 3113 13387
15965 3113 13730
15966 3114 3171
15967 3114 3562
15968 3114 9989
15969 3114 12081
15970 3114 17060
15971 3115 3226
15972 3115 7014
15973 3115 9462
15974 3115 10187
15975 3115 11268
15976 3115 17304
15977 3116 9152
15978 3116 12985
15979 3116 14078
15980 3116 14731
15981 3116 17001
15982 3117 3705
15983 3117 4104
15984 3117 7287
15985 3117 8936
15986 3117 9261
15987 3117 10472
15988 3118 7016
15989 3118 8306
15990 3118 9077
15991 3118 13293
15992 3118 18365
15993 3119 8568
15994 3119 11428
15995 3119 15405
15996 3119 19050
15997 3120 3508
15998 3120 3574
15999 3120 3580
16000 3120 4503
16001 3120 11839
16002 3120 19478
16003 3121 3517
16004 3121 7034
16005 3121 8739
16006 3121 9308
16007 3121 10116
16008 3121 14228
16009 3121 17379
16010 3122 3464
16011 3122 3730
16012 3122 17289
16013 3122 17307
16014 3122 17320
16015 3122 19487
16016 3123 3935
16017 3123 11831
16018 3123 15837
16019 3123 17552
16020 3124 4077
16021 3124 13662
16022 3124 18819
16023 3125 10526
16024 3125 11977
16025 3125 13376
16026 3125 14101
16027 3125 14218
16028 3126 3476
16029 3126 3568
16030 3126 4022
16031 3126 11769
16032 3126 15406
16033 3126 17298
16034 3127 4271
16035 3127 8246
16036 3127 8560
16037 3127 9254
16038 3127 9541
16039 3127 11558
16040 3128 6301
16041 3128 8089
16042 3128 9599
16043 3128 10865
16044 3128 12744
16045 3129 3760
16046 3129 12837
16047 3129 13838
16048 3129 16408
16049 3129 17306
16050 3129 18436
16051 3130 4440
16052 3130 9096
16053 3130 18605
16054 3130 19815
16055 3131 9970
16056 3131 10967
16057 3131 13081
16058 3131 13201
16059 3132 5599
16060 3132 13089
16061 3133 7263
16062 3133 10620
16063 3133 10648
16064 3133 10769
16065 3133 10955
16066 3134 3145
16067 3134 14742
16068 3134 15414
16069 3134 19282
16070 3135 3821
16071 3135 5331
16072 3135 6912
16073 3135 7458
16074 3135 12844
16075 3135 19174
16076 3136 12964
16077 3136 16596
16078 3136 20014
16079 3137 12443
16080 3137 16441
16081 3137 19615
16082 3137 19752
16083 3138 6114
16084 3138 7436
16085 3138 10779
16086 3138 14073
16087 3138 15421
16088 3138 19526
16089 3138 19742
16090 3139 3874
16091 3139 4967
16092 3139 19051
16093 3140 4293
16094 3140 7473
16095 3140 14446
16096 3140 17086
16097 3141 3396
16098 3141 6815
16099 3141 7002
16100 3141 8093
16101 3141 17521
16102 3142 13326
16103 3142 14936
16104 3142 15409
16105 3142 17468
16106 3143 11071
16107 3143 12958
16108 3144 12956
16109 3144 13036
16110 3144 19766
16111 3144 19796
16112 3145 7736
16113 3145 15414
16114 3145 19282
16115 3146 3237
16116 3146 3376
16117 3146 9634
16118 3146 10782
16119 3146 12166
16120 3146 16746
16121 3147 8091
16122 3147 9446
16123 3147 10276
16124 3147 19739
16125 3148 5509
16126 3148 8207
16127 3148 9449
16128 3148 16799
16129 3148 16870
16130 3148 17040
16131 3149 3710
16132 3149 12254
16133 3149 12255
16134 3149 12256
16135 3149 16638
16136 3149 17436
16137 3150 4119
16138 3150 8177
16139 3150 13974
16140 3150 18112
16141 3150 19257
16142 3151 8543
16143 3151 11630
16144 3151 11819
16145 3151 19283
16146 3151 19697
16147 3152 5329
16148 3152 6944
16149 3152 7007
16150 3152 10332
16151 3152 13084
16152 3152 19074
16153 3153 4486
16154 3153 8562
16155 3153 11746
16156 3153 19699
16157 3154 7964
16158 3154 10398
16159 3154 11201
16160 3154 14338
16161 3154 14339
16162 3154 16389
16163 3155 10499
16164 3155 15415
16165 3155 15999
16166 3155 17988
16167 3156 12360
16168 3156 13408
16169 3156 19514
16170 3157 4713
16171 3157 9295
16172 3157 11542
16173 3157 11806
16174 3157 15563
16175 3157 16989
16176 3157 17016
16177 3158 3498
16178 3158 3547
16179 3158 10342
16180 3158 11250
16181 3158 14575
16182 3159 13045
16183 3159 15798
16184 3159 16814
16185 3159 19818
16186 3160 3410
16187 3160 3577
16188 3160 3732
16189 3160 4464
16190 3160 8717
16191 3160 11396
16192 3160 18181
16193 3161 3494
16194 3161 4876
16195 3161 11246
16196 3161 15648
16197 3161 15768
16198 3161 17356
16199 3162 4665
16200 3162 14197
16201 3162 14842
16202 3162 19610
16203 3163 3199
16204 3163 13910
16205 3163 19601
16206 3164 6314
16207 3164 9212
16208 3164 11776
16209 3164 14654
16210 3164 15143
16211 3165 5205
16212 3165 9443
16213 3165 9792
16214 3165 10590
16215 3165 10868
16216 3165 13811
16217 3166 7214
16218 3166 9465
16219 3166 9922
16220 3166 10185
16221 3166 12155
16222 3166 14230
16223 3167 3263
16224 3167 3619
16225 3167 8707
16226 3167 12393
16227 3167 14362
16228 3167 15813
16229 3168 5421
16230 3168 12364
16231 3168 17196
16232 3168 17236
16233 3168 17591
16234 3168 17661
16235 3169 9329
16236 3169 10256
16237 3169 18583
16238 3169 18686
16239 3170 3187
16240 3170 3302
16241 3170 3450
16242 3170 9208
16243 3170 9580
16244 3170 14930
16245 3171 3562
16246 3171 11905
16247 3171 12081
16248 3171 16798
16249 3171 17262
16250 3172 4477
16251 3172 14791
16252 3172 18817
16253 3173 5722
16254 3173 5724
16255 3173 6148
16256 3173 7387
16257 3173 10318
16258 3173 10722
16259 3174 9129
16260 3174 15396
16261 3174 19115
16262 3175 7939
16263 3175 11367
16264 3175 12602
16265 3175 15994
16266 3176 12800
16267 3176 13010
16268 3176 13253
16269 3176 18271
16270 3176 18467
16271 3177 4463
16272 3177 9772
16273 3177 10500
16274 3177 12583
16275 3177 16266
16276 3177 18148
16277 3178 3363
16278 3178 3489
16279 3178 7426
16280 3178 9326
16281 3178 12303
16282 3178 15375
16283 3179 5676
16284 3179 6684
16285 3179 10406
16286 3179 10577
16287 3179 16677
16288 3179 19185
16289 3180 5411
16290 3180 8550
16291 3180 10640
16292 3180 15849
16293 3180 15866
16294 3181 3720
16295 3181 5732
16296 3181 12366
16297 3181 12559
16298 3181 16172
16299 3181 17767
16300 3182 3930
16301 3182 6778
16302 3182 8808
16303 3182 16070
16304 3183 3215
16305 3183 6174
16306 3183 6179
16307 3183 13074
16308 3183 13200
16309 3183 19520
16310 3184 3218
16311 3184 4779
16312 3184 5319
16313 3184 8804
16314 3184 19101
16315 3184 19131
16316 3185 8784
16317 3185 8872
16318 3185 9705
16319 3185 18521
16320 3185 18588
16321 3185 20028
16322 3186 3263
16323 3186 3716
16324 3186 7005
16325 3186 12393
16326 3186 13059
16327 3187 3303
16328 3187 5230
16329 3187 9208
16330 3187 14930
16331 3187 17440
16332 3188 8001
16333 3188 9351
16334 3188 14125
16335 3188 15966
16336 3188 17224
16337 3189 4010
16338 3189 10875
16339 3189 14786
16340 3190 9563
16341 3190 11950
16342 3190 12014
16343 3190 12226
16344 3190 16713
16345 3190 19458
16346 3191 4348
16347 3191 6579
16348 3191 10724
16349 3191 11996
16350 3191 15425
16351 3192 4002
16352 3192 15787
16353 3192 15811
16354 3193 3820
16355 3193 18154
16356 3193 19142
16357 3194 7349
16358 3194 9488
16359 3194 13074
16360 3194 14698
16361 3194 15960
16362 3195 6433
16363 3195 6736
16364 3195 6888
16365 3195 9396
16366 3195 10888
16367 3195 19249
16368 3196 3556
16369 3196 5124
16370 3196 6491
16371 3196 12018
16372 3196 18961
16373 3197 4453
16374 3197 5769
16375 3197 9755
16376 3197 10515
16377 3198 10423
16378 3198 13372
16379 3198 15854
16380 3198 18338
16381 3198 18435
16382 3199 10810
16383 3199 19405
16384 3199 19601
16385 3200 5635
16386 3200 13910
16387 3200 19601
16388 3201 4506
16389 3201 10301
16390 3201 13209
16391 3201 14866
16392 3201 15134
16393 3202 5514
16394 3202 10736
16395 3202 13840
16396 3202 14732
16397 3202 15554
16398 3202 17003
16399 3203 3417
16400 3203 3433
16401 3203 3569
16402 3203 5010
16403 3203 5013
16404 3203 17292
16405 3204 4333
16406 3204 13611
16407 3204 15412
16408 3204 15629
16409 3205 4393
16410 3205 5211
16411 3205 7248
16412 3205 8992
16413 3205 10356
16414 3205 11236
16415 3205 11818
16416 3206 6626
16417 3206 17964
16418 3206 19026
16419 3207 6514
16420 3207 7050
16421 3207 7691
16422 3207 7847
16423 3207 9899
16424 3207 10325
16425 3207 11301
16426 3208 4349
16427 3208 5415
16428 3208 11072
16429 3208 13269
16430 3208 15376
16431 3208 16820
16432 3209 3487
16433 3209 6283
16434 3209 10941
16435 3209 13336
16436 3210 3213
16437 3210 16451
16438 3210 19672
16439 3210 19723
16440 3211 3774
16441 3211 4914
16442 3211 8439
16443 3211 12237
16444 3212 9621
16445 3212 14936
16446 3212 14938
16447 3212 18608
16448 3213 3216
16449 3213 16167
16450 3213 16451
16451 3213 17849
16452 3213 19723
16453 3214 6529
16454 3214 10589
16455 3214 10594
16456 3214 10823
16457 3214 11107
16458 3214 13682
16459 3215 6858
16460 3215 6911
16461 3215 13074
16462 3215 13200
16463 3215 14698
16464 3216 19723
16465 3217 7713
16466 3217 9513
16467 3217 9946
16468 3218 4779
16469 3218 5319
16470 3218 5385
16471 3218 6681
16472 3218 7002
16473 3219 11203
16474 3219 11593
16475 3219 15707
16476 3220 11305
16477 3220 16620
16478 3220 19447
16479 3221 4770
16480 3221 11405
16481 3221 15793
16482 3221 17879
16483 3221 19482
16484 3221 19744
16485 3222 3979
16486 3222 8166
16487 3222 13845
16488 3222 16439
16489 3222 17613
16490 3223 12994
16491 3223 19705
16492 3224 4958
16493 3224 5137
16494 3224 8670
16495 3224 15525
16496 3224 16882
16497 3225 6588
16498 3225 7123
16499 3225 9327
16500 3225 9332
16501 3225 10196
16502 3225 13064
16503 3226 5322
16504 3226 8155
16505 3226 11268
16506 3226 14519
16507 3226 17304
16508 3227 5321
16509 3227 6916
16510 3227 7522
16511 3227 10323
16512 3227 11237
16513 3227 19537
16514 3228 3372
16515 3228 7730
16516 3228 10413
16517 3228 10606
16518 3228 18388
16519 3228 19275
16520 3229 6477
16521 3229 6810
16522 3229 13680
16523 3229 14317
16524 3230 8175
16525 3230 9615
16526 3230 13787
16527 3230 18693
16528 3231 13370
16529 3231 13375
16530 3231 17954
16531 3231 18351
16532 3231 18435
16533 3232 7760
16534 3232 10926
16535 3232 11687
16536 3233 3486
16537 3233 6349
16538 3233 7083
16539 3233 7428
16540 3233 17237
16541 3233 18053
16542 3234 5447
16543 3234 5507
16544 3234 6924
16545 3234 10536
16546 3234 12871
16547 3235 6803
16548 3235 7018
16549 3235 7090
16550 3235 8756
16551 3235 9899
16552 3235 10159
16553 3236 12488
16554 3236 13705
16555 3236 15506
16556 3236 16874
16557 3236 16902
16558 3236 19003
16559 3236 19616
16560 3237 4345
16561 3237 5394
16562 3237 5679
16563 3237 12166
16564 3237 15455
16565 3237 16746
16566 3238 3763
16567 3238 3940
16568 3238 17179
16569 3238 17588
16570 3238 19056
16571 3239 3259
16572 3239 7183
16573 3239 13331
16574 3239 15373
16575 3239 15589
16576 3239 19185
16577 3240 3632
16578 3240 6025
16579 3240 6605
16580 3240 11074
16581 3240 11991
16582 3240 12093
16583 3240 12694
16584 3241 7967
16585 3241 12090
16586 3241 19378
16587 3242 4912
16588 3242 4929
16589 3242 5900
16590 3242 11220
16591 3242 16621
16592 3242 16806
16593 3243 7595
16594 3243 8620
16595 3243 9051
16596 3243 9559
16597 3243 11328
16598 3243 17242
16599 3244 3520
16600 3244 6754
16601 3244 7564
16602 3244 11776
16603 3245 3521
16604 3245 5183
16605 3245 11720
16606 3245 11763
16607 3245 14314
16608 3245 16263
16609 3246 3819
16610 3246 7346
16611 3246 9356
16612 3246 9522
16613 3246 12837
16614 3246 16466
16615 3247 7684
16616 3247 18560
16617 3248 11954
16618 3248 12611
16619 3248 14441
16620 3248 15282
16621 3248 16267
16622 3248 18022
16623 3249 5696
16624 3249 8412
16625 3249 11910
16626 3249 11913
16627 3249 18459
16628 3249 19506
16629 3250 3368
16630 3250 6042
16631 3250 6301
16632 3250 8898
16633 3250 12744
16634 3251 4538
16635 3251 4684
16636 3251 5015
16637 3251 11624
16638 3251 11656
16639 3251 11765
16640 3251 11767
16641 3252 7504
16642 3252 10267
16643 3252 14849
16644 3252 16263
16645 3253 4416
16646 3253 5786
16647 3253 11309
16648 3254 5102
16649 3254 11999
16650 3254 14111
16651 3254 15374
16652 3255 8078
16653 3255 9521
16654 3255 10370
16655 3255 13669
16656 3255 18011
16657 3256 5811
16658 3256 6074
16659 3256 6852
16660 3256 6953
16661 3256 7030
16662 3256 19208
16663 3257 8102
16664 3257 10625
16665 3257 10626
16666 3257 10635
16667 3257 13700
16668 3258 3600
16669 3258 4172
16670 3258 7168
16671 3258 10729
16672 3258 19202
16673 3259 4233
16674 3259 6988
16675 3259 15373
16676 3259 15425
16677 3259 19185
16678 3260 3385
16679 3260 5434
16680 3260 9594
16681 3260 11552
16682 3260 15205
16683 3260 17222
16684 3261 11385
16685 3261 13859
16686 3261 16737
16687 3261 18374
16688 3262 3328
16689 3262 5548
16690 3262 9600
16691 3262 10441
16692 3262 10446
16693 3262 17185
16694 3263 7636
16695 3263 8707
16696 3263 12393
16697 3264 6153
16698 3264 8990
16699 3264 9142
16700 3264 10689
16701 3264 14597
16702 3264 16842
16703 3265 3394
16704 3265 9631
16705 3265 10409
16706 3265 11110
16707 3265 17054
16708 3265 17348
16709 3266 3980
16710 3266 7597
16711 3266 11696
16712 3266 11710
16713 3266 15167
16714 3266 16186
16715 3267 3378
16716 3267 7206
16717 3267 9045
16718 3267 9862
16719 3267 11244
16720 3267 14941
16721 3268 5730
16722 3268 10019
16723 3268 10020
16724 3268 10143
16725 3268 19895
16726 3269 9285
16727 3269 10491
16728 3269 14494
16729 3269 14495
16730 3269 14497
16731 3269 14510
16732 3270 6918
16733 3270 11350
16734 3270 11732
16735 3270 13309
16736 3270 18337
16737 3270 18434
16738 3271 4432
16739 3271 6792
16740 3271 7456
16741 3271 10419
16742 3271 10634
16743 3271 18767
16744 3272 3358
16745 3272 3493
16746 3272 5636
16747 3272 5710
16748 3272 9862
16749 3272 11922
16750 3273 4524
16751 3273 6287
16752 3273 6345
16753 3273 7654
16754 3273 13806
16755 3274 7821
16756 3274 9231
16757 3274 9875
16758 3274 9907
16759 3274 13765
16760 3274 15064
16761 3275 4024
16762 3275 13984
16763 3275 17113
16764 3275 17146
16765 3275 18514
16766 3276 6282
16767 3276 10594
16768 3276 10609
16769 3276 15400
16770 3276 16873
16771 3276 19353
16772 3277 10353
16773 3277 10910
16774 3277 13650
16775 3277 14468
16776 3277 15201
16777 3277 16422
16778 3278 4247
16779 3278 6638
16780 3278 12806
16781 3278 16723
16782 3278 17238
16783 3279 4447
16784 3279 5805
16785 3279 6176
16786 3279 6220
16787 3279 6586
16788 3280 9725
16789 3280 19793
16790 3281 5481
16791 3281 7003
16792 3281 7237
16793 3281 7423
16794 3281 7451
16795 3281 10101
16796 3282 5458
16797 3282 6776
16798 3282 6818
16799 3282 10841
16800 3282 15705
16801 3283 5252
16802 3283 7442
16803 3283 12258
16804 3283 12291
16805 3283 12380
16806 3284 7507
16807 3284 8610
16808 3284 9837
16809 3284 12281
16810 3284 13625
16811 3284 16081
16812 3285 12557
16813 3285 13542
16814 3285 16051
16815 3285 17670
16816 3285 18441
16817 3286 3830
16818 3286 4451
16819 3286 15326
16820 3286 16811
16821 3287 10143
16822 3287 18805
16823 3287 19885
16824 3288 3624
16825 3288 7752
16826 3288 8623
16827 3288 9272
16828 3288 16849
16829 3289 3290
16830 3289 3291
16831 3289 6787
16832 3289 8826
16833 3289 9118
16834 3289 17772
16835 3290 6787
16836 3290 7551
16837 3290 10385
16838 3290 17772
16839 3291 3299
16840 3291 9118
16841 3291 16751
16842 3291 17069
16843 3291 17772
16844 3292 9458
16845 3292 16618
16846 3292 17694
16847 3293 11852
16848 3293 16015
16849 3293 16986
16850 3293 18844
16851 3294 4598
16852 3294 15657
16853 3294 15884
16854 3294 19722
16855 3294 19819
16856 3295 8289
16857 3295 10094
16858 3295 10647
16859 3295 12233
16860 3295 12481
16861 3295 19083
16862 3296 5283
16863 3296 5419
16864 3296 5566
16865 3296 10553
16866 3296 10554
16867 3296 11099
16868 3297 8564
16869 3297 13196
16870 3297 14325
16871 3297 14854
16872 3298 8226
16873 3298 11206
16874 3298 15326
16875 3298 17239
16876 3298 17254
16877 3298 18232
16878 3299 3394
16879 3299 10409
16880 3299 16751
16881 3299 17069
16882 3299 18132
16883 3300 3539
16884 3300 3679
16885 3300 8097
16886 3300 8248
16887 3300 11515
16888 3300 16277
16889 3301 4145
16890 3301 6975
16891 3301 8787
16892 3301 9454
16893 3301 12949
16894 3301 17135
16895 3302 3450
16896 3302 9580
16897 3302 11105
16898 3302 14389
16899 3303 3305
16900 3303 3383
16901 3303 14930
16902 3303 15329
16903 3303 17440
16904 3304 12546
16905 3304 13202
16906 3304 13255
16907 3304 14227
16908 3304 16230
16909 3305 3383
16910 3305 4617
16911 3305 5160
16912 3305 7846
16913 3305 15329
16914 3306 5221
16915 3306 7846
16916 3306 12879
16917 3306 15329
16918 3306 17182
16919 3306 18859
16920 3307 4132
16921 3307 4372
16922 3307 6899
16923 3307 7757
16924 3307 9944
16925 3307 12048
16926 3308 11162
16927 3308 13945
16928 3308 13960
16929 3308 14189
16930 3308 14416
16931 3308 15832
16932 3309 4186
16933 3309 5041
16934 3309 12854
16935 3309 15839
16936 3309 19411
16937 3309 19413
16938 3310 3564
16939 3310 6415
16940 3310 7370
16941 3310 9616
16942 3310 16700
16943 3311 4641
16944 3311 10517
16945 3311 11950
16946 3311 12026
16947 3311 14992
16948 3311 19458
16949 3312 4853
16950 3312 9834
16951 3312 10392
16952 3312 14596
16953 3312 15906
16954 3312 18891
16955 3313 3392
16956 3313 4625
16957 3313 4862
16958 3313 7525
16959 3313 15426
16960 3313 17423
16961 3314 4285
16962 3314 4863
16963 3314 7838
16964 3314 8572
16965 3314 15797
16966 3314 17184
16967 3315 8674
16968 3315 14257
16969 3315 14421
16970 3315 15706
16971 3315 17492
16972 3316 3317
16973 3316 4544
16974 3316 6060
16975 3316 9551
16976 3316 17492
16977 3316 19874
16978 3317 6060
16979 3317 11945
16980 3317 18684
16981 3317 19874
16982 3318 3319
16983 3318 4614
16984 3318 4793
16985 3318 14260
16986 3318 17183
16987 3319 4945
16988 3319 12021
16989 3319 14756
16990 3319 17183
16991 3320 6779
16992 3320 9215
16993 3320 11719
16994 3320 11943
16995 3320 17484
16996 3320 17490
16997 3321 3322
16998 3321 4607
16999 3321 8033
17000 3321 11610
17001 3321 14263
17002 3321 15377
17003 3321 17490
17004 3322 4253
17005 3322 4607
17006 3322 8534
17007 3322 8959
17008 3322 14263
17009 3323 4605
17010 3323 5228
17011 3323 11940
17012 3323 14223
17013 3323 16950
17014 3323 17480
17015 3324 3325
17016 3324 3382
17017 3324 4246
17018 3324 4603
17019 3324 14430
17020 3324 17502
17021 3325 4246
17022 3325 4603
17023 3325 16950
17024 3325 17477
17025 3326 3329
17026 3326 4708
17027 3326 4712
17028 3326 11550
17029 3326 14385
17030 3326 17744
17031 3327 4705
17032 3327 6945
17033 3327 8092
17034 3327 10335
17035 3327 11651
17036 3327 17793
17037 3328 3331
17038 3328 4600
17039 3328 5548
17040 3328 9600
17041 3328 12008
17042 3329 4242
17043 3329 4708
17044 3329 5065
17045 3329 11550
17046 3329 16828
17047 3330 4225
17048 3330 6831
17049 3330 13040
17050 3330 19006
17051 3330 19123
17052 3331 4600
17053 3331 5065
17054 3331 5548
17055 3331 11681
17056 3331 16828
17057 3332 8500
17058 3332 12701
17059 3332 12704
17060 3332 12705
17061 3332 19240
17062 3333 9626
17063 3333 10574
17064 3333 15735
17065 3333 17471
17066 3333 19350
17067 3334 8745
17068 3334 11491
17069 3334 11936
17070 3334 17355
17071 3334 17411
17072 3334 17930
17073 3335 5250
17074 3335 8470
17075 3335 10235
17076 3335 14274
17077 3335 15967
17078 3336 7480
17079 3336 10886
17080 3336 11933
17081 3336 17358
17082 3336 17828
17083 3337 6946
17084 3337 17683
17085 3337 18153
17086 3337 18215
17087 3338 3341
17088 3338 4550
17089 3338 5310
17090 3338 11932
17091 3338 17159
17092 3338 17497
17093 3339 11677
17094 3339 11933
17095 3339 13317
17096 3339 17358
17097 3340 3343
17098 3340 4534
17099 3340 4552
17100 3340 8122
17101 3340 11931
17102 3340 15330
17103 3341 4162
17104 3341 9047
17105 3341 9669
17106 3341 11932
17107 3341 17497
17108 3342 4532
17109 3342 6940
17110 3342 8558
17111 3342 10294
17112 3342 14251
17113 3342 17012
17114 3343 4534
17115 3343 9669
17116 3343 11932
17117 3343 15330
17118 3344 5559
17119 3344 9179
17120 3344 10570
17121 3344 11491
17122 3344 17930
17123 3344 19073
17124 3345 5344
17125 3345 11643
17126 3345 13328
17127 3345 18814
17128 3345 19960
17129 3346 5200
17130 3346 12635
17131 3346 13046
17132 3346 13445
17133 3346 13446
17134 3346 19873
17135 3347 4312
17136 3347 6902
17137 3347 12832
17138 3347 13651
17139 3347 16204
17140 3347 17501
17141 3348 4155
17142 3348 7007
17143 3348 16241
17144 3348 16775
17145 3348 19074
17146 3349 3350
17147 3349 3437
17148 3349 4138
17149 3349 4541
17150 3349 11738
17151 3349 15322
17152 3349 17495
17153 3350 11255
17154 3350 11738
17155 3350 15322
17156 3350 19510
17157 3351 10997
17158 3351 19712
17159 3352 8764
17160 3352 9654
17161 3352 10382
17162 3352 13624
17163 3352 18569
17164 3352 19860
17165 3353 6748
17166 3353 10453
17167 3353 10614
17168 3353 12298
17169 3353 12488
17170 3353 19616
17171 3354 4439
17172 3354 4706
17173 3354 11804
17174 3354 12318
17175 3354 16497
17176 3354 19276
17177 3355 6645
17178 3355 8465
17179 3355 11248
17180 3355 11925
17181 3355 15320
17182 3355 15323
17183 3356 3972
17184 3356 5324
17185 3356 6695
17186 3356 7544
17187 3356 14763
17188 3356 15891
17189 3357 3361
17190 3357 8901
17191 3357 11883
17192 3357 14037
17193 3357 16071
17194 3357 16874
17195 3358 3493
17196 3358 5710
17197 3358 11925
17198 3358 15323
17199 3358 17557
17200 3359 5646
17201 3360 10563
17202 3360 11883
17203 3360 16071
17204 3360 17533
17205 3360 19236
17206 3361 6506
17207 3361 8901
17208 3361 12298
17209 3361 12488
17210 3361 16874
17211 3362 9772
17212 3362 13620
17213 3362 15362
17214 3362 17533
17215 3362 19513
17216 3363 3489
17217 3363 4884
17218 3363 11920
17219 3363 12303
17220 3363 15318
17221 3364 3561
17222 3364 5460
17223 3364 11862
17224 3364 12198
17225 3364 12886
17226 3364 18170
17227 3365 3401
17228 3365 10543
17229 3365 11902
17230 3365 12232
17231 3365 14012
17232 3365 17354
17233 3366 11755
17234 3366 11910
17235 3366 11913
17236 3366 11914
17237 3366 13737
17238 3366 19821
17239 3367 3475
17240 3367 6288
17241 3367 7160
17242 3367 8262
17243 3367 8308
17244 3367 11270
17245 3368 5392
17246 3368 6301
17247 3368 14863
17248 3369 7335
17249 3369 13159
17250 3369 15755
17251 3369 16087
17252 3369 17062
17253 3369 18383
17254 3370 4505
17255 3370 13209
17256 3370 17359
17257 3371 16289
17258 3371 16293
17259 3371 16328
17260 3371 16329
17261 3371 16460
17262 3371 17602
17263 3372 7730
17264 3372 10413
17265 3372 13138
17266 3372 13480
17267 3372 16082
17268 3373 7608
17269 3373 8815
17270 3373 9983
17271 3373 11378
17272 3373 11783
17273 3373 12732
17274 3374 9028
17275 3374 12933
17276 3374 12934
17277 3374 13111
17278 3374 15643
17279 3374 17968
17280 3375 5978
17281 3375 5998
17282 3375 7244
17283 3375 9325
17284 3375 11810
17285 3375 18062
17286 3376 6579
17287 3376 9232
17288 3376 9634
17289 3376 12166
17290 3376 19719
17291 3377 4034
17292 3377 8241
17293 3377 10032
17294 3377 14978
17295 3377 16854
17296 3378 3489
17297 3378 7329
17298 3378 11244
17299 3378 14941
17300 3378 15375
17301 3379 3380
17302 3379 4584
17303 3379 10440
17304 3379 16962
17305 3379 17360
17306 3380 5081
17307 3380 5290
17308 3380 14275
17309 3380 17357
17310 3380 17360
17311 3381 3503
17312 3381 4192
17313 3381 8243
17314 3381 11256
17315 3381 13054
17316 3381 19509
17317 3382 4246
17318 3382 4502
17319 3382 4957
17320 3382 17502
17321 3383 4617
17322 3383 4656
17323 3383 14930
17324 3383 17176
17325 3384 5645
17326 3384 6546
17327 3384 11747
17328 3384 11851
17329 3384 13427
17330 3384 15011
17331 3385 5434
17332 3385 6957
17333 3385 8322
17334 3385 11552
17335 3386 4545
17336 3386 9438
17337 3386 9872
17338 3386 15038
17339 3387 13195
17340 3387 18105
17341 3388 6951
17342 3388 8280
17343 3388 11968
17344 3388 18880
17345 3389 3862
17346 3389 5093
17347 3389 11186
17348 3389 14089
17349 3389 19774
17350 3390 12306
17351 3390 13552
17352 3390 13772
17353 3391 8568
17354 3391 8788
17355 3391 12073
17356 3391 19050
17357 3392 7547
17358 3392 11948
17359 3392 11966
17360 3392 15426
17361 3392 17423
17362 3393 4891
17363 3393 5669
17364 3393 13200
17365 3393 15417
17366 3393 19520
17367 3394 10409
17368 3394 17054
17369 3394 17069
17370 3394 17205
17371 3395 5528
17372 3395 8682
17373 3395 17782
17374 3395 17972
17375 3395 18173
17376 3396 5385
17377 3396 7002
17378 3396 7008
17379 3396 17521
17380 3397 3399
17381 3397 15427
17382 3397 15994
17383 3397 17710
17384 3398 3538
17385 3398 6417
17386 3398 8755
17387 3398 11426
17388 3398 12905
17389 3399 3524
17390 3399 11367
17391 3399 14973
17392 3399 15994
17393 3400 3553
17394 3400 3747
17395 3400 12601
17396 3400 15768
17397 3401 3404
17398 3401 3408
17399 3401 9291
17400 3401 11902
17401 3401 17354
17402 3402 9064
17403 3402 9197
17404 3402 11820
17405 3402 15016
17406 3402 17051
17407 3402 17542
17408 3402 18162
17409 3403 7321
17410 3403 7323
17411 3403 11210
17412 3403 11901
17413 3403 13568
17414 3403 17345
17415 3404 3408
17416 3404 11902
17417 3404 14766
17418 3404 14982
17419 3404 18820
17420 3405 7308
17421 3405 11637
17422 3405 15507
17423 3406 7495
17424 3406 8719
17425 3406 11903
17426 3406 13568
17427 3406 14049
17428 3406 15547
17429 3406 17345
17430 3407 3739
17431 3407 10203
17432 3407 13357
17433 3407 15342
17434 3407 17337
17435 3407 18181
17436 3408 9291
17437 3408 14982
17438 3409 3574
17439 3409 3739
17440 3409 7642
17441 3409 11839
17442 3409 11901
17443 3409 13357
17444 3410 3577
17445 3410 8425
17446 3410 11900
17447 3410 17337
17448 3410 18181
17449 3411 8425
17450 3411 9427
17451 3411 11900
17452 3411 14746
17453 3411 17307
17454 3412 4998
17455 3412 6486
17456 3412 7110
17457 3412 11354
17458 3412 14405
17459 3412 17953
17460 3413 7110
17461 3413 15583
17462 3413 17320
17463 3413 19486
17464 3414 3512
17465 3414 3835
17466 3414 4262
17467 3414 8405
17468 3414 8703
17469 3414 14865
17470 3415 8564
17471 3415 9913
17472 3415 9950
17473 3415 14803
17474 3415 14854
17475 3416 4318
17476 3416 4478
17477 3416 9263
17478 3416 11464
17479 3416 15160
17480 3416 19476
17481 3417 3431
17482 3417 3569
17483 3417 5010
17484 3417 14997
17485 3418 3626
17486 3418 3687
17487 3418 8688
17488 3418 9927
17489 3418 9929
17490 3419 3476
17491 3419 3568
17492 3419 12202
17493 3419 12235
17494 3419 13275
17495 3419 17297
17496 3421 3939
17497 3421 4486
17498 3421 8256
17499 3421 9502
17500 3422 8068
17501 3422 8795
17502 3422 14160
17503 3422 15230
17504 3422 16978
17505 3423 3895
17506 3423 6193
17507 3423 6728
17508 3423 11462
17509 3423 11688
17510 3423 15601
17511 3424 4664
17512 3424 4997
17513 3424 5977
17514 3424 8926
17515 3424 8957
17516 3424 12808
17517 3425 3612
17518 3425 3726
17519 3425 8338
17520 3425 9816
17521 3425 10402
17522 3425 11296
17523 3425 17331
17524 3426 3441
17525 3426 3569
17526 3426 3609
17527 3426 17292
17528 3426 17309
17529 3426 17329
17530 3426 19495
17531 3427 3725
17532 3427 10078
17533 3427 10188
17534 3427 14788
17535 3427 17303
17536 3427 17305
17537 3428 3726
17538 3428 10078
17539 3428 11260
17540 3428 17303
17541 3428 17548
17542 3429 3724
17543 3429 5025
17544 3429 17324
17545 3429 17331
17546 3429 17341
17547 3430 7082
17548 3430 11417
17549 3430 11769
17550 3430 13760
17551 3431 3447
17552 3431 3573
17553 3431 14737
17554 3431 14997
17555 3432 3536
17556 3432 8981
17557 3432 9462
17558 3432 11268
17559 3432 15607
17560 3433 3497
17561 3433 3609
17562 3433 5013
17563 3433 8157
17564 3433 17292
17565 3434 4192
17566 3434 8243
17567 3434 8981
17568 3434 10230
17569 3434 10757
17570 3435 3478
17571 3435 3635
17572 3435 4174
17573 3435 8157
17574 3435 9507
17575 3435 11415
17576 3435 17549
17577 3436 8243
17578 3436 10159
17579 3436 10757
17580 3436 11738
17581 3436 13054
17582 3436 17495
17583 3437 3439
17584 3437 4138
17585 3437 8782
17586 3437 12491
17587 3437 15322
17588 3438 3472
17589 3438 3480
17590 3438 4198
17591 3438 11935
17592 3438 17550
17593 3438 17953
17594 3439 9305
17595 3439 9883
17596 3439 10911
17597 3439 12491
17598 3439 15322
17599 3440 6300
17600 3440 6698
17601 3440 10142
17602 3440 11361
17603 3440 14738
17604 3441 13854
17605 3441 15146
17606 3441 17329
17607 3441 19495
17608 3442 4394
17609 3442 7405
17610 3442 7868
17611 3442 10660
17612 3442 16126
17613 3443 3465
17614 3443 3467
17615 3443 3498
17616 3443 15320
17617 3444 5615
17618 3444 6512
17619 3444 10423
17620 3444 16151
17621 3444 18338
17622 3445 9129
17623 3445 19288
17624 3445 19734
17625 3446 4156
17626 3446 4340
17627 3446 12913
17628 3446 12919
17629 3446 18391
17630 3447 3573
17631 3447 3725
17632 3447 10078
17633 3447 17548
17634 3448 3504
17635 3448 5155
17636 3448 12765
17637 3448 15516
17638 3448 18379
17639 3449 3459
17640 3449 3463
17641 3449 4464
17642 3449 4526
17643 3449 12293
17644 3449 14836
17645 3450 11307
17646 3450 14389
17647 3450 14930
17648 3450 17176
17649 3451 6638
17650 3451 9509
17651 3451 14235
17652 3451 15429
17653 3451 16811
17654 3451 17238
17655 3452 3507
17656 3452 4192
17657 3452 11256
17658 3452 15607
17659 3452 15608
17660 3453 6180
17661 3453 7623
17662 3453 12304
17663 3453 16394
17664 3453 17428
17665 3454 9810
17666 3454 13018
17667 3454 13851
17668 3454 16954
17669 3455 13147
17670 3455 15235
17671 3455 17172
17672 3455 18002
17673 3455 18473
17674 3455 18655
17675 3456 9895
17676 3456 11000
17677 3456 14057
17678 3456 14059
17679 3456 15510
17680 3457 3493
17681 3457 3547
17682 3457 9761
17683 3457 11248
17684 3457 14918
17685 3457 15323
17686 3458 15517
17687 3458 16182
17688 3458 16271
17689 3458 18829
17690 3458 19835
17691 3459 3732
17692 3459 4464
17693 3459 11238
17694 3459 12537
17695 3459 14836
17696 3460 6303
17697 3460 11225
17698 3460 16122
17699 3461 4196
17700 3461 8202
17701 3461 9373
17702 3461 14671
17703 3461 18643
17704 3461 19382
17705 3462 3499
17706 3462 3552
17707 3462 6373
17708 3462 6712
17709 3462 8706
17710 3462 9411
17711 3463 4096
17712 3463 4526
17713 3463 12293
17714 3463 17289
17715 3463 17547
17716 3464 4116
17717 3464 8185
17718 3464 17289
17719 3464 17547
17720 3464 19487
17721 3465 3467
17722 3465 7032
17723 3465 10169
17724 3465 17499
17725 3466 7734
17726 3466 8251
17727 3466 11881
17728 3466 16779
17729 3466 17841
17730 3466 18430
17731 3467 3501
17732 3467 9315
17733 3467 17499
17734 3468 4900
17735 3468 5043
17736 3468 8596
17737 3468 11131
17738 3468 15066
17739 3469 4449
17740 3469 4450
17741 3469 10583
17742 3469 13218
17743 3469 19154
17744 3470 8901
17745 3470 10556
17746 3470 11883
17747 3470 17533
17748 3470 19513
17749 3471 8424
17750 3471 8794
17751 3471 9542
17752 3471 12249
17753 3471 15303
17754 3471 16681
17755 3472 3480
17756 3472 3665
17757 3472 9177
17758 3472 15433
17759 3472 17550
17760 3473 3595
17761 3473 4190
17762 3473 6367
17763 3473 9491
17764 3473 11880
17765 3473 18060
17766 3474 3520
17767 3474 3981
17768 3474 6754
17769 3474 8341
17770 3474 17581
17771 3474 17650
17772 3475 3500
17773 3475 6288
17774 3475 8262
17775 3475 11253
17776 3475 15300
17777 3476 3568
17778 3476 11769
17779 3476 17297
17780 3477 9375
17781 3477 9558
17782 3477 10248
17783 3477 11865
17784 3477 15856
17785 3477 17564
17786 3478 3497
17787 3478 8157
17788 3478 10190
17789 3478 13949
17790 3478 17549
17791 3479 3481
17792 3479 4387
17793 3479 7262
17794 3479 11886
17795 3479 15731
17796 3480 3587
17797 3480 3665
17798 3480 11259
17799 3480 11935
17800 3481 3595
17801 3481 4387
17802 3481 7262
17803 3481 11861
17804 3481 18065
17805 3482 3572
17806 3482 10479
17807 3482 13598
17808 3482 15934
17809 3482 17697
17810 3482 17869
17811 3483 3594
17812 3483 9542
17813 3483 11911
17814 3483 15303
17815 3483 15427
17816 3483 19327
17817 3484 3531
17818 3484 10226
17819 3484 10476
17820 3484 11158
17821 3484 14281
17822 3485 4483
17823 3485 8110
17824 3485 8722
17825 3485 13417
17826 3486 6349
17827 3486 6865
17828 3486 7083
17829 3486 14892
17830 3486 16804
17831 3487 6283
17832 3487 7946
17833 3487 17693
17834 3488 9046
17835 3488 9497
17836 3488 9820
17837 3488 10813
17838 3488 11213
17839 3488 15937
17840 3488 19748
17841 3489 11244
17842 3489 15318
17843 3489 15375
17844 3490 9164
17845 3490 9754
17846 3490 11830
17847 3490 15731
17848 3491 5643
17849 3491 7496
17850 3491 11275
17851 3491 15079
17852 3492 5458
17853 3492 6125
17854 3492 6776
17855 3492 7085
17856 3492 7952
17857 3492 11663
17858 3493 5636
17859 3493 14918
17860 3493 15323
17861 3494 4190
17862 3494 11246
17863 3494 12640
17864 3494 15648
17865 3494 18060
17866 3495 3516
17867 3495 3588
17868 3495 7606
17869 3495 7614
17870 3495 12513
17871 3495 15061
17872 3496 3551
17873 3496 7734
17874 3496 9749
17875 3496 11881
17876 3496 11882
17877 3496 12640
17878 3497 5013
17879 3497 8157
17880 3497 8696
17881 3497 10190
17882 3498 3547
17883 3498 11248
17884 3498 15320
17885 3499 3546
17886 3499 3552
17887 3499 6712
17888 3499 10543
17889 3500 9305
17890 3500 10911
17891 3500 11253
17892 3500 11629
17893 3500 15300
17894 3501 5014
17895 3501 9315
17896 3501 11196
17897 3501 11251
17898 3501 17499
17899 3502 3504
17900 3502 11828
17901 3502 17286
17902 3502 18379
17903 3503 8173
17904 3503 9860
17905 3503 11256
17906 3503 11283
17907 3503 19509
17908 3504 3793
17909 3504 5155
17910 3504 11828
17911 3504 18379
17912 3505 5819
17913 3505 6288
17914 3505 8308
17915 3505 11964
17916 3505 15561
17917 3506 8864
17918 3506 12179
17919 3506 12837
17920 3506 16466
17921 3506 17306
17922 3507 8625
17923 3507 11256
17924 3507 13728
17925 3507 15608
17926 3507 15813
17927 3508 3579
17928 3508 3580
17929 3508 3793
17930 3508 5155
17931 3508 7607
17932 3508 19478
17933 3509 9270
17934 3509 16627
17935 3509 17231
17936 3510 8219
17937 3510 8794
17938 3510 11364
17939 3510 11387
17940 3510 17530
17941 3510 17851
17942 3511 4174
17943 3511 8913
17944 3511 9507
17945 3511 17308
17946 3511 19489
17947 3512 3835
17948 3512 8703
17949 3512 10469
17950 3512 12239
17951 3512 14440
17952 3513 4925
17953 3513 7660
17954 3513 7680
17955 3513 7890
17956 3513 10380
17957 3514 3534
17958 3514 3805
17959 3514 3898
17960 3514 14194
17961 3514 14381
17962 3515 4044
17963 3515 4104
17964 3515 7618
17965 3515 7865
17966 3515 8061
17967 3516 3588
17968 3516 7606
17969 3516 14734
17970 3516 18093
17971 3517 4951
17972 3517 8739
17973 3517 14612
17974 3517 16695
17975 3517 17379
17976 3518 4508
17977 3518 6796
17978 3518 7668
17979 3518 8302
17980 3519 3788
17981 3519 7999
17982 3519 8297
17983 3519 10422
17984 3519 18241
17985 3519 18462
17986 3519 18464
17987 3520 6754
17988 3520 8341
17989 3520 11964
17990 3521 11763
17991 3521 14314
17992 3521 16276
17993 3521 16580
17994 3522 4290
17995 3522 4975
17996 3522 7074
17997 3522 8115
17998 3523 4054
17999 3523 7688
18000 3523 10963
18001 3523 11388
18002 3523 17237
18003 3524 9992
18004 3524 11423
18005 3524 14973
18006 3525 6643
18007 3525 7832
18008 3525 11401
18009 3525 12540
18010 3525 12575
18011 3525 15569
18012 3525 18469
18013 3526 5349
18014 3526 6772
18015 3526 14163
18016 3526 15905
18017 3527 3535
18018 3527 3607
18019 3527 13600
18020 3527 14571
18021 3527 17137
18022 3527 17563
18023 3528 8020
18024 3528 8812
18025 3528 11447
18026 3529 4262
18027 3529 7539
18028 3529 8246
18029 3529 8956
18030 3529 9541
18031 3529 11264
18032 3530 6487
18033 3530 8711
18034 3530 10586
18035 3530 10915
18036 3530 14744
18037 3530 16914
18038 3531 10226
18039 3531 13600
18040 3531 14281
18041 3531 17483
18042 3531 18793
18043 3532 7219
18044 3532 7292
18045 3532 17526
18046 3533 4792
18047 3533 6744
18048 3533 7035
18049 3533 13743
18050 3533 17682
18051 3533 18927
18052 3534 3705
18053 3534 3968
18054 3534 14194
18055 3535 3607
18056 3535 6783
18057 3535 8087
18058 3535 14509
18059 3535 14571
18060 3536 3716
18061 3536 5322
18062 3536 11268
18063 3536 13059
18064 3536 15607
18065 3537 8014
18066 3537 8779
18067 3537 8950
18068 3537 18582
18069 3538 11426
18070 3538 17631
18071 3538 19494
18072 3539 8248
18073 3539 11515
18074 3539 14761
18075 3539 19784
18076 3540 4578
18077 3540 9477
18078 3540 9660
18079 3540 17941
18080 3540 18362
18081 3540 19713
18082 3541 5511
18083 3541 5961
18084 3541 10118
18085 3541 11929
18086 3541 16777
18087 3541 19415
18088 3542 13708
18089 3542 18166
18090 3542 18681
18091 3542 18703
18092 3542 18815
18093 3543 7523
18094 3543 12299
18095 3543 12664
18096 3543 16384
18097 3543 16389
18098 3543 19354
18099 3544 8037
18100 3544 19243
18101 3544 19284
18102 3545 4451
18103 3545 10638
18104 3545 10691
18105 3545 15436
18106 3545 17294
18107 3546 3552
18108 3546 7466
18109 3546 10543
18110 3546 11902
18111 3546 18820
18112 3547 9761
18113 3547 11248
18114 3547 14575
18115 3548 5890
18116 3548 8871
18117 3548 10700
18118 3548 11033
18119 3548 11034
18120 3549 3677
18121 3549 3708
18122 3549 9749
18123 3549 14245
18124 3549 16628
18125 3550 10043
18126 3550 12336
18127 3550 12351
18128 3550 12438
18129 3550 12628
18130 3550 17788
18131 3551 3677
18132 3551 9749
18133 3551 12640
18134 3551 15019
18135 3551 15648
18136 3552 6337
18137 3552 6373
18138 3552 7466
18139 3553 9747
18140 3553 11246
18141 3553 12601
18142 3553 15768
18143 3554 7275
18144 3554 7283
18145 3554 7457
18146 3554 9800
18147 3554 19700
18148 3555 3879
18149 3555 3995
18150 3555 10362
18151 3555 12484
18152 3555 16584
18153 3556 6491
18154 3556 8986
18155 3556 10976
18156 3556 18961
18157 3556 19390
18158 3557 9516
18159 3557 10181
18160 3557 10505
18161 3557 14824
18162 3557 16063
18163 3557 19941
18164 3558 3562
18165 3558 4484
18166 3558 4496
18167 3558 7390
18168 3558 14650
18169 3558 16798
18170 3559 3618
18171 3559 8389
18172 3559 8850
18173 3559 9408
18174 3559 16415
18175 3559 16678
18176 3560 3778
18177 3560 3828
18178 3560 12098
18179 3560 12108
18180 3560 16774
18181 3561 7688
18182 3561 11388
18183 3561 11862
18184 3561 12886
18185 3561 14363
18186 3562 3564
18187 3562 4496
18188 3562 9989
18189 3562 16798
18190 3563 7595
18191 3563 8620
18192 3563 10154
18193 3563 11216
18194 3564 4496
18195 3564 9989
18196 3564 16700
18197 3565 4351
18198 3565 4480
18199 3565 5531
18200 3565 8880
18201 3565 12161
18202 3565 19999
18203 3566 4128
18204 3566 4590
18205 3566 7505
18206 3566 9935
18207 3566 9940
18208 3566 16214
18209 3567 6908
18210 3567 8692
18211 3567 11586
18212 3567 17163
18213 3568 4022
18214 3568 13275
18215 3568 13536
18216 3569 17292
18217 3569 17309
18218 3570 7256
18219 3570 7411
18220 3570 9158
18221 3570 9936
18222 3570 9944
18223 3570 12048
18224 3571 5844
18225 3571 8154
18226 3571 11664
18227 3571 15577
18228 3571 19368
18229 3572 5460
18230 3572 11158
18231 3572 11854
18232 3572 13598
18233 3572 17697
18234 3573 3608
18235 3573 14380
18236 3573 14737
18237 3573 17548
18238 3574 3617
18239 3574 4503
18240 3574 11839
18241 3575 5096
18242 3575 5267
18243 3575 5572
18244 3575 13906
18245 3575 14455
18246 3575 19721
18247 3576 5199
18248 3576 15695
18249 3576 16184
18250 3576 16418
18251 3576 16421
18252 3577 3730
18253 3577 8425
18254 3577 11396
18255 3578 7514
18256 3578 7542
18257 3578 8496
18258 3578 10696
18259 3578 12071
18260 3579 3580
18261 3579 3793
18262 3579 8719
18263 3579 11210
18264 3579 13568
18265 3580 11210
18266 3580 11839
18267 3581 7276
18268 3581 7401
18269 3581 7457
18270 3581 19700
18271 3582 9448
18272 3582 9672
18273 3582 11659
18274 3582 19653
18275 3583 3584
18276 3583 3626
18277 3583 7192
18278 3583 9465
18279 3583 11949
18280 3583 19369
18281 3584 3626
18282 3584 8570
18283 3584 8688
18284 3584 11949
18285 3584 15155
18286 3585 4842
18287 3585 6493
18288 3585 9916
18289 3585 9943
18290 3585 12161
18291 3585 16710
18292 3586 4381
18293 3586 7192
18294 3586 7535
18295 3586 9924
18296 3586 13435
18297 3586 16592
18298 3587 3635
18299 3587 9507
18300 3587 11259
18301 3587 11935
18302 3587 19489
18303 3588 7614
18304 3588 14432
18305 3588 14734
18306 3588 14807
18307 3589 4798
18308 3589 4853
18309 3589 9846
18310 3589 12226
18311 3589 15906
18312 3589 16713
18313 3590 3687
18314 3590 8167
18315 3590 13670
18316 3591 5142
18317 3591 12419
18318 3591 13784
18319 3591 15264
18320 3591 15277
18321 3592 3596
18322 3592 7939
18323 3592 11830
18324 3593 3684
18325 3593 6723
18326 3593 10448
18327 3593 13609
18328 3594 11595
18329 3594 15303
18330 3594 19327
18331 3594 19494
18332 3595 9491
18333 3595 11861
18334 3595 18060
18335 3595 18065
18336 3596 3681
18337 3596 4341
18338 3596 4367
18339 3596 11830
18340 3597 4122
18341 3597 6386
18342 3597 10295
18343 3597 11443
18344 3597 18641
18345 3598 5285
18346 3598 14418
18347 3598 17877
18348 3598 18318
18349 3598 18393
18350 3598 18895
18351 3599 3602
18352 3599 3605
18353 3599 9081
18354 3599 15155
18355 3599 15918
18356 3599 19484
18357 3600 4172
18358 3600 5544
18359 3600 5547
18360 3600 10729
18361 3601 9833
18362 3601 12915
18363 3601 14503
18364 3601 14588
18365 3601 17279
18366 3601 17464
18367 3602 3605
18368 3602 4137
18369 3602 4468
18370 3602 15918
18371 3602 19488
18372 3603 5414
18373 3603 6166
18374 3603 12437
18375 3603 12968
18376 3603 17561
18377 3604 6670
18378 3604 6780
18379 3604 14281
18380 3604 17252
18381 3604 17483
18382 3605 3667
18383 3605 4468
18384 3605 4480
18385 3605 9081
18386 3606 7512
18387 3606 9828
18388 3606 10887
18389 3606 15166
18390 3606 17701
18391 3607 13600
18392 3607 14509
18393 3607 17281
18394 3607 18793
18395 3608 11260
18396 3608 12213
18397 3608 14380
18398 3608 17353
18399 3608 17548
18400 3609 8157
18401 3609 11415
18402 3609 17292
18403 3609 17329
18404 3610 7009
18405 3610 13489
18406 3610 19013
18407 3610 19052
18408 3610 19977
18409 3611 4100
18410 3611 8913
18411 3611 10215
18412 3611 10216
18413 3611 14874
18414 3611 17308
18415 3612 3615
18416 3612 8438
18417 3612 9816
18418 3612 11296
18419 3612 14549
18420 3613 8913
18421 3613 10199
18422 3613 10201
18423 3613 10215
18424 3613 13525
18425 3614 5863
18426 3614 6916
18427 3614 6969
18428 3614 7604
18429 3614 9785
18430 3615 3724
18431 3615 11296
18432 3615 14549
18433 3615 17301
18434 3615 19496
18435 3616 5780
18436 3616 9674
18437 3616 12397
18438 3616 12404
18439 3616 19029
18440 3617 3732
18441 3617 4503
18442 3617 8717
18443 3618 8389
18444 3618 8850
18445 3618 9724
18446 3618 14960
18447 3618 16023
18448 3618 18813
18449 3619 6807
18450 3619 8707
18451 3619 11276
18452 3619 13380
18453 3619 14362
18454 3620 10896
18455 3620 11233
18456 3620 15815
18457 3620 17552
18458 3621 8389
18459 3621 14960
18460 3621 15684
18461 3621 16678
18462 3621 17463
18463 3621 19475
18464 3622 4142
18465 3622 13274
18466 3623 4504
18467 3623 4507
18468 3623 6960
18469 3623 12564
18470 3623 13836
18471 3623 16236
18472 3624 4719
18473 3624 19570
18474 3625 11366
18475 3625 11704
18476 3626 8688
18477 3626 9465
18478 3626 9927
18479 3627 3646
18480 3627 3709
18481 3627 6416
18482 3627 7555
18483 3627 16699
18484 3628 5437
18485 3628 10014
18486 3628 12170
18487 3628 13506
18488 3628 18068
18489 3629 8991
18490 3629 10213
18491 3629 18477
18492 3629 18557
18493 3629 18648
18494 3629 18741
18495 3630 4137
18496 3630 4381
18497 3630 10696
18498 3630 12071
18499 3630 19488
18500 3631 10946
18501 3631 11840
18502 3631 11989
18503 3631 14104
18504 3631 14673
18505 3631 17505
18506 3632 6025
18507 3632 8693
18508 3632 8698
18509 3632 11074
18510 3633 3889
18511 3633 3992
18512 3633 8481
18513 3633 8789
18514 3633 19422
18515 3633 19432
18516 3633 19433
18517 3634 8368
18518 3634 14535
18519 3634 15387
18520 3634 16619
18521 3634 17504
18522 3634 18926
18523 3635 9507
18524 3635 11259
18525 3635 17549
18526 3636 3659
18527 3636 8737
18528 3636 17845
18529 3637 4111
18530 3637 7228
18531 3637 10892
18532 3637 14127
18533 3637 14793
18534 3637 16294
18535 3638 4815
18536 3638 7376
18537 3638 17282
18538 3638 18048
18539 3638 18176
18540 3639 3809
18541 3639 8583
18542 3639 9022
18543 3639 11420
18544 3639 15876
18545 3639 17277
18546 3640 4379
18547 3640 11607
18548 3640 15138
18549 3640 15428
18550 3641 5373
18551 3641 8420
18552 3641 14914
18553 3642 4492
18554 3642 6705
18555 3642 7506
18556 3642 7664
18557 3642 10452
18558 3642 13687
18559 3642 15542
18560 3643 3653
18561 3643 3654
18562 3643 11323
18563 3643 12222
18564 3643 13593
18565 3643 18843
18566 3644 3906
18567 3644 8588
18568 3644 14394
18569 3644 18942
18570 3645 4042
18571 3645 8060
18572 3645 12184
18573 3645 12220
18574 3645 12607
18575 3645 20024
18576 3646 3709
18577 3646 6416
18578 3646 6978
18579 3646 8416
18580 3646 10282
18581 3647 6842
18582 3647 11171
18583 3647 11336
18584 3647 14465
18585 3647 16088
18586 3648 3655
18587 3648 3834
18588 3648 16637
18589 3648 18809
18590 3648 18919
18591 3649 3772
18592 3649 5246
18593 3649 12396
18594 3649 14428
18595 3649 17057
18596 3650 6618
18597 3650 8995
18598 3650 9340
18599 3650 10099
18600 3650 14785
18601 3651 11824
18602 3651 12134
18603 3651 13634
18604 3651 18157
18605 3652 6217
18606 3652 6231
18607 3652 6257
18608 3652 6376
18609 3652 7813
18610 3652 8791
18611 3652 9396
18612 3653 3656
18613 3653 3893
18614 3653 12146
18615 3653 12222
18616 3653 13593
18617 3654 13593
18618 3654 15684
18619 3654 18843
18620 3654 19475
18621 3655 3834
18622 3655 6315
18623 3655 8743
18624 3655 17201
18625 3656 3893
18626 3656 12146
18627 3656 12148
18628 3656 12149
18629 3656 17310
18630 3657 6530
18631 3657 6533
18632 3657 6769
18633 3657 8507
18634 3657 8635
18635 3657 17295
18636 3658 4377
18637 3658 9340
18638 3658 11121
18639 3658 14785
18640 3658 14971
18641 3658 18558
18642 3659 9385
18643 3659 9499
18644 3659 13260
18645 3660 3873
18646 3660 3878
18647 3660 19410
18648 3661 11451
18649 3661 14466
18650 3661 16448
18651 3661 16663
18652 3661 18284
18653 3661 18478
18654 3662 4090
18655 3662 9349
18656 3662 12104
18657 3662 16646
18658 3662 16659
18659 3662 18752
18660 3663 7175
18661 3663 8969
18662 3663 14734
18663 3663 17298
18664 3663 18093
18665 3664 7177
18666 3664 7883
18667 3664 9733
18668 3664 18702
18669 3665 9177
18670 3665 9469
18671 3665 11259
18672 3665 12171
18673 3666 3756
18674 3666 11832
18675 3666 14444
18676 3666 16233
18677 3666 16301
18678 3667 4480
18679 3667 5967
18680 3667 9081
18681 3667 10099
18682 3667 19999
18683 3668 3674
18684 3668 3912
18685 3668 5238
18686 3668 10365
18687 3668 11911
18688 3668 19327
18689 3669 8206
18690 3669 8260
18691 3669 10834
18692 3669 18537
18693 3669 19090
18694 3670 6022
18695 3670 10909
18696 3670 10947
18697 3670 11425
18698 3670 11742
18699 3670 15360
18700 3671 4729
18701 3671 4730
18702 3671 7861
18703 3671 10994
18704 3671 16903
18705 3672 16732
18706 3672 16736
18707 3672 17498
18708 3672 17572
18709 3672 18139
18710 3673 9130
18711 3673 9829
18712 3673 16712
18713 3673 17437
18714 3674 4521
18715 3674 5238
18716 3674 11595
18717 3674 15285
18718 3674 19327
18719 3675 7972
18720 3675 9612
18721 3675 13302
18722 3675 15857
18723 3676 3807
18724 3676 9287
18725 3676 10544
18726 3676 13751
18727 3676 17026
18728 3676 18139
18729 3677 9749
18730 3677 14245
18731 3677 14822
18732 3677 15019
18733 3678 7738
18734 3678 15739
18735 3678 16008
18736 3679 8097
18737 3679 10289
18738 3679 14424
18739 3679 16277
18740 3679 17632
18741 3680 3991
18742 3680 4078
18743 3680 17110
18744 3680 17383
18745 3680 18887
18746 3680 19504
18747 3681 4341
18748 3681 9754
18749 3681 11830
18750 3681 12601
18751 3682 3804
18752 3682 3807
18753 3682 3814
18754 3682 3866
18755 3682 9980
18756 3682 12502
18757 3682 17026
18758 3683 7434
18759 3683 11227
18760 3683 14452
18761 3683 14469
18762 3683 14893
18763 3683 19787
18764 3684 8197
18765 3684 8540
18766 3684 10448
18767 3684 18748
18768 3684 18749
18769 3685 3802
18770 3685 3803
18771 3685 11159
18772 3685 11855
18773 3685 17090
18774 3686 3800
18775 3686 5626
18776 3686 16323
18777 3686 17708
18778 3686 17938
18779 3686 19291
18780 3687 8167
18781 3687 8688
18782 3687 9243
18783 3688 3785
18784 3688 3798
18785 3688 3799
18786 3688 8047
18787 3688 10809
18788 3689 3796
18789 3689 5508
18790 3689 8632
18791 3689 15299
18792 3689 17098
18793 3690 12618
18794 3690 13873
18795 3690 15358
18796 3690 19314
18797 3690 19618
18798 3691 3795
18799 3691 7208
18800 3691 7438
18801 3691 16443
18802 3691 18037
18803 3691 18899
18804 3692 3696
18805 3692 3787
18806 3692 7837
18807 3692 15294
18808 3693 3696
18809 3693 9609
18810 3693 10828
18811 3693 15294
18812 3693 17096
18813 3693 17316
18814 3694 3695
18815 3694 3697
18816 3694 6227
18817 3694 10141
18818 3694 17096
18819 3695 3697
18820 3695 3758
18821 3695 6227
18822 3696 3787
18823 3696 9609
18824 3696 15212
18825 3696 15294
18826 3696 18040
18827 3697 10141
18828 3697 17569
18829 3698 4435
18830 3698 4497
18831 3698 14693
18832 3698 15457
18833 3698 17152
18834 3699 3790
18835 3699 3976
18836 3699 3984
18837 3699 6551
18838 3699 12240
18839 3699 16653
18840 3700 6996
18841 3700 7577
18842 3700 10052
18843 3700 13313
18844 3700 18124
18845 3701 8515
18846 3701 13693
18847 3701 16740
18848 3701 17431
18849 3701 18246
18850 3702 3936
18851 3702 4123
18852 3702 13760
18853 3702 14542
18854 3702 15103
18855 3703 7949
18856 3703 9118
18857 3703 10649
18858 3703 12450
18859 3703 16751
18860 3703 18095
18861 3704 3855
18862 3704 7077
18863 3704 14869
18864 3704 19661
18865 3705 3968
18866 3705 8936
18867 3705 10472
18868 3706 8007
18869 3706 12980
18870 3706 16487
18871 3706 17330
18872 3707 9065
18873 3707 11401
18874 3707 11944
18875 3707 13864
18876 3707 17937
18877 3708 4923
18878 3708 8056
18879 3708 15579
18880 3708 16628
18881 3709 8968
18882 3709 10282
18883 3709 11488
18884 3709 16699
18885 3710 3780
18886 3710 10044
18887 3710 12254
18888 3710 12255
18889 3710 15573
18890 3711 3762
18891 3711 7517
18892 3711 8626
18893 3711 8914
18894 3711 16693
18895 3711 17049
18896 3712 3735
18897 3712 7652
18898 3712 10510
18899 3712 16630
18900 3712 17387
18901 3712 19480
18902 3713 5938
18903 3713 8527
18904 3713 8716
18905 3713 18759
18906 3713 19624
18907 3714 3717
18908 3714 6379
18909 3714 8626
18910 3714 8914
18911 3714 13696
18912 3715 7517
18913 3715 8626
18914 3715 12229
18915 3715 12483
18916 3715 13696
18917 3715 16130
18918 3716 12393
18919 3716 13059
18920 3716 15607
18921 3716 15608
18922 3717 13696
18923 3717 17625
18924 3717 18540
18925 3718 3720
18926 3718 3768
18927 3718 6229
18928 3718 10044
18929 3718 12366
18930 3718 15573
18931 3718 19480
18932 3719 3768
18933 3719 10510
18934 3719 12254
18935 3719 15573
18936 3719 16636
18937 3719 18872
18938 3720 3737
18939 3720 6229
18940 3720 12366
18941 3720 12559
18942 3721 4689
18943 3721 6534
18944 3721 11623
18945 3721 15005
18946 3721 19271
18947 3722 4022
18948 3722 13536
18949 3722 13836
18950 3722 15898
18951 3722 17300
18952 3723 8803
18953 3723 18049
18954 3724 11296
18955 3724 17301
18956 3724 17324
18957 3724 17331
18958 3725 10078
18959 3725 17305
18960 3725 17309
18961 3726 10402
18962 3726 17303
18963 3726 17331
18964 3727 4362
18965 3727 7873
18966 3727 9301
18967 3727 14772
18968 3727 15208
18969 3727 17163
18970 3728 6656
18971 3728 6696
18972 3728 19260
18973 3729 4401
18974 3729 9095
18975 3729 12691
18976 3729 12738
18977 3729 18570
18978 3729 19175
18979 3730 8425
18980 3730 11396
18981 3730 17307
18982 3731 4132
18983 3731 7135
18984 3731 7411
18985 3731 7550
18986 3731 8158
18987 3731 9201
18988 3731 14643
18989 3732 4464
18990 3732 8717
18991 3733 4049
18992 3733 8648
18993 3733 15254
18994 3733 15981
18995 3733 19590
18996 3734 4444
18997 3734 4646
18998 3734 14019
18999 3734 17275
19000 3735 6229
19001 3735 11406
19002 3735 16693
19003 3735 17387
19004 3735 19480
19005 3736 4794
19006 3736 5162
19007 3736 7444
19008 3736 9515
19009 3736 11924
19010 3736 13440
19011 3737 5040
19012 3737 6229
19013 3737 11406
19014 3737 12229
19015 3737 12559
19016 3737 16131
19017 3738 7128
19018 3738 7638
19019 3738 9441
19020 3738 14117
19021 3738 18977
19022 3738 19546
19023 3739 8717
19024 3739 13357
19025 3739 18181
19026 3740 3918
19027 3740 13544
19028 3740 16048
19029 3740 17577
19030 3740 17624
19031 3740 19465
19032 3741 6597
19033 3741 7011
19034 3741 7460
19035 3741 14283
19036 3741 15713
19037 3742 9176
19038 3742 11436
19039 3742 13820
19040 3742 18058
19041 3742 19685
19042 3743 13809
19043 3743 19166
19044 3743 19629
19045 3744 14751
19046 3744 18997
19047 3745 7760
19048 3745 10971
19049 3745 16994
19050 3745 19829
19051 3746 3752
19052 3746 15212
19053 3746 16589
19054 3746 16676
19055 3746 19446
19056 3747 3749
19057 3747 14775
19058 3747 16062
19059 3748 4923
19060 3748 7466
19061 3748 9506
19062 3748 14766
19063 3748 15579
19064 3748 18820
19065 3749 6982
19066 3749 11359
19067 3749 14775
19068 3749 16062
19069 3750 6941
19070 3750 8073
19071 3750 11492
19072 3750 16844
19073 3750 19540
19074 3751 3754
19075 3751 8063
19076 3751 11478
19077 3751 17431
19078 3752 3755
19079 3752 14431
19080 3752 15212
19081 3752 18040
19082 3752 19446
19083 3753 8861
19084 3753 14134
19085 3753 14437
19086 3753 15661
19087 3753 16030
19088 3753 16767
19089 3753 18831
19090 3754 4408
19091 3755 9120
19092 3755 12347
19093 3755 14431
19094 3755 16645
19095 3755 19446
19096 3756 9393
19097 3756 14444
19098 3756 18032
19099 3756 18913
19100 3757 7643
19101 3758 3759
19102 3758 6227
19103 3758 16589
19104 3758 16676
19105 3759 3993
19106 3759 16589
19107 3760 7346
19108 3760 9343
19109 3760 12837
19110 3760 16408
19111 3761 9357
19112 3761 16617
19113 3761 17092
19114 3761 17363
19115 3762 4077
19116 3762 8914
19117 3762 12634
19118 3762 13662
19119 3762 17049
19120 3763 5585
19121 3763 11503
19122 3763 16761
19123 3763 17588
19124 3764 8231
19125 3764 8250
19126 3764 9656
19127 3764 10255
19128 3764 12128
19129 3764 18784
19130 3765 3861
19131 3765 8487
19132 3765 9346
19133 3765 11451
19134 3765 13592
19135 3765 18478
19136 3766 3818
19137 3766 3826
19138 3766 13689
19139 3766 17212
19140 3766 17740
19141 3766 18900
19142 3767 7488
19143 3767 13646
19144 3767 14449
19145 3767 16433
19146 3767 16660
19147 3768 10510
19148 3768 15573
19149 3768 19480
19150 3769 19876
19151 3769 19901
19152 3770 5866
19153 3770 7663
19154 3770 12227
19155 3770 12542
19156 3770 12870
19157 3770 13255
19158 3771 16525
19159 3771 16690
19160 3771 16691
19161 3771 19092
19162 3772 3989
19163 3772 5246
19164 3772 12396
19165 3772 12630
19166 3772 16015
19167 3773 14459
19168 3773 15312
19169 3773 16750
19170 3773 16752
19171 3773 16756
19172 3773 16758
19173 3774 4258
19174 3774 4901
19175 3774 4914
19176 3774 4952
19177 3775 6365
19178 3775 9636
19179 3775 9642
19180 3775 12465
19181 3775 13742
19182 3776 3886
19183 3776 12107
19184 3776 12119
19185 3776 18461
19186 3777 9386
19187 3777 12107
19188 3777 14458
19189 3777 17420
19190 3778 12098
19191 3778 12108
19192 3778 12476
19193 3778 14466
19194 3778 16663
19195 3779 11059
19196 3779 12296
19197 3779 12401
19198 3779 13741
19199 3779 16501
19200 3779 17020
19201 3780 10044
19202 3780 12255
19203 3780 16140
19204 3780 17322
19205 3780 17628
19206 3781 3964
19207 3781 5593
19208 3781 6774
19209 3781 14458
19210 3781 17420
19211 3781 18292
19212 3781 18484
19213 3782 6768
19214 3782 15520
19215 3782 15718
19216 3782 16220
19217 3782 17208
19218 3782 17896
19219 3783 3789
19220 3783 3792
19221 3783 7592
19222 3783 14442
19223 3783 16664
19224 3783 16748
19225 3784 4076
19226 3784 7184
19227 3784 12241
19228 3784 15114
19229 3784 16632
19230 3784 18963
19231 3785 3799
19232 3785 17154
19233 3785 17268
19234 3785 17790
19235 3786 10213
19236 3786 12238
19237 3786 15670
19238 3786 17574
19239 3786 18741
19240 3786 19473
19241 3787 5958
19242 3787 18040
19243 3788 3789
19244 3788 4075
19245 3788 4076
19246 3788 7999
19247 3788 8297
19248 3788 16748
19249 3789 4075
19250 3789 11709
19251 3789 16664
19252 3789 16748
19253 3790 3984
19254 3790 6551
19255 3790 8916
19256 3790 13514
19257 3790 16744
19258 3791 9610
19259 3791 14119
19260 3791 15482
19261 3791 17465
19262 3792 7592
19263 3792 8297
19264 3792 16748
19265 3792 18557
19266 3792 18648
19267 3793 5155
19268 3793 8719
19269 3793 11828
19270 3794 6046
19271 3794 6248
19272 3794 6718
19273 3794 8704
19274 3794 13366
19275 3795 7438
19276 3795 8203
19277 3795 17099
19278 3795 18036
19279 3795 18037
19280 3796 3798
19281 3796 8048
19282 3796 15108
19283 3796 15299
19284 3796 17098
19285 3797 11764
19286 3797 13468
19287 3797 13535
19288 3797 14205
19289 3797 14285
19290 3798 8048
19291 3798 10809
19292 3798 15108
19293 3799 8047
19294 3799 10036
19295 3799 16323
19296 3799 17268
19297 3800 8388
19298 3800 13899
19299 3800 17090
19300 3800 17708
19301 3800 17938
19302 3801 9187
19303 3801 10889
19304 3801 10973
19305 3801 16347
19306 3801 16365
19307 3801 18766
19308 3802 8388
19309 3802 11855
19310 3802 17090
19311 3802 17291
19312 3803 3804
19313 3803 3866
19314 3803 11159
19315 3803 11855
19316 3803 17136
19317 3804 3866
19318 3804 11159
19319 3804 12502
19320 3804 17085
19321 3805 3898
19322 3805 4474
19323 3805 9018
19324 3805 11584
19325 3806 6457
19326 3806 7658
19327 3806 12178
19328 3806 12516
19329 3806 12657
19330 3806 18994
19331 3807 5498
19332 3807 9287
19333 3807 12502
19334 3807 17026
19335 3808 8036
19336 3808 8939
19337 3808 12895
19338 3808 16805
19339 3808 16868
19340 3808 19209
19341 3809 4189
19342 3809 9161
19343 3809 17277
19344 3810 4211
19345 3810 4934
19346 3810 11324
19347 3810 18213
19348 3810 18502
19349 3810 19114
19350 3811 9407
19351 3811 14394
19352 3811 16467
19353 3811 16468
19354 3811 17383
19355 3812 8937
19356 3812 13879
19357 3812 14792
19358 3812 17644
19359 3812 17647
19360 3813 4482
19361 3813 4559
19362 3813 4688
19363 3813 10474
19364 3813 11788
19365 3814 3866
19366 3814 9980
19367 3814 17141
19368 3814 17250
19369 3814 17283
19370 3815 8547
19371 3815 9365
19372 3815 12152
19373 3815 16597
19374 3815 16732
19375 3815 19442
19376 3816 3937
19377 3816 9741
19378 3816 11702
19379 3816 12882
19380 3817 7699
19381 3817 9413
19382 3817 9757
19383 3817 12105
19384 3817 16086
19385 3818 13689
19386 3818 14443
19387 3818 17113
19388 3818 18900
19389 3819 3880
19390 3819 7346
19391 3819 9239
19392 3819 9522
19393 3819 13086
19394 3819 16462
19395 3820 12496
19396 3820 19142
19397 3820 19595
19398 3821 12844
19399 3821 13231
19400 3821 19174
19401 3822 5097
19402 3822 12133
19403 3822 12604
19404 3822 17691
19405 3822 18802
19406 3823 12605
19407 3823 12867
19408 3823 12917
19409 3823 12920
19410 3823 14021
19411 3823 19328
19412 3824 3842
19413 3824 8411
19414 3824 12820
19415 3824 13616
19416 3824 14185
19417 3824 15345
19418 3825 7296
19419 3825 12621
19420 3825 13527
19421 3825 16192
19422 3825 19110
19423 3825 19431
19424 3826 16428
19425 3826 17212
19426 3826 17213
19427 3826 18087
19428 3826 18900
19429 3827 4035
19430 3827 10195
19431 3827 10337
19432 3827 13463
19433 3827 14402
19434 3827 15068
19435 3828 3858
19436 3828 3860
19437 3828 12108
19438 3829 7430
19439 3829 9962
19440 3829 10384
19441 3829 11497
19442 3829 17531
19443 3829 18666
19444 3830 4451
19445 3830 6463
19446 3830 12547
19447 3830 15429
19448 3830 16811
19449 3831 8522
19450 3831 11488
19451 3831 12024
19452 3831 12031
19453 3831 16695
19454 3831 16699
19455 3832 10884
19456 3832 12332
19457 3832 12469
19458 3832 12969
19459 3832 16639
19460 3833 7388
19461 3833 9141
19462 3833 11264
19463 3833 15085
19464 3834 9724
19465 3834 17201
19466 3834 18809
19467 3835 8282
19468 3835 8405
19469 3835 10469
19470 3835 11878
19471 3836 4053
19472 3836 4066
19473 3836 5804
19474 3836 14171
19475 3836 16046
19476 3836 19659
19477 3837 3926
19478 3837 8851
19479 3837 12504
19480 3837 17783
19481 3837 18609
19482 3838 10910
19483 3838 13655
19484 3838 16422
19485 3838 17204
19486 3838 18285
19487 3838 18752
19488 3839 4045
19489 3839 8691
19490 3839 9130
19491 3839 9158
19492 3839 9936
19493 3839 10023
19494 3840 9403
19495 3840 11756
19496 3840 12842
19497 3840 16272
19498 3840 19445
19499 3840 19493
19500 3841 4441
19501 3841 4547
19502 3841 4904
19503 3841 4927
19504 3841 8998
19505 3841 13661
19506 3842 6939
19507 3842 9757
19508 3842 13517
19509 3842 13616
19510 3842 15345
19511 3842 19397
19512 3843 4009
19513 3843 7203
19514 3843 8305
19515 3843 8378
19516 3843 14244
19517 3844 3849
19518 3844 3902
19519 3844 8870
19520 3844 9699
19521 3845 4214
19522 3845 8229
19523 3845 9430
19524 3845 15222
19525 3846 5270
19526 3846 9112
19527 3846 12555
19528 3846 13512
19529 3846 16288
19530 3846 16407
19531 3847 8823
19532 3847 10092
19533 3847 11510
19534 3847 14591
19535 3847 14602
19536 3847 14680
19537 3848 10488
19538 3848 16701
19539 3849 8653
19540 3849 8870
19541 3849 13192
19542 3849 19882
19543 3850 7376
19544 3850 9955
19545 3850 11263
19546 3850 16591
19547 3850 18568
19548 3851 3955
19549 3851 5079
19550 3851 7794
19551 3851 13232
19552 3851 15737
19553 3852 5517
19554 3852 12567
19555 3852 12728
19556 3852 15675
19557 3852 16299
19558 3852 19398
19559 3852 19439
19560 3853 4390
19561 3853 11280
19562 3853 11993
19563 3853 16193
19564 3853 16194
19565 3854 16409
19566 3854 17462
19567 3854 18512
19568 3854 18669
19569 3855 7077
19570 3855 15696
19571 3855 19930
19572 3856 12551
19573 3856 14237
19574 3856 17000
19575 3856 19394
19576 3856 19481
19577 3857 5050
19578 3857 8937
19579 3857 13880
19580 3857 16209
19581 3857 17647
19582 3858 3860
19583 3858 12108
19584 3858 14781
19585 3858 15390
19586 3858 18110
19587 3859 5262
19588 3859 5478
19589 3859 13242
19590 3859 19890
19591 3860 13549
19592 3860 18110
19593 3861 6026
19594 3861 8487
19595 3861 13592
19596 3861 15046
19597 3861 18090
19598 3862 5714
19599 3862 11507
19600 3862 14089
19601 3862 19268
19602 3862 19774
19603 3863 5097
19604 3863 12604
19605 3863 17186
19606 3863 17212
19607 3863 17213
19608 3864 4001
19609 3864 4680
19610 3864 5834
19611 3864 9826
19612 3864 16440
19613 3864 19417
19614 3865 4254
19615 3865 4516
19616 3865 16017
19617 3865 18723
19618 3866 17136
19619 3866 17250
19620 3867 7925
19621 3867 8931
19622 3867 13203
19623 3867 16620
19624 3868 7210
19625 3868 10080
19626 3868 15564
19627 3868 17118
19628 3868 17193
19629 3869 4283
19630 3869 11753
19631 3869 13629
19632 3869 13665
19633 3869 14278
19634 3869 17586
19635 3870 3890
19636 3870 7084
19637 3870 16556
19638 3870 16602
19639 3871 4259
19640 3871 4295
19641 3871 17373
19642 3871 19071
19643 3871 19420
19644 3872 13852
19645 3872 14874
19646 3872 15146
19647 3872 17329
19648 3873 4403
19649 3873 6023
19650 3873 19451
19651 3874 4967
19652 3874 9172
19653 3874 13088
19654 3874 19051
19655 3875 6708
19656 3875 6755
19657 3875 7028
19658 3875 10575
19659 3875 10603
19660 3876 6023
19661 3876 9608
19662 3876 12639
19663 3876 16457
19664 3876 16587
19665 3877 15931
19666 3877 16572
19667 3877 17317
19668 3878 12621
19669 3878 19410
19670 3878 19431
19671 3879 7187
19672 3879 7750
19673 3879 10362
19674 3879 11452
19675 3879 16584
19676 3880 6503
19677 3880 9522
19678 3880 16462
19679 3880 18982
19680 3881 5938
19681 3881 11701
19682 3881 16006
19683 3881 18725
19684 3882 11490
19685 3882 12600
19686 3882 16448
19687 3882 17607
19688 3882 17789
19689 3882 18057
19690 3883 3973
19691 3883 9287
19692 3883 10544
19693 3883 11485
19694 3883 14877
19695 3883 17410
19696 3884 15930
19697 3884 16987
19698 3884 19394
19699 3884 19675
19700 3885 4558
19701 3885 6027
19702 3885 10270
19703 3885 11963
19704 3885 14644
19705 3886 11462
19706 3886 15601
19707 3886 17515
19708 3886 18457
19709 3886 18461
19710 3887 3929
19711 3887 8078
19712 3887 19664
19713 3888 15951
19714 3888 19875
19715 3888 19905
19716 3889 8481
19717 3889 12101
19718 3889 14806
19719 3889 19433
19720 3890 4073
19721 3890 7084
19722 3890 11997
19723 3890 15334
19724 3890 16556
19725 3891 17092
19726 3891 17110
19727 3891 17737
19728 3891 18887
19729 3892 7749
19730 3892 10368
19731 3892 12869
19732 3892 13754
19733 3892 13941
19734 3893 12222
19735 3893 17114
19736 3893 17310
19737 3893 18176
19738 3894 9622
19739 3894 11559
19740 3894 11756
19741 3894 17925
19742 3894 19445
19743 3895 9421
19744 3895 9958
19745 3895 11462
19746 3895 11688
19747 3895 12007
19748 3896 4699
19749 3896 14999
19750 3896 15721
19751 3896 17271
19752 3896 19109
19753 3896 19396
19754 3897 7467
19755 3897 12262
19756 3897 12295
19757 3897 13750
19758 3897 15765
19759 3897 19096
19760 3898 9018
19761 3898 9806
19762 3898 10464
19763 3898 14381
19764 3899 5254
19765 3899 6369
19766 3899 9388
19767 3899 9935
19768 3899 11797
19769 3899 19786
19770 3900 4221
19771 3900 9093
19772 3900 9422
19773 3900 14306
19774 3900 15562
19775 3900 16137
19776 3901 3999
19777 3901 11522
19778 3901 11529
19779 3901 13657
19780 3901 18167
19781 3902 8870
19782 3902 9699
19783 3902 12988
19784 3902 13268
19785 3902 16075
19786 3903 4188
19787 3903 8482
19788 3903 15014
19789 3903 16858
19790 3903 17278
19791 3904 4630
19792 3904 8172
19793 3904 9173
19794 3904 15656
19795 3904 17861
19796 3904 18293
19797 3905 3929
19798 3905 8461
19799 3905 9229
19800 3905 17957
19801 3905 18031
19802 3906 8588
19803 3906 9638
19804 3906 14394
19805 3906 16467
19806 3906 16470
19807 3907 6659
19808 3907 9356
19809 3907 11067
19810 3907 13855
19811 3907 19745
19812 3908 9775
19813 3909 16827
19814 3909 16890
19815 3910 7860
19816 3910 16464
19817 3910 16612
19818 3910 18033
19819 3910 19474
19820 3911 4232
19821 3911 8343
19822 3911 12002
19823 3911 14847
19824 3911 18420
19825 3912 10365
19826 3912 11393
19827 3912 11911
19828 3912 12602
19829 3912 17710
19830 3913 5851
19831 3913 11257
19832 3913 16503
19833 3913 16558
19834 3913 17384
19835 3913 19820
19836 3914 5579
19837 3914 8159
19838 3914 8184
19839 3914 14139
19840 3914 15493
19841 3915 8728
19842 3915 11519
19843 3915 17328
19844 3915 19889
19845 3915 19952
19846 3916 4327
19847 3916 7464
19848 3916 8567
19849 3917 3918
19850 3917 11834
19851 3917 15968
19852 3917 16841
19853 3917 18657
19854 3917 18855
19855 3918 11834
19856 3918 15968
19857 3918 17577
19858 3918 17624
19859 3919 3922
19860 3919 11833
19861 3919 16841
19862 3919 17336
19863 3919 18657
19864 3920 8237
19865 3920 9428
19866 3920 11711
19867 3920 14481
19868 3921 9472
19869 3921 12186
19870 3921 14121
19871 3921 14171
19872 3921 16335
19873 3921 19404
19874 3922 5924
19875 3922 7994
19876 3922 12426
19877 3922 16841
19878 3922 17336
19879 3922 18187
19880 3923 5144
19881 3923 11831
19882 3923 11891
19883 3923 15837
19884 3923 17336
19885 3924 8932
19886 3924 17365
19887 3924 17592
19888 3925 4699
19889 3925 6615
19890 3925 13599
19891 3925 14376
19892 3925 14980
19893 3925 17271
19894 3926 8851
19895 3926 12572
19896 3926 15591
19897 3926 17783
19898 3926 19160
19899 3927 10384
19900 3927 12639
19901 3927 15950
19902 3927 16616
19903 3927 17369
19904 3928 8209
19905 3928 9751
19906 3928 13880
19907 3928 17219
19908 3928 19640
19909 3929 9229
19910 3930 13969
19911 3930 16070
19912 3931 3993
19913 3931 4545
19914 3931 5671
19915 3931 8064
19916 3931 9120
19917 3932 7235
19918 3932 14909
19919 3932 19222
19920 3933 6874
19921 3933 8346
19922 3933 13000
19923 3933 13307
19924 3933 18761
19925 3934 10200
19926 3934 15126
19927 3934 15387
19928 3934 16619
19929 3934 17538
19930 3934 18781
19931 3934 19737
19932 3935 8200
19933 3935 11233
19934 3935 13688
19935 3935 17552
19936 3935 19851
19937 3936 7139
19938 3936 7716
19939 3936 9901
19940 3936 14542
19941 3936 15103
19942 3937 9741
19943 3937 11286
19944 3937 15128
19945 3937 15150
19946 3938 4531
19947 3938 4716
19948 3938 6940
19949 3938 10577
19950 3938 11055
19951 3938 18092
19952 3939 4021
19953 3939 9502
19954 3940 11476
19955 3940 17588
19956 3940 17768
19957 3940 19056
19958 3941 4662
19959 3941 6574
19960 3941 7264
19961 3941 10740
19962 3941 11079
19963 3942 8305
19964 3942 8378
19965 3943 5333
19966 3943 10386
19967 3943 11185
19968 3943 11217
19969 3943 17416
19970 3943 18191
19971 3944 4056
19972 3944 9703
19973 3944 16555
19974 3944 17019
19975 3944 17227
19976 3944 18662
19977 3945 4010
19978 3945 9182
19979 3945 14786
19980 3945 19269
19981 3945 19718
19982 3946 4414
19983 3946 4894
19984 3946 5156
19985 3946 9382
19986 3946 11631
19987 3946 16731
19988 3947 11617
19989 3947 11618
19990 3947 11619
19991 3947 11621
19992 3947 11668
19993 3948 7543
19994 3948 9254
19995 3948 13359
19996 3948 14346
19997 3948 14692
19998 3948 15384
19999 3948 17425
20000 3949 7796
20001 3949 7799
20002 3949 16095
20003 3949 18983
20004 3949 19795
20005 3950 8926
20006 3950 12808
20007 3950 13431
20008 3950 16085
20009 3950 18998
20010 3951 5638
20011 3951 5939
20012 3951 12358
20013 3951 18901
20014 3951 19107
20015 3952 4205
20016 3953 8806
20017 3953 17906
20018 3953 19238
20019 3953 19799
20020 3954 6867
20021 3954 9759
20022 3954 14262
20023 3954 16994
20024 3955 5788
20025 3955 7127
20026 3955 8543
20027 3955 13232
20028 3956 5775
20029 3956 5776
20030 3956 6054
20031 3956 6277
20032 3956 14170
20033 3956 17023
20034 3957 4074
20035 3957 12143
20036 3957 16091
20037 3957 16544
20038 3957 18203
20039 3958 7161
20040 3958 9392
20041 3958 15954
20042 3958 17266
20043 3959 3960
20044 3959 11472
20045 3959 16538
20046 3959 16544
20047 3959 16557
20048 3959 18783
20049 3960 11472
20050 3960 11474
20051 3960 16539
20052 3960 16542
20053 3960 16557
20054 3961 3962
20055 3961 16048
20056 3961 16603
20057 3961 17194
20058 3961 19465
20059 3962 5972
20060 3962 7225
20061 3962 16547
20062 3962 16603
20063 3963 8519
20064 3963 8587
20065 3963 11170
20066 3963 12399
20067 3963 12405
20068 3963 15261
20069 3964 6774
20070 3964 9588
20071 3964 18292
20072 3964 18895
20073 3964 19015
20074 3965 8916
20075 3965 13514
20076 3965 13547
20077 3965 14438
20078 3965 16651
20079 3965 16668
20080 3966 4564
20081 3966 4805
20082 3966 9487
20083 3966 13547
20084 3966 16651
20085 3966 18849
20086 3967 3979
20087 3967 5568
20088 3967 9162
20089 3967 9689
20090 3967 16442
20091 3968 9782
20092 3968 10472
20093 3968 11636
20094 3968 14194
20095 3969 3996
20096 3969 4295
20097 3969 7628
20098 3969 16564
20099 3969 19071
20100 3970 10029
20101 3970 12444
20102 3970 13596
20103 3970 14144
20104 3970 16291
20105 3970 17119
20106 3971 4111
20107 3971 6756
20108 3971 7228
20109 3971 7611
20110 3971 13500
20111 3971 15481
20112 3972 5324
20113 3972 6847
20114 3972 6952
20115 3972 14759
20116 3972 15891
20117 3973 10544
20118 3973 11212
20119 3973 13522
20120 3973 14877
20121 3974 9843
20122 3974 10562
20123 3974 11694
20124 3974 11796
20125 3974 17140
20126 3974 17890
20127 3975 4575
20128 3975 5263
20129 3975 7538
20130 3975 8086
20131 3975 14645
20132 3975 15051
20133 3976 6551
20134 3976 9739
20135 3976 13458
20136 3976 14831
20137 3976 16653
20138 3977 6743
20139 3977 7621
20140 3977 8081
20141 3977 11585
20142 3977 11649
20143 3977 15347
20144 3977 18801
20145 3978 8840
20146 3978 15073
20147 3978 15760
20148 3978 15775
20149 3979 5568
20150 3979 8166
20151 3979 16438
20152 3979 16439
20153 3979 16442
20154 3980 8285
20155 3980 10490
20156 3980 15167
20157 3980 16186
20158 3980 16287
20159 3981 4193
20160 3981 13614
20161 3981 14620
20162 3981 16569
20163 3981 17581
20164 3981 17650
20165 3982 13799
20166 3982 14708
20167 3982 17144
20168 3982 17145
20169 3982 17555
20170 3983 9644
20171 3983 11481
20172 3983 14438
20173 3983 16742
20174 3983 19466
20175 3984 12240
20176 3984 13546
20177 3984 15382
20178 3984 16744
20179 3985 6364
20180 3985 8165
20181 3985 9587
20182 3985 10933
20183 3985 19470
20184 3985 19471
20185 3986 5614
20186 3986 5912
20187 3986 16766
20188 3986 18269
20189 3986 19016
20190 3986 19950
20191 3987 4685
20192 3987 7060
20193 3987 12316
20194 3987 16403
20195 3987 19467
20196 3988 8672
20197 3988 9685
20198 3988 11538
20199 3988 12170
20200 3988 12444
20201 3988 16123
20202 3988 19581
20203 3989 8064
20204 3989 9438
20205 3989 12396
20206 3989 12630
20207 3989 15698
20208 3989 16645
20209 3990 3992
20210 3990 6702
20211 3990 7430
20212 3990 8789
20213 3991 4078
20214 3991 16464
20215 3991 16562
20216 3991 16612
20217 3991 19504
20218 3992 7430
20219 3992 8789
20220 3992 11497
20221 3992 19432
20222 3993 9120
20223 3993 16589
20224 3993 19446
20225 3994 11707
20226 3994 12119
20227 3994 15311
20228 3994 16435
20229 3995 12484
20230 3995 16571
20231 3995 16584
20232 3995 17997
20233 3996 8789
20234 3996 19071
20235 3996 19433
20236 3997 3998
20237 3997 4289
20238 3997 11522
20239 3997 17582
20240 3998 12126
20241 3998 16564
20242 3998 16571
20243 3998 17582
20244 3999 9433
20245 3999 11529
20246 3999 13657
20247 3999 14246
20248 3999 16559
20249 4000 4073
20250 4000 4287
20251 4000 9224
20252 4000 12121
20253 4000 16556
20254 4000 17586
20255 4001 4680
20256 4001 9224
20257 4001 14446
20258 4001 19417
20259 4002 4832
20260 4002 4915
20261 4002 11183
20262 4002 12623
20263 4003 4228
20264 4003 4913
20265 4003 8066
20266 4003 10432
20267 4003 11609
20268 4003 17075
20269 4004 5868
20270 4004 11106
20271 4004 16605
20272 4004 16802
20273 4004 17372
20274 4004 19569
20275 4005 7013
20276 4005 13098
20277 4005 14778
20278 4005 16491
20279 4005 17787
20280 4006 9032
20281 4006 12742
20282 4006 16105
20283 4006 16124
20284 4006 18233
20285 4006 18236
20286 4007 7766
20287 4007 13758
20288 4008 6481
20289 4008 8369
20290 4008 10948
20291 4008 14873
20292 4008 18865
20293 4009 7203
20294 4009 19111
20295 4010 8477
20296 4010 10875
20297 4010 14786
20298 4010 19718
20299 4011 8489
20300 4011 9544
20301 4011 16655
20302 4011 16992
20303 4011 17200
20304 4011 18513
20305 4012 4346
20306 4012 6189
20307 4012 8976
20308 4012 10915
20309 4012 12499
20310 4012 13938
20311 4013 9071
20312 4013 10833
20313 4013 19716
20314 4014 4016
20315 4014 6610
20316 4014 7885
20317 4014 9867
20318 4014 13361
20319 4014 19299
20320 4015 4519
20321 4015 7129
20322 4015 10375
20323 4015 19783
20324 4016 6339
20325 4016 6610
20326 4016 13361
20327 4016 13587
20328 4016 18297
20329 4017 7191
20330 4017 7193
20331 4017 7194
20332 4017 9457
20333 4017 9849
20334 4017 10263
20335 4018 4282
20336 4018 12884
20337 4018 13557
20338 4018 16639
20339 4018 17867
20340 4019 4347
20341 4019 5435
20342 4019 18143
20343 4019 19028
20344 4020 4427
20345 4020 7402
20346 4020 7990
20347 4020 8994
20348 4021 9502
20349 4021 15682
20350 4021 19033
20351 4022 13536
20352 4022 17298
20353 4023 5026
20354 4023 5112
20355 4023 9554
20356 4023 12719
20357 4023 15646
20358 4024 11132
20359 4024 17109
20360 4024 17144
20361 4024 17146
20362 4024 18514
20363 4025 9350
20364 4025 9778
20365 4025 11577
20366 4025 11678
20367 4025 13175
20368 4026 10167
20369 4026 10171
20370 4026 10175
20371 4026 10481
20372 4026 10486
20373 4026 19976
20374 4027 4069
20375 4027 4659
20376 4027 4753
20377 4027 9123
20378 4028 7896
20379 4028 11340
20380 4028 13279
20381 4028 17704
20382 4029 11085
20383 4029 12645
20384 4029 13388
20385 4029 15719
20386 4029 16362
20387 4030 4036
20388 4030 4061
20389 4030 9692
20390 4030 9694
20391 4030 12139
20392 4031 5535
20393 4031 8961
20394 4031 12666
20395 4031 12672
20396 4031 17507
20397 4031 17753
20398 4032 11364
20399 4032 11419
20400 4032 15818
20401 4032 17530
20402 4032 17751
20403 4033 9691
20404 4033 9694
20405 4033 9702
20406 4033 12132
20407 4033 12966
20408 4033 13923
20409 4034 8657
20410 4034 14978
20411 4035 10337
20412 4035 12544
20413 4035 13463
20414 4035 14396
20415 4035 14524
20416 4035 16563
20417 4036 9694
20418 4036 9702
20419 4036 18283
20420 4036 18857
20421 4037 7809
20422 4037 13423
20423 4038 4095
20424 4038 6061
20425 4038 15165
20426 4038 15804
20427 4038 17466
20428 4038 18044
20429 4039 6315
20430 4039 8743
20431 4039 12302
20432 4039 13165
20433 4039 17643
20434 4039 18277
20435 4040 8814
20436 4040 10105
20437 4040 10107
20438 4041 10051
20439 4041 10327
20440 4041 12582
20441 4041 16849
20442 4042 4057
20443 4042 8060
20444 4042 12220
20445 4042 18584
20446 4043 4241
20447 4043 6020
20448 4043 10883
20449 4043 10893
20450 4043 16964
20451 4044 4104
20452 4044 4626
20453 4044 7287
20454 4044 8061
20455 4044 9026
20456 4045 5082
20457 4045 9130
20458 4045 9829
20459 4045 10023
20460 4045 18856
20461 4046 5663
20462 4046 10945
20463 4046 12822
20464 4046 13739
20465 4046 16176
20466 4046 16372
20467 4046 18492
20468 4047 7493
20469 4047 19933
20470 4048 4487
20471 4048 9790
20472 4048 16717
20473 4048 17432
20474 4048 18111
20475 4049 8648
20476 4049 10002
20477 4049 13558
20478 4049 15254
20479 4049 19173
20480 4050 5144
20481 4050 7947
20482 4050 8597
20483 4050 14565
20484 4050 18187
20485 4050 19429
20486 4051 10834
20487 4051 15611
20488 4051 19030
20489 4052 5494
20490 4052 5751
20491 4052 5763
20492 4052 6584
20493 4052 10818
20494 4052 19523
20495 4053 5804
20496 4053 7222
20497 4053 9133
20498 4053 14121
20499 4053 14171
20500 4054 7688
20501 4054 9285
20502 4054 10491
20503 4054 14569
20504 4054 15703
20505 4055 14445
20506 4055 16004
20507 4055 18210
20508 4055 18217
20509 4055 19098
20510 4056 5966
20511 4056 12138
20512 4056 17019
20513 4056 17227
20514 4057 8708
20515 4057 12220
20516 4057 18584
20517 4057 19455
20518 4058 4067
20519 4058 9691
20520 4058 12966
20521 4058 16553
20522 4058 16646
20523 4058 18019
20524 4059 8072
20525 4059 8133
20526 4059 13095
20527 4059 13096
20528 4059 14803
20529 4060 4061
20530 4060 10934
20531 4060 12131
20532 4060 13637
20533 4060 18281
20534 4060 19428
20535 4061 12131
20536 4061 12139
20537 4061 13637
20538 4062 18023
20539 4062 18718
20540 4062 18760
20541 4063 4066
20542 4063 6015
20543 4063 12606
20544 4063 12849
20545 4063 16377
20546 4063 19404
20547 4064 4090
20548 4064 9702
20549 4064 13690
20550 4064 16553
20551 4064 18393
20552 4064 18857
20553 4065 4563
20554 4065 8149
20555 4065 10508
20556 4065 13079
20557 4066 14171
20558 4066 19404
20559 4066 19659
20560 4067 9691
20561 4067 13778
20562 4067 16139
20563 4067 18019
20564 4067 19443
20565 4068 8822
20566 4068 9143
20567 4068 9303
20568 4068 14050
20569 4068 18886
20570 4069 4659
20571 4069 4753
20572 4069 9786
20573 4069 15962
20574 4069 19067
20575 4070 9210
20576 4070 12712
20577 4070 12785
20578 4070 12787
20579 4070 17862
20580 4070 18280
20581 4071 4074
20582 4071 13778
20583 4071 15962
20584 4071 19067
20585 4071 19427
20586 4071 19443
20587 4072 8420
20588 4072 10539
20589 4072 19703
20590 4072 19756
20591 4073 4680
20592 4073 9224
20593 4073 15334
20594 4073 16556
20595 4074 15962
20596 4074 16544
20597 4074 18203
20598 4074 19427
20599 4075 4076
20600 4075 11709
20601 4075 12241
20602 4075 16756
20603 4076 7999
20604 4076 12241
20605 4076 18963
20606 4077 6379
20607 4077 8914
20608 4077 13662
20609 4078 9407
20610 4078 16562
20611 4078 17383
20612 4078 17579
20613 4079 6241
20614 4079 12568
20615 4079 13544
20616 4079 16586
20617 4079 18660
20618 4080 5233
20619 4080 7557
20620 4080 8138
20621 4080 8899
20622 4080 14247
20623 4080 15942
20624 4081 12121
20625 4081 14278
20626 4081 19444
20627 4082 9407
20628 4082 12109
20629 4082 16467
20630 4082 16470
20631 4082 16559
20632 4082 17579
20633 4083 12776
20634 4083 13445
20635 4083 17071
20636 4083 17753
20637 4083 18372
20638 4083 18906
20639 4084 5867
20640 4084 6001
20641 4084 7610
20642 4084 10993
20643 4084 11031
20644 4084 15645
20645 4085 7102
20646 4085 13669
20647 4085 15252
20648 4085 15784
20649 4085 18011
20650 4086 10049
20651 4086 11615
20652 4086 13666
20653 4087 5877
20654 4087 5896
20655 4087 5899
20656 4087 6436
20657 4087 9154
20658 4087 12789
20659 4087 16913
20660 4088 4925
20661 4088 7680
20662 4088 8446
20663 4088 11204
20664 4088 17887
20665 4088 19887
20666 4089 5687
20667 4089 9673
20668 4089 10860
20669 4089 15308
20670 4089 15328
20671 4089 17165
20672 4089 19036
20673 4090 9349
20674 4090 13690
20675 4090 16553
20676 4090 16646
20677 4091 11617
20678 4091 11619
20679 4091 11770
20680 4091 14165
20681 4091 14966
20682 4092 4259
20683 4092 12101
20684 4092 12854
20685 4092 15314
20686 4092 15839
20687 4093 11648
20688 4093 13508
20689 4093 16446
20690 4093 17105
20691 4093 17401
20692 4094 8443
20693 4094 9578
20694 4094 19751
20695 4095 5665
20696 4095 6061
20697 4095 7584
20698 4095 15804
20699 4095 17094
20700 4096 4526
20701 4096 11046
20702 4096 12217
20703 4096 14231
20704 4096 17547
20705 4097 8810
20706 4097 8911
20707 4097 10018
20708 4097 16947
20709 4097 18457
20710 4097 18461
20711 4098 4103
20712 4098 10292
20713 4098 10405
20714 4098 16957
20715 4098 19132
20716 4099 4354
20717 4099 4571
20718 4099 8228
20719 4099 14944
20720 4099 15034
20721 4099 19824
20722 4100 7053
20723 4100 10198
20724 4100 10215
20725 4100 10216
20726 4101 14600
20727 4101 15004
20728 4101 15035
20729 4101 15346
20730 4101 19438
20731 4102 4987
20732 4102 9666
20733 4102 9879
20734 4102 17662
20735 4103 6950
20736 4103 7578
20737 4103 10292
20738 4103 10405
20739 4104 4715
20740 4104 7287
20741 4104 7618
20742 4104 9261
20743 4105 5769
20744 4105 9548
20745 4105 10515
20746 4105 15961
20747 4105 17239
20748 4105 17294
20749 4105 18232
20750 4106 9461
20751 4106 18271
20752 4106 18353
20753 4106 18470
20754 4106 19042
20755 4107 4902
20756 4107 5532
20757 4107 9845
20758 4107 18001
20759 4107 18590
20760 4107 18618
20761 4108 4311
20762 4108 8522
20763 4108 9735
20764 4108 12021
20765 4108 12031
20766 4108 14756
20767 4109 9275
20768 4109 11271
20769 4109 14234
20770 4109 16314
20771 4109 16683
20772 4110 4732
20773 4110 8366
20774 4110 16760
20775 4110 17073
20776 4110 19508
20777 4111 7228
20778 4111 10892
20779 4111 13500
20780 4112 4730
20781 4112 10992
20782 4112 11909
20783 4112 11973
20784 4112 12505
20785 4112 13779
20786 4113 4526
20787 4113 11045
20788 4113 11046
20789 4113 11946
20790 4113 12537
20791 4113 14836
20792 4114 8222
20793 4114 9139
20794 4114 11722
20795 4114 11975
20796 4114 19773
20797 4115 6138
20798 4115 8055
20799 4115 11171
20800 4115 14462
20801 4115 14465
20802 4115 18443
20803 4116 8185
20804 4116 12632
20805 4116 14231
20806 4116 15243
20807 4116 17547
20808 4117 9222
20809 4117 12642
20810 4117 16187
20811 4117 16195
20812 4117 16483
20813 4117 19425
20814 4118 4127
20815 4118 4357
20816 4118 9135
20817 4118 9714
20818 4118 15676
20819 4118 18737
20820 4119 5007
20821 4119 8458
20822 4119 11172
20823 4119 18112
20824 4120 6949
20825 4120 13290
20826 4120 13295
20827 4121 4284
20828 4121 4694
20829 4121 14512
20830 4121 14514
20831 4121 14975
20832 4121 15031
20833 4122 6417
20834 4122 6788
20835 4122 8456
20836 4122 11443
20837 4122 18641
20838 4123 7082
20839 4123 7606
20840 4123 12513
20841 4123 13760
20842 4123 15103
20843 4124 4125
20844 4124 6316
20845 4124 8821
20846 4124 10846
20847 4124 17047
20848 4125 5697
20849 4125 6316
20850 4125 8821
20851 4125 10795
20852 4125 13775
20853 4126 5605
20854 4126 5729
20855 4126 6062
20856 4126 7483
20857 4126 13487
20858 4126 13973
20859 4127 4357
20860 4127 8217
20861 4127 9364
20862 4127 15045
20863 4127 18737
20864 4128 4471
20865 4128 9935
20866 4128 9940
20867 4128 12041
20868 4128 16711
20869 4128 17430
20870 4129 7650
20871 4129 14583
20872 4129 14921
20873 4129 15039
20874 4129 16264
20875 4130 4351
20876 4130 6899
20877 4130 8880
20878 4130 9201
20879 4130 17439
20880 4130 18164
20881 4131 4252
20882 4131 7629
20883 4131 9528
20884 4131 14649
20885 4131 14916
20886 4132 6899
20887 4132 7411
20888 4132 9201
20889 4132 9944
20890 4133 6027
20891 4133 11981
20892 4133 14433
20893 4133 14435
20894 4133 14644
20895 4133 14685
20896 4134 10508
20897 4134 15140
20898 4134 19702
20899 4135 7087
20900 4135 9293
20901 4135 10433
20902 4135 17181
20903 4136 4781
20904 4136 7607
20905 4136 8539
20906 4136 14504
20907 4136 16897
20908 4136 19478
20909 4137 4468
20910 4137 5531
20911 4137 12071
20912 4137 19488
20913 4138 4541
20914 4138 6510
20915 4138 8782
20916 4138 17516
20917 4139 5218
20918 4139 8447
20919 4139 9330
20920 4139 9381
20921 4139 18017
20922 4140 8117
20923 4140 9175
20924 4140 13284
20925 4140 19669
20926 4141 4251
20927 4141 8510
20928 4141 15571
20929 4141 18010
20930 4141 18678
20931 4142 11704
20932 4142 11845
20933 4142 13274
20934 4143 4703
20935 4143 5389
20936 4143 7356
20937 4143 8093
20938 4143 16241
20939 4143 16775
20940 4144 5161
20941 4144 14345
20942 4144 16314
20943 4144 19927
20944 4144 19989
20945 4145 6392
20946 4145 8114
20947 4145 12949
20948 4145 17135
20949 4146 6255
20950 4146 9420
20951 4146 15842
20952 4146 17089
20953 4147 4933
20954 4147 6767
20955 4147 7057
20956 4147 7063
20957 4147 14487
20958 4147 14501
20959 4148 4980
20960 4148 6817
20961 4148 8617
20962 4148 16876
20963 4148 19263
20964 4149 4151
20965 4149 7561
20966 4149 8448
20967 4149 14851
20968 4149 15807
20969 4150 4531
20970 4150 4533
20971 4150 4552
20972 4150 7341
20973 4150 11052
20974 4150 11055
20975 4151 7561
20976 4151 14655
20977 4151 18448
20978 4152 7703
20979 4152 7905
20980 4152 8975
20981 4152 12646
20982 4152 18448
20983 4153 6749
20984 4153 7906
20985 4153 12648
20986 4153 13308
20987 4154 13958
20988 4154 14498
20989 4154 14593
20990 4154 14658
20991 4154 15346
20992 4154 15921
20993 4155 5064
20994 4155 6595
20995 4155 7211
20996 4155 16775
20997 4155 19074
20998 4156 4340
20999 4156 5033
21000 4156 9919
21001 4156 12919
21002 4157 6871
21003 4157 8657
21004 4157 15604
21005 4157 18403
21006 4158 4978
21007 4158 8823
21008 4158 9250
21009 4158 14676
21010 4158 15921
21011 4158 18183
21012 4159 12984
21013 4159 13207
21014 4159 13258
21015 4159 17074
21016 4160 10296
21017 4160 10739
21018 4160 17662
21019 4161 6386
21020 4161 8261
21021 4161 9764
21022 4161 13288
21023 4161 15330
21024 4162 5073
21025 4162 5301
21026 4162 9047
21027 4162 12061
21028 4162 17497
21029 4162 19938
21030 4163 10760
21031 4163 13878
21032 4163 13881
21033 4163 14817
21034 4163 19536
21035 4164 9882
21036 4164 14762
21037 4164 15821
21038 4164 15922
21039 4164 19137
21040 4165 4319
21041 4165 5073
21042 4165 5300
21043 4165 5301
21044 4165 14632
21045 4165 14689
21046 4166 8296
21047 4166 14762
21048 4166 15922
21049 4166 19134
21050 4166 19170
21051 4167 10173
21052 4167 15584
21053 4168 6693
21054 4168 7645
21055 4168 19827
21056 4169 5075
21057 4169 7131
21058 4169 7643
21059 4169 19378
21060 4170 4207
21061 4170 8113
21062 4170 8909
21063 4170 12027
21064 4170 13093
21065 4170 13641
21066 4171 8831
21067 4171 13190
21068 4171 18884
21069 4172 5544
21070 4172 8561
21071 4172 10932
21072 4173 4754
21073 4173 9920
21074 4173 11957
21075 4174 9507
21076 4174 11415
21077 4174 17308
21078 4175 4762
21079 4175 10028
21080 4175 14031
21081 4175 18347
21082 4175 19004
21083 4176 8111
21084 4176 11800
21085 4176 12962
21086 4176 13654
21087 4176 18996
21088 4177 6239
21089 4177 10227
21090 4177 13010
21091 4177 13253
21092 4177 18310
21093 4177 18647
21094 4178 10950
21095 4178 11682
21096 4178 15474
21097 4178 16350
21098 4178 19449
21099 4179 14957
21100 4179 15136
21101 4179 15949
21102 4179 18306
21103 4180 9046
21104 4180 9900
21105 4180 10174
21106 4180 12572
21107 4180 13220
21108 4181 4183
21109 4181 4383
21110 4181 19568
21111 4182 10311
21112 4182 13210
21113 4182 15112
21114 4183 4221
21115 4183 4383
21116 4183 5558
21117 4183 18128
21118 4184 5164
21119 4184 11752
21120 4184 15562
21121 4184 15909
21122 4184 16137
21123 4184 16840
21124 4185 8019
21125 4185 13623
21126 4185 13723
21127 4185 14066
21128 4185 14084
21129 4186 5041
21130 4186 9803
21131 4186 12854
21132 4186 15260
21133 4186 19935
21134 4187 5558
21135 4187 9093
21136 4187 15471
21137 4187 17776
21138 4188 4413
21139 4188 7718
21140 4188 8081
21141 4188 8482
21142 4188 17278
21143 4188 17811
21144 4189 9859
21145 4190 11880
21146 4190 11882
21147 4190 12640
21148 4190 18060
21149 4191 7016
21150 4191 10987
21151 4191 13711
21152 4191 19211
21153 4192 8243
21154 4192 11256
21155 4193 11276
21156 4193 14620
21157 4193 14627
21158 4193 16569
21159 4194 5942
21160 4194 7878
21161 4194 9852
21162 4194 19032
21163 4194 19862
21164 4195 10437
21165 4195 13809
21166 4195 19629
21167 4196 4885
21168 4196 9373
21169 4196 14012
21170 4196 14671
21171 4197 16050
21172 4197 16724
21173 4197 17940
21174 4197 18869
21175 4197 18971
21176 4198 4813
21177 4198 4998
21178 4198 17290
21179 4198 17550
21180 4198 17953
21181 4199 4467
21182 4199 7568
21183 4199 11135
21184 4199 11139
21185 4200 4850
21186 4200 4875
21187 4200 4877
21188 4200 4880
21189 4200 8390
21190 4200 13668
21191 4201 4272
21192 4201 4744
21193 4201 11633
21194 4201 11958
21195 4201 17834
21196 4202 6058
21197 4202 6189
21198 4202 7299
21199 4202 12499
21200 4202 18038
21201 4203 10819
21202 4203 11464
21203 4203 12053
21204 4203 12055
21205 4203 16624
21206 4203 19476
21207 4204 5292
21208 4204 12020
21209 4204 12053
21210 4204 12055
21211 4204 17475
21212 4204 17487
21213 4205 9000
21214 4205 13184
21215 4206 5292
21216 4206 13601
21217 4206 16962
21218 4206 17111
21219 4206 17360
21220 4206 19080
21221 4207 8113
21222 4207 10239
21223 4207 12027
21224 4208 4489
21225 4208 13601
21226 4208 14646
21227 4208 15137
21228 4208 17111
21229 4208 19533
21230 4209 5444
21231 4209 5937
21232 4209 6006
21233 4209 7281
21234 4209 11319
21235 4209 11458
21236 4210 6941
21237 4210 8723
21238 4210 10616
21239 4211 13256
21240 4211 13347
21241 4211 13351
21242 4211 17800
21243 4211 18502
21244 4211 19114
21245 4212 8141
21246 4212 13530
21247 4212 13733
21248 4212 17367
21249 4212 18350
21250 4212 19000
21251 4213 5862
21252 4213 9283
21253 4213 10262
21254 4213 13596
21255 4213 15163
21256 4213 18207
21257 4214 6136
21258 4214 8229
21259 4214 11555
21260 4214 15222
21261 4214 19485
21262 4215 11945
21263 4215 12021
21264 4215 12024
21265 4215 12031
21266 4215 18684
21267 4216 4335
21268 4216 4491
21269 4216 5290
21270 4216 11892
21271 4216 12019
21272 4216 19515
21273 4217 5068
21274 4217 6572
21275 4217 8100
21276 4218 4224
21277 4218 4683
21278 4218 4748
21279 4218 9805
21280 4219 4303
21281 4219 4331
21282 4219 4785
21283 4219 8202
21284 4219 9037
21285 4219 17411
21286 4220 5072
21287 4220 8394
21288 4220 11414
21289 4220 15762
21290 4221 4383
21291 4221 9093
21292 4221 14306
21293 4222 4298
21294 4222 4326
21295 4222 4404
21296 4222 4597
21297 4222 4653
21298 4222 8593
21299 4223 4224
21300 4223 4255
21301 4223 4323
21302 4223 11045
21303 4223 11946
21304 4223 17469
21305 4224 4255
21306 4224 4683
21307 4224 9805
21308 4224 11946
21309 4225 6831
21310 4225 9297
21311 4225 15913
21312 4225 17517
21313 4225 19006
21314 4226 4256
21315 4226 11588
21316 4226 12519
21317 4226 14633
21318 4226 16718
21319 4226 17058
21320 4227 8427
21321 4227 11287
21322 4227 13216
21323 4227 14856
21324 4228 4920
21325 4228 11379
21326 4228 11609
21327 4228 14462
21328 4228 17075
21329 4229 5381
21330 4229 6484
21331 4229 6893
21332 4229 7369
21333 4229 10820
21334 4229 15862
21335 4230 4702
21336 4230 6734
21337 4230 7722
21338 4230 8953
21339 4230 14423
21340 4230 15062
21341 4231 8804
21342 4231 12075
21343 4231 16839
21344 4231 18119
21345 4231 19131
21346 4232 10636
21347 4232 12002
21348 4232 14199
21349 4233 6988
21350 4233 8299
21351 4233 14879
21352 4233 19185
21353 4234 16177
21354 4234 18109
21355 4234 18495
21356 4235 6943
21357 4235 7211
21358 4235 8536
21359 4235 9194
21360 4235 20013
21361 4236 4238
21362 4236 4250
21363 4236 4320
21364 4236 4695
21365 4236 11562
21366 4236 12217
21367 4237 6588
21368 4237 7123
21369 4237 11063
21370 4237 13051
21371 4237 14424
21372 4237 19058
21373 4238 4250
21374 4238 4314
21375 4238 4695
21376 4238 11938
21377 4238 17656
21378 4239 5067
21379 4239 5413
21380 4239 10293
21381 4239 14519
21382 4239 18119
21383 4240 4309
21384 4240 6311
21385 4240 7678
21386 4240 10441
21387 4240 10446
21388 4240 14974
21389 4241 10883
21390 4241 16964
21391 4241 16969
21392 4241 16975
21393 4241 17002
21394 4242 4310
21395 4242 4708
21396 4242 5065
21397 4242 11808
21398 4242 11889
21399 4243 4403
21400 4243 8712
21401 4243 10952
21402 4243 16202
21403 4243 16995
21404 4244 4712
21405 4244 5076
21406 4244 5107
21407 4244 11601
21408 4244 15484
21409 4245 6599
21410 4245 10707
21411 4245 11294
21412 4245 14148
21413 4245 14297
21414 4246 4956
21415 4246 17477
21416 4247 6456
21417 4247 6459
21418 4247 6462
21419 4247 6638
21420 4247 12806
21421 4247 17190
21422 4248 4628
21423 4248 14635
21424 4248 14637
21425 4248 14649
21426 4248 15367
21427 4248 19534
21428 4249 4374
21429 4249 4428
21430 4249 4429
21431 4249 4724
21432 4249 14634
21433 4249 18790
21434 4250 4313
21435 4250 4314
21436 4250 8460
21437 4250 11562
21438 4251 17782
21439 4251 18010
21440 4251 18678
21441 4251 18822
21442 4252 7629
21443 4252 9528
21444 4252 16856
21445 4253 4294
21446 4253 4300
21447 4253 8534
21448 4253 8959
21449 4253 12046
21450 4253 12570
21451 4254 4516
21452 4254 15134
21453 4254 16017
21454 4255 9805
21455 4255 15686
21456 4255 16413
21457 4255 17469
21458 4256 8915
21459 4256 10077
21460 4256 14633
21461 4256 15131
21462 4256 16718
21463 4257 5832
21464 4257 8232
21465 4257 9084
21466 4257 12083
21467 4257 16835
21468 4258 4675
21469 4258 4914
21470 4258 4952
21471 4258 8705
21472 4258 19133
21473 4259 12101
21474 4259 15314
21475 4259 19420
21476 4260 9258
21477 4260 9787
21478 4260 18738
21479 4261 8108
21480 4261 9842
21481 4261 14784
21482 4261 17403
21483 4262 8405
21484 4262 8956
21485 4262 9541
21486 4262 14865
21487 4263 7931
21488 4263 8549
21489 4263 11489
21490 4263 14482
21491 4263 15734
21492 4264 7726
21493 4264 16990
21494 4264 19143
21495 4265 4764
21496 4265 13672
21497 4265 16747
21498 4265 17723
21499 4265 18432
21500 4266 4650
21501 4266 5644
21502 4266 7253
21503 4266 7254
21504 4266 8492
21505 4267 4599
21506 4267 5288
21507 4267 5291
21508 4267 15879
21509 4267 17473
21510 4267 17828
21511 4268 7633
21512 4268 7634
21513 4268 7675
21514 4268 9543
21515 4269 7598
21516 4269 8583
21517 4269 14697
21518 4269 14797
21519 4269 15876
21520 4270 7408
21521 4270 16125
21522 4270 16500
21523 4270 17526
21524 4271 8560
21525 4271 9541
21526 4271 10003
21527 4271 12016
21528 4271 14865
21529 4272 4596
21530 4272 4787
21531 4272 10824
21532 4272 11958
21533 4273 12022
21534 4273 12027
21535 4273 18378
21536 4274 4773
21537 4274 11422
21538 4274 13427
21539 4274 14947
21540 4275 7644
21541 4275 12804
21542 4275 19310
21543 4276 7836
21544 4276 8327
21545 4276 9832
21546 4276 10112
21547 4276 13619
21548 4277 4360
21549 4277 4979
21550 4277 7509
21551 4277 12049
21552 4277 13769
21553 4278 4711
21554 4278 5887
21555 4278 9279
21556 4278 9791
21557 4278 11959
21558 4278 14896
21559 4279 5261
21560 4279 6738
21561 4279 13401
21562 4280 4300
21563 4280 4402
21564 4280 8959
21565 4280 12216
21566 4280 14263
21567 4280 15377
21568 4281 11452
21569 4281 13479
21570 4281 14063
21571 4281 15769
21572 4281 18394
21573 4281 19412
21574 4282 12888
21575 4282 12969
21576 4282 13557
21577 4282 15372
21578 4282 16639
21579 4283 11753
21580 4283 12126
21581 4283 12484
21582 4283 13665
21583 4284 4694
21584 4284 7340
21585 4284 9453
21586 4284 14514
21587 4284 15047
21588 4284 15083
21589 4285 9939
21590 4285 11101
21591 4285 15797
21592 4285 16434
21593 4285 17184
21594 4286 4910
21595 4286 6426
21596 4286 7745
21597 4286 9814
21598 4286 11127
21599 4286 15006
21600 4287 4293
21601 4287 9224
21602 4287 11753
21603 4287 14446
21604 4287 17586
21605 4288 4798
21606 4288 6653
21607 4288 8665
21608 4288 9846
21609 4288 11725
21610 4288 15656
21611 4289 7628
21612 4289 13657
21613 4289 19645
21614 4290 6378
21615 4290 8115
21616 4290 8128
21617 4290 13790
21618 4291 5306
21619 4291 6319
21620 4291 7392
21621 4291 8095
21622 4291 15972
21623 4292 4572
21624 4292 9125
21625 4292 11647
21626 4292 13972
21627 4292 17825
21628 4293 11753
21629 4293 14446
21630 4293 17086
21631 4294 4306
21632 4294 9034
21633 4294 11984
21634 4294 12046
21635 4294 12570
21636 4295 16564
21637 4295 17373
21638 4295 17997
21639 4295 19071
21640 4296 9162
21641 4296 9689
21642 4296 9826
21643 4296 11997
21644 4296 15334
21645 4296 17485
21646 4297 4443
21647 4297 8574
21648 4297 16308
21649 4297 19580
21650 4298 4404
21651 4298 8593
21652 4298 17539
21653 4299 13039
21654 4299 14899
21655 4299 15544
21656 4299 15882
21657 4299 18650
21658 4300 4402
21659 4300 8959
21660 4300 12570
21661 4300 12953
21662 4301 4507
21663 4301 6779
21664 4301 6960
21665 4301 11943
21666 4301 12216
21667 4301 14611
21668 4301 14665
21669 4302 5908
21670 4302 6389
21671 4302 9722
21672 4302 10412
21673 4302 11454
21674 4302 12087
21675 4303 4331
21676 4303 7603
21677 4303 11936
21678 4303 17411
21679 4303 17620
21680 4304 4326
21681 4304 4331
21682 4304 4404
21683 4304 8713
21684 4304 10235
21685 4304 17620
21686 4305 4407
21687 4305 4504
21688 4305 4507
21689 4305 14665
21690 4305 17377
21691 4306 9034
21692 4306 11199
21693 4306 11940
21694 4306 12046
21695 4306 17480
21696 4307 4509
21697 4307 11403
21698 4307 17180
21699 4307 17438
21700 4308 4519
21701 4308 7518
21702 4308 15297
21703 4309 7678
21704 4309 10446
21705 4309 12015
21706 4309 13963
21707 4309 17185
21708 4310 5589
21709 4310 6311
21710 4310 11808
21711 4310 11889
21712 4310 15216
21713 4311 4436
21714 4311 9735
21715 4311 14224
21716 4311 14756
21717 4312 6902
21718 4312 12828
21719 4312 12832
21720 4312 13731
21721 4312 15275
21722 4313 4314
21723 4313 6721
21724 4313 8460
21725 4313 9292
21726 4313 12223
21727 4314 9292
21728 4314 10886
21729 4314 11938
21730 4315 5057
21731 4315 11147
21732 4315 17130
21733 4315 17247
21734 4316 4320
21735 4316 4695
21736 4316 9626
21737 4316 16609
21738 4316 17471
21739 4317 7898
21740 4317 7957
21741 4317 13674
21742 4317 17622
21743 4317 19966
21744 4318 9263
21745 4318 10798
21746 4318 11464
21747 4319 5300
21748 4319 5301
21749 4319 11228
21750 4319 19139
21751 4320 4695
21752 4320 11046
21753 4320 12217
21754 4320 16609
21755 4321 5114
21756 4321 8058
21757 4321 9505
21758 4321 10801
21759 4321 14769
21760 4321 19007
21761 4322 5713
21762 4322 7685
21763 4322 13026
21764 4322 19148
21765 4323 9626
21766 4323 11045
21767 4323 15735
21768 4323 16609
21769 4323 17469
21770 4324 4913
21771 4324 5333
21772 4324 7439
21773 4324 10432
21774 4324 18191
21775 4325 9103
21776 4325 10071
21777 4325 11761
21778 4325 15231
21779 4325 16785
21780 4326 4404
21781 4326 4597
21782 4326 8713
21783 4326 10815
21784 4327 7293
21785 4327 7464
21786 4327 8567
21787 4327 16753
21788 4327 18712
21789 4328 4485
21790 4328 7212
21791 4328 12063
21792 4329 4334
21793 4329 5084
21794 4329 8745
21795 4329 9037
21796 4329 14365
21797 4329 17355
21798 4330 4406
21799 4330 8040
21800 4330 10762
21801 4330 10764
21802 4330 14817
21803 4331 8202
21804 4331 8713
21805 4331 17620
21806 4332 4926
21807 4332 5667
21808 4332 8603
21809 4332 8675
21810 4332 13319
21811 4332 16976
21812 4332 19613
21813 4333 6812
21814 4333 13611
21815 4334 5084
21816 4334 8000
21817 4334 8745
21818 4334 11230
21819 4334 12019
21820 4335 4481
21821 4335 5081
21822 4335 5290
21823 4335 8966
21824 4335 19515
21825 4336 5296
21826 4336 6790
21827 4336 8831
21828 4336 11759
21829 4336 19832
21830 4337 11192
21831 4337 12033
21832 4337 15297
21833 4337 19674
21834 4338 6261
21835 4338 9014
21836 4338 10367
21837 4338 17868
21838 4338 18673
21839 4339 8985
21840 4339 14568
21841 4339 14911
21842 4339 17651
21843 4339 19070
21844 4339 19373
21845 4340 5033
21846 4340 6749
21847 4340 12913
21848 4341 4367
21849 4341 13595
21850 4341 14775
21851 4342 6866
21852 4342 13403
21853 4342 16521
21854 4343 6080
21855 4343 12234
21856 4343 14164
21857 4343 14670
21858 4343 14864
21859 4343 15408
21860 4344 4416
21861 4344 11192
21862 4344 11309
21863 4344 19674
21864 4344 19727
21865 4345 5679
21866 4345 6472
21867 4345 8942
21868 4345 16746
21869 4346 5955
21870 4346 8602
21871 4346 8976
21872 4346 10915
21873 4346 15206
21874 4347 19028
21875 4348 7100
21876 4348 10714
21877 4348 11996
21878 4348 15373
21879 4348 15425
21880 4349 4465
21881 4349 9549
21882 4349 10847
21883 4349 11072
21884 4349 15376
21885 4350 4352
21886 4350 5095
21887 4350 6903
21888 4350 8488
21889 4350 14872
21890 4350 14915
21891 4351 8880
21892 4351 17439
21893 4351 19999
21894 4352 8392
21895 4352 8488
21896 4352 14372
21897 4352 14795
21898 4352 14915
21899 4353 5174
21900 4353 6516
21901 4353 8589
21902 4353 11126
21903 4354 4966
21904 4354 14674
21905 4354 14944
21906 4354 18209
21907 4354 19824
21908 4355 4977
21909 4355 12945
21910 4355 14702
21911 4355 15717
21912 4355 17125
21913 4355 19750
21914 4356 7659
21915 4356 14272
21916 4356 16694
21917 4356 17415
21918 4356 17539
21919 4357 4964
21920 4357 9714
21921 4357 10655
21922 4357 15045
21923 4358 4938
21924 4358 4960
21925 4358 8229
21926 4358 9430
21927 4358 14827
21928 4359 9788
21929 4359 11556
21930 4359 16491
21931 4359 18660
21932 4360 4513
21933 4360 8936
21934 4360 12049
21935 4360 13769
21936 4361 4577
21937 4361 11784
21938 4361 12215
21939 4361 13083
21940 4361 14413
21941 4361 14878
21942 4362 4494
21943 4362 11586
21944 4362 14772
21945 4362 16361
21946 4362 17163
21947 4363 9783
21948 4363 17623
21949 4363 17726
21950 4363 18212
21951 4363 18943
21952 4363 20012
21953 4364 4889
21954 4364 5236
21955 4364 6652
21956 4364 8666
21957 4364 16574
21958 4365 7700
21959 4365 8324
21960 4365 9450
21961 4365 9830
21962 4366 7162
21963 4366 7516
21964 4366 7533
21965 4366 8796
21966 4366 9727
21967 4366 17056
21968 4367 4410
21969 4367 10300
21970 4367 13595
21971 4368 4430
21972 4368 4494
21973 4368 7407
21974 4368 8070
21975 4368 10982
21976 4368 12072
21977 4369 14862
21978 4369 15995
21979 4369 18730
21980 4370 7415
21981 4370 7926
21982 4370 12193
21983 4370 16859
21984 4370 17439
21985 4370 18164
21986 4371 4645
21987 4371 5254
21988 4371 5580
21989 4371 7774
21990 4371 9388
21991 4371 9508
21992 4372 4487
21993 4372 7757
21994 4372 11980
21995 4372 12048
21996 4372 18111
21997 4373 4375
21998 4373 4428
21999 4373 6875
22000 4373 7393
22001 4373 11558
22002 4373 15127
22003 4374 4375
22004 4374 4428
22005 4374 4429
22006 4374 11386
22007 4374 18558
22008 4375 4428
22009 4375 11121
22010 4375 15127
22011 4375 18558
22012 4376 7241
22013 4376 17197
22014 4376 17605
22015 4376 18930
22016 4377 9340
22017 4377 11386
22018 4377 17267
22019 4377 18558
22020 4378 6651
22021 4378 7405
22022 4378 7869
22023 4378 13280
22024 4379 4837
22025 4379 11607
22026 4379 18538
22027 4380 12125
22028 4380 12152
22029 4380 16115
22030 4380 17479
22031 4380 19442
22032 4381 13435
22033 4381 16592
22034 4381 19488
22035 4382 9900
22036 4382 13220
22037 4382 13947
22038 4382 15211
22039 4382 15604
22040 4383 14305
22041 4383 14306
22042 4384 5232
22043 4384 8619
22044 4384 9003
22045 4384 15924
22046 4385 4539
22047 4385 5045
22048 4385 9404
22049 4385 9728
22050 4385 11202
22051 4385 18141
22052 4386 4391
22053 4386 9603
22054 4386 18719
22055 4387 9747
22056 4387 15731
22057 4387 18065
22058 4388 4420
22059 4388 8972
22060 4388 17249
22061 4388 18949
22062 4389 4420
22063 4389 8972
22064 4389 9067
22065 4389 12165
22066 4389 18841
22067 4390 11280
22068 4390 13828
22069 4390 16020
22070 4390 16193
22071 4390 17162
22072 4391 8578
22073 4391 8659
22074 4391 18719
22075 4392 4908
22076 4392 9234
22077 4392 11786
22078 4392 17168
22079 4393 8502
22080 4393 8992
22081 4393 10356
22082 4393 11330
22083 4393 11353
22084 4394 6558
22085 4394 7435
22086 4394 10660
22087 4395 4419
22088 4395 9233
22089 4395 16803
22090 4395 18771
22091 4396 8932
22092 4397 7546
22093 4397 8592
22094 4397 18317
22095 4398 4544
22096 4398 4585
22097 4398 5160
22098 4398 7846
22099 4398 9551
22100 4398 17182
22101 4399 8780
22102 4399 9798
22103 4399 9855
22104 4399 11502
22105 4399 18706
22106 4399 18852
22107 4400 10565
22108 4400 13078
22109 4400 19521
22110 4401 6119
22111 4401 12738
22112 4401 13223
22113 4401 15622
22114 4401 18570
22115 4401 19183
22116 4402 12216
22117 4402 12953
22118 4402 13534
22119 4402 14611
22120 4403 8079
22121 4403 10952
22122 4403 18300
22123 4403 19451
22124 4404 10235
22125 4405 5978
22126 4405 8818
22127 4405 10210
22128 4405 11857
22129 4405 15370
22130 4406 8856
22131 4406 10760
22132 4406 11021
22133 4406 14817
22134 4407 4436
22135 4407 4504
22136 4407 6544
22137 4407 17377
22138 4408 16740
22139 4409 4417
22140 4409 10948
22141 4409 14668
22142 4409 18771
22143 4410 4553
22144 4410 6781
22145 4410 10300
22146 4410 11424
22147 4410 13595
22148 4411 4412
22149 4411 9891
22150 4412 7824
22151 4412 9891
22152 4412 10007
22153 4413 6617
22154 4413 7621
22155 4413 8081
22156 4413 8482
22157 4413 11232
22158 4414 9382
22159 4414 12085
22160 4414 16731
22161 4414 16904
22162 4415 4485
22163 4415 12063
22164 4415 15615
22165 4415 15766
22166 4416 11309
22167 4417 11392
22168 4417 11873
22169 4417 14668
22170 4417 18771
22171 4418 9479
22172 4418 9496
22173 4418 14064
22174 4418 15783
22175 4418 16052
22176 4419 9233
22177 4419 16570
22178 4419 16803
22179 4420 8972
22180 4421 7993
22181 4421 9728
22182 4421 14798
22183 4421 16570
22184 4421 18141
22185 4422 4870
22186 4422 5090
22187 4422 8813
22188 4422 11279
22189 4422 11605
22190 4423 4821
22191 4423 8503
22192 4423 9395
22193 4423 10110
22194 4424 6374
22195 4424 12288
22196 4424 13071
22197 4424 16319
22198 4424 16375
22199 4424 17444
22200 4425 4810
22201 4425 7622
22202 4426 9574
22203 4426 14760
22204 4427 7402
22205 4427 8592
22206 4427 15475
22207 4428 7393
22208 4428 12403
22209 4428 18790
22210 4429 4442
22211 4429 7515
22212 4429 11386
22213 4429 14634
22214 4430 7407
22215 4430 7511
22216 4430 12072
22217 4430 17437
22218 4430 17529
22219 4431 7774
22220 4431 9508
22221 4431 15132
22222 4431 17343
22223 4432 7456
22224 4432 10578
22225 4432 11103
22226 4432 11104
22227 4432 18767
22228 4433 8406
22229 4433 8920
22230 4433 10133
22231 4433 18979
22232 4434 4820
22233 4434 6735
22234 4434 11156
22235 4434 11553
22236 4434 11557
22237 4434 13410
22238 4435 4497
22239 4435 12447
22240 4435 14693
22241 4435 14700
22242 4435 18150
22243 4436 4504
22244 4436 12564
22245 4436 14224
22246 4437 7158
22247 4437 8284
22248 4437 9613
22249 4438 4943
22250 4438 4960
22251 4438 5934
22252 4438 6250
22253 4438 11898
22254 4438 15660
22255 4439 4706
22256 4439 11611
22257 4439 11804
22258 4439 11849
22259 4439 12094
22260 4440 8398
22261 4440 9096
22262 4440 9802
22263 4440 14914
22264 4441 4547
22265 4441 4879
22266 4441 4927
22267 4441 8754
22268 4442 7515
22269 4442 14634
22270 4443 4707
22271 4443 5023
22272 4443 8574
22273 4443 18597
22274 4443 19580
22275 4444 4646
22276 4444 7362
22277 4444 14019
22278 4444 14126
22279 4444 15153
22280 4445 8729
22281 4445 9054
22282 4445 9417
22283 4445 14652
22284 4445 19534
22285 4446 12043
22286 4446 14953
22287 4446 19843
22288 4446 20009
22289 4447 6220
22290 4447 6586
22291 4447 6587
22292 4447 6592
22293 4447 10588
22294 4448 5174
22295 4448 6516
22296 4448 9889
22297 4448 13589
22298 4449 6593
22299 4449 10583
22300 4449 13749
22301 4449 15779
22302 4449 17273
22303 4449 19154
22304 4450 9734
22305 4450 10583
22306 4450 13218
22307 4450 14053
22308 4451 6463
22309 4451 10638
22310 4452 9912
22311 4452 19163
22312 4452 19658
22313 4452 19667
22314 4453 5769
22315 4453 6470
22316 4453 9755
22317 4453 10621
22318 4453 15436
22319 4453 18041
22320 4454 4826
22321 4454 5294
22322 4454 7055
22323 4454 19737
22324 4455 11695
22325 4455 11782
22326 4455 13966
22327 4455 14554
22328 4455 15539
22329 4456 7091
22330 4456 9923
22331 4457 5855
22332 4457 13449
22333 4457 14530
22334 4457 15528
22335 4457 16753
22336 4457 17077
22337 4457 17274
22338 4458 7137
22339 4458 9923
22340 4458 10789
22341 4459 7780
22342 4459 8400
22343 4459 9410
22344 4459 11968
22345 4459 17556
22346 4460 6298
22347 4460 6557
22348 4460 6611
22349 4460 10546
22350 4460 10709
22351 4460 19459
22352 4461 6039
22353 4461 8478
22354 4461 13680
22355 4461 16276
22356 4461 16580
22357 4462 7296
22358 4462 12538
22359 4462 12878
22360 4462 13725
22361 4462 16192
22362 4462 16606
22363 4463 6621
22364 4463 10500
22365 4463 12950
22366 4463 16266
22367 4463 18459
22368 4463 19506
22369 4464 11396
22370 4464 12293
22371 4465 6452
22372 4465 9549
22373 4465 10119
22374 4465 11072
22375 4466 6895
22376 4466 8408
22377 4466 9148
22378 4466 9514
22379 4466 10521
22380 4466 14521
22381 4467 5557
22382 4467 9568
22383 4467 9707
22384 4468 4480
22385 4468 5531
22386 4469 5760
22387 4469 5985
22388 4469 6958
22389 4469 11969
22390 4469 14167
22391 4470 6129
22392 4470 6782
22393 4470 9925
22394 4470 9953
22395 4471 7514
22396 4471 16711
22397 4471 17430
22398 4472 5841
22399 4472 6266
22400 4472 10908
22401 4472 10931
22402 4472 13747
22403 4472 18743
22404 4473 5204
22405 4473 7866
22406 4473 7870
22407 4473 18779
22408 4474 11584
22409 4474 15088
22410 4474 15091
22411 4475 5073
22412 4475 12061
22413 4475 14629
22414 4475 14631
22415 4475 14632
22416 4476 8811
22417 4476 9671
22418 4476 11431
22419 4476 11531
22420 4476 14625
22421 4476 16573
22422 4477 12798
22423 4477 16739
22424 4477 16810
22425 4477 18817
22426 4478 9491
22427 4478 11861
22428 4478 14648
22429 4478 15160
22430 4478 19476
22431 4479 11686
22432 4479 11798
22433 4479 15627
22434 4479 16181
22435 4479 18699
22436 4480 5531
22437 4480 19999
22438 4481 7956
22439 4481 8966
22440 4481 11567
22441 4481 12013
22442 4481 19515
22443 4482 4559
22444 4482 6615
22445 4482 10443
22446 4482 10474
22447 4482 14376
22448 4483 8110
22449 4483 13265
22450 4483 13417
22451 4483 18136
22452 4484 4498
22453 4484 14650
22454 4484 15130
22455 4484 16798
22456 4485 12063
22457 4485 14890
22458 4485 15766
22459 4486 8256
22460 4486 11746
22461 4487 6493
22462 4487 7757
22463 4487 9916
22464 4487 18111
22465 4488 6808
22466 4488 8765
22467 4488 10100
22468 4488 13640
22469 4488 15944
22470 4488 17386
22471 4489 7956
22472 4489 8251
22473 4489 14646
22474 4489 17841
22475 4489 19533
22476 4490 9417
22477 4490 10077
22478 4490 14652
22479 4490 15125
22480 4490 15249
22481 4491 4586
22482 4491 5084
22483 4491 11569
22484 4491 12019
22485 4491 19515
22486 4492 8301
22487 4492 10452
22488 4492 11407
22489 4492 15166
22490 4492 15542
22491 4493 7521
22492 4493 9362
22493 4493 13962
22494 4493 17131
22495 4494 7407
22496 4494 10630
22497 4494 10982
22498 4494 11586
22499 4494 16361
22500 4495 8557
22501 4495 11691
22502 4495 13052
22503 4496 7390
22504 4496 9144
22505 4497 11731
22506 4497 12337
22507 4497 12447
22508 4497 15457
22509 4498 4514
22510 4498 7536
22511 4498 14650
22512 4498 15124
22513 4498 15130
22514 4499 7086
22515 4499 7354
22516 4499 7390
22517 4499 9144
22518 4499 13083
22519 4499 15237
22520 4500 4685
22521 4500 14341
22522 4500 14687
22523 4500 15207
22524 4500 15208
22525 4501 6009
22526 4501 10925
22527 4501 15193
22528 4501 16983
22529 4501 17009
22530 4501 17010
22531 4502 4957
22532 4502 8022
22533 4502 12209
22534 4503 16897
22535 4503 19478
22536 4504 4507
22537 4504 12564
22538 4505 13209
22539 4506 10301
22540 4506 15134
22541 4507 6960
22542 4507 14665
22543 4508 7668
22544 4508 13265
22545 4508 20005
22546 4509 11403
22547 4509 11981
22548 4509 17180
22549 4510 12946
22550 4510 14295
22551 4510 17910
22552 4511 8137
22553 4511 8545
22554 4511 19948
22555 4511 20005
22556 4512 7862
22557 4512 7935
22558 4512 8090
22559 4512 9025
22560 4512 17903
22561 4512 17978
22562 4513 13769
22563 4513 16727
22564 4514 7468
22565 4514 7536
22566 4514 8915
22567 4514 15130
22568 4514 15131
22569 4515 5545
22570 4515 9320
22571 4515 10466
22572 4515 15058
22573 4515 16607
22574 4516 18723
22575 4517 9247
22576 4517 10003
22577 4517 11584
22578 4517 15091
22579 4517 15384
22580 4517 17425
22581 4518 6044
22582 4518 15232
22583 4518 15675
22584 4518 16299
22585 4518 16493
22586 4518 19061
22587 4519 12033
22588 4519 15297
22589 4520 7224
22590 4520 7473
22591 4520 12515
22592 4520 12551
22593 4520 19675
22594 4521 5238
22595 4521 14629
22596 4521 14632
22597 4521 14689
22598 4521 15285
22599 4522 5332
22600 4522 7751
22601 4522 11575
22602 4522 14350
22603 4522 16367
22604 4523 5710
22605 4523 7038
22606 4523 7039
22607 4523 11920
22608 4523 11922
22609 4523 15318
22610 4523 17557
22611 4524 6287
22612 4524 13806
22613 4524 15828
22614 4524 16813
22615 4524 16909
22616 4525 4530
22617 4525 4670
22618 4525 7691
22619 4525 10208
22620 4525 11301
22621 4526 11046
22622 4526 14836
22623 4527 9125
22624 4527 9242
22625 4527 14115
22626 4527 14422
22627 4527 17825
22628 4527 18156
22629 4528 9136
22630 4528 10200
22631 4528 15126
22632 4529 7888
22633 4529 14172
22634 4529 14552
22635 4529 15728
22636 4530 4670
22637 4530 6178
22638 4530 6998
22639 4530 10130
22640 4530 10298
22641 4530 11301
22642 4531 4533
22643 4531 6940
22644 4531 8272
22645 4531 11055
22646 4532 6011
22647 4532 6940
22648 4532 8272
22649 4532 8558
22650 4532 10611
22651 4533 4552
22652 4533 8272
22653 4533 11931
22654 4534 4550
22655 4534 4551
22656 4534 4552
22657 4534 11932
22658 4535 4581
22659 4535 6192
22660 4535 8408
22661 4535 10399
22662 4535 11908
22663 4535 13775
22664 4536 12607
22665 4536 13516
22666 4536 17447
22667 4536 18695
22668 4536 19441
22669 4537 4714
22670 4537 5006
22671 4537 6242
22672 4537 7725
22673 4537 9009
22674 4537 14177
22675 4538 4684
22676 4538 10210
22677 4538 11656
22678 4538 11857
22679 4538 15697
22680 4539 9404
22681 4539 11202
22682 4539 11416
22683 4539 17522
22684 4540 4823
22685 4540 5708
22686 4540 5932
22687 4540 7052
22688 4540 10899
22689 4540 16823
22690 4541 6803
22691 4541 10325
22692 4541 17495
22693 4541 17516
22694 4542 8651
22695 4542 11416
22696 4542 11605
22697 4542 11760
22698 4542 16255
22699 4543 4580
22700 4543 5190
22701 4543 11380
22702 4543 14672
22703 4543 17350
22704 4543 17396
22705 4544 4585
22706 4544 9551
22707 4544 14257
22708 4544 17492
22709 4545 5671
22710 4545 8064
22711 4545 9438
22712 4545 9872
22713 4546 4585
22714 4546 4647
22715 4546 4834
22716 4546 5203
22717 4546 14257
22718 4546 14421
22719 4547 4780
22720 4547 8754
22721 4547 9769
22722 4547 13661
22723 4548 5868
22724 4548 7486
22725 4548 7677
22726 4548 9202
22727 4548 11106
22728 4548 11187
22729 4549 4706
22730 4549 4820
22731 4549 11156
22732 4549 11604
22733 4549 16497
22734 4550 4551
22735 4550 4690
22736 4550 5310
22737 4550 11932
22738 4551 4552
22739 4551 4690
22740 4551 7341
22741 4551 11053
22742 4552 7341
22743 4552 11931
22744 4553 6781
22745 4553 8741
22746 4553 9706
22747 4553 13595
22748 4553 18626
22749 4554 5108
22750 4554 5264
22751 4554 8234
22752 4554 11229
22753 4554 12192
22754 4554 19535
22755 4555 4845
22756 4555 9092
22757 4555 11546
22758 4555 19755
22759 4556 4783
22760 4556 5180
22761 4556 5584
22762 4556 9204
22763 4556 11793
22764 4557 9304
22765 4557 12945
22766 4557 14750
22767 4557 14782
22768 4557 14977
22769 4558 5238
22770 4558 5300
22771 4558 10270
22772 4558 11963
22773 4558 14689
22774 4559 4688
22775 4559 10443
22776 4559 14887
22777 4559 15040
22778 4560 4694
22779 4560 4696
22780 4560 7499
22781 4560 14967
22782 4560 15017
22783 4560 15083
22784 4561 4562
22785 4561 4689
22786 4561 8792
22787 4561 13853
22788 4561 19271
22789 4561 19396
22790 4562 4689
22791 4562 6903
22792 4562 13853
22793 4562 14379
22794 4562 14915
22795 4563 13079
22796 4564 4805
22797 4564 8896
22798 4564 17959
22799 4564 18032
22800 4564 18849
22801 4565 8023
22802 4565 8498
22803 4565 14576
22804 4565 14910
22805 4565 16730
22806 4566 8587
22807 4566 8699
22808 4566 12265
22809 4566 12268
22810 4566 13998
22811 4566 18082
22812 4567 7164
22813 4567 8825
22814 4567 10443
22815 4567 14783
22816 4567 14984
22817 4567 15040
22818 4568 9833
22819 4568 14500
22820 4568 14503
22821 4568 14906
22822 4568 15050
22823 4569 4857
22824 4569 4859
22825 4569 6302
22826 4569 6350
22827 4569 13812
22828 4569 19769
22829 4569 20034
22830 4570 5279
22831 4570 7600
22832 4570 8964
22833 4570 10016
22834 4570 11167
22835 4570 11642
22836 4571 8228
22837 4571 9033
22838 4571 14944
22839 4571 14998
22840 4571 15009
22841 4572 14079
22842 4572 15359
22843 4572 17825
22844 4573 6282
22845 4573 13934
22846 4573 13936
22847 4573 14744
22848 4573 16815
22849 4573 19353
22850 4574 12310
22851 4574 12671
22852 4574 14550
22853 4574 17455
22854 4575 5263
22855 4575 5266
22856 4575 12414
22857 4575 14645
22858 4575 15133
22859 4576 4582
22860 4576 7057
22861 4576 7059
22862 4576 10471
22863 4576 10473
22864 4576 14485
22865 4577 7354
22866 4577 8086
22867 4577 13083
22868 4577 14878
22869 4577 18261
22870 4578 5198
22871 4578 9477
22872 4578 11784
22873 4578 14413
22874 4578 17941
22875 4579 4714
22876 4579 5006
22877 4579 9140
22878 4579 11616
22879 4579 11617
22880 4579 11618
22881 4580 4778
22882 4580 5423
22883 4580 7278
22884 4580 14672
22885 4580 17350
22886 4581 6895
22887 4581 8310
22888 4581 8408
22889 4581 8821
22890 4581 13775
22891 4582 7169
22892 4582 8908
22893 4582 10471
22894 4582 10473
22895 4582 14090
22896 4583 4717
22897 4583 7058
22898 4583 12118
22899 4583 15059
22900 4583 15986
22901 4583 19713
22902 4584 4679
22903 4584 10440
22904 4584 11655
22905 4584 16962
22906 4584 19080
22907 4585 4647
22908 4585 14257
22909 4585 17182
22910 4586 5084
22911 4586 5193
22912 4586 9411
22913 4586 11569
22914 4586 14365
22915 4587 4889
22916 4587 8666
22917 4587 11527
22918 4587 14939
22919 4587 17170
22920 4587 17285
22921 4588 6652
22922 4588 9888
22923 4588 11633
22924 4588 17980
22925 4588 18967
22926 4589 4591
22927 4589 5559
22928 4589 7603
22929 4589 11936
22930 4589 16342
22931 4589 17930
22932 4590 5277
22933 4590 6369
22934 4590 6596
22935 4590 9935
22936 4590 16214
22937 4591 5116
22938 4591 5559
22939 4591 11662
22940 4591 16342
22941 4592 6711
22942 4592 6724
22943 4592 9546
22944 4593 7054
22945 4593 7703
22946 4593 7906
22947 4593 8805
22948 4593 13308
22949 4593 17763
22950 4594 7983
22951 4594 8393
22952 4594 10439
22953 4594 11154
22954 4595 4761
22955 4595 6370
22956 4595 9374
22957 4595 10366
22958 4595 15327
22959 4595 17178
22960 4596 4787
22961 4596 11564
22962 4596 17778
22963 4597 4653
22964 4597 8539
22965 4597 10815
22966 4597 14504
22967 4597 15446
22968 4598 11254
22969 4598 11400
22970 4598 15884
22971 4598 17506
22972 4598 19819
22973 4599 5291
22974 4599 11661
22975 4599 15879
22976 4599 17603
22977 4600 5124
22978 4600 5157
22979 4600 11681
22980 4600 12008
22981 4601 5157
22982 4601 5271
22983 4601 5298
22984 4601 11681
22985 4601 18961
22986 4601 19707
22987 4602 5129
22988 4602 5132
22989 4602 7988
22990 4602 12010
22991 4602 12536
22992 4602 19967
22993 4603 5135
22994 4603 5228
22995 4603 14430
22996 4603 16950
22997 4604 4984
22998 4604 11355
22999 4604 12113
23000 4604 14404
23001 4604 15102
23002 4604 17711
23003 4605 5228
23004 4605 11685
23005 4605 12011
23006 4605 14223
23007 4606 9994
23008 4606 14391
23009 4606 14400
23010 4606 14403
23011 4606 18120
23012 4607 4658
23013 4607 8534
23014 4607 11610
23015 4607 11809
23016 4608 6069
23017 4608 8021
23018 4608 12074
23019 4608 13286
23020 4608 14261
23021 4609 4764
23022 4609 9193
23023 4609 11456
23024 4609 12824
23025 4609 17711
23026 4609 17723
23027 4610 5423
23028 4610 8622
23029 4610 11332
23030 4610 15002
23031 4610 15730
23032 4611 7924
23033 4611 9307
23034 4611 10106
23035 4611 18573
23036 4612 7319
23037 4612 8617
23038 4612 9271
23039 4612 16876
23040 4612 16940
23041 4613 10091
23042 4613 11512
23043 4613 14711
23044 4613 14714
23045 4613 14716
23046 4613 17139
23047 4614 4656
23048 4614 4793
23049 4614 11459
23050 4614 11460
23051 4614 17183
23052 4615 11461
23053 4615 13886
23054 4615 14659
23055 4615 15172
23056 4615 15177
23057 4616 4617
23058 4616 4620
23059 4616 4656
23060 4616 4793
23061 4616 14260
23062 4616 19937
23063 4617 4620
23064 4617 4656
23065 4617 5160
23066 4618 4619
23067 4618 4624
23068 4618 7838
23069 4618 13900
23070 4618 14255
23071 4618 18890
23072 4619 4624
23073 4619 4625
23074 4619 4862
23075 4619 5226
23076 4619 14255
23077 4620 5160
23078 4620 6060
23079 4620 9551
23080 4620 19937
23081 4621 4641
23082 4621 8441
23083 4621 9827
23084 4621 10242
23085 4621 16729
23086 4622 16054
23087 4622 16392
23088 4622 18688
23089 4622 18834
23090 4623 7513
23091 4623 15197
23092 4623 16792
23093 4623 17055
23094 4623 19979
23095 4624 5226
23096 4624 14188
23097 4624 18890
23098 4624 19505
23099 4625 4862
23100 4625 5226
23101 4625 7525
23102 4626 7287
23103 4626 7509
23104 4626 8270
23105 4626 9026
23106 4626 12049
23107 4627 7932
23108 4627 9614
23109 4627 11371
23110 4627 18791
23111 4627 18797
23112 4627 19917
23113 4628 14635
23114 4628 14686
23115 4628 15367
23116 4628 15689
23117 4628 17525
23118 4629 5583
23119 4629 10852
23120 4629 13995
23121 4629 16207
23122 4629 17730
23123 4630 6653
23124 4630 9173
23125 4630 11407
23126 4630 15656
23127 4630 17264
23128 4631 4669
23129 4631 6704
23130 4631 10568
23131 4631 12471
23132 4631 15963
23133 4631 16178
23134 4632 4633
23135 4632 5302
23136 4632 6857
23137 4632 10569
23138 4632 11313
23139 4632 18199
23140 4633 5224
23141 4633 5302
23142 4633 10388
23143 4633 11312
23144 4633 11313
23145 4634 4636
23146 4634 4639
23147 4634 5036
23148 4634 5265
23149 4634 8279
23150 4634 15590
23151 4635 4654
23152 4635 10671
23153 4635 17076
23154 4636 4639
23155 4636 5036
23156 4636 7291
23157 4636 10069
23158 4636 11125
23159 4637 4829
23160 4637 9999
23161 4637 16729
23162 4637 17784
23163 4637 18239
23164 4638 6732
23165 4638 9398
23166 4638 12175
23167 4638 12197
23168 4638 15963
23169 4638 16698
23170 4639 7233
23171 4639 10069
23172 4639 11308
23173 4639 15590
23174 4640 9698
23175 4640 13110
23176 4640 16392
23177 4640 17667
23178 4640 18688
23179 4640 19633
23180 4641 9827
23181 4641 10242
23182 4641 10517
23183 4641 11950
23184 4642 4747
23185 4642 8943
23186 4642 10680
23187 4642 14448
23188 4643 7463
23189 4643 7510
23190 4643 7512
23191 4643 16717
23192 4643 17432
23193 4644 4648
23194 4644 5345
23195 4644 5666
23196 4644 6706
23197 4644 11108
23198 4644 11112
23199 4645 5580
23200 4645 6704
23201 4645 7774
23202 4645 14636
23203 4645 16698
23204 4646 7277
23205 4646 14699
23206 4646 15153
23207 4646 17275
23208 4647 4834
23209 4647 10633
23210 4647 12879
23211 4647 17182
23212 4648 5299
23213 4648 5345
23214 4648 5574
23215 4648 6706
23216 4648 10355
23217 4649 5699
23218 4649 8569
23219 4649 8841
23220 4649 10658
23221 4649 15290
23222 4649 17780
23223 4649 19460
23224 4650 5370
23225 4650 5644
23226 4650 7715
23227 4650 11109
23228 4651 5196
23229 4651 5239
23230 4651 5601
23231 4651 10573
23232 4651 11937
23233 4651 19350
23234 4652 5354
23235 4652 5650
23236 4652 10634
23237 4652 13396
23238 4652 14216
23239 4652 15540
23240 4653 4748
23241 4653 8593
23242 4653 14504
23243 4654 10671
23244 4654 12163
23245 4654 14474
23246 4654 18642
23247 4655 5497
23248 4655 11373
23249 4655 11470
23250 4655 14147
23251 4655 14347
23252 4656 4793
23253 4656 11459
23254 4656 17176
23255 4657 4986
23256 4657 7945
23257 4657 8268
23258 4657 14391
23259 4657 15098
23260 4657 17713
23261 4658 8101
23262 4658 8534
23263 4658 11809
23264 4658 11941
23265 4658 14265
23266 4659 15962
23267 4659 19454
23268 4660 6832
23269 4660 15667
23270 4660 15700
23271 4660 17946
23272 4661 5644
23273 4661 6827
23274 4661 7715
23275 4661 8335
23276 4661 10086
23277 4661 11095
23278 4661 18613
23279 4662 5552
23280 4662 6574
23281 4662 10740
23282 4662 16585
23283 4662 19758
23284 4663 5619
23285 4663 6574
23286 4663 6830
23287 4663 11079
23288 4663 11095
23289 4663 15659
23290 4664 8509
23291 4664 8926
23292 4664 8957
23293 4664 9389
23294 4664 12645
23295 4665 14842
23296 4665 15196
23297 4665 15557
23298 4665 19610
23299 4666 4667
23300 4666 4668
23301 4666 6837
23302 4666 6879
23303 4666 10571
23304 4666 11076
23305 4667 4668
23306 4667 5125
23307 4667 6583
23308 4667 10571
23309 4667 11069
23310 4667 18101
23311 4668 4670
23312 4668 6583
23313 4668 6879
23314 4668 10208
23315 4669 4682
23316 4669 10568
23317 4669 12357
23318 4669 12471
23319 4670 6178
23320 4670 6583
23321 4670 10208
23322 4671 6838
23323 4671 6840
23324 4671 7541
23325 4671 9964
23326 4671 10219
23327 4671 11066
23328 4672 5141
23329 4672 5692
23330 4672 6630
23331 4672 10559
23332 4672 13707
23333 4672 17754
23334 4672 17821
23335 4673 8265
23336 4673 8332
23337 4673 8536
23338 4673 9194
23339 4673 9964
23340 4673 11066
23341 4674 5182
23342 4674 11169
23343 4674 11252
23344 4674 15116
23345 4674 15826
23346 4675 4914
23347 4675 5191
23348 4675 8705
23349 4675 14828
23350 4676 5322
23351 4676 6563
23352 4676 7005
23353 4676 8155
23354 4676 12059
23355 4676 13059
23356 4677 5059
23357 4677 5304
23358 4677 9002
23359 4677 10294
23360 4677 10640
23361 4677 16967
23362 4678 7334
23363 4678 7499
23364 4678 7526
23365 4678 8771
23366 4678 14958
23367 4678 15017
23368 4679 4681
23369 4679 9455
23370 4679 11655
23371 4679 17475
23372 4679 19080
23373 4680 9224
23374 4680 9826
23375 4680 15334
23376 4681 8312
23377 4681 9455
23378 4681 9489
23379 4681 11655
23380 4681 17677
23381 4682 5128
23382 4682 6540
23383 4682 6556
23384 4682 10569
23385 4682 12357
23386 4683 4781
23387 4683 11113
23388 4683 11946
23389 4684 11767
23390 4684 11857
23391 4685 15207
23392 4685 19467
23393 4686 4690
23394 4686 5086
23395 4686 6519
23396 4686 6545
23397 4686 11048
23398 4686 11053
23399 4687 7161
23400 4687 13584
23401 4687 17266
23402 4687 18882
23403 4688 11788
23404 4688 14887
23405 4688 14977
23406 4689 14379
23407 4689 19271
23408 4690 5086
23409 4690 5310
23410 4690 11053
23411 4691 4692
23412 4691 5850
23413 4691 6757
23414 4691 11642
23415 4691 11646
23416 4691 17445
23417 4692 5096
23418 4692 6757
23419 4692 7600
23420 4692 8028
23421 4692 11642
23422 4693 6542
23423 4693 8409
23424 4693 10265
23425 4693 11048
23426 4693 11051
23427 4693 15865
23428 4694 4696
23429 4694 14975
23430 4694 15083
23431 4695 17471
23432 4695 17656
23433 4696 14975
23434 4696 15005
23435 4696 15017
23436 4697 4700
23437 4697 5133
23438 4697 8734
23439 4697 11041
23440 4697 17064
23441 4697 17687
23442 4698 4907
23443 4698 4959
23444 4698 5175
23445 4698 10979
23446 4698 13699
23447 4698 17752
23448 4699 14980
23449 4699 15721
23450 4699 16512
23451 4699 17271
23452 4700 9274
23453 4700 9360
23454 4700 11041
23455 4700 14721
23456 4700 17687
23457 4701 17122
23458 4701 17123
23459 4701 17153
23460 4701 17195
23461 4701 17288
23462 4701 17567
23463 4702 6734
23464 4702 6742
23465 4702 11712
23466 4702 14423
23467 4702 14427
23468 4703 5389
23469 4703 6815
23470 4703 6942
23471 4703 8093
23472 4703 19512
23473 4704 13815
23474 4704 14479
23475 4705 4845
23476 4705 5294
23477 4705 8092
23478 4705 11651
23479 4705 13903
23480 4706 4820
23481 4706 11557
23482 4706 11849
23483 4706 16497
23484 4707 5023
23485 4707 9238
23486 4707 13862
23487 4707 19580
23488 4708 4712
23489 4708 11601
23490 4708 11808
23491 4709 5881
23492 4709 6149
23493 4709 10837
23494 4709 12652
23495 4709 14917
23496 4709 17891
23497 4710 11527
23498 4710 11660
23499 4710 14520
23500 4710 14939
23501 4710 17834
23502 4711 5887
23503 4711 6149
23504 4711 9137
23505 4711 11959
23506 4711 17891
23507 4712 5107
23508 4712 11601
23509 4712 17744
23510 4713 9693
23511 4713 15563
23512 4713 16989
23513 4713 19593
23514 4714 5006
23515 4714 6247
23516 4714 7725
23517 4714 9140
23518 4715 7618
23519 4715 9261
23520 4715 10608
23521 4715 12317
23522 4715 12421
23523 4716 5628
23524 4716 6682
23525 4716 6940
23526 4716 18092
23527 4717 12118
23528 4717 15055
23529 4717 15871
23530 4717 17941
23531 4717 19713
23532 4718 9660
23533 4718 14409
23534 4718 14411
23535 4718 15059
23536 4718 18362
23537 4718 19713
23538 4719 12329
23539 4719 18833
23540 4719 19720
23541 4720 8525
23542 4720 9029
23543 4720 9060
23544 4720 12524
23545 4720 12920
23546 4720 13871
23547 4721 6039
23548 4721 8516
23549 4721 8678
23550 4721 9001
23551 4721 11764
23552 4721 19545
23553 4722 9806
23554 4722 14381
23555 4722 14434
23556 4722 15054
23557 4722 15236
23558 4722 19801
23559 4723 6523
23560 4723 7805
23561 4723 10597
23562 4723 13314
23563 4723 14844
23564 4723 19130
23565 4724 7388
23566 4724 14634
23567 4724 18790
23568 4725 4727
23569 4725 4731
23570 4725 9347
23571 4725 10319
23572 4725 11215
23573 4726 5287
23574 4726 6884
23575 4726 9652
23576 4726 11028
23577 4726 12774
23578 4727 4731
23579 4727 4775
23580 4727 10319
23581 4727 14222
23582 4727 16778
23583 4728 7440
23584 4728 9156
23585 4728 9575
23586 4728 10319
23587 4728 11215
23588 4728 16907
23589 4729 4730
23590 4729 5066
23591 4729 11973
23592 4729 14217
23593 4729 16903
23594 4730 7861
23595 4730 10992
23596 4730 11973
23597 4731 4775
23598 4731 8080
23599 4731 12507
23600 4732 9807
23601 4732 11974
23602 4732 15227
23603 4732 17073
23604 4733 5397
23605 4733 5572
23606 4733 8395
23607 4733 10742
23608 4733 13906
23609 4734 9807
23610 4734 10989
23611 4734 11975
23612 4734 16770
23613 4734 16931
23614 4735 8452
23615 4735 8454
23616 4735 18561
23617 4736 9267
23618 4736 14095
23619 4736 15269
23620 4736 16423
23621 4736 16893
23622 4736 17846
23623 4737 4739
23624 4737 4740
23625 4737 5005
23626 4737 11666
23627 4737 11722
23628 4738 8328
23629 4738 17934
23630 4738 17936
23631 4738 18126
23632 4738 18130
23633 4738 18944
23634 4739 6097
23635 4739 11722
23636 4739 11975
23637 4739 16931
23638 4740 5005
23639 4740 11666
23640 4740 11990
23641 4740 16759
23642 4740 17846
23643 4741 11402
23644 4741 12816
23645 4741 13411
23646 4741 18067
23647 4741 18279
23648 4741 19066
23649 4742 9368
23650 4742 12621
23651 4742 13527
23652 4742 14269
23653 4742 19400
23654 4742 19410
23655 4743 6591
23656 4743 6904
23657 4743 8114
23658 4743 9031
23659 4743 9268
23660 4743 10334
23661 4744 4776
23662 4744 7455
23663 4744 11633
23664 4744 17980
23665 4745 6538
23666 4745 8451
23667 4745 10523
23668 4745 15189
23669 4746 5341
23670 4746 8845
23671 4746 10484
23672 4746 13231
23673 4747 9698
23674 4747 13110
23675 4748 8593
23676 4748 9805
23677 4748 17415
23678 4749 7759
23679 4749 8855
23680 4749 18596
23681 4749 18996
23682 4750 6592
23683 4750 11089
23684 4750 11927
23685 4750 16135
23686 4750 19152
23687 4750 19657
23688 4751 6274
23689 4751 8797
23690 4751 12070
23691 4751 19572
23692 4752 12423
23693 4752 13225
23694 4752 14590
23695 4752 15024
23696 4753 8250
23697 4753 9123
23698 4753 9786
23699 4753 10950
23700 4753 12128
23701 4754 11957
23702 4754 12037
23703 4754 19584
23704 4755 4971
23705 4755 14200
23706 4755 19138
23707 4756 10929
23708 4756 13619
23709 4756 18476
23710 4757 6034
23711 4757 7902
23712 4757 7908
23713 4757 8044
23714 4757 12460
23715 4757 20020
23716 4758 6411
23717 4758 7818
23718 4758 12880
23719 4758 15597
23720 4758 19883
23721 4758 19923
23722 4759 5843
23723 4759 7970
23724 4759 8468
23725 4759 15857
23726 4760 6081
23727 4760 7576
23728 4760 10142
23729 4760 14998
23730 4760 15081
23731 4760 17817
23732 4761 5088
23733 4761 7826
23734 4761 9374
23735 4761 15327
23736 4761 15480
23737 4762 7152
23738 4762 10028
23739 4762 13753
23740 4762 13860
23741 4762 18347
23742 4763 5942
23743 4763 6036
23744 4763 10850
23745 4763 18380
23746 4763 19862
23747 4764 9193
23748 4764 13672
23749 4764 17723
23750 4764 17731
23751 4765 15338
23752 4765 18135
23753 4765 18407
23754 4766 6970
23755 4766 8210
23756 4766 10882
23757 4766 12095
23758 4766 17116
23759 4766 19492
23760 4767 6366
23761 4767 6377
23762 4767 6995
23763 4767 8253
23764 4767 19180
23765 4767 19235
23766 4768 9889
23767 4768 10364
23768 4768 13589
23769 4768 19931
23770 4768 20003
23771 4769 5523
23772 4769 6232
23773 4769 9863
23774 4769 11042
23775 4769 13228
23776 4770 6567
23777 4770 6822
23778 4770 13930
23779 4770 15793
23780 4770 17879
23781 4771 7262
23782 4771 9263
23783 4771 11403
23784 4771 11886
23785 4771 14685
23786 4771 15160
23787 4772 4835
23788 4772 5897
23789 4772 6268
23790 4772 10765
23791 4772 18705
23792 4773 7850
23793 4773 8471
23794 4773 11422
23795 4773 13427
23796 4773 15011
23797 4774 5764
23798 4774 5899
23799 4774 6673
23800 4774 12789
23801 4774 14350
23802 4774 16367
23803 4775 6226
23804 4775 7019
23805 4775 8080
23806 4775 14796
23807 4775 16778
23808 4776 7455
23809 4776 8573
23810 4776 9963
23811 4776 17980
23812 4777 9898
23813 4777 15568
23814 4777 16635
23815 4777 18835
23816 4778 5423
23817 4778 7278
23818 4778 9947
23819 4778 11888
23820 4778 15730
23821 4779 6815
23822 4779 6942
23823 4779 7002
23824 4779 8804
23825 4780 8656
23826 4780 9769
23827 4780 13661
23828 4780 14896
23829 4780 18286
23830 4781 11113
23831 4781 11238
23832 4781 14504
23833 4781 16897
23834 4782 5247
23835 4782 9134
23836 4782 9202
23837 4782 11606
23838 4782 14875
23839 4783 5584
23840 4783 7632
23841 4783 9204
23842 4783 11568
23843 4784 12342
23844 4784 12442
23845 4784 12620
23846 4784 12638
23847 4784 16246
23848 4784 16387
23849 4785 8202
23850 4785 9037
23851 4785 11129
23852 4785 14671
23853 4786 4918
23854 4786 4919
23855 4786 11176
23856 4786 16802
23857 4786 19569
23858 4787 6152
23859 4787 6188
23860 4787 10824
23861 4787 17778
23862 4788 4800
23863 4788 4944
23864 4788 10287
23865 4788 11564
23866 4788 17778
23867 4789 6842
23868 4789 7439
23869 4789 8356
23870 4789 11917
23871 4789 15023
23872 4789 15120
23873 4790 5951
23874 4790 6200
23875 4790 7639
23876 4790 11082
23877 4790 14901
23878 4790 17700
23879 4790 18359
23880 4791 7712
23881 4791 9906
23882 4791 11714
23883 4791 13044
23884 4792 7035
23885 4792 12003
23886 4792 13743
23887 4792 16816
23888 4793 14260
23889 4794 7444
23890 4794 9515
23891 4794 10115
23892 4794 15770
23893 4794 16322
23894 4795 4797
23895 4795 4899
23896 4795 10115
23897 4795 12000
23898 4795 16018
23899 4795 16322
23900 4796 15974
23901 4796 19649
23902 4796 19908
23903 4796 20015
23904 4797 6741
23905 4797 12000
23906 4797 18858
23907 4798 5154
23908 4798 8172
23909 4798 9846
23910 4798 12226
23911 4798 15656
23912 4799 6019
23913 4799 7632
23914 4799 11467
23915 4799 11568
23916 4799 11602
23917 4799 19436
23918 4800 4944
23919 4800 8759
23920 4800 11173
23921 4800 14238
23922 4801 11169
23923 4801 11679
23924 4801 14949
23925 4801 15826
23926 4801 16972
23927 4801 17043
23928 4801 17493
23929 4802 8316
23930 4802 8494
23931 4802 8655
23932 4802 10306
23933 4802 11955
23934 4802 16217
23935 4803 4992
23936 4803 5446
23937 4803 5575
23938 4803 5873
23939 4803 11887
23940 4803 17719
23941 4803 18422
23942 4804 7727
23943 4804 8211
23944 4804 9840
23945 4804 18842
23946 4805 13547
23947 4805 18032
23948 4805 18913
23949 4805 19466
23950 4806 4941
23951 4806 5603
23952 4806 11207
23953 4806 11805
23954 4806 19245
23955 4807 4819
23956 4807 5208
23957 4807 8769
23958 4807 10811
23959 4807 11805
23960 4807 16217
23961 4808 5184
23962 4808 7154
23963 4808 9257
23964 4808 16374
23965 4809 5755
23966 4809 11189
23967 4809 11300
23968 4809 14165
23969 4809 14966
23970 4809 17513
23971 4810 11404
23972 4810 19528
23973 4811 12311
23974 4811 14532
23975 4811 15049
23976 4811 15248
23977 4811 16344
23978 4811 16546
23979 4812 8514
23980 4812 13212
23981 4812 13397
23982 4812 14483
23983 4812 15194
23984 4812 18579
23985 4813 4998
23986 4813 8185
23987 4813 17290
23988 4813 19486
23989 4813 19487
23990 4814 12359
23991 4814 15939
23992 4814 17655
23993 4814 18559
23994 4814 18586
23995 4815 7882
23996 4815 17114
23997 4815 17915
23998 4815 18048
23999 4815 18176
24000 4816 12307
24001 4816 12310
24002 4816 12314
24003 4816 16402
24004 4816 16404
24005 4817 8369
24006 4817 9147
24007 4817 10948
24008 4817 11306
24009 4817 14452
24010 4817 14668
24011 4817 15795
24012 4818 14098
24013 4818 14103
24014 4818 14110
24015 4818 14701
24016 4818 17276
24017 4819 5208
24018 4819 7336
24019 4819 10811
24020 4819 12250
24021 4819 16535
24022 4820 11156
24023 4820 11557
24024 4821 9369
24025 4821 10110
24026 4821 11864
24027 4822 8731
24028 4822 11611
24029 4822 11859
24030 4822 12094
24031 4823 5929
24032 4823 5932
24033 4823 6701
24034 4823 10738
24035 4823 12099
24036 4823 16823
24037 4824 7567
24038 4824 10678
24039 4824 17048
24040 4824 17743
24041 4824 19158
24042 4824 19980
24043 4825 5929
24044 4825 5970
24045 4825 6207
24046 4825 6701
24047 4825 11659
24048 4825 19653
24049 4826 5294
24050 4826 9264
24051 4826 11651
24052 4827 10576
24053 4827 14181
24054 4828 5428
24055 4828 5914
24056 4828 11285
24057 4828 13387
24058 4828 13456
24059 4829 8361
24060 4829 8441
24061 4829 11122
24062 4829 15256
24063 4829 16729
24064 4829 18239
24065 4830 5983
24066 4830 6578
24067 4830 15317
24068 4830 19854
24069 4831 6972
24070 4831 8517
24071 4831 12703
24072 4831 13781
24073 4831 19789
24074 4832 4915
24075 4832 8671
24076 4832 11176
24077 4832 11183
24078 4832 17080
24079 4833 5639
24080 4833 5802
24081 4833 9306
24082 4833 9811
24083 4833 14191
24084 4833 14808
24085 4834 5203
24086 4834 10633
24087 4835 5600
24088 4835 5897
24089 4835 10765
24090 4835 18316
24091 4836 8762
24092 4836 11771
24093 4836 13170
24094 4836 13729
24095 4836 14258
24096 4837 7682
24097 4837 11607
24098 4837 19001
24099 4838 6578
24100 4838 6633
24101 4838 13866
24102 4838 13894
24103 4838 18006
24104 4838 19854
24105 4839 4840
24106 4839 5539
24107 4839 7443
24108 4839 8987
24109 4839 13574
24110 4839 15825
24111 4839 17488
24112 4840 7085
24113 4840 7443
24114 4840 7952
24115 4840 8987
24116 4840 9274
24117 4841 4843
24118 4841 10541
24119 4841 11791
24120 4841 11802
24121 4841 12323
24122 4841 18319
24123 4842 5531
24124 4842 7542
24125 4842 12071
24126 4842 12161
24127 4842 16710
24128 4843 5960
24129 4843 10541
24130 4843 12500
24131 4843 14173
24132 4843 18319
24133 4844 5294
24134 4844 9092
24135 4844 10200
24136 4844 13903
24137 4844 19737
24138 4845 8092
24139 4845 9092
24140 4845 13903
24141 4846 5054
24142 4846 5183
24143 4846 9236
24144 4846 11720
24145 4846 13774
24146 4847 6021
24147 4847 8316
24148 4847 8407
24149 4847 8573
24150 4847 8759
24151 4847 9963
24152 4847 11955
24153 4848 8928
24154 4848 13753
24155 4848 13860
24156 4848 14075
24157 4848 14267
24158 4849 4852
24159 4849 5168
24160 4849 8802
24161 4849 8828
24162 4849 16960
24163 4849 17024
24164 4850 8390
24165 4850 13668
24166 4850 14308
24167 4850 16918
24168 4851 12228
24169 4851 14419
24170 4851 15027
24171 4851 15289
24172 4851 15438
24173 4852 5016
24174 4852 5053
24175 4852 5169
24176 4852 8828
24177 4852 16960
24178 4853 15906
24179 4853 16713
24180 4853 18005
24181 4853 18891
24182 4854 4856
24183 4854 5018
24184 4854 6302
24185 4854 8710
24186 4854 13666
24187 4855 4859
24188 4855 5021
24189 4855 18177
24190 4855 19288
24191 4855 20034
24192 4856 4857
24193 4856 6302
24194 4856 10352
24195 4856 11670
24196 4856 13666
24197 4856 18315
24198 4857 4859
24199 4857 6302
24200 4857 18315
24201 4858 7335
24202 4858 8073
24203 4858 8815
24204 4858 11378
24205 4858 11492
24206 4858 17062
24207 4859 18315
24208 4859 20034
24209 4860 5173
24210 4860 8294
24211 4860 10291
24212 4860 11676
24213 4860 19044
24214 4860 19219
24215 4861 5178
24216 4861 8249
24217 4861 9183
24218 4861 16011
24219 4862 14255
24220 4862 16850
24221 4862 17423
24222 4863 7838
24223 4863 11408
24224 4863 13900
24225 4863 15797
24226 4864 5247
24227 4864 6846
24228 4864 11606
24229 4864 15117
24230 4865 4946
24231 4865 5114
24232 4865 17867
24233 4865 18341
24234 4865 19007
24235 4865 19334
24236 4866 4990
24237 4866 5021
24238 4866 9350
24239 4866 11374
24240 4866 15295
24241 4867 6600
24242 4867 12329
24243 4867 13323
24244 4867 13738
24245 4868 5681
24246 4868 14289
24247 4868 14293
24248 4868 16830
24249 4868 19279
24250 4869 4874
24251 4869 5178
24252 4869 8249
24253 4869 8677
24254 4869 12247
24255 4870 6499
24256 4870 11279
24257 4870 17522
24258 4870 17770
24259 4871 4907
24260 4871 5175
24261 4871 5177
24262 4871 9186
24263 4871 19775
24264 4872 4893
24265 4872 5165
24266 4872 9366
24267 4872 10496
24268 4872 10793
24269 4872 19371
24270 4873 4921
24271 4873 8390
24272 4873 16641
24273 4873 16788
24274 4873 16918
24275 4873 17093
24276 4874 5178
24277 4874 6394
24278 4874 12247
24279 4874 14860
24280 4875 4877
24281 4875 4880
24282 4875 10496
24283 4875 13185
24284 4875 17079
24285 4876 12151
24286 4876 14562
24287 4876 15019
24288 4876 15648
24289 4876 17356
24290 4877 8390
24291 4877 14296
24292 4877 14840
24293 4877 17079
24294 4878 7413
24295 4878 10864
24296 4878 11613
24297 4878 11634
24298 4879 8754
24299 4879 11918
24300 4879 12066
24301 4880 5165
24302 4880 10496
24303 4880 13668
24304 4881 6449
24305 4881 15181
24306 4881 16675
24307 4881 17512
24308 4881 18296
24309 4882 7823
24310 4882 14751
24311 4882 18997
24312 4883 4886
24313 4883 6915
24314 4883 7733
24315 4883 9326
24316 4883 12303
24317 4883 19757
24318 4884 6833
24319 4884 6914
24320 4884 6915
24321 4884 11920
24322 4884 12303
24323 4885 5193
24324 4885 6712
24325 4885 11129
24326 4885 14671
24327 4886 6865
24328 4886 6869
24329 4886 9326
24330 4886 13504
24331 4886 19757
24332 4887 4939
24333 4887 5727
24334 4887 10521
24335 4887 13582
24336 4888 4892
24337 4888 4911
24338 4888 8693
24339 4888 12000
24340 4888 18858
24341 4889 5236
24342 4889 7993
24343 4889 8666
24344 4889 15152
24345 4889 17285
24346 4890 4893
24347 4890 4896
24348 4890 8698
24349 4890 10537
24350 4890 10793
24351 4890 11570
24352 4891 5379
24353 4891 9746
24354 4891 15315
24355 4891 15417
24356 4892 4899
24357 4892 12000
24358 4892 12390
24359 4892 14300
24360 4893 4896
24361 4893 10793
24362 4893 14299
24363 4893 19371
24364 4894 5156
24365 4894 5163
24366 4894 9253
24367 4894 9399
24368 4894 11631
24369 4895 8343
24370 4895 11786
24371 4895 14847
24372 4895 18158
24373 4895 19620
24374 4896 5410
24375 4896 8698
24376 4896 14299
24377 4896 17081
24378 4897 10572
24379 4897 14825
24380 4897 15747
24381 4898 5477
24382 4898 8293
24383 4898 11872
24384 4898 17974
24385 4899 10974
24386 4899 12000
24387 4899 12390
24388 4899 16322
24389 4900 5051
24390 4900 11131
24391 4901 4952
24392 4901 15316
24393 4901 17853
24394 4902 5597
24395 4902 9845
24396 4902 18001
24397 4902 18787
24398 4903 12709
24399 4903 15458
24400 4903 15558
24401 4903 16249
24402 4903 19961
24403 4904 4927
24404 4904 4931
24405 4904 8998
24406 4904 17170
24407 4905 7975
24408 4905 12445
24409 4905 15333
24410 4905 17836
24411 4906 5280
24412 4906 5374
24413 4906 5576
24414 4906 5581
24415 4906 6409
24416 4906 10727
24417 4907 5175
24418 4907 5177
24419 4907 8676
24420 4907 10979
24421 4908 5156
24422 4908 9253
24423 4908 11786
24424 4908 17168
24425 4909 12550
24426 4909 15693
24427 4909 18598
24428 4910 11127
24429 4910 13001
24430 4910 19583
24431 4911 5410
24432 4911 8693
24433 4911 13561
24434 4911 17081
24435 4912 11220
24436 4912 11267
24437 4912 14838
24438 4912 14895
24439 4912 16806
24440 4913 5333
24441 4913 8066
24442 4913 10432
24443 4913 17097
24444 4914 5191
24445 4914 12237
24446 4915 8671
24447 4915 14307
24448 4916 6668
24449 4916 7248
24450 4916 9134
24451 4916 11236
24452 4916 14875
24453 4916 17389
24454 4917 5211
24455 4917 6668
24456 4917 7248
24457 4917 11342
24458 4917 13230
24459 4917 17773
24460 4918 5272
24461 4918 6846
24462 4918 8671
24463 4918 11176
24464 4918 19569
24465 4919 8340
24466 4919 11176
24467 4919 17080
24468 4920 5117
24469 4920 11379
24470 4920 11565
24471 4920 11566
24472 4920 17075
24473 4921 5175
24474 4921 9186
24475 4921 13699
24476 4921 16641
24477 4921 16788
24478 4922 12365
24479 4922 12892
24480 4922 14185
24481 4922 15012
24482 4922 15150
24483 4923 5925
24484 4923 9506
24485 4923 15579
24486 4923 16628
24487 4924 5214
24488 4924 5553
24489 4924 7033
24490 4924 10152
24491 4924 13743
24492 4925 7680
24493 4925 10380
24494 4926 7845
24495 4926 8675
24496 4926 13823
24497 4926 16976
24498 4927 6474
24499 4928 7128
24500 4928 8360
24501 4928 8736
24502 4928 9441
24503 4928 11842
24504 4928 13262
24505 4929 5900
24506 4929 11022
24507 4929 11565
24508 4929 11598
24509 4929 15190
24510 4929 16806
24511 4930 17741
24512 4930 18155
24513 4930 18555
24514 4930 19963
24515 4931 14798
24516 4931 16570
24517 4931 17170
24518 4932 5694
24519 4932 6048
24520 4932 8631
24521 4932 8695
24522 4932 11811
24523 4932 14167
24524 4933 7057
24525 4933 11486
24526 4933 14501
24527 4933 14886
24528 4933 15042
24529 4934 6383
24530 4934 18213
24531 4934 18226
24532 4934 18502
24533 4934 19376
24534 4935 5236
24535 4935 8651
24536 4935 9434
24537 4935 11760
24538 4935 16574
24539 4936 11360
24540 4936 11427
24541 4936 14562
24542 4936 16062
24543 4936 17356
24544 4937 4939
24545 4937 6687
24546 4937 7345
24547 4937 8376
24548 4937 9148
24549 4937 10521
24550 4938 4960
24551 4938 14827
24552 4939 5727
24553 4939 6735
24554 4939 7345
24555 4939 10521
24556 4940 5949
24557 4940 6254
24558 4940 6657
24559 4940 8791
24560 4940 11898
24561 4941 5603
24562 4941 7413
24563 4941 11951
24564 4942 6249
24565 4942 11802
24566 4942 13951
24567 4942 15188
24568 4942 15948
24569 4942 17467
24570 4943 4960
24571 4943 5044
24572 4943 6310
24573 4943 15660
24574 4944 7455
24575 4944 8759
24576 4944 9963
24577 4944 11564
24578 4945 6544
24579 4945 11269
24580 4945 14756
24581 4945 17183
24582 4946 10897
24583 4946 15381
24584 4946 15603
24585 4946 18341
24586 4946 19334
24587 4947 8363
24588 4947 17562
24589 4947 19407
24590 4948 5213
24591 4948 5335
24592 4948 11047
24593 4948 16251
24594 4948 19256
24595 4948 19743
24596 4949 7319
24597 4949 13635
24598 4949 13735
24599 4949 16877
24600 4949 17920
24601 4949 19228
24602 4950 5522
24603 4950 5869
24604 4950 7182
24605 4950 7765
24606 4950 10993
24607 4951 8968
24608 4951 10098
24609 4951 11488
24610 4951 14612
24611 4951 16695
24612 4952 17853
24613 4952 18007
24614 4952 19133
24615 4953 9450
24616 4953 9708
24617 4953 9874
24618 4953 18830
24619 4954 5048
24620 4954 5185
24621 4954 7154
24622 4955 8493
24623 4955 8578
24624 4955 9911
24625 4955 20017
24626 4956 5821
24627 4956 7820
24628 4956 11199
24629 4956 17477
24630 4957 5107
24631 4957 17364
24632 4957 17502
24633 4958 5794
24634 4958 14946
24635 4958 15525
24636 4958 15545
24637 4958 16882
24638 4959 7458
24639 4959 10979
24640 4959 12844
24641 4959 15750
24642 4959 17752
24643 4960 11898
24644 4961 6153
24645 4961 6158
24646 4961 6276
24647 4961 6318
24648 4961 10927
24649 4961 14563
24650 4962 8278
24651 4962 8437
24652 4962 9629
24653 4962 10071
24654 4962 14484
24655 4963 5702
24656 4963 17092
24657 4963 18440
24658 4963 18735
24659 4964 10655
24660 4964 15976
24661 4964 16050
24662 4964 18971
24663 4965 7526
24664 4965 8240
24665 4965 11357
24666 4965 11358
24667 4965 12145
24668 4966 11979
24669 4966 14931
24670 4966 14944
24671 4966 14995
24672 4966 18209
24673 4967 19528
24674 4968 7316
24675 4968 7321
24676 4968 7323
24677 4968 11971
24678 4968 14925
24679 4968 14987
24680 4969 6972
24681 4969 7756
24682 4969 8130
24683 4969 8263
24684 4969 8869
24685 4969 13287
24686 4970 6479
24687 4970 11332
24688 4970 17350
24689 4970 17396
24690 4971 7827
24691 4971 9877
24692 4971 19138
24693 4971 19767
24694 4972 11728
24695 4972 12726
24696 4972 13204
24697 4972 16938
24698 4972 19636
24699 4973 7532
24700 4973 9817
24701 4973 11184
24702 4973 17260
24703 4974 5248
24704 4974 11853
24705 4974 11893
24706 4974 17072
24707 4975 8608
24708 4975 9116
24709 4976 11723
24710 4976 12801
24711 4976 14753
24712 4976 14852
24713 4976 16290
24714 4977 11528
24715 4977 12285
24716 4977 12945
24717 4977 14702
24718 4977 14750
24719 4978 8300
24720 4978 8823
24721 4978 11727
24722 4978 14602
24723 4978 14676
24724 4979 7516
24725 4979 9727
24726 4979 13769
24727 4980 6817
24728 4980 7344
24729 4980 16876
24730 4980 16916
24731 4981 7596
24732 4981 10092
24733 4981 11516
24734 4981 13028
24735 4981 14591
24736 4981 14604
24737 4981 14700
24738 4982 7329
24739 4982 7333
24740 4982 8290
24741 4982 14586
24742 4982 15036
24743 4982 17714
24744 4983 8571
24745 4983 12652
24746 4983 14917
24747 4983 16781
24748 4983 17065
24749 4984 9529
24750 4984 11355
24751 4984 12113
24752 4984 14403
24753 4984 17713
24754 4985 15931
24755 4985 16202
24756 4985 19893
24757 4986 7945
24758 4986 11355
24759 4986 11456
24760 4986 12824
24761 4986 17713
24762 4987 5179
24763 4987 9879
24764 4987 11819
24765 4988 5235
24766 4988 7134
24767 4988 7172
24768 4988 11523
24769 4988 15273
24770 4989 5004
24771 4989 6814
24772 4989 11872
24773 4989 13647
24774 4989 14839
24775 4989 18171
24776 4989 19164
24777 4990 10352
24778 4990 11374
24779 4990 12562
24780 4990 13029
24781 4990 15295
24782 4990 17032
24783 4991 11478
24784 4991 14429
24785 4991 18036
24786 4991 18037
24787 4991 18899
24788 4992 5446
24789 4992 8904
24790 4992 15179
24791 4992 16303
24792 4992 17719
24793 4993 15038
24794 4993 15048
24795 4993 18439
24796 4993 18620
24797 4994 5055
24798 4994 6011
24799 4994 6488
24800 4994 8980
24801 4994 13904
24802 4995 5808
24803 4995 9039
24804 4995 11774
24805 4995 16452
24806 4995 17120
24807 4996 5979
24808 4996 7778
24809 4996 8586
24810 4996 9748
24811 4996 19562
24812 4997 5977
24813 4997 6460
24814 4997 12808
24815 4997 18255
24816 4998 7110
24817 4998 17953
24818 4998 19486
24819 4999 11978
24820 4999 14513
24821 4999 19861
24822 5000 8455
24823 5000 9854
24824 5000 11394
24825 5000 11551
24826 5000 11874
24827 5000 16972
24828 5001 8579
24829 5001 10541
24830 5001 12103
24831 5001 12500
24832 5001 14285
24833 5002 6028
24834 5002 6316
24835 5002 17047
24836 5002 18973
24837 5003 7342
24838 5003 14335
24839 5003 14861
24840 5004 11157
24841 5004 11872
24842 5004 14839
24843 5004 14846
24844 5004 17974
24845 5005 5826
24846 5005 6100
24847 5005 16759
24848 5006 8774
24849 5006 11616
24850 5006 14177
24851 5007 7989
24852 5007 8458
24853 5008 5011
24854 5008 14076
24855 5008 15434
24856 5008 15559
24857 5008 15896
24858 5008 19863
24859 5009 5899
24860 5009 6673
24861 5009 9154
24862 5009 16787
24863 5009 16936
24864 5010 5013
24865 5010 5589
24866 5010 14997
24867 5010 15216
24868 5011 13890
24869 5011 13985
24870 5011 14007
24871 5011 15434
24872 5011 15559
24873 5012 8363
24874 5012 9972
24875 5013 5589
24876 5013 8696
24877 5014 7563
24878 5014 9376
24879 5014 9883
24880 5014 11251
24881 5014 17499
24882 5015 8134
24883 5015 11624
24884 5015 11665
24885 5015 11765
24886 5016 5069
24887 5016 5169
24888 5016 8828
24889 5016 13774
24890 5016 16946
24891 5017 9893
24892 5017 11904
24893 5017 19839
24894 5017 20026
24895 5018 5840
24896 5018 6302
24897 5018 6350
24898 5018 8710
24899 5018 14051
24900 5019 7358
24901 5020 8845
24902 5020 12774
24903 5020 13231
24904 5021 9350
24905 5021 11541
24906 5021 13175
24907 5021 18177
24908 5022 9452
24909 5022 9514
24910 5022 11163
24911 5022 14521
24912 5022 14639
24913 5023 5048
24914 5023 9238
24915 5023 10305
24916 5023 10774
24917 5023 18597
24918 5024 5028
24919 5024 6572
24920 5024 8356
24921 5024 15120
24922 5024 15904
24923 5025 11260
24924 5025 17341
24925 5025 17349
24926 5025 17353
24927 5026 5112
24928 5026 10087
24929 5026 12719
24930 5027 11123
24931 5027 12719
24932 5027 14353
24933 5027 14855
24934 5027 15599
24935 5028 6572
24936 5028 8356
24937 5028 9057
24938 5028 11134
24939 5028 11284
24940 5029 5030
24941 5029 5044
24942 5029 5232
24943 5029 6310
24944 5029 9003
24945 5030 5044
24946 5030 5184
24947 5030 9003
24948 5030 9298
24949 5030 18860
24950 5031 11124
24951 5031 11583
24952 5031 19270
24953 5032 5447
24954 5032 5507
24955 5032 8544
24956 5032 8675
24957 5032 13991
24958 5032 19613
24959 5033 14360
24960 5034 8921
24961 5034 14345
24962 5034 14924
24963 5034 15093
24964 5034 15808
24965 5034 16598
24966 5035 8827
24967 5035 10630
24968 5035 10982
24969 5035 11175
24970 5035 11952
24971 5035 13056
24972 5036 5265
24973 5036 10338
24974 5036 11125
24975 5037 7358
24976 5037 10004
24977 5037 18608
24978 5038 6629
24979 5038 6640
24980 5038 6801
24981 5038 7282
24982 5038 7422
24983 5038 11115
24984 5039 6851
24985 5039 15168
24986 5039 18382
24987 5040 5732
24988 5040 12559
24989 5040 16131
24990 5040 16368
24991 5040 16502
24992 5041 9803
24993 5041 15262
24994 5041 18518
24995 5041 19411
24996 5042 5859
24997 5042 5946
24998 5042 8738
24999 5042 10930
25000 5042 16842
25001 5043 8574
25002 5043 15066
25003 5044 6310
25004 5044 9298
25005 5045 9404
25006 5045 9728
25007 5045 15152
25008 5046 8596
25009 5046 8858
25010 5046 10774
25011 5046 15066
25012 5046 18098
25013 5046 18597
25014 5047 7053
25015 5047 7625
25016 5047 9078
25017 5047 17799
25018 5047 19566
25019 5048 7154
25020 5048 10305
25021 5048 10774
25022 5049 12390
25023 5049 13789
25024 5049 14300
25025 5049 15196
25026 5050 8937
25027 5050 10005
25028 5050 14047
25029 5051 11131
25030 5051 14316
25031 5051 14853
25032 5051 19576
25033 5052 5331
25034 5052 6106
25035 5052 13577
25036 5052 15935
25037 5052 16704
25038 5052 17488
25039 5053 5169
25040 5053 15749
25041 5053 15833
25042 5053 16960
25043 5053 19878
25044 5054 5069
25045 5054 11720
25046 5054 13774
25047 5054 17117
25048 5054 19646
25049 5055 6591
25050 5055 8980
25051 5055 12731
25052 5055 15613
25053 5056 8106
25054 5056 8753
25055 5056 13038
25056 5056 13498
25057 5056 19297
25058 5057 10016
25059 5057 11167
25060 5057 17130
25061 5057 17180
25062 5058 8631
25063 5058 8774
25064 5058 11594
25065 5058 11597
25066 5058 11811
25067 5058 12683
25068 5058 14177
25069 5059 9002
25070 5059 9454
25071 5059 10640
25072 5059 12949
25073 5059 15866
25074 5060 18682
25075 5060 18685
25076 5060 18687
25077 5060 18745
25078 5060 18808
25079 5060 18815
25080 5061 5670
25081 5061 9268
25082 5061 10637
25083 5061 12451
25084 5061 15620
25085 5061 19058
25086 5062 15209
25087 5062 16298
25088 5062 16300
25089 5062 16477
25090 5062 19389
25091 5063 7881
25092 5063 11368
25093 5063 11708
25094 5063 13062
25095 5063 13927
25096 5063 14183
25097 5064 5383
25098 5064 5389
25099 5064 7211
25100 5064 16775
25101 5065 5548
25102 5065 11889
25103 5065 16828
25104 5066 11972
25105 5066 11973
25106 5066 14217
25107 5066 16447
25108 5066 16773
25109 5067 8155
25110 5067 12059
25111 5067 14519
25112 5067 16839
25113 5067 18119
25114 5068 6572
25115 5068 8100
25116 5068 9460
25117 5068 11134
25118 5069 5169
25119 5069 6729
25120 5069 11717
25121 5069 13774
25122 5069 17117
25123 5070 9876
25124 5071 8261
25125 5071 9047
25126 5071 9764
25127 5071 12058
25128 5071 12061
25129 5071 14631
25130 5072 8394
25131 5072 14767
25132 5072 15762
25133 5072 19886
25134 5073 5301
25135 5073 12061
25136 5073 14632
25137 5074 6790
25138 5074 8113
25139 5074 10239
25140 5074 18884
25141 5074 19151
25142 5074 19589
25143 5075 7131
25144 5075 11282
25145 5075 15419
25146 5075 19378
25147 5076 11601
25148 5076 14118
25149 5076 14380
25150 5076 14737
25151 5076 15484
25152 5077 18571
25153 5078 6306
25154 5078 9825
25155 5078 11022
25156 5078 15190
25157 5078 18083
25158 5079 9225
25159 5079 13232
25160 5079 15737
25161 5080 8733
25162 5080 15469
25163 5080 18064
25164 5080 19996
25165 5081 5290
25166 5081 8966
25167 5081 13601
25168 5081 17360
25169 5082 9834
25170 5082 9917
25171 5082 9948
25172 5082 10023
25173 5082 18856
25174 5083 7019
25175 5083 8080
25176 5083 11972
25177 5083 12092
25178 5083 16447
25179 5083 16928
25180 5084 12019
25181 5084 14365
25182 5085 7256
25183 5085 7463
25184 5085 9158
25185 5085 9917
25186 5085 11980
25187 5085 14596
25188 5086 5310
25189 5086 10465
25190 5086 11048
25191 5086 11051
25192 5087 5538
25193 5087 7206
25194 5087 7333
25195 5087 7373
25196 5087 14518
25197 5087 14941
25198 5088 6525
25199 5088 6527
25200 5088 9374
25201 5088 15480
25202 5088 18400
25203 5088 18612
25204 5089 6978
25205 5089 10098
25206 5089 10124
25207 5089 10282
25208 5089 14106
25209 5089 14210
25210 5090 8813
25211 5090 11279
25212 5091 5264
25213 5091 8027
25214 5091 8409
25215 5091 8584
25216 5091 10265
25217 5091 14985
25218 5092 6519
25219 5092 7341
25220 5092 11052
25221 5092 11053
25222 5093 9333
25223 5093 11186
25224 5093 14089
25225 5093 14962
25226 5093 15015
25227 5094 8017
25228 5094 10380
25229 5094 16649
25230 5094 17655
25231 5094 18586
25232 5094 19663
25233 5095 6903
25234 5095 8786
25235 5095 14512
25236 5095 14872
25237 5095 15031
25238 5096 5267
25239 5096 5572
25240 5096 6757
25241 5096 8028
25242 5097 12133
25243 5097 12604
25244 5097 16428
25245 5097 17213
25246 5098 6422
25247 5098 10041
25248 5098 12319
25249 5098 16340
25250 5098 16346
25251 5098 16358
25252 5099 6575
25253 5099 10732
25254 5099 14116
25255 5099 14965
25256 5100 8140
25257 5100 12464
25258 5100 16154
25259 5100 16307
25260 5100 16312
25261 5100 16391
25262 5101 5870
25263 5101 9620
25264 5101 14464
25265 5101 15761
25266 5101 17493
25267 5102 11999
25268 5102 15374
25269 5102 16954
25270 5102 19970
25271 5103 13371
25272 5103 16284
25273 5103 16285
25274 5103 17951
25275 5103 19118
25276 5104 7133
25277 5104 7364
25278 5104 7373
25279 5104 9030
25280 5104 14585
25281 5104 14592
25282 5105 8656
25283 5105 9429
25284 5105 9791
25285 5105 10824
25286 5105 11958
25287 5105 14520
25288 5106 12338
25289 5106 12343
25290 5106 12344
25291 5106 12620
25292 5106 12638
25293 5107 17364
25294 5107 17744
25295 5108 5264
25296 5108 11229
25297 5108 14985
25298 5108 17247
25299 5109 7307
25300 5109 15853
25301 5109 18838
25302 5110 5744
25303 5110 6550
25304 5110 12474
25305 5110 16237
25306 5110 16238
25307 5110 16326
25308 5111 5113
25309 5111 6765
25310 5111 6956
25311 5111 10288
25312 5111 10582
25313 5111 17979
25314 5112 8374
25315 5112 9554
25316 5112 10087
25317 5112 13410
25318 5113 5268
25319 5113 5501
25320 5113 7969
25321 5113 10582
25322 5113 17979
25323 5114 8058
25324 5114 19007
25325 5114 19334
25326 5115 5303
25327 5115 9179
25328 5115 9266
25329 5115 13321
25330 5115 16568
25331 5115 19073
25332 5116 5256
25333 5116 11662
25334 5116 17295
25335 5117 7486
25336 5117 7574
25337 5117 11187
25338 5117 11379
25339 5117 11566
25340 5118 5206
25341 5118 5932
25342 5118 6172
25343 5118 11675
25344 5118 12099
25345 5119 16035
25346 5119 18554
25347 5119 18879
25348 5119 19664
25349 5120 7242
25350 5120 7714
25351 5120 11383
25352 5120 15929
25353 5120 18559
25354 5121 5255
25355 5121 7252
25356 5121 8650
25357 5121 9819
25358 5121 10695
25359 5121 11652
25360 5122 5215
25361 5122 5260
25362 5122 5303
25363 5122 9687
25364 5122 10361
25365 5122 11934
25366 5123 5535
25367 5123 10088
25368 5123 11262
25369 5123 12659
25370 5123 12908
25371 5123 17824
25372 5123 19192
25373 5124 5157
25374 5124 12008
25375 5124 18961
25376 5125 5249
25377 5125 5576
25378 5125 10571
25379 5125 18101
25380 5126 5410
25381 5126 13439
25382 5126 13561
25383 5126 14299
25384 5126 16865
25385 5127 5227
25386 5127 5251
25387 5127 5367
25388 5127 5666
25389 5127 9102
25390 5127 13334
25391 5128 5302
25392 5128 6540
25393 5128 7246
25394 5128 10569
25395 5128 11100
25396 5129 5132
25397 5129 6688
25398 5129 12010
25399 5129 15910
25400 5129 17478
25401 5130 7020
25402 5130 10763
25403 5130 13354
25404 5131 5206
25405 5131 5790
25406 5131 8684
25407 5131 10598
25408 5131 11036
25409 5131 11675
25410 5131 16741
25411 5132 6688
25412 5132 8520
25413 5132 11683
25414 5132 12536
25415 5132 17649
25416 5133 8734
25417 5133 11041
25418 5133 13023
25419 5133 17031
25420 5133 18125
25421 5134 5205
25422 5134 5682
25423 5134 6024
25424 5134 11105
25425 5134 13811
25426 5134 14212
25427 5135 5228
25428 5135 5231
25429 5135 5551
25430 5135 12011
25431 5135 14430
25432 5135 19967
25433 5136 7160
25434 5136 10429
25435 5136 11149
25436 5136 13524
25437 5136 13697
25438 5137 6401
25439 5137 8670
25440 5137 16019
25441 5137 16882
25442 5137 17835
25443 5138 6175
25444 5138 8740
25445 5138 13385
25446 5138 18395
25447 5138 18870
25448 5138 18936
25449 5139 5230
25450 5139 6537
25451 5139 10393
25452 5139 10394
25453 5139 14032
25454 5140 10349
25455 5140 11235
25456 5140 12757
25457 5140 13653
25458 5140 15982
25459 5140 19223
25460 5141 5582
25461 5141 5692
25462 5141 10558
25463 5141 17177
25464 5141 17821
25465 5142 12590
25466 5142 12636
25467 5142 13784
25468 5142 15268
25469 5142 15277
25470 5143 5244
25471 5143 6589
25472 5143 9015
25473 5143 13165
25474 5143 13173
25475 5144 15837
25476 5144 17336
25477 5144 18187
25478 5144 19429
25479 5145 16102
25480 5145 17981
25481 5145 19877
25482 5145 19975
25483 5146 5241
25484 5146 7920
25485 5146 12666
25486 5146 12672
25487 5146 12817
25488 5147 8223
25489 5147 9745
25490 5147 16459
25491 5147 16617
25492 5147 17368
25493 5147 19437
25494 5148 5151
25495 5148 5195
25496 5148 6680
25497 5148 11939
25498 5148 11960
25499 5148 12224
25500 5149 12679
25501 5149 12680
25502 5149 12779
25503 5149 12794
25504 5149 13412
25505 5149 16414
25506 5150 5649
25507 5150 7785
25508 5150 16861
25509 5150 17218
25510 5150 17700
25511 5151 6680
25512 5151 6683
25513 5151 6691
25514 5151 11939
25515 5151 19231
25516 5152 5210
25517 5152 5654
25518 5152 6678
25519 5152 10970
25520 5152 15836
25521 5152 18180
25522 5152 19924
25523 5153 5445
25524 5153 5447
25525 5153 5976
25526 5153 19613
25527 5154 8172
25528 5154 12226
25529 5154 14992
25530 5154 19458
25531 5155 7607
25532 5155 15516
25533 5156 9253
25534 5156 16731
25535 5156 17168
25536 5157 11681
25537 5157 18961
25538 5158 7731
25539 5158 8502
25540 5158 8992
25541 5158 9771
25542 5158 11600
25543 5158 11608
25544 5159 5922
25545 5159 6863
25546 5159 14013
25547 5159 14014
25548 5159 15394
25549 5160 7846
25550 5160 9551
25551 5161 8857
25552 5161 8921
25553 5161 14345
25554 5161 16314
25555 5161 16683
25556 5162 5163
25557 5162 5243
25558 5162 9515
25559 5162 11631
25560 5162 13440
25561 5163 5243
25562 5163 9399
25563 5163 11631
25564 5164 11752
25565 5164 13161
25566 5164 15996
25567 5164 16840
25568 5165 10496
25569 5165 10793
25570 5165 11921
25571 5166 5243
25572 5166 9515
25573 5166 10974
25574 5166 15770
25575 5166 17534
25576 5167 5275
25577 5167 6622
25578 5167 8450
25579 5167 8480
25580 5167 9041
25581 5168 5171
25582 5168 16784
25583 5168 16960
25584 5168 17024
25585 5169 6729
25586 5169 19878
25587 5170 8345
25588 5170 8562
25589 5170 13850
25590 5170 19285
25591 5170 19699
25592 5171 5835
25593 5171 11136
25594 5171 14876
25595 5171 16784
25596 5172 7608
25597 5172 8815
25598 5172 11492
25599 5172 11870
25600 5172 16844
25601 5172 19044
25602 5173 7608
25603 5173 11676
25604 5173 11783
25605 5173 19044
25606 5174 6516
25607 5174 8589
25608 5174 13589
25609 5174 19866
25610 5175 9186
25611 5175 13699
25612 5176 5443
25613 5176 9982
25614 5176 11038
25615 5176 11506
25616 5177 8676
25617 5177 8677
25618 5177 19605
25619 5177 19775
25620 5178 8249
25621 5178 8399
25622 5178 9183
25623 5178 14860
25624 5179 11630
25625 5179 11819
25626 5179 14320
25627 5180 6389
25628 5180 10412
25629 5180 11793
25630 5181 8892
25631 5181 9312
25632 5181 9618
25633 5181 10880
25634 5181 11141
25635 5182 8054
25636 5182 11252
25637 5182 15116
25638 5182 19492
25639 5183 11720
25640 5183 16263
25641 5184 9003
25642 5184 16374
25643 5184 18860
25644 5185 8965
25645 5185 9452
25646 5185 14639
25647 5186 13421
25648 5186 14318
25649 5186 14787
25650 5186 19724
25651 5187 8478
25652 5187 8516
25653 5187 9001
25654 5187 10746
25655 5187 11667
25656 5188 8405
25657 5188 8854
25658 5188 8956
25659 5188 9141
25660 5189 10548
25661 5189 13452
25662 5189 15691
25663 5189 17792
25664 5190 11380
25665 5190 14072
25666 5190 14672
25667 5190 15456
25668 5190 17712
25669 5191 8054
25670 5191 12237
25671 5191 16793
25672 5192 5806
25673 5192 6475
25674 5192 10424
25675 5192 10683
25676 5192 12214
25677 5192 17225
25678 5193 6712
25679 5193 9411
25680 5193 11129
25681 5193 14365
25682 5194 9570
25683 5194 11202
25684 5194 16129
25685 5194 17258
25686 5194 18371
25687 5195 5503
25688 5195 5570
25689 5195 6680
25690 5195 10511
25691 5195 12224
25692 5196 5239
25693 5196 5257
25694 5196 6628
25695 5196 10574
25696 5196 19350
25697 5197 5356
25698 5197 6692
25699 5197 8834
25700 5197 15328
25701 5197 17866
25702 5197 18375
25703 5198 11784
25704 5198 13782
25705 5198 14210
25706 5198 15055
25707 5198 17941
25708 5199 12114
25709 5199 15695
25710 5199 16421
25711 5199 18928
25712 5200 12760
25713 5200 12796
25714 5200 13046
25715 5200 13445
25716 5200 18372
25717 5201 16450
25718 5201 18364
25719 5201 18411
25720 5201 19384
25721 5202 5726
25722 5202 12759
25723 5202 12816
25724 5202 13409
25725 5202 13411
25726 5202 19351
25727 5203 11948
25728 5203 14421
25729 5203 14517
25730 5204 7855
25731 5204 7866
25732 5204 7870
25733 5204 19957
25734 5205 8129
25735 5205 9580
25736 5205 9792
25737 5205 11105
25738 5205 13811
25739 5206 5790
25740 5206 6172
25741 5206 6664
25742 5206 11675
25743 5207 5578
25744 5207 9288
25745 5207 9794
25746 5207 10013
25747 5207 18699
25748 5208 7336
25749 5208 10975
25750 5208 15273
25751 5209 7848
25752 5209 13033
25753 5209 16037
25754 5209 17911
25755 5209 18054
25756 5210 5570
25757 5210 6678
25758 5210 10511
25759 5210 15836
25760 5211 7248
25761 5211 10356
25762 5211 11342
25763 5212 8423
25764 5212 8645
25765 5212 11918
25766 5212 12066
25767 5212 15335
25768 5212 17065
25769 5213 8689
25770 5213 16251
25771 5213 19021
25772 5213 19256
25773 5214 5553
25774 5214 7033
25775 5214 8423
25776 5214 8645
25777 5214 10232
25778 5214 15911
25779 5215 5608
25780 5215 9687
25781 5215 11934
25782 5215 14275
25783 5216 8410
25784 5216 9461
25785 5216 17973
25786 5216 17996
25787 5216 18467
25788 5217 5532
25789 5217 5766
25790 5217 16016
25791 5217 18550
25792 5217 18888
25793 5217 18932
25794 5218 8447
25795 5218 9381
25796 5218 11070
25797 5218 13875
25798 5219 12836
25799 5219 12927
25800 5219 13108
25801 5219 15640
25802 5219 19317
25803 5219 19464
25804 5220 5227
25805 5220 5251
25806 5220 5370
25807 5220 5375
25808 5220 11109
25809 5220 11114
25810 5221 12164
25811 5221 12879
25812 5221 17407
25813 5221 18454
25814 5221 18859
25815 5222 5817
25816 5222 10612
25817 5222 11458
25818 5222 11843
25819 5223 6170
25820 5223 6775
25821 5223 11086
25822 5223 11587
25823 5223 14417
25824 5223 16920
25825 5224 5302
25826 5224 5320
25827 5224 6391
25828 5224 7246
25829 5224 10388
25830 5225 8042
25831 5225 8511
25832 5225 8609
25833 5226 9439
25834 5226 14188
25835 5227 5251
25836 5227 5666
25837 5227 11112
25838 5227 11114
25839 5228 12011
25840 5228 16950
25841 5229 7243
25842 5229 13597
25843 5229 14899
25844 5229 16898
25845 5229 18650
25846 5230 9208
25847 5230 10393
25848 5230 10822
25849 5230 14032
25850 5230 17440
25851 5231 5551
25852 5231 6619
25853 5231 7988
25854 5231 19967
25855 5232 6310
25856 5232 9003
25857 5232 11155
25858 5232 14661
25859 5232 15924
25860 5233 7557
25861 5233 8138
25862 5233 10564
25863 5233 16708
25864 5233 19924
25865 5234 8833
25866 5234 11214
25867 5234 12629
25868 5234 15344
25869 5234 15773
25870 5234 17546
25871 5235 7134
25872 5235 7172
25873 5235 7272
25874 5235 9947
25875 5235 15149
25876 5236 15152
25877 5236 16574
25878 5237 7749
25879 5237 13034
25880 5237 16116
25881 5237 16601
25882 5238 10365
25883 5238 11963
25884 5238 14689
25885 5239 5601
25886 5239 6628
25887 5239 10439
25888 5240 5257
25889 5240 5288
25890 5240 5291
25891 5240 10320
25892 5240 10574
25893 5240 18377
25894 5241 7920
25895 5241 12666
25896 5241 12681
25897 5241 17804
25898 5241 18295
25899 5242 6763
25900 5242 14097
25901 5242 16975
25902 5242 17002
25903 5242 17874
25904 5243 9515
25905 5243 14301
25906 5243 17534
25907 5244 8743
25908 5244 9015
25909 5244 13165
25910 5244 17315
25911 5245 19955
25912 5245 19962
25913 5246 8063
25914 5246 12230
25915 5246 14428
25916 5246 16015
25917 5247 5868
25918 5247 9202
25919 5247 11606
25920 5247 17372
25921 5248 9570
25922 5248 11182
25923 5248 11893
25924 5248 17072
25925 5248 17258
25926 5249 5377
25927 5249 5576
25928 5249 6297
25929 5249 10727
25930 5249 18101
25931 5250 6489
25932 5250 7573
25933 5250 8470
25934 5250 9688
25935 5250 14274
25936 5251 5372
25937 5251 5375
25938 5251 9102
25939 5252 7442
25940 5252 12264
25941 5252 12286
25942 5252 12380
25943 5252 17323
25944 5253 5257
25945 5253 5353
25946 5253 6825
25947 5253 8760
25948 5253 10785
25949 5253 18377
25950 5254 5580
25951 5254 9388
25952 5254 11057
25953 5254 19786
25954 5255 8176
25955 5255 8532
25956 5255 9020
25957 5255 9819
25958 5255 11652
25959 5256 5259
25960 5256 6533
25961 5256 6627
25962 5256 8532
25963 5256 11662
25964 5256 17295
25965 5257 6628
25966 5257 8760
25967 5257 10574
25968 5257 18377
25969 5258 6616
25970 5258 8997
25971 5258 11345
25972 5258 15033
25973 5259 7573
25974 5259 8532
25975 5259 9688
25976 5259 11652
25977 5259 11662
25978 5260 5303
25979 5260 8944
25980 5260 9687
25981 5260 19191
25982 5261 13392
25983 5261 13401
25984 5262 13283
25985 5262 19890
25986 5263 9851
25987 5263 12313
25988 5263 12414
25989 5263 15051
25990 5264 8234
25991 5264 8409
25992 5264 14985
25993 5265 5571
25994 5265 8279
25995 5265 8512
25996 5266 12414
25997 5266 15133
25998 5266 15845
25999 5266 16401
26000 5266 19359
26001 5267 6757
26002 5267 10468
26003 5267 14455
26004 5267 16416
26005 5268 7969
26006 5268 10440
26007 5268 11655
26008 5268 17677
26009 5268 17979
26010 5269 5582
26011 5269 8279
26012 5269 8512
26013 5269 9189
26014 5269 10557
26015 5269 15810
26016 5270 10262
26017 5270 13512
26018 5270 16288
26019 5270 18207
26020 5270 19435
26021 5271 5298
26022 5271 10976
26023 5271 11119
26024 5271 15902
26025 5271 18961
26026 5272 6846
26027 5272 8671
26028 5272 11877
26029 5273 14077
26030 5273 15522
26031 5273 19453
26032 5274 5677
26033 5274 6527
26034 5274 6716
26035 5274 7826
26036 5274 8395
26037 5274 15480
26038 5275 8450
26039 5275 8480
26040 5275 12504
26041 5275 13507
26042 5276 8045
26043 5276 9168
26044 5276 12067
26045 5276 13965
26046 5276 14266
26047 5276 14970
26048 5277 5656
26049 5277 6596
26050 5277 16214
26051 5278 8664
26052 5278 14760
26053 5279 5282
26054 5279 7600
26055 5279 8028
26056 5279 8964
26057 5280 5374
26058 5280 5581
26059 5280 6677
26060 5280 16629
26061 5281 5314
26062 5281 5954
26063 5281 5994
26064 5281 6619
26065 5281 7988
26066 5281 12536
26067 5282 6878
26068 5282 8964
26069 5282 9094
26070 5283 5320
26071 5283 5566
26072 5283 6497
26073 5283 10065
26074 5283 10554
26075 5284 5587
26076 5284 16222
26077 5285 6774
26078 5285 8911
26079 5285 14418
26080 5285 16947
26081 5285 18895
26082 5286 5388
26083 5286 5390
26084 5286 6519
26085 5286 6545
26086 5286 8634
26087 5287 9217
26088 5287 9652
26089 5287 11028
26090 5287 16705
26091 5287 16910
26092 5288 5291
26093 5288 10320
26094 5288 14271
26095 5288 17473
26096 5289 5371
26097 5289 5623
26098 5289 5661
26099 5289 14723
26100 5289 15867
26101 5289 18613
26102 5290 11892
26103 5290 17357
26104 5291 11661
26105 5291 18377
26106 5292 12020
26107 5292 17111
26108 5292 17475
26109 5292 19080
26110 5293 12036
26111 5293 12727
26112 5293 14814
26113 5293 15846
26114 5294 11651
26115 5294 13903
26116 5294 19737
26117 5295 8769
26118 5295 10306
26119 5295 10328
26120 5295 11953
26121 5296 5550
26122 5296 18979
26123 5296 19832
26124 5297 12515
26125 5297 15930
26126 5297 16440
26127 5297 19417
26128 5297 19675
26129 5298 7554
26130 5298 11119
26131 5298 12009
26132 5298 19707
26133 5299 5367
26134 5299 5574
26135 5299 6630
26136 5299 6706
26137 5299 11097
26138 5300 10270
26139 5300 14689
26140 5300 19139
26141 5301 11228
26142 5301 19938
26143 5302 7246
26144 5302 10569
26145 5303 8944
26146 5303 10361
26147 5303 13321
26148 5303 19073
26149 5304 6488
26150 5304 8558
26151 5304 9002
26152 5304 10294
26153 5304 11065
26154 5305 11362
26155 5305 11842
26156 5305 12386
26157 5305 13262
26158 5305 14947
26159 5305 18920
26160 5306 7392
26161 5306 8095
26162 5306 12085
26163 5306 16771
26164 5306 16904
26165 5307 8182
26166 5307 13773
26167 5307 16519
26168 5307 16539
26169 5307 16542
26170 5307 18939
26171 5308 8740
26172 5308 13128
26173 5308 14461
26174 5308 15997
26175 5308 18395
26176 5309 13187
26177 5309 14163
26178 5309 15639
26179 5310 10465
26180 5310 17159
26181 5311 8524
26182 5311 14863
26183 5311 16257
26184 5311 18399
26185 5312 10897
26186 5312 12543
26187 5312 12957
26188 5312 15603
26189 5312 16357
26190 5312 18134
26191 5313 8192
26192 5313 13541
26193 5313 16566
26194 5313 17227
26195 5313 18072
26196 5314 5994
26197 5314 6619
26198 5314 10514
26199 5314 13578
26200 5315 11303
26201 5315 13009
26202 5315 14022
26203 5315 17721
26204 5315 18328
26205 5315 18408
26206 5316 5317
26207 5316 8748
26208 5316 10000
26209 5316 10151
26210 5316 15960
26211 5317 6259
26212 5317 8748
26213 5317 10000
26214 5317 11237
26215 5317 11930
26216 5318 6800
26217 5318 8639
26218 5318 9414
26219 5318 11188
26220 5318 11435
26221 5318 11846
26222 5319 6681
26223 5319 10345
26224 5319 19101
26225 5320 6391
26226 5320 6497
26227 5320 7246
26228 5320 10065
26229 5321 6259
26230 5321 7522
26231 5321 11237
26232 5321 13915
26233 5322 8155
26234 5322 11268
26235 5322 13059
26236 5323 7692
26237 5323 9269
26238 5323 10048
26239 5323 10128
26240 5323 13611
26241 5323 15412
26242 5324 6022
26243 5324 7544
26244 5324 10947
26245 5324 14759
26246 5325 7605
26247 5325 11427
26248 5325 14738
26249 5325 16068
26250 5326 5689
26251 5326 6502
26252 5326 6679
26253 5326 9216
26254 5326 15654
26255 5326 19805
26256 5327 7689
26257 5327 11869
26258 5327 12834
26259 5328 9696
26260 5328 10850
26261 5328 13404
26262 5328 18380
26263 5328 18934
26264 5329 6595
26265 5329 6679
26266 5329 7786
26267 5329 13084
26268 5329 19074
26269 5330 6597
26270 5330 8646
26271 5330 10504
26272 5330 14506
26273 5330 16034
26274 5331 6106
26275 5331 6912
26276 5331 16704
26277 5331 19174
26278 5332 11575
26279 5332 11589
26280 5332 15383
26281 5333 17097
26282 5333 17416
26283 5333 18191
26284 5334 9720
26285 5334 11522
26286 5334 13629
26287 5334 13665
26288 5334 17582
26289 5334 18167
26290 5335 5344
26291 5335 10076
26292 5335 16251
26293 5335 19743
26294 5336 5417
26295 5336 6751
26296 5336 10561
26297 5336 10731
26298 5336 16902
26299 5337 9062
26300 5337 9290
26301 5337 18763
26302 5338 9435
26303 5338 11191
26304 5338 11245
26305 5338 11392
26306 5338 11873
26307 5338 13992
26308 5339 11190
26309 5339 11533
26310 5339 11543
26311 5339 15123
26312 5339 15142
26313 5339 15144
26314 5340 8433
26315 5340 9178
26316 5340 15707
26317 5340 16227
26318 5341 7707
26319 5341 15750
26320 5341 15973
26321 5342 6221
26322 5342 11186
26323 5342 14932
26324 5342 14962
26325 5342 15151
26326 5342 17390
26327 5343 9349
26328 5343 12116
26329 5343 14418
26330 5343 17472
26331 5343 17877
26332 5343 18285
26333 5344 5524
26334 5344 11643
26335 5344 19743
26336 5345 7270
26337 5345 10103
26338 5345 10355
26339 5345 11108
26340 5346 7239
26341 5346 8098
26342 5346 8492
26343 5346 9582
26344 5347 6537
26345 5347 10394
26346 5347 10580
26347 5347 12243
26348 5347 15324
26349 5348 5352
26350 5348 5590
26351 5348 9317
26352 5348 11982
26353 5348 19516
26354 5349 6008
26355 5349 15905
26356 5349 18812
26357 5350 6286
26358 5350 10846
26359 5350 14180
26360 5350 16880
26361 5351 6627
26362 5351 7045
26363 5351 8176
26364 5351 9544
26365 5351 10593
26366 5351 10876
26367 5352 5451
26368 5352 5590
26369 5352 7104
26370 5352 11982
26371 5352 19188
26372 5353 5604
26373 5353 6445
26374 5353 6825
26375 5353 8852
26376 5353 10785
26377 5354 5650
26378 5354 10634
26379 5354 13142
26380 5354 18767
26381 5355 10488
26382 5355 16697
26383 5355 18066
26384 5355 19612
26385 5356 7456
26386 5356 8834
26387 5356 11104
26388 5356 17866
26389 5357 5358
26390 5357 5652
26391 5357 6543
26392 5357 6850
26393 5357 10204
26394 5357 10341
26395 5358 6543
26396 5358 6683
26397 5358 6691
26398 5358 10341
26399 5359 5362
26400 5359 7294
26401 5359 8301
26402 5359 15542
26403 5359 17676
26404 5360 5503
26405 5360 6892
26406 5360 10511
26407 5360 15820
26408 5360 15836
26409 5361 5420
26410 5361 5592
26411 5361 5657
26412 5361 6382
26413 5361 14579
26414 5361 17226
26415 5361 19786
26416 5362 6412
26417 5362 7294
26418 5362 7429
26419 5362 7506
26420 5362 15542
26421 5363 5366
26422 5363 6540
26423 5363 6554
26424 5363 6556
26425 5363 9717
26426 5363 12432
26427 5364 5656
26428 5364 7294
26429 5364 13035
26430 5364 15651
26431 5364 15844
26432 5364 17676
26433 5365 5691
26434 5365 5696
26435 5365 10557
26436 5365 10558
26437 5365 12950
26438 5365 19506
26439 5366 6540
26440 5366 6697
26441 5366 9717
26442 5366 11060
26443 5366 11100
26444 5367 5666
26445 5367 6706
26446 5367 10560
26447 5367 11097
26448 5367 13334
26449 5368 5659
26450 5368 10559
26451 5368 13707
26452 5368 15843
26453 5368 18148
26454 5369 5372
26455 5369 8662
26456 5369 13705
26457 5369 14037
26458 5369 15506
26459 5369 19186
26460 5370 5375
26461 5370 5549
26462 5370 7715
26463 5370 11109
26464 5371 5417
26465 5371 5661
26466 5371 10561
26467 5371 15867
26468 5371 19003
26469 5372 5375
26470 5372 8662
26471 5372 9102
26472 5372 19186
26473 5373 8267
26474 5373 8398
26475 5373 14914
26476 5374 5665
26477 5374 6409
26478 5374 15804
26479 5374 16629
26480 5375 5549
26481 5375 8662
26482 5376 5552
26483 5376 5619
26484 5376 6740
26485 5376 8142
26486 5376 10567
26487 5376 10581
26488 5377 5380
26489 5377 6297
26490 5377 9960
26491 5377 11091
26492 5377 18101
26493 5378 5380
26494 5378 7593
26495 5378 9746
26496 5378 13701
26497 5378 13719
26498 5379 5689
26499 5379 9746
26500 5379 19959
26501 5380 8169
26502 5380 9960
26503 5380 13701
26504 5381 6259
26505 5381 6893
26506 5381 8748
26507 5381 15862
26508 5382 6623
26509 5382 6858
26510 5382 6911
26511 5382 8132
26512 5382 10701
26513 5382 10820
26514 5383 5389
26515 5383 5413
26516 5383 7588
26517 5383 19512
26518 5384 6521
26519 5384 8163
26520 5384 8435
26521 5384 10322
26522 5384 12951
26523 5384 13094
26524 5385 6681
26525 5385 6975
26526 5385 7002
26527 5385 7008
26528 5386 5676
26529 5386 6684
26530 5386 6786
26531 5386 8685
26532 5386 10506
26533 5386 13339
26534 5387 5411
26535 5387 11718
26536 5387 17521
26537 5388 5390
26538 5388 5391
26539 5388 8634
26540 5388 11994
26541 5388 14879
26542 5389 16775
26543 5389 19512
26544 5390 8299
26545 5390 10406
26546 5390 14879
26547 5391 6890
26548 5391 6988
26549 5391 11994
26550 5391 14378
26551 5391 14879
26552 5392 6930
26553 5392 7424
26554 5392 9780
26555 5392 14863
26556 5392 18452
26557 5393 5431
26558 5393 5485
26559 5393 6327
26560 5393 10831
26561 5393 10878
26562 5393 10966
26563 5394 5395
26564 5394 5679
26565 5394 8402
26566 5394 8973
26567 5394 15455
26568 5395 5679
26569 5395 6370
26570 5395 6525
26571 5395 8973
26572 5395 9374
26573 5396 10502
26574 5396 13566
26575 5396 15306
26576 5396 15472
26577 5396 17813
26578 5397 5680
26579 5397 6716
26580 5397 8395
26581 5397 10742
26582 5397 15072
26583 5398 5415
26584 5398 5680
26585 5398 5683
26586 5398 10664
26587 5398 10742
26588 5398 13269
26589 5399 5438
26590 5399 6470
26591 5399 10805
26592 5399 10827
26593 5399 12595
26594 5399 13425
26595 5399 14010
26596 5400 5401
26597 5400 5683
26598 5400 6408
26599 5400 8853
26600 5400 10532
26601 5400 10664
26602 5400 10855
26603 5401 5403
26604 5401 6408
26605 5401 10855
26606 5401 16145
26607 5402 5956
26608 5402 6406
26609 5402 6531
26610 5402 10522
26611 5402 11077
26612 5403 5684
26613 5403 6408
26614 5403 10518
26615 5403 11111
26616 5403 16145
26617 5404 5407
26618 5404 5686
26619 5404 6397
26620 5404 8288
26621 5404 9510
26622 5405 8392
26623 5405 11599
26624 5405 13853
26625 5405 14372
26626 5405 14945
26627 5405 15721
26628 5406 5412
26629 5406 5674
26630 5406 9090
26631 5406 10533
26632 5406 11080
26633 5407 6397
26634 5407 6407
26635 5407 11075
26636 5407 17230
26637 5408 5779
26638 5408 5818
26639 5408 6163
26640 5408 6658
26641 5408 10692
26642 5408 19168
26643 5409 9534
26644 5409 9810
26645 5409 12798
26646 5409 13851
26647 5409 16810
26648 5410 13561
26649 5410 14299
26650 5410 17081
26651 5411 8550
26652 5411 11718
26653 5411 17521
26654 5412 5674
26655 5412 5684
26656 5412 6408
26657 5412 10532
26658 5413 7588
26659 5413 10293
26660 5414 6166
26661 5414 8377
26662 5414 10431
26663 5414 12968
26664 5414 18480
26665 5415 5683
26666 5415 6396
26667 5415 11072
26668 5415 13269
26669 5416 6877
26670 5416 8453
26671 5416 10654
26672 5416 10674
26673 5416 10754
26674 5416 16412
26675 5417 6740
26676 5417 10561
26677 5417 10567
26678 5417 10731
26679 5417 15867
26680 5418 5489
26681 5418 5753
26682 5418 5756
26683 5418 6789
26684 5418 9423
26685 5418 17839
26686 5419 5566
26687 5419 5571
26688 5419 5658
26689 5419 10555
26690 5419 11099
26691 5420 6382
26692 5420 6604
26693 5420 7997
26694 5420 13035
26695 5420 17226
26696 5421 12336
26697 5421 12364
26698 5421 12438
26699 5421 17591
26700 5422 9637
26701 5422 9658
26702 5422 13752
26703 5422 14460
26704 5422 19407
26705 5423 11332
26706 5423 15730
26707 5423 17350
26708 5424 12469
26709 5424 13383
26710 5424 16317
26711 5424 16499
26712 5424 18089
26713 5425 15199
26714 5425 15454
26715 5425 16133
26716 5425 16169
26717 5425 16231
26718 5425 16595
26719 5426 5468
26720 5426 5743
26721 5426 9259
26722 5426 10803
26723 5426 11015
26724 5426 13386
26725 5427 5474
26726 5427 5973
26727 5427 9665
26728 5427 10704
26729 5427 10718
26730 5427 14220
26731 5428 5454
26732 5428 5914
26733 5428 6265
26734 5428 13387
26735 5429 9783
26736 5429 16041
26737 5429 16721
26738 5429 18137
26739 5429 18943
26740 5429 19462
26741 5430 8088
26742 5430 11469
26743 5430 18108
26744 5431 5707
26745 5431 10663
26746 5431 10688
26747 5431 10831
26748 5431 10966
26749 5432 5484
26750 5432 5707
26751 5432 5715
26752 5432 10829
26753 5432 10831
26754 5432 11007
26755 5433 6542
26756 5433 8584
26757 5433 10265
26758 5433 10595
26759 5433 18400
26760 5433 18612
26761 5434 6957
26762 5434 10503
26763 5434 17202
26764 5434 17222
26765 5435 8889
26766 5435 13189
26767 5435 18143
26768 5436 11044
26769 5436 15753
26770 5436 18282
26771 5437 13455
26772 5437 13481
26773 5437 18357
26774 5438 5439
26775 5438 6470
26776 5438 10666
26777 5438 10805
26778 5438 18041
26779 5439 5715
26780 5439 10666
26781 5439 10805
26782 5439 10806
26783 5439 10829
26784 5440 5512
26785 5440 7318
26786 5440 10812
26787 5440 15627
26788 5440 16181
26789 5440 16245
26790 5441 6636
26791 5441 9755
26792 5441 10879
26793 5441 14010
26794 5442 8871
26795 5442 11033
26796 5442 11081
26797 5442 13239
26798 5442 17476
26799 5443 7744
26800 5443 9982
26801 5443 11506
26802 5443 13186
26803 5443 14780
26804 5444 7281
26805 5444 9525
26806 5444 11319
26807 5444 11321
26808 5444 11346
26809 5445 5976
26810 5445 6057
26811 5445 8127
26812 5445 16873
26813 5446 5575
26814 5446 6352
26815 5446 16303
26816 5447 5507
26817 5447 19613
26818 5448 7478
26819 5448 9926
26820 5449 9077
26821 5449 10699
26822 5449 12472
26823 5449 13333
26824 5449 15990
26825 5450 7163
26826 5450 9796
26827 5450 13523
26828 5450 15325
26829 5450 15634
26830 5450 17914
26831 5451 5590
26832 5451 6524
26833 5451 18728
26834 5451 19188
26835 5452 6043
26836 5452 12569
26837 5452 14401
26838 5452 14812
26839 5452 16495
26840 5452 19110
26841 5453 6413
26842 5453 7604
26843 5453 13241
26844 5453 13786
26845 5454 6265
26846 5454 6809
26847 5454 10724
26848 5454 11996
26849 5455 7587
26850 5455 9339
26851 5455 10877
26852 5455 13245
26853 5455 17693
26854 5456 8422
26855 5456 11372
26856 5456 19676
26857 5457 6818
26858 5457 9983
26859 5457 10401
26860 5457 11118
26861 5458 6776
26862 5458 7952
26863 5458 12040
26864 5458 14721
26865 5458 15705
26866 5459 5717
26867 5459 5805
26868 5459 10838
26869 5459 13461
26870 5459 19502
26871 5460 11854
26872 5460 12198
26873 5460 17697
26874 5460 18170
26875 5461 5482
26876 5461 9818
26877 5461 9998
26878 5461 10775
26879 5461 10859
26880 5461 19171
26881 5462 12512
26882 5462 12608
26883 5462 16078
26884 5462 16478
26885 5462 17161
26886 5462 17446
26887 5463 5648
26888 5463 5959
26889 5463 6490
26890 5463 12106
26891 5463 15883
26892 5464 11701
26893 5464 15192
26894 5464 17760
26895 5464 17774
26896 5465 5479
26897 5465 5733
26898 5465 6450
26899 5465 7562
26900 5465 8046
26901 5465 18195
26902 5466 5470
26903 5466 5541
26904 5466 5741
26905 5466 10804
26906 5466 12843
26907 5466 13332
26908 5467 5740
26909 5467 5831
26910 5467 10956
26911 5467 11017
26912 5467 13292
26913 5468 5470
26914 5468 8431
26915 5468 10803
26916 5468 11015
26917 5468 12811
26918 5469 5471
26919 5469 5510
26920 5469 6279
26921 5469 11014
26922 5469 11015
26923 5469 12811
26924 5470 8431
26925 5470 10803
26926 5470 10804
26927 5470 12843
26928 5471 6322
26929 5471 11014
26930 5471 11015
26931 5471 13386
26932 5471 19172
26933 5472 6344
26934 5472 6576
26935 5472 7903
26936 5472 11013
26937 5472 11092
26938 5472 11827
26939 5473 5771
26940 5473 6340
26941 5473 7946
26942 5473 11092
26943 5473 12756
26944 5473 13976
26945 5474 5973
26946 5474 9665
26947 5474 10243
26948 5474 11011
26949 5474 11012
26950 5475 11547
26951 5475 13648
26952 5475 14940
26953 5475 15008
26954 5476 5748
26955 5476 10243
26956 5476 10444
26957 5476 10737
26958 5476 12756
26959 5477 10572
26960 5477 15747
26961 5477 17974
26962 5478 13242
26963 5478 14017
26964 5478 16005
26965 5478 17287
26966 5479 5733
26967 5479 5750
26968 5479 6324
26969 5479 18195
26970 5479 19823
26971 5480 5482
26972 5480 5483
26973 5480 5496
26974 5480 6333
26975 5480 9998
26976 5480 11010
26977 5481 6994
26978 5481 7000
26979 5481 7001
26980 5481 7003
26981 5481 7423
26982 5482 5483
26983 5482 9998
26984 5482 10818
26985 5482 19171
26986 5483 5763
26987 5483 6333
26988 5483 10777
26989 5483 10818
26990 5484 5485
26991 5484 5486
26992 5484 10831
26993 5484 11007
26994 5485 5486
26995 5485 5493
26996 5485 5752
26997 5485 6327
26998 5485 10831
26999 5486 5492
27000 5486 5493
27001 5486 10814
27002 5486 11007
27003 5487 5491
27004 5487 5715
27005 5487 5753
27006 5487 10806
27007 5487 10814
27008 5487 11007
27009 5488 5753
27010 5488 10805
27011 5488 10806
27012 5488 10827
27013 5488 17839
27014 5489 5756
27015 5489 7881
27016 5489 9423
27017 5489 11708
27018 5489 13993
27019 5490 13984
27020 5490 15658
27021 5490 17109
27022 5490 18514
27023 5490 19812
27024 5491 5753
27025 5491 9423
27026 5491 10814
27027 5491 12624
27028 5491 13511
27029 5492 5493
27030 5492 5759
27031 5492 10814
27032 5492 13511
27033 5492 19129
27034 5493 5752
27035 5493 5759
27036 5494 5495
27037 5494 5763
27038 5494 6584
27039 5494 13922
27040 5494 14004
27041 5495 5761
27042 5495 6584
27043 5495 11003
27044 5495 13922
27045 5495 14724
27046 5496 5767
27047 5496 6333
27048 5496 11010
27049 5496 11093
27050 5496 19845
27051 5497 7964
27052 5497 10501
27053 5497 11470
27054 5497 14347
27055 5498 9287
27056 5498 11485
27057 5498 12502
27058 5498 15955
27059 5498 18941
27060 5499 10773
27061 5499 10863
27062 5499 10890
27063 5499 13916
27064 5499 15371
27065 5499 17006
27066 5500 5501
27067 5500 6531
27068 5500 10518
27069 5500 10582
27070 5500 11077
27071 5500 11111
27072 5501 7969
27073 5501 10582
27074 5501 11111
27075 5501 17769
27076 5502 7030
27077 5502 13236
27078 5502 13363
27079 5502 13459
27080 5502 14382
27081 5503 6541
27082 5503 6680
27083 5503 10511
27084 5503 15820
27085 5504 9155
27086 5504 11540
27087 5504 19232
27088 5505 5770
27089 5505 5771
27090 5505 6340
27091 5505 11148
27092 5505 14068
27093 5505 14340
27094 5506 7545
27095 5506 9488
27096 5506 10000
27097 5506 15594
27098 5506 15960
27099 5506 18123
27100 5507 8544
27101 5507 12871
27102 5507 15729
27103 5508 7310
27104 5508 15661
27105 5508 17098
27106 5508 18169
27107 5508 19892
27108 5509 9449
27109 5509 12493
27110 5509 15188
27111 5509 16870
27112 5509 17467
27113 5510 5513
27114 5510 6279
27115 5510 10953
27116 5510 11654
27117 5510 12811
27118 5511 5961
27119 5511 8095
27120 5511 10118
27121 5511 12085
27122 5512 5578
27123 5512 7318
27124 5512 10591
27125 5512 10968
27126 5512 11120
27127 5512 16181
27128 5513 6245
27129 5513 8431
27130 5513 10734
27131 5513 11654
27132 5513 12811
27133 5514 10736
27134 5514 10988
27135 5514 12045
27136 5514 13840
27137 5514 14070
27138 5515 5516
27139 5515 10507
27140 5515 13292
27141 5515 14070
27142 5515 15465
27143 5515 15468
27144 5516 8321
27145 5516 10956
27146 5516 10986
27147 5516 13292
27148 5516 15468
27149 5517 12567
27150 5517 12728
27151 5517 13122
27152 5517 15602
27153 5517 18455
27154 5518 9237
27155 5518 9476
27156 5518 10726
27157 5518 10788
27158 5518 14155
27159 5519 13804
27160 5519 15965
27161 5520 6655
27162 5520 6698
27163 5520 14995
27164 5520 15009
27165 5520 17817
27166 5521 5904
27167 5521 13919
27168 5521 17426
27169 5522 5869
27170 5522 7913
27171 5522 10993
27172 5522 13865
27173 5522 14190
27174 5523 6384
27175 5523 8230
27176 5523 11042
27177 5524 11643
27178 5524 11749
27179 5524 18757
27180 5525 5867
27181 5525 6001
27182 5525 7913
27183 5525 13877
27184 5525 14028
27185 5526 12593
27186 5526 12864
27187 5526 16567
27188 5526 18219
27189 5527 13020
27190 5527 13117
27191 5527 13921
27192 5527 13978
27193 5527 13982
27194 5527 17759
27195 5528 8682
27196 5528 13033
27197 5528 16037
27198 5528 18173
27199 5528 18214
27200 5529 6999
27201 5529 10053
27202 5529 10127
27203 5529 13221
27204 5529 13793
27205 5529 16206
27206 5530 8554
27207 5530 12460
27208 5530 13119
27209 5530 16248
27210 5530 16590
27211 5530 18816
27212 5531 12071
27213 5531 12161
27214 5532 16016
27215 5532 18447
27216 5532 18590
27217 5532 18618
27218 5532 18932
27219 5533 11578
27220 5533 11580
27221 5533 13717
27222 5534 10871
27223 5534 12368
27224 5534 13465
27225 5534 17039
27226 5534 19261
27227 5534 19991
27228 5535 8961
27229 5535 10088
27230 5535 12659
27231 5535 17507
27232 5536 5618
27233 5536 9836
27234 5536 12440
27235 5536 12641
27236 5536 12660
27237 5536 19063
27238 5537 15665
27239 5537 17223
27240 5537 18204
27241 5537 19588
27242 5538 7333
27243 5538 7373
27244 5538 9030
27245 5538 15025
27246 5538 15036
27247 5539 6106
27248 5539 13574
27249 5539 17461
27250 5539 17488
27251 5540 10962
27252 5540 10972
27253 5540 12082
27254 5540 13981
27255 5540 14060
27256 5541 5741
27257 5541 5831
27258 5541 13332
27259 5541 13712
27260 5542 5543
27261 5542 5836
27262 5542 8232
27263 5542 15403
27264 5542 16835
27265 5542 19503
27266 5543 10761
27267 5543 12084
27268 5543 15403
27269 5543 19503
27270 5544 5547
27271 5544 10285
27272 5544 10932
27273 5544 13885
27274 5544 15204
27275 5545 7709
27276 5545 14415
27277 5545 15058
27278 5546 5987
27279 5546 10745
27280 5546 11365
27281 5546 11578
27282 5546 14354
27283 5547 10962
27284 5547 14159
27285 5547 15204
27286 5548 10441
27287 5548 11889
27288 5549 7715
27289 5549 8662
27290 5549 10086
27291 5549 14723
27292 5550 8276
27293 5550 8331
27294 5550 8920
27295 5550 18979
27296 5551 6619
27297 5551 7425
27298 5551 12011
27299 5551 13578
27300 5552 5619
27301 5552 6574
27302 5552 10581
27303 5552 16585
27304 5553 8423
27305 5553 10152
27306 5553 11409
27307 5553 17814
27308 5554 12025
27309 5554 14096
27310 5554 14150
27311 5554 14151
27312 5554 14226
27313 5554 16900
27314 5555 8594
27315 5555 8768
27316 5555 9083
27317 5555 11512
27318 5555 11745
27319 5555 14710
27320 5556 12490
27321 5556 13887
27322 5556 15582
27323 5556 16417
27324 5556 18472
27325 5556 18778
27326 5557 9568
27327 5557 9707
27328 5557 10313
27329 5557 11326
27330 5558 7088
27331 5558 15471
27332 5558 18128
27333 5559 9179
27334 5559 17930
27335 5560 8135
27336 5560 10843
27337 5560 12207
27338 5560 14024
27339 5560 16888
27340 5560 16889
27341 5561 7126
27342 5561 7297
27343 5561 9070
27344 5561 10268
27345 5561 10421
27346 5562 6699
27347 5562 8530
27348 5562 11860
27349 5562 11951
27350 5562 16970
27351 5563 5648
27352 5563 6733
27353 5563 8226
27354 5563 10013
27355 5563 12106
27356 5563 15363
27357 5564 5565
27358 5564 8125
27359 5564 10862
27360 5564 14006
27361 5564 15585
27362 5564 15792
27363 5564 19500
27364 5565 5880
27365 5565 6380
27366 5565 7483
27367 5565 10862
27368 5565 15585
27369 5566 5571
27370 5566 10065
27371 5567 5611
27372 5567 6441
27373 5567 11343
27374 5567 12428
27375 5567 15052
27376 5568 9689
27377 5568 16438
27378 5568 17501
27379 5568 17606
27380 5569 5602
27381 5569 5616
27382 5569 7995
27383 5569 9337
27384 5569 14533
27385 5569 19499
27386 5570 6678
27387 5570 10511
27388 5570 12224
27389 5570 17167
27390 5571 8512
27391 5571 10555
27392 5572 8028
27393 5572 13906
27394 5573 9568
27395 5573 10031
27396 5573 10313
27397 5573 16605
27398 5573 16802
27399 5574 6630
27400 5574 10355
27401 5574 11115
27402 5574 17754
27403 5575 5873
27404 5575 6352
27405 5575 18078
27406 5576 5581
27407 5576 10571
27408 5576 10727
27409 5577 5927
27410 5577 6199
27411 5577 7357
27412 5577 8107
27413 5577 13486
27414 5577 17901
27415 5578 9288
27416 5578 10968
27417 5578 16181
27418 5578 18699
27419 5579 8159
27420 5579 14139
27421 5579 15489
27422 5579 19128
27423 5579 19286
27424 5579 19916
27425 5580 6704
27426 5580 11057
27427 5580 16178
27428 5581 6677
27429 5581 10571
27430 5581 11076
27431 5582 9189
27432 5582 10557
27433 5582 10558
27434 5582 17177
27435 5583 13995
27436 5583 17590
27437 5583 19497
27438 5584 7632
27439 5584 9704
27440 5584 13486
27441 5585 7581
27442 5585 7851
27443 5585 11503
27444 5585 11823
27445 5585 16761
27446 5586 5595
27447 5586 5600
27448 5586 10126
27449 5586 18863
27450 5587 11287
27451 5587 14626
27452 5587 16222
27453 5588 5607
27454 5588 5905
27455 5588 13361
27456 5588 17870
27457 5588 19179
27458 5588 19213
27459 5588 19299
27460 5589 6311
27461 5589 8696
27462 5589 15216
27463 5590 6523
27464 5590 6524
27465 5590 13314
27466 5590 19516
27467 5591 7486
27468 5591 7574
27469 5591 7677
27470 5591 14292
27471 5591 15915
27472 5591 17389
27473 5592 7097
27474 5592 11057
27475 5592 14579
27476 5592 16178
27477 5592 19786
27478 5593 14458
27479 5593 15114
27480 5593 16656
27481 5593 18484
27482 5593 18577
27483 5594 7762
27484 5594 9485
27485 5594 18307
27486 5594 18346
27487 5594 18845
27488 5594 19002
27489 5595 5882
27490 5595 10765
27491 5595 17362
27492 5596 9183
27493 5596 13159
27494 5596 16087
27495 5596 19606
27496 5597 8194
27497 5597 18345
27498 5597 18349
27499 5597 18787
27500 5598 7508
27501 5599 13089
27502 5599 14249
27503 5599 14343
27504 5600 6980
27505 5600 10126
27506 5600 18316
27507 5601 6739
27508 5601 8393
27509 5601 10439
27510 5601 10573
27511 5602 5616
27512 5602 5865
27513 5602 7694
27514 5602 14533
27515 5603 7413
27516 5603 10880
27517 5603 11207
27518 5603 11613
27519 5604 6445
27520 5604 7841
27521 5604 8852
27522 5604 9550
27523 5604 11537
27524 5605 5729
27525 5605 6441
27526 5605 13973
27527 5605 14696
27528 5605 15052
27529 5606 6380
27530 5606 7180
27531 5606 15385
27532 5606 15585
27533 5607 5905
27534 5607 7565
27535 5607 9713
27536 5607 14730
27537 5607 17870
27538 5608 9687
27539 5608 10288
27540 5608 10440
27541 5608 17979
27542 5609 6251
27543 5609 6304
27544 5609 6559
27545 5609 8533
27546 5609 8601
27547 5609 10679
27548 5610 8702
27549 5610 9713
27550 5610 12552
27551 5610 15386
27552 5610 15888
27553 5610 17870
27554 5611 8357
27555 5611 11343
27556 5611 15577
27557 5611 15751
27558 5612 9044
27559 5612 9473
27560 5612 9730
27561 5612 15805
27562 5612 16275
27563 5613 8141
27564 5613 10227
27565 5613 12800
27566 5613 13010
27567 5613 16162
27568 5613 18867
27569 5613 19000
27570 5614 8644
27571 5614 13716
27572 5614 15888
27573 5614 16766
27574 5614 19950
27575 5615 12669
27576 5615 12682
27577 5615 13442
27578 5615 16151
27579 5615 18338
27580 5616 5853
27581 5616 5895
27582 5616 7694
27583 5616 9337
27584 5617 5912
27585 5617 5984
27586 5617 12350
27587 5617 14005
27588 5617 14729
27589 5617 19950
27590 5618 9836
27591 5618 12660
27592 5618 12786
27593 5618 18067
27594 5619 6574
27595 5619 6740
27596 5619 15659
27597 5620 5916
27598 5620 5917
27599 5620 12350
27600 5620 14729
27601 5620 15397
27602 5621 6840
27603 5621 8169
27604 5621 9960
27605 5621 10622
27606 5621 11068
27607 5621 11069
27608 5622 5916
27609 5622 5922
27610 5622 13608
27611 5622 15394
27612 5622 19729
27613 5623 11095
27614 5623 15659
27615 5623 15867
27616 5623 18613
27617 5624 10076
27618 5624 13819
27619 5625 5926
27620 5625 7591
27621 5625 13893
27622 5625 14076
27623 5625 15395
27624 5625 15398
27625 5626 15881
27626 5626 17938
27627 5626 18595
27628 5626 18604
27629 5626 19291
27630 5627 8035
27631 5627 9108
27632 5627 13217
27633 5627 13565
27634 5627 18543
27635 5627 18592
27636 5628 6682
27637 5628 6940
27638 5628 10194
27639 5628 10284
27640 5628 14251
27641 5629 5630
27642 5629 6093
27643 5629 8183
27644 5629 15896
27645 5629 18531
27646 5629 19863
27647 5630 5930
27648 5630 8701
27649 5630 9869
27650 5630 18531
27651 5630 19863
27652 5631 6460
27653 5631 12495
27654 5631 13367
27655 5631 13375
27656 5631 13450
27657 5631 18351
27658 5632 5931
27659 5632 8701
27660 5632 10942
27661 5632 15402
27662 5632 15497
27663 5632 15549
27664 5633 10359
27665 5633 11961
27666 5633 13197
27667 5633 14002
27668 5633 15043
27669 5633 19010
27670 5634 13390
27671 5634 13494
27672 5634 15724
27673 5634 18254
27674 5634 19095
27675 5635 10810
27676 5635 14296
27677 5635 19601
27678 5636 9045
27679 5636 9862
27680 5636 11895
27681 5636 14918
27682 5637 5817
27683 5637 7378
27684 5637 11843
27685 5637 12017
27686 5637 14706
27687 5638 5640
27688 5638 7620
27689 5638 10690
27690 5638 12358
27691 5638 19107
27692 5639 5802
27693 5639 5803
27694 5639 5943
27695 5639 7589
27696 5639 14191
27697 5640 5641
27698 5640 6150
27699 5640 7620
27700 5640 9306
27701 5640 10217
27702 5640 10690
27703 5641 5802
27704 5641 6150
27705 5641 7589
27706 5641 9306
27707 5641 10708
27708 5642 13756
27709 5642 13932
27710 5642 14061
27711 5642 15727
27712 5642 16219
27713 5643 7496
27714 5643 7818
27715 5643 15079
27716 5643 19885
27717 5644 7254
27718 5644 7715
27719 5644 8335
27720 5645 6976
27721 5645 11747
27722 5645 11816
27723 5645 14959
27724 5645 15011
27725 5646 6867
27726 5646 14262
27727 5647 7451
27728 5647 8098
27729 5647 10101
27730 5647 11108
27731 5647 11112
27732 5647 11114
27733 5648 5959
27734 5648 8226
27735 5648 12106
27736 5648 15814
27737 5648 17254
27738 5649 5793
27739 5649 16861
27740 5649 17876
27741 5649 19247
27742 5650 5955
27743 5650 8976
27744 5650 13142
27745 5650 14216
27746 5650 14802
27747 5651 5965
27748 5651 6070
27749 5651 9035
27750 5651 10936
27751 5651 14208
27752 5651 14833
27753 5652 6543
27754 5652 6850
27755 5652 6886
27756 5652 17866
27757 5653 6070
27758 5653 6304
27759 5653 7590
27760 5653 8637
27761 5653 12545
27762 5654 8138
27763 5654 18180
27764 5654 19924
27765 5655 9676
27766 5655 12755
27767 5655 13352
27768 5655 15634
27769 5655 15969
27770 5655 19062
27771 5656 6596
27772 5656 15651
27773 5656 17676
27774 5657 6382
27775 5657 10545
27776 5657 14579
27777 5657 17832
27778 5658 8412
27779 5658 10555
27780 5658 11099
27781 5658 11910
27782 5658 19821
27783 5659 10560
27784 5659 11097
27785 5659 13620
27786 5659 13707
27787 5660 6666
27788 5660 6882
27789 5660 10662
27790 5660 13037
27791 5660 13244
27792 5660 19200
27793 5660 19260
27794 5661 8662
27795 5661 13705
27796 5661 14723
27797 5661 19003
27798 5662 9333
27799 5662 11377
27800 5662 14026
27801 5662 14963
27802 5662 15708
27803 5662 17078
27804 5663 7155
27805 5663 12822
27806 5663 16372
27807 5663 18094
27808 5664 5975
27809 5664 6279
27810 5664 7903
27811 5664 11014
27812 5664 11146
27813 5665 6409
27814 5665 7584
27815 5665 8758
27816 5665 15804
27817 5666 6706
27818 5666 11112
27819 5667 5800
27820 5667 8603
27821 5667 10790
27822 5667 13319
27823 5667 15763
27824 5668 16334
27825 5668 16510
27826 5668 16949
27827 5668 17699
27828 5668 17724
27829 5668 17844
27830 5669 6858
27831 5669 9216
27832 5669 10701
27833 5669 13200
27834 5670 8114
27835 5670 9268
27836 5670 15221
27837 5670 15620
27838 5670 17135
27839 5671 9872
27840 5672 7436
27841 5672 8513
27842 5672 9085
27843 5672 12673
27844 5672 14073
27845 5672 17327
27846 5673 11733
27847 5673 12803
27848 5673 16153
27849 5673 18174
27850 5673 19087
27851 5674 5684
27852 5674 6467
27853 5674 9090
27854 5675 6601
27855 5675 12689
27856 5675 12771
27857 5675 13365
27858 5675 13369
27859 5675 16149
27860 5676 6684
27861 5676 8685
27862 5676 13331
27863 5676 19185
27864 5677 6527
27865 5677 6878
27866 5677 8395
27867 5677 13049
27868 5678 13003
27869 5678 13931
27870 5678 13933
27871 5678 13935
27872 5678 15343
27873 5679 6370
27874 5679 6472
27875 5680 10742
27876 5680 13269
27877 5680 15072
27878 5681 12978
27879 5681 14293
27880 5681 19279
27881 5682 6024
27882 5682 6204
27883 5682 9981
27884 5682 13811
27885 5682 16933
27886 5683 6396
27887 5683 10532
27888 5683 10664
27889 5684 6408
27890 5684 6467
27891 5684 10518
27892 5685 5956
27893 5685 6400
27894 5685 6407
27895 5685 7531
27896 5685 10522
27897 5686 6406
27898 5686 6453
27899 5686 9510
27900 5686 10538
27901 5686 11073
27902 5687 8834
27903 5687 9673
27904 5687 15328
27905 5687 15869
27906 5687 18454
27907 5688 5690
27908 5688 8881
27909 5688 11554
27910 5688 15432
27911 5688 15435
27912 5688 19218
27913 5689 9216
27914 5689 19805
27915 5689 19959
27916 5690 5695
27917 5690 6124
27918 5690 8881
27919 5690 11554
27920 5691 5692
27921 5691 10500
27922 5691 10558
27923 5691 12950
27924 5691 15843
27925 5692 10558
27926 5692 10559
27927 5692 15843
27928 5693 5695
27929 5693 5809
27930 5693 6003
27931 5693 8881
27932 5693 13833
27933 5693 13839
27934 5693 15503
27935 5694 5891
27936 5694 6048
27937 5694 6162
27938 5694 8631
27939 5694 9009
27940 5695 6003
27941 5695 6124
27942 5695 8881
27943 5695 10667
27944 5696 8412
27945 5696 10557
27946 5696 15810
27947 5696 19506
27948 5697 6316
27949 5697 7418
27950 5697 10795
27951 5697 14161
27952 5697 18973
27953 5698 6112
27954 5698 13730
27955 5698 14834
27956 5698 18117
27957 5699 8841
27958 5699 17780
27959 5699 18930
27960 5699 19838
27961 5700 9013
27962 5700 12553
27963 5700 14082
27964 5700 15949
27965 5701 5811
27966 5701 6076
27967 5701 6852
27968 5701 13821
27969 5701 14382
27970 5701 16886
27971 5702 13959
27972 5702 18440
27973 5702 18735
27974 5702 18876
27975 5702 19462
27976 5703 6971
27977 5703 7403
27978 5703 11639
27979 5703 17833
27980 5703 18710
27981 5704 8942
27982 5704 10366
27983 5704 12477
27984 5704 16084
27985 5704 17178
27986 5704 19522
27987 5705 5814
27988 5705 6010
27989 5705 6131
27990 5705 6607
27991 5705 10895
27992 5705 19544
27993 5706 6464
27994 5706 10438
27995 5706 10878
27996 5706 10966
27997 5706 16565
27998 5707 6466
27999 5707 10663
28000 5707 10829
28001 5707 10831
28002 5708 7052
28003 5708 10899
28004 5708 14180
28005 5708 16831
28006 5708 16862
28007 5709 9959
28008 5709 12244
28009 5709 16942
28010 5709 19635
28011 5710 11922
28012 5710 17557
28013 5711 6010
28014 5711 6284
28015 5711 13831
28016 5711 15551
28017 5711 19259
28018 5711 19544
28019 5712 10857
28020 5712 11335
28021 5712 11619
28022 5712 11770
28023 5712 13116
28024 5713 11282
28025 5713 12030
28026 5713 13026
28027 5714 9181
28028 5714 9252
28029 5714 11507
28030 5714 15700
28031 5714 19268
28032 5715 10806
28033 5715 10829
28034 5715 11007
28035 5716 5941
28036 5716 7186
28037 5716 7257
28038 5716 7258
28039 5716 18178
28040 5717 5805
28041 5717 6581
28042 5717 6839
28043 5717 10592
28044 5717 10596
28045 5717 19502
28046 5718 10551
28047 5718 10607
28048 5718 10879
28049 5718 16956
28050 5719 6014
28051 5719 6358
28052 5719 10961
28053 5719 18826
28054 5720 5791
28055 5720 6764
28056 5720 13597
28057 5720 13934
28058 5720 14008
28059 5720 16815
28060 5721 6973
28061 5721 9870
28062 5721 11814
28063 5721 16847
28064 5721 18581
28065 5722 5724
28066 5722 6320
28067 5722 7387
28068 5722 7646
28069 5722 15145
28070 5723 6140
28071 5723 6203
28072 5723 11596
28073 5723 11887
28074 5723 15917
28075 5723 18422
28076 5724 7646
28077 5724 8563
28078 5724 10318
28079 5724 14078
28080 5725 12658
28081 5725 12661
28082 5725 13027
28083 5725 17599
28084 5725 19360
28085 5726 12141
28086 5726 12759
28087 5726 12783
28088 5726 12784
28089 5726 13411
28090 5727 6735
28091 5727 11156
28092 5727 13582
28093 5728 8483
28094 5728 9217
28095 5728 9360
28096 5728 16705
28097 5728 17687
28098 5729 6062
28099 5729 10316
28100 5729 13362
28101 5729 14696
28102 5730 7106
28103 5730 7108
28104 5730 10019
28105 5730 18952
28106 5730 19895
28107 5731 9681
28108 5731 12610
28109 5731 12611
28110 5731 15281
28111 5731 15282
28112 5731 16163
28113 5732 12559
28114 5732 16502
28115 5732 17767
28116 5733 7562
28117 5733 10703
28118 5733 15956
28119 5733 19823
28120 5734 10826
28121 5734 11128
28122 5734 12459
28123 5734 12827
28124 5734 13107
28125 5734 13135
28126 5734 18016
28127 5735 5824
28128 5735 6197
28129 5735 10794
28130 5735 10797
28131 5736 9104
28132 5736 12381
28133 5736 15936
28134 5736 16513
28135 5736 19333
28136 5737 7271
28137 5737 8119
28138 5737 9682
28139 5737 12436
28140 5737 15244
28141 5737 16577
28142 5738 5806
28143 5738 10683
28144 5738 10718
28145 5738 13336
28146 5738 14220
28147 5739 5907
28148 5739 5986
28149 5739 6887
28150 5739 16136
28151 5739 16330
28152 5739 17585
28153 5740 6797
28154 5740 10956
28155 5740 11017
28156 5740 11018
28157 5740 19150
28158 5741 10507
28159 5741 10988
28160 5741 12843
28161 5742 11954
28162 5742 12376
28163 5742 12613
28164 5742 13024
28165 5742 14558
28166 5742 18370
28167 5743 9259
28168 5743 9447
28169 5743 12550
28170 5743 13386
28171 5743 15693
28172 5744 12474
28173 5744 16142
28174 5744 16243
28175 5744 16326
28176 5744 17635
28177 5745 8501
28178 5745 8724
28179 5745 10040
28180 5745 19692
28181 5746 6576
28182 5746 10877
28183 5746 11013
28184 5746 13245
28185 5746 16929
28186 5746 18194
28187 5747 13515
28188 5747 16872
28189 5747 18628
28190 5748 5973
28191 5748 6283
28192 5748 10243
28193 5748 10718
28194 5749 8336
28195 5749 13250
28196 5749 13413
28197 5749 17969
28198 5749 18995
28199 5750 6324
28200 5750 10773
28201 5750 10863
28202 5750 19823
28203 5750 19845
28204 5751 6328
28205 5751 6584
28206 5751 11008
28207 5751 11009
28208 5751 19523
28209 5752 5761
28210 5752 6327
28211 5752 6328
28212 5753 9423
28213 5753 10806
28214 5753 17839
28215 5754 12448
28216 5754 17615
28217 5754 18335
28218 5754 18442
28219 5754 18446
28220 5754 18594
28221 5755 5782
28222 5755 6047
28223 5755 6182
28224 5755 11300
28225 5755 14165
28226 5756 6789
28227 5756 13471
28228 5756 13993
28229 5756 18029
28230 5757 6876
28231 5757 8118
28232 5757 9395
28233 5757 16685
28234 5758 5861
28235 5758 5915
28236 5758 6101
28237 5758 6267
28238 5758 10917
28239 5758 10939
28240 5759 13948
28241 5759 17434
28242 5759 19129
28243 5760 5985
28244 5760 16878
28245 5760 16915
28246 5760 19093
28247 5761 6328
28248 5761 6584
28249 5761 11003
28250 5762 5779
28251 5762 5842
28252 5762 10477
28253 5762 10919
28254 5762 19881
28255 5763 10777
28256 5763 10818
28257 5763 14004
28258 5764 5987
28259 5764 6187
28260 5764 6673
28261 5764 14354
28262 5764 16367
28263 5765 10548
28264 5765 11356
28265 5765 11926
28266 5765 15018
28267 5765 17792
28268 5765 18667
28269 5766 18442
28270 5766 18550
28271 5766 18564
28272 5766 18932
28273 5766 19047
28274 5767 10863
28275 5767 11093
28276 5767 13912
28277 5767 14725
28278 5767 15371
28279 5767 19845
28280 5768 5773
28281 5768 6164
28282 5768 10033
28283 5768 13234
28284 5768 18517
28285 5768 19274
28286 5769 10515
28287 5769 15436
28288 5769 17294
28289 5770 5771
28290 5770 6246
28291 5770 10444
28292 5770 14009
28293 5770 14068
28294 5770 15180
28295 5771 6340
28296 5771 10444
28297 5771 12756
28298 5772 10907
28299 5772 13039
28300 5772 14946
28301 5772 16120
28302 5773 6164
28303 5773 9679
28304 5773 10921
28305 5773 11029
28306 5773 13234
28307 5774 12650
28308 5774 13041
28309 5774 17906
28310 5774 18976
28311 5774 19238
28312 5775 6054
28313 5775 6277
28314 5775 10720
28315 5775 10728
28316 5775 19318
28317 5776 6277
28318 5776 8391
28319 5776 9679
28320 5776 10921
28321 5776 17023
28322 5777 6872
28323 5777 7970
28324 5777 8468
28325 5777 8927
28326 5777 9076
28327 5777 19945
28328 5778 8535
28329 5778 9079
28330 5778 9979
28331 5778 10308
28332 5778 12407
28333 5778 18782
28334 5779 5818
28335 5779 6658
28336 5779 10919
28337 5779 19881
28338 5780 9674
28339 5780 16529
28340 5780 16543
28341 5780 19330
28342 5781 6049
28343 5781 6248
28344 5781 6718
28345 5781 8096
28346 5781 10120
28347 5781 13745
28348 5782 6182
28349 5782 6549
28350 5782 10418
28351 5782 10549
28352 5782 14165
28353 5783 5784
28354 5783 6059
28355 5783 6117
28356 5783 6461
28357 5783 12529
28358 5783 17206
28359 5784 6052
28360 5784 6117
28361 5784 6209
28362 5784 6461
28363 5784 10725
28364 5785 5960
28365 5785 5962
28366 5785 9675
28367 5785 14173
28368 5785 16155
28369 5785 16919
28370 5786 7723
28371 5786 9914
28372 5786 11309
28373 5787 6052
28374 5787 6117
28375 5787 8875
28376 5787 9847
28377 5787 10935
28378 5787 12989
28379 5788 7339
28380 5788 8543
28381 5788 11630
28382 5788 12064
28383 5788 13232
28384 5789 6055
28385 5789 6116
28386 5789 14183
28387 5789 14195
28388 5789 19501
28389 5790 6323
28390 5790 6664
28391 5790 8684
28392 5790 15873
28393 5791 7477
28394 5791 8761
28395 5791 14008
28396 5791 16815
28397 5791 18015
28398 5792 5793
28399 5792 5953
28400 5792 5969
28401 5792 6195
28402 5792 11130
28403 5792 19603
28404 5793 5953
28405 5793 17876
28406 5793 19247
28407 5793 19603
28408 5794 5795
28409 5794 14946
28410 5794 15525
28411 5795 6307
28412 5795 10885
28413 5795 16867
28414 5796 5799
28415 5796 5825
28416 5796 6122
28417 5796 10668
28418 5796 10669
28419 5796 10836
28420 5797 5963
28421 5797 7274
28422 5797 8590
28423 5797 8841
28424 5797 9595
28425 5798 6135
28426 5798 7314
28427 5798 8210
28428 5798 8627
28429 5798 8888
28430 5798 11748
28431 5799 5825
28432 5799 6097
28433 5799 6100
28434 5799 10836
28435 5800 6200
28436 5800 7639
28437 5800 9795
28438 5800 13319
28439 5800 15763
28440 5800 16852
28441 5801 5829
28442 5801 6107
28443 5801 6133
28444 5801 10895
28445 5801 15074
28446 5802 7589
28447 5802 9306
28448 5803 5943
28449 5803 5945
28450 5803 7379
28451 5803 14191
28452 5804 7222
28453 5804 9930
28454 5804 16046
28455 5804 19888
28456 5805 6586
28457 5805 10596
28458 5806 6146
28459 5806 9151
28460 5806 10683
28461 5806 12214
28462 5807 6002
28463 5807 8641
28464 5807 13841
28465 5807 13842
28466 5807 19218
28467 5808 6274
28468 5808 14133
28469 5808 16452
28470 5809 5810
28471 5809 6003
28472 5809 6342
28473 5809 13830
28474 5809 15503
28475 5810 6074
28476 5810 6342
28477 5810 6953
28478 5810 13825
28479 5810 13830
28480 5811 6852
28481 5811 7030
28482 5811 14382
28483 5812 5813
28484 5812 6258
28485 5812 6262
28486 5812 10693
28487 5813 6155
28488 5813 6190
28489 5813 10927
28490 5814 6010
28491 5814 6305
28492 5814 6607
28493 5814 10670
28494 5814 10925
28495 5815 5818
28496 5815 6078
28497 5815 6258
28498 5815 6594
28499 5815 10922
28500 5815 15226
28501 5816 11078
28502 5816 11796
28503 5816 14621
28504 5816 15139
28505 5816 15174
28506 5816 15989
28507 5817 7378
28508 5817 11843
28509 5817 14753
28510 5818 6594
28511 5818 10692
28512 5818 10922
28513 5818 19881
28514 5819 8173
28515 5819 8341
28516 5819 11283
28517 5819 11964
28518 5819 15561
28519 5820 8830
28520 5820 9838
28521 5820 17314
28522 5820 18670
28523 5820 18792
28524 5820 20010
28525 5821 7820
28526 5821 9034
28527 5821 11199
28528 5821 12204
28529 5821 12893
28530 5822 9468
28531 5822 9571
28532 5822 12935
28533 5822 13106
28534 5822 13143
28535 5822 15638
28536 5823 5991
28537 5823 6088
28538 5823 6234
28539 5823 6661
28540 5823 16150
28541 5824 7779
28542 5824 15662
28543 5824 19128
28544 5825 6063
28545 5825 6100
28546 5825 6354
28547 5825 10669
28548 5826 6063
28549 5826 6100
28550 5826 10905
28551 5826 10940
28552 5826 16759
28553 5827 5990
28554 5827 6096
28555 5827 6101
28556 5827 6269
28557 5827 10748
28558 5827 10939
28559 5828 5830
28560 5828 5861
28561 5828 5915
28562 5828 6088
28563 5828 6120
28564 5828 10900
28565 5829 6107
28566 5829 6133
28567 5829 6356
28568 5829 10904
28569 5829 10937
28570 5830 5852
28571 5830 5991
28572 5830 6088
28573 5830 6120
28574 5830 10902
28575 5831 11017
28576 5831 13712
28577 5831 13718
28578 5832 8232
28579 5832 9530
28580 5832 12083
28581 5832 14060
28582 5833 6709
28583 5833 14242
28584 5833 17228
28585 5833 18270
28586 5834 9826
28587 5834 13651
28588 5834 16440
28589 5834 17485
28590 5834 17606
28591 5835 5837
28592 5835 9098
28593 5835 11039
28594 5835 11136
28595 5835 12079
28596 5835 16784
28597 5836 8232
28598 5836 9530
28599 5836 13890
28600 5836 14007
28601 5836 15403
28602 5837 5840
28603 5837 8710
28604 5837 11136
28605 5837 12079
28606 5837 12100
28607 5838 6528
28608 5838 8489
28609 5838 12446
28610 5838 18197
28611 5838 18321
28612 5838 18513
28613 5839 7503
28614 5839 8084
28615 5839 8271
28616 5839 12282
28617 5839 19825
28618 5840 8710
28619 5840 11136
28620 5840 14051
28621 5840 15555
28622 5841 5995
28623 5841 7916
28624 5841 10898
28625 5841 10931
28626 5841 18743
28627 5842 5847
28628 5842 5894
28629 5842 10477
28630 5842 10903
28631 5842 19881
28632 5843 8012
28633 5843 8468
28634 5843 8491
28635 5843 14113
28636 5843 15857
28637 5844 5845
28638 5844 8357
28639 5844 11664
28640 5844 15577
28641 5844 19498
28642 5845 11664
28643 5845 11923
28644 5845 16818
28645 5845 19498
28646 5846 5847
28647 5846 6078
28648 5846 6233
28649 5846 6235
28650 5846 8697
28651 5846 10922
28652 5847 5894
28653 5847 8697
28654 5847 10922
28655 5847 19881
28656 5848 5854
28657 5848 6190
28658 5848 6219
28659 5848 10960
28660 5848 15940
28661 5848 18615
28662 5849 13406
28663 5849 13897
28664 5849 13977
28665 5849 13989
28666 5849 17554
28667 5850 10798
28668 5850 10819
28669 5850 11646
28670 5850 17419
28671 5850 17445
28672 5851 7414
28673 5851 11257
28674 5851 11837
28675 5851 11912
28676 5851 16593
28677 5851 19820
28678 5852 5879
28679 5852 6105
28680 5852 6120
28681 5852 10902
28682 5853 5895
28683 5853 6016
28684 5853 8135
28685 5853 9337
28686 5854 5872
28687 5854 6219
28688 5854 6225
28689 5854 7704
28690 5854 15940
28691 5855 11829
28692 5855 16753
28693 5855 17077
28694 5855 18712
28695 5856 6073
28696 5856 6075
28697 5856 6296
28698 5856 10363
28699 5856 14109
28700 5856 16937
28701 5857 5946
28702 5857 10960
28703 5857 15940
28704 5857 16842
28705 5857 18078
28706 5858 7917
28707 5858 10733
28708 5858 16817
28709 5858 17027
28710 5859 5946
28711 5859 7708
28712 5859 8738
28713 5859 8934
28714 5859 9334
28715 5860 6999
28716 5860 7315
28717 5860 13793
28718 5860 15790
28719 5860 17766
28720 5860 18764
28721 5861 5915
28722 5861 5990
28723 5861 6051
28724 5861 6101
28725 5861 10900
28726 5862 7061
28727 5862 9283
28728 5862 9495
28729 5862 15163
28730 5862 18488
28731 5863 6916
28732 5863 7604
28733 5863 9085
28734 5863 10323
28735 5863 10858
28736 5864 7613
28737 5864 7716
28738 5864 10458
28739 5864 15103
28740 5864 16074
28741 5864 17725
28742 5865 6313
28743 5865 7694
28744 5865 8125
28745 5865 14832
28746 5866 8295
28747 5866 11928
28748 5866 12227
28749 5866 12870
28750 5866 19692
28751 5867 6001
28752 5867 7913
28753 5867 10993
28754 5868 9202
28755 5868 11106
28756 5868 17372
28757 5869 7182
28758 5869 8230
28759 5869 11042
28760 5869 13865
28761 5870 5940
28762 5870 9620
28763 5870 10898
28764 5870 15761
28765 5870 18734
28766 5871 6123
28767 5871 8902
28768 5871 11144
28769 5871 15761
28770 5871 16303
28771 5871 18734
28772 5872 6140
28773 5872 6203
28774 5872 6225
28775 5872 7704
28776 5872 12847
28777 5873 6203
28778 5873 7704
28779 5873 18078
28780 5873 18422
28781 5874 5875
28782 5874 5876
28783 5874 5894
28784 5874 7357
28785 5874 8107
28786 5874 10903
28787 5875 5876
28788 5875 6019
28789 5875 6147
28790 5875 8107
28791 5875 9704
28792 5876 6147
28793 5876 6184
28794 5876 10903
28795 5876 16829
28796 5877 5896
28797 5877 12789
28798 5877 15705
28799 5877 16360
28800 5877 18539
28801 5878 6349
28802 5878 6625
28803 5878 10963
28804 5878 11884
28805 5878 13208
28806 5878 16804
28807 5879 5881
28808 5879 6105
28809 5879 6120
28810 5879 6145
28811 5879 6167
28812 5879 12503
28813 5880 7483
28814 5880 10758
28815 5880 10862
28816 5880 13487
28817 5881 6149
28818 5881 6167
28819 5881 10837
28820 5881 12503
28821 5882 5883
28822 5882 14186
28823 5882 17362
28824 5882 19856
28825 5883 14186
28826 5883 15366
28827 5883 17362
28828 5883 18263
28829 5883 18500
28830 5884 5918
28831 5884 6188
28832 5884 6269
28833 5884 9279
28834 5884 9429
28835 5884 12531
28836 5885 9797
28837 5885 9850
28838 5885 13320
28839 5885 17857
28840 5885 19122
28841 5885 19426
28842 5886 5898
28843 5886 5933
28844 5886 7454
28845 5886 9153
28846 5886 10126
28847 5886 19499
28848 5887 5918
28849 5887 6051
28850 5887 9137
28851 5887 9279
28852 5888 6156
28853 5888 8929
28854 5888 9933
28855 5888 10442
28856 5888 14029
28857 5888 16966
28858 5889 6181
28859 5889 6294
28860 5889 13960
28861 5889 14151
28862 5889 14416
28863 5889 18263
28864 5890 11033
28865 5890 11034
28866 5890 13863
28867 5890 15618
28868 5891 5892
28869 5891 6157
28870 5891 6162
28871 5891 6242
28872 5891 9009
28873 5892 6157
28874 5892 6162
28875 5892 16917
28876 5892 17035
28877 5893 7574
28878 5893 9825
28879 5893 11566
28880 5893 11600
28881 5893 15915
28882 5893 18083
28883 5894 7357
28884 5894 8697
28885 5894 10903
28886 5895 6016
28887 5895 6381
28888 5895 7694
28889 5895 19500
28890 5896 13023
28891 5896 16782
28892 5896 16913
28893 5896 18539
28894 5897 8559
28895 5897 18316
28896 5897 19249
28897 5898 7454
28898 5898 9063
28899 5898 9153
28900 5898 15858
28901 5899 6673
28902 5899 9154
28903 5899 12789
28904 5900 7571
28905 5900 15190
28906 5900 16621
28907 5900 18192
28908 5901 5913
28909 5901 8180
28910 5901 11343
28911 5901 12428
28912 5902 8640
28913 5902 8924
28914 5902 14096
28915 5902 14150
28916 5902 16909
28917 5902 19426
28918 5903 6031
28919 5903 14114
28920 5903 17706
28921 5903 17796
28922 5903 18832
28923 5904 7383
28924 5904 13952
28925 5904 14236
28926 5905 5906
28927 5905 14730
28928 5905 19179
28929 5906 14730
28930 5906 14832
28931 5906 14948
28932 5907 6887
28933 5907 16136
28934 5907 16510
28935 5907 17724
28936 5908 9722
28937 5908 9771
28938 5908 11454
28939 5908 14662
28940 5908 17034
28941 5909 7056
28942 5909 8752
28943 5909 9732
28944 5909 13584
28945 5909 15514
28946 5909 18252
28947 5909 18882
28948 5910 12367
28949 5910 12374
28950 5910 12380
28951 5910 12616
28952 5910 17323
28953 5911 11402
28954 5911 16152
28955 5911 16196
28956 5911 17862
28957 5911 19066
28958 5911 19246
28959 5912 5917
28960 5912 12350
28961 5912 18269
28962 5912 19950
28963 5913 5984
28964 5913 8180
28965 5913 10873
28966 5913 11343
28967 5913 13975
28968 5913 15751
28969 5914 10172
28970 5914 13456
28971 5914 18658
28972 5915 6088
28973 5915 10917
28974 5916 5917
28975 5916 13437
28976 5916 19729
28977 5917 12350
28978 5917 13437
28979 5917 18269
28980 5918 5990
28981 5918 6051
28982 5918 6269
28983 5918 9279
28984 5919 7052
28985 5919 11604
28986 5919 12078
28987 5919 16823
28988 5919 17188
28989 5919 18352
28990 5920 9419
28991 5920 12043
28992 5920 15086
28993 5920 18954
28994 5920 19843
28995 5921 5922
28996 5921 5926
28997 5921 14014
28998 5921 15395
28999 5921 19607
29000 5922 13608
29001 5922 14014
29002 5922 15394
29003 5923 9128
29004 5923 16378
29005 5923 16819
29006 5923 16834
29007 5923 16845
29008 5923 17027
29009 5924 7994
29010 5924 8597
29011 5924 12644
29012 5924 17576
29013 5924 18187
29014 5925 9506
29015 5925 12145
29016 5925 16628
29017 5925 17132
29018 5925 19322
29019 5926 7591
29020 5926 15395
29021 5926 19320
29022 5926 19607
29023 5927 6142
29024 5927 6199
29025 5927 17901
29026 5927 18290
29027 5928 7591
29028 5928 8183
29029 5928 8628
29030 5928 11351
29031 5928 15687
29032 5928 19320
29033 5929 5970
29034 5929 6701
29035 5929 12099
29036 5930 7189
29037 5930 8701
29038 5930 10778
29039 5930 10942
29040 5930 18531
29041 5931 10942
29042 5931 12853
29043 5931 14142
29044 5931 15437
29045 5931 15497
29046 5932 6172
29047 5932 10899
29048 5932 12099
29049 5933 7995
29050 5933 10126
29051 5933 11866
29052 5933 18863
29053 5933 19499
29054 5934 6210
29055 5934 6212
29056 5934 6250
29057 5934 15660
29058 5934 17882
29059 5935 6168
29060 5935 6212
29061 5935 9494
29062 5935 15350
29063 5935 16943
29064 5935 17882
29065 5936 8714
29066 5936 11961
29067 5936 12853
29068 5936 14142
29069 5936 15441
29070 5937 10612
29071 5937 11319
29072 5937 11445
29073 5937 11458
29074 5937 14823
29075 5937 17665
29076 5938 8527
29077 5938 16006
29078 5939 8923
29079 5939 10359
29080 5939 18901
29081 5939 19210
29082 5940 5995
29083 5940 7708
29084 5940 9334
29085 5940 10898
29086 5940 18734
29087 5941 7136
29088 5941 7186
29089 5941 7258
29090 5942 9852
29091 5942 10850
29092 5942 19862
29093 5943 7379
29094 5943 7589
29095 5943 11294
29096 5943 18916
29097 5944 13356
29098 5944 13426
29099 5944 15632
29100 5944 16170
29101 5944 18433
29102 5944 18677
29103 5945 6065
29104 5945 6631
29105 5945 7379
29106 5945 14284
29107 5946 8934
29108 5946 16842
29109 5947 7325
29110 5947 14993
29111 5947 14999
29112 5947 15000
29113 5947 17565
29114 5947 19109
29115 5948 8269
29116 5948 17765
29117 5948 17911
29118 5948 18904
29119 5949 6257
29120 5949 6657
29121 5949 8579
29122 5949 8791
29123 5949 12103
29124 5950 13759
29125 5950 14062
29126 5950 14288
29127 5950 18827
29128 5951 6200
29129 5951 6243
29130 5951 6764
29131 5951 11082
29132 5952 6142
29133 5952 6225
29134 5952 6233
29135 5952 6235
29136 5952 10901
29137 5952 12847
29138 5953 16821
29139 5953 19247
29140 5954 5994
29141 5954 8520
29142 5954 10460
29143 5954 12536
29144 5954 17233
29145 5955 8602
29146 5955 8976
29147 5955 14802
29148 5956 6531
29149 5956 6765
29150 5956 10522
29151 5957 10600
29152 5957 10617
29153 5957 10619
29154 5957 10996
29155 5957 17823
29156 5958 14429
29157 5958 16768
29158 5958 18040
29159 5958 18899
29160 5959 14235
29161 5959 15814
29162 5959 15883
29163 5959 16474
29164 5960 9675
29165 5960 12500
29166 5960 14173
29167 5961 8095
29168 5961 15972
29169 5961 19415
29170 5962 6237
29171 5962 14173
29172 5962 16155
29173 5963 7274
29174 5963 8590
29175 5963 9371
29176 5963 15461
29177 5963 16022
29178 5964 6157
29179 5964 6242
29180 5964 6244
29181 5964 6247
29182 5964 7725
29183 5964 16794
29184 5964 18652
29185 5965 6070
29186 5965 7590
29187 5965 10264
29188 5965 10682
29189 5965 10936
29190 5966 12138
29191 5966 12139
29192 5966 13637
29193 5966 17019
29194 5967 10099
29195 5967 14785
29196 5967 14971
29197 5967 19999
29198 5968 6812
29199 5968 10128
29200 5968 12037
29201 5968 16173
29202 5968 19951
29203 5969 5970
29204 5969 6195
29205 5969 9448
29206 5969 11130
29207 5969 19653
29208 5970 11130
29209 5970 19653
29210 5971 8749
29211 5971 9238
29212 5971 15222
29213 5972 16547
29214 5972 16603
29215 5972 19454
29216 5973 10243
29217 5973 10718
29218 5974 5987
29219 5974 6256
29220 5974 6958
29221 5974 10745
29222 5974 17158
29223 5975 6253
29224 5975 6344
29225 5975 7903
29226 5975 10542
29227 5975 11146
29228 5976 7477
29229 5976 8127
29230 5977 6460
29231 5977 8957
29232 5977 12653
29233 5977 17956
29234 5978 7244
29235 5978 8818
29236 5978 11810
29237 5978 11857
29238 5979 9748
29239 5979 17808
29240 5979 18602
29241 5980 6280
29242 5980 8035
29243 5980 12708
29244 5980 16104
29245 5980 17696
29246 5980 18592
29247 5981 7815
29248 5981 12330
29249 5981 12348
29250 5981 12413
29251 5981 15855
29252 5982 5986
29253 5982 12695
29254 5982 16138
29255 5982 16507
29256 5982 16511
29257 5982 18369
29258 5983 6089
29259 5983 8453
29260 5983 10990
29261 5983 15317
29262 5984 10873
29263 5984 13975
29264 5984 14005
29265 5984 14729
29266 5985 6048
29267 5985 9324
29268 5985 14167
29269 5985 16915
29270 5986 16136
29271 5986 16138
29272 5986 16330
29273 5986 16511
29274 5987 6187
29275 5987 10745
29276 5987 14354
29277 5987 17158
29278 5988 6398
29279 5988 7033
29280 5988 10232
29281 5988 11040
29282 5988 12003
29283 5988 19436
29284 5989 9262
29285 5989 9780
29286 5989 12795
29287 5989 18452
29288 5989 19076
29289 5989 19091
29290 5990 6051
29291 5990 6101
29292 5990 6269
29293 5991 6088
29294 5991 6661
29295 5991 10902
29296 5992 12284
29297 5992 14202
29298 5992 14923
29299 5992 19626
29300 5993 7431
29301 5993 14331
29302 5993 14508
29303 5993 19621
29304 5994 9592
29305 5994 10514
29306 5994 11242
29307 5994 17233
29308 5995 6218
29309 5995 9334
29310 5995 10898
29311 5996 12324
29312 5996 12680
29313 5996 16093
29314 5996 16644
29315 5996 17450
29316 5996 19290
29317 5997 6090
29318 5997 6347
29319 5997 13327
29320 5997 13907
29321 5997 16980
29322 5997 17838
29323 5998 6517
29324 5998 9325
29325 5998 11189
29326 5998 11810
29327 5998 17513
29328 5999 7359
29329 5999 9459
29330 5999 12136
29331 5999 12823
29332 5999 13539
29333 5999 19068
29334 6000 12195
29335 6000 14927
29336 6000 15520
29337 6000 17207
29338 6001 15645
29339 6001 19536
29340 6002 8641
29341 6002 11554
29342 6002 18043
29343 6002 18509
29344 6002 19218
29345 6003 6342
29346 6003 8463
29347 6003 10667
29348 6004 7741
29349 6004 10493
29350 6004 10891
29351 6004 10928
29352 6004 13824
29353 6004 16973
29354 6005 7803
29355 6005 9731
29356 6005 14829
29357 6006 7281
29358 6006 11458
29359 6006 11723
29360 6006 14940
29361 6006 17916
29362 6007 6122
29363 6007 6293
29364 6007 6646
29365 6007 9027
29366 6007 10493
29367 6007 10669
29368 6007 10891
29369 6008 8615
29370 6008 16891
29371 6008 18630
29372 6008 18812
29373 6009 6293
29374 6009 6305
29375 6009 6646
29376 6009 10925
29377 6009 17010
29378 6010 10925
29379 6010 13831
29380 6010 15193
29381 6010 19544
29382 6011 6488
29383 6011 8558
29384 6011 10611
29385 6011 13904
29386 6012 7167
29387 6012 7791
29388 6012 15923
29389 6012 18862
29390 6012 19679
29391 6013 12185
29392 6013 12187
29393 6013 12849
29394 6013 14124
29395 6013 16377
29396 6013 18220
29397 6014 6358
29398 6014 6360
29399 6014 10961
29400 6014 13736
29401 6014 18423
29402 6015 11942
29403 6015 12186
29404 6015 16377
29405 6015 18216
29406 6015 19404
29407 6016 6381
29408 6016 8135
29409 6016 9400
29410 6017 6320
29411 6017 6360
29412 6017 7387
29413 6017 8382
29414 6017 12361
29415 6017 13736
29416 6018 7663
29417 6018 8017
29418 6018 14227
29419 6018 15939
29420 6018 17655
29421 6018 19909
29422 6019 6147
29423 6019 7632
29424 6019 9704
29425 6019 11602
29426 6020 6159
29427 6020 10697
29428 6020 10825
29429 6020 10883
29430 6021 8316
29431 6021 8573
29432 6021 14523
29433 6021 15096
29434 6022 6440
29435 6022 7544
29436 6022 10947
29437 6022 11742
29438 6023 12639
29439 6023 16587
29440 6023 19451
29441 6024 7601
29442 6024 9981
29443 6024 14212
29444 6025 6741
29445 6025 8693
29446 6025 12093
29447 6025 18858
29448 6026 8487
29449 6026 14175
29450 6026 15046
29451 6026 16024
29452 6026 16446
29453 6027 10270
29454 6027 11981
29455 6027 14644
29456 6028 8024
29457 6028 10944
29458 6028 15874
29459 6028 17047
29460 6028 19027
29461 6029 6924
29462 6029 12595
29463 6029 13425
29464 6029 13814
29465 6030 6291
29466 6030 7654
29467 6030 14161
29468 6030 16469
29469 6030 18973
29470 6031 13732
29471 6031 14114
29472 6031 14961
29473 6031 18039
29474 6031 18832
29475 6032 12201
29476 6032 12251
29477 6032 12261
29478 6032 12395
29479 6032 18922
29480 6032 19335
29481 6033 12371
29482 6033 12613
29483 6033 16250
29484 6033 16302
29485 6033 16524
29486 6033 19801
29487 6034 7046
29488 6034 7902
29489 6034 8700
29490 6034 15240
29491 6034 20020
29492 6035 7815
29493 6035 8119
29494 6035 9683
29495 6035 12427
29496 6035 15202
29497 6035 16432
29498 6036 13004
29499 6036 17899
29500 6036 18380
29501 6036 19447
29502 6036 19862
29503 6037 8218
29504 6037 9897
29505 6037 13790
29506 6038 8434
29507 6038 13141
29508 6038 14088
29509 6038 16855
29510 6038 17029
29511 6039 8478
29512 6039 8678
29513 6039 9001
29514 6039 13680
29515 6040 10991
29516 6040 11989
29517 6040 14016
29518 6040 14104
29519 6040 14871
29520 6040 16858
29521 6041 11240
29522 6041 17091
29523 6042 8898
29524 6042 9459
29525 6042 12744
29526 6042 12823
29527 6042 13139
29528 6042 15379
29529 6043 9406
29530 6043 12569
29531 6043 14401
29532 6043 19748
29533 6044 12965
29534 6044 13394
29535 6044 15262
29536 6044 15675
29537 6044 16493
29538 6045 6121
29539 6045 6342
29540 6045 6953
29541 6045 8463
29542 6045 8551
29543 6045 19208
29544 6046 6248
29545 6046 8704
29546 6046 13019
29547 6046 15113
29548 6046 17041
29549 6047 6050
29550 6047 6182
29551 6047 11300
29552 6047 12754
29553 6047 16875
29554 6048 6162
29555 6048 9324
29556 6048 14167
29557 6049 6339
29558 6049 8096
29559 6049 8207
29560 6049 10120
29561 6049 13587
29562 6049 17040
29563 6050 9325
29564 6050 11300
29565 6050 12754
29566 6050 15113
29567 6050 17041
29568 6051 9137
29569 6051 10900
29570 6052 6117
29571 6052 6209
29572 6052 10720
29573 6052 10935
29574 6053 8603
29575 6053 10750
29576 6053 10790
29577 6053 14152
29578 6053 14628
29579 6053 16976
29580 6054 9847
29581 6054 10720
29582 6054 10935
29583 6054 14170
29584 6055 6116
29585 6055 10730
29586 6055 16846
29587 6055 18151
29588 6056 6116
29589 6056 6447
29590 6056 13460
29591 6056 14628
29592 6056 16846
29593 6056 18084
29594 6057 10536
29595 6057 10617
29596 6057 15400
29597 6057 16873
29598 6058 6189
29599 6058 13396
29600 6058 14216
29601 6059 11368
29602 6059 12529
29603 6059 12891
29604 6059 14138
29605 6059 17206
29606 6060 9551
29607 6060 11945
29608 6060 19937
29609 6061 6777
29610 6061 17094
29611 6061 17466
29612 6061 17535
29613 6062 9079
29614 6062 10316
29615 6062 13487
29616 6062 18782
29617 6063 6100
29618 6063 6126
29619 6063 6354
29620 6063 10940
29621 6064 7651
29622 6064 9521
29623 6064 18211
29624 6065 6631
29625 6065 7379
29626 6065 13715
29627 6065 14148
29628 6066 6096
29629 6066 6154
29630 6066 8548
29631 6066 10748
29632 6066 10906
29633 6066 16215
29634 6067 6286
29635 6067 6323
29636 6067 6664
29637 6067 6730
29638 6067 16880
29639 6067 16881
29640 6067 18821
29641 6068 8661
29642 6068 15007
29643 6068 15147
29644 6069 8021
29645 6069 10129
29646 6069 10735
29647 6069 10812
29648 6069 13286
29649 6069 16245
29650 6070 7590
29651 6070 12545
29652 6070 14833
29653 6071 6113
29654 6071 6185
29655 6071 6444
29656 6071 8414
29657 6071 10861
29658 6071 19836
29659 6072 6144
29660 6072 6218
29661 6072 6361
29662 6072 8738
29663 6072 10930
29664 6072 19069
29665 6073 6075
29666 6073 6077
29667 6073 6296
29668 6073 13441
29669 6073 19197
29670 6074 6852
29671 6074 6953
29672 6074 13825
29673 6074 15498
29674 6075 13441
29675 6075 16786
29676 6075 16922
29677 6075 16937
29678 6076 7741
29679 6076 10928
29680 6076 14382
29681 6076 16886
29682 6077 8418
29683 6077 13441
29684 6077 13622
29685 6077 16787
29686 6077 19197
29687 6078 6235
29688 6078 6258
29689 6078 6262
29690 6078 10922
29691 6079 16192
29692 6079 16606
29693 6079 16995
29694 6079 19431
29695 6080 7697
29696 6080 14164
29697 6080 14383
29698 6080 14864
29699 6080 14885
29700 6081 7576
29701 6081 8348
29702 6081 10142
29703 6081 11361
29704 6081 16059
29705 6082 9058
29706 6082 12810
29707 6082 15213
29708 6082 16797
29709 6083 6434
29710 6083 11294
29711 6083 14297
29712 6083 14303
29713 6083 18916
29714 6083 19207
29715 6084 8985
29716 6084 11560
29717 6084 11761
29718 6084 12328
29719 6084 17037
29720 6084 19070
29721 6085 6098
29722 6085 6995
29723 6085 8253
29724 6085 16903
29725 6086 6395
29726 6086 9670
29727 6086 11436
29728 6086 12948
29729 6086 15946
29730 6087 15593
29731 6087 15669
29732 6087 15864
29733 6087 19898
29734 6088 16150
29735 6089 8367
29736 6089 8453
29737 6089 15317
29738 6089 16412
29739 6089 19212
29740 6090 10694
29741 6090 10893
29742 6090 13327
29743 6090 17838
29744 6091 6554
29745 6091 6556
29746 6091 7097
29747 6091 14579
29748 6091 17832
29749 6092 8503
29750 6092 9005
29751 6092 10110
29752 6092 10943
29753 6092 14046
29754 6092 19205
29755 6093 6094
29756 6093 8183
29757 6093 9986
29758 6093 11351
29759 6093 18531
29760 6094 6099
29761 6094 7189
29762 6094 9986
29763 6094 16843
29764 6094 16961
29765 6094 18531
29766 6095 8062
29767 6095 16101
29768 6095 16528
29769 6095 18193
29770 6096 8548
29771 6096 10250
29772 6096 10748
29773 6096 10939
29774 6097 10836
29775 6097 16931
29776 6097 19187
29777 6098 8253
29778 6098 8551
29779 6098 10712
29780 6098 10747
29781 6099 7189
29782 6099 10783
29783 6099 14158
29784 6099 16961
29785 6101 10939
29786 6102 6608
29787 6102 11030
29788 6102 11032
29789 6102 11285
29790 6102 19272
29791 6103 6573
29792 6103 7730
29793 6103 10606
29794 6103 10610
29795 6103 10842
29796 6103 14149
29797 6104 7119
29798 6104 9235
29799 6104 10699
29800 6104 10744
29801 6104 15416
29802 6105 6145
29803 6105 10535
29804 6105 10902
29805 6105 16930
29806 6106 17461
29807 6106 17488
29808 6106 19174
29809 6107 10937
29810 6107 15074
29811 6107 16757
29812 6107 17909
29813 6108 6430
29814 6108 7734
29815 6108 11880
29816 6108 11882
29817 6108 17841
29818 6108 19533
29819 6109 10494
29820 6109 13831
29821 6109 15526
29822 6109 15551
29823 6109 17018
29824 6110 9355
29825 6110 10477
29826 6110 10535
29827 6110 10919
29828 6110 16829
29829 6110 16930
29830 6111 10386
29831 6111 11185
29832 6111 11249
29833 6111 11277
29834 6111 11284
29835 6111 17257
29836 6112 6265
29837 6112 6809
29838 6112 10714
29839 6112 13730
29840 6113 6185
29841 6113 8414
29842 6113 16878
29843 6113 16915
29844 6113 16921
29845 6114 9712
29846 6114 10706
29847 6114 10779
29848 6114 19742
29849 6115 7293
29850 6115 8567
29851 6115 15716
29852 6115 16762
29853 6116 16846
29854 6116 18084
29855 6116 19501
29856 6117 8875
29857 6117 17206
29858 6118 12379
29859 6119 12738
29860 6119 13795
29861 6119 19183
29862 6119 19355
29863 6120 6167
29864 6120 10900
29865 6121 6900
29866 6121 8432
29867 6121 8551
29868 6121 10747
29869 6121 19208
29870 6122 6351
29871 6122 10668
29872 6122 10669
29873 6122 10891
29874 6123 6352
29875 6123 7708
29876 6123 8934
29877 6123 16303
29878 6123 18734
29879 6124 6366
29880 6124 6377
29881 6124 10667
29882 6124 11554
29883 6125 7085
29884 6125 8486
29885 6125 11663
29886 6125 13031
29887 6125 18383
29888 6126 6354
29889 6126 6607
29890 6126 10670
29891 6126 10940
29892 6127 7222
29893 6127 8137
29894 6127 8822
29895 6127 9133
29896 6127 18886
29897 6128 6547
29898 6128 11384
29899 6128 12271
29900 6128 12506
29901 6128 14387
29902 6128 15609
29903 6129 6782
29904 6129 18102
29905 6129 19893
29906 6130 14489
29907 6130 16005
29908 6130 17672
29909 6130 17929
29910 6130 18144
29911 6131 6133
29912 6131 10677
29913 6131 10895
29914 6131 19259
29915 6131 19544
29916 6132 13145
29917 6132 13147
29918 6132 15617
29919 6132 18473
29920 6132 18527
29921 6132 19149
29922 6133 6356
29923 6133 10677
29924 6133 10895
29925 6134 6356
29926 6134 6359
29927 6134 10677
29928 6134 13066
29929 6135 7314
29930 6135 8462
29931 6135 8888
29932 6135 9620
29933 6136 8229
29934 6136 14827
29935 6136 17739
29936 6136 19485
29937 6137 8014
29938 6137 8950
29939 6137 19972
29940 6138 11106
29941 6138 11187
29942 6138 11379
29943 6138 14462
29944 6138 18443
29945 6139 6358
29946 6139 10784
29947 6139 10908
29948 6139 10931
29949 6139 13066
29950 6139 18423
29951 6140 6203
29952 6140 11596
29953 6140 12847
29954 6140 18290
29955 6141 7457
29956 6141 8742
29957 6141 9800
29958 6141 19158
29959 6142 6199
29960 6142 6233
29961 6142 12847
29962 6142 18290
29963 6143 6147
29964 6143 6169
29965 6143 6184
29966 6143 8836
29967 6143 11602
29968 6144 6148
29969 6144 6151
29970 6144 6361
29971 6144 12361
29972 6144 19069
29973 6145 6169
29974 6145 12503
29975 6145 16930
29976 6146 6425
29977 6146 9151
29978 6146 10234
29979 6146 10941
29980 6147 6184
29981 6147 11602
29982 6148 6361
29983 6148 7387
29984 6148 10722
29985 6148 12361
29986 6149 6167
29987 6149 9137
29988 6149 17891
29989 6150 9729
29990 6150 10686
29991 6150 10690
29992 6150 10708
29993 6151 6360
29994 6151 10784
29995 6151 12361
29996 6151 18423
29997 6151 19069
29998 6152 6154
29999 6152 6188
30000 6152 8947
30001 6152 12531
30002 6152 17778
30003 6153 6318
30004 6153 9142
30005 6153 10927
30006 6153 14597
30007 6154 8947
30008 6154 10748
30009 6154 12531
30010 6154 16215
30011 6155 6158
30012 6155 6362
30013 6155 10927
30014 6156 8929
30015 6156 8947
30016 6156 10287
30017 6156 10442
30018 6156 16215
30019 6157 6242
30020 6157 16794
30021 6157 16917
30022 6158 6278
30023 6158 6362
30024 6158 10927
30025 6158 14563
30026 6159 6362
30027 6159 10693
30028 6159 10697
30029 6159 10825
30030 6160 7216
30031 6160 7404
30032 6160 13341
30033 6160 16479
30034 6160 17803
30035 6160 19408
30036 6161 7569
30037 6161 8832
30038 6161 10804
30039 6161 11026
30040 6161 13332
30041 6161 19184
30042 6162 9324
30043 6162 17035
30044 6163 6347
30045 6163 10692
30046 6163 12475
30047 6163 13327
30048 6163 19168
30049 6163 19387
30050 6164 10033
30051 6164 10921
30052 6164 17022
30053 6165 6614
30054 6165 6665
30055 6165 6672
30056 6165 10150
30057 6166 8377
30058 6166 10599
30059 6166 12437
30060 6166 16939
30061 6166 18885
30062 6167 9137
30063 6167 10900
30064 6168 11155
30065 6168 13755
30066 6168 14661
30067 6168 15350
30068 6168 17882
30069 6169 6184
30070 6169 16829
30071 6169 16930
30072 6170 8401
30073 6170 11587
30074 6170 11977
30075 6170 16920
30076 6171 6325
30077 6171 9117
30078 6171 10840
30079 6171 15772
30080 6171 16888
30081 6172 6664
30082 6172 10899
30083 6172 16862
30084 6173 6452
30085 6173 7380
30086 6173 10796
30087 6173 10845
30088 6173 13462
30089 6173 19261
30090 6174 6179
30091 6174 7096
30092 6174 7349
30093 6174 10951
30094 6174 13074
30095 6175 12939
30096 6175 12941
30097 6175 13120
30098 6175 13385
30099 6175 18936
30100 6176 6220
30101 6176 14099
30102 6176 15743
30103 6176 15832
30104 6177 6403
30105 6177 8817
30106 6177 11496
30107 6177 19292
30108 6177 19309
30109 6178 6583
30110 6178 10130
30111 6178 10219
30112 6178 11068
30113 6179 7096
30114 6179 15424
30115 6179 17827
30116 6179 19520
30117 6180 7623
30118 6180 7706
30119 6180 12858
30120 6180 14411
30121 6180 16394
30122 6181 14151
30123 6181 14416
30124 6181 16900
30125 6181 19777
30126 6182 10418
30127 6182 11225
30128 6182 16875
30129 6183 9230
30130 6183 11002
30131 6183 15340
30132 6183 19211
30133 6183 19272
30134 6184 16829
30135 6185 6444
30136 6185 14158
30137 6185 15296
30138 6185 16921
30139 6186 7610
30140 6186 8856
30141 6186 9100
30142 6186 10844
30143 6186 11023
30144 6186 15645
30145 6187 6673
30146 6187 16922
30147 6187 16936
30148 6187 17158
30149 6188 9429
30150 6188 10824
30151 6188 12531
30152 6189 8976
30153 6189 12499
30154 6189 14216
30155 6190 6219
30156 6190 10927
30157 6190 18615
30158 6191 6228
30159 6191 6507
30160 6191 7806
30161 6191 10705
30162 6191 13384
30163 6191 19189
30164 6192 8619
30165 6192 9648
30166 6192 10399
30167 6192 11908
30168 6192 13777
30169 6193 6728
30170 6193 10011
30171 6193 15601
30172 6193 18532
30173 6193 19448
30174 6194 8435
30175 6194 9566
30176 6194 11061
30177 6194 13094
30178 6194 17325
30179 6195 9448
30180 6195 16834
30181 6195 17895
30182 6195 19603
30183 6196 10715
30184 6196 11036
30185 6196 16120
30186 6197 9277
30187 6197 10796
30188 6197 10797
30189 6197 10835
30190 6198 7243
30191 6198 9779
30192 6198 10866
30193 6198 16019
30194 6198 16898
30195 6198 17835
30196 6199 6233
30197 6199 7357
30198 6199 8697
30199 6200 6243
30200 6200 7639
30201 6200 16852
30202 6201 7104
30203 6201 11020
30204 6201 11021
30205 6201 11023
30206 6201 13475
30207 6202 6459
30208 6202 10791
30209 6202 11050
30210 6202 16565
30211 6202 19190
30212 6203 7704
30213 6203 18422
30214 6204 8518
30215 6204 9981
30216 6204 13911
30217 6204 14889
30218 6204 16933
30219 6205 6206
30220 6205 8306
30221 6205 9858
30222 6205 15485
30223 6205 15487
30224 6205 15550
30225 6206 7119
30226 6206 8306
30227 6206 13550
30228 6206 15485
30229 6207 6701
30230 6207 11659
30231 6207 12096
30232 6207 18076
30233 6208 7831
30234 6208 9990
30235 6208 10296
30236 6209 10720
30237 6209 10721
30238 6209 10723
30239 6209 10725
30240 6210 6212
30241 6210 6215
30242 6210 6250
30243 6210 17036
30244 6210 17045
30245 6211 6213
30246 6211 8747
30247 6211 10786
30248 6211 12368
30249 6211 17039
30250 6212 9494
30251 6212 17036
30252 6212 17882
30253 6213 7119
30254 6213 8747
30255 6213 12368
30256 6213 13550
30257 6213 15416
30258 6214 8585
30259 6214 13156
30260 6214 13158
30261 6214 13342
30262 6214 13413
30263 6214 17663
30264 6215 6217
30265 6215 6250
30266 6215 6254
30267 6215 16941
30268 6215 17045
30269 6216 6885
30270 6216 8342
30271 6216 9823
30272 6216 10723
30273 6216 10725
30274 6216 10726
30275 6217 6254
30276 6217 7813
30277 6217 8791
30278 6217 16941
30279 6218 8738
30280 6218 9334
30281 6218 19069
30282 6219 6225
30283 6219 10901
30284 6220 6592
30285 6220 11089
30286 6220 15743
30287 6221 15151
30288 6221 17390
30289 6222 6264
30290 6222 10752
30291 6222 13363
30292 6222 13459
30293 6222 14182
30294 6222 16772
30295 6223 10397
30296 6223 13540
30297 6223 18507
30298 6223 18526
30299 6223 18709
30300 6223 18714
30301 6224 10711
30302 6224 13379
30303 6224 14159
30304 6225 10901
30305 6225 12847
30306 6226 13378
30307 6226 13464
30308 6226 14796
30309 6226 16778
30310 6226 16780
30311 6227 9609
30312 6227 16676
30313 6227 17096
30314 6228 6364
30315 6228 6507
30316 6228 6511
30317 6228 8601
30318 6228 13384
30319 6229 11406
30320 6229 19480
30321 6230 7877
30322 6230 9950
30323 6230 13096
30324 6231 6257
30325 6231 6376
30326 6231 9675
30327 6231 12103
30328 6231 12500
30329 6232 8139
30330 6232 9863
30331 6232 10771
30332 6232 10869
30333 6232 13228
30334 6232 13233
30335 6233 6235
30336 6233 8697
30337 6234 6292
30338 6234 6661
30339 6234 11029
30340 6234 13234
30341 6234 16150
30342 6235 6262
30343 6235 10901
30344 6236 9063
30345 6236 15858
30346 6236 17872
30347 6236 19144
30348 6236 19196
30349 6237 9380
30350 6237 9753
30351 6238 8118
30352 6238 11860
30353 6238 11953
30354 6238 16970
30355 6239 8151
30356 6239 13253
30357 6239 15757
30358 6239 18310
30359 6240 7631
30360 6240 7701
30361 6240 17742
30362 6240 18196
30363 6240 18822
30364 6240 18889
30365 6241 12649
30366 6241 16586
30367 6241 17787
30368 6242 7725
30369 6242 9009
30370 6243 6764
30371 6243 14008
30372 6243 16852
30373 6244 6247
30374 6244 10211
30375 6244 10418
30376 6244 10549
30377 6244 18652
30378 6245 10734
30379 6245 10736
30380 6245 11654
30381 6245 13902
30382 6245 14732
30383 6246 10444
30384 6246 10737
30385 6246 14009
30386 6246 20029
30387 6247 7725
30388 6247 9140
30389 6247 10549
30390 6248 6718
30391 6248 13019
30392 6248 13745
30393 6249 9380
30394 6249 11802
30395 6249 15188
30396 6249 18319
30397 6250 6254
30398 6250 11898
30399 6251 6511
30400 6251 8533
30401 6251 8601
30402 6251 10933
30403 6251 15272
30404 6251 18368
30405 6252 6402
30406 6252 17675
30407 6252 19811
30408 6253 9152
30409 6253 10542
30410 6253 11146
30411 6253 12985
30412 6254 8791
30413 6254 11898
30414 6255 9420
30415 6255 13986
30416 6255 15842
30417 6255 16461
30418 6255 19690
30419 6256 16786
30420 6256 16791
30421 6256 17158
30422 6256 19093
30423 6257 8791
30424 6257 12103
30425 6258 6262
30426 6258 10693
30427 6258 15226
30428 6259 8748
30429 6259 11237
30430 6260 8929
30431 6260 11173
30432 6260 14029
30433 6261 10367
30434 6261 11067
30435 6261 12876
30436 6261 15998
30437 6262 10901
30438 6263 8483
30439 6263 9217
30440 6263 11019
30441 6263 13235
30442 6263 19204
30443 6263 19250
30444 6264 13363
30445 6264 14182
30446 6264 16770
30447 6264 19187
30448 6264 19216
30449 6265 6809
30450 6265 13387
30451 6265 13730
30452 6266 10904
30453 6266 13747
30454 6266 16825
30455 6266 17609
30456 6266 18743
30457 6267 10250
30458 6267 10719
30459 6267 10917
30460 6267 10939
30461 6268 10765
30462 6268 13320
30463 6268 17362
30464 6268 18500
30465 6268 18705
30466 6269 10748
30467 6269 12531
30468 6270 7268
30469 6270 9067
30470 6270 14862
30471 6271 7620
30472 6271 10217
30473 6271 14286
30474 6271 15543
30475 6271 19107
30476 6272 7901
30477 6272 10676
30478 6272 16212
30479 6272 17865
30480 6273 6395
30481 6273 7975
30482 6273 9176
30483 6273 11829
30484 6273 17077
30485 6274 14133
30486 6274 15391
30487 6274 19572
30488 6275 9005
30489 6275 9237
30490 6275 10943
30491 6275 16966
30492 6276 6318
30493 6276 8563
30494 6276 8629
30495 6276 14045
30496 6276 14563
30497 6276 17001
30498 6277 9679
30499 6277 10728
30500 6277 13227
30501 6278 6362
30502 6278 7919
30503 6278 8629
30504 6278 10825
30505 6278 14563
30506 6279 10953
30507 6279 11014
30508 6279 11146
30509 6280 13091
30510 6280 13174
30511 6280 17696
30512 6280 18592
30513 6280 19244
30514 6281 11078
30515 6281 14657
30516 6281 15173
30517 6281 15174
30518 6282 8127
30519 6282 8761
30520 6282 16815
30521 6282 16873
30522 6282 19353
30523 6283 10718
30524 6283 13336
30525 6284 13832
30526 6284 15551
30527 6284 17775
30528 6284 19259
30529 6285 8336
30530 6285 10755
30531 6285 13250
30532 6285 13256
30533 6285 13477
30534 6285 17496
30535 6285 17800
30536 6286 6730
30537 6286 10846
30538 6286 15874
30539 6286 16880
30540 6287 6345
30541 6287 8939
30542 6287 14942
30543 6287 16909
30544 6288 8308
30545 6289 8730
30546 6289 11064
30547 6289 17852
30548 6289 19776
30549 6290 8358
30550 6290 8647
30551 6290 10799
30552 6290 11017
30553 6290 11018
30554 6290 13718
30555 6291 6345
30556 6291 7654
30557 6291 8863
30558 6291 14161
30559 6291 18253
30560 6292 6661
30561 6292 10340
30562 6292 13234
30563 6292 19274
30564 6293 6305
30565 6293 6646
30566 6293 9027
30567 6294 9797
30568 6294 14151
30569 6294 18263
30570 6294 18500
30571 6294 19122
30572 6295 9024
30573 6295 10794
30574 6295 10797
30575 6295 11062
30576 6295 13229
30577 6295 18565
30578 6296 14109
30579 6296 19197
30580 6296 19210
30581 6297 10727
30582 6297 11005
30583 6297 11091
30584 6297 14447
30585 6298 6557
30586 6298 8704
30587 6298 12754
30588 6298 17041
30589 6298 19459
30590 6299 7236
30591 6299 7289
30592 6299 7291
30593 6299 10108
30594 6299 10881
30595 6299 11125
30596 6299 11310
30597 6300 6982
30598 6300 11360
30599 6300 11361
30600 6301 9599
30601 6301 12744
30602 6302 6350
30603 6303 6557
30604 6303 6611
30605 6303 11225
30606 6303 16122
30607 6303 16875
30608 6304 6559
30609 6304 8637
30610 6304 10679
30611 6304 12545
30612 6305 9027
30613 6305 10670
30614 6305 10925
30615 6306 7731
30616 6306 9825
30617 6306 11454
30618 6306 12087
30619 6307 6334
30620 6307 9663
30621 6307 15527
30622 6307 16867
30623 6308 6329
30624 6308 10977
30625 6308 18273
30626 6308 19352
30627 6309 7922
30628 6309 9483
30629 6309 12117
30630 6309 13576
30631 6309 14358
30632 6309 19710
30633 6310 11155
30634 6310 15660
30635 6311 8696
30636 6311 10441
30637 6311 11889
30638 6311 14974
30639 6312 10566
30640 6312 10711
30641 6312 12082
30642 6312 13237
30643 6312 14159
30644 6312 16963
30645 6313 8125
30646 6313 14006
30647 6313 14832
30648 6313 15575
30649 6314 11694
30650 6314 11735
30651 6314 14654
30652 6314 15234
30653 6315 8476
30654 6315 8743
30655 6315 17201
30656 6315 17643
30657 6316 17047
30658 6316 18973
30659 6317 6569
30660 6317 6570
30661 6317 9676
30662 6317 12932
30663 6317 13109
30664 6317 19062
30665 6318 8563
30666 6318 9142
30667 6318 10318
30668 6319 6357
30669 6319 9267
30670 6319 15269
30671 6319 15972
30672 6320 7387
30673 6320 8382
30674 6320 15145
30675 6320 17003
30676 6321 8373
30677 6321 9166
30678 6321 9387
30679 6321 12162
30680 6321 13130
30681 6321 13724
30682 6322 6576
30683 6322 7903
30684 6322 11014
30685 6322 18194
30686 6322 19172
30687 6323 6664
30688 6323 15873
30689 6323 18113
30690 6323 18821
30691 6324 10773
30692 6324 11001
30693 6324 11011
30694 6324 18195
30695 6325 9117
30696 6325 9436
30697 6325 10613
30698 6325 14561
30699 6325 15772
30700 6326 12770
30701 6326 16111
30702 6326 16892
30703 6326 18414
30704 6326 18415
30705 6326 18417
30706 6327 6328
30707 6327 10878
30708 6327 11008
30709 6328 6584
30710 6328 11008
30711 6329 12690
30712 6329 12693
30713 6329 12771
30714 6329 18273
30715 6329 19352
30716 6330 7885
30717 6330 10478
30718 6330 10816
30719 6330 18299
30720 6330 19542
30721 6331 12697
30722 6331 13179
30723 6331 13219
30724 6331 16979
30725 6331 18574
30726 6331 19194
30727 6332 6564
30728 6332 15724
30729 6332 15908
30730 6332 18251
30731 6332 18254
30732 6332 19418
30733 6333 10777
30734 6333 11093
30735 6334 8873
30736 6334 9663
30737 6334 13022
30738 6334 14694
30739 6334 15527
30740 6335 6478
30741 6335 6689
30742 6335 8196
30743 6335 9299
30744 6335 9354
30745 6335 19986
30746 6336 8915
30747 6336 15130
30748 6336 16702
30749 6336 16718
30750 6336 17520
30751 6337 6373
30752 6337 7466
30753 6337 8056
30754 6337 11879
30755 6337 15579
30756 6338 8040
30757 6338 8205
30758 6338 10764
30759 6338 10766
30760 6338 18088
30761 6339 6610
30762 6339 13587
30763 6339 16799
30764 6339 17040
30765 6340 11092
30766 6340 11827
30767 6340 14340
30768 6341 10454
30769 6341 11436
30770 6341 15509
30771 6341 15946
30772 6341 17087
30773 6341 17797
30774 6341 18058
30775 6342 6953
30776 6342 8463
30777 6343 7808
30778 6343 12269
30779 6343 15182
30780 6343 16223
30781 6343 16376
30782 6343 16515
30783 6343 16548
30784 6344 7903
30785 6344 10542
30786 6344 10999
30787 6344 11827
30788 6345 7654
30789 6345 8939
30790 6345 16853
30791 6345 18253
30792 6346 12283
30793 6346 12923
30794 6346 14036
30795 6346 18219
30796 6346 19316
30797 6346 19324
30798 6347 13327
30799 6347 13907
30800 6347 19387
30801 6348 8015
30802 6348 8576
30803 6348 10529
30804 6348 20021
30805 6349 10963
30806 6349 16804
30807 6349 17237
30808 6350 7396
30809 6350 14051
30810 6350 19769
30811 6351 7741
30812 6351 10668
30813 6351 10891
30814 6351 13236
30815 6352 8934
30816 6352 16303
30817 6353 10579
30818 6353 14054
30819 6353 15374
30820 6353 15494
30821 6354 9027
30822 6354 10669
30823 6354 10670
30824 6355 8546
30825 6355 9008
30826 6355 9107
30827 6355 9815
30828 6355 16197
30829 6355 17033
30830 6356 6359
30831 6356 10677
30832 6356 10904
30833 6357 6970
30834 6357 9338
30835 6357 15269
30836 6357 15972
30837 6357 19415
30838 6358 13066
30839 6358 18423
30840 6359 10904
30841 6359 10908
30842 6359 13066
30843 6359 13747
30844 6360 12361
30845 6360 13736
30846 6360 18423
30847 6361 10689
30848 6361 10722
30849 6361 10930
30850 6362 10825
30851 6363 6608
30852 6363 9464
30853 6363 11032
30854 6363 11083
30855 6363 11281
30856 6363 13970
30857 6363 15430
30858 6364 6511
30859 6364 9587
30860 6364 10933
30861 6364 13384
30862 6365 6656
30863 6365 6685
30864 6365 9636
30865 6365 9642
30866 6365 15200
30867 6366 6377
30868 6366 11554
30869 6366 18043
30870 6366 19235
30871 6367 6430
30872 6367 9491
30873 6367 11812
30874 6367 11880
30875 6367 14648
30876 6368 10776
30877 6368 12998
30878 6368 13924
30879 6368 14800
30880 6368 15224
30881 6368 15889
30882 6369 6596
30883 6369 9935
30884 6369 11797
30885 6370 6472
30886 6370 9374
30887 6370 17178
30888 6371 6443
30889 6371 10780
30890 6371 13608
30891 6371 13627
30892 6371 14332
30893 6372 6883
30894 6372 12549
30895 6372 16242
30896 6372 17371
30897 6372 17630
30898 6372 17637
30899 6373 8706
30900 6373 9228
30901 6373 11879
30902 6374 12411
30903 6374 14553
30904 6374 16319
30905 6374 16336
30906 6374 16375
30907 6375 6801
30908 6375 10070
30909 6375 10109
30910 6375 11058
30911 6375 11116
30912 6375 11308
30913 6376 9396
30914 6376 9675
30915 6376 10888
30916 6376 16919
30917 6377 8253
30918 6377 10667
30919 6377 10712
30920 6378 7031
30921 6378 8115
30922 6378 8128
30923 6378 18848
30924 6379 8914
30925 6380 7483
30926 6380 13973
30927 6380 15585
30928 6381 9400
30929 6381 11876
30930 6381 13908
30931 6381 15792
30932 6381 19500
30933 6382 7997
30934 6382 10389
30935 6382 10545
30936 6383 13123
30937 6383 15870
30938 6383 18213
30939 6383 18226
30940 6383 19061
30941 6384 8464
30942 6384 11016
30943 6384 12979
30944 6385 9393
30945 6385 9485
30946 6385 12603
30947 6385 18711
30948 6385 18845
30949 6385 18955
30950 6386 9764
30951 6386 10295
30952 6386 12077
30953 6386 13288
30954 6386 18641
30955 6387 6603
30956 6387 6641
30957 6387 8520
30958 6387 10460
30959 6387 11110
30960 6387 17649
30961 6388 9400
30962 6388 10840
30963 6388 11876
30964 6388 13710
30965 6388 17666
30966 6389 9722
30967 6389 10412
30968 6389 11793
30969 6389 15809
30970 6390 6906
30971 6390 17898
30972 6390 17918
30973 6390 17927
30974 6390 18243
30975 6390 18754
30976 6391 10065
30977 6391 10338
30978 6391 10388
30979 6391 11310
30980 6392 8114
30981 6392 9002
30982 6392 10334
30983 6392 11065
30984 6392 12949
30985 6393 7649
30986 6393 11222
30987 6393 16117
30988 6394 6912
30989 6394 12247
30990 6394 14860
30991 6394 16614
30992 6394 16704
30993 6395 7975
30994 6395 9670
30995 6395 12445
30996 6396 10532
30997 6396 11072
30998 6397 8288
30999 6397 8669
31000 6397 9319
31001 6397 11075
31002 6398 10232
31003 6398 10528
31004 6398 11467
31005 6398 14773
31006 6398 19436
31007 6399 8813
31008 6399 11380
31009 6399 11697
31010 6399 17712
31011 6400 6407
31012 6400 6532
31013 6400 7531
31014 6400 17230
31015 6400 17896
31016 6401 8670
31017 6401 10713
31018 6401 13944
31019 6401 16019
31020 6401 17621
31021 6402 7934
31022 6402 13913
31023 6402 17675
31024 6403 8971
31025 6403 11496
31026 6403 19706
31027 6404 6492
31028 6404 9443
31029 6404 10585
31030 6404 10589
31031 6404 11107
31032 6404 13713
31033 6405 10964
31034 6405 14101
31035 6405 17015
31036 6406 10522
31037 6406 11073
31038 6406 11077
31039 6407 10522
31040 6407 17230
31041 6408 10532
31042 6409 8758
31043 6409 10727
31044 6409 14447
31045 6410 10525
31046 6410 11912
31047 6410 16593
31048 6410 18627
31049 6410 18937
31050 6411 11817
31051 6411 12880
31052 6411 14953
31053 6411 15597
31054 6411 20009
31055 6412 6649
31056 6412 6897
31057 6412 7294
31058 6412 7429
31059 6412 15844
31060 6413 10779
31061 6413 13241
31062 6413 13786
31063 6413 15421
31064 6413 15538
31065 6414 9288
31066 6414 10968
31067 6414 11206
31068 6414 15961
31069 6414 18232
31070 6415 6416
31071 6415 7370
31072 6415 7453
31073 6415 9328
31074 6415 16700
31075 6416 7370
31076 6416 7453
31077 6416 8416
31078 6417 8456
31079 6417 8755
31080 6417 9282
31081 6418 6532
31082 6418 6768
31083 6418 8988
31084 6418 9266
31085 6418 10587
31086 6418 13321
31087 6419 11672
31088 6419 13668
31089 6419 14308
31090 6419 16610
31091 6420 7025
31092 6420 7602
31093 6420 9684
31094 6420 10068
31095 6420 11494
31096 6420 13605
31097 6421 8549
31098 6421 11489
31099 6421 14765
31100 6421 17922
31101 6421 18000
31102 6422 10041
31103 6422 12674
31104 6422 14555
31105 6422 16337
31106 6422 16340
31107 6423 9528
31108 6423 13032
31109 6423 13964
31110 6423 15125
31111 6423 15239
31112 6423 16856
31113 6424 8832
31114 6424 9259
31115 6424 11026
31116 6424 16278
31117 6424 16673
31118 6425 10234
31119 6425 10241
31120 6425 10941
31121 6426 11315
31122 6426 11779
31123 6426 15006
31124 6426 15901
31125 6427 13848
31126 6427 18953
31127 6427 19251
31128 6428 12475
31129 6428 18517
31130 6428 19168
31131 6428 19274
31132 6429 9836
31133 6429 13345
31134 6429 13559
31135 6429 17619
31136 6430 11812
31137 6430 11880
31138 6430 15137
31139 6430 19533
31140 6431 13400
31141 6431 18538
31142 6432 8734
31143 6432 10707
31144 6432 14297
31145 6432 14303
31146 6432 17031
31147 6432 19140
31148 6433 7813
31149 6433 8559
31150 6433 9396
31151 6433 13586
31152 6433 19249
31153 6434 6436
31154 6434 8940
31155 6434 16913
31156 6434 19207
31157 6435 9187
31158 6435 10889
31159 6435 11338
31160 6435 11689
31161 6435 16540
31162 6435 20023
31163 6436 8940
31164 6436 9154
31165 6436 13322
31166 6436 16913
31167 6437 13421
31168 6437 14318
31169 6437 14319
31170 6438 13110
31171 6438 17667
31172 6438 17993
31173 6438 18266
31174 6439 9215
31175 6439 10812
31176 6439 11719
31177 6439 11798
31178 6439 13286
31179 6439 15627
31180 6440 7544
31181 6440 9282
31182 6440 10378
31183 6440 11742
31184 6440 14870
31185 6441 12428
31186 6441 13973
31187 6441 15052
31188 6442 9627
31189 6442 12327
31190 6442 13490
31191 6442 15632
31192 6442 16170
31193 6442 19125
31194 6442 19385
31195 6443 10546
31196 6443 13608
31197 6443 14332
31198 6443 19729
31199 6444 7386
31200 6444 8714
31201 6444 10783
31202 6444 10861
31203 6444 14158
31204 6445 6825
31205 6445 7266
31206 6445 7844
31207 6445 11537
31208 6446 6928
31209 6446 6929
31210 6446 7006
31211 6446 9809
31212 6446 10059
31213 6446 16253
31214 6447 13460
31215 6447 14628
31216 6447 15546
31217 6447 17011
31218 6447 19141
31219 6448 8313
31220 6448 8358
31221 6448 8669
31222 6448 9319
31223 6448 10832
31224 6449 12261
31225 6449 14718
31226 6449 17512
31227 6449 18296
31228 6449 19332
31229 6450 7551
31230 6450 7562
31231 6450 8046
31232 6450 10434
31233 6451 9317
31234 6451 11906
31235 6451 11982
31236 6451 15424
31237 6451 17827
31238 6452 7380
31239 6452 9549
31240 6452 10119
31241 6452 13462
31242 6453 9090
31243 6453 10538
31244 6453 11073
31245 6454 6473
31246 6454 7562
31247 6454 9619
31248 6454 10434
31249 6454 10703
31250 6454 13703
31251 6455 6456
31252 6455 7487
31253 6455 9818
31254 6455 10791
31255 6456 17190
31256 6457 7658
31257 6457 10755
31258 6457 12178
31259 6457 17800
31260 6457 19114
31261 6458 12995
31262 6458 15368
31263 6458 19853
31264 6459 6462
31265 6459 10438
31266 6459 16565
31267 6460 13367
31268 6460 13375
31269 6460 17956
31270 6460 18255
31271 6461 9476
31272 6461 10725
31273 6461 10726
31274 6461 12529
31275 6462 6638
31276 6462 10438
31277 6462 12547
31278 6462 15429
31279 6463 6464
31280 6463 10638
31281 6463 10688
31282 6463 12547
31283 6464 10438
31284 6464 10688
31285 6464 10966
31286 6464 12547
31287 6465 6848
31288 6465 8661
31289 6466 10621
31290 6466 10663
31291 6466 10666
31292 6466 10691
31293 6466 10829
31294 6467 9090
31295 6467 10518
31296 6467 11073
31297 6467 11077
31298 6468 14213
31299 6469 6505
31300 6469 6716
31301 6469 7826
31302 6469 15072
31303 6469 15327
31304 6469 16820
31305 6470 9755
31306 6470 14010
31307 6470 18041
31308 6471 6560
31309 6471 6593
31310 6471 8152
31311 6471 13749
31312 6471 15673
31313 6472 8942
31314 6472 17178
31315 6473 9619
31316 6473 10385
31317 6473 10434
31318 6473 10743
31319 6473 11094
31320 6474 16803
31321 6474 18865
31322 6475 10681
31323 6475 10683
31324 6475 10704
31325 6475 14220
31326 6475 17225
31327 6476 8406
31328 6476 9055
31329 6476 19677
31330 6477 6810
31331 6477 11166
31332 6477 14735
31333 6477 16809
31334 6478 6689
31335 6478 11377
31336 6478 14963
31337 6478 15808
31338 6478 19986
31339 6479 11332
31340 6480 8526
31341 6480 19689
31342 6481 8369
31343 6481 11227
31344 6481 11409
31345 6481 14873
31346 6481 17814
31347 6482 9581
31348 6482 13152
31349 6482 15644
31350 6482 18625
31351 6482 18633
31352 6482 18947
31353 6483 7471
31354 6483 9902
31355 6483 11579
31356 6483 13621
31357 6483 16706
31358 6483 18773
31359 6484 7369
31360 6484 13720
31361 6484 15862
31362 6484 17133
31363 6484 17321
31364 6485 6547
31365 6485 11693
31366 6485 12506
31367 6485 16355
31368 6485 19177
31369 6485 19372
31370 6486 11354
31371 6486 13525
31372 6486 14405
31373 6486 15094
31374 6487 8711
31375 6487 10823
31376 6487 10915
31377 6487 15206
31378 6488 8558
31379 6488 11065
31380 6489 7573
31381 6489 10695
31382 6489 14272
31383 6489 14274
31384 6490 7425
31385 6490 12106
31386 6490 13578
31387 6491 7500
31388 6491 8986
31389 6491 10646
31390 6491 12018
31391 6492 6536
31392 6492 9443
31393 6492 10585
31394 6492 10619
31395 6492 10868
31396 6493 9916
31397 6493 12041
31398 6493 16710
31399 6494 7190
31400 6494 7385
31401 6494 8842
31402 6494 9384
31403 6494 10176
31404 6494 10178
31405 6494 10259
31406 6495 7616
31407 6495 9023
31408 6495 9978
31409 6495 14490
31410 6495 15746
31411 6495 18100
31412 6496 6904
31413 6496 6938
31414 6496 8103
31415 6496 9268
31416 6496 10637
31417 6497 7246
31418 6497 10554
31419 6497 11060
31420 6497 11100
31421 6498 8169
31422 6498 10622
31423 6498 13701
31424 6498 16203
31425 6498 19805
31426 6498 19959
31427 6499 7532
31428 6499 11279
31429 6499 17770
31430 6500 11869
31431 6501 6805
31432 6501 8925
31433 6501 11739
31434 6502 6623
31435 6502 6679
31436 6502 9216
31437 6502 10701
31438 6502 13084
31439 6503 9522
31440 6503 14790
31441 6503 18982
31442 6503 19745
31443 6503 19932
31444 6504 6513
31445 6504 6748
31446 6504 6811
31447 6504 10614
31448 6504 10615
31449 6504 13495
31450 6505 10366
31451 6505 15327
31452 6505 16820
31453 6505 19522
31454 6505 19525
31455 6506 6746
31456 6506 8901
31457 6506 10556
31458 6506 10614
31459 6506 10615
31460 6506 12298
31461 6507 8601
31462 6507 10324
31463 6507 10679
31464 6507 10705
31465 6508 7522
31466 6508 8513
31467 6508 10322
31468 6508 12951
31469 6508 13915
31470 6508 17327
31471 6509 7218
31472 6509 9766
31473 6509 10184
31474 6509 10427
31475 6509 18599
31476 6510 6896
31477 6510 8782
31478 6510 10427
31479 6510 17516
31480 6511 8601
31481 6511 10933
31482 6512 9281
31483 6512 10423
31484 6512 16151
31485 6512 18542
31486 6512 19241
31487 6513 6708
31488 6513 6748
31489 6513 6755
31490 6513 6811
31491 6513 13237
31492 6514 6896
31493 6514 7050
31494 6514 10325
31495 6514 10601
31496 6514 17516
31497 6515 6626
31498 6515 17912
31499 6515 17985
31500 6515 19341
31501 6517 9564
31502 6517 11530
31503 6517 11810
31504 6517 13905
31505 6517 17513
31506 6518 6752
31507 6518 10575
31508 6518 10729
31509 6518 13379
31510 6518 19202
31511 6519 6545
31512 6519 11053
31513 6520 6522
31514 6520 9968
31515 6520 10113
31516 6520 13918
31517 6521 10322
31518 6521 13094
31519 6521 13339
31520 6521 18333
31521 6522 9968
31522 6522 10597
31523 6522 13335
31524 6522 13918
31525 6522 15420
31526 6523 6524
31527 6523 10597
31528 6523 13314
31529 6523 13335
31530 6524 13335
31531 6525 8973
31532 6525 9374
31533 6525 10595
31534 6525 18400
31535 6526 6539
31536 6526 6542
31537 6526 8402
31538 6526 8973
31539 6526 10595
31540 6527 13049
31541 6527 15480
31542 6527 18612
31543 6528 6771
31544 6528 11154
31545 6528 12446
31546 6528 16735
31547 6528 18197
31548 6529 8711
31549 6529 10594
31550 6529 10823
31551 6529 19353
31552 6530 6533
31553 6530 6769
31554 6530 10593
31555 6530 14683
31556 6531 6765
31557 6531 10582
31558 6531 11077
31559 6532 6768
31560 6532 7531
31561 6532 8988
31562 6532 17896
31563 6533 6627
31564 6533 10593
31565 6533 17295
31566 6534 7334
31567 6534 11623
31568 6534 13531
31569 6534 15005
31570 6534 16857
31571 6535 8440
31572 6535 15572
31573 6535 16992
31574 6535 17200
31575 6536 10619
31576 6536 10868
31577 6536 13911
31578 6536 16933
31579 6537 10394
31580 6537 12142
31581 6537 15324
31582 6538 7350
31583 6538 15189
31584 6538 18601
31585 6538 18991
31586 6539 6542
31587 6539 8402
31588 6539 8634
31589 6539 11994
31590 6539 15865
31591 6540 6556
31592 6540 11100
31593 6541 6680
31594 6541 6683
31595 6541 7064
31596 6541 10341
31597 6541 15820
31598 6542 10265
31599 6542 10595
31600 6542 15865
31601 6543 6691
31602 6543 6692
31603 6543 17866
31604 6544 11269
31605 6544 16132
31606 6544 17377
31607 6545 8634
31608 6545 11048
31609 6545 15865
31610 6546 8043
31611 6546 9341
31612 6546 10097
31613 6546 11747
31614 6546 11851
31615 6547 11384
31616 6547 12506
31617 6547 16355
31618 6547 18957
31619 6548 6889
31620 6548 13183
31621 6549 9140
31622 6549 10549
31623 6549 14165
31624 6550 12474
31625 6550 16238
31626 6550 17634
31627 6550 18369
31628 6551 13458
31629 6551 13514
31630 6551 18519
31631 6552 13204
31632 6552 18718
31633 6552 18804
31634 6552 19636
31635 6553 6785
31636 6553 6934
31637 6553 8469
31638 6553 10157
31639 6553 15977
31640 6553 19754
31641 6554 6556
31642 6554 6703
31643 6554 12432
31644 6554 17832
31645 6555 7056
31646 6555 7274
31647 6555 9595
31648 6555 13584
31649 6557 6611
31650 6557 12754
31651 6557 16875
31652 6558 7435
31653 6558 8026
31654 6559 8533
31655 6559 12545
31656 6559 15511
31657 6559 15512
31658 6560 6850
31659 6560 10204
31660 6560 13749
31661 6560 15673
31662 6560 17312
31663 6561 12554
31664 6561 16157
31665 6561 16159
31666 6561 16348
31667 6561 16353
31668 6561 16531
31669 6562 6821
31670 6562 8426
31671 6562 10228
31672 6562 10662
31673 6562 11755
31674 6562 11757
31675 6562 13325
31676 6563 7005
31677 6563 12059
31678 6563 14830
31679 6563 18836
31680 6564 12802
31681 6564 12807
31682 6564 15908
31683 6564 18174
31684 6564 19418
31685 6565 8266
31686 6565 12852
31687 6565 13102
31688 6565 13136
31689 6565 13226
31690 6566 6567
31691 6566 13930
31692 6566 14061
31693 6566 14062
31694 6567 13930
31695 6567 15479
31696 6567 15793
31697 6568 11535
31698 6568 12734
31699 6568 12850
31700 6568 19053
31701 6568 19794
31702 6569 6570
31703 6569 12833
31704 6569 12836
31705 6569 12932
31706 6569 13108
31707 6570 12833
31708 6570 12885
31709 6570 19062
31710 6570 19106
31711 6571 8277
31712 6571 10623
31713 6571 10626
31714 6571 10702
31715 6571 14561
31716 6571 14582
31717 6572 11134
31718 6573 10606
31719 6573 10610
31720 6573 15672
31721 6573 18388
31722 6573 19902
31723 6574 11079
31724 6575 7641
31725 6575 10732
31726 6575 15089
31727 6576 7903
31728 6576 11013
31729 6576 18194
31730 6577 6836
31731 6577 8495
31732 6577 10602
31733 6577 10604
31734 6577 10645
31735 6577 10665
31736 6578 6633
31737 6578 10759
31738 6578 15317
31739 6578 19854
31740 6579 9232
31741 6579 10724
31742 6579 19719
31743 6580 8013
31744 6580 9169
31745 6580 11838
31746 6580 13660
31747 6580 14344
31748 6580 14764
31749 6581 6836
31750 6581 6839
31751 6581 8495
31752 6581 17553
31753 6581 19502
31754 6582 7729
31755 6582 18496
31756 6582 19666
31757 6583 11068
31758 6583 11069
31759 6585 9284
31760 6585 9470
31761 6585 12718
31762 6585 13558
31763 6585 16114
31764 6585 17517
31765 6586 6634
31766 6586 10588
31767 6586 10596
31768 6587 6592
31769 6587 10588
31770 6587 10650
31771 6587 10652
31772 6587 11927
31773 6588 7123
31774 6588 12451
31775 6588 13064
31776 6588 19058
31777 6589 12302
31778 6589 12678
31779 6589 13165
31780 6589 13173
31781 6589 16160
31782 6590 12285
31783 6590 14699
31784 6590 14750
31785 6590 14782
31786 6590 15176
31787 6591 9031
31788 6591 10334
31789 6591 12731
31790 6592 11089
31791 6592 11927
31792 6593 8152
31793 6593 13749
31794 6593 17273
31795 6593 19657
31796 6594 10692
31797 6594 10694
31798 6594 15226
31799 6595 7211
31800 6595 7786
31801 6595 9194
31802 6595 19074
31803 6596 11797
31804 6596 15651
31805 6597 7011
31806 6597 8646
31807 6597 10160
31808 6598 12976
31809 6598 14848
31810 6598 15916
31811 6598 16851
31812 6598 17840
31813 6599 10264
31814 6599 10682
31815 6599 10707
31816 6599 11027
31817 6599 13715
31818 6599 14148
31819 6600 16561
31820 6600 19790
31821 6601 7009
31822 6601 12690
31823 6601 12771
31824 6601 13369
31825 6602 12707
31826 6602 12748
31827 6602 16106
31828 6602 16124
31829 6602 17619
31830 6602 18392
31831 6603 6641
31832 6603 7036
31833 6603 10409
31834 6603 11110
31835 6603 18132
31836 6604 6649
31837 6604 6663
31838 6604 7997
31839 6604 10853
31840 6604 13035
31841 6604 15844
31842 6605 6913
31843 6605 10550
31844 6605 11991
31845 6605 12467
31846 6605 12694
31847 6606 7568
31848 6606 8340
31849 6606 11183
31850 6606 12623
31851 6606 17080
31852 6607 10670
31853 6607 10895
31854 6608 11030
31855 6608 11032
31856 6608 15430
31857 6608 15556
31858 6609 13398
31859 6609 15413
31860 6610 9867
31861 6610 16799
31862 6611 10546
31863 6611 14332
31864 6611 16122
31865 6612 6868
31866 6612 10082
31867 6612 10207
31868 6612 10475
31869 6612 14979
31870 6612 15342
31871 6613 6663
31872 6613 6860
31873 6613 9773
31874 6613 13177
31875 6613 19543
31876 6614 6665
31877 6614 10148
31878 6614 10150
31879 6614 17252
31880 6615 10354
31881 6615 10474
31882 6615 14376
31883 6616 10369
31884 6616 11337
31885 6616 11345
31886 6616 15033
31887 6617 7621
31888 6617 7864
31889 6617 11232
31890 6617 18027
31891 6617 18801
31892 6618 8995
31893 6618 9270
31894 6618 9370
31895 6619 7988
31896 6619 13578
31897 6620 8221
31898 6620 8375
31899 6620 8857
31900 6620 9312
31901 6620 11141
31902 6620 17083
31903 6621 6877
31904 6621 8910
31905 6621 11700
31906 6621 16266
31907 6621 18459
31908 6622 9041
31909 6622 12835
31910 6622 15211
31911 6623 10332
31912 6623 10701
31913 6623 10820
31914 6623 13084
31915 6624 10553
31916 6624 11099
31917 6624 11715
31918 6624 19821
31919 6625 10963
31920 6625 11388
31921 6625 11865
31922 6625 13208
31923 6625 14363
31924 6626 14880
31925 6626 19341
31926 6627 8176
31927 6627 8532
31928 6627 10593
31929 6628 8760
31930 6628 10439
31931 6629 6801
31932 6629 11115
31933 6629 11116
31934 6629 17754
31935 6629 17821
31936 6630 11097
31937 6630 13707
31938 6630 17754
31939 6631 9035
31940 6631 10936
31941 6631 13715
31942 6631 14284
31943 6632 8151
31944 6632 12487
31945 6632 18014
31946 6632 18310
31947 6632 18530
31948 6633 10759
31949 6633 13866
31950 6633 17554
31951 6634 6894
31952 6634 10588
31953 6634 10592
31954 6634 10596
31955 6634 10651
31956 6635 8426
31957 6635 11923
31958 6635 13244
31959 6635 18396
31960 6636 7374
31961 6636 7433
31962 6636 10879
31963 6636 14010
31964 6636 18116
31965 6637 8293
31966 6637 11405
31967 6638 15429
31968 6638 17238
31969 6639 8283
31970 6639 9310
31971 6639 13057
31972 6639 13591
31973 6639 18742
31974 6640 7240
31975 6640 7282
31976 6640 10103
31977 6640 10355
31978 6640 11115
31979 6641 7036
31980 6641 7554
31981 6641 11119
31982 6641 17649
31983 6642 8875
31984 6642 13925
31985 6642 13948
31986 6642 14138
31987 6642 17206
31988 6642 19129
31989 6643 7660
31990 6643 7832
31991 6643 15569
31992 6644 7583
31993 6644 10335
31994 6644 11240
31995 6644 15284
31996 6644 17091
31997 6644 17793
31998 6645 6862
31999 6645 8465
32000 6645 9200
32001 6645 10169
32002 6646 10493
32003 6646 16999
32004 6646 17010
32005 6647 8853
32006 6647 10855
32007 6647 10995
32008 6647 14455
32009 6647 16416
32010 6647 19958
32011 6648 6703
32012 6648 9611
32013 6648 10390
32014 6648 11868
32015 6648 12432
32016 6648 13124
32017 6649 6897
32018 6649 10853
32019 6649 13659
32020 6649 15844
32021 6650 9343
32022 6650 15135
32023 6650 15449
32024 6651 7405
32025 6651 7869
32026 6651 13299
32027 6652 8666
32028 6652 9888
32029 6652 15834
32030 6652 16574
32031 6652 18967
32032 6653 8665
32033 6653 10887
32034 6653 11407
32035 6653 15656
32036 6654 6685
32037 6654 9611
32038 6654 10351
32039 6654 13124
32040 6655 9342
32041 6655 10073
32042 6655 14931
32043 6655 14995
32044 6656 6685
32045 6656 15200
32046 6657 8579
32047 6657 14205
32048 6658 10919
32049 6658 10920
32050 6658 19168
32051 6659 9518
32052 6659 10371
32053 6659 11067
32054 6659 13855
32055 6659 15998
32056 6660 9157
32057 6660 13757
32058 6660 16860
32059 6660 18401
32060 6661 10340
32061 6662 8636
32062 6662 9414
32063 6662 11315
32064 6662 14480
32065 6662 15901
32066 6663 6860
32067 6663 7997
32068 6663 10853
32069 6663 19543
32070 6664 16862
32071 6664 16880
32072 6665 7630
32073 6665 8816
32074 6665 10148
32075 6665 17486
32076 6666 10404
32077 6666 18160
32078 6666 19200
32079 6666 19260
32080 6667 13214
32081 6667 15926
32082 6667 19178
32083 6667 19708
32084 6668 7248
32085 6668 9134
32086 6668 17773
32087 6669 7427
32088 6669 8275
32089 6669 10209
32090 6669 14576
32091 6669 17690
32092 6670 8199
32093 6670 10144
32094 6670 17252
32095 6670 17483
32096 6670 18840
32097 6671 8775
32098 6671 9635
32099 6671 10146
32100 6671 13638
32101 6671 16280
32102 6671 18840
32103 6672 6880
32104 6672 8161
32105 6673 16936
32106 6674 6906
32107 6674 18262
32108 6674 18438
32109 6674 18487
32110 6674 18754
32111 6674 19040
32112 6675 7590
32113 6675 8637
32114 6675 10324
32115 6675 10682
32116 6675 13235
32117 6675 19204
32118 6676 7497
32119 6676 9761
32120 6676 14572
32121 6676 14575
32122 6676 14921
32123 6677 11076
32124 6677 13691
32125 6678 10038
32126 6678 10970
32127 6678 17167
32128 6679 7786
32129 6679 13084
32130 6679 15654
32131 6680 6683
32132 6681 6975
32133 6681 8787
32134 6681 10345
32135 6682 6786
32136 6682 10194
32137 6682 18092
32138 6682 18333
32139 6683 6691
32140 6683 10341
32141 6684 6786
32142 6684 10577
32143 6684 18092
32144 6685 9611
32145 6685 9642
32146 6686 9690
32147 6686 12122
32148 6686 16427
32149 6686 17474
32150 6686 17971
32151 6687 7979
32152 6687 8376
32153 6687 9148
32154 6687 11222
32155 6688 11683
32156 6688 14385
32157 6688 17478
32158 6688 17750
32159 6689 9299
32160 6689 14357
32161 6689 15808
32162 6689 16598
32163 6690 11098
32164 6690 19689
32165 6691 6692
32166 6691 10403
32167 6691 19231
32168 6692 10403
32169 6692 17866
32170 6692 18375
32171 6693 7645
32172 6693 7825
32173 6693 8296
32174 6693 19264
32175 6694 6839
32176 6694 8495
32177 6694 10643
32178 6694 10645
32179 6694 10802
32180 6695 7739
32181 6695 12905
32182 6695 14763
32183 6695 15891
32184 6696 6882
32185 6696 11673
32186 6696 19260
32187 6697 9717
32188 6697 9822
32189 6697 10351
32190 6697 11060
32191 6697 17673
32192 6698 10142
32193 6698 14738
32194 6698 17817
32195 6699 8530
32196 6699 9163
32197 6699 11987
32198 6699 15505
32199 6699 16970
32200 6700 7505
32201 6700 9790
32202 6700 9828
32203 6700 10064
32204 6700 16717
32205 6701 10738
32206 6701 12096
32207 6702 7430
32208 6702 11525
32209 6702 18666
32210 6703 10545
32211 6703 11868
32212 6703 12432
32213 6703 17832
32214 6704 15963
32215 6704 16178
32216 6704 16698
32217 6705 7664
32218 6705 10644
32219 6705 10684
32220 6705 13687
32221 6705 14399
32222 6707 6804
32223 6707 7014
32224 6707 8981
32225 6707 9462
32226 6707 10230
32227 6707 10336
32228 6708 6748
32229 6708 6755
32230 6708 7028
32231 6708 10453
32232 6709 14020
32233 6709 14071
32234 6709 15438
32235 6710 9560
32236 6710 10653
32237 6710 13545
32238 6710 13683
32239 6710 15821
32240 6711 9546
32241 6711 14131
32242 6712 9411
32243 6713 8466
32244 6713 11231
32245 6713 19963
32246 6714 7012
32247 6714 7487
32248 6714 9619
32249 6714 10743
32250 6714 17705
32251 6715 6727
32252 6715 10685
32253 6715 14247
32254 6715 15942
32255 6715 16218
32256 6716 7826
32257 6716 8395
32258 6716 15072
32259 6717 13213
32260 6718 10120
32261 6718 13366
32262 6719 7854
32263 6719 14377
32264 6719 15027
32265 6719 15534
32266 6720 7648
32267 6720 8954
32268 6720 14912
32269 6720 15709
32270 6720 15794
32271 6721 9292
32272 6721 10240
32273 6721 11198
32274 6721 12223
32275 6721 14739
32276 6722 8945
32277 6722 10753
32278 6722 13635
32279 6722 19228
32280 6722 19414
32281 6722 19600
32282 6723 8077
32283 6724 8077
32284 6724 16869
32285 6724 16938
32286 6725 13950
32287 6725 18637
32288 6725 18746
32289 6726 15447
32290 6726 17029
32291 6726 17452
32292 6727 9942
32293 6727 10645
32294 6727 10665
32295 6727 10685
32296 6727 16218
32297 6728 9742
32298 6728 11688
32299 6728 15032
32300 6728 15941
32301 6728 18532
32302 6729 8134
32303 6729 11669
32304 6729 11717
32305 6729 19878
32306 6730 10944
32307 6730 15874
32308 6730 16881
32309 6731 8444
32310 6731 9016
32311 6731 9032
32312 6731 13345
32313 6731 13447
32314 6731 16106
32315 6731 19063
32316 6732 6857
32317 6732 12197
32318 6732 12471
32319 6732 15963
32320 6732 18199
32321 6733 11685
32322 6733 12106
32323 6733 12498
32324 6733 15363
32325 6734 6742
32326 6734 7722
32327 6734 14432
32328 6734 14807
32329 6735 7345
32330 6735 11156
32331 6735 11553
32332 6736 6888
32333 6736 11792
32334 6736 18316
32335 6736 19196
32336 6736 19249
32337 6737 7613
32338 6737 10458
32339 6737 10459
32340 6737 14407
32341 6737 15061
32342 6738 10326
32343 6738 16599
32344 6738 19597
32345 6739 7252
32346 6739 8393
32347 6739 8650
32348 6739 10573
32349 6739 16694
32350 6740 10567
32351 6740 15659
32352 6740 15867
32353 6741 12093
32354 6741 16924
32355 6741 18858
32356 6742 11712
32357 6742 14432
32358 6742 16454
32359 6743 10466
32360 6743 11585
32361 6743 11649
32362 6743 18493
32363 6744 7434
32364 6744 17682
32365 6744 18927
32366 6745 6746
32367 6745 8147
32368 6745 10556
32369 6745 10620
32370 6745 19507
32371 6746 10556
32372 6746 10615
32373 6746 19507
32374 6747 9221
32375 6747 9584
32376 6747 10135
32377 6747 18035
32378 6748 10453
32379 6748 10614
32380 6749 12648
32381 6749 12913
32382 6749 13308
32383 6750 7064
32384 6750 10650
32385 6750 10652
32386 6750 15673
32387 6750 15820
32388 6751 10360
32389 6751 10731
32390 6751 15165
32391 6751 15321
32392 6752 6777
32393 6752 10113
32394 6752 10575
32395 6752 10603
32396 6752 17535
32397 6753 10534
32398 6753 14426
32399 6753 14883
32400 6753 15241
32401 6753 17457
32402 6754 9212
32403 6754 11776
32404 6754 17581
32405 6755 10711
32406 6755 13237
32407 6756 7611
32408 6756 7767
32409 6756 14991
32410 6756 15090
32411 6756 15481
32412 6757 10468
32413 6757 11646
32414 6758 9180
32415 6758 13882
32416 6758 18402
32417 6759 9806
32418 6759 10464
32419 6759 12239
32420 6759 14436
32421 6759 14440
32422 6760 11645
32423 6760 11821
32424 6760 14905
32425 6760 14907
32426 6760 15712
32427 6760 16269
32428 6761 8820
32429 6761 13816
32430 6761 15084
32431 6762 11539
32432 6762 11746
32433 6762 14249
32434 6763 10542
32435 6763 10999
32436 6763 17874
32437 6764 11082
32438 6764 14008
32439 6765 6956
32440 6765 10582
32441 6766 14675
32442 6766 14747
32443 6766 14988
32444 6766 14996
32445 6766 15219
32446 6767 7057
32447 6767 7059
32448 6767 7063
32449 6767 14450
32450 6768 10587
32451 6768 16220
32452 6768 17896
32453 6769 8507
32454 6769 14927
32455 6770 7069
32456 6770 7171
32457 6770 9723
32458 6770 10530
32459 6770 14450
32460 6771 9020
32461 6771 9819
32462 6771 11154
32463 6771 18197
32464 6772 12775
32465 6773 7070
32466 6773 7787
32467 6773 10209
32468 6773 10344
32469 6773 10480
32470 6774 10018
32471 6774 16947
32472 6774 17420
32473 6774 18895
32474 6775 7299
32475 6775 10713
32476 6775 11587
32477 6775 14417
32478 6775 17621
32479 6776 6820
32480 6776 11663
32481 6777 10113
32482 6777 14240
32483 6777 17094
32484 6777 17535
32485 6778 8808
32486 6778 14141
32487 6779 11943
32488 6779 14665
32489 6779 17484
32490 6780 10150
32491 6780 10476
32492 6780 14281
32493 6780 15099
32494 6780 17252
32495 6781 9706
32496 6781 11424
32497 6781 14768
32498 6781 18924
32499 6782 10372
32500 6782 12992
32501 6782 18102
32502 6783 8087
32503 6783 11645
32504 6783 11821
32505 6783 14509
32506 6783 14570
32507 6784 6934
32508 6784 7991
32509 6784 10157
32510 6784 10260
32511 6784 11160
32512 6784 15733
32513 6785 6934
32514 6785 9856
32515 6785 15674
32516 6785 15801
32517 6785 15977
32518 6786 13339
32519 6786 18092
32520 6786 18333
32521 6787 7409
32522 6787 7551
32523 6787 8826
32524 6787 14954
32525 6788 11572
32526 6788 12058
32527 6788 17631
32528 6788 18641
32529 6789 11006
32530 6789 15159
32531 6789 17839
32532 6789 18029
32533 6790 8831
32534 6790 13238
32535 6790 18884
32536 6790 19151
32537 6791 6799
32538 6791 7707
32539 6791 8955
32540 6791 10781
32541 6791 17764
32542 6792 6886
32543 6792 7200
32544 6792 7456
32545 6792 10419
32546 6793 6959
32547 6793 6985
32548 6793 6986
32549 6793 10134
32550 6794 7190
32551 6794 7194
32552 6794 7389
32553 6794 7450
32554 6794 10175
32555 6794 10263
32556 6794 13604
32557 6795 13805
32558 6795 14054
32559 6795 19453
32560 6795 19970
32561 6796 7781
32562 6796 18516
32563 6796 18837
32564 6797 7779
32565 6797 8605
32566 6797 10956
32567 6797 10986
32568 6797 19150
32569 6798 8825
32570 6798 14383
32571 6798 14697
32572 6798 14783
32573 6798 14797
32574 6798 14885
32575 6799 8955
32576 6799 12507
32577 6799 17764
32578 6799 17829
32579 6799 19871
32580 6800 8045
32581 6800 8639
32582 6800 11787
32583 6800 11846
32584 6801 7422
32585 6801 10070
32586 6801 11116
32587 6802 7563
32588 6802 9376
32589 6802 9726
32590 6802 9766
32591 6802 10495
32592 6802 17302
32593 6803 9899
32594 6803 10159
32595 6803 10325
32596 6803 17495
32597 6804 7018
32598 6804 7130
32599 6804 8756
32600 6804 10230
32601 6804 10336
32602 6805 7580
32603 6805 8925
32604 6806 8419
32605 6806 10433
32606 6806 10463
32607 6806 10684
32608 6807 8707
32609 6807 13380
32610 6807 14638
32611 6808 8765
32612 6808 9878
32613 6808 17386
32614 6809 10714
32615 6809 11996
32616 6810 8678
32617 6810 11166
32618 6810 11653
32619 6810 13680
32620 6811 10566
32621 6811 13237
32622 6811 13495
32623 6812 10128
32624 6812 12037
32625 6812 13611
32626 6813 9416
32627 6813 13954
32628 6813 17426
32629 6813 17654
32630 6814 10415
32631 6814 13647
32632 6814 13965
32633 6814 19164
32634 6815 6942
32635 6815 7002
32636 6815 8093
32637 6816 9206
32638 6816 12274
32639 6816 17669
32640 6816 17904
32641 6816 19539
32642 6817 7344
32643 6817 13677
32644 6818 7751
32645 6818 10841
32646 6818 11118
32647 6818 11575
32648 6819 6925
32649 6819 7010
32650 6819 9558
32651 6819 10153
32652 6819 10248
32653 6819 15713
32654 6820 10058
32655 6820 10401
32656 6820 11663
32657 6820 15755
32658 6821 6826
32659 6821 6841
32660 6821 7876
32661 6821 10228
32662 6821 13325
32663 6822 10981
32664 6822 11143
32665 6822 13930
32666 6822 15507
32667 6822 17879
32668 6823 12453
32669 6823 13756
32670 6823 14061
32671 6823 15460
32672 6824 16837
32673 6824 16965
32674 6825 7266
32675 6825 11661
32676 6825 18377
32677 6826 6841
32678 6826 8910
32679 6826 10228
32680 6826 11700
32681 6826 11914
32682 6827 6830
32683 6827 7445
32684 6827 8335
32685 6827 10009
32686 6827 11095
32687 6828 11657
32688 6828 12158
32689 6828 16419
32690 6828 18244
32691 6829 10874
32692 6829 14528
32693 6829 17228
32694 6829 17235
32695 6829 18270
32696 6829 19558
32697 6830 10009
32698 6830 11079
32699 6830 11095
32700 6831 9297
32701 6831 13490
32702 6831 19123
32703 6831 19385
32704 6832 9181
32705 6832 13548
32706 6832 15667
32707 6832 15700
32708 6832 15732
32709 6833 6914
32710 6833 6915
32711 6833 6922
32712 6833 7000
32713 6833 7001
32714 6834 7049
32715 6834 8469
32716 6834 10179
32717 6834 10497
32718 6834 11965
32719 6834 13571
32720 6834 19754
32721 6835 7687
32722 6835 14913
32723 6835 15351
32724 6836 8495
32725 6836 10602
32726 6836 17553
32727 6836 19275
32728 6837 6879
32729 6837 10445
32730 6837 11076
32731 6837 11581
32732 6837 13691
32733 6838 6840
32734 6838 9539
32735 6838 10622
32736 6838 11066
32737 6838 16203
32738 6839 8495
32739 6839 10592
32740 6839 10643
32741 6840 10219
32742 6840 10622
32743 6840 11068
32744 6841 7876
32745 6841 8367
32746 6841 8910
32747 6841 10754
32748 6842 7439
32749 6842 11336
32750 6842 15023
32751 6843 6854
32752 6843 6927
32753 6843 7039
32754 6843 9352
32755 6843 10455
32756 6843 19995
32757 6844 11344
32758 6844 11437
32759 6844 13642
32760 6845 6914
32761 6845 6994
32762 6845 7001
32763 6845 7038
32764 6845 10140
32765 6845 10455
32766 6847 6952
32767 6847 11838
32768 6847 11956
32769 6847 14344
32770 6847 14759
32771 6848 8661
32772 6848 12275
32773 6848 17653
32774 6849 6864
32775 6849 9684
32776 6849 10391
32777 6849 15801
32778 6849 20004
32779 6850 6886
32780 6850 10204
32781 6850 17312
32782 6851 8812
32783 6851 15168
32784 6852 13821
32785 6852 15498
32786 6853 8528
32787 6853 9760
32788 6853 12387
32789 6853 15078
32790 6853 15574
32791 6854 6862
32792 6854 8465
32793 6854 9352
32794 6854 10307
32795 6854 19995
32796 6855 10741
32797 6855 18645
32798 6856 6919
32799 6856 7032
32800 6856 9200
32801 6856 9641
32802 6856 10169
32803 6856 10495
32804 6857 10569
32805 6857 12357
32806 6857 12471
32807 6857 18199
32808 6858 6911
32809 6858 10701
32810 6858 13200
32811 6859 7809
32812 6859 13181
32813 6859 13423
32814 6860 7997
32815 6860 9773
32816 6860 10389
32817 6860 10390
32818 6861 12955
32819 6861 19310
32820 6862 8465
32821 6862 9200
32822 6862 10307
32823 6862 10310
32824 6863 13866
32825 6863 13909
32826 6863 13989
32827 6863 14013
32828 6863 14014
32829 6864 10090
32830 6864 10177
32831 6864 10261
32832 6864 15801
32833 6864 20004
32834 6865 6869
32835 6865 13504
32836 6865 14892
32837 6865 16804
32838 6866 10870
32839 6866 16521
32840 6867 9759
32841 6867 14262
32842 6868 9756
32843 6868 10207
32844 6868 14979
32845 6868 14988
32846 6869 11884
32847 6869 16804
32848 6869 19757
32849 6870 8589
32850 6870 10246
32851 6870 17955
32852 6870 18775
32853 6870 19866
32854 6871 7648
32855 6871 13510
32856 6871 18403
32857 6872 8468
32858 6872 8491
32859 6872 8700
32860 6872 9076
32861 6872 17318
32862 6872 17831
32863 6873 7887
32864 6873 11822
32865 6873 12977
32866 6873 17361
32867 6873 19870
32868 6874 13000
32869 6874 13615
32870 6875 7926
32871 6875 11558
32872 6875 12193
32873 6875 14692
32874 6875 15127
32875 6876 9128
32876 6876 11864
32877 6877 8910
32878 6877 10674
32879 6877 10754
32880 6877 16266
32881 6878 9094
32882 6878 13049
32883 6879 10206
32884 6879 10208
32885 6879 10445
32886 6880 8161
32887 6880 8930
32888 6880 10155
32889 6880 10158
32890 6880 15970
32891 6881 7398
32892 6881 10158
32893 6881 10161
32894 6881 10162
32895 6881 10164
32896 6881 10168
32897 6882 10662
32898 6882 11673
32899 6882 11757
32900 6882 19260
32901 6883 12458
32902 6883 12561
32903 6883 12617
32904 6883 17630
32905 6883 17637
32906 6883 17638
32907 6884 7440
32908 6884 9575
32909 6884 9652
32910 6884 12774
32911 6885 8342
32912 6885 8548
32913 6885 10250
32914 6885 10723
32915 6886 7200
32916 6886 17312
32917 6887 8474
32918 6887 16508
32919 6887 16510
32920 6887 17585
32921 6888 9437
32922 6888 10888
32923 6888 19196
32924 6889 16304
32925 6890 8402
32926 6890 11994
32927 6890 12166
32928 6890 14378
32929 6890 15455
32930 6891 7014
32931 6891 10145
32932 6891 10187
32933 6891 10336
32934 6891 10629
32935 6891 14168
32936 6892 6894
32937 6892 10509
32938 6892 10651
32939 6892 15836
32940 6892 18180
32941 6893 8132
32942 6893 8748
32943 6893 10151
32944 6893 10820
32945 6894 10588
32946 6894 10650
32947 6894 10651
32948 6895 8310
32949 6895 8408
32950 6895 15812
32951 6896 10427
32952 6896 10601
32953 6896 17516
32954 6897 7429
32955 6897 10449
32956 6897 10641
32957 6897 13659
32958 6898 11165
32959 6898 11179
32960 6898 14015
32961 6898 16980
32962 6898 17004
32963 6899 7757
32964 6899 8880
32965 6899 9201
32966 6899 9943
32967 6900 7968
32968 6900 8432
32969 6900 10747
32970 6900 10752
32971 6900 16772
32972 6901 10136
32973 6901 15991
32974 6901 17961
32975 6901 18646
32976 6901 19565
32977 6902 15275
32978 6902 16204
32979 6902 18298
32980 6903 14379
32981 6903 14512
32982 6903 14915
32983 6904 8103
32984 6904 9031
32985 6904 9268
32986 6904 16959
32987 6905 11482
32988 6905 11556
32989 6905 11837
32990 6905 16472
32991 6905 19820
32992 6906 13157
32993 6906 18243
32994 6906 18262
32995 6906 18754
32996 6907 7437
32997 6907 9721
32998 6907 10946
32999 6907 12211
33000 6907 14748
33001 6907 15087
33002 6908 8692
33003 6908 9727
33004 6908 16712
33005 6909 8160
33006 6909 14952
33007 6909 16032
33008 6910 8040
33009 6910 11020
33010 6910 18088
33011 6910 18728
33012 6910 19188
33013 6911 8132
33014 6911 10151
33015 6911 14698
33016 6912 7458
33017 6912 16614
33018 6912 16704
33019 6913 7245
33020 6913 10550
33021 6913 11909
33022 6913 12467
33023 6913 14598
33024 6914 7001
33025 6914 7038
33026 6914 11920
33027 6915 6922
33028 6915 7733
33029 6915 12303
33030 6916 6969
33031 6916 10323
33032 6916 19537
33033 6917 7308
33034 6917 9241
33035 6917 11637
33036 6917 12709
33037 6917 19482
33038 6918 9555
33039 6918 13309
33040 6918 18337
33041 6918 18954
33042 6919 6989
33043 6919 9200
33044 6919 9641
33045 6919 10008
33046 6919 10310
33047 6920 9178
33048 6920 16227
33049 6920 19252
33050 6921 7712
33051 6921 7953
33052 6921 14270
33053 6921 16814
33054 6921 19313
33055 6921 19818
33056 6922 6926
33057 6922 7000
33058 6922 7733
33059 6923 9601
33060 6923 9907
33061 6923 12180
33062 6923 13765
33063 6923 19662
33064 6923 19984
33065 6924 10536
33066 6924 12871
33067 6924 13814
33068 6925 6928
33069 6925 6929
33070 6925 7010
33071 6925 9558
33072 6925 10244
33073 6926 7000
33074 6926 7003
33075 6926 7733
33076 6926 9809
33077 6926 10059
33078 6926 10149
33079 6927 6974
33080 6927 7655
33081 6927 9352
33082 6927 10140
33083 6927 10455
33084 6928 6929
33085 6928 7006
33086 6928 7010
33087 6928 10060
33088 6929 10244
33089 6929 16253
33090 6930 14863
33091 6930 15997
33092 6930 18452
33093 6931 7071
33094 6931 11658
33095 6931 16974
33096 6931 19342
33097 6932 12984
33098 6932 13309
33099 6932 18434
33100 6933 10191
33101 6933 13326
33102 6933 15409
33103 6934 7991
33104 6934 10157
33105 6934 15674
33106 6935 8202
33107 6935 8713
33108 6935 10815
33109 6935 12765
33110 6935 15446
33111 6935 19382
33112 6936 8449
33113 6936 9604
33114 6936 9942
33115 6936 16218
33116 6936 16716
33117 6936 17181
33118 6937 9902
33119 6937 13990
33120 6937 14642
33121 6937 14651
33122 6937 15895
33123 6937 16709
33124 6938 8103
33125 6938 10637
33126 6938 11063
33127 6938 17632
33128 6939 11381
33129 6939 13517
33130 6939 13616
33131 6939 14196
33132 6939 19750
33133 6940 8272
33134 6940 14251
33135 6941 19540
33136 6942 8804
33137 6942 19512
33138 6943 7588
33139 6943 10197
33140 6943 10629
33141 6943 20013
33142 6944 7007
33143 6944 7369
33144 6944 10186
33145 6944 10332
33146 6944 13720
33147 6945 7301
33148 6945 9264
33149 6945 11651
33150 6945 14956
33151 6945 17793
33152 6946 8150
33153 6946 9344
33154 6946 17749
33155 6946 18153
33156 6947 8174
33157 6947 14349
33158 6947 16613
33159 6947 18838
33160 6948 8984
33161 6948 10482
33162 6948 19395
33163 6949 10247
33164 6950 7578
33165 6950 10405
33166 6950 13281
33167 6950 19846
33168 6951 7777
33169 6951 8280
33170 6951 9223
33171 6951 18880
33172 6951 19840
33173 6952 11838
33174 6952 15818
33175 6952 15891
33176 6952 17751
33177 6953 19208
33178 6954 8844
33179 6954 9967
33180 6954 9969
33181 6954 19780
33182 6955 8344
33183 6955 17074
33184 6955 19763
33185 6956 10288
33186 6956 10348
33187 6956 19191
33188 6957 8322
33189 6957 10503
33190 6957 14232
33191 6957 15225
33192 6958 10745
33193 6958 11969
33194 6958 12052
33195 6959 18992
33196 6960 13836
33197 6960 14611
33198 6960 15898
33199 6961 10017
33200 6961 11376
33201 6962 9844
33202 6962 12418
33203 6962 12535
33204 6962 14215
33205 6962 14229
33206 6962 18751
33207 6963 8103
33208 6963 10909
33209 6963 11742
33210 6963 13844
33211 6963 14870
33212 6963 16959
33213 6964 7034
33214 6964 8878
33215 6964 9308
33216 6964 12564
33217 6964 14214
33218 6964 16236
33219 6965 17255
33220 6965 19816
33221 6965 19848
33222 6966 7125
33223 6966 7320
33224 6966 7624
33225 6966 9991
33226 6966 10425
33227 6967 11370
33228 6967 12005
33229 6967 13296
33230 6967 18731
33231 6968 8878
33232 6968 10283
33233 6968 10374
33234 6968 16588
33235 6968 18172
33236 6969 8139
33237 6969 9785
33238 6969 10869
33239 6969 19537
33240 6970 9338
33241 6970 10882
33242 6970 17116
33243 6970 19415
33244 6971 11639
33245 6971 18710
33246 6972 7756
33247 6972 8869
33248 6972 12703
33249 6972 19789
33250 6973 8258
33251 6973 9870
33252 6973 9886
33253 6973 18698
33254 6974 7239
33255 6974 7253
33256 6974 7655
33257 6974 8492
33258 6974 10140
33259 6975 7008
33260 6975 8787
33261 6975 9454
33262 6976 10122
33263 6976 11747
33264 6976 11816
33265 6976 14934
33266 6976 17524
33267 6977 7471
33268 6977 7904
33269 6977 8604
33270 6977 9744
33271 6977 17052
33272 6977 17058
33273 6978 8416
33274 6978 8479
33275 6978 10282
33276 6979 7819
33277 6979 13079
33278 6979 16028
33279 6980 9153
33280 6980 10126
33281 6980 11792
33282 6980 18316
33283 6981 9019
33284 6981 14341
33285 6981 14687
33286 6981 15367
33287 6981 17263
33288 6981 17525
33289 6982 11360
33290 6982 11361
33291 6982 16062
33292 6983 8055
33293 6983 9466
33294 6983 10031
33295 6983 10313
33296 6983 11326
33297 6983 12877
33298 6984 13266
33299 6984 13313
33300 6984 13537
33301 6984 18562
33302 6985 10134
33303 6985 10482
33304 6985 19395
33305 6986 10134
33306 6986 10273
33307 6986 13695
33308 6986 18562
33309 6987 8220
33310 6987 11517
33311 6987 17248
33312 6988 14378
33313 6988 14879
33314 6988 15425
33315 6989 7446
33316 6989 10008
33317 6989 10309
33318 6989 10310
33319 6990 10136
33320 6990 15979
33321 6990 18567
33322 6990 18691
33323 6991 10717
33324 6991 13955
33325 6991 13968
33326 6991 14189
33327 6991 15495
33328 6991 16899
33329 6992 7264
33330 6992 9641
33331 6992 9768
33332 6992 10008
33333 6993 7170
33334 6993 7309
33335 6993 15991
33336 6993 17961
33337 6994 7001
33338 6994 7423
33339 6994 10140
33340 6995 8253
33341 6995 14217
33342 6995 16903
33343 6995 19180
33344 6996 7577
33345 6996 13313
33346 6996 13695
33347 6996 18562
33348 6997 12740
33349 6997 15265
33350 6997 16108
33351 6997 17969
33352 6997 18247
33353 6997 18995
33354 6997 19120
33355 6998 7847
33356 6998 10298
33357 6998 10315
33358 6998 10321
33359 6998 11301
33360 6999 7835
33361 6999 10127
33362 6999 13793
33363 6999 15790
33364 7000 7001
33365 7000 7003
33366 7003 7237
33367 7003 10149
33368 7004 7006
33369 7004 7240
33370 7004 7452
33371 7004 10059
33372 7004 10149
33373 7004 10346
33374 7005 7165
33375 7005 13059
33376 7005 14830
33377 7006 10059
33378 7006 10060
33379 7006 10346
33380 7007 10186
33381 7007 16241
33382 7007 19074
33383 7008 9454
33384 7008 15866
33385 7009 13369
33386 7009 13371
33387 7009 13429
33388 7009 13489
33389 7010 10060
33390 7010 10153
33391 7010 10347
33392 7011 7288
33393 7011 7460
33394 7011 10160
33395 7012 8381
33396 7012 10743
33397 7012 17054
33398 7012 17205
33399 7012 17705
33400 7013 9789
33401 7013 13098
33402 7013 14778
33403 7013 16350
33404 7013 17578
33405 7014 9462
33406 7014 10187
33407 7014 10336
33408 7015 8458
33409 7015 11172
33410 7015 14256
33411 7015 17234
33412 7015 17253
33413 7016 10987
33414 7016 13293
33415 7016 18365
33416 7017 11291
33417 7017 12897
33418 7017 15422
33419 7017 17107
33420 7017 19157
33421 7017 19759
33422 7018 7090
33423 7018 7130
33424 7018 8756
33425 7018 10321
33426 7019 8080
33427 7019 11972
33428 7019 14796
33429 7020 7736
33430 7020 19796
33431 7021 8715
33432 7021 11847
33433 7021 14970
33434 7021 17115
33435 7021 18534
33436 7022 7023
33437 7022 7635
33438 7022 8646
33439 7022 9597
33440 7022 10160
33441 7023 7024
33442 7023 7520
33443 7023 7635
33444 7023 9597
33445 7023 11965
33446 7024 7420
33447 7024 7520
33448 7024 10163
33449 7025 9684
33450 7025 10068
33451 7025 14145
33452 7025 20004
33453 7026 9546
33454 7026 19597
33455 7026 19626
33456 7027 8222
33457 7027 8537
33458 7027 11102
33459 7027 11603
33460 7027 16576
33461 7027 19508
33462 7028 10360
33463 7028 10453
33464 7028 10603
33465 7028 15321
33466 7029 7862
33467 7029 7864
33468 7029 7935
33469 7029 18027
33470 7030 8432
33471 7030 13459
33472 7030 14382
33473 7030 19208
33474 7031 16957
33475 7031 18644
33476 7031 18837
33477 7031 18848
33478 7032 9376
33479 7032 10169
33480 7032 10495
33481 7032 17499
33482 7033 10232
33483 7033 12003
33484 7033 13743
33485 7034 8878
33486 7034 9308
33487 7034 10116
33488 7034 18172
33489 7035 8917
33490 7035 9556
33491 7035 16816
33492 7035 18927
33493 7036 11119
33494 7036 12450
33495 7036 15902
33496 7036 18132
33497 7037 7040
33498 7037 7042
33499 7037 7389
33500 7037 10089
33501 7037 10178
33502 7037 10259
33503 7038 7039
33504 7038 10455
33505 7038 11920
33506 7039 10455
33507 7039 17557
33508 7039 19995
33509 7040 7042
33510 7040 9353
33511 7040 10039
33512 7040 10178
33513 7040 10414
33514 7041 10180
33515 7041 10182
33516 7041 10410
33517 7041 17571
33518 7041 19479
33519 7042 7381
33520 7042 10039
33521 7042 10089
33522 7042 10180
33523 7043 8989
33524 7043 10182
33525 7043 10251
33526 7043 17571
33527 7044 8109
33528 7044 9097
33529 7044 14784
33530 7044 19730
33531 7045 9544
33532 7045 10593
33533 7045 14683
33534 7045 16655
33535 7046 8008
33536 7046 8609
33537 7046 8867
33538 7046 15240
33539 7046 20020
33540 7047 12160
33541 7047 13365
33542 7047 15521
33543 7047 17951
33544 7047 18355
33545 7048 7149
33546 7048 10218
33547 7048 10253
33548 7048 10383
33549 7049 10157
33550 7049 10479
33551 7049 11160
33552 7049 13571
33553 7049 19754
33554 7050 7691
33555 7050 10206
33556 7050 10236
33557 7050 10601
33558 7051 12963
33559 7051 13785
33560 7051 16010
33561 7051 18265
33562 7051 18593
33563 7052 12078
33564 7052 16823
33565 7052 16831
33566 7053 7625
33567 7053 10198
33568 7053 17799
33569 7054 7703
33570 7054 8975
33571 7054 16194
33572 7054 17763
33573 7055 17221
33574 7055 17538
33575 7056 8752
33576 7056 9595
33577 7056 13584
33578 7056 19460
33579 7057 7059
33580 7057 11486
33581 7057 14485
33582 7058 9813
33583 7058 12118
33584 7058 14414
33585 7058 15681
33586 7058 15986
33587 7059 7558
33588 7059 10473
33589 7059 14450
33590 7060 7865
33591 7060 9378
33592 7060 12674
33593 7060 16403
33594 7060 19467
33595 7061 9495
33596 7061 12153
33597 7061 16410
33598 7061 18488
33599 7061 19416
33600 7062 9752
33601 7062 12740
33602 7062 17600
33603 7062 18247
33604 7062 19880
33605 7063 10531
33606 7063 14487
33607 7063 14505
33608 7064 10204
33609 7064 10341
33610 7064 15673
33611 7064 15820
33612 7065 8023
33613 7065 8498
33614 7065 8772
33615 7065 10480
33616 7065 10530
33617 7065 14986
33618 7066 7080
33619 7066 7552
33620 7066 10492
33621 7066 10657
33622 7067 7582
33623 7067 9774
33624 7067 10658
33625 7067 10659
33626 7067 15975
33627 7067 18025
33628 7067 19809
33629 7068 8744
33630 7068 11641
33631 7068 13042
33632 7068 13807
33633 7068 19414
33634 7069 10530
33635 7069 10531
33636 7069 14986
33637 7070 7787
33638 7070 8772
33639 7070 9957
33640 7070 10035
33641 7070 10480
33642 7071 15230
33643 7071 16974
33644 7072 8775
33645 7072 9635
33646 7072 17279
33647 7072 17464
33648 7072 18168
33649 7073 9903
33650 7073 20018
33651 7073 20021
33652 7073 20025
33653 7074 9655
33654 7074 18665
33655 7075 10381
33656 7075 17112
33657 7075 17736
33658 7075 19622
33659 7075 19882
33660 7076 9953
33661 7076 11049
33662 7076 14790
33663 7076 15252
33664 7076 17924
33665 7077 14129
33666 7077 14869
33667 7077 15696
33668 7078 7079
33669 7078 7081
33670 7078 7265
33671 7078 10312
33672 7078 10383
33673 7079 7081
33674 7079 10218
33675 7079 10373
33676 7079 10383
33677 7080 9335
33678 7081 9500
33679 7081 10266
33680 7081 10312
33681 7081 10373
33682 7082 7606
33683 7082 11769
33684 7082 13760
33685 7082 15406
33686 7083 7599
33687 7083 14892
33688 7083 17714
33689 7083 18053
33690 7084 11997
33691 7084 13050
33692 7084 19643
33693 7085 7952
33694 7085 8987
33695 7085 13031
33696 7086 9144
33697 7086 12215
33698 7086 13083
33699 7086 14647
33700 7086 15148
33701 7087 11813
33702 7087 14399
33703 7087 17181
33704 7087 17192
33705 7088 12553
33706 7088 13901
33707 7088 14082
33708 7088 15471
33709 7088 18128
33710 7089 9657
33711 7089 10134
33712 7089 10273
33713 7089 15979
33714 7089 19565
33715 7090 7847
33716 7090 9899
33717 7090 10321
33718 7091 7478
33719 7091 7809
33720 7092 8247
33721 7092 12991
33722 7092 13191
33723 7093 7948
33724 7093 8191
33725 7094 7307
33726 7094 14349
33727 7094 19113
33728 7095 7174
33729 7095 7324
33730 7095 10258
33731 7096 9100
33732 7096 10951
33733 7096 13475
33734 7096 17827
33735 7097 10568
33736 7097 14579
33737 7097 16178
33738 7098 7107
33739 7098 7114
33740 7098 7178
33741 7098 10021
33742 7098 10085
33743 7098 10312
33744 7099 7593
33745 7099 9317
33746 7099 11906
33747 7099 13467
33748 7099 15315
33749 7099 19516
33750 7100 10706
33751 7100 10714
33752 7100 15373
33753 7100 15589
33754 7100 19742
33755 7101 8233
33756 7101 11576
33757 7101 18081
33758 7101 19868
33759 7101 19929
33760 7102 13669
33761 7102 13861
33762 7102 15252
33763 7102 17924
33764 7102 18211
33765 7103 11231
33766 7103 12995
33767 7103 20003
33768 7104 11020
33769 7104 11982
33770 7104 19188
33771 7105 10618
33772 7105 11484
33773 7105 12900
33774 7105 16083
33775 7105 16465
33776 7106 7108
33777 7106 10019
33778 7106 10156
33779 7107 7111
33780 7107 7112
33781 7107 7114
33782 7107 7178
33783 7107 7285
33784 7107 10233
33785 7108 8466
33786 7108 10156
33787 7108 17284
33788 7108 18952
33789 7109 7120
33790 7109 7295
33791 7109 7326
33792 7109 7337
33793 7109 9227
33794 7109 10025
33795 7109 10233
33796 7110 14405
33797 7110 15583
33798 7110 19486
33799 7111 7116
33800 7111 7120
33801 7111 7285
33802 7111 7330
33803 7111 10233
33804 7112 7178
33805 7112 7326
33806 7112 8242
33807 7112 9737
33808 7112 10233
33809 7113 7183
33810 7113 8685
33811 7113 10506
33812 7113 12673
33813 7113 14073
33814 7113 19526
33815 7114 7285
33816 7114 7322
33817 7114 10021
33818 7115 7116
33819 7115 7285
33820 7115 7322
33821 7115 7324
33822 7115 10258
33823 7115 10631
33824 7116 7285
33825 7116 7330
33826 7116 10063
33827 7116 10631
33828 7117 7186
33829 7117 7197
33830 7117 7269
33831 7117 8372
33832 7117 8793
33833 7117 9196
33834 7118 7174
33835 7118 7202
33836 7118 7322
33837 7118 7324
33838 7118 9500
33839 7118 10021
33840 7119 13550
33841 7119 15416
33842 7120 7142
33843 7120 7330
33844 7120 10025
33845 7120 10233
33846 7121 9978
33847 7121 10377
33848 7121 14507
33849 7121 14515
33850 7121 14907
33851 7121 15756
33852 7122 10376
33853 7122 14107
33854 7122 14549
33855 7122 14789
33856 7122 16801
33857 7122 19496
33858 7123 10196
33859 7123 13051
33860 7123 15785
33861 7124 8591
33862 7124 9854
33863 7124 11342
33864 7124 11679
33865 7124 17519
33866 7125 7494
33867 7125 10132
33868 7125 10425
33869 7126 7297
33870 7126 7377
33871 7126 7489
33872 7126 10229
33873 7126 10421
33874 7127 8543
33875 7127 13026
33876 7127 19148
33877 7127 19283
33878 7128 8736
33879 7128 9441
33880 7128 14117
33881 7128 14373
33882 7129 9260
33883 7129 10375
33884 7129 19783
33885 7130 10145
33886 7130 10315
33887 7130 10321
33888 7130 10336
33889 7131 7643
33890 7131 15419
33891 7132 7617
33892 7132 10284
33893 7132 14251
33894 7132 16967
33895 7132 17012
33896 7132 18777
33897 7133 7373
33898 7133 9649
33899 7133 9793
33900 7133 14518
33901 7133 14585
33902 7134 7272
33903 7134 10975
33904 7134 15273
33905 7134 15331
33906 7135 7162
33907 7135 7550
33908 7135 8796
33909 7135 12219
33910 7135 14643
33911 7136 7186
33912 7136 7198
33913 7136 7269
33914 7137 10789
33915 7137 14774
33916 7138 7276
33917 7138 7401
33918 7138 7552
33919 7138 10492
33920 7138 17878
33921 7139 9901
33922 7139 10376
33923 7139 14107
33924 7139 14542
33925 7139 15065
33926 7140 7141
33927 7140 7197
33928 7140 7348
33929 7140 7412
33930 7140 8372
33931 7140 8385
33932 7140 9988
33933 7141 7197
33934 7141 7348
33935 7141 7366
33936 7141 7410
33937 7142 7143
33938 7142 7223
33939 7142 7330
33940 7142 10025
33941 7142 10225
33942 7143 7260
33943 7143 7594
33944 7143 10025
33945 7143 10225
33946 7144 7215
33947 7144 7337
33948 7144 7482
33949 7144 7630
33950 7144 8242
33951 7144 10212
33952 7145 7147
33953 7145 7179
33954 7145 7205
33955 7145 7207
33956 7145 7265
33957 7146 7181
33958 7146 7215
33959 7146 7355
33960 7146 9737
33961 7146 10407
33962 7146 18159
33963 7147 7205
33964 7147 7207
33965 7147 10027
33966 7147 10050
33967 7147 10268
33968 7148 8166
33969 7148 9474
33970 7148 10353
33971 7148 11713
33972 7148 14468
33973 7148 16442
33974 7148 17709
33975 7149 7363
33976 7149 9070
33977 7149 10253
33978 7149 10383
33979 7150 9072
33980 7150 11446
33981 7150 12123
33982 7150 13663
33983 7150 18418
33984 7151 8652
33985 7151 12487
33986 7151 13685
33987 7151 18235
33988 7151 18727
33989 7151 18910
33990 7152 13860
33991 7152 15410
33992 7152 16812
33993 7152 18347
33994 7153 12125
33995 7153 12127
33996 7153 13644
33997 7153 16424
33998 7153 16426
33999 7153 16665
34000 7154 10305
34001 7154 16374
34002 7155 15275
34003 7155 16372
34004 7155 18094
34005 7155 18298
34006 7155 18497
34007 7156 7298
34008 7156 7839
34009 7156 11376
34010 7156 13294
34011 7156 19847
34012 7157 7829
34013 7157 13827
34014 7157 17251
34015 7158 7811
34016 7158 7857
34017 7158 8284
34018 7158 9613
34019 7158 10083
34020 7159 11635
34021 7159 14774
34022 7159 19161
34023 7159 19165
34024 7160 8262
34025 7160 10429
34026 7160 11270
34027 7160 13697
34028 7161 10329
34029 7161 17266
34030 7162 7533
34031 7162 8796
34032 7162 12042
34033 7162 12219
34034 7163 15325
34035 7163 15685
34036 7163 17914
34037 7163 18623
34038 7164 14743
34039 7164 14749
34040 7164 14783
34041 7164 14887
34042 7164 15040
34043 7165 10599
34044 7165 14830
34045 7165 15431
34046 7165 16939
34047 7166 8322
34048 7166 8489
34049 7166 11552
34050 7166 15572
34051 7166 16992
34052 7166 18321
34053 7167 13639
34054 7167 18862
34055 7168 11088
34056 7168 19202
34057 7169 7494
34058 7169 10132
34059 7169 10473
34060 7169 10628
34061 7169 14090
34062 7170 7309
34063 7170 10428
34064 7170 15991
34065 7170 16099
34066 7171 7558
34067 7171 9723
34068 7171 9991
34069 7171 10425
34070 7171 14450
34071 7172 10302
34072 7172 15149
34073 7173 15803
34074 7173 19289
34075 7173 19834
34076 7174 7202
34077 7174 7324
34078 7175 8969
34079 7175 10283
34080 7175 14734
34081 7175 14972
34082 7175 16454
34083 7176 8275
34084 7176 14502
34085 7176 14983
34086 7176 16730
34087 7177 9733
34088 7177 12711
34089 7177 18353
34090 7177 18470
34091 7178 7181
34092 7178 9737
34093 7178 10085
34094 7179 7181
34095 7179 7207
34096 7179 7265
34097 7179 7355
34098 7179 10085
34099 7180 8180
34100 7180 8702
34101 7180 15385
34102 7180 15386
34103 7181 7355
34104 7181 9737
34105 7181 10085
34106 7182 7545
34107 7182 7765
34108 7182 9863
34109 7182 11042
34110 7182 13233
34111 7183 8685
34112 7183 13331
34113 7183 15589
34114 7183 19526
34115 7184 12241
34116 7184 13649
34117 7184 15310
34118 7184 16632
34119 7184 16752
34120 7185 8430
34121 7185 13014
34122 7185 13113
34123 7185 13160
34124 7185 18453
34125 7185 18633
34126 7185 18960
34127 7186 7257
34128 7186 7269
34129 7186 8793
34130 7187 11452
34131 7187 16584
34132 7187 17373
34133 7187 19412
34134 7187 19420
34135 7188 7258
34136 7188 17571
34137 7188 18178
34138 7188 19479
34139 7189 10778
34140 7189 10783
34141 7189 18531
34142 7190 7385
34143 7190 7389
34144 7190 7450
34145 7190 10259
34146 7191 7194
34147 7191 7381
34148 7191 9457
34149 7191 9954
34150 7191 10089
34151 7192 7535
34152 7192 11949
34153 7192 16592
34154 7192 19369
34155 7193 7196
34156 7193 9849
34157 7193 10263
34158 7193 19976
34159 7194 7389
34160 7194 10089
34161 7194 10263
34162 7195 10042
34163 7195 15831
34164 7195 16042
34165 7195 17934
34166 7195 18883
34167 7196 9849
34168 7196 10254
34169 7196 10272
34170 7196 12363
34171 7196 19976
34172 7197 7269
34173 7197 7366
34174 7197 8372
34175 7198 7269
34176 7198 7366
34177 7199 7223
34178 7199 7348
34179 7199 7412
34180 7199 10063
34181 7199 10072
34182 7199 13389
34183 7200 10419
34184 7200 15779
34185 7200 17312
34186 7201 11596
34187 7201 11793
34188 7201 15809
34189 7201 17901
34190 7201 18290
34191 7202 9500
34192 7202 10266
34193 7203 8378
34194 7203 11540
34195 7203 19111
34196 7204 12750
34197 7204 13352
34198 7204 15969
34199 7204 18240
34200 7205 9070
34201 7205 10268
34202 7206 9045
34203 7206 9649
34204 7206 14518
34205 7206 14941
34206 7207 7355
34207 7207 8727
34208 7207 10027
34209 7208 7438
34210 7208 15392
34211 7208 16443
34212 7208 19678
34213 7209 9103
34214 7209 11751
34215 7209 12328
34216 7209 14567
34217 7210 10080
34218 7210 15564
34219 7210 17088
34220 7210 17169
34221 7210 17246
34222 7211 9194
34223 7212 12063
34224 7212 13072
34225 7212 14200
34226 7213 7284
34227 7213 7317
34228 7213 10072
34229 7213 13389
34230 7214 8977
34231 7214 9922
34232 7214 9928
34233 7214 10185
34234 7214 10280
34235 7215 7482
34236 7215 8242
34237 7215 9737
34238 7215 18159
34239 7216 7404
34240 7216 8638
34241 7216 12080
34242 7216 13341
34243 7217 7220
34244 7217 8428
34245 7217 18578
34246 7217 18805
34247 7217 19978
34248 7218 7406
34249 7218 10184
34250 7218 10275
34251 7218 14867
34252 7218 18599
34253 7219 12231
34254 7220 18805
34255 7220 19978
34256 7221 7232
34257 7221 10277
34258 7221 14477
34259 7222 9133
34260 7222 19888
34261 7223 7330
34262 7223 7412
34263 7223 10063
34264 7223 10225
34265 7224 7473
34266 7224 12182
34267 7224 12551
34268 7224 15983
34269 7224 17692
34270 7225 7353
34271 7225 11476
34272 7225 16547
34273 7225 17442
34274 7226 12174
34275 7226 12495
34276 7226 12772
34277 7226 13370
34278 7226 14909
34279 7226 18351
34280 7227 7537
34281 7227 10274
34282 7227 10280
34283 7227 12813
34284 7227 14384
34285 7227 17402
34286 7228 7611
34287 7228 8982
34288 7228 16294
34289 7229 8783
34290 7229 10278
34291 7229 10281
34292 7229 17623
34293 7229 18868
34294 7230 9579
34295 7230 12324
34296 7230 12784
34297 7230 17999
34298 7230 19072
34299 7230 19290
34300 7231 7419
34301 7231 10068
34302 7231 12814
34303 7231 13605
34304 7231 16985
34305 7231 19993
34306 7232 7292
34307 7233 7421
34308 7233 7460
34309 7233 10069
34310 7233 10109
34311 7233 11308
34312 7234 7420
34313 7234 10066
34314 7234 10252
34315 7234 10520
34316 7234 12814
34317 7235 12772
34318 7235 13397
34319 7235 14909
34320 7235 19145
34321 7236 10108
34322 7236 10388
34323 7236 10520
34324 7236 11310
34325 7236 11312
34326 7237 7270
34327 7237 7452
34328 7237 10101
34329 7237 10149
34330 7238 7286
34331 7238 7459
34332 7238 19971
34333 7238 19982
34334 7239 8492
34335 7239 10140
34336 7240 7282
34337 7240 7452
34338 7240 10103
34339 7240 10346
34340 7241 15676
34341 7241 17605
34342 7242 12359
34343 7242 12544
34344 7242 18042
34345 7242 18559
34346 7243 10866
34347 7243 11803
34348 7243 13597
34349 7243 16898
34350 7244 8818
34351 7244 13019
34352 7244 13745
34353 7244 18062
34354 7245 11909
34355 7245 11973
34356 7245 12092
34357 7245 14598
34358 7245 16447
34359 7246 11100
34360 7247 7782
34361 7247 11684
34362 7247 13603
34363 7247 14641
34364 7247 14715
34365 7248 11236
34366 7249 8795
34367 7249 14153
34368 7249 14154
34369 7249 14160
34370 7249 18496
34371 7250 8277
34372 7250 10056
34373 7250 10635
34374 7250 10639
34375 7250 10641
34376 7251 8090
34377 7251 11919
34378 7251 15759
34379 7251 17978
34380 7251 17992
34381 7252 8650
34382 7252 10695
34383 7252 16694
34384 7253 7254
34385 7253 7255
34386 7253 7655
34387 7253 8492
34388 7254 7255
34389 7254 7259
34390 7254 8335
34391 7255 7259
34392 7255 7655
34393 7255 10303
34394 7255 10309
34395 7256 9158
34396 7256 11980
34397 7256 12048
34398 7257 7382
34399 7257 8793
34400 7257 9954
34401 7257 18178
34402 7258 18178
34403 7259 7445
34404 7259 7446
34405 7259 8335
34406 7259 10309
34407 7260 7398
34408 7260 7594
34409 7260 10162
34410 7260 13502
34411 7261 8653
34412 7261 9647
34413 7261 13501
34414 7261 16027
34415 7262 11861
34416 7262 11886
34417 7262 15160
34418 7263 8453
34419 7263 10648
34420 7263 10654
34421 7263 10955
34422 7263 10990
34423 7264 10008
34424 7264 10009
34425 7264 11079
34426 7265 10085
34427 7265 10312
34428 7266 7844
34429 7266 11661
34430 7266 19308
34431 7267 8912
34432 7267 18807
34433 7267 18819
34434 7268 12922
34435 7268 19867
34436 7269 7366
34437 7270 7452
34438 7270 10101
34439 7270 10103
34440 7270 11108
34441 7271 9966
34442 7271 12050
34443 7271 12436
34444 7271 14454
34445 7271 16577
34446 7272 9354
34447 7272 9947
34448 7272 11888
34449 7272 15331
34450 7273 7549
34451 7273 10330
34452 7273 18772
34453 7273 19857
34454 7274 9595
34455 7274 15461
34456 7275 7283
34457 7275 9800
34458 7275 10330
34459 7275 10678
34460 7275 19980
34461 7276 7401
34462 7277 13732
34463 7277 14023
34464 7277 14699
34465 7277 17275
34466 7278 9947
34467 7278 14672
34468 7278 15149
34469 7278 15806
34470 7279 7282
34471 7279 7422
34472 7279 7735
34473 7279 10060
34474 7279 10346
34475 7279 10347
34476 7280 9010
34477 7280 11433
34478 7281 11321
34479 7281 11547
34480 7281 14940
34481 7282 7422
34482 7282 10346
34483 7283 7435
34484 7283 7549
34485 7283 10330
34486 7284 7410
34487 7284 13389
34488 7285 7322
34489 7286 9536
34490 7286 17893
34491 7286 19982
34492 7287 8936
34493 7287 12049
34494 7288 7289
34495 7288 7291
34496 7288 7460
34497 7288 10069
34498 7288 10160
34499 7289 7291
34500 7289 9597
34501 7289 10160
34502 7289 10881
34503 7290 7585
34504 7290 12406
34505 7290 15952
34506 7291 10069
34507 7291 11125
34508 7292 16471
34509 7292 19926
34510 7293 8567
34511 7293 15333
34512 7293 18712
34513 7294 15844
34514 7294 17676
34515 7295 7351
34516 7295 7594
34517 7295 9227
34518 7295 10025
34519 7296 12538
34520 7296 14812
34521 7296 16192
34522 7296 19110
34523 7297 7363
34524 7297 7377
34525 7297 9070
34526 7298 13294
34527 7299 10713
34528 7299 11587
34529 7299 18038
34530 7300 9447
34531 7300 12550
34532 7300 16929
34533 7300 18194
34534 7300 19172
34535 7301 14956
34536 7301 14989
34537 7301 14994
34538 7301 15284
34539 7301 17793
34540 7302 14301
34541 7302 14302
34542 7302 14845
34543 7302 17534
34544 7303 7592
34545 7303 10213
34546 7303 14442
34547 7303 14877
34548 7303 17410
34549 7303 17574
34550 7304 14820
34551 7304 17889
34552 7304 19814
34553 7305 7609
34554 7305 7953
34555 7305 8887
34556 7305 17727
34557 7305 19313
34558 7306 12501
34559 7306 13117
34560 7306 13118
34561 7306 17017
34562 7306 17759
34563 7306 18460
34564 7307 14349
34565 7307 18838
34566 7308 11637
34567 7308 12709
34568 7309 12973
34569 7310 8203
34570 7310 12354
34571 7310 12628
34572 7310 19892
34573 7311 9016
34574 7311 13163
34575 7311 13447
34576 7311 14187
34577 7311 18206
34578 7312 7479
34579 7312 7485
34580 7312 7489
34581 7312 10421
34582 7312 18704
34583 7313 8643
34584 7313 10131
34585 7313 10135
34586 7313 10498
34587 7313 18035
34588 7314 8210
34589 7314 14949
34590 7314 16807
34591 7315 15790
34592 7315 18764
34593 7316 7321
34594 7316 7491
34595 7316 7642
34596 7316 12212
34597 7316 14925
34598 7317 10072
34599 7317 10258
34600 7317 10631
34601 7318 10607
34602 7318 11120
34603 7318 16245
34604 7318 17885
34605 7319 9271
34606 7319 10787
34607 7319 17920
34608 7320 7624
34609 7320 9956
34610 7320 10104
34611 7321 7323
34612 7321 7642
34613 7321 11901
34614 7322 7324
34615 7322 10021
34616 7323 11971
34617 7323 14049
34618 7323 17345
34619 7324 10258
34620 7325 7498
34621 7325 12986
34622 7325 15000
34623 7325 17565
34624 7326 7337
34625 7326 8242
34626 7326 10233
34627 7327 8136
34628 7327 9677
34629 7327 15932
34630 7328 8347
34631 7328 11180
34632 7328 14955
34633 7328 15003
34634 7328 15356
34635 7328 19546
34636 7329 7333
34637 7329 8290
34638 7329 14941
34639 7329 15375
34640 7330 10063
34641 7331 11487
34642 7331 17721
34643 7332 7502
34644 7332 13531
34645 7332 14982
34646 7332 15021
34647 7332 16857
34648 7333 14941
34649 7333 15036
34650 7334 8771
34651 7334 13531
34652 7334 15005
34653 7334 15017
34654 7335 10058
34655 7335 11378
34656 7335 15755
34657 7335 17062
34658 7336 8196
34659 7336 9299
34660 7336 10975
34661 7336 12250
34662 7337 8242
34663 7337 9227
34664 7337 10212
34665 7338 8958
34666 7338 10502
34667 7338 13566
34668 7338 15887
34669 7338 19648
34670 7338 19879
34671 7339 9225
34672 7339 12064
34673 7339 13232
34674 7340 13956
34675 7340 14514
34676 7340 15047
34677 7340 17220
34678 7341 11052
34679 7341 11053
34680 7342 9099
34681 7342 14861
34682 7343 8866
34683 7343 9585
34684 7343 11762
34685 7343 14581
34686 7343 16258
34687 7343 16826
34688 7344 17044
34689 7345 8376
34690 7345 11553
34691 7346 12837
34692 7346 13086
34693 7347 7599
34694 7347 7615
34695 7347 9537
34696 7347 14586
34697 7347 14600
34698 7347 15035
34699 7348 7410
34700 7348 7412
34701 7348 13389
34702 7349 9488
34703 7349 10844
34704 7349 10951
34705 7349 11084
34706 7349 13074
34707 7350 10513
34708 7350 11574
34709 7350 15189
34710 7350 15736
34711 7350 18601
34712 7351 7594
34713 7351 9227
34714 7351 10161
34715 7351 10162
34716 7352 10211
34717 7352 12859
34718 7352 15280
34719 7352 19039
34720 7352 19103
34721 7353 11476
34722 7353 16547
34723 7353 17768
34724 7353 19463
34725 7354 7538
34726 7354 8086
34727 7354 13083
34728 7354 15237
34729 7355 8727
34730 7355 10407
34731 7356 7432
34732 7356 10186
34733 7356 14374
34734 7356 16241
34735 7357 8107
34736 7357 8697
34737 7359 11302
34738 7359 13025
34739 7359 13539
34740 7359 19068
34741 7360 7602
34742 7360 10061
34743 7360 10163
34744 7360 10497
34745 7360 11494
34746 7361 7834
34747 7361 8595
34748 7361 9501
34749 7361 10131
34750 7361 19307
34751 7362 12234
34752 7362 14126
34753 7362 14666
34754 7362 14670
34755 7362 15153
34756 7363 9070
34757 7363 10253
34758 7364 11962
34759 7364 14585
34760 7364 14592
34761 7364 14616
34762 7364 15118
34763 7365 7933
34764 7365 12692
34765 7365 12768
34766 7365 13063
34767 7365 14728
34768 7365 18416
34769 7367 8338
34770 7367 8497
34771 7367 10402
34772 7367 14398
34773 7367 14400
34774 7367 14788
34775 7368 12391
34776 7368 13167
34777 7368 13482
34778 7368 16475
34779 7368 17541
34780 7368 18229
34781 7369 10332
34782 7369 10820
34783 7369 13720
34784 7370 8416
34785 7370 9616
34786 7371 9445
34787 7371 16551
34788 7372 7763
34789 7372 9841
34790 7372 15789
34791 7372 18404
34792 7373 9030
34793 7373 14518
34794 7374 7433
34795 7374 10996
34796 7374 14889
34797 7374 17823
34798 7374 18116
34799 7375 18185
34800 7376 9955
34801 7376 10122
34802 7376 18048
34803 7377 10229
34804 7378 11178
34805 7378 12801
34806 7378 14706
34807 7378 14753
34808 7379 11294
34809 7379 14148
34810 7380 9549
34811 7380 10792
34812 7380 10871
34813 7380 19261
34814 7381 7382
34815 7381 9954
34816 7381 10089
34817 7381 10180
34818 7382 9954
34819 7382 10180
34820 7382 18178
34821 7382 19479
34822 7383 9188
34823 7383 15907
34824 7383 17654
34825 7384 8776
34826 7384 17427
34827 7384 18505
34828 7384 18624
34829 7384 19813
34830 7384 20001
34831 7385 7450
34832 7385 8842
34833 7385 10090
34834 7385 10261
34835 7386 8714
34836 7386 10778
34837 7386 10783
34838 7386 10942
34839 7386 12853
34840 7387 12361
34841 7388 15085
34842 7388 18790
34843 7389 10089
34844 7389 10259
34845 7390 9144
34846 7390 14650
34847 7390 15237
34848 7391 9405
34849 7392 8868
34850 7392 9021
34851 7392 16771
34852 7393 7539
34853 7393 8246
34854 7393 11558
34855 7393 12403
34856 7394 10238
34857 7394 10251
34858 7394 13780
34859 7395 9442
34860 7395 9740
34861 7395 11266
34862 7395 14420
34863 7395 14929
34864 7395 17299
34865 7396 9329
34866 7396 9659
34867 7396 14051
34868 7396 18686
34869 7396 19769
34870 7397 10015
34871 7397 10245
34872 7397 10269
34873 7397 10271
34874 7397 12155
34875 7397 14230
34876 7398 10162
34877 7398 10168
34878 7398 13502
34879 7399 8798
34880 7399 11204
34881 7399 11890
34882 7399 19887
34883 7400 13673
34884 7400 14981
34885 7400 16405
34886 7400 17460
34887 7400 17604
34888 7401 12489
34889 7401 17878
34890 7402 7990
34891 7403 11056
34892 7403 11639
34893 7403 11758
34894 7403 12036
34895 7403 15846
34896 7403 17833
34897 7404 9320
34898 7404 12080
34899 7404 14276
34900 7404 19408
34901 7405 10660
34902 7405 13280
34903 7406 10184
34904 7406 10236
34905 7406 10445
34906 7406 11581
34907 7406 14867
34908 7407 11586
34909 7407 17437
34910 7408 9467
34911 7408 16125
34912 7408 17933
34913 7409 7551
34914 7409 10681
34915 7409 14954
34916 7409 17225
34917 7410 13389
34918 7411 7550
34919 7411 9936
34920 7411 9944
34921 7412 9988
34922 7412 10225
34923 7413 10864
34924 7413 11613
34925 7414 11257
34926 7414 16593
34927 7415 7543
34928 7415 8158
34929 7415 12193
34930 7415 13359
34931 7415 18164
34932 7416 11538
34933 7416 12154
34934 7416 15291
34935 7416 15800
34936 7416 19581
34937 7417 7560
34938 7417 12861
34939 7417 12928
34940 7417 18606
34941 7418 9648
34942 7418 10461
34943 7418 10795
34944 7418 11908
34945 7418 14161
34946 7419 9398
34947 7419 12197
34948 7419 16985
34949 7419 18851
34950 7419 19993
34951 7420 7520
34952 7420 10108
34953 7420 10163
34954 7420 10252
34955 7420 10520
34956 7421 7460
34957 7421 7735
34958 7421 10109
34959 7421 10350
34960 7421 14283
34961 7422 7735
34962 7422 10070
34963 7423 7451
34964 7423 9582
34965 7424 9780
34966 7424 16216
34967 7425 11685
34968 7425 12011
34969 7425 13578
34970 7426 8290
34971 7426 9326
34972 7426 13504
34973 7426 15375
34974 7427 8275
34975 7427 10357
34976 7427 14983
34977 7427 15666
34978 7427 17690
34979 7428 7758
34980 7428 14510
34981 7428 17237
34982 7428 18053
34983 7429 7506
34984 7429 10449
34985 7429 10661
34986 7429 13687
34987 7430 11497
34988 7430 18666
34989 7431 14331
34990 7431 14333
34991 7431 14334
34992 7431 15782
34993 7432 11138
34994 7432 11397
34995 7432 11718
34996 7432 14374
34997 7433 12595
34998 7433 14010
34999 7433 17823
35000 7434 14469
35001 7434 17682
35002 7434 19787
35003 7435 7549
35004 7436 9085
35005 7436 10858
35006 7436 14073
35007 7436 15421
35008 7437 14117
35009 7437 14211
35010 7437 14373
35011 7437 14748
35012 7437 15087
35013 7438 8203
35014 7438 12354
35015 7438 15392
35016 7439 10432
35017 7439 11336
35018 7440 9575
35019 7440 11215
35020 7440 12088
35021 7441 10749
35022 7441 10861
35023 7441 15043
35024 7441 19206
35025 7441 19836
35026 7442 12260
35027 7442 12264
35028 7442 12291
35029 7442 14538
35030 7442 14545
35031 7443 9274
35032 7443 9360
35033 7443 15825
35034 7444 10115
35035 7444 11924
35036 7444 12764
35037 7445 7446
35038 7445 8335
35039 7445 10009
35040 7446 10309
35041 7447 8193
35042 7447 17404
35043 7448 8556
35044 7448 9758
35045 7448 13800
35046 7448 15411
35047 7448 19221
35048 7449 19949
35049 7450 10090
35050 7450 13604
35051 7451 8098
35052 7451 9582
35053 7451 10101
35054 7452 10103
35055 7452 10149
35056 7453 7556
35057 7453 9328
35058 7454 9576
35059 7454 14533
35060 7454 19499
35061 7455 9963
35062 7455 11564
35063 7456 11104
35064 7457 9800
35065 7457 19700
35066 7458 10979
35067 7458 12844
35068 7458 16614
35069 7459 19971
35070 7460 10069
35071 7460 14283
35072 7461 7927
35073 7461 11789
35074 7461 13161
35075 7461 19469
35076 7462 12956
35077 7462 14348
35078 7463 7510
35079 7463 10392
35080 7463 11980
35081 7463 14596
35082 7463 17432
35083 7464 14530
35084 7464 16393
35085 7464 16753
35086 7465 10231
35087 7465 18547
35088 7465 18897
35089 7466 15579
35090 7466 18820
35091 7467 12295
35092 7467 12410
35093 7467 15631
35094 7467 17794
35095 7467 19096
35096 7468 7536
35097 7468 15131
35098 7468 15133
35099 7468 15845
35100 7469 9066
35101 7469 13146
35102 7469 13149
35103 7469 13304
35104 7469 19116
35105 7469 19126
35106 7470 8658
35107 7470 15475
35108 7471 7904
35109 7471 16706
35110 7471 17052
35111 7471 18773
35112 7472 9159
35113 7472 11698
35114 7472 12265
35115 7472 12826
35116 7472 16382
35117 7472 16385
35118 7473 12515
35119 7473 17692
35120 7474 12235
35121 7474 12527
35122 7474 17297
35123 7474 17311
35124 7474 17319
35125 7474 19828
35126 7475 12129
35127 7475 16425
35128 7475 16427
35129 7475 18482
35130 7475 18802
35131 7476 8497
35132 7476 8694
35133 7476 13148
35134 7476 13543
35135 7476 14397
35136 7476 14398
35137 7476 17715
35138 7477 8127
35139 7477 8761
35140 7477 18015
35141 7478 7809
35142 7479 7485
35143 7479 7489
35144 7479 7492
35145 7479 8254
35146 7479 10057
35147 7480 9292
35148 7480 10240
35149 7480 10886
35150 7480 17191
35151 7480 17358
35152 7481 7484
35153 7481 7490
35154 7481 10030
35155 7481 10054
35156 7481 10055
35157 7481 17652
35158 7482 7630
35159 7482 16280
35160 7482 17486
35161 7482 18159
35162 7483 13487
35163 7483 13973
35164 7484 7490
35165 7484 10027
35166 7484 10030
35167 7484 10050
35168 7484 18704
35169 7485 7490
35170 7485 10057
35171 7485 10344
35172 7485 18704
35173 7486 7574
35174 7486 7677
35175 7486 11187
35176 7487 9619
35177 7487 9818
35178 7487 10859
35179 7487 13703
35180 7488 12122
35181 7488 13644
35182 7488 13646
35183 7488 16660
35184 7488 17971
35185 7489 8254
35186 7489 10229
35187 7489 10421
35188 7490 10054
35189 7490 10344
35190 7490 18704
35191 7491 10082
35192 7491 10475
35193 7491 12212
35194 7491 14925
35195 7491 14990
35196 7492 7787
35197 7492 8254
35198 7492 9957
35199 7492 10057
35200 7492 10343
35201 7493 12573
35202 7494 10132
35203 7494 10628
35204 7495 11903
35205 7495 12986
35206 7495 14049
35207 7495 14898
35208 7495 17565
35209 7496 7818
35210 7496 11275
35211 7496 15157
35212 7497 9761
35213 7497 11895
35214 7497 14918
35215 7497 14921
35216 7497 14968
35217 7498 9075
35218 7498 12986
35219 7498 15000
35220 7498 15169
35221 7499 14824
35222 7499 14958
35223 7499 14967
35224 7499 15017
35225 7500 10646
35226 7500 12018
35227 7500 15080
35228 7500 17603
35229 7500 19308
35230 7501 10365
35231 7501 11393
35232 7501 11963
35233 7501 14435
35234 7501 14644
35235 7502 8771
35236 7502 11357
35237 7502 13531
35238 7502 15021
35239 7502 19322
35240 7503 8084
35241 7503 19825
35242 7504 9236
35243 7504 14204
35244 7504 19586
35245 7505 9790
35246 7505 9940
35247 7505 10064
35248 7505 16214
35249 7506 13687
35250 7506 15542
35251 7507 8610
35252 7507 8847
35253 7507 12281
35254 7507 12315
35255 7507 18107
35256 7508 11455
35257 7509 8270
35258 7509 8692
35259 7509 12049
35260 7510 7512
35261 7510 8665
35262 7510 10392
35263 7510 11725
35264 7511 8506
35265 7511 12072
35266 7511 12218
35267 7511 16707
35268 7511 17529
35269 7512 8665
35270 7512 10887
35271 7513 9563
35272 7513 12014
35273 7513 15197
35274 7513 16707
35275 7513 19979
35276 7514 7542
35277 7514 8496
35278 7514 16711
35279 7515 10304
35280 7515 11386
35281 7516 7533
35282 7516 9727
35283 7516 13769
35284 7516 16727
35285 7517 8626
35286 7517 11406
35287 7517 12229
35288 7517 16693
35289 7518 12090
35290 7519 8604
35291 7519 11408
35292 7519 12034
35293 7519 13667
35294 7519 14664
35295 7520 9597
35296 7520 10108
35297 7520 10881
35298 7521 9362
35299 7521 10004
35300 7521 14038
35301 7521 17131
35302 7522 8513
35303 7522 10323
35304 7522 13915
35305 7523 9114
35306 7523 12299
35307 7523 14339
35308 7523 14933
35309 7523 16389
35310 7524 8983
35311 7524 10539
35312 7524 19741
35313 7524 19756
35314 7525 8099
35315 7525 15426
35316 7525 19036
35317 7526 8240
35318 7526 8771
35319 7526 11357
35320 7526 14958
35321 7527 13093
35322 7527 13238
35323 7527 19151
35324 7528 7705
35325 7528 7714
35326 7528 15720
35327 7528 17718
35328 7528 18129
35329 7529 8178
35330 7529 14564
35331 7529 15560
35332 7529 19830
35333 7530 7534
35334 7530 9921
35335 7530 15925
35336 7530 17402
35337 7530 17489
35338 7531 8988
35339 7531 10348
35340 7532 9817
35341 7532 17770
35342 7533 12042
35343 7533 15088
35344 7533 16727
35345 7534 9857
35346 7534 15925
35347 7534 17343
35348 7534 17489
35349 7535 9922
35350 7535 9924
35351 7535 9928
35352 7535 19369
35353 7536 14645
35354 7536 15124
35355 7536 15133
35356 7537 9921
35357 7537 9924
35358 7537 9928
35359 7537 10280
35360 7537 17402
35361 7538 8086
35362 7538 14645
35363 7538 15124
35364 7538 15237
35365 7539 8246
35366 7539 11264
35367 7539 12403
35368 7539 15085
35369 7540 9929
35370 7540 13670
35371 7540 13780
35372 7541 9964
35373 7541 10130
35374 7541 10219
35375 7541 10298
35376 7541 10299
35377 7542 12071
35378 7542 16710
35379 7542 16711
35380 7543 8158
35381 7543 13359
35382 7543 14346
35383 7543 14643
35384 7544 10378
35385 7544 14763
35386 7545 7765
35387 7545 13233
35388 7545 15594
35389 7545 18123
35390 7546 17197
35391 7546 18317
35392 7547 9493
35393 7547 9524
35394 7547 10067
35395 7547 11966
35396 7547 17423
35397 7548 7556
35398 7548 8674
35399 7548 9328
35400 7548 15706
35401 7548 15848
35402 7548 17380
35403 7549 10330
35404 7549 19857
35405 7550 8691
35406 7550 8796
35407 7550 9936
35408 7551 10385
35409 7551 10434
35410 7552 10492
35411 7553 9520
35412 7553 13252
35413 7553 18854
35414 7553 19582
35415 7554 11119
35416 7554 11683
35417 7554 12009
35418 7554 17649
35419 7555 12024
35420 7555 16699
35421 7555 18684
35422 7556 9328
35423 7556 15706
35424 7557 8899
35425 7557 10517
35426 7557 11514
35427 7557 12026
35428 7557 16708
35429 7558 10132
35430 7558 10425
35431 7558 10473
35432 7558 14450
35433 7559 8257
35434 7559 8552
35435 7560 9885
35436 7560 12861
35437 7560 12928
35438 7561 15807
35439 7561 18024
35440 7562 10434
35441 7562 10703
35442 7563 9376
35443 7563 9726
35444 7563 9883
35445 7563 12491
35446 7564 11750
35447 7564 11776
35448 7564 15143
35449 7564 16583
35450 7565 9713
35451 7565 14730
35452 7565 15385
35453 7565 15386
35454 7565 15575
35455 7566 11271
35456 7566 11583
35457 7566 14234
35458 7566 15599
35459 7567 8235
35460 7567 8690
35461 7567 8742
35462 7567 17743
35463 7567 19158
35464 7568 11135
35465 7568 11297
35466 7569 8313
35467 7569 8832
35468 7569 9170
35469 7569 18931
35470 7569 19184
35471 7570 8654
35472 7570 10339
35473 7570 14943
35474 7570 14956
35475 7570 14994
35476 7571 7690
35477 7571 9556
35478 7571 11612
35479 7571 16621
35480 7571 18192
35481 7572 8333
35482 7572 8747
35483 7572 10786
35484 7572 13826
35485 7572 15463
35486 7572 16982
35487 7573 9688
35488 7573 10695
35489 7573 11652
35490 7574 11566
35491 7574 15915
35492 7575 9149
35493 7575 14681
35494 7575 14682
35495 7575 15683
35496 7575 16180
35497 7575 17717
35498 7576 8348
35499 7576 15013
35500 7576 15077
35501 7576 15081
35502 7577 10052
35503 7577 10420
35504 7577 17766
35505 7579 7795
35506 7579 8213
35507 7579 19896
35508 7580 17965
35509 7581 7851
35510 7581 20000
35511 7582 8569
35512 7582 8752
35513 7582 10658
35514 7582 18025
35515 7582 18252
35516 7583 9377
35517 7583 14116
35518 7583 15274
35519 7583 15284
35520 7583 17091
35521 7584 8352
35522 7584 8758
35523 7584 17094
35524 7585 10037
35525 7585 12406
35526 7586 11177
35527 7586 11453
35528 7586 11493
35529 7586 11513
35530 7586 13488
35531 7586 17785
35532 7586 18917
35533 7587 9339
35534 7587 9594
35535 7587 10877
35536 7588 10197
35537 7588 10293
35538 7589 10708
35539 7589 18916
35540 7590 8637
35541 7590 10682
35542 7591 8183
35543 7591 14076
35544 7591 15896
35545 7591 19320
35546 7592 10213
35547 7592 14442
35548 7592 18557
35549 7593 9746
35550 7593 13467
35551 7593 13719
35552 7593 15315
35553 7594 10025
35554 7594 10162
35555 7595 8620
35556 7595 11216
35557 7595 11328
35558 7595 17232
35559 7596 10092
35560 7596 11516
35561 7596 11743
35562 7596 16066
35563 7596 16069
35564 7597 11696
35565 7597 11710
35566 7597 11724
35567 7597 14688
35568 7597 17746
35569 7598 11599
35570 7598 14375
35571 7598 14697
35572 7598 14945
35573 7599 9537
35574 7599 14586
35575 7599 17714
35576 7599 18053
35577 7600 8028
35578 7600 11642
35579 7601 10949
35580 7601 14056
35581 7601 14212
35582 7601 15258
35583 7602 10163
35584 7602 10252
35585 7602 11494
35586 7602 13605
35587 7603 8470
35588 7603 11936
35589 7603 15967
35590 7603 16342
35591 7603 17620
35592 7604 10858
35593 7604 13241
35594 7605 7921
35595 7605 11429
35596 7605 14738
35597 7605 16060
35598 7605 16068
35599 7606 12513
35600 7607 8539
35601 7607 15516
35602 7607 19478
35603 7608 8815
35604 7608 11783
35605 7608 19044
35606 7609 8839
35607 7609 17727
35608 7610 10844
35609 7610 11031
35610 7610 11084
35611 7610 15645
35612 7611 8982
35613 7611 15090
35614 7612 11470
35615 7612 12308
35616 7612 14147
35617 7612 14406
35618 7612 14408
35619 7612 15062
35620 7613 10458
35621 7613 12513
35622 7613 15061
35623 7613 15103
35624 7614 7722
35625 7614 10459
35626 7614 14807
35627 7614 15061
35628 7615 14586
35629 7615 14600
35630 7615 15025
35631 7615 15036
35632 7615 16262
35633 7616 9978
35634 7616 14507
35635 7616 15156
35636 7616 15210
35637 7616 15746
35638 7617 10640
35639 7617 15849
35640 7617 16967
35641 7617 17325
35642 7617 18777
35643 7618 7865
35644 7618 9378
35645 7618 12317
35646 7619 8215
35647 7619 8264
35648 7619 15754
35649 7619 16325
35650 7619 18664
35651 7620 10217
35652 7620 19107
35653 7621 8081
35654 7621 18801
35655 7622 9920
35656 7623 11674
35657 7623 14409
35658 7623 14411
35659 7624 9956
35660 7624 9991
35661 7624 10035
35662 7625 10198
35663 7625 14422
35664 7625 15359
35665 7626 12722
35666 7626 12770
35667 7626 13554
35668 7626 16118
35669 7626 16892
35670 7627 9425
35671 7627 12384
35672 7627 13788
35673 7627 16703
35674 7627 17510
35675 7627 19332
35676 7628 11525
35677 7628 19645
35678 7629 10534
35679 7629 14916
35680 7630 8816
35681 7630 10212
35682 7630 17486
35683 7631 7665
35684 7631 7701
35685 7631 7711
35686 7631 16143
35687 7631 17742
35688 7631 18902
35689 7632 9704
35690 7632 11568
35691 7633 7634
35692 7633 7675
35693 7633 15473
35694 7633 17722
35695 7634 9185
35696 7634 9543
35697 7634 15473
35698 7634 18161
35699 7635 8646
35700 7635 10179
35701 7635 11965
35702 7635 16034
35703 7636 8707
35704 7636 11391
35705 7636 15431
35706 7637 7746
35707 7637 16561
35708 7637 19720
35709 7637 19807
35710 7638 11180
35711 7638 14117
35712 7638 14748
35713 7638 15095
35714 7638 19546
35715 7639 7785
35716 7639 9795
35717 7639 17700
35718 7640 8557
35719 7640 14213
35720 7640 15233
35721 7641 8228
35722 7641 9087
35723 7641 10732
35724 7641 15034
35725 7641 15089
35726 7642 11901
35727 7642 12212
35728 7642 13357
35729 7644 12955
35730 7644 19310
35731 7645 7825
35732 7645 17107
35733 7645 19759
35734 7646 14078
35735 7646 15145
35736 7646 15554
35737 7646 16971
35738 7647 8571
35739 7647 8836
35740 7647 10837
35741 7647 12652
35742 7647 14773
35743 7648 8954
35744 7648 13510
35745 7648 15709
35746 7648 18403
35747 7649 8376
35748 7649 11222
35749 7649 15646
35750 7650 9048
35751 7650 11533
35752 7650 14618
35753 7650 15039
35754 7650 16264
35755 7651 7683
35756 7651 8461
35757 7652 16630
35758 7652 16631
35759 7652 16633
35760 7652 17068
35761 7652 17387
35762 7653 8726
35763 7653 14630
35764 7653 19669
35765 7654 13806
35766 7654 16469
35767 7655 9352
35768 7655 10303
35769 7656 12878
35770 7656 16606
35771 7656 19936
35772 7657 8441
35773 7657 8523
35774 7657 9827
35775 7657 10564
35776 7657 15256
35777 7657 16708
35778 7658 10755
35779 7658 12657
35780 7658 12675
35781 7659 10573
35782 7659 15686
35783 7659 16413
35784 7659 16694
35785 7659 17415
35786 7660 7680
35787 7660 7832
35788 7660 9122
35789 7661 12588
35790 7661 12972
35791 7661 14233
35792 7662 12112
35793 7662 17887
35794 7662 19884
35795 7662 19887
35796 7663 12542
35797 7663 13255
35798 7663 14227
35799 7663 19909
35800 7664 10452
35801 7664 14399
35802 7664 17192
35803 7665 7701
35804 7665 16143
35805 7665 18050
35806 7665 18056
35807 7665 18115
35808 7666 8941
35809 7666 11286
35810 7666 12365
35811 7666 12892
35812 7666 14098
35813 7666 14701
35814 7667 9770
35815 7667 13364
35816 7667 13656
35817 7667 17456
35818 7667 18357
35819 7668 8302
35820 7668 17556
35821 7668 20005
35822 7669 8429
35823 7669 12977
35824 7669 18624
35825 7669 20001
35826 7670 13861
35827 7670 14253
35828 7670 16600
35829 7670 17924
35830 7670 18982
35831 7671 9036
35832 7671 16769
35833 7671 18202
35834 7671 18552
35835 7671 18981
35836 7672 9244
35837 7672 11466
35838 7672 13263
35839 7672 17386
35840 7673 7754
35841 7673 8882
35842 7673 11447
35843 7673 19694
35844 7674 10311
35845 7674 13210
35846 7674 15777
35847 7674 19575
35848 7675 15075
35849 7675 17722
35850 7676 19806
35851 7677 9202
35852 7677 14875
35853 7677 17389
35854 7678 10190
35855 7678 12015
35856 7678 13949
35857 7678 14974
35858 7679 8112
35859 7679 8946
35860 7679 9221
35861 7679 16990
35862 7680 9122
35863 7680 17887
35864 7681 10450
35865 7681 15537
35866 7682 11607
35867 7683 8461
35868 7683 9601
35869 7683 18215
35870 7684 18861
35871 7685 19148
35872 7685 19215
35873 7686 10286
35874 7686 13403
35875 7686 14890
35876 7688 11388
35877 7688 12886
35878 7688 15703
35879 7689 12834
35880 7690 8917
35881 7690 9556
35882 7690 11612
35883 7691 10206
35884 7691 10208
35885 7691 11301
35886 7692 10048
35887 7692 15412
35888 7693 9590
35889 7693 9910
35890 7693 10202
35891 7693 11412
35892 7693 14851
35893 7693 19954
35894 7694 8125
35895 7694 19500
35896 7695 9787
35897 7695 13254
35898 7695 15701
35899 7696 8303
35900 7696 15884
35901 7696 19722
35902 7697 8583
35903 7697 11420
35904 7697 14164
35905 7697 14797
35906 7697 14885
35907 7697 17786
35908 7698 9821
35909 7698 13654
35910 7698 15688
35911 7698 19030
35912 7699 8287
35913 7699 12105
35914 7699 16086
35915 7699 16854
35916 7700 9830
35917 7700 15791
35918 7700 18301
35919 7701 15444
35920 7701 18115
35921 7701 18196
35922 7702 13673
35923 7702 16275
35924 7702 16284
35925 7702 16285
35926 7702 16405
35927 7702 16407
35928 7702 18224
35929 7703 7906
35930 7703 8975
35931 7704 15940
35932 7704 18078
35933 7705 7714
35934 7705 8269
35935 7705 15720
35936 7705 17689
35937 7705 18904
35938 7706 12415
35939 7706 12858
35940 7706 16394
35941 7706 19349
35942 7707 10781
35943 7707 15872
35944 7707 15973
35945 7708 8934
35946 7708 9334
35947 7708 18734
35948 7709 7720
35949 7709 10912
35950 7709 11499
35951 7709 14415
35952 7710 8100
35953 7710 9653
35954 7710 11329
35955 7711 16143
35956 7711 17765
35957 7711 18013
35958 7711 18902
35959 7712 7953
35960 7712 11714
35961 7712 13044
35962 7712 16814
35963 7713 9513
35964 7713 9736
35965 7713 16380
35966 7714 10034
35967 7714 11383
35968 7714 17689
35969 7715 10086
35970 7716 9901
35971 7716 15103
35972 7716 17725
35973 7716 18133
35974 7717 7721
35975 7717 9841
35976 7717 12865
35977 7718 8081
35978 7718 11585
35979 7718 15058
35980 7718 17811
35981 7719 13184
35982 7720 11499
35983 7720 11840
35984 7720 17505
35985 7720 17811
35986 7721 9841
35987 7721 19652
35988 7721 19730
35989 7722 8953
35990 7722 10459
35991 7722 14807
35992 7723 9914
35993 7723 18828
35994 7723 19808
35995 7724 7783
35996 7724 8353
35997 7724 8889
35998 7724 13267
35999 7726 18839
36000 7726 18985
36001 7727 18842
36002 7728 7747
36003 7728 9811
36004 7728 14028
36005 7728 14190
36006 7728 14191
36007 7729 8993
36008 7729 9700
36009 7729 19621
36010 7729 19666
36011 7730 10606
36012 7730 10842
36013 7730 13138
36014 7731 9771
36015 7731 9825
36016 7731 11454
36017 7731 11600
36018 7732 8004
36019 7732 8999
36020 7732 12068
36021 7732 13097
36022 7732 19642
36023 7733 9809
36024 7733 19757
36025 7734 11881
36026 7734 11882
36027 7734 17841
36028 7735 10070
36029 7735 10109
36030 7735 10347
36031 7735 10350
36032 7736 19796
36033 7737 16988
36034 7737 18131
36035 7737 19300
36036 7738 9372
36037 7738 15218
36038 7738 15694
36039 7738 16008
36040 7739 15891
36041 7739 17530
36042 7739 17751
36043 7739 17851
36044 7740 9680
36045 7740 14719
36046 7740 17400
36047 7740 17449
36048 7741 10891
36049 7741 10928
36050 7742 11258
36051 7742 11438
36052 7742 11448
36053 7742 15158
36054 7743 19298
36055 7743 19609
36056 7743 19691
36057 7743 19797
36058 7744 13186
36059 7744 14780
36060 7744 15414
36061 7745 9814
36062 7745 15006
36063 7745 15364
36064 7745 16623
36065 7746 8020
36066 7746 9432
36067 7746 11835
36068 7746 19807
36069 7747 13865
36070 7747 13869
36071 7747 14190
36072 7747 14284
36073 7748 10957
36074 7748 19747
36075 7749 13754
36076 7749 14733
36077 7750 10362
36078 7750 11452
36079 7750 15769
36080 7750 17692
36081 7751 10841
36082 7751 11575
36083 7751 14350
36084 7751 16360
36085 7752 8623
36086 7752 12874
36087 7752 18833
36088 7753 8179
36089 7753 9131
36090 7753 12454
36091 7753 13660
36092 7753 16615
36093 7754 7859
36094 7754 8882
36095 7754 11447
36096 7755 15140
36097 7755 19686
36098 7756 8130
36099 7756 12703
36100 7756 14564
36101 7756 15560
36102 7757 9916
36103 7757 9943
36104 7758 9537
36105 7758 14494
36106 7758 14510
36107 7758 14594
36108 7758 18053
36109 7759 7761
36110 7759 8855
36111 7759 12959
36112 7760 11687
36113 7760 16994
36114 7761 8109
36115 7761 19732
36116 7762 18303
36117 7762 18304
36118 7762 18307
36119 7762 18845
36120 7762 18864
36121 7763 15789
36122 7763 18404
36123 7764 15483
36124 7764 18406
36125 7765 10993
36126 7765 11031
36127 7765 15594
36128 7766 8303
36129 7766 18034
36130 7767 7938
36131 7767 14991
36132 7767 15481
36133 7767 19577
36134 7768 8839
36135 7768 9975
36136 7768 16229
36137 7769 7772
36138 7769 8227
36139 7769 15671
36140 7769 19538
36141 7770 7772
36142 7770 8227
36143 7770 18866
36144 7770 18938
36145 7771 11004
36146 7771 18596
36147 7771 19031
36148 7771 19529
36149 7771 19732
36150 7772 8227
36151 7772 19538
36152 7773 9314
36153 7773 13287
36154 7774 9508
36155 7774 14636
36156 7774 17343
36157 7775 12179
36158 7775 13838
36159 7775 16116
36160 7775 16601
36161 7775 17306
36162 7775 18030
36163 7776 9581
36164 7776 14603
36165 7776 17815
36166 7776 18933
36167 7776 18950
36168 7777 8280
36169 7777 18503
36170 7777 19840
36171 7777 19928
36172 7778 8586
36173 7778 10675
36174 7778 17728
36175 7778 18161
36176 7778 19562
36177 7779 8605
36178 7779 15662
36179 7779 19150
36180 7780 8280
36181 7780 9410
36182 7780 10222
36183 7780 18503
36184 7781 8153
36185 7781 9517
36186 7781 18136
36187 7781 18516
36188 7782 11431
36189 7782 11531
36190 7782 14641
36191 7782 14715
36192 7782 15154
36193 7783 8353
36194 7783 15490
36195 7783 18381
36196 7784 8475
36197 7784 8773
36198 7784 13196
36199 7784 14854
36200 7784 19201
36201 7785 9795
36202 7785 17218
36203 7785 17700
36204 7785 19852
36205 7786 8332
36206 7786 9194
36207 7786 15654
36208 7787 9957
36209 7787 10057
36210 7787 10344
36211 7788 7795
36212 7788 9932
36213 7788 17156
36214 7789 7878
36215 7789 8156
36216 7789 8735
36217 7789 10170
36218 7790 11524
36219 7790 17894
36220 7790 18085
36221 7790 19822
36222 7791 9255
36223 7791 15923
36224 7792 9564
36225 7792 11624
36226 7792 11669
36227 7792 11767
36228 7792 17339
36229 7793 11632
36230 7793 17894
36231 7793 19804
36232 7794 13166
36233 7794 15737
36234 7794 18085
36235 7795 16098
36236 7795 17156
36237 7795 19896
36238 7796 7799
36239 7796 7802
36240 7796 19214
36241 7797 12138
36242 7797 14322
36243 7797 18072
36244 7797 19428
36245 7797 19440
36246 7798 8111
36247 7798 9482
36248 7798 9596
36249 7798 11004
36250 7798 16720
36251 7799 7802
36252 7799 8204
36253 7799 12486
36254 7799 18983
36255 7800 7802
36256 7800 18984
36257 7800 19214
36258 7801 13281
36259 7801 15079
36260 7802 8204
36261 7802 19214
36262 7803 9731
36263 7803 9898
36264 7803 14829
36265 7803 15568
36266 7803 15999
36267 7804 12201
36268 7804 12508
36269 7804 13645
36270 7804 13741
36271 7804 17020
36272 7804 18871
36273 7805 8352
36274 7805 9968
36275 7805 10597
36276 7805 13085
36277 7805 14240
36278 7805 14844
36279 7806 9156
36280 7806 13384
36281 7806 16883
36282 7806 19189
36283 7806 19273
36284 7807 7940
36285 7807 10965
36286 7807 12933
36287 7807 13111
36288 7807 16320
36289 7807 18314
36290 7808 12269
36291 7808 16478
36292 7808 16515
36293 7808 17509
36294 7808 18114
36295 7809 13423
36296 7810 11254
36297 7810 12625
36298 7810 14779
36299 7810 17506
36300 7810 18605
36301 7811 8284
36302 7811 10083
36303 7811 12001
36304 7812 14524
36305 7812 16230
36306 7812 16563
36307 7812 19566
36308 7813 9396
36309 7813 11441
36310 7813 13586
36311 7813 16941
36312 7814 8667
36313 7814 16864
36314 7814 16879
36315 7814 19627
36316 7815 8119
36317 7815 12348
36318 7815 12413
36319 7815 12427
36320 7816 9889
36321 7816 15597
36322 7816 19931
36323 7816 20009
36324 7817 13692
36325 7817 13776
36326 7818 19923
36327 7820 8022
36328 7820 12208
36329 7820 12893
36330 7821 9875
36331 7821 15064
36332 7822 8379
36333 7822 9226
36334 7822 16812
36335 7822 17030
36336 7822 17173
36337 7823 9316
36338 7823 9909
36339 7823 10938
36340 7823 18997
36341 7824 9891
36342 7824 13306
36343 7824 18949
36344 7825 8296
36345 7825 9572
36346 7825 17107
36347 7825 19281
36348 7826 15327
36349 7826 15480
36350 7827 9709
36351 7827 9877
36352 7827 14128
36353 7827 15897
36354 7828 8082
36355 7828 8553
36356 7828 11693
36357 7828 14108
36358 7828 15361
36359 7828 19177
36360 7829 9881
36361 7829 13827
36362 7829 16205
36363 7829 17251
36364 7830 8595
36365 7830 15655
36366 7830 15699
36367 7830 15943
36368 7831 9887
36369 7831 10296
36370 7831 18563
36371 7832 9122
36372 7832 12540
36373 7832 12909
36374 7833 14486
36375 7833 15116
36376 7833 16793
36377 7833 17084
36378 7833 17378
36379 7834 8595
36380 7834 13221
36381 7834 13349
36382 7834 19307
36383 7835 10125
36384 7835 10127
36385 7835 15790
36386 7836 10112
36387 7836 10117
36388 7836 10929
36389 7836 13619
36390 7837 10079
36391 7837 12342
36392 7837 13702
36393 7837 15294
36394 7838 8572
36395 7838 13900
36396 7838 18890
36397 7839 9934
36398 7839 11370
36399 7839 19847
36400 7840 8827
36401 7840 11175
36402 7840 13621
36403 7840 14642
36404 7840 14686
36405 7840 16281
36406 7841 9550
36407 7841 10046
36408 7841 10503
36409 7841 11537
36410 7841 17202
36411 7842 10107
36412 7842 10112
36413 7842 10117
36414 7842 11096
36415 7842 18384
36416 7843 13678
36417 7843 15491
36418 7843 19709
36419 7844 10314
36420 7844 11537
36421 7844 12481
36422 7845 8675
36423 7845 9167
36424 7845 13823
36425 7845 13928
36426 7845 13991
36427 7846 15329
36428 7846 17182
36429 7847 9899
36430 7847 10321
36431 7847 11301
36432 7848 8319
36433 7848 13033
36434 7848 14233
36435 7848 16029
36436 7848 18054
36437 7849 8178
36438 7849 8325
36439 7849 9598
36440 7850 8471
36441 7850 11364
36442 7850 11419
36443 7850 11422
36444 7850 12028
36445 7851 11823
36446 7851 17570
36447 7851 19907
36448 7851 20000
36449 7852 7853
36450 7852 14064
36451 7852 18770
36452 7852 19838
36453 7852 19844
36454 7853 19844
36455 7854 8220
36456 7854 11841
36457 7854 14377
36458 7855 7870
36459 7855 15754
36460 7856 10777
36461 7856 11093
36462 7856 13912
36463 7856 14004
36464 7856 16952
36465 7856 16996
36466 7857 9613
36467 7857 10624
36468 7858 8403
36469 7858 8897
36470 7858 15841
36471 7858 18073
36472 7859 18833
36473 7859 19720
36474 7859 19807
36475 7860 15647
36476 7860 16464
36477 7860 17368
36478 7860 17531
36479 7860 19474
36480 7861 10992
36481 7861 10994
36482 7861 11974
36483 7861 17073
36484 7862 7864
36485 7862 7935
36486 7862 9025
36487 7862 9480
36488 7863 10499
36489 7863 13115
36490 7863 15415
36491 7863 18052
36492 7864 9480
36493 7864 18027
36494 7864 18801
36495 7865 8061
36496 7865 9378
36497 7865 19467
36498 7866 9905
36499 7866 11995
36500 7866 18640
36501 7866 18779
36502 7866 19957
36503 7867 8763
36504 7867 9931
36505 7867 14312
36506 7867 17791
36507 7868 16126
36508 7869 19810
36509 7870 8529
36510 7871 7918
36511 7871 7941
36512 7871 12903
36513 7872 14157
36514 7872 17048
36515 7872 18772
36516 7873 8270
36517 7873 9026
36518 7873 9301
36519 7873 17163
36520 7874 16658
36521 7874 16754
36522 7874 17421
36523 7874 20017
36524 7875 9239
36525 7875 9951
36526 7875 13086
36527 7875 15135
36528 7876 8367
36529 7876 12470
36530 7876 13325
36531 7876 19212
36532 7877 14326
36533 7877 14328
36534 7878 10170
36535 7878 19032
36536 7879 8687
36537 7879 18768
36538 7879 19900
36539 7880 8429
36540 7880 15411
36541 7880 16537
36542 7880 17427
36543 7880 18624
36544 7880 19221
36545 7881 9423
36546 7881 11708
36547 7881 12624
36548 7881 13927
36549 7882 9864
36550 7882 17524
36551 7882 17915
36552 7882 18048
36553 7882 20038
36554 7883 8195
36555 7883 15880
36556 7883 18702
36557 7884 8252
36558 7884 11576
36559 7884 14794
36560 7885 9867
36561 7885 10478
36562 7885 10816
36563 7885 19299
36564 7886 10856
36565 7886 11122
36566 7886 11850
36567 7886 12398
36568 7886 14268
36569 7886 17269
36570 7887 7962
36571 7887 17361
36572 7888 14552
36573 7888 15728
36574 7888 16848
36575 7888 17919
36576 7888 19965
36577 7889 7899
36578 7889 8012
36579 7889 14113
36580 7889 15702
36581 7890 10380
36582 7890 16649
36583 7890 17982
36584 7891 7892
36585 7891 7893
36586 7891 7899
36587 7891 7930
36588 7892 7894
36589 7892 7930
36590 7892 18794
36591 7892 19903
36592 7893 7899
36593 7893 7930
36594 7893 8016
36595 7893 9831
36596 7893 12758
36597 7894 7895
36598 7894 18794
36599 7894 19903
36600 7895 9363
36601 7895 9632
36602 7895 18794
36603 7896 8239
36604 7896 8935
36605 7896 17704
36606 7897 7932
36607 7897 8212
36608 7897 13282
36609 7897 19906
36610 7897 19917
36611 7898 7900
36612 7898 9718
36613 7898 19966
36614 7899 8016
36615 7899 15702
36616 7900 7901
36617 7900 8065
36618 7900 9718
36619 7900 10676
36620 7900 19966
36621 7901 8065
36622 7901 10529
36623 7901 10676
36624 7901 17865
36625 7902 7908
36626 7902 8700
36627 7902 9076
36628 7902 16025
36629 7903 11014
36630 7904 8604
36631 7904 12034
36632 7904 16434
36633 7904 16706
36634 7905 12646
36635 7905 19954
36636 7906 13308
36637 7907 12743
36638 7907 13158
36639 7907 16112
36640 7907 16119
36641 7907 17618
36642 7907 19837
36643 7908 7942
36644 7908 8044
36645 7908 9903
36646 7908 16025
36647 7908 20025
36648 7909 8006
36649 7909 12431
36650 7909 19985
36651 7910 8286
36652 7910 10501
36653 7910 11674
36654 7910 15060
36655 7911 7912
36656 7911 7941
36657 7911 8005
36658 7911 8039
36659 7912 7936
36660 7912 8038
36661 7912 8039
36662 7913 10993
36663 7913 14028
36664 7913 14190
36665 7914 7918
36666 7914 9853
36667 7914 18674
36668 7914 19897
36669 7914 20022
36670 7915 8003
36671 7915 8362
36672 7915 9801
36673 7915 16026
36674 7915 18679
36675 7916 8462
36676 7916 9620
36677 7916 10898
36678 7916 17609
36679 7916 18743
36680 7917 10290
36681 7917 10733
36682 7917 15443
36683 7917 19141
36684 7918 7941
36685 7918 8005
36686 7918 12903
36687 7918 18674
36688 7919 8629
36689 7919 10825
36690 7919 10883
36691 7919 14097
36692 7919 16975
36693 7920 12817
36694 7920 18295
36695 7920 19360
36696 7921 11429
36697 7921 14776
36698 7921 16060
36699 7921 16063
36700 7922 8996
36701 7922 9715
36702 7922 14358
36703 7922 15486
36704 7922 19710
36705 7923 8052
36706 7923 13783
36707 7923 19265
36708 7924 8814
36709 7924 10106
36710 7925 8931
36711 7925 19293
36712 7926 12193
36713 7926 15127
36714 7926 16859
36715 7927 13575
36716 7927 15378
36717 7927 19469
36718 7928 9533
36719 7928 10302
36720 7928 11211
36721 7929 8540
36722 7929 8689
36723 7929 9557
36724 7929 18632
36725 7929 18796
36726 7929 19021
36727 7930 9831
36728 7930 18794
36729 7931 7980
36730 7931 14482
36731 7931 15734
36732 7931 19026
36733 7932 13570
36734 7932 18797
36735 7932 19906
36736 7932 19917
36737 7933 12692
36738 7933 13240
36739 7933 14728
36740 7933 17950
36741 7933 18361
36742 7933 18419
36743 7934 8781
36744 7934 13913
36745 7934 17729
36746 7935 8090
36747 7936 8038
36748 7936 8454
36749 7937 8010
36750 7937 8801
36751 7937 9363
36752 7937 19105
36753 7937 19983
36754 7938 14991
36755 7938 15057
36756 7938 16578
36757 7938 17847
36758 7939 8907
36759 7939 11367
36760 7940 10965
36761 7940 12935
36762 7940 12936
36763 7940 13111
36764 7940 13143
36765 7941 8005
36766 7941 8039
36767 7942 7987
36768 7942 8044
36769 7942 9903
36770 7942 15912
36771 7942 20018
36772 7943 8778
36773 7943 9614
36774 7943 9861
36775 7943 11371
36776 7943 18670
36777 7943 18792
36778 7944 10839
36779 7944 11680
36780 7944 18429
36781 7944 19136
36782 7944 19644
36783 7945 8268
36784 7945 12824
36785 7945 15267
36786 7945 18051
36787 7946 12756
36788 7946 13976
36789 7946 17693
36790 7947 8597
36791 7947 12644
36792 7947 14565
36793 7948 8191
36794 7948 9838
36795 7949 10649
36796 7949 12233
36797 7949 18095
36798 7949 19224
36799 7949 19390
36800 7950 7961
36801 7950 8181
36802 7950 8233
36803 7951 7972
36804 7951 8236
36805 7951 9866
36806 7951 19869
36807 7952 9274
36808 7952 14721
36809 7953 8887
36810 7953 11714
36811 7953 19313
36812 7954 16461
36813 7954 17747
36814 7954 18554
36815 7954 18879
36816 7954 19690
36817 7955 15220
36818 7955 15951
36819 7955 18524
36820 7955 19781
36821 7955 19914
36822 7956 8251
36823 7956 8966
36824 7956 12013
36825 7956 14646
36826 7957 17095
36827 7957 17622
36828 7957 20030
36829 7958 12065
36830 7958 12168
36831 7958 15478
36832 7958 18248
36833 7959 8200
36834 7959 14225
36835 7959 17314
36836 7959 18799
36837 7960 9969
36838 7960 13681
36839 7960 19701
36840 7961 8233
36841 7961 18740
36842 7961 19929
36843 7962 7972
36844 7962 13302
36845 7962 17361
36846 7963 13773
36847 7963 15286
36848 7963 16102
36849 7963 18697
36850 7963 18707
36851 7964 10398
36852 7964 10501
36853 7964 11201
36854 7964 14347
36855 7965 13895
36856 7965 16489
36857 7965 17328
36858 7965 19889
36859 7965 19974
36860 7966 9865
36861 7966 15850
36862 7966 15920
36863 7967 12090
36864 7968 10747
36865 7968 10994
36866 7968 14156
36867 7968 16772
36868 7969 9286
36869 7969 17677
36870 7969 17769
36871 7970 8468
36872 7970 8927
36873 7971 8141
36874 7971 12433
36875 7971 13530
36876 7971 18867
36877 7971 19864
36878 7972 13302
36879 7972 19869
36880 7973 9428
36881 7973 14481
36882 7974 20006
36883 7975 11829
36884 7975 12445
36885 7975 15333
36886 7976 11858
36887 7976 15195
36888 7976 16141
36889 7976 19162
36890 7977 8365
36891 7977 17830
36892 7977 18776
36893 7977 19456
36894 7978 10081
36895 7978 13316
36896 7978 18799
36897 7978 19946
36898 7978 20010
36899 7979 8965
36900 7979 9452
36901 7979 9949
36902 7979 11222
36903 7980 14482
36904 7980 18536
36905 7980 18733
36906 7981 8428
36907 7981 9606
36908 7981 13679
36909 7981 18769
36910 7981 19978
36911 7982 10584
36912 7982 14682
36913 7982 15683
36914 7982 16013
36915 7982 16065
36916 7982 16364
36917 7983 11154
36918 7983 16735
36919 7983 19511
36920 7984 8238
36921 7985 8763
36922 7985 13901
36923 7985 15471
36924 7985 19548
36925 7986 14254
36926 7986 14273
36927 7986 17243
36928 7986 19656
36929 7987 8044
36930 7987 8554
36931 7987 9492
36932 7987 15912
36933 7987 18768
36934 7988 12536
36935 7988 19967
36936 7989 8458
36937 7989 13971
36938 7989 14528
36939 7989 17253
36940 7990 8660
36941 7990 8994
36942 7990 10657
36943 7991 8161
36944 7991 10155
36945 7991 10260
36946 7991 15674
36947 7992 9383
36948 7992 9403
36949 7992 10435
36950 7992 12184
36951 7992 20024
36952 7993 9728
36953 7993 14798
36954 7993 15152
36955 7993 17285
36956 7994 9738
36957 7994 12426
36958 7994 15276
36959 7994 17576
36960 7995 9337
36961 7995 11866
36962 7995 12207
36963 7995 19499
36964 7996 12579
36965 7996 13770
36966 7996 14587
36967 7996 14599
36968 7996 14703
36969 7996 14705
36970 7997 10389
36971 7998 11523
36972 7998 14523
36973 7998 15096
36974 7998 17681
36975 7999 18241
36976 7999 18963
36977 7999 19018
36978 8000 8745
36979 8000 10570
36980 8000 11230
36981 8000 11491
36982 8001 14125
36983 8001 14277
36984 8002 8003
36985 8002 9853
36986 8002 18506
36987 8002 18674
36988 8002 18676
36989 8003 9801
36990 8003 17892
36991 8003 18506
36992 8003 18679
36993 8004 9483
36994 8004 12068
36995 8004 12117
36996 8004 13097
36997 8004 16371
36998 8006 19985
36999 8006 20039
37000 8007 8364
37001 8007 8750
37002 8007 12980
37003 8007 17330
37004 8008 8511
37005 8008 8609
37006 8008 8867
37007 8008 13579
37008 8008 18729
37009 8009 13068
37010 8009 13802
37011 8009 19650
37012 8010 17334
37013 8010 19105
37014 8010 19983
37015 8011 8347
37016 8011 13273
37017 8011 16061
37018 8011 17664
37019 8011 18977
37020 8012 9612
37021 8012 14113
37022 8012 15702
37023 8012 15857
37024 8013 9131
37025 8013 12028
37026 8013 13660
37027 8013 14607
37028 8013 14764
37029 8014 8779
37030 8014 8950
37031 8014 17830
37032 8015 8065
37033 8015 8576
37034 8015 8663
37035 8015 8770
37036 8015 10529
37037 8016 12758
37038 8016 15702
37039 8017 17655
37040 8017 19663
37041 8017 19909
37042 8018 8147
37043 8018 9084
37044 8018 10769
37045 8018 16835
37046 8018 19503
37047 8019 10914
37048 8019 13675
37049 8019 14065
37050 8019 14066
37051 8020 11447
37052 8020 11835
37053 8021 10735
37054 8021 12074
37055 8021 15619
37056 8022 11988
37057 8022 12208
37058 8022 12209
37059 8023 8498
37060 8023 14910
37061 8023 14986
37062 8024 16134
37063 8024 16469
37064 8024 19027
37065 8024 19258
37066 8025 10763
37067 8025 13182
37068 8025 13354
37069 8026 12274
37070 8026 19700
37071 8027 8584
37072 8027 9094
37073 8027 13049
37074 8027 14985
37075 8029 18506
37076 8029 18676
37077 8029 19905
37078 8030 18262
37079 8030 18345
37080 8030 18349
37081 8030 18785
37082 8030 18847
37083 8030 19040
37084 8031 8801
37085 8031 8837
37086 8031 17157
37087 8031 17334
37088 8031 19983
37089 8032 15616
37090 8032 16308
37091 8032 18306
37092 8033 11610
37093 8033 11686
37094 8033 11719
37095 8033 11798
37096 8033 17490
37097 8034 13575
37098 8034 14204
37099 8034 16946
37100 8035 9108
37101 8035 12708
37102 8035 13562
37103 8035 18592
37104 8036 8757
37105 8036 11441
37106 8036 12895
37107 8036 16868
37108 8037 11399
37109 8037 14329
37110 8037 14330
37111 8037 19243
37112 8038 8454
37113 8038 18546
37114 8038 18561
37115 8039 19915
37116 8040 10764
37117 8040 18088
37118 8041 9870
37119 8041 11947
37120 8041 18581
37121 8041 20033
37122 8042 8491
37123 8042 9111
37124 8042 17318
37125 8042 18700
37126 8043 8360
37127 8043 9341
37128 8043 10097
37129 8043 12210
37130 8044 8554
37131 8044 12460
37132 8045 8639
37133 8045 11787
37134 8045 12067
37135 8045 14970
37136 8046 9665
37137 8046 10704
37138 8046 18195
37139 8047 10036
37140 8047 10809
37141 8047 12225
37142 8047 16670
37143 8048 10809
37144 8048 14134
37145 8048 16581
37146 8048 17098
37147 8049 13800
37148 8049 15411
37149 8049 16162
37150 8049 18867
37151 8049 19864
37152 8050 14201
37153 8050 19252
37154 8051 13767
37155 8051 19869
37156 8052 13783
37157 8052 18538
37158 8053 9249
37159 8053 11758
37160 8053 14250
37161 8054 15116
37162 8054 16793
37163 8055 9466
37164 8055 10031
37165 8055 11171
37166 8055 18443
37167 8056 11879
37168 8056 15579
37169 8056 18430
37170 8057 9700
37171 8057 14146
37172 8057 14508
37173 8057 15740
37174 8058 13818
37175 8058 14370
37176 8058 14769
37177 8059 8214
37178 8059 16682
37179 8059 17393
37180 8060 8315
37181 8060 20024
37182 8061 9026
37183 8061 9301
37184 8061 19467
37185 8062 13626
37186 8062 16161
37187 8062 19992
37188 8063 11478
37189 8063 12230
37190 8063 14428
37191 8063 17431
37192 8064 9120
37193 8064 9438
37194 8064 16645
37195 8065 8663
37196 8065 9718
37197 8065 10529
37198 8066 11598
37199 8066 14838
37200 8066 17075
37201 8066 17097
37202 8067 8694
37203 8067 10193
37204 8067 10249
37205 8067 14397
37206 8068 8795
37207 8068 13017
37208 8069 8162
37209 8069 12825
37210 8069 15353
37211 8069 15980
37212 8069 18508
37213 8069 18526
37214 8070 10982
37215 8070 11952
37216 8070 12072
37217 8070 17055
37218 8070 19979
37219 8071 10918
37220 8071 11164
37221 8071 13846
37222 8071 19277
37223 8072 8133
37224 8072 11571
37225 8072 11573
37226 8072 19608
37227 8073 9552
37228 8073 11492
37229 8073 17062
37230 8074 9743
37231 8075 8886
37232 8075 9778
37233 8075 11676
37234 8075 11678
37235 8075 15492
37236 8076 9289
37237 8076 14393
37238 8076 15100
37239 8076 15690
37240 8076 18046
37241 8076 18129
37242 8077 15076
37243 8078 9521
37244 8078 19664
37245 8079 16616
37246 8079 18300
37247 8079 19451
37248 8080 12507
37249 8080 16928
37250 8081 11585
37251 8082 9061
37252 8082 11693
37253 8082 14108
37254 8082 19380
37255 8083 8239
37256 8083 8935
37257 8083 17061
37258 8083 18769
37259 8083 20023
37260 8084 12282
37261 8085 8224
37262 8085 12124
37263 8085 13261
37264 8085 15704
37265 8085 17732
37266 8086 15051
37267 8086 18261
37268 8087 8457
37269 8087 11645
37270 8087 14569
37271 8087 14571
37272 8088 18105
37273 8088 18108
37274 8089 10865
37275 8089 12747
37276 8089 13061
37277 8089 14207
37278 8090 17978
37279 8091 8359
37280 8091 14928
37281 8091 19739
37282 8092 10335
37283 8094 10884
37284 8094 12478
37285 8094 12888
37286 8094 12969
37287 8095 12085
37288 8095 15972
37289 8096 8207
37290 8096 8818
37291 8096 13745
37292 8096 15370
37293 8097 10289
37294 8097 11425
37295 8097 11515
37296 8098 9582
37297 8098 11109
37298 8098 11114
37299 8099 15308
37300 8099 15426
37301 8099 19036
37302 8100 9460
37303 8100 9653
37304 8101 9794
37305 8101 11809
37306 8101 11941
37307 8101 12498
37308 8101 15363
37309 8102 8535
37310 8102 9246
37311 8102 10056
37312 8102 10625
37313 8102 10635
37314 8103 16959
37315 8104 9946
37316 8104 9974
37317 8104 12804
37318 8104 19554
37319 8105 9987
37320 8105 15483
37321 8105 17128
37322 8105 19296
37323 8106 9915
37324 8106 13038
37325 8106 13498
37326 8107 9704
37327 8107 13486
37328 8108 9842
37329 8108 13307
37330 8108 19732
37331 8109 9097
37332 8109 14784
37333 8110 8137
37334 8110 18886
37335 8111 16720
37336 8111 18996
37337 8112 8946
37338 8112 19264
37339 8113 10239
37340 8113 13093
37341 8113 19151
37342 8114 9268
37343 8114 10334
37344 8114 17135
37345 8116 8668
37346 8116 12763
37347 8116 17730
37348 8116 18175
37349 8116 18653
37350 8117 9175
37351 8118 16685
37352 8119 9682
37353 8119 12348
37354 8119 15202
37355 8119 15244
37356 8120 14742
37357 8121 8561
37358 8121 11088
37359 8121 15692
37360 8121 18511
37361 8121 18778
37362 8122 10611
37363 8122 11931
37364 8122 13288
37365 8122 13904
37366 8122 15330
37367 8123 8891
37368 8123 18940
37369 8124 8767
37370 8124 13311
37371 8124 17944
37372 8125 14006
37373 8125 19500
37374 8126 9199
37375 8126 9628
37376 8126 13081
37377 8127 8761
37378 8127 16873
37379 8128 13790
37380 8128 17685
37381 8129 9208
37382 8129 9580
37383 8129 9792
37384 8129 10822
37385 8130 8263
37386 8131 11124
37387 8131 13648
37388 8131 17946
37389 8131 19270
37390 8131 19733
37391 8132 10151
37392 8132 10820
37393 8133 11571
37394 8133 13096
37395 8134 11624
37396 8134 11665
37397 8134 11669
37398 8134 11717
37399 8135 9337
37400 8135 12207
37401 8136 9677
37402 8136 14472
37403 8136 15393
37404 8136 17528
37405 8137 18886
37406 8138 15942
37407 8138 19924
37408 8139 10771
37409 8139 10869
37410 8139 11930
37411 8139 19537
37412 8140 12464
37413 8140 12668
37414 8140 16154
37415 8140 16477
37416 8141 13530
37417 8141 18867
37418 8141 19000
37419 8142 10567
37420 8142 10581
37421 8142 15804
37422 8142 16629
37423 8142 18044
37424 8143 8334
37425 8143 10154
37426 8144 8241
37427 8144 10032
37428 8144 11647
37429 8144 13972
37430 8144 17568
37431 8144 17843
37432 8145 8545
37433 8145 9410
37434 8145 9930
37435 8145 10222
37436 8145 19888
37437 8145 19948
37438 8146 9567
37439 8146 9895
37440 8146 11385
37441 8146 14057
37442 8146 15565
37443 8146 19641
37444 8147 9084
37445 8147 10620
37446 8147 10769
37447 8147 19507
37448 8148 8900
37449 8148 9198
37450 8148 15466
37451 8148 16219
37452 8148 17376
37453 8149 14952
37454 8150 9344
37455 8150 9392
37456 8150 17749
37457 8150 18966
37458 8151 12487
37459 8151 13685
37460 8151 15757
37461 8151 18310
37462 8152 10652
37463 8152 11927
37464 8152 15673
37465 8152 19657
37466 8153 9517
37467 8153 13417
37468 8153 18136
37469 8154 11664
37470 8154 13977
37471 8154 13999
37472 8154 14003
37473 8154 19368
37474 8155 12059
37475 8155 14519
37476 8156 10170
37477 8156 18761
37478 8157 11415
37479 8158 9201
37480 8158 14643
37481 8158 18164
37482 8159 8184
37483 8159 17039
37484 8159 19916
37485 8159 19991
37486 8160 18225
37487 8161 10155
37488 8161 10260
37489 8162 8273
37490 8162 12825
37491 8162 16161
37492 8162 18508
37493 8162 19992
37494 8163 8435
37495 8163 12951
37496 8163 16526
37497 8164 9042
37498 8164 19280
37499 8165 9587
37500 8165 13464
37501 8165 13466
37502 8165 19471
37503 8166 9474
37504 8166 16442
37505 8167 9243
37506 8167 16627
37507 8168 17151
37508 8168 19297
37509 8168 19554
37510 8169 9960
37511 8169 10622
37512 8169 13701
37513 8170 9318
37514 8170 9703
37515 8170 11473
37516 8170 13633
37517 8170 16538
37518 8171 13011
37519 8171 17326
37520 8171 19919
37521 8171 19962
37522 8172 14992
37523 8172 15656
37524 8172 18293
37525 8173 8341
37526 8173 9860
37527 8173 11283
37528 8173 17650
37529 8174 8844
37530 8174 16613
37531 8174 19780
37532 8175 11500
37533 8175 18693
37534 8176 8532
37535 8176 9020
37536 8176 10876
37537 8177 13974
37538 8177 14837
37539 8177 16755
37540 8177 16824
37541 8177 19257
37542 8179 9540
37543 8179 13660
37544 8179 14219
37545 8179 14667
37546 8179 16615
37547 8180 8702
37548 8180 13975
37549 8181 8233
37550 8181 13533
37551 8181 18081
37552 8182 8542
37553 8182 9866
37554 8182 13773
37555 8182 18697
37556 8182 18939
37557 8183 11351
37558 8183 15896
37559 8184 8333
37560 8184 10786
37561 8184 15493
37562 8184 17039
37563 8185 12632
37564 8185 17290
37565 8185 19487
37566 8186 15789
37567 8186 16925
37568 8186 18406
37569 8187 10422
37570 8187 17367
37571 8187 17611
37572 8187 18288
37573 8187 18464
37574 8187 18471
37575 8188 8189
37576 8188 16863
37577 8188 18985
37578 8189 9390
37579 8189 13631
37580 8189 16863
37581 8189 18985
37582 8189 18986
37583 8190 9716
37584 8190 9881
37585 8190 10220
37586 8190 13827
37587 8191 9838
37588 8191 19946
37589 8192 13541
37590 8192 16604
37591 8192 17781
37592 8192 18072
37593 8194 18303
37594 8194 18304
37595 8194 18349
37596 8194 18787
37597 8195 15880
37598 8195 15951
37599 8195 18524
37600 8195 19875
37601 8196 9299
37602 8196 9354
37603 8196 10975
37604 8196 15331
37605 8197 8540
37606 8197 9557
37607 8197 10448
37608 8197 16871
37609 8198 8288
37610 8198 8647
37611 8198 9510
37612 8198 11062
37613 8198 18565
37614 8199 10144
37615 8199 12915
37616 8199 17281
37617 8199 17483
37618 8199 18793
37619 8200 19851
37620 8201 8750
37621 8201 18972
37622 8201 20002
37623 8202 8713
37624 8202 14671
37625 8202 19382
37626 8203 12354
37627 8203 17099
37628 8203 19892
37629 8204 8877
37630 8204 12486
37631 8204 19532
37632 8205 10764
37633 8205 10766
37634 8205 13884
37635 8205 15581
37636 8205 15582
37637 8206 8260
37638 8206 9562
37639 8206 13764
37640 8207 9449
37641 8207 15370
37642 8207 17040
37643 8208 11896
37644 8208 12051
37645 8208 16925
37646 8209 13880
37647 8209 13995
37648 8209 17219
37649 8209 17590
37650 8210 8627
37651 8210 10882
37652 8210 12095
37653 8210 16807
37654 8211 9126
37655 8211 9840
37656 8211 18842
37657 8212 8259
37658 8212 13282
37659 8212 18698
37660 8212 18824
37661 8212 19917
37662 8213 11369
37663 8213 15319
37664 8213 17523
37665 8213 19896
37666 8214 16686
37667 8214 17393
37668 8215 15754
37669 8215 18664
37670 8216 8380
37671 8216 10527
37672 8216 12813
37673 8216 18190
37674 8216 18851
37675 8217 9364
37676 8217 9774
37677 8217 10659
37678 8217 15045
37679 8217 15290
37680 8218 13790
37681 8218 15001
37682 8218 17685
37683 8219 11363
37684 8219 11364
37685 8219 11387
37686 8219 11422
37687 8220 11517
37688 8220 11841
37689 8220 14377
37690 8220 17248
37691 8221 11141
37692 8221 11207
37693 8221 16535
37694 8221 17083
37695 8221 19245
37696 8222 11102
37697 8222 11603
37698 8222 19773
37699 8223 14534
37700 8223 15647
37701 8223 16617
37702 8223 17368
37703 8224 13261
37704 8224 17732
37705 8224 18665
37706 8224 18726
37707 8225 9639
37708 8225 15714
37709 8226 10013
37710 8226 11206
37711 8226 17254
37712 8227 18866
37713 8228 9033
37714 8228 9087
37715 8228 15034
37716 8229 9430
37717 8229 14827
37718 8230 11042
37719 8230 13865
37720 8230 13869
37721 8231 12128
37722 8231 14740
37723 8231 15474
37724 8231 18784
37725 8232 9530
37726 8232 16835
37727 8233 18081
37728 8233 19929
37729 8234 8409
37730 8234 10465
37731 8234 11051
37732 8234 12192
37733 8235 8364
37734 8235 8690
37735 8235 18495
37736 8236 18707
37737 8237 14481
37738 8237 14880
37739 8237 17922
37740 8237 19341
37741 8238 20000
37742 8239 8935
37743 8239 9187
37744 8239 18766
37745 8239 20023
37746 8240 9516
37747 8240 11358
37748 8240 14776
37749 8240 14958
37750 8241 10032
37751 8241 13972
37752 8241 16854
37753 8242 9737
37754 8243 10757
37755 8243 13054
37756 8244 9490
37757 8244 11239
37758 8244 14475
37759 8245 13812
37760 8245 15744
37761 8246 9541
37762 8246 11558
37763 8247 10047
37764 8247 12991
37765 8247 13191
37766 8247 19728
37767 8248 14761
37768 8248 15405
37769 8248 16277
37770 8249 19022
37771 8250 9786
37772 8250 10255
37773 8250 12128
37774 8250 19430
37775 8251 12013
37776 8251 16779
37777 8251 17841
37778 8252 11576
37779 8252 14794
37780 8252 18690
37781 8252 19910
37782 8253 10712
37783 8254 10104
37784 8254 10229
37785 8254 10343
37786 8255 8801
37787 8255 8837
37788 8255 9363
37789 8255 9632
37790 8255 16089
37791 8255 19904
37792 8256 15007
37793 8257 19315
37794 8258 9870
37795 8258 9886
37796 8258 16044
37797 8258 19934
37798 8258 20033
37799 8259 8339
37800 8259 18791
37801 8259 18824
37802 8259 19917
37803 8260 9562
37804 8260 19090
37805 8261 9047
37806 8261 9669
37807 8261 9764
37808 8261 15330
37809 8262 10429
37810 8262 14578
37811 8262 15300
37812 8263 9314
37813 8263 13287
37814 8264 9930
37815 8264 16046
37816 8264 16325
37817 8264 17820
37818 8264 18664
37819 8265 8536
37820 8265 9623
37821 8265 9964
37822 8265 14168
37823 8265 20013
37824 8266 13226
37825 8266 19045
37826 8267 8398
37827 8267 9547
37828 8267 19269
37829 8268 15098
37830 8268 18050
37831 8268 18051
37832 8268 18115
37833 8269 13792
37834 8269 15720
37835 8269 17765
37836 8269 18904
37837 8270 8692
37838 8270 9026
37839 8270 17163
37840 8271 9171
37841 8271 9802
37842 8271 19825
37843 8272 10611
37844 8272 11931
37845 8273 8610
37846 8273 15993
37847 8273 16081
37848 8273 19992
37849 8274 18746
37850 8274 18999
37851 8275 14576
37852 8275 14983
37853 8275 16730
37854 8276 8331
37855 8277 10623
37856 8277 10626
37857 8277 10635
37858 8277 10639
37859 8278 8437
37860 8278 10471
37861 8278 12434
37862 8278 14484
37863 8278 14485
37864 8279 8512
37865 8279 9189
37866 8279 15590
37867 8280 18503
37868 8281 9132
37869 8281 17255
37870 8281 18992
37871 8282 8405
37872 8282 8854
37873 8282 11644
37874 8282 11878
37875 8283 9310
37876 8283 13057
37877 8283 17702
37878 8283 18786
37879 8283 18951
37880 8284 12001
37881 8284 19855
37882 8285 10490
37883 8285 12334
37884 8285 15752
37885 8285 16287
37886 8285 19374
37887 8286 11495
37888 8286 11674
37889 8286 14409
37890 8286 15060
37891 8287 9125
37892 8287 12105
37893 8287 15056
37894 8287 18156
37895 8287 18556
37896 8288 9319
37897 8288 9510
37898 8289 10094
37899 8289 12233
37900 8289 15741
37901 8289 17210
37902 8290 13504
37903 8290 14892
37904 8290 15375
37905 8290 17714
37906 8291 10045
37907 8291 11382
37908 8292 10590
37909 8292 12142
37910 8292 13713
37911 8292 18905
37912 8292 19969
37913 8293 19587
37914 8294 10291
37915 8294 11676
37916 8294 12735
37917 8294 15492
37918 8295 11928
37919 8295 12870
37920 8295 17568
37921 8295 17843
37922 8295 19891
37923 8296 19134
37924 8296 19281
37925 8297 16748
37926 8297 18462
37927 8297 18648
37928 8298 13631
37929 8298 15965
37930 8299 10406
37931 8299 14879
37932 8299 19185
37933 8300 11724
37934 8300 11727
37935 8300 14676
37936 8301 15166
37937 8301 15542
37938 8301 17701
37939 8302 17556
37940 8303 18034
37941 8304 10788
37942 8304 10943
37943 8304 13478
37944 8304 13714
37945 8304 19205
37946 8305 8345
37947 8305 8378
37948 8305 14244
37949 8306 9077
37950 8306 9858
37951 8306 13293
37952 8307 16234
37953 8307 18258
37954 8307 18344
37955 8307 18621
37956 8308 11270
37957 8308 11964
37958 8309 11003
37959 8309 11241
37960 8309 12989
37961 8309 13948
37962 8309 14724
37963 8309 17434
37964 8310 8821
37965 8310 15812
37966 8311 8622
37967 8311 14364
37968 8311 14963
37969 8311 15002
37970 8311 17078
37971 8311 19986
37972 8312 9286
37973 8312 9489
37974 8312 17677
37975 8312 19958
37976 8313 9170
37977 8313 10832
37978 8313 19184
37979 8314 9697
37980 8314 10026
37981 8314 14100
37982 8314 14610
37983 8314 16225
37984 8314 17617
37985 8315 9905
37986 8315 19957
37987 8315 20024
37988 8316 8655
37989 8316 11955
37990 8316 15096
37991 8317 13100
37992 8317 15635
37993 8317 18179
37994 8317 18238
37995 8317 18405
37996 8317 19054
37997 8318 14904
37998 8318 19667
37999 8318 19768
38000 8319 14233
38001 8319 14736
38002 8319 17917
38003 8319 17937
38004 8319 18054
38005 8320 8932
38006 8320 9907
38007 8320 15064
38008 8320 17592
38009 8320 19984
38010 8321 10986
38011 8321 15468
38012 8321 15500
38013 8321 16991
38014 8321 17005
38015 8322 11552
38016 8322 14232
38017 8322 18321
38018 8323 13006
38019 8323 13926
38020 8323 18327
38021 8323 18451
38022 8323 18958
38023 8323 19391
38024 8324 9450
38025 8324 18052
38026 8325 9598
38027 8325 13353
38028 8325 19028
38029 8326 12838
38030 8326 12841
38031 8326 13118
38032 8326 15633
38033 8326 18460
38034 8326 19998
38035 8327 9759
38036 8327 9832
38037 8327 13619
38038 8328 15668
38039 8328 17936
38040 8328 17939
38041 8328 17943
38042 8328 18130
38043 8329 9435
38044 8329 11142
38045 8329 11289
38046 8329 11329
38047 8329 13992
38048 8330 9878
38049 8330 12566
38050 8330 12584
38051 8330 13264
38052 8330 13276
38053 8331 8920
38054 8331 17906
38055 8332 9194
38056 8332 9539
38057 8332 11066
38058 8332 15654
38059 8333 10786
38060 8333 13826
38061 8333 13829
38062 8333 15493
38063 8334 8620
38064 8334 9559
38065 8334 10154
38066 8334 12626
38067 8334 19159
38068 8336 13250
38069 8336 15650
38070 8336 17496
38071 8336 17969
38072 8337 16997
38073 8337 18668
38074 8337 19875
38075 8338 9816
38076 8338 9994
38077 8338 10402
38078 8338 14400
38079 8339 9456
38080 8339 18791
38081 8339 19974
38082 8339 20002
38083 8340 9568
38084 8340 17080
38085 8341 11964
38086 8341 17650
38087 8342 8504
38088 8342 8548
38089 8342 9823
38090 8342 10906
38091 8343 11875
38092 8343 14847
38093 8343 18158
38094 8343 18420
38095 8344 11732
38096 8344 15462
38097 8344 17074
38098 8345 14244
38099 8345 19699
38100 8346 8735
38101 8346 13307
38102 8346 18761
38103 8346 19529
38104 8347 14955
38105 8347 18977
38106 8347 19546
38107 8348 15077
38108 8348 16059
38109 8348 17883
38110 8348 18626
38111 8349 10857
38112 8349 11039
38113 8349 11716
38114 8349 15749
38115 8349 15833
38116 8350 10395
38117 8350 14754
38118 8350 19649
38119 8350 19688
38120 8351 8440
38121 8351 15205
38122 8351 16445
38123 8351 16929
38124 8352 8758
38125 8352 13085
38126 8352 14240
38127 8352 17094
38128 8353 11161
38129 8353 13267
38130 8353 18381
38131 8353 19294
38132 8354 14132
38133 8355 13678
38134 8355 18079
38135 8355 19178
38136 8356 9057
38137 8356 15120
38138 8357 12089
38139 8357 15577
38140 8357 19498
38141 8358 8647
38142 8358 9319
38143 8358 10832
38144 8358 13718
38145 8359 14928
38146 8359 19739
38147 8359 19778
38148 8360 8736
38149 8360 9341
38150 8360 13262
38151 8361 10856
38152 8361 11101
38153 8361 11122
38154 8361 17184
38155 8361 18239
38156 8362 16026
38157 8362 19904
38158 8363 19788
38159 8364 8690
38160 8364 8750
38161 8364 17330
38162 8365 17830
38163 8365 18776
38164 8366 8537
38165 8366 9625
38166 8366 16760
38167 8366 19508
38168 8367 10754
38169 8367 16412
38170 8367 19212
38171 8368 8488
38172 8368 11024
38173 8368 14535
38174 8368 14872
38175 8368 17504
38176 8369 10948
38177 8369 11227
38178 8369 14452
38179 8370 9383
38180 8370 9424
38181 8370 10435
38182 8370 17925
38183 8371 8485
38184 8371 14333
38185 8371 14337
38186 8371 15886
38187 8371 19634
38188 8372 8385
38189 8372 9196
38190 8372 12363
38191 8373 9387
38192 8373 12162
38193 8373 12708
38194 8373 15892
38195 8373 19944
38196 8374 10087
38197 8374 11205
38198 8374 11557
38199 8374 11849
38200 8374 13410
38201 8375 8857
38202 8375 8921
38203 8375 14357
38204 8375 16598
38205 8375 17083
38206 8376 11222
38207 8377 10599
38208 8377 11054
38209 8377 12200
38210 8377 18480
38211 8378 11540
38212 8379 8918
38213 8379 13858
38214 8379 16812
38215 8379 17030
38216 8380 9384
38217 8380 10527
38218 8380 12813
38219 8380 14384
38220 8380 18523
38221 8381 9091
38222 8381 17054
38223 8381 17348
38224 8381 17705
38225 8381 19424
38226 8382 13736
38227 8382 15440
38228 8382 17003
38229 8382 17013
38230 8383 15522
38231 8383 15541
38232 8383 19611
38233 8384 8575
38234 8384 9937
38235 8384 11258
38236 8384 11795
38237 8384 19383
38238 8385 9651
38239 8385 9988
38240 8385 10254
38241 8385 12363
38242 8386 9307
38243 8386 15341
38244 8387 8533
38245 8387 14093
38246 8387 14094
38247 8387 15508
38248 8387 17476
38249 8387 18368
38250 8388 17090
38251 8388 17291
38252 8388 17708
38253 8389 14960
38254 8389 16678
38255 8390 14840
38256 8390 16918
38257 8390 17093
38258 8391 10921
38259 8391 15519
38260 8391 16952
38261 8391 17022
38262 8391 17023
38263 8392 14372
38264 8392 14795
38265 8392 14945
38266 8393 8650
38267 8393 10439
38268 8394 11414
38269 8394 12112
38270 8394 14767
38271 8394 19884
38272 8396 17441
38273 8396 17987
38274 8396 18551
38275 8396 18611
38276 8396 20037
38277 8397 8643
38278 8397 19143
38279 8398 9802
38280 8398 14914
38281 8399 9183
38282 8399 14860
38283 8399 16087
38284 8399 17975
38285 8400 8608
38286 8400 11968
38287 8400 17556
38288 8401 11977
38289 8401 14218
38290 8401 15764
38291 8401 16912
38292 8401 16920
38293 8402 8973
38294 8402 11994
38295 8402 15455
38296 8403 9358
38297 8404 11461
38298 8404 13770
38299 8404 14705
38300 8404 17189
38301 8404 17459
38302 8404 17558
38303 8405 8854
38304 8405 8956
38305 8406 8920
38306 8407 8494
38307 8407 8759
38308 8407 9848
38309 8407 11955
38310 8407 14238
38311 8408 10399
38312 8408 14521
38313 8409 10265
38314 8409 11051
38315 8410 15757
38316 8410 17996
38317 8410 18308
38318 8411 8606
38319 8411 8941
38320 8411 12365
38321 8411 13616
38322 8411 14185
38323 8412 10555
38324 8412 11910
38325 8412 15810
38326 8413 15450
38327 8413 17988
38328 8413 18835
38329 8414 10749
38330 8414 10751
38331 8414 16878
38332 8414 19836
38333 8415 11870
38334 8415 14069
38335 8415 19219
38336 8416 8479
38337 8416 9616
38338 8417 14080
38339 8417 15001
38340 8417 19132
38341 8418 10686
38342 8418 10690
38343 8418 12358
38344 8418 13622
38345 8418 19197
38346 8419 10644
38347 8419 10684
38348 8419 10702
38349 8420 19703
38350 8421 8577
38351 8421 10516
38352 8421 12467
38353 8421 12694
38354 8421 15022
38355 8421 18426
38356 8422 19672
38357 8423 8645
38358 8423 15335
38359 8423 17814
38360 8424 8794
38361 8424 9542
38362 8424 17809
38363 8425 11900
38364 8425 17307
38365 8426 10662
38366 8426 13244
38367 8426 13325
38368 8427 13216
38369 8427 16879
38370 8428 13679
38371 8428 18578
38372 8428 19978
38373 8429 16537
38374 8429 17404
38375 8429 18624
38376 8430 12981
38377 8430 13151
38378 8430 13957
38379 8430 18453
38380 8430 18960
38381 8431 10734
38382 8431 12811
38383 8431 12843
38384 8432 10752
38385 8432 13459
38386 8432 19208
38387 8433 11593
38388 8433 13484
38389 8433 15707
38390 8434 13141
38391 8434 14088
38392 8434 19785
38393 8435 11061
38394 8435 13094
38395 8435 16526
38396 8436 9719
38397 8436 10123
38398 8436 13393
38399 8436 18553
38400 8437 10071
38401 8437 12434
38402 8437 15164
38403 8437 16785
38404 8438 9529
38405 8438 9816
38406 8438 12113
38407 8438 14549
38408 8438 14789
38409 8439 11221
38410 8439 12237
38411 8439 17378
38412 8440 15572
38413 8440 16445
38414 8441 9827
38415 8441 15256
38416 8441 16729
38417 8442 13194
38418 8442 16278
38419 8442 16673
38420 8442 17207
38421 8442 18598
38422 8442 19023
38423 8443 18710
38424 8443 19751
38425 8444 9016
38426 8444 9032
38427 8444 14777
38428 8444 16105
38429 8444 18533
38430 8445 9401
38431 8445 9548
38432 8445 10515
38433 8445 10551
38434 8446 10223
38435 8446 11204
38436 8446 15448
38437 8446 19899
38438 8447 13870
38439 8447 13872
38440 8447 13875
38441 8447 18017
38442 8448 10202
38443 8448 14851
38444 8448 15807
38445 8449 8899
38446 8449 11514
38447 8449 14247
38448 8449 16218
38449 8449 16716
38450 8449 17861
38451 8450 13507
38452 8450 19323
38453 8451 10523
38454 8451 15189
38455 8451 19370
38456 8452 18548
38457 8453 10654
38458 8453 10990
38459 8453 16412
38460 8454 18561
38461 8455 8894
38462 8455 11353
38463 8455 11551
38464 8455 11874
38465 8456 9282
38466 8456 9415
38467 8456 11443
38468 8456 18765
38469 8457 10491
38470 8457 11645
38471 8457 14495
38472 8457 14569
38473 8457 14905
38474 8458 11172
38475 8458 17253
38476 8459 13953
38477 8459 13971
38478 8460 11562
38479 8460 12223
38480 8460 14367
38481 8460 15243
38482 8461 18031
38483 8461 18215
38484 8462 8888
38485 8462 9620
38486 8462 17609
38487 8463 8551
38488 8463 10667
38489 8463 10712
38490 8464 10767
38491 8464 11016
38492 8464 11638
38493 8465 11925
38494 8465 19995
38495 8466 10156
38496 8466 10364
38497 8466 17284
38498 8467 13794
38499 8467 13813
38500 8467 14897
38501 8467 18763
38502 8468 8491
38503 8469 10061
38504 8469 10497
38505 8469 15977
38506 8469 19754
38507 8470 9688
38508 8470 15967
38509 8470 16342
38510 8471 12028
38511 8471 14607
38512 8471 14959
38513 8471 15011
38514 8472 11224
38515 8472 15904
38516 8473 9146
38517 8473 9716
38518 8473 14128
38519 8473 15919
38520 8473 17417
38521 8473 19753
38522 8474 9630
38523 8474 12667
38524 8474 16298
38525 8474 16508
38526 8474 17585
38527 8475 8773
38528 8475 9913
38529 8475 19865
38530 8476 8850
38531 8476 9222
38532 8476 9408
38533 8476 17201
38534 8476 17643
38535 8476 19425
38536 8477 10875
38537 8477 14577
38538 8477 19718
38539 8478 9001
38540 8478 11667
38541 8478 16580
38542 8479 9616
38543 8479 14647
38544 8479 15148
38545 8480 9041
38546 8480 10174
38547 8480 12504
38548 8480 17783
38549 8481 14806
38550 8481 18080
38551 8481 19422
38552 8482 11232
38553 8482 14371
38554 8482 15014
38555 8483 9217
38556 8483 11019
38557 8483 17064
38558 8483 17687
38559 8484 8876
38560 8484 9379
38561 8484 16808
38562 8484 19227
38563 8485 8963
38564 8485 14203
38565 8485 15886
38566 8485 19634
38567 8486 13031
38568 8486 16087
38569 8486 18383
38570 8487 11451
38571 8487 15183
38572 8487 16024
38573 8488 11024
38574 8488 14795
38575 8488 14872
38576 8489 16992
38577 8489 18321
38578 8489 18513
38579 8490 13698
38580 8490 14551
38581 8490 15680
38582 8490 20039
38583 8491 9111
38584 8491 14113
38585 8491 17318
38586 8493 8578
38587 8493 8659
38588 8493 9911
38589 8493 18444
38590 8494 9848
38591 8494 10306
38592 8494 11955
38593 8495 10645
38594 8496 10696
38595 8496 15132
38596 8496 16795
38597 8497 8694
38598 8497 10188
38599 8497 14398
38600 8497 14788
38601 8498 10209
38602 8498 10480
38603 8498 14576
38604 8499 10716
38605 8499 10817
38606 8499 11090
38607 8499 12352
38608 8500 12700
38609 8500 12701
38610 8500 17627
38611 8500 18231
38612 8501 10040
38613 8501 12899
38614 8501 17674
38615 8501 19921
38616 8502 8992
38617 8502 9771
38618 8502 11330
38619 8502 17034
38620 8503 9005
38621 8503 9933
38622 8503 10110
38623 8503 14029
38624 8504 9823
38625 8504 10442
38626 8504 10906
38627 8504 16966
38628 8505 10524
38629 8505 14085
38630 8506 9945
38631 8506 9948
38632 8506 12218
38633 8506 17529
38634 8506 18856
38635 8507 8635
38636 8507 9266
38637 8507 16568
38638 8508 8682
38639 8508 13867
38640 8508 16029
38641 8508 17418
38642 8508 17972
38643 8509 8926
38644 8509 9730
38645 8509 11085
38646 8509 12645
38647 8509 15805
38648 8510 15571
38649 8510 17422
38650 8510 18017
38651 8511 8609
38652 8511 18729
38653 8512 10555
38654 8512 15810
38655 8513 9085
38656 8513 10323
38657 8513 17327
38658 8514 12757
38659 8514 13212
38660 8514 13653
38661 8514 14483
38662 8514 19518
38663 8515 8883
38664 8515 11852
38665 8515 13693
38666 8515 18246
38667 8515 18520
38668 8516 9001
38669 8516 9394
38670 8516 11764
38671 8516 13468
38672 8517 11625
38673 8517 13781
38674 8517 19789
38675 8518 9981
38676 8518 11087
38677 8518 14889
38678 8518 16956
38679 8518 18116
38680 8519 8587
38681 8519 8699
38682 8519 11170
38683 8519 19347
38684 8520 10460
38685 8520 12536
38686 8520 17649
38687 8521 13478
38688 8521 14046
38689 8521 15546
38690 8521 19205
38691 8522 9735
38692 8522 12031
38693 8522 16695
38694 8522 17379
38695 8523 10038
38696 8523 10564
38697 8523 10970
38698 8523 15256
38699 8524 12706
38700 8524 16257
38701 8524 18387
38702 8524 18399
38703 8525 9029
38704 8525 13871
38705 8525 17418
38706 8525 17972
38707 8527 16006
38708 8527 18724
38709 8527 19624
38710 8528 14108
38711 8528 15078
38712 8528 17449
38713 8529 9175
38714 8529 15292
38715 8530 10864
38716 8530 15505
38717 8531 13885
38718 8531 13983
38719 8531 15497
38720 8531 15549
38721 8531 15586
38722 8531 16923
38723 8532 11652
38724 8533 14094
38725 8533 15512
38726 8533 18368
38727 8534 12046
38728 8534 14265
38729 8535 9246
38730 8535 9979
38731 8535 10308
38732 8535 10625
38733 8536 9194
38734 8536 20013
38735 8537 12764
38736 8537 16018
38737 8537 16576
38738 8537 19508
38739 8538 9520
38740 8538 18854
38741 8538 18974
38742 8538 19668
38743 8538 19859
38744 8539 14504
38745 8539 15446
38746 8539 15516
38747 8540 9557
38748 8540 18632
38749 8540 18749
38750 8541 11461
38751 8541 13886
38752 8541 14587
38753 8541 14605
38754 8541 14705
38755 8541 16256
38756 8542 9866
38757 8542 17166
38758 8542 18939
38759 8543 11630
38760 8543 19283
38761 8544 13991
38762 8544 15729
38763 8545 19888
38764 8545 19948
38765 8546 9004
38766 8546 9815
38767 8546 16197
38768 8546 18638
38769 8546 19639
38770 8547 9365
38771 8547 11212
38772 8547 12130
38773 8547 12781
38774 8547 16597
38775 8548 10250
38776 8548 10906
38777 8549 11489
38778 8549 15734
38779 8549 17922
38780 8550 9566
38781 8550 11397
38782 8550 11718
38783 8550 15849
38784 8551 10712
38785 8551 10747
38786 8552 8862
38787 8552 18938
38788 8553 15361
38789 8553 18602
38790 8553 18969
38791 8553 19177
38792 8554 9492
38793 8554 12460
38794 8554 16248
38795 8555 9234
38796 8555 14309
38797 8555 19169
38798 8556 16537
38799 8556 18795
38800 8556 19221
38801 8557 11691
38802 8557 15233
38803 8558 10294
38804 8559 13586
38805 8559 19249
38806 8559 19406
38807 8560 9254
38808 8560 10003
38809 8560 15384
38810 8561 10932
38811 8561 18472
38812 8561 18778
38813 8562 11746
38814 8562 19285
38815 8562 19699
38816 8563 10318
38817 8563 14078
38818 8563 17001
38819 8564 9950
38820 8564 14325
38821 8564 14854
38822 8565 8582
38823 8565 9664
38824 8565 12946
38825 8565 14295
38826 8565 14525
38827 8566 9982
38828 8566 12385
38829 8566 13182
38830 8567 15716
38831 8568 12073
38832 8568 14761
38833 8568 15405
38834 8568 19050
38835 8569 8752
38836 8569 10658
38837 8569 19460
38838 8570 8688
38839 8570 9243
38840 8570 15155
38841 8570 15778
38842 8570 19484
38843 8571 10528
38844 8571 12652
38845 8571 14773
38846 8572 10856
38847 8572 11850
38848 8572 17184
38849 8572 18890
38850 8573 9963
38851 8573 17980
38852 8574 15066
38853 8574 18597
38854 8575 11795
38855 8575 12029
38856 8575 13704
38857 8575 15154
38858 8575 19383
38859 8576 8770
38860 8577 10516
38861 8577 12467
38862 8577 13744
38863 8577 14598
38864 8578 8659
38865 8578 18719
38866 8578 20017
38867 8579 12103
38868 8579 14205
38869 8579 14285
38870 8580 15191
38871 8580 18240
38872 8580 18410
38873 8580 19064
38874 8581 9871
38875 8581 12433
38876 8581 17427
38877 8581 18505
38878 8581 19864
38879 8582 9490
38880 8582 9664
38881 8582 12946
38882 8582 18020
38883 8583 11420
38884 8583 14797
38885 8583 15876
38886 8584 10265
38887 8584 13049
38888 8584 18612
38889 8585 12622
38890 8585 13342
38891 8585 16254
38892 8585 17050
38893 8585 17663
38894 8586 9748
38895 8586 9751
38896 8586 10675
38897 8586 17219
38898 8587 8699
38899 8587 12268
38900 8587 12405
38901 8588 9638
38902 8589 17955
38903 8589 19866
38904 8590 9371
38905 8590 15783
38906 8590 18770
38907 8591 11342
38908 8591 13230
38909 8591 14486
38910 8591 17084
38911 8591 17519
38912 8592 15475
38913 8592 18317
38914 8593 17415
38915 8593 17539
38916 8594 9083
38917 8594 11512
38918 8594 11750
38919 8594 14619
38920 8594 14714
38921 8595 9501
38922 8595 15943
38923 8596 8858
38924 8596 11131
38925 8596 15066
38926 8597 12644
38927 8597 18187
38928 8598 13671
38929 8598 14678
38930 8598 14919
38931 8598 15013
38932 8598 19302
38933 8599 9451
38934 8599 11304
38935 8599 19452
38936 8600 13189
38937 8600 15270
38938 8601 10679
38939 8602 15206
38940 8602 18905
38941 8603 10790
38942 8603 16976
38943 8604 9744
38944 8604 12034
38945 8604 13667
38946 8605 10986
38947 8605 15500
38948 8605 15662
38949 8606 8941
38950 8606 13616
38951 8606 15175
38952 8606 17125
38953 8606 19750
38954 8607 9235
38955 8607 10744
38956 8607 12345
38957 8607 15824
38958 8607 18818
38959 8607 19049
38960 8608 9116
38961 8608 11968
38962 8609 15240
38963 8610 16081
38964 8610 18107
38965 8610 19992
38966 8611 13036
38967 8611 13615
38968 8611 19797
38969 8612 9897
38970 8612 18382
38971 8613 12169
38972 8613 16297
38973 8613 18249
38974 8613 18510
38975 8613 18515
38976 8613 18909
38977 8614 9511
38978 8614 19704
38979 8615 16199
38980 8615 16891
38981 8615 16895
38982 8615 18630
38983 8616 11098
38984 8616 15010
38985 8617 16876
38986 8617 16940
38987 8617 19263
38988 8618 13183
38989 8619 9648
38990 8619 13777
38991 8619 15924
38992 8620 9559
38993 8620 10154
38994 8621 8954
38995 8621 13510
38996 8621 15722
38997 8621 17127
38998 8622 14364
38999 8622 15002
39000 8622 15730
39001 8623 9272
39002 8623 12874
39003 8623 16769
39004 8623 18981
39005 8624 9040
39006 8624 13681
39007 8624 18989
39008 8624 19701
39009 8625 9860
39010 8625 11256
39011 8625 13614
39012 8625 13728
39013 8626 8914
39014 8626 13696
39015 8627 10882
39016 8627 11628
39017 8627 11748
39018 8628 9986
39019 8628 11351
39020 8628 12859
39021 8628 15280
39022 8628 15687
39023 8629 14045
39024 8629 14097
39025 8629 14563
39026 8630 10397
39027 8630 16007
39028 8630 18714
39029 8631 9009
39030 8631 11811
39031 8631 14177
39032 8632 14252
39033 8632 15299
39034 8632 17788
39035 8633 10576
39036 8633 14298
39037 8634 11994
39038 8634 15865
39039 8635 9179
39040 8635 16568
39041 8635 17295
39042 8636 9414
39043 8636 11435
39044 8636 19082
39045 8637 10324
39046 8637 10679
39047 8638 9113
39048 8638 12080
39049 8638 13012
39050 8638 13341
39051 8638 13588
39052 8639 11349
39053 8639 11435
39054 8639 12067
39055 8640 14942
39056 8640 16909
39057 8640 17857
39058 8640 19209
39059 8640 19426
39060 8641 15272
39061 8641 18509
39062 8641 19470
39063 8642 8649
39064 8642 9278
39065 8642 13564
39066 8642 15823
39067 8642 17842
39068 8643 18035
39069 8644 12552
39070 8644 14005
39071 8644 15888
39072 8644 19950
39073 8645 15911
39074 8645 17065
39075 8646 10160
39076 8646 16034
39077 8647 10799
39078 8647 18565
39079 8648 15981
39080 8648 16611
39081 8648 17756
39082 8648 19173
39083 8649 9278
39084 8649 11956
39085 8649 13564
39086 8649 18580
39087 8650 9819
39088 8651 9404
39089 8651 11416
39090 8651 11760
39091 8652 13546
39092 8652 13594
39093 8652 15670
39094 8652 18235
39095 8652 18910
39096 8653 8870
39097 8653 9302
39098 8653 9647
39099 8653 13192
39100 8653 13501
39101 8654 9264
39102 8654 10339
39103 8654 13956
39104 8654 14956
39105 8654 15047
39106 8655 11523
39107 8655 15096
39108 8655 16217
39109 8656 9791
39110 8656 14520
39111 8656 14896
39112 8656 18286
39113 8658 9135
39114 8658 15676
39115 8660 8994
39116 8660 10657
39117 8660 13606
39118 8661 17653
39119 8662 13705
39120 8662 14723
39121 8663 8770
39122 8663 9718
39123 8663 18106
39124 8663 20006
39125 8664 9874
39126 8664 13115
39127 8665 10887
39128 8665 11725
39129 8666 14939
39130 8666 18967
39131 8667 15537
39132 8667 16864
39133 8667 16879
39134 8667 16942
39135 8667 19635
39136 8668 10852
39137 8668 17728
39138 8668 17730
39139 8668 18146
39140 8669 8933
39141 8669 9319
39142 8669 11075
39143 8670 14417
39144 8670 15525
39145 8670 15652
39146 8670 17621
39147 8671 11176
39148 8672 11538
39149 8672 12170
39150 8672 18068
39151 8672 19577
39152 8673 11347
39153 8673 19918
39154 8674 14421
39155 8674 14517
39156 8674 15706
39157 8674 15848
39158 8675 13991
39159 8675 19613
39160 8676 8677
39161 8676 10979
39162 8676 12247
39163 8676 16614
39164 8677 12247
39165 8677 19605
39166 8678 11653
39167 8678 13680
39168 8678 19545
39169 8679 10426
39170 8679 13080
39171 8679 17408
39172 8680 9880
39173 8680 12711
39174 8680 16997
39175 8681 8718
39176 8681 9323
39177 8681 12369
39178 8681 16142
39179 8681 16368
39180 8681 16594
39181 8682 13033
39182 8682 16029
39183 8682 17972
39184 8683 11690
39185 8684 10907
39186 8684 11036
39187 8684 15873
39188 8684 16120
39189 8685 10506
39190 8685 13331
39191 8686 13300
39192 8686 14882
39193 8686 18510
39194 8686 19126
39195 8687 9492
39196 8687 18703
39197 8687 18768
39198 8688 9243
39199 8689 9557
39200 8689 16251
39201 8689 19021
39202 8690 8742
39203 8690 17330
39204 8691 8796
39205 8691 9130
39206 8691 9936
39207 8691 17056
39208 8692 17163
39209 8693 8698
39210 8693 17081
39211 8693 18858
39212 8694 10188
39213 8694 10249
39214 8694 14397
39215 8695 9591
39216 8695 11592
39217 8695 11811
39218 8695 11969
39219 8695 14167
39220 8696 10190
39221 8696 14974
39222 8698 11074
39223 8698 11570
39224 8698 17081
39225 8699 12265
39226 8699 16385
39227 8700 9076
39228 8700 15240
39229 8700 17831
39230 8701 9869
39231 8701 10942
39232 8701 15402
39233 8702 12552
39234 8702 13975
39235 8702 15386
39236 8703 9409
39237 8703 12016
39238 8703 12239
39239 8703 14865
39240 8704 17041
39241 8704 19459
39242 8705 8746
39243 8705 11929
39244 8705 14828
39245 8705 19133
39246 8706 9228
39247 8706 9411
39248 8706 11567
39249 8706 11569
39250 8708 12220
39251 8708 12606
39252 8708 14124
39253 8708 14166
39254 8708 19455
39255 8709 10081
39256 8709 13316
39257 8709 16141
39258 8710 12100
39259 8711 10823
39260 8711 14744
39261 8711 19353
39262 8712 16202
39263 8712 16995
39264 8713 10815
39265 8714 10861
39266 8714 12853
39267 8715 9481
39268 8715 11847
39269 8715 14819
39270 8715 18534
39271 8716 15677
39272 8716 18736
39273 8716 18759
39274 8717 18181
39275 8718 12369
39276 8718 12456
39277 8718 12558
39278 8718 16130
39279 8718 16594
39280 8719 11828
39281 8719 13568
39282 8719 15547
39283 8720 11174
39284 8720 11916
39285 8720 12626
39286 8720 12877
39287 8720 16743
39288 8720 17242
39289 8721 9031
39290 8721 9415
39291 8721 11421
39292 8721 12731
39293 8721 13844
39294 8721 16959
39295 8722 9303
39296 8722 17061
39297 8723 9552
39298 8723 9624
39299 8723 10616
39300 8723 13602
39301 8723 19606
39302 8724 12541
39303 8724 15899
39304 8725 17977
39305 8726 15524
39306 8726 16282
39307 8727 10027
39308 8727 10030
39309 8727 10407
39310 8727 10698
39311 8728 17326
39312 8728 17328
39313 8728 19952
39314 8728 19968
39315 8728 19981
39316 8729 9054
39317 8729 10470
39318 8729 12039
39319 8729 14635
39320 8729 19534
39321 8730 16055
39322 8730 16944
39323 8730 19776
39324 8730 19853
39325 8731 11205
39326 8731 11611
39327 8731 11859
39328 8731 16896
39329 8732 9992
39330 8732 11423
39331 8732 12386
39332 8732 16061
39333 8732 18898
39334 8732 18920
39335 8733 12062
39336 8733 13545
39337 8733 15469
39338 8733 19996
39339 8734 17031
39340 8734 17064
39341 8734 19140
39342 8735 19031
39343 8735 19529
39344 8736 14373
39345 8737 17845
39346 8738 9334
39347 8738 10930
39348 8739 10116
39349 8739 14610
39350 8739 14612
39351 8739 18302
39352 8740 18395
39353 8740 18399
39354 8740 18870
39355 8741 11359
39356 8741 13595
39357 8741 16059
39358 8741 18626
39359 8742 17330
39360 8742 19158
39361 8743 13165
39362 8744 10656
39363 8744 11641
39364 8744 12727
39365 8744 13042
39366 8744 18628
39367 8744 18656
39368 8745 11491
39369 8745 17355
39370 8746 9089
39371 8746 9138
39372 8746 10118
39373 8746 11929
39374 8746 19133
39375 8747 10786
39376 8747 13550
39377 8747 15463
39378 8748 10151
39379 8749 11555
39380 8749 14313
39381 8749 15222
39382 8750 11814
39383 8750 18972
39384 8751 8848
39385 8751 13694
39386 8751 15786
39387 8751 16916
39388 8752 18252
39389 8752 19460
39390 8753 13498
39391 8754 9769
39392 8754 11432
39393 8754 11918
39394 8754 16781
39395 8755 9282
39396 8755 10378
39397 8755 12905
39398 8755 14763
39399 8756 10159
39400 8756 10230
39401 8756 10757
39402 8757 11441
39403 8757 16868
39404 8757 16941
39405 8757 17045
39406 8758 13085
39407 8758 14447
39408 8759 9963
39409 8759 14238
39410 8760 10785
39411 8760 19511
39412 8761 16815
39413 8762 11549
39414 8762 11771
39415 8763 17791
39416 8763 19548
39417 8764 13285
39418 8764 13624
39419 8764 14690
39420 8764 15944
39421 8764 19860
39422 8765 10100
39423 8765 18571
39424 8766 9615
39425 8766 13787
39426 8767 17944
39427 8767 19563
39428 8768 11518
39429 8768 11692
39430 8768 11745
39431 8768 13799
39432 8768 14710
39433 8769 10306
39434 8769 11805
39435 8769 16217
39436 8770 20006
39437 8771 11357
39438 8771 13531
39439 8772 9723
39440 8772 10035
39441 8772 10480
39442 8772 10530
39443 8773 8963
39444 8773 19201
39445 8773 19865
39446 8774 11597
39447 8774 11616
39448 8774 12091
39449 8774 14177
39450 8775 9635
39451 8775 10146
39452 8775 18168
39453 8776 17781
39454 8776 17888
39455 8776 19813
39456 8776 19870
39457 8776 20001
39458 8777 13529
39459 8777 15827
39460 8777 18680
39461 8777 18701
39462 8777 18736
39463 8777 18759
39464 8778 8785
39465 8778 9861
39466 8778 11519
39467 8778 18670
39468 8779 17830
39469 8780 9017
39470 8780 18706
39471 8780 18800
39472 8780 18803
39473 8780 18852
39474 8782 9726
39475 8782 12491
39476 8783 9467
39477 8783 10111
39478 8783 10278
39479 8784 9109
39480 8784 17749
39481 8784 18153
39482 8784 18521
39483 8784 20028
39484 8785 11519
39485 8785 16494
39486 8785 19952
39487 8786 14535
39488 8786 14537
39489 8786 14872
39490 8786 15031
39491 8787 10345
39492 8787 15221
39493 8787 17135
39494 8788 11513
39495 8788 19050
39496 8789 19433
39497 8790 11234
39498 8790 12413
39499 8790 14568
39500 8790 15247
39501 8790 15855
39502 8790 19373
39503 8792 13215
39504 8792 15000
39505 8792 19109
39506 8792 19271
39507 8792 19396
39508 8793 9196
39509 8793 9457
39510 8793 9954
39511 8794 11387
39512 8794 16681
39513 8794 17809
39514 8794 17851
39515 8795 13017
39516 8795 14160
39517 8796 17056
39518 8797 17120
39519 8797 18184
39520 8798 10223
39521 8798 11204
39522 8798 11890
39523 8798 13077
39524 8799 19628
39525 8799 19751
39526 8800 12918
39527 8800 16945
39528 8800 19704
39529 8801 8837
39530 8801 9363
39531 8801 19983
39532 8802 8828
39533 8802 17024
39534 8803 8906
39535 8803 19994
39536 8804 19131
39537 8805 12863
39538 8805 12913
39539 8805 13308
39540 8805 17763
39541 8806 10408
39542 8806 13041
39543 8806 19238
39544 8806 19799
39545 8807 13338
39546 8807 13346
39547 8807 13414
39548 8807 16254
39549 8807 17663
39550 8807 18221
39551 8808 14058
39552 8808 16070
39553 8809 9662
39554 8809 13242
39555 8809 17287
39556 8809 18610
39557 8810 8911
39558 8810 10011
39559 8810 17472
39560 8810 18457
39561 8810 19448
39562 8811 9671
39563 8811 11431
39564 8811 11526
39565 8811 11741
39566 8811 12029
39567 8813 11605
39568 8813 17712
39569 8814 10105
39570 8814 10106
39571 8815 11378
39572 8815 11492
39573 8816 10212
39574 8816 15970
39575 8817 14511
39576 8817 19292
39577 8818 13745
39578 8818 15370
39579 8819 15984
39580 8819 18830
39581 8819 18990
39582 8820 13816
39583 8820 15084
39584 8820 15517
39585 8820 18829
39586 8821 13775
39587 8822 9133
39588 8822 9143
39589 8822 14027
39590 8822 18886
39591 8823 14602
39592 8823 14680
39593 8823 18183
39594 8824 17912
39595 8824 17985
39596 8824 19637
39597 8825 14375
39598 8825 14697
39599 8825 14783
39600 8825 14984
39601 8826 9118
39602 8826 14954
39603 8826 17203
39604 8826 18095
39605 8827 11175
39606 8827 11952
39607 8827 14642
39608 8827 16709
39609 8828 16946
39610 8829 13561
39611 8829 14300
39612 8829 14842
39613 8829 16865
39614 8830 17314
39615 8830 18670
39616 8831 11759
39617 8831 18884
39618 8832 11026
39619 8832 16278
39620 8832 18931
39621 8833 11214
39622 8833 12629
39623 8833 12829
39624 8833 12831
39625 8833 19329
39626 8834 11103
39627 8834 11104
39628 8834 15328
39629 8834 15869
39630 8835 10106
39631 8835 12982
39632 8835 19305
39633 8836 11467
39634 8836 11602
39635 8836 14773
39636 8837 16026
39637 8837 17157
39638 8837 19904
39639 8838 14348
39640 8838 19760
39641 8840 9670
39642 8840 12948
39643 8840 15775
39644 8840 18091
39645 8841 9595
39646 8841 19460
39647 8842 9384
39648 8842 10261
39649 8842 18523
39650 8843 9710
39651 8843 14677
39652 8843 19377
39653 8843 19803
39654 8844 13195
39655 8844 19780
39656 8845 10484
39657 8845 12088
39658 8845 13231
39659 8846 9740
39660 8846 10205
39661 8846 14929
39662 8846 15583
39663 8847 12281
39664 8847 12315
39665 8847 18758
39666 8848 12894
39667 8848 13694
39668 8848 13810
39669 8848 19262
39670 8849 8893
39671 8849 9661
39672 8849 12791
39673 8849 13553
39674 8849 19037
39675 8850 9408
39676 8850 9724
39677 8850 17201
39678 8851 12538
39679 8851 12839
39680 8851 18609
39681 8851 19160
39682 8852 9550
39683 8852 10785
39684 8852 18739
39685 8853 10664
39686 8853 10855
39687 8853 14455
39688 8853 19721
39689 8855 12959
39690 8855 18996
39691 8856 10760
39692 8856 11021
39693 8856 11023
39694 8856 15645
39695 8856 19536
39696 8857 8921
39697 8857 9312
39698 8857 16683
39699 8858 8965
39700 8858 9949
39701 8858 18098
39702 8859 14042
39703 8859 16183
39704 8860 13876
39705 8860 15562
39706 8860 15953
39707 8860 16840
39708 8861 14134
39709 8861 14437
39710 8861 16581
39711 8861 16765
39712 8861 17960
39713 8862 18866
39714 8862 18938
39715 8863 10461
39716 8863 13755
39717 8863 14161
39718 8863 15350
39719 8863 18253
39720 8864 12179
39721 8864 16466
39722 8864 17868
39723 8865 11634
39724 8865 11804
39725 8865 12094
39726 8865 12318
39727 8865 18076
39728 8866 9767
39729 8866 11149
39730 8866 11762
39731 8866 13524
39732 8867 13119
39733 8867 13579
39734 8867 16590
39735 8867 20020
39736 8868 9021
39737 8868 9139
39738 8868 10147
39739 8868 16771
39740 8868 19773
39741 8869 13287
39742 8869 19789
39743 8870 9647
39744 8870 12988
39745 8871 10700
39746 8871 11033
39747 8871 13239
39748 8871 14055
39749 8872 15758
39750 8872 16036
39751 8872 17932
39752 8872 18521
39753 8872 18588
39754 8873 9663
39755 8873 10944
39756 8873 14694
39757 8873 16881
39758 8873 17046
39759 8873 19027
39760 8874 8907
39761 8874 10300
39762 8874 11423
39763 8874 11424
39764 8874 14973
39765 8874 18898
39766 8875 12989
39767 8875 13948
39768 8875 17206
39769 8876 9379
39770 8876 13022
39771 8876 15106
39772 8876 19225
39773 8876 19227
39774 8877 11145
39775 8877 15723
39776 8877 19532
39777 8878 14214
39778 8878 18172
39779 8879 11627
39780 8879 14908
39781 8879 14910
39782 8879 17147
39783 8880 9943
39784 8880 12161
39785 8881 13839
39786 8881 15432
39787 8882 12110
39788 8882 12874
39789 8882 19694
39790 8883 13693
39791 8883 18520
39792 8883 18522
39793 8883 18962
39794 8884 10093
39795 8885 8949
39796 8885 14707
39797 8885 14757
39798 8885 14912
39799 8885 15709
39800 8885 17984
39801 8886 11676
39802 8886 11678
39803 8886 11783
39804 8886 12732
39805 8886 15383
39806 8887 11714
39807 8887 12971
39808 8888 11748
39809 8888 16825
39810 8888 16951
39811 8888 17609
39812 8889 9059
39813 8889 13267
39814 8890 16945
39815 8891 10093
39816 8892 9275
39817 8892 9618
39818 8892 11859
39819 8893 12721
39820 8893 12723
39821 8893 13553
39822 8893 19034
39823 8893 19037
39824 8894 8904
39825 8894 11330
39826 8894 11353
39827 8894 11874
39828 8894 15179
39829 8895 18709
39830 8895 18747
39831 8895 18753
39832 8895 18810
39833 8896 15513
39834 8896 17959
39835 8896 18849
39836 8896 18964
39837 8897 15841
39838 8897 18073
39839 8897 18970
39840 8898 15379
39841 8898 16257
39842 8899 11514
39843 8899 14247
39844 8900 12306
39845 8900 15466
39846 8901 10556
39847 8901 11883
39848 8902 11144
39849 8902 11874
39850 8902 15179
39851 8902 16303
39852 8903 9634
39853 8903 10172
39854 8903 10716
39855 8903 10782
39856 8903 10817
39857 8903 13711
39858 8903 18658
39859 8904 11330
39860 8904 15179
39861 8904 17719
39862 8905 13513
39863 8905 16457
39864 8905 16587
39865 8905 18080
39866 8905 18227
39867 8906 9763
39868 8906 14825
39869 8906 17854
39870 8906 19994
39871 8907 10300
39872 8907 11367
39873 8907 14973
39874 8908 10471
39875 8908 11591
39876 8908 14090
39877 8908 14425
39878 8908 14484
39879 8909 13093
39880 8909 13641
39881 8909 19582
39882 8910 10754
39883 8910 11700
39884 8911 14418
39885 8911 16947
39886 8911 17472
39887 8912 12634
39888 8912 13662
39889 8912 14613
39890 8912 18807
39891 8912 18819
39892 8913 10215
39893 8913 17308
39894 8915 15130
39895 8915 15131
39896 8915 16718
39897 8916 13514
39898 8916 16651
39899 8916 16744
39900 8916 18600
39901 8917 9204
39902 8917 9556
39903 8917 16816
39904 8918 13858
39905 8918 16733
39906 8918 17030
39907 8918 17259
39908 8918 19641
39909 8919 12578
39910 8919 14039
39911 8919 19936
39912 8920 18979
39913 8921 14345
39914 8921 16598
39915 8922 11140
39916 8922 11333
39917 8922 13876
39918 8922 15458
39919 8922 16838
39920 8922 18188
39921 8923 10359
39922 8923 11209
39923 8923 13197
39924 8923 13803
39925 8923 18901
39926 8924 14096
39927 8924 15339
39928 8924 15828
39929 8924 16909
39930 8925 13115
39931 8925 15415
39932 8926 9730
39933 8926 12808
39934 8926 16085
39935 8927 15920
39936 8927 19945
39937 8928 13058
39938 8928 13860
39939 8928 15410
39940 8929 10287
39941 8929 14029
39942 8930 10155
39943 8930 10158
39944 8930 10164
39945 8930 10171
39946 8931 19293
39947 8932 17592
39948 8933 10095
39949 8933 11075
39950 8933 15718
39951 8935 13679
39952 8935 17704
39953 8935 18769
39954 8936 12049
39955 8937 10005
39956 8937 13879
39957 8937 17647
39958 8938 14162
39959 8938 14608
39960 8938 19560
39961 8938 19715
39962 8939 14942
39963 8939 16805
39964 8939 16853
39965 8939 19209
39966 8940 9729
39967 8940 10686
39968 8940 13322
39969 8940 13622
39970 8941 12365
39971 8941 14701
39972 8941 15175
39973 8942 16084
39974 8942 17178
39975 8943 10680
39976 8943 11272
39977 8943 17993
39978 8944 8988
39979 8944 10348
39980 8944 13321
39981 8944 19191
39982 8945 10753
39983 8945 13807
39984 8945 19414
39985 8946 11410
39986 8946 19264
39987 8947 10287
39988 8947 16215
39989 8947 17778
39990 8948 9366
39991 8948 13185
39992 8948 20036
39993 8949 13947
39994 8949 15604
39995 8949 15709
39996 8949 17984
39997 8949 18403
39998 8950 9892
39999 8950 18582
40000 8950 19972
40001 8951 11713
40002 8951 14468
40003 8951 14740
40004 8951 15201
40005 8951 17583
40006 8951 18784
40007 8952 16000
40008 8952 18287
40009 8952 18325
40010 8952 18456
40011 8952 18915
40012 8953 10459
40013 8953 12006
40014 8953 14406
40015 8953 15062
40016 8954 13510
40017 8954 15722
40018 8955 9347
40019 8955 10484
40020 8956 9141
40021 8956 11264
40022 8957 9389
40023 8957 12653
40024 8957 12797
40025 8957 16189
40026 8958 14964
40027 8958 15887
40028 8958 16894
40029 8958 19879
40030 8959 14263
40031 8960 10358
40032 8961 12635
40033 8961 12659
40034 8961 12776
40035 8961 17753
40036 8962 14059
40037 8962 15476
40038 8962 15510
40039 8962 17038
40040 8963 14203
40041 8963 15886
40042 8963 19201
40043 8964 9094
40044 8964 10016
40045 8965 9452
40046 8965 9949
40047 8965 18098
40048 8966 13601
40049 8966 14646
40050 8967 13043
40051 8967 13076
40052 8967 18572
40053 8967 19195
40054 8968 10098
40055 8968 10282
40056 8968 11488
40057 8969 10283
40058 8969 17300
40059 8970 9536
40060 8970 15952
40061 8970 19962
40062 8971 19253
40063 8972 12863
40064 8972 17249
40065 8972 18841
40066 8973 10595
40067 8974 11877
40068 8974 13740
40069 8974 14902
40070 8974 16090
40071 8975 14655
40072 8975 18448
40073 8976 14216
40074 8977 10176
40075 8977 10185
40076 8977 10274
40077 8977 10280
40078 8977 10414
40079 8978 14266
40080 8978 17115
40081 8979 13580
40082 8979 16038
40083 8979 17129
40084 8979 17545
40085 8979 18536
40086 8979 18733
40087 8980 12077
40088 8980 13904
40089 8980 15613
40090 8981 9462
40091 8981 10230
40092 8982 10417
40093 8982 14011
40094 8982 15090
40095 8982 16294
40096 8983 10539
40097 8983 12812
40098 8983 14950
40099 8984 12982
40100 8985 11498
40101 8985 14911
40102 8985 17037
40103 8985 19070
40104 8986 10646
40105 8986 10647
40106 8986 19224
40107 8986 19390
40108 8987 13031
40109 8987 13577
40110 8987 17488
40111 8988 10348
40112 8988 13321
40113 8989 10015
40114 8989 10182
40115 8989 10238
40116 8989 10251
40117 8989 10269
40118 8990 10960
40119 8990 14597
40120 8990 16842
40121 8990 18615
40122 8991 12487
40123 8991 18477
40124 8991 18530
40125 8991 18741
40126 8991 18910
40127 8992 11608
40128 8992 11818
40129 8993 9700
40130 8993 14448
40131 8994 13967
40132 8995 9081
40133 8995 9370
40134 8995 10099
40135 8995 19484
40136 8996 9715
40137 8996 15671
40138 8996 19538
40139 8996 19710
40140 8997 11433
40141 8997 15033
40142 8998 11527
40143 8998 11660
40144 8998 13661
40145 8998 17170
40146 8999 19642
40147 9000 13184
40148 9000 14742
40149 9000 19282
40150 9002 11065
40151 9002 12949
40152 9004 13141
40153 9004 15447
40154 9004 16197
40155 9004 18638
40156 9005 9933
40157 9005 10943
40158 9005 16966
40159 9006 18145
40160 9006 19304
40161 9007 11340
40162 9007 16525
40163 9007 18766
40164 9008 9107
40165 9008 16021
40166 9008 17033
40167 9009 14177
40168 9010 9011
40169 9010 11699
40170 9011 9160
40171 9011 11699
40172 9011 14823
40173 9011 15213
40174 9012 9667
40175 9012 15710
40176 9012 16613
40177 9013 14082
40178 9013 14957
40179 9013 15570
40180 9013 15949
40181 9013 19553
40182 9014 11620
40183 9014 14891
40184 9014 17868
40185 9014 18030
40186 9014 18673
40187 9015 12135
40188 9015 17315
40189 9015 18489
40190 9016 13163
40191 9016 13447
40192 9016 18533
40193 9017 9311
40194 9017 18800
40195 9017 18803
40196 9018 9247
40197 9018 9409
40198 9018 10464
40199 9018 11584
40200 9019 11504
40201 9019 14637
40202 9019 14687
40203 9019 15367
40204 9019 19483
40205 9020 9819
40206 9020 10876
40207 9020 18197
40208 9021 9139
40209 9021 11666
40210 9021 11990
40211 9022 11024
40212 9022 14795
40213 9022 15876
40214 9022 17277
40215 9023 9978
40216 9023 10377
40217 9023 14490
40218 9023 14492
40219 9024 10538
40220 9024 11062
40221 9024 11080
40222 9024 13229
40223 9025 9480
40224 9025 11223
40225 9025 17903
40226 9025 17995
40227 9026 9301
40228 9027 10669
40229 9027 10670
40230 9028 12925
40231 9028 12927
40232 9028 12929
40233 9028 12934
40234 9028 15643
40235 9029 9060
40236 9029 15571
40237 9029 18010
40238 9030 14592
40239 9030 14622
40240 9030 15025
40241 9031 12731
40242 9031 16959
40243 9032 16105
40244 9032 16106
40245 9032 16124
40246 9033 9087
40247 9033 14678
40248 9033 14998
40249 9033 15081
40250 9034 11199
40251 9034 11984
40252 9034 12204
40253 9035 10936
40254 9035 14208
40255 9035 14284
40256 9036 9272
40257 9036 12582
40258 9036 18202
40259 9036 18587
40260 9036 18981
40261 9037 11129
40262 9037 14365
40263 9037 17355
40264 9037 17411
40265 9038 11272
40266 9038 16021
40267 9038 17082
40268 9038 17452
40269 9039 9188
40270 9039 11774
40271 9039 12199
40272 9039 16452
40273 9040 9667
40274 9040 13193
40275 9040 18989
40276 9041 9900
40277 9041 10174
40278 9041 15211
40279 9042 10326
40280 9042 19280
40281 9043 9082
40282 9043 14092
40283 9043 14169
40284 9043 16911
40285 9043 17015
40286 9044 11085
40287 9044 13388
40288 9044 15805
40289 9044 17604
40290 9045 9649
40291 9045 9862
40292 9045 11895
40293 9046 9497
40294 9046 13220
40295 9046 19748
40296 9047 9669
40297 9047 12061
40298 9048 9585
40299 9048 11533
40300 9048 15039
40301 9048 15123
40302 9048 16258
40303 9049 17470
40304 9049 18385
40305 9049 19292
40306 9049 19309
40307 9050 11059
40308 9050 12147
40309 9050 12425
40310 9050 13686
40311 9050 16476
40312 9050 16672
40313 9051 11328
40314 9051 15023
40315 9051 17242
40316 9052 10437
40317 9052 14471
40318 9052 15817
40319 9052 17864
40320 9052 18294
40321 9052 19629
40322 9053 11644
40323 9053 11878
40324 9053 14884
40325 9053 16260
40326 9054 11588
40327 9054 12039
40328 9054 14633
40329 9054 14652
40330 9055 9361
40331 9055 17795
40332 9055 18853
40333 9055 19677
40334 9056 11498
40335 9056 11501
40336 9056 14691
40337 9056 14712
40338 9056 14976
40339 9056 17037
40340 9057 10386
40341 9057 11284
40342 9057 18191
40343 9058 11318
40344 9058 12017
40345 9058 12810
40346 9058 15213
40347 9058 16800
40348 9059 11161
40349 9059 13267
40350 9060 12522
40351 9060 12524
40352 9060 15571
40353 9060 17422
40354 9061 12912
40355 9061 17400
40356 9061 18358
40357 9061 19380
40358 9062 17044
40359 9062 19262
40360 9063 9153
40361 9063 11792
40362 9063 15858
40363 9063 19196
40364 9064 9197
40365 9064 14211
40366 9064 14373
40367 9064 15016
40368 9065 11401
40369 9065 11944
40370 9065 12575
40371 9065 16210
40372 9065 17366
40373 9066 12747
40374 9066 13061
40375 9066 13146
40376 9066 13304
40377 9066 13422
40378 9067 9985
40379 9067 12165
40380 9067 14862
40381 9068 12282
40382 9068 17608
40383 9069 11320
40384 9069 11627
40385 9069 14492
40386 9069 14499
40387 9069 14573
40388 9069 14908
40389 9070 10268
40390 9071 9073
40391 9071 19716
40392 9071 19791
40393 9072 16602
40394 9072 17578
40395 9072 18418
40396 9073 19716
40397 9073 19791
40398 9074 9777
40399 9074 11273
40400 9074 11428
40401 9074 11526
40402 9074 11741
40403 9075 11623
40404 9075 13215
40405 9075 15000
40406 9075 16857
40407 9076 16025
40408 9076 19945
40409 9077 10699
40410 9077 13333
40411 9077 18365
40412 9078 12546
40413 9078 14079
40414 9078 16230
40415 9078 19566
40416 9079 10308
40417 9079 13487
40418 9079 18782
40419 9080 10451
40420 9080 11442
40421 9080 18208
40422 9081 10099
40423 9081 19484
40424 9082 12025
40425 9082 14092
40426 9082 14169
40427 9082 16900
40428 9082 17256
40429 9082 19777
40430 9083 11745
40431 9083 11773
40432 9083 14619
40433 9083 19647
40434 9084 13495
40435 9084 16835
40436 9084 19507
40437 9085 10323
40438 9085 10858
40439 9086 9925
40440 9086 10370
40441 9086 15784
40442 9086 17317
40443 9086 18011
40444 9087 14678
40445 9087 14919
40446 9087 15089
40447 9088 9190
40448 9088 12455
40449 9088 15214
40450 9088 16171
40451 9088 16228
40452 9088 19393
40453 9089 9138
40454 9089 10118
40455 9089 16731
40456 9090 11073
40457 9091 9592
40458 9091 11242
40459 9091 17240
40460 9091 17348
40461 9091 19424
40462 9092 11044
40463 9092 13903
40464 9092 19755
40465 9093 16137
40466 9093 17776
40467 9094 13049
40468 9095 12691
40469 9095 12696
40470 9095 16979
40471 9095 19175
40472 9095 19194
40473 9096 10191
40474 9096 14914
40475 9097 19652
40476 9097 19730
40477 9098 10165
40478 9098 10857
40479 9098 11039
40480 9098 12079
40481 9098 13116
40482 9099 15105
40483 9099 19696
40484 9100 10844
40485 9100 10951
40486 9100 11023
40487 9100 13475
40488 9101 14551
40489 9101 15680
40490 9101 17216
40491 9101 18700
40492 9102 13334
40493 9102 19186
40494 9102 19236
40495 9103 11751
40496 9103 11761
40497 9103 12328
40498 9103 15231
40499 9104 12381
40500 9104 12382
40501 9104 18291
40502 9104 18458
40503 9105 9121
40504 9105 10830
40505 9105 11137
40506 9105 11298
40507 9105 16224
40508 9106 11971
40509 9106 13599
40510 9106 14993
40511 9106 14999
40512 9106 17271
40513 9107 9815
40514 9107 14239
40515 9107 18965
40516 9108 13562
40517 9108 13565
40518 9108 15612
40519 9108 18591
40520 9109 9732
40521 9109 15514
40522 9109 17749
40523 9109 17822
40524 9109 20028
40525 9110 10916
40526 9110 12737
40527 9110 12773
40528 9110 13136
40529 9110 16012
40530 9110 17616
40531 9111 11777
40532 9111 14113
40533 9111 18700
40534 9112 12160
40535 9112 12555
40536 9112 16285
40537 9112 16407
40538 9113 13012
40539 9113 13340
40540 9113 13341
40541 9113 13348
40542 9113 15533
40543 9114 9680
40544 9114 10398
40545 9114 12670
40546 9114 14339
40547 9114 14933
40548 9115 16009
40549 9115 16201
40550 9117 9436
40551 9117 13684
40552 9117 14149
40553 9117 16888
40554 9118 16751
40555 9118 18095
40556 9119 11295
40557 9119 11322
40558 9119 17945
40559 9119 19549
40560 9120 16645
40561 9120 19446
40562 9121 11137
40563 9121 11297
40564 9121 11298
40565 9122 12909
40566 9122 17887
40567 9123 10950
40568 9123 11682
40569 9124 11117
40570 9124 17543
40571 9125 17825
40572 9125 18156
40573 9126 9195
40574 9126 18842
40575 9127 19165
40576 9127 19768
40577 9128 11864
40578 9128 11987
40579 9128 16378
40580 9128 16819
40581 9129 19288
40582 9130 9829
40583 9130 16712
40584 9130 17056
40585 9131 12454
40586 9131 13660
40587 9131 14607
40588 9131 15069
40589 9132 17255
40590 9133 14027
40591 9133 14121
40592 9134 14875
40593 9134 17773
40594 9135 9714
40595 9135 15676
40596 9136 11766
40597 9136 14881
40598 9136 15126
40599 9137 10900
40600 9138 18007
40601 9138 19133
40602 9139 11666
40603 9139 11722
40604 9139 19773
40605 9140 10549
40606 9141 11264
40607 9142 10318
40608 9142 10689
40609 9142 10722
40610 9143 12597
40611 9143 12856
40612 9143 14027
40613 9143 14050
40614 9144 14647
40615 9145 11521
40616 9145 12047
40617 9145 14623
40618 9145 15139
40619 9145 16077
40620 9145 19925
40621 9146 10137
40622 9146 17417
40623 9147 11191
40624 9147 11392
40625 9147 11867
40626 9147 14668
40627 9147 15795
40628 9148 9514
40629 9148 10521
40630 9149 12753
40631 9149 13483
40632 9149 14681
40633 9149 16168
40634 9149 16180
40635 9150 13058
40636 9150 15466
40637 9150 16796
40638 9150 17352
40639 9151 10234
40640 9151 12214
40641 9151 13706
40642 9151 17210
40643 9152 10953
40644 9152 11146
40645 9152 12985
40646 9152 14731
40647 9153 10126
40648 9153 11792
40649 9154 13322
40650 9154 16787
40651 9155 11772
40652 9155 19232
40653 9156 9575
40654 9156 16883
40655 9156 16907
40656 9156 19273
40657 9157 9245
40658 9157 16860
40659 9158 9917
40660 9158 9936
40661 9158 10023
40662 9159 10983
40663 9159 12826
40664 9159 16382
40665 9159 17598
40666 9160 11699
40667 9160 14823
40668 9160 17665
40669 9161 17277
40670 9161 17504
40671 9161 18926
40672 9162 9689
40673 9162 11997
40674 9162 13050
40675 9162 16442
40676 9162 17709
40677 9163 9672
40678 9163 11987
40679 9163 16378
40680 9163 17895
40681 9164 14433
40682 9164 14435
40683 9165 11384
40684 9165 12389
40685 9165 15518
40686 9165 16354
40687 9165 16527
40688 9165 18957
40689 9165 19364
40690 9166 12162
40691 9166 13130
40692 9166 13131
40693 9166 17816
40694 9167 10750
40695 9167 13823
40696 9167 13928
40697 9167 14136
40698 9167 18084
40699 9167 19501
40700 9168 10415
40701 9168 13965
40702 9168 14266
40703 9169 9540
40704 9169 13660
40705 9169 14221
40706 9169 14344
40707 9170 10095
40708 9170 11389
40709 9170 18931
40710 9171 9802
40711 9171 12625
40712 9171 14779
40713 9171 19825
40714 9172 13088
40715 9173 11813
40716 9173 16716
40717 9173 17264
40718 9173 17861
40719 9174 9695
40720 9174 11446
40721 9174 11705
40722 9174 13663
40723 9176 15528
40724 9176 17077
40725 9176 19685
40726 9177 9469
40727 9177 12223
40728 9177 14367
40729 9177 14739
40730 9177 15433
40731 9178 16227
40732 9178 19252
40733 9179 16568
40734 9179 19073
40735 9180 19559
40736 9181 9252
40737 9181 11341
40738 9181 13548
40739 9181 13796
40740 9181 15700
40741 9182 19718
40742 9183 16087
40743 9184 12960
40744 9184 16596
40745 9185 9543
40746 9185 12532
40747 9185 18161
40748 9185 19562
40749 9186 16641
40750 9187 10889
40751 9187 18766
40752 9187 20023
40753 9188 11774
40754 9188 15907
40755 9189 11058
40756 9189 15590
40757 9189 17177
40758 9190 12259
40759 9190 12373
40760 9190 16169
40761 9190 16171
40762 9190 16228
40763 9191 19461
40764 9192 11135
40765 9192 11139
40766 9192 11297
40767 9192 11334
40768 9192 14540
40769 9192 14601
40770 9193 11790
40771 9193 14390
40772 9193 17711
40773 9193 17731
40774 9195 9258
40775 9195 18738
40776 9196 9457
40777 9196 9849
40778 9196 12363
40779 9197 12210
40780 9197 14193
40781 9197 17051
40782 9198 13932
40783 9198 14075
40784 9198 15482
40785 9198 16219
40786 9198 17376
40787 9198 17465
40788 9199 13081
40789 9199 14460
40790 9199 19407
40791 9200 10169
40792 9200 10310
40793 9201 18164
40794 9202 14875
40795 9203 10422
40796 9203 13391
40797 9203 14052
40798 9203 18288
40799 9203 18324
40800 9203 18462
40801 9204 11040
40802 9204 11568
40803 9204 16816
40804 9205 12726
40805 9205 18398
40806 9205 18720
40807 9206 15669
40808 9206 15864
40809 9206 17669
40810 9206 17904
40811 9207 11453
40812 9207 13488
40813 9207 18057
40814 9207 18267
40815 9208 9580
40816 9208 10822
40817 9209 9971
40818 9209 12287
40819 9209 12290
40820 9209 12375
40821 9209 17322
40822 9209 17540
40823 9210 9752
40824 9210 12712
40825 9210 12785
40826 9210 15626
40827 9211 12263
40828 9211 12266
40829 9211 12292
40830 9211 12294
40831 9211 12514
40832 9211 13144
40833 9211 18525
40834 9212 11776
40835 9212 14656
40836 9212 17581
40837 9213 12702
40838 9213 14483
40839 9213 15194
40840 9213 15259
40841 9213 19234
40842 9214 13087
40843 9214 19779
40844 9215 11719
40845 9215 13286
40846 9215 14261
40847 9215 17484
40848 9216 10701
40849 9217 16705
40850 9217 16910
40851 9217 19250
40852 9218 9577
40853 9218 11323
40854 9218 12418
40855 9218 14229
40856 9218 14667
40857 9218 18956
40858 9219 12578
40859 9219 13503
40860 9219 14198
40861 9219 17679
40862 9220 10964
40863 9220 14099
40864 9220 14169
40865 9220 15743
40866 9220 17015
40867 9220 17256
40868 9221 16990
40869 9221 18035
40870 9222 12642
40871 9222 17643
40872 9222 18277
40873 9222 19425
40874 9223 16282
40875 9223 18649
40876 9223 18880
40877 9223 19840
40878 9224 14446
40879 9225 13232
40880 9225 13817
40881 9226 14566
40882 9226 16812
40883 9226 18347
40884 9226 19004
40885 9227 10212
40886 9228 11567
40887 9228 11879
40888 9228 12013
40889 9228 16779
40890 9229 12322
40891 9229 17957
40892 9230 11002
40893 9230 11030
40894 9230 15501
40895 9230 15548
40896 9230 19272
40897 9231 9392
40898 9231 9875
40899 9231 13765
40900 9231 15954
40901 9232 12166
40902 9232 14378
40903 9233 16221
40904 9233 18371
40905 9234 11786
40906 9234 18158
40907 9235 10699
40908 9235 10744
40909 9235 12345
40910 9235 12472
40911 9236 13774
40912 9236 14204
40913 9236 16946
40914 9237 9823
40915 9237 10726
40916 9238 10305
40917 9239 9951
40918 9239 13086
40919 9239 16462
40920 9240 18079
40921 9240 19716
40922 9241 12709
40923 9241 16249
40924 9242 9750
40925 9242 14115
40926 9242 15056
40927 9242 18156
40928 9242 19735
40929 9243 15778
40930 9243 16627
40931 9244 13263
40932 9244 14690
40933 9244 16226
40934 9245 10918
40935 9245 15611
40936 9245 16860
40937 9246 9979
40938 9246 10056
40939 9246 13177
40940 9246 15649
40941 9247 9409
40942 9247 10003
40943 9247 11584
40944 9247 12016
40945 9248 12975
40946 9248 13946
40947 9248 16352
40948 9248 16689
40949 9248 16783
40950 9249 11056
40951 9249 11758
40952 9249 13590
40953 9250 11726
40954 9250 14676
40955 9250 14679
40956 9250 15161
40957 9250 15921
40958 9251 12372
40959 9251 16053
40960 9251 16125
40961 9251 17933
40962 9251 18855
40963 9251 18937
40964 9252 11322
40965 9252 11341
40966 9252 11507
40967 9253 9399
40968 9253 17537
40969 9254 11558
40970 9254 14692
40971 9254 15384
40972 9255 9987
40973 9255 19296
40974 9256 15309
40975 9257 11163
40976 9257 13777
40977 9257 14639
40978 9258 9787
40979 9258 18738
40980 9259 10803
40981 9259 11026
40982 9259 15693
40983 9259 16673
40984 9260 19163
40985 9261 10472
40986 9261 10608
40987 9262 19076
40988 9262 19077
40989 9262 19078
40990 9262 19091
40991 9262 19176
40992 9263 11403
40993 9263 15160
40994 9264 11651
40995 9264 14956
40996 9265 18992
40997 9265 19395
40998 9266 10587
40999 9266 13321
41000 9266 16568
41001 9267 11990
41002 9267 15269
41003 9267 17846
41004 9268 10637
41005 9269 10048
41006 9269 10128
41007 9269 15067
41008 9269 15776
41009 9269 19951
41010 9270 9370
41011 9270 16627
41012 9270 17231
41013 9271 10787
41014 9271 15786
41015 9271 16876
41016 9271 16916
41017 9272 12582
41018 9272 16849
41019 9272 18981
41020 9273 13805
41021 9273 13940
41022 9273 19942
41023 9274 9360
41024 9274 14721
41025 9275 14234
41026 9275 16896
41027 9276 9560
41028 9276 13683
41029 9276 19134
41030 9276 19281
41031 9277 10796
41032 9277 10845
41033 9277 19286
41034 9277 19916
41035 9278 15360
41036 9278 17842
41037 9278 18580
41038 9278 19491
41039 9279 9429
41040 9279 9791
41041 9280 9839
41042 9280 13631
41043 9280 18986
41044 9281 10423
41045 9281 15854
41046 9281 18542
41047 9281 19222
41048 9282 10378
41049 9282 14870
41050 9282 18765
41051 9283 10262
41052 9283 18488
41053 9283 19419
41054 9283 19435
41055 9284 12718
41056 9284 16114
41057 9284 16482
41058 9284 18251
41059 9285 10491
41060 9285 14510
41061 9286 10995
41062 9286 17677
41063 9286 17769
41064 9286 19958
41065 9287 10544
41066 9287 11485
41067 9288 10013
41068 9288 10968
41069 9288 11206
41070 9289 9997
41071 9289 15690
41072 9289 17718
41073 9289 18129
41074 9291 15169
41075 9291 17347
41076 9291 17354
41077 9292 10240
41078 9292 10886
41079 9293 10433
41080 9293 10642
41081 9293 15672
41082 9293 19902
41083 9294 9906
41084 9294 19795
41085 9295 9532
41086 9295 14814
41087 9295 16989
41088 9296 10800
41089 9296 13424
41090 9296 13426
41091 9296 15860
41092 9296 16274
41093 9296 18914
41094 9297 9627
41095 9297 13490
41096 9297 15913
41097 9297 19239
41098 9298 9430
41099 9298 18860
41100 9299 12250
41101 9299 14357
41102 9300 11123
41103 9300 14315
41104 9300 14787
41105 9300 15107
41106 9300 19724
41107 9301 15208
41108 9302 13192
41109 9302 13501
41110 9303 14050
41111 9303 17061
41112 9304 9668
41113 9304 9756
41114 9304 12945
41115 9305 10911
41116 9305 11253
41117 9305 15322
41118 9305 19510
41119 9306 10217
41120 9306 14808
41121 9307 18552
41122 9308 12564
41123 9308 14224
41124 9308 14228
41125 9309 14337
41126 9309 15782
41127 9309 19666
41128 9310 13591
41129 9310 18786
41130 9310 18849
41131 9310 18964
41132 9311 18663
41133 9311 18803
41134 9311 19964
41135 9312 11141
41136 9312 16683
41137 9313 9588
41138 9313 12131
41139 9313 15053
41140 9313 18283
41141 9313 18313
41142 9314 9840
41143 9314 13287
41144 9315 11196
41145 9315 11250
41146 9315 19017
41147 9316 9909
41148 9316 10329
41149 9316 10938
41150 9316 13270
41151 9317 11906
41152 9317 11982
41153 9317 19516
41154 9318 12132
41155 9318 13633
41156 9318 13923
41157 9318 16538
41158 9318 18783
41159 9320 14276
41160 9320 16607
41161 9320 19408
41162 9321 14153
41163 9321 14160
41164 9321 16978
41165 9321 17076
41166 9321 18425
41167 9322 14335
41168 9322 14342
41169 9322 14858
41170 9322 15903
41171 9323 12474
41172 9323 16142
41173 9323 16368
41174 9323 16502
41175 9323 17634
41176 9324 16915
41177 9324 16921
41178 9324 17035
41179 9325 11189
41180 9325 11300
41181 9325 15113
41182 9325 18062
41183 9326 12303
41184 9326 13504
41185 9327 9332
41186 9327 12200
41187 9327 12236
41188 9327 13064
41189 9327 18480
41190 9328 16700
41191 9328 17380
41192 9329 14051
41193 9329 14876
41194 9329 15555
41195 9329 18583
41196 9329 18686
41197 9330 9381
41198 9330 18678
41199 9330 18689
41200 9330 18889
41201 9331 13483
41202 9331 14681
41203 9331 14684
41204 9331 14976
41205 9331 15683
41206 9331 18063
41207 9332 10196
41208 9332 10431
41209 9332 18480
41210 9333 14026
41211 9333 14962
41212 9333 15015
41213 9333 15708
41214 9335 17893
41215 9336 10671
41216 9336 13813
41217 9336 13961
41218 9336 14474
41219 9336 17848
41220 9337 12207
41221 9338 10882
41222 9338 11628
41223 9338 15269
41224 9338 16423
41225 9339 9594
41226 9339 10941
41227 9340 14785
41228 9340 17267
41229 9341 11851
41230 9341 13262
41231 9342 10073
41232 9342 14738
41233 9342 16060
41234 9342 19941
41235 9343 15449
41236 9343 16408
41237 9344 12180
41238 9344 13765
41239 9345 18407
41240 9346 12730
41241 9346 13592
41242 9346 17789
41243 9346 18478
41244 9346 18811
41245 9347 10484
41246 9347 11215
41247 9347 12088
41248 9348 9493
41249 9348 10067
41250 9348 11905
41251 9348 12081
41252 9348 16719
41253 9349 13690
41254 9349 17877
41255 9349 18285
41256 9349 18752
41257 9350 11374
41258 9350 13175
41259 9351 10821
41260 9351 14125
41261 9351 15964
41262 9351 17224
41263 9351 17584
41264 9352 10303
41265 9352 10307
41266 9353 10039
41267 9353 10185
41268 9353 10271
41269 9353 10414
41270 9353 12155
41271 9354 11888
41272 9354 14364
41273 9354 15331
41274 9354 19986
41275 9355 10340
41276 9355 10535
41277 9355 10919
41278 9355 10920
41279 9356 9522
41280 9356 16466
41281 9356 19745
41282 9357 14445
41283 9357 15877
41284 9357 16459
41285 9357 16617
41286 9357 17363
41287 9357 18210
41288 9358 13298
41289 9358 16144
41290 9359 10894
41291 9359 11650
41292 9359 18135
41293 9360 15825
41294 9360 16705
41295 9360 17687
41296 9361 17795
41297 9361 18853
41298 9361 18980
41299 9362 13962
41300 9362 14038
41301 9363 9632
41302 9364 15290
41303 9364 17671
41304 9364 17780
41305 9364 18737
41306 9365 12130
41307 9365 16431
41308 9365 17482
41309 9365 19442
41310 9366 10496
41311 9366 13185
41312 9366 19371
41313 9367 19703
41314 9368 13513
41315 9368 14269
41316 9368 16587
41317 9368 19410
41318 9369 10110
41319 9369 12057
41320 9369 14046
41321 9370 15778
41322 9370 16627
41323 9370 19484
41324 9371 9496
41325 9371 15783
41326 9371 16020
41327 9371 16022
41328 9371 17162
41329 9372 15218
41330 9372 15852
41331 9372 16008
41332 9372 16940
41333 9373 12232
41334 9373 14012
41335 9373 18643
41336 9375 11862
41337 9375 11885
41338 9375 15856
41339 9375 17564
41340 9375 18170
41341 9376 10495
41342 9376 17499
41343 9377 14674
41344 9377 14989
41345 9377 15274
41346 9377 15284
41347 9377 19824
41348 9378 10041
41349 9378 12317
41350 9378 12674
41351 9379 9527
41352 9379 16808
41353 9379 16905
41354 9379 16912
41355 9379 19225
41356 9380 9753
41357 9380 12493
41358 9380 15188
41359 9381 11070
41360 9381 17745
41361 9381 18689
41362 9382 16904
41363 9383 9424
41364 9383 10435
41365 9384 10176
41366 9384 10274
41367 9384 14384
41368 9384 18523
41369 9385 13259
41370 9385 13260
41371 9386 14458
41372 9386 15310
41373 9386 16656
41374 9386 17614
41375 9387 12708
41376 9387 13562
41377 9387 13724
41378 9387 13726
41379 9387 18329
41380 9388 9508
41381 9388 9935
41382 9388 17430
41383 9389 11265
41384 9389 12645
41385 9389 16189
41386 9389 16362
41387 9390 16863
41388 9390 19792
41389 9391 9622
41390 9391 12167
41391 9391 12615
41392 9391 13268
41393 9391 16075
41394 9391 18481
41395 9392 15954
41396 9392 17266
41397 9392 18966
41398 9393 12603
41399 9393 17959
41400 9393 18032
41401 9393 18711
41402 9394 11791
41403 9394 12323
41404 9394 13468
41405 9395 16685
41406 9396 10888
41407 9397 10096
41408 9397 15351
41409 9397 18301
41410 9398 12175
41411 9398 12197
41412 9398 18190
41413 9398 18851
41414 9399 14310
41415 9399 17537
41416 9400 10840
41417 9400 11876
41418 9401 9548
41419 9401 10551
41420 9401 10591
41421 9401 11120
41422 9402 11341
41423 9402 13796
41424 9402 19549
41425 9402 19918
41426 9403 10435
41427 9403 11756
41428 9403 12184
41429 9403 19493
41430 9404 11416
41431 9405 10331
41432 9406 9820
41433 9406 12478
41434 9406 12565
41435 9406 14401
41436 9406 19748
41437 9407 16467
41438 9407 17383
41439 9407 17579
41440 9408 16415
41441 9408 18205
41442 9408 19425
41443 9409 10464
41444 9409 12016
41445 9409 12239
41446 9410 10222
41447 9410 19948
41448 9411 11569
41449 9412 13857
41450 9413 9757
41451 9413 15345
41452 9413 16086
41453 9413 17127
41454 9414 11188
41455 9414 11315
41456 9414 11435
41457 9415 11421
41458 9415 11443
41459 9415 13844
41460 9415 18765
41461 9416 12228
41462 9416 12896
41463 9416 13954
41464 9416 17426
41465 9416 18165
41466 9417 9528
41467 9417 14652
41468 9417 15125
41469 9418 12076
41470 9418 12677
41471 9418 16725
41472 9419 15086
41473 9419 18954
41474 9419 18970
41475 9420 13986
41476 9420 15950
41477 9420 17089
41478 9421 9958
41479 9421 11462
41480 9421 17105
41481 9421 17401
41482 9421 17515
41483 9422 14306
41484 9422 15562
41485 9422 15953
41486 9422 18152
41487 9423 12624
41488 9425 15515
41489 9425 16703
41490 9425 17510
41491 9425 17511
41492 9426 12872
41493 9426 15985
41494 9426 19940
41495 9426 20016
41496 9427 9740
41497 9427 14675
41498 9427 14746
41499 9427 17299
41500 9428 14481
41501 9428 17668
41502 9429 9791
41503 9429 10824
41504 9431 9858
41505 9431 10987
41506 9431 11894
41507 9431 13293
41508 9431 13337
41509 9431 15451
41510 9432 9976
41511 9432 10483
41512 9432 11835
41513 9432 15926
41514 9433 13657
41515 9433 16559
41516 9433 16560
41517 9433 16562
41518 9433 17579
41519 9434 15834
41520 9434 16574
41521 9435 11142
41522 9435 11245
41523 9435 13992
41524 9435 15464
41525 9436 10610
41526 9436 10613
41527 9436 14149
41528 9437 10888
41529 9437 16155
41530 9437 16919
41531 9437 19267
41532 9438 15038
41533 9438 15698
41534 9439 11218
41535 9439 11939
41536 9439 14188
41537 9439 19231
41538 9440 10768
41539 9440 12114
41540 9440 15695
41541 9440 16175
41542 9440 17101
41543 9440 17503
41544 9441 11842
41545 9441 13273
41546 9441 18977
41547 9442 13517
41548 9442 14196
41549 9442 14420
41550 9442 14996
41551 9442 17299
41552 9443 10590
41553 9443 10868
41554 9443 13713
41555 9444 11449
41556 9444 11450
41557 9444 11801
41558 9444 13476
41559 9444 18921
41560 9445 15404
41561 9445 16551
41562 9446 11691
41563 9446 19739
41564 9447 12550
41565 9447 13386
41566 9447 19172
41567 9448 9672
41568 9448 17895
41569 9448 19653
41570 9449 10210
41571 9449 15370
41572 9449 15697
41573 9449 17467
41574 9450 9708
41575 9450 18052
41576 9451 11304
41577 9452 14639
41578 9453 10339
41579 9453 11194
41580 9453 15047
41581 9453 15083
41582 9454 12949
41583 9454 15866
41584 9455 9489
41585 9455 10467
41586 9455 17475
41587 9455 17487
41588 9456 9861
41589 9456 11371
41590 9456 18791
41591 9456 19889
41592 9456 19974
41593 9457 9849
41594 9457 9954
41595 9459 12823
41596 9459 13065
41597 9459 13139
41598 9459 13539
41599 9460 9653
41600 9460 11134
41601 9460 11152
41602 9460 11277
41603 9461 17973
41604 9461 18467
41605 9461 19042
41606 9461 19046
41607 9462 11268
41608 9463 14201
41609 9463 14202
41610 9464 13849
41611 9464 13970
41612 9464 15430
41613 9465 9922
41614 9465 9927
41615 9465 10245
41616 9465 14230
41617 9465 19369
41618 9466 11171
41619 9466 12877
41620 9466 16088
41621 9466 16743
41622 9467 10111
41623 9467 12231
41624 9468 9571
41625 9468 13106
41626 9468 13127
41627 9468 13164
41628 9468 18386
41629 9469 12015
41630 9469 12171
41631 9469 13963
41632 9469 14739
41633 9470 13558
41634 9470 15254
41635 9470 16114
41636 9470 19086
41637 9470 19590
41638 9471 13132
41639 9471 15864
41640 9471 19898
41641 9472 14121
41642 9472 16335
41643 9472 16338
41644 9472 19325
41645 9473 9730
41646 9473 16085
41647 9473 16275
41648 9473 18224
41649 9473 18256
41650 9474 9586
41651 9474 10353
41652 9475 10120
41653 9475 13366
41654 9475 13587
41655 9475 13716
41656 9475 16766
41657 9475 18297
41658 9476 10726
41659 9476 12529
41660 9476 12891
41661 9476 14155
41662 9477 9660
41663 9477 14412
41664 9477 14413
41665 9477 19362
41666 9478 18638
41667 9478 18788
41668 9478 19785
41669 9479 12473
41670 9479 13306
41671 9479 13433
41672 9479 16052
41673 9480 11223
41674 9480 15347
41675 9480 18801
41676 9481 14137
41677 9481 15470
41678 9481 18534
41679 9482 10850
41680 9482 16720
41681 9482 18934
41682 9483 12117
41683 9483 16371
41684 9484 11196
41685 9484 11292
41686 9484 11629
41687 9484 14578
41688 9484 15300
41689 9484 19017
41690 9485 17926
41691 9485 18711
41692 9485 18845
41693 9485 19002
41694 9486 11369
41695 9486 17863
41696 9486 18225
41697 9486 19622
41698 9487 16651
41699 9487 18600
41700 9487 18786
41701 9487 18849
41702 9488 11084
41703 9488 15594
41704 9488 15960
41705 9489 10467
41706 9489 10468
41707 9489 16416
41708 9489 19958
41709 9490 18020
41710 9491 11861
41711 9491 14648
41712 9492 16248
41713 9492 18703
41714 9492 18768
41715 9493 9524
41716 9493 10067
41717 9494 16805
41718 9494 16853
41719 9494 16943
41720 9494 17036
41721 9495 15163
41722 9495 16409
41723 9495 19416
41724 9495 19434
41725 9496 15783
41726 9496 17162
41727 9497 11213
41728 9497 13220
41729 9497 13947
41730 9497 17984
41731 9498 13959
41732 9498 16040
41733 9498 17966
41734 9498 18873
41735 9498 18876
41736 9499 13260
41737 9499 13305
41738 9499 16056
41739 9500 10021
41740 9500 10266
41741 9500 10312
41742 9501 10131
41743 9501 10498
41744 9501 15943
41745 9501 16205
41746 9502 15682
41747 9503 12904
41748 9503 12938
41749 9503 12944
41750 9503 14456
41751 9503 17855
41752 9504 10179
41753 9504 10416
41754 9504 13571
41755 9504 14506
41756 9504 15934
41757 9504 16034
41758 9504 17869
41759 9505 10801
41760 9505 14769
41761 9505 17087
41762 9505 17797
41763 9505 18475
41764 9506 14766
41765 9506 15021
41766 9506 19322
41767 9507 19489
41768 9508 17430
41769 9509 14235
41770 9509 15326
41771 9509 15814
41772 9509 16811
41773 9509 17254
41774 9510 10538
41775 9510 11062
41776 9511 19704
41777 9512 11197
41778 9512 11520
41779 9512 14140
41780 9512 18798
41781 9514 14521
41782 9515 15770
41783 9516 14776
41784 9516 14824
41785 9516 14958
41786 9516 16063
41787 9518 10371
41788 9518 11049
41789 9518 12992
41790 9518 13855
41791 9518 19932
41792 9519 17112
41793 9519 19894
41794 9519 19930
41795 9520 18854
41796 9520 18974
41797 9521 13669
41798 9521 18211
41799 9522 19745
41800 9523 18830
41801 9524 14664
41802 9524 15092
41803 9524 16715
41804 9524 16850
41805 9524 17423
41806 9525 10849
41807 9525 11319
41808 9525 11346
41809 9525 11445
41810 9526 9615
41811 9526 14511
41812 9526 16045
41813 9527 14178
41814 9527 14280
41815 9527 16808
41816 9527 16905
41817 9527 16906
41818 9528 15125
41819 9528 16856
41820 9529 9816
41821 9529 9994
41822 9529 12113
41823 9529 14403
41824 9530 13890
41825 9530 13891
41826 9530 14060
41827 9531 11390
41828 9531 17755
41829 9531 18449
41830 9532 14809
41831 9533 11211
41832 9533 11760
41833 9533 15456
41834 9533 16255
41835 9534 9810
41836 9534 14122
41837 9534 14241
41838 9534 18066
41839 9535 9973
41840 9535 11153
41841 9535 14478
41842 9535 18163
41843 9536 15952
41844 9536 17893
41845 9537 14594
41846 9537 15035
41847 9537 18053
41848 9538 11331
41849 9538 11563
41850 9538 11665
41851 9538 11765
41852 9538 13505
41853 9538 17117
41854 9538 19646
41855 9539 11066
41856 9539 15654
41857 9539 16203
41858 9539 19805
41859 9540 9650
41860 9540 13660
41861 9540 14219
41862 9540 14221
41863 9541 14865
41864 9542 15303
41865 9542 15427
41866 9543 12532
41867 9544 10876
41868 9544 16655
41869 9544 18513
41870 9545 11457
41871 9547 14786
41872 9547 19269
41873 9548 10515
41874 9548 10591
41875 9548 15961
41876 9549 10792
41877 9549 10847
41878 9550 10503
41879 9550 15225
41880 9550 18739
41881 9552 13159
41882 9552 17062
41883 9552 19606
41884 9553 11434
41885 9553 12208
41886 9553 12893
41887 9553 17341
41888 9553 17349
41889 9554 11553
41890 9554 13410
41891 9554 15646
41892 9555 16144
41893 9555 18073
41894 9555 18337
41895 9556 16621
41896 9556 18927
41897 9557 16871
41898 9558 10244
41899 9558 10248
41900 9558 11865
41901 9559 12626
41902 9559 17242
41903 9560 13545
41904 9560 13683
41905 9560 14034
41906 9560 19996
41907 9561 10451
41908 9561 10512
41909 9561 14950
41910 9561 18208
41911 9562 13764
41912 9563 10242
41913 9563 11950
41914 9563 12014
41915 9563 15197
41916 9564 11767
41917 9564 11810
41918 9564 13905
41919 9565 18546
41920 9565 18896
41921 9565 19915
41922 9566 11061
41923 9566 11397
41924 9566 15849
41925 9566 17325
41926 9567 13171
41927 9567 14057
41928 9567 14122
41929 9567 14241
41930 9568 10313
41931 9569 11321
41932 9569 11475
41933 9569 11547
41934 9569 15008
41935 9569 15667
41936 9569 15732
41937 9570 11182
41938 9570 17070
41939 9570 17258
41940 9571 10965
41941 9571 13127
41942 9571 13143
41943 9571 15641
41944 9571 16121
41945 9572 15422
41946 9572 17107
41947 9572 19281
41948 9573 12711
41949 9573 15070
41950 9573 15352
41951 9573 18271
41952 9573 18353
41953 9574 15704
41954 9575 9652
41955 9575 16883
41956 9576 14533
41957 9576 14948
41958 9576 18360
41959 9577 9864
41960 9577 14667
41961 9577 16615
41962 9577 17915
41963 9577 18956
41964 9579 10022
41965 9579 12516
41966 9579 12657
41967 9579 19072
41968 9579 19290
41969 9580 11105
41970 9581 13152
41971 9581 18625
41972 9581 18950
41973 9583 13802
41974 9583 15740
41975 9583 19630
41976 9584 9882
41977 9584 10137
41978 9584 15578
41979 9585 14581
41980 9585 14903
41981 9585 15039
41982 9585 16258
41983 9586 10353
41984 9586 10910
41985 9586 13655
41986 9586 18198
41987 9586 18272
41988 9587 13384
41989 9587 13466
41990 9587 19273
41991 9588 15053
41992 9588 18283
41993 9588 18292
41994 9588 19015
41995 9589 11544
41996 9589 11817
41997 9589 12044
41998 9589 15086
41999 9589 18970
42000 9590 19954
42001 9591 11580
42002 9591 11592
42003 9591 11969
42004 9591 12052
42005 9591 15636
42006 9592 9631
42007 9592 11242
42008 9592 17233
42009 9592 17348
42010 9593 11466
42011 9593 12643
42012 9593 13263
42013 9593 13297
42014 9593 15841
42015 9594 15205
42016 9594 17222
42017 9595 19460
42018 9596 9852
42019 9596 11004
42020 9596 19031
42021 9597 10160
42022 9597 10881
42023 9598 12068
42024 9598 19028
42025 9599 10800
42026 9599 15933
42027 9599 16216
42028 9600 10012
42029 9600 12008
42030 9600 17185
42031 9601 12180
42032 9601 19662
42033 9602 16043
42034 9602 16049
42035 9602 17672
42036 9602 17929
42037 9603 13280
42038 9603 18009
42039 9604 9942
42040 9604 10430
42041 9604 10642
42042 9604 17181
42043 9605 13000
42044 9605 13311
42045 9605 19764
42046 9606 19978
42047 9607 13757
42048 9607 15270
42049 9607 15671
42050 9607 18401
42051 9608 12639
42052 9608 16457
42053 9608 17369
42054 9608 19422
42055 9608 19432
42056 9609 15212
42057 9609 16676
42058 9609 17096
42059 9610 13932
42060 9610 14119
42061 9610 15482
42062 9610 15727
42063 9611 9642
42064 9611 13124
42065 9612 13302
42066 9612 15702
42067 9612 15857
42068 9613 14489
42069 9614 11371
42070 9614 18792
42071 9614 18797
42072 9615 13787
42073 9616 14647
42074 9617 12280
42075 9617 12389
42076 9617 16484
42077 9617 16485
42078 9617 16527
42079 9617 16532
42080 9618 10880
42081 9618 11613
42082 9618 11859
42083 9619 10743
42084 9619 13703
42085 9620 10898
42086 9621 12834
42087 9622 11559
42088 9622 12615
42089 9622 13268
42090 9622 19445
42091 9623 9964
42092 9623 10145
42093 9623 10299
42094 9623 10315
42095 9623 14168
42096 9624 10616
42097 9624 13602
42098 9624 17962
42099 9625 10552
42100 9625 12505
42101 9625 16760
42102 9625 16924
42103 9626 15735
42104 9626 16609
42105 9626 17471
42106 9627 13303
42107 9627 13490
42108 9627 17970
42109 9627 19125
42110 9627 19239
42111 9628 11398
42112 9628 19585
42113 9628 19761
42114 9629 11591
42115 9629 14484
42116 9630 12668
42117 9630 16298
42118 9630 16477
42119 9630 16508
42120 9630 17686
42121 9631 11110
42122 9631 17233
42123 9631 17348
42124 9632 16089
42125 9632 19985
42126 9633 11005
42127 9633 11091
42128 9633 13467
42129 9633 13719
42130 9633 19130
42131 9634 10172
42132 9634 10782
42133 9634 19719
42134 9635 10144
42135 9635 17279
42136 9635 18840
42137 9636 12407
42138 9636 15200
42139 9636 18086
42140 9637 13752
42141 9637 15796
42142 9637 17801
42143 9637 19788
42144 9638 15958
42145 9638 16470
42146 9638 16503
42147 9639 11366
42148 9639 13758
42149 9639 15714
42150 9640 10043
42151 9640 12351
42152 9640 12355
42153 9640 15301
42154 9640 16247
42155 9640 16430
42156 9641 9768
42157 9641 10008
42158 9641 10495
42159 9641 17302
42160 9642 12465
42161 9643 11858
42162 9643 15837
42163 9643 19429
42164 9644 11481
42165 9644 12225
42166 9644 16670
42167 9644 16742
42168 9644 17960
42169 9645 10055
42170 9645 15666
42171 9645 17652
42172 9645 18168
42173 9646 13920
42174 9646 18825
42175 9647 12988
42176 9647 17597
42177 9648 10461
42178 9648 11908
42179 9648 13755
42180 9648 15924
42181 9649 9793
42182 9649 11895
42183 9649 14518
42184 9649 14968
42185 9650 13564
42186 9650 14219
42187 9650 14221
42188 9650 14868
42189 9651 9988
42190 9651 10254
42191 9651 13502
42192 9652 16883
42193 9652 16910
42194 9653 11151
42195 9653 11152
42196 9653 11289
42197 9653 11329
42198 9654 18569
42199 9654 19860
42200 9655 17732
42201 9655 18665
42202 9656 10255
42203 9656 13650
42204 9656 15201
42205 9656 18784
42206 9657 10134
42207 9657 10482
42208 9657 15979
42209 9658 10967
42210 9658 13752
42211 9658 14460
42212 9659 15744
42213 9659 18686
42214 9659 19769
42215 9660 12858
42216 9660 14411
42217 9660 14412
42218 9660 18362
42219 9661 12747
42220 9661 12791
42221 9661 13553
42222 9661 14207
42223 9661 19254
42224 9662 18582
42225 9662 18610
42226 9663 16867
42227 9663 16881
42228 9663 18821
42229 9664 14174
42230 9664 14525
42231 9665 10704
42232 9665 11011
42233 9665 18195
42234 9666 9879
42235 9666 17662
42236 9667 13193
42237 9667 16613
42238 9667 18989
42239 9668 12945
42240 9668 13015
42241 9668 15219
42242 9668 15717
42243 9669 11932
42244 9669 15330
42245 9670 12445
42246 9670 12948
42247 9671 11526
42248 9671 12437
42249 9671 14625
42250 9671 17561
42251 9672 17895
42252 9673 10860
42253 9673 17407
42254 9673 18454
42255 9674 12397
42256 9674 12510
42257 9674 16529
42258 9674 18465
42259 9675 12500
42260 9675 16919
42261 9676 12931
42262 9676 13109
42263 9676 15325
42264 9676 15634
42265 9676 19062
42266 9677 14472
42267 9677 15787
42268 9677 15811
42269 9677 15932
42270 9678 12280
42271 9678 12389
42272 9678 12510
42273 9678 16354
42274 9678 18465
42275 9679 10921
42276 9679 11029
42277 9679 13227
42278 9680 12670
42279 9680 12912
42280 9680 17400
42281 9681 13024
42282 9681 15282
42283 9681 16163
42284 9681 16165
42285 9681 16306
42286 9681 17385
42287 9682 12333
42288 9682 12348
42289 9682 16577
42290 9683 12590
42291 9683 15202
42292 9683 15305
42293 9683 16432
42294 9684 10391
42295 9684 11494
42296 9684 20004
42297 9685 9770
42298 9685 12444
42299 9685 16123
42300 9685 16291
42301 9685 17456
42302 9686 11352
42303 9686 12326
42304 9686 14536
42305 9686 15631
42306 9686 16366
42307 9686 17344
42308 9687 10288
42309 9687 19191
42310 9688 11662
42311 9688 16342
42312 9689 17485
42313 9689 17606
42314 9690 11707
42315 9690 12122
42316 9690 13508
42317 9690 17474
42318 9691 12132
42319 9691 12966
42320 9691 19443
42321 9692 9694
42322 9692 12139
42323 9692 13633
42324 9692 13923
42325 9692 17019
42326 9693 14815
42327 9693 15563
42328 9693 19593
42329 9694 9702
42330 9694 13923
42331 9695 9720
42332 9695 11705
42333 9695 13629
42334 9695 13663
42335 9695 19444
42336 9696 13404
42337 9696 16271
42338 9696 19090
42339 9697 10026
42340 9697 10124
42341 9697 14610
42342 9697 14612
42343 9698 13110
42344 9698 14154
42345 9698 19633
42346 9699 10387
42347 9699 11559
42348 9699 13268
42349 9700 14146
42350 9700 14448
42351 9700 14508
42352 9700 19621
42353 9701 11448
42354 9701 12203
42355 9701 13496
42356 9702 12966
42357 9702 16553
42358 9702 18857
42359 9703 11473
42360 9703 13633
42361 9703 16536
42362 9703 16555
42363 9703 17019
42364 9704 13486
42365 9705 15452
42366 9705 15668
42367 9705 17943
42368 9705 18588
42369 9705 20028
42370 9706 10985
42371 9706 17883
42372 9706 18626
42373 9706 18924
42374 9707 11326
42375 9707 11339
42376 9707 11916
42377 9708 9874
42378 9708 18052
42379 9709 9877
42380 9709 14128
42381 9709 17417
42382 9709 19137
42383 9710 9972
42384 9710 14677
42385 9710 16073
42386 9710 19803
42387 9711 11243
42388 9711 11249
42389 9711 14469
42390 9711 14893
42391 9711 15307
42392 9711 17394
42393 9712 10706
42394 9712 10779
42395 9712 15538
42396 9712 18117
42397 9713 15386
42398 9713 17870
42399 9715 9938
42400 9715 15486
42401 9715 19538
42402 9716 15919
42403 9717 10351
42404 9717 12432
42405 9717 13124
42406 9718 18106
42407 9719 10926
42408 9719 13393
42409 9719 13613
42410 9720 11705
42411 9720 12060
42412 9720 13629
42413 9720 18167
42414 9721 10946
42415 9721 14127
42416 9721 14673
42417 9721 14793
42418 9721 15087
42419 9722 9765
42420 9722 14662
42421 9722 15809
42422 9722 15917
42423 9723 9991
42424 9723 10035
42425 9723 10530
42426 9724 14120
42427 9724 16023
42428 9724 17201
42429 9724 18809
42430 9725 19572
42431 9726 9766
42432 9726 12491
42433 9727 16712
42434 9727 17056
42435 9728 15152
42436 9728 18141
42437 9729 10686
42438 9729 10708
42439 9730 15805
42440 9730 16085
42441 9731 9898
42442 9731 10833
42443 9731 11037
42444 9732 15514
42445 9732 17749
42446 9732 18882
42447 9732 18966
42448 9733 18470
42449 9733 18702
42450 9733 18825
42451 9734 11587
42452 9734 13218
42453 9735 14224
42454 9735 14228
42455 9735 17379
42456 9736 9974
42457 9736 16380
42458 9736 18535
42459 9738 15276
42460 9738 16552
42461 9738 17575
42462 9738 17576
42463 9739 12238
42464 9739 14831
42465 9739 15955
42466 9739 16653
42467 9739 17983
42468 9740 14929
42469 9740 17299
42470 9741 11702
42471 9741 15128
42472 9741 17919
42473 9742 12115
42474 9742 15032
42475 9742 17204
42476 9742 17758
42477 9742 18532
42478 9743 10457
42479 9743 19746
42480 9744 12519
42481 9744 12520
42482 9744 13667
42483 9744 17058
42484 9745 9962
42485 9745 17089
42486 9745 17368
42487 9745 17531
42488 9746 13701
42489 9746 15315
42490 9746 19959
42491 9747 9754
42492 9747 12601
42493 9747 15731
42494 9748 9751
42495 9748 17808
42496 9748 19640
42497 9749 11881
42498 9750 10205
42499 9750 11266
42500 9750 14929
42501 9750 15056
42502 9750 19735
42503 9751 17219
42504 9751 19640
42505 9752 12785
42506 9752 17600
42507 9753 10816
42508 9753 12493
42509 9754 11830
42510 9754 12601
42511 9754 15731
42512 9755 14010
42513 9756 11788
42514 9756 14979
42515 9757 12105
42516 9757 15345
42517 9757 19397
42518 9758 13800
42519 9758 15070
42520 9758 15352
42521 9758 18948
42522 9759 9832
42523 9760 12387
42524 9760 15097
42525 9760 15574
42526 9761 14575
42527 9761 14918
42528 9762 13528
42529 9762 18725
42530 9763 14290
42531 9763 14825
42532 9763 15771
42533 9763 17854
42534 9764 12058
42535 9764 18641
42536 9765 11887
42537 9765 14662
42538 9765 15917
42539 9765 17719
42540 9766 17302
42541 9766 18599
42542 9767 11762
42543 9767 11773
42544 9767 13524
42545 9767 15119
42546 9767 19647
42547 9768 10275
42548 9768 17302
42549 9768 18599
42550 9769 11432
42551 9769 11959
42552 9769 14896
42553 9770 13509
42554 9770 16291
42555 9770 17456
42556 9771 11454
42557 9771 17034
42558 9772 12583
42559 9772 15362
42560 9772 18148
42561 9773 10390
42562 9773 12465
42563 9773 13177
42564 9774 10658
42565 9774 10659
42566 9774 15290
42567 9776 9931
42568 9776 14314
42569 9776 14849
42570 9776 17028
42571 9777 11428
42572 9777 11740
42573 9777 19050
42574 9778 11541
42575 9778 11678
42576 9778 13175
42577 9778 15492
42578 9779 10866
42579 9779 13944
42580 9779 14043
42581 9779 15488
42582 9779 16019
42583 9780 12795
42584 9780 18452
42585 9781 10997
42586 9781 14088
42587 9781 15535
42588 9781 16864
42589 9781 19627
42590 9782 10472
42591 9782 10608
42592 9782 11636
42593 9782 14556
42594 9782 15238
42595 9783 17952
42596 9783 18137
42597 9783 18212
42598 9783 18943
42599 9784 9789
42600 9784 16602
42601 9784 19449
42602 9784 19643
42603 9784 19698
42604 9785 10767
42605 9785 10869
42606 9785 13228
42607 9786 16139
42608 9786 19067
42609 9786 19430
42610 9788 11482
42611 9788 12123
42612 9788 16491
42613 9788 18418
42614 9789 16350
42615 9789 16602
42616 9789 17578
42617 9789 19449
42618 9790 9940
42619 9790 16717
42620 9791 14896
42621 9792 10590
42622 9792 10822
42623 9792 19969
42624 9793 14583
42625 9793 14584
42626 9793 14585
42627 9793 14968
42628 9794 10013
42629 9794 11809
42630 9794 15363
42631 9795 15763
42632 9795 19852
42633 9796 12838
42634 9796 13523
42635 9796 17914
42636 9796 19064
42637 9797 14150
42638 9797 14151
42639 9797 19122
42640 9797 19426
42641 9798 9855
42642 9798 11502
42643 9798 17398
42644 9799 12194
42645 9799 12271
42646 9799 13573
42647 9799 15518
42648 9799 16352
42649 9799 19364
42650 9800 19158
42651 9800 19980
42652 9801 17892
42653 9801 18363
42654 9801 18421
42655 9803 12023
42656 9803 15260
42657 9803 18134
42658 9803 18518
42659 9804 10083
42660 9804 16031
42661 9804 16634
42662 9804 16738
42663 9804 17067
42664 9805 15686
42665 9805 17415
42666 9806 10464
42667 9806 14381
42668 9806 14434
42669 9806 14436
42670 9807 10989
42671 9807 14182
42672 9807 15227
42673 9807 16770
42674 9808 11571
42675 9808 14804
42676 9808 19608
42677 9809 10059
42678 9809 16253
42679 9809 19757
42680 9810 13851
42681 9811 13877
42682 9811 14028
42683 9811 14191
42684 9812 10998
42685 9812 15104
42686 9812 19311
42687 9812 19782
42688 9813 12118
42689 9813 14100
42690 9813 14414
42691 9813 16225
42692 9814 11127
42693 9814 11337
42694 9814 15364
42695 9815 13580
42696 9815 18965
42697 9815 19639
42698 9816 9994
42699 9817 17260
42700 9817 17770
42701 9818 10791
42702 9818 10859
42703 9818 19171
42704 9820 12478
42705 9820 15937
42706 9820 19748
42707 9821 19030
42708 9821 19802
42709 9822 10553
42710 9822 10554
42711 9822 11060
42712 9822 17673
42713 9823 10726
42714 9824 10954
42715 9824 13162
42716 9824 16534
42717 9824 17812
42718 9824 18047
42719 9824 18622
42720 9825 11600
42721 9825 18083
42722 9826 15334
42723 9826 17485
42724 9827 10517
42725 9827 16708
42726 9828 10064
42727 9828 17701
42728 9828 18875
42729 9829 17437
42730 9829 17529
42731 9829 18856
42732 9830 13868
42733 9831 11822
42734 9831 12758
42735 9833 14503
42736 9833 14570
42737 9833 14588
42738 9833 15050
42739 9834 9917
42740 9834 9948
42741 9834 14596
42742 9834 18891
42743 9835 12292
42744 9835 12508
42745 9835 16223
42746 9835 16398
42747 9835 16790
42748 9835 17020
42749 9836 13345
42750 9836 19063
42751 9837 12281
42752 9837 13625
42753 9837 18758
42754 9838 18792
42755 9838 19946
42756 9838 20010
42757 9839 9840
42758 9839 18839
42759 9839 18986
42760 9841 18404
42761 9841 19652
42762 9842 13307
42763 9842 17403
42764 9843 11078
42765 9843 11796
42766 9843 17140
42767 9843 17143
42768 9844 12535
42769 9844 14229
42770 9844 14960
42771 9844 15684
42772 9844 18813
42773 9844 18843
42774 9845 12140
42775 9845 18590
42776 9846 11725
42777 9846 15906
42778 9847 10935
42779 9847 11241
42780 9847 12989
42781 9847 14170
42782 9848 11970
42783 9848 14238
42784 9849 12363
42785 9850 12895
42786 9850 13320
42787 9850 17857
42788 9850 18705
42789 9851 12313
42790 9851 12523
42791 9851 15051
42792 9851 17453
42793 9853 18674
42794 9853 19897
42795 9854 11342
42796 9854 11551
42797 9854 11679
42798 9854 16972
42799 9855 10183
42800 9855 17398
42801 9855 18706
42802 9856 10481
42803 9856 10489
42804 9856 15674
42805 9856 15801
42806 9857 12175
42807 9857 14636
42808 9857 15925
42809 9857 17343
42810 9857 18190
42811 9858 13293
42812 9858 15451
42813 9858 15487
42814 9859 14608
42815 9859 14964
42816 9859 15887
42817 9860 11256
42818 9860 13614
42819 9860 17650
42820 9861 11371
42821 9861 11519
42822 9862 11244
42823 9862 11922
42824 9863 11042
42825 9863 13233
42826 9864 12454
42827 9864 16615
42828 9864 17915
42829 9864 20038
42830 9865 15850
42831 9865 17981
42832 9866 18697
42833 9866 19869
42834 9867 10816
42835 9867 16799
42836 9867 16870
42837 9868 10034
42838 9868 11836
42839 9868 14736
42840 9868 17917
42841 9868 17935
42842 9868 19564
42843 9869 13889
42844 9869 15402
42845 9869 15559
42846 9869 19863
42847 9870 18581
42848 9870 20033
42849 9871 15348
42850 9871 16522
42851 9871 18463
42852 9871 18505
42853 9873 14487
42854 9873 14501
42855 9873 14574
42856 9873 14886
42857 9873 16065
42858 9873 18063
42859 9874 18830
42860 9875 9909
42861 9875 15954
42862 9877 19137
42863 9877 19767
42864 9878 12566
42865 9880 16997
42866 9880 18668
42867 9881 10220
42868 9881 10247
42869 9881 13827
42870 9882 10137
42871 9882 15578
42872 9882 15922
42873 9883 10911
42874 9883 11251
42875 9883 12491
42876 9884 10121
42877 9884 12973
42878 9884 18476
42879 9885 12861
42880 9885 14358
42881 9885 19806
42882 9886 18698
42883 9886 19901
42884 9886 19934
42885 9887 10296
42886 9887 18563
42887 9888 14922
42888 9888 15834
42889 9889 13589
42890 9889 19931
42891 9890 12974
42892 9890 13734
42893 9890 19858
42894 9891 13306
42895 9891 13433
42896 9892 13283
42897 9892 18582
42898 9892 19972
42899 9893 18800
42900 9893 19839
42901 9894 10985
42902 9894 14955
42903 9894 15003
42904 9894 15077
42905 9894 17883
42906 9895 14057
42907 9895 14083
42908 9895 15565
42909 9896 12723
42910 9896 13067
42911 9896 13069
42912 9896 13569
42913 9896 14259
42914 9898 10833
42915 9898 15568
42916 9899 10325
42917 9900 10174
42918 9900 13220
42919 9900 15211
42920 9901 15065
42921 9901 17947
42922 9901 18133
42923 9902 13621
42924 9902 14642
42925 9902 14651
42926 9902 16706
42927 9903 20018
42928 9903 20025
42929 9904 12150
42930 9904 15026
42931 9904 15381
42932 9904 15603
42933 9904 16357
42934 9905 11995
42935 9905 19957
42936 9906 13044
42937 9907 13765
42938 9907 15064
42939 9907 19984
42940 9908 13266
42941 9908 13295
42942 9908 17761
42943 9909 15954
42944 9910 14851
42945 9910 19954
42946 9911 17413
42947 9911 18444
42948 9911 19855
42949 9911 19990
42950 9912 14904
42951 9912 19658
42952 9912 19667
42953 9913 13095
42954 9913 14803
42955 9914 18828
42956 9915 12586
42957 9915 13498
42958 9915 19311
42959 9916 9943
42960 9917 10023
42961 9917 14596
42962 9918 12725
42963 9918 13013
42964 9918 18603
42965 9918 19793
42966 9919 12919
42967 9919 13259
42968 9919 13260
42969 9919 13305
42970 9921 9924
42971 9921 13435
42972 9921 17402
42973 9922 9928
42974 9922 19369
42975 9923 10789
42976 9924 9928
42977 9924 13435
42978 9925 9953
42979 9925 15784
42980 9926 12102
42981 9927 9929
42982 9927 10245
42983 9927 13612
42984 9928 10280
42985 9929 13612
42986 9929 13780
42987 9930 10222
42988 9930 16046
42989 9930 16325
42990 9930 19888
42991 9931 14312
42992 9931 14317
42993 9931 17028
42994 9933 14029
42995 9933 16966
42996 9934 11370
42997 9935 17430
42998 9937 10214
42999 9937 11258
43000 9937 11795
43001 9937 14771
43002 9938 12926
43003 9938 15486
43004 9939 11101
43005 9939 13990
43006 9939 14651
43007 9939 16434
43008 9940 12041
43009 9942 10430
43010 9942 10665
43011 9942 16218
43012 9943 12161
43013 9944 12048
43014 9945 9948
43015 9945 12218
43016 9945 18005
43017 9945 18891
43018 9946 12804
43019 9947 11888
43020 9947 15149
43021 9948 18856
43022 9948 18891
43023 9949 11222
43024 9949 16117
43025 9950 13096
43026 9950 14803
43027 9951 15185
43028 9952 11071
43029 9952 18828
43030 9952 19738
43031 9952 19808
43032 9953 15252
43033 9953 15784
43034 9955 10122
43035 9955 11263
43036 9955 14526
43037 9955 14934
43038 9956 9957
43039 9956 10035
43040 9956 10104
43041 9956 10343
43042 9957 10035
43043 9957 10343
43044 9958 12007
43045 9958 14175
43046 9958 15046
43047 9958 16436
43048 9958 17105
43049 9959 12244
43050 9959 16866
43051 9960 11069
43052 9960 18101
43053 9961 13206
43054 9961 16895
43055 9961 18634
43056 9961 18750
43057 9962 10384
43058 9962 15950
43059 9962 17089
43060 9962 17531
43061 9964 10299
43062 9964 11066
43063 9965 10136
43064 9965 12987
43065 9965 14451
43066 9965 18646
43067 9965 18691
43068 9966 11508
43069 9966 11781
43070 9966 14454
43071 9966 14755
43072 9966 16577
43073 9967 9969
43074 9968 10113
43075 9968 10597
43076 9968 14240
43077 9969 13681
43078 9969 19780
43079 9970 13191
43080 9970 13201
43081 9970 19728
43082 9971 12375
43083 9971 15215
43084 9971 15288
43085 9971 17322
43086 9971 17628
43087 9972 19803
43088 9973 14478
43089 9973 17989
43090 9973 18163
43091 9974 15653
43092 9974 19554
43093 9975 16229
43094 9975 19668
43095 9975 19670
43096 9976 10483
43097 9976 11835
43098 9976 15450
43099 9977 12918
43100 9977 14513
43101 9977 16945
43102 9978 10377
43103 9978 14507
43104 9979 13177
43105 9979 13742
43106 9980 17026
43107 9980 17141
43108 9980 17498
43109 9981 11087
43110 9982 13186
43111 9983 10401
43112 9983 11118
43113 9983 11378
43114 9983 12732
43115 9984 13261
43116 9984 15524
43117 9984 17707
43118 9984 18726
43119 9985 12165
43120 9985 14862
43121 9985 16056
43122 9985 18730
43123 9986 11351
43124 9986 11986
43125 9986 12859
43126 9986 16843
43127 9987 17128
43128 9987 19296
43129 9987 19988
43130 9988 10225
43131 9989 16700
43132 9989 17060
43133 9989 17380
43134 9990 10224
43135 9990 15897
43136 9990 19753
43137 9991 10035
43138 9991 10425
43139 9992 11423
43140 9992 12386
43141 9993 11468
43142 9993 14704
43143 9993 15171
43144 9993 15172
43145 9993 15178
43146 9993 15184
43147 9994 14400
43148 9994 14403
43149 9995 15313
43150 9995 15444
43151 9995 16080
43152 9995 17745
43153 9995 18196
43154 9995 18689
43155 9996 15313
43156 9996 16080
43157 9996 17928
43158 9996 18432
43159 9997 14396
43160 9997 15071
43161 9997 15690
43162 9997 17718
43163 9997 18042
43164 9998 10775
43165 9998 11010
43166 9998 15956
43167 9999 15895
43168 9999 16714
43169 9999 16792
43170 9999 17784
43171 10000 10771
43172 10000 11930
43173 10000 15960
43174 10000 18123
43175 10001 19289
43176 10001 19782
43177 10002 13558
43178 10002 15186
43179 10002 17517
43180 10002 19006
43181 10002 19173
43182 10003 12016
43183 10003 15384
43184 10004 14038
43185 10004 18608
43186 10005 10973
43187 10005 13879
43188 10005 14047
43189 10005 16365
43190 10006 12750
43191 10006 12761
43192 10006 15626
43193 10006 18413
43194 10006 19880
43195 10007 12922
43196 10007 19849
43197 10009 11079
43198 10010 10808
43199 10010 12653
43200 10010 12797
43201 10010 12799
43202 10010 16188
43203 10010 18343
43204 10011 15601
43205 10011 18457
43206 10011 19448
43207 10012 17185
43208 10012 17191
43209 10013 11206
43210 10013 15363
43211 10014 11168
43212 10014 13506
43213 10014 16001
43214 10014 17601
43215 10015 10238
43216 10015 10245
43217 10015 10269
43218 10015 13612
43219 10016 11167
43220 10016 17130
43221 10017 11376
43222 10017 13294
43223 10017 17761
43224 10018 12107
43225 10018 16947
43226 10018 17420
43227 10018 18461
43228 10019 10020
43229 10020 13279
43230 10020 18578
43231 10021 10312
43232 10022 12516
43233 10022 12627
43234 10022 14237
43235 10022 19072
43236 10022 19345
43237 10024 13092
43238 10024 13170
43239 10024 13178
43240 10024 15694
43241 10024 19591
43242 10026 10124
43243 10026 14106
43244 10026 15871
43245 10026 16225
43246 10027 10030
43247 10027 10050
43248 10028 13753
43249 10028 14031
43250 10028 14267
43251 10029 10436
43252 10029 12444
43253 10029 13596
43254 10029 15291
43255 10029 19581
43256 10030 10698
43257 10030 17652
43258 10031 10313
43259 10031 16605
43260 10031 18443
43261 10032 10166
43262 10032 17568
43263 10032 19388
43264 10033 16953
43265 10033 17014
43266 10033 18517
43267 10034 11383
43268 10034 17689
43269 10034 17935
43270 10034 19564
43271 10036 12225
43272 10036 15881
43273 10036 16323
43274 10036 19291
43275 10037 12406
43276 10038 10970
43277 10038 14268
43278 10038 15256
43279 10038 17167
43280 10039 10180
43281 10039 10271
43282 10039 10410
43283 10040 12227
43284 10040 12378
43285 10040 17674
43286 10040 19692
43287 10041 12317
43288 10041 12319
43289 10041 12674
43290 10042 10655
43291 10042 15831
43292 10042 15976
43293 10042 17640
43294 10043 12351
43295 10043 12438
43296 10043 16430
43297 10044 12366
43298 10044 15573
43299 10044 16140
43300 10045 13001
43301 10045 14480
43302 10045 17856
43303 10046 10234
43304 10046 10241
43305 10046 10314
43306 10046 11537
43307 10046 13706
43308 10046 17202
43309 10047 19728
43310 10047 19741
43311 10048 15776
43312 10049 11615
43313 10049 11621
43314 10049 11668
43315 10049 12100
43316 10050 10268
43317 10050 10421
43318 10050 18704
43319 10051 11794
43320 10051 12582
43321 10051 15399
43322 10052 13793
43323 10052 16206
43324 10052 17766
43325 10052 18124
43326 10053 13221
43327 10053 15699
43328 10053 16206
43329 10054 10055
43330 10054 10344
43331 10054 17690
43332 10055 15666
43333 10055 17652
43334 10055 17690
43335 10056 10635
43336 10056 10641
43337 10056 15649
43338 10057 10344
43339 10058 10401
43340 10058 11378
43341 10058 15755
43342 10059 10149
43343 10060 10346
43344 10060 10347
43345 10061 10391
43346 10061 10497
43347 10061 11494
43348 10061 15977
43349 10062 10839
43350 10062 11375
43351 10062 18731
43352 10062 19644
43353 10063 10072
43354 10063 10631
43355 10064 16214
43356 10064 18875
43357 10065 10338
43358 10066 10520
43359 10066 11312
43360 10066 11313
43361 10066 12814
43362 10066 16985
43363 10067 11966
43364 10067 16719
43365 10068 13605
43366 10068 14145
43367 10068 19993
43368 10070 10109
43369 10071 16785
43370 10072 10631
43371 10072 13389
43372 10073 10181
43373 10073 14669
43374 10073 14931
43375 10073 19941
43376 10074 14805
43377 10074 17024
43378 10074 18583
43379 10075 10849
43380 10075 11346
43381 10075 11475
43382 10075 11983
43383 10075 14589
43384 10076 16251
43385 10077 14633
43386 10077 14652
43387 10077 15131
43388 10078 17303
43389 10078 17548
43390 10079 12343
43391 10079 13702
43392 10079 16252
43393 10079 16443
43394 10079 19678
43395 10080 15658
43396 10080 17108
43397 10080 17246
43398 10081 13316
43399 10082 10203
43400 10082 10475
43401 10082 12212
43402 10082 15342
43403 10083 16738
43404 10084 12622
43405 10084 13346
43406 10084 13432
43407 10084 13470
43408 10084 16254
43409 10084 19399
43410 10085 10312
43411 10086 14723
43412 10086 18613
43413 10087 11205
43414 10087 14234
43415 10087 16896
43416 10088 12678
43417 10088 17507
43418 10088 17824
43419 10088 18201
43420 10090 10177
43421 10090 10261
43422 10090 13604
43423 10091 11735
43424 10091 14654
43425 10091 14711
43426 10091 14714
43427 10092 14591
43428 10092 14680
43429 10092 16066
43430 10093 15753
43431 10094 10314
43432 10094 12481
43433 10094 13706
43434 10094 17210
43435 10095 11389
43436 10095 15718
43437 10095 17208
43438 10096 13055
43439 10096 14913
43440 10096 15351
43441 10097 11747
43442 10097 12210
43443 10097 14526
43444 10097 14934
43445 10098 10124
43446 10098 10282
43447 10098 14612
43448 10099 14785
43449 10100 13583
43450 10100 13640
43451 10101 11108
43452 10102 10382
43453 10102 13583
43454 10103 10355
43455 10104 10343
43456 10105 10107
43457 10105 11096
43458 10105 19305
43459 10106 18573
43460 10107 10112
43461 10107 11096
43462 10108 10520
43463 10108 10881
43464 10109 11308
43465 10110 14046
43466 10111 12231
43467 10112 10117
43468 10113 14240
43469 10114 13189
43470 10114 13576
43471 10114 18143
43472 10115 12764
43473 10115 16018
43474 10115 16322
43475 10116 18172
43476 10116 18302
43477 10117 14451
43478 10118 11929
43479 10119 10533
43480 10119 13462
43481 10120 13366
43482 10120 13587
43483 10121 10929
43484 10121 12973
43485 10121 18476
43486 10121 19555
43487 10122 14934
43488 10122 17524
43489 10122 18048
43490 10123 10125
43491 10123 15790
43492 10123 18553
43493 10124 14106
43494 10124 14612
43495 10125 15790
43496 10125 18553
43497 10126 18863
43498 10127 13221
43499 10128 13611
43500 10128 19951
43501 10129 10735
43502 10129 10924
43503 10129 14056
43504 10129 16245
43505 10129 17885
43506 10130 10219
43507 10130 10298
43508 10131 10498
43509 10131 19307
43510 10132 10425
43511 10132 10473
43512 10133 18853
43513 10133 18979
43514 10133 19831
43515 10133 19832
43516 10134 10273
43517 10134 10482
43518 10135 10498
43519 10135 17251
43520 10135 18035
43521 10136 18646
43522 10136 18691
43523 10138 13284
43524 10138 14630
43525 10138 19669
43526 10139 13252
43527 10139 18854
43528 10139 19859
43529 10140 10455
43530 10141 15293
43531 10141 17569
43532 10142 11361
43533 10142 17817
43534 10143 19895
43535 10143 19923
43536 10144 12915
43537 10144 17279
43538 10144 18840
43539 10145 10315
43540 10145 10336
43541 10145 14168
43542 10146 16280
43543 10147 11102
43544 10147 12086
43545 10147 16771
43546 10147 19773
43547 10148 13638
43548 10148 17486
43549 10150 15099
43550 10150 17252
43551 10151 14698
43552 10152 11409
43553 10152 13743
43554 10152 17682
43555 10152 19787
43556 10153 10347
43557 10153 10350
43558 10153 14283
43559 10153 15713
43560 10155 15674
43561 10156 18155
43562 10157 11160
43563 10157 19754
43564 10158 10161
43565 10158 10164
43566 10158 15970
43567 10159 10757
43568 10159 17495
43569 10161 10162
43570 10161 15970
43571 10163 10252
43572 10164 10167
43573 10164 10168
43574 10164 10171
43575 10165 11668
43576 10165 12079
43577 10165 12100
43578 10165 13116
43579 10166 12591
43580 10166 12835
43581 10166 17568
43582 10166 19388
43583 10166 19891
43584 10167 10168
43585 10167 10171
43586 10167 10272
43587 10167 19976
43588 10168 10272
43589 10168 13502
43590 10170 19803
43591 10171 10481
43592 10172 18658
43593 10172 19719
43594 10173 13075
43595 10173 15584
43596 10173 19595
43597 10173 19596
43598 10174 12572
43599 10174 17783
43600 10175 10263
43601 10175 10486
43602 10175 13604
43603 10175 19976
43604 10176 10178
43605 10176 10274
43606 10176 10414
43607 10177 10486
43608 10177 10489
43609 10177 13604
43610 10177 15801
43611 10178 10259
43612 10178 10414
43613 10179 11965
43614 10179 13571
43615 10179 16034
43616 10180 10410
43617 10180 19479
43618 10181 10505
43619 10181 14366
43620 10181 14669
43621 10181 19941
43622 10182 10269
43623 10182 10410
43624 10182 17571
43625 10183 17398
43626 10183 17399
43627 10183 18077
43628 10184 10236
43629 10184 10427
43630 10184 10601
43631 10185 10414
43632 10185 12155
43633 10186 13720
43634 10186 14374
43635 10186 16241
43636 10187 10197
43637 10187 10629
43638 10187 17304
43639 10188 10249
43640 10188 14788
43641 10188 17305
43642 10189 10756
43643 10189 11356
43644 10189 11926
43645 10190 13949
43646 10190 14974
43647 10191 13326
43648 10192 10286
43649 10192 12022
43650 10192 12038
43651 10192 18378
43652 10193 13854
43653 10193 14397
43654 10193 15068
43655 10193 15894
43656 10194 10284
43657 10194 18333
43658 10194 18777
43659 10195 10216
43660 10195 10337
43661 10195 13852
43662 10195 14402
43663 10196 10431
43664 10196 12968
43665 10196 15785
43666 10197 10293
43667 10197 10629
43668 10197 17304
43669 10198 10199
43670 10198 10215
43671 10198 14422
43672 10199 10201
43673 10199 10215
43674 10199 14115
43675 10199 14422
43676 10200 15126
43677 10200 19737
43678 10201 13525
43679 10201 14115
43680 10201 15094
43681 10201 19735
43682 10202 11412
43683 10202 14851
43684 10203 12212
43685 10203 13357
43686 10203 15342
43687 10204 10341
43688 10204 15673
43689 10205 14405
43690 10205 14929
43691 10205 15094
43692 10205 15583
43693 10205 19735
43694 10206 10208
43695 10206 10236
43696 10206 10445
43697 10207 10221
43698 10207 14747
43699 10207 14988
43700 10207 15342
43701 10209 10480
43702 10209 14576
43703 10210 11857
43704 10210 15370
43705 10210 15697
43706 10211 18652
43707 10211 19039
43708 10213 17574
43709 10213 18557
43710 10213 18741
43711 10214 11258
43712 10214 13496
43713 10214 14771
43714 10214 17500
43715 10216 13852
43716 10216 14874
43717 10217 14808
43718 10217 15543
43719 10218 10373
43720 10218 10383
43721 10219 11068
43722 10220 10247
43723 10220 13310
43724 10221 11900
43725 10221 14746
43726 10221 14747
43727 10221 15342
43728 10221 17337
43729 10222 16325
43730 10222 18503
43731 10223 11204
43732 10223 13077
43733 10223 15448
43734 10223 19921
43735 10224 15897
43736 10226 11158
43737 10226 11854
43738 10226 13600
43739 10226 17563
43740 10227 13010
43741 10227 18647
43742 10227 19000
43743 10228 11755
43744 10228 11914
43745 10230 10757
43746 10231 19781
43747 10232 10528
43748 10232 15911
43749 10234 10241
43750 10234 13706
43751 10235 15967
43752 10235 17620
43753 10236 10445
43754 10236 10601
43755 10237 10285
43756 10237 10932
43757 10237 13887
43758 10237 13888
43759 10237 14184
43760 10237 18472
43761 10238 10251
43762 10238 13612
43763 10238 13780
43764 10239 19589
43765 10240 11198
43766 10240 17191
43767 10241 17202
43768 10241 17222
43769 10242 11950
43770 10242 15197
43771 10243 10737
43772 10243 11012
43773 10244 11865
43774 10244 13208
43775 10245 13612
43776 10245 14230
43777 10246 18775
43778 10246 19866
43779 10247 15655
43780 10248 10504
43781 10248 15713
43782 10248 17564
43783 10249 17305
43784 10249 19495
43785 10250 10939
43786 10252 12814
43787 10252 13605
43788 10254 10272
43789 10254 12363
43790 10254 13502
43791 10255 12104
43792 10255 13650
43793 10255 16659
43794 10255 19430
43795 10256 11799
43796 10256 18686
43797 10257 11038
43798 10257 12102
43799 10258 10631
43800 10260 15099
43801 10260 15733
43802 10261 20004
43803 10262 18207
43804 10262 19435
43805 10263 19976
43806 10264 10682
43807 10264 10936
43808 10264 13715
43809 10266 10373
43810 10267 14849
43811 10267 17028
43812 10268 10421
43813 10269 10271
43814 10269 10410
43815 10270 11147
43816 10270 19139
43817 10271 10410
43818 10271 12155
43819 10272 13502
43820 10272 19976
43821 10273 13695
43822 10273 18692
43823 10273 19565
43824 10274 10280
43825 10274 14384
43826 10275 10740
43827 10275 14867
43828 10275 18599
43829 10276 16045
43830 10277 14477
43831 10277 17726
43832 10277 20012
43833 10278 10281
43834 10279 12576
43835 10279 14063
43836 10279 15357
43837 10279 16490
43838 10279 19413
43839 10281 18868
43840 10283 10374
43841 10283 14972
43842 10284 14251
43843 10284 18777
43844 10285 10932
43845 10285 13885
43846 10285 13888
43847 10285 16923
43848 10286 12038
43849 10286 14890
43850 10287 17778
43851 10288 17979
43852 10288 19191
43853 10289 10909
43854 10289 11425
43855 10289 17632
43856 10290 13438
43857 10290 15443
43858 10290 17218
43859 10290 19852
43860 10291 12725
43861 10291 12735
43862 10291 19219
43863 10292 17025
43864 10292 19132
43865 10293 14519
43866 10293 17304
43867 10294 16967
43868 10294 17012
43869 10295 11421
43870 10295 11443
43871 10295 12077
43872 10295 15613
43873 10296 17662
43874 10297 14754
43875 10297 17903
43876 10297 17995
43877 10297 18096
43878 10298 10299
43879 10298 10315
43880 10299 10315
43881 10300 11424
43882 10301 14866
43883 10301 16032
43884 10302 17681
43885 10303 10307
43886 10303 10309
43887 10304 11386
43888 10304 17267
43889 10304 19490
43890 10305 16374
43891 10306 16217
43892 10307 10309
43893 10307 10310
43894 10308 10625
43895 10308 13487
43896 10308 14541
43897 10309 10310
43898 10311 13210
43899 10311 15112
43900 10311 19575
43901 10313 11326
43902 10314 11537
43903 10314 12481
43904 10314 13706
43905 10315 10321
43906 10316 12407
43907 10316 13362
43908 10316 18086
43909 10316 18782
43910 10317 10618
43911 10317 12906
43912 10317 13503
43913 10317 14198
43914 10317 20027
43915 10318 10722
43916 10319 11215
43917 10319 14222
43918 10319 16907
43919 10320 10574
43920 10320 14271
43921 10322 12951
43922 10322 17327
43923 10324 10679
43924 10324 10705
43925 10324 19204
43926 10325 17516
43927 10326 19597
43928 10326 19626
43929 10327 19570
43930 10328 11860
43931 10328 11951
43932 10328 11953
43933 10329 13270
43934 10330 10678
43935 10331 11219
43936 10332 10820
43937 10332 13084
43938 10333 12916
43939 10333 12917
43940 10333 13867
43941 10333 13871
43942 10333 17418
43943 10334 11065
43944 10335 11240
43945 10335 17793
43946 10337 14524
43947 10337 17799
43948 10338 11125
43949 10338 11310
43950 10339 11194
43951 10339 14943
43952 10339 15047
43953 10340 10920
43954 10342 11250
43955 10342 14572
43956 10342 14575
43957 10342 15298
43958 10342 17720
43959 10345 15221
43960 10345 19101
43961 10347 10350
43962 10348 19191
43963 10349 11235
43964 10349 12697
43965 10349 12699
43966 10349 15982
43967 10349 20008
43968 10350 14283
43969 10351 13124
43970 10351 17673
43971 10352 11670
43972 10352 13029
43973 10352 15295
43974 10352 18315
43975 10353 10910
43976 10353 14468
43977 10354 10474
43978 10354 14925
43979 10354 14987
43980 10354 14990
43981 10355 11115
43982 10356 11342
43983 10356 11353
43984 10356 11551
43985 10357 14983
43986 10357 15666
43987 10357 18168
43988 10358 13181
43989 10358 14360
43990 10359 13197
43991 10359 19010
43992 10359 19210
43993 10360 10453
43994 10360 15321
43995 10361 10570
43996 10361 11934
43997 10361 19073
43998 10362 17086
43999 10363 10749
44000 10363 10751
44001 10363 14109
44002 10363 16937
44003 10363 19206
44004 10364 17284
44005 10364 19931
44006 10364 20003
44007 10365 11393
44008 10365 11963
44009 10366 15327
44010 10366 17178
44011 10366 19522
44012 10367 12876
44013 10367 12993
44014 10367 18673
44015 10368 12869
44016 10368 13838
44017 10368 16116
44018 10368 18436
44019 10369 11345
44020 10369 11348
44021 10369 15024
44022 10370 17317
44023 10370 17747
44024 10370 18011
44025 10371 10372
44026 10371 12992
44027 10371 15998
44028 10371 19912
44029 10372 12992
44030 10372 14039
44031 10372 18102
44032 10374 14972
44033 10374 16588
44034 10375 11635
44035 10375 19161
44036 10376 14107
44037 10376 14789
44038 10376 15065
44039 10376 15102
44040 10377 14492
44041 10377 14493
44042 10377 14573
44043 10377 15756
44044 10378 14763
44045 10379 12555
44046 10379 13551
44047 10379 14144
44048 10379 16286
44049 10379 16288
44050 10379 17119
44051 10380 16649
44052 10380 19663
44053 10381 17863
44054 10381 19622
44055 10382 13583
44056 10382 13624
44057 10382 13640
44058 10382 18569
44059 10384 11497
44060 10384 15950
44061 10384 17369
44062 10385 10434
44063 10385 11094
44064 10385 17772
44065 10386 11185
44066 10386 11284
44067 10386 18191
44068 10387 11559
44069 10387 13047
44070 10388 11310
44071 10388 11312
44072 10389 10390
44073 10389 10545
44074 10389 11868
44075 10390 11868
44076 10391 11494
44077 10391 15801
44078 10391 15977
44079 10392 11725
44080 10392 14596
44081 10392 15906
44082 10393 10394
44083 10393 12164
44084 10393 17440
44085 10393 18859
44086 10394 12164
44087 10394 12243
44088 10395 15309
44089 10395 19649
44090 10395 19688
44091 10396 11789
44092 10396 16838
44093 10396 18188
44094 10397 16007
44095 10397 18508
44096 10397 18526
44097 10397 18714
44098 10398 14339
44099 10398 14347
44100 10399 11163
44101 10399 13777
44102 10399 14521
44103 10400 11449
44104 10400 13476
44105 10400 14868
44106 10400 15823
44107 10400 18751
44108 10401 11378
44109 10402 14788
44110 10402 17303
44111 10403 11218
44112 10403 18375
44113 10403 19231
44114 10404 13362
44115 10404 15200
44116 10404 18086
44117 10404 18160
44118 10405 16957
44119 10405 18644
44120 10405 19846
44121 10406 16677
44122 10406 19185
44123 10407 10698
44124 10407 18159
44125 10408 12971
44126 10408 13041
44127 10408 16229
44128 10409 11110
44129 10409 18132
44130 10411 13205
44131 10411 14242
44132 10411 17187
44133 10412 12087
44134 10413 13318
44135 10413 13480
44136 10413 17553
44137 10413 19275
44138 10415 11532
44139 10415 13965
44140 10415 19164
44141 10416 10504
44142 10416 11885
44143 10416 14506
44144 10416 17564
44145 10416 17869
44146 10417 10912
44147 10417 11499
44148 10417 14011
44149 10417 16294
44150 10417 16622
44151 10418 10549
44152 10418 11225
44153 10419 10634
44154 10419 15540
44155 10420 10428
44156 10420 16099
44157 10420 17766
44158 10420 18764
44159 10421 18704
44160 10422 18288
44161 10422 18462
44162 10422 18464
44163 10423 15854
44164 10423 18338
44165 10424 12214
44166 10424 14954
44167 10424 15741
44168 10424 17203
44169 10424 17225
44170 10426 13080
44171 10426 17229
44172 10426 17408
44173 10426 17584
44174 10427 10601
44175 10428 15991
44176 10428 16099
44177 10428 18692
44178 10429 11149
44179 10429 14578
44180 10429 15041
44181 10430 10604
44182 10430 10605
44183 10430 10642
44184 10430 10665
44185 10431 12968
44186 10431 18480
44187 10432 11336
44188 10432 11609
44189 10433 10463
44190 10433 19902
44191 10435 11756
44192 10435 17925
44193 10436 12154
44194 10436 13596
44195 10436 15163
44196 10436 15291
44197 10436 19434
44198 10437 17274
44199 10437 19629
44200 10438 12547
44201 10438 16565
44202 10440 11655
44203 10440 17979
44204 10441 10446
44205 10441 11889
44206 10442 10906
44207 10442 16215
44208 10442 16966
44209 10443 14376
44210 10443 14984
44211 10443 15040
44212 10444 10737
44213 10444 12756
44214 10445 11581
44215 10446 17185
44216 10447 11350
44217 10447 11680
44218 10447 11732
44219 10447 15462
44220 10447 19136
44221 10448 13609
44222 10449 10639
44223 10449 10641
44224 10449 10661
44225 10449 10687
44226 10450 15537
44227 10450 16942
44228 10451 10512
44229 10451 11390
44230 10451 18208
44231 10452 11407
44232 10452 17192
44233 10452 17264
44234 10453 19616
44235 10454 15598
44236 10454 15946
44237 10454 17087
44238 10454 18348
44239 10456 11317
44240 10456 15044
44241 10456 18903
44242 10457 13609
44243 10457 14131
44244 10457 19746
44245 10458 16074
44246 10458 18149
44247 10459 12006
44248 10459 14407
44249 10459 15061
44250 10460 11110
44251 10460 17233
44252 10461 13755
44253 10461 14161
44254 10463 10610
44255 10463 10613
44256 10463 19902
44257 10464 12239
44258 10465 11051
44259 10465 12192
44260 10465 17159
44261 10466 11585
44262 10466 15058
44263 10466 16607
44264 10466 18493
44265 10467 10468
44266 10467 11646
44267 10467 17419
44268 10467 17487
44269 10468 11646
44270 10468 16416
44271 10469 11878
44272 10469 14439
44273 10469 14440
44274 10469 14884
44275 10470 11579
44276 10470 12039
44277 10470 14635
44278 10470 15689
44279 10470 18773
44280 10471 14484
44281 10471 14485
44282 10472 10608
44283 10474 14990
44284 10475 14979
44285 10475 14990
44286 10476 11158
44287 10476 14281
44288 10476 15099
44289 10477 10903
44290 10477 10919
44291 10477 16829
44292 10478 18299
44293 10478 19179
44294 10478 19299
44295 10479 11160
44296 10479 13571
44297 10479 13598
44298 10479 15934
44299 10481 10486
44300 10481 10489
44301 10482 19395
44302 10483 15450
44303 10483 15926
44304 10483 16635
44305 10484 12088
44306 10485 14323
44307 10485 18118
44308 10486 10489
44309 10486 13604
44310 10487 13277
44311 10487 14143
44312 10487 15442
44313 10487 15499
44314 10488 16697
44315 10488 16701
44316 10488 19612
44317 10489 15801
44318 10490 11731
44319 10490 14695
44320 10490 15167
44321 10490 19374
44322 10491 14495
44323 10491 14569
44324 10492 10657
44325 10492 13606
44326 10492 17878
44327 10493 10891
44328 10493 16973
44329 10493 16999
44330 10494 13832
44331 10494 15500
44332 10494 15551
44333 10494 17005
44334 10495 17302
44335 10496 13185
44336 10497 11965
44337 10498 16205
44338 10498 17251
44339 10499 14829
44340 10499 15415
44341 10499 15999
44342 10500 12950
44343 10500 15843
44344 10500 18148
44345 10501 11201
44346 10502 13566
44347 10502 15472
44348 10502 15887
44349 10503 15225
44350 10503 17202
44351 10504 14506
44352 10504 17564
44353 10505 14366
44354 10505 14824
44355 10505 14967
44356 10506 12673
44357 10506 13339
44358 10507 10988
44359 10507 13292
44360 10507 14070
44361 10508 13079
44362 10509 10643
44363 10509 10651
44364 10509 10802
44365 10509 18180
44366 10510 16630
44367 10510 16636
44368 10510 19480
44369 10511 15836
44370 10512 12812
44371 10512 13538
44372 10512 14950
44373 10513 11574
44374 10513 13180
44375 10513 15189
44376 10514 11242
44377 10514 15883
44378 10514 18320
44379 10516 13744
44380 10516 17777
44381 10516 18426
44382 10517 12026
44383 10517 16708
44384 10518 11077
44385 10518 11111
44386 10519 12846
44387 10519 13101
44388 10519 13152
44389 10519 18947
44390 10519 19055
44391 10520 11312
44392 10523 14206
44393 10523 19370
44394 10524 14085
44395 10524 18202
44396 10524 18552
44397 10525 11912
44398 10525 12372
44399 10525 16472
44400 10525 16554
44401 10525 18937
44402 10526 13376
44403 10526 14101
44404 10526 16135
44405 10526 17273
44406 10526 19154
44407 10527 14145
44408 10527 18523
44409 10527 18851
44410 10527 19993
44411 10528 14773
44412 10528 15911
44413 10529 17865
44414 10529 20021
44415 10530 14986
44416 10531 14505
44417 10531 17147
44418 10533 11080
44419 10534 15241
44420 10534 19361
44421 10535 10902
44422 10535 16930
44423 10536 10600
44424 10536 10617
44425 10537 10793
44426 10537 11570
44427 10537 11921
44428 10537 15022
44429 10537 18426
44430 10538 11062
44431 10539 19756
44432 10540 14478
44433 10540 15739
44434 10540 19263
44435 10540 19265
44436 10541 12323
44437 10541 12500
44438 10541 14285
44439 10542 10999
44440 10543 11902
44441 10543 14012
44442 10544 11212
44443 10544 13751
44444 10545 11868
44445 10545 17832
44446 10546 10709
44447 10546 14332
44448 10546 19729
44449 10547 12419
44450 10547 12420
44451 10547 12525
44452 10547 13801
44453 10547 15277
44454 10547 17481
44455 10548 11926
44456 10548 17792
44457 10550 11909
44458 10550 11991
44459 10550 13779
44460 10551 10607
44461 10551 11120
44462 10552 11991
44463 10552 12093
44464 10552 12505
44465 10552 13779
44466 10552 16924
44467 10553 10554
44468 10553 11099
44469 10554 11060
44470 10555 15810
44471 10557 10558
44472 10557 15810
44473 10559 13707
44474 10559 15843
44475 10560 10563
44476 10560 11097
44477 10560 13334
44478 10560 13620
44479 10561 16902
44480 10561 19003
44481 10562 17140
44482 10562 17215
44483 10562 17740
44484 10562 17890
44485 10563 13334
44486 10563 13620
44487 10563 17533
44488 10563 19236
44489 10564 10970
44490 10564 16708
44491 10564 19924
44492 10565 17967
44493 10565 19521
44494 10566 12083
44495 10566 13237
44496 10566 16963
44497 10567 10731
44498 10567 18044
44499 10568 16178
44500 10569 12357
44501 10570 11491
44502 10570 19073
44503 10571 11076
44504 10572 15747
44505 10573 11937
44506 10573 16413
44507 10573 16694
44508 10574 19350
44509 10575 10603
44510 10575 13379
44511 10576 14799
44512 10577 11055
44513 10577 16677
44514 10577 18092
44515 10578 10580
44516 10578 11103
44517 10578 13142
44518 10578 15324
44519 10578 18767
44520 10579 13664
44521 10579 14111
44522 10579 15374
44523 10579 15494
44524 10579 16127
44525 10580 11103
44526 10580 12243
44527 10580 15324
44528 10580 15869
44529 10581 16585
44530 10581 16629
44531 10583 14053
44532 10583 15779
44533 10584 11509
44534 10584 14682
44535 10584 15028
44536 10584 16013
44537 10584 18100
44538 10585 10589
44539 10585 10619
44540 10585 11548
44541 10585 13682
44542 10586 10866
44543 10586 10915
44544 10586 13938
44545 10586 15488
44546 10586 16914
44547 10587 16220
44548 10588 10650
44549 10589 11107
44550 10589 13682
44551 10590 13713
44552 10590 19969
44553 10591 10968
44554 10591 11120
44555 10591 15961
44556 10592 10596
44557 10592 10643
44558 10592 10651
44559 10593 14683
44560 10594 10609
44561 10594 13682
44562 10594 19353
44563 10595 18400
44564 10597 13335
44565 10598 11675
44566 10598 16741
44567 10598 16821
44568 10599 11054
44569 10599 14830
44570 10599 16939
44571 10600 10617
44572 10600 17823
44573 10602 10604
44574 10602 10605
44575 10602 18388
44576 10602 19275
44577 10603 15321
44578 10603 17535
44579 10604 10605
44580 10604 10665
44581 10605 10642
44582 10605 15672
44583 10605 18388
44584 10606 18388
44585 10607 11120
44586 10607 17885
44587 10608 12421
44588 10608 14556
44589 10609 11548
44590 10609 13682
44591 10609 15400
44592 10610 10613
44593 10610 14149
44594 10610 19902
44595 10611 11931
44596 10611 13904
44597 10612 11458
44598 10612 11843
44599 10612 14823
44600 10612 16800
44601 10613 14561
44602 10614 10615
44603 10614 12298
44604 10615 13495
44605 10615 19507
44606 10617 10619
44607 10617 11548
44608 10617 15400
44609 10618 12900
44610 10618 20027
44611 10619 11548
44612 10620 10769
44613 10621 10666
44614 10621 10691
44615 10621 15436
44616 10621 18041
44617 10622 16203
44618 10623 10639
44619 10623 10687
44620 10623 10702
44621 10624 18551
44622 10624 19953
44623 10625 14541
44624 10626 10635
44625 10626 13700
44626 10626 14582
44627 10627 14679
44628 10627 14688
44629 10627 15156
44630 10627 15746
44631 10627 17198
44632 10628 14090
44633 10629 14168
44634 10629 20013
44635 10630 10982
44636 10630 13056
44637 10630 14810
44638 10630 16361
44639 10632 12309
44640 10632 16332
44641 10632 16516
44642 10632 19347
44643 10633 10860
44644 10633 12879
44645 10633 15308
44646 10634 15540
44647 10634 18767
44648 10636 13552
44649 10636 14199
44650 10636 17854
44651 10636 19994
44652 10637 11063
44653 10637 19058
44654 10638 10663
44655 10638 10688
44656 10638 10691
44657 10639 10641
44658 10639 10687
44659 10640 15849
44660 10640 15866
44661 10640 16967
44662 10641 13659
44663 10641 15649
44664 10642 15672
44665 10643 10651
44666 10643 10802
44667 10644 10661
44668 10644 10684
44669 10644 13687
44670 10645 10665
44671 10645 10685
44672 10645 10802
44673 10646 10647
44674 10646 19083
44675 10646 19308
44676 10647 12233
44677 10647 19083
44678 10647 19224
44679 10648 10654
44680 10648 14491
44681 10648 15362
44682 10649 10976
44683 10649 12450
44684 10649 15902
44685 10649 19390
44686 10650 10652
44687 10652 11927
44688 10652 15673
44689 10653 12062
44690 10653 13545
44691 10653 19156
44692 10653 19767
44693 10654 10674
44694 10654 14491
44695 10655 15045
44696 10655 15976
44697 10655 17640
44698 10656 12727
44699 10656 18628
44700 10657 13606
44701 10658 15290
44702 10659 15045
44703 10659 15975
44704 10659 17640
44705 10659 17684
44706 10660 13280
44707 10661 10687
44708 10661 13687
44709 10662 11757
44710 10662 13244
44711 10663 10688
44712 10663 10691
44713 10664 10742
44714 10664 19721
44715 10666 10829
44716 10666 18041
44717 10667 10712
44718 10668 10836
44719 10668 13236
44720 10668 19216
44721 10671 14474
44722 10671 17848
44723 10671 19342
44724 10672 11314
44725 10672 11844
44726 10672 14819
44727 10672 18008
44728 10673 16863
44729 10673 18984
44730 10673 19827
44731 10674 12583
44732 10674 14491
44733 10674 16266
44734 10675 17219
44735 10675 17728
44736 10675 18146
44737 10676 13329
44738 10676 16212
44739 10676 19966
44740 10676 19997
44741 10677 19259
44742 10678 17048
44743 10678 19980
44744 10680 14146
44745 10680 14448
44746 10680 19630
44747 10681 10704
44748 10681 17225
44749 10682 11027
44750 10682 13235
44751 10683 14220
44752 10684 14399
44753 10685 10802
44754 10686 10690
44755 10686 13622
44756 10688 10966
44757 10689 10722
44758 10689 10930
44759 10689 16842
44760 10690 12358
44761 10691 15436
44762 10692 10694
44763 10692 13327
44764 10693 10697
44765 10693 15226
44766 10694 10697
44767 10694 13327
44768 10694 15226
44769 10695 11652
44770 10696 12071
44771 10696 16795
44772 10697 15226
44773 10698 17652
44774 10699 12472
44775 10700 13786
44776 10700 14055
44777 10700 19155
44778 10702 14561
44779 10703 10775
44780 10703 13703
44781 10703 15956
44782 10704 14220
44783 10705 19189
44784 10705 19204
44785 10705 19250
44786 10706 10714
44787 10706 19742
44788 10707 11027
44789 10707 14297
44790 10707 19140
44791 10708 18916
44792 10709 13437
44793 10709 18850
44794 10709 19459
44795 10709 19729
44796 10710 15420
44797 10710 15692
44798 10710 18511
44799 10710 18728
44800 10711 13237
44801 10711 14159
44802 10713 13944
44803 10713 17621
44804 10713 18038
44805 10714 11996
44806 10715 12176
44807 10715 13856
44808 10715 14901
44809 10715 15882
44810 10716 10817
44811 10716 11090
44812 10716 13711
44813 10717 10838
44814 10717 13318
44815 10717 13480
44816 10717 15495
44817 10717 16899
44818 10718 13336
44819 10718 14220
44820 10719 10721
44821 10719 10917
44822 10719 19203
44823 10719 19318
44824 10720 10721
44825 10720 10935
44826 10720 19318
44827 10721 10723
44828 10721 19318
44829 10723 10725
44830 10724 11996
44831 10724 19719
44832 10725 10726
44833 10727 14447
44834 10728 13227
44835 10728 19203
44836 10728 19248
44837 10728 19318
44838 10729 13379
44839 10729 19202
44840 10730 10788
44841 10730 13714
44842 10730 14155
44843 10730 16846
44844 10730 18151
44845 10731 15165
44846 10731 18044
44847 10732 14116
44848 10732 15034
44849 10732 15274
44850 10733 12057
44851 10733 19141
44852 10734 10736
44853 10734 10988
44854 10734 12843
44855 10735 10949
44856 10735 14056
44857 10735 15619
44858 10736 10988
44859 10736 14732
44860 10737 10772
44861 10737 11012
44862 10737 20029
44863 10738 12096
44864 10738 16823
44865 10738 17188
44866 10738 19276
44867 10739 17333
44868 10740 14867
44869 10740 19758
44870 10742 13906
44871 10742 19721
44872 10743 11094
44873 10743 17205
44874 10744 13465
44875 10744 15416
44876 10744 18818
44877 10745 11578
44878 10745 12052
44879 10746 11331
44880 10746 11667
44881 10746 11775
44882 10748 12531
44883 10749 10751
44884 10749 19206
44885 10749 19836
44886 10750 13823
44887 10750 14628
44888 10750 16976
44889 10750 18084
44890 10751 16791
44891 10751 16878
44892 10751 16937
44893 10752 13459
44894 10752 16772
44895 10753 19228
44896 10754 16412
44897 10755 12675
44898 10755 13477
44899 10755 17800
44900 10756 11344
44901 10758 10862
44902 10758 11043
44903 10758 13487
44904 10758 13908
44905 10758 14541
44906 10759 12468
44907 10759 13406
44908 10759 15317
44909 10759 17554
44910 10760 14817
44911 10760 19536
44912 10761 12084
44913 10761 15403
44914 10761 18006
44915 10761 19854
44916 10762 10764
44917 10762 13878
44918 10762 14286
44919 10762 14817
44920 10762 15581
44921 10763 13186
44922 10763 13354
44923 10764 15581
44924 10765 17362
44925 10766 15582
44926 10766 16417
44927 10766 18088
44928 10767 11638
44929 10767 13228
44930 10768 12114
44931 10768 17503
44932 10768 18326
44933 10769 10955
44934 10769 19503
44935 10770 11986
44936 10770 12144
44937 10770 16794
44938 10770 16843
44939 10770 18652
44940 10770 19039
44941 10771 11930
44942 10771 13233
44943 10771 18123
44944 10772 10890
44945 10772 11001
44946 10772 11012
44947 10772 14726
44948 10772 20029
44949 10773 10863
44950 10773 10890
44951 10773 11001
44952 10774 18098
44953 10774 18597
44954 10775 10859
44955 10775 13703
44956 10775 15956
44957 10776 13008
44958 10776 13009
44959 10776 13943
44960 10776 15224
44961 10776 15889
44962 10777 11093
44963 10777 14004
44964 10778 10783
44965 10778 10942
44966 10779 15421
44967 10779 15538
44968 10780 13627
44969 10780 14332
44970 10780 16122
44971 10780 19103
44972 10781 15872
44973 10781 16610
44974 10781 17764
44975 10782 10817
44976 10782 16746
44977 10783 14158
44978 10784 10931
44979 10784 18423
44980 10784 19069
44981 10785 18739
44982 10785 19511
44983 10786 17039
44984 10787 15786
44985 10787 17920
44986 10788 13714
44987 10788 14155
44988 10790 13438
44989 10790 14152
44990 10790 15763
44991 10791 19171
44992 10791 19190
44993 10792 10847
44994 10792 10871
44995 10792 18818
44996 10792 19049
44997 10793 11921
44998 10794 10797
44999 10794 10978
45000 10794 18565
45001 10795 11908
45002 10795 13775
45003 10796 10835
45004 10796 10845
45005 10796 13462
45006 10797 10835
45007 10797 13229
45008 10798 10819
45009 10798 11464
45010 10798 17445
45011 10799 10978
45012 10799 11018
45013 10799 18565
45014 10800 15860
45015 10800 15933
45016 10800 16274
45017 10801 13557
45018 10801 15372
45019 10801 18475
45020 10801 19007
45021 10803 10804
45022 10803 11026
45023 10804 11026
45024 10804 13332
45025 10805 10806
45026 10805 10827
45027 10807 10870
45028 10807 16521
45029 10807 19804
45030 10807 19833
45031 10808 12654
45032 10808 12799
45033 10808 16188
45034 10808 17645
45035 10808 17819
45036 10809 16581
45037 10809 16670
45038 10810 14296
45039 10810 14840
45040 10810 19405
45041 10810 19601
45042 10811 11805
45043 10811 16535
45044 10811 19245
45045 10812 13286
45046 10812 15627
45047 10812 16245
45048 10813 11213
45049 10813 14757
45050 10813 15937
45051 10813 16051
45052 10813 20011
45053 10814 11007
45054 10814 13511
45055 10815 15446
45056 10816 12493
45057 10816 16870
45058 10817 16746
45059 10818 19171
45060 10818 19523
45061 10819 11464
45062 10819 12053
45063 10819 17419
45064 10821 14125
45065 10822 14032
45066 10822 19969
45067 10823 11107
45068 10823 11848
45069 10824 11958
45070 10825 10883
45071 10826 11128
45072 10826 11302
45073 10826 12827
45074 10826 13025
45075 10826 13133
45076 10827 11006
45077 10827 13425
45078 10827 17839
45079 10828 12342
45080 10828 12442
45081 10828 15294
45082 10828 17316
45083 10828 18189
45084 10830 11299
45085 10830 17494
45086 10832 13712
45087 10832 13718
45088 10832 19184
45089 10833 11037
45090 10834 18537
45091 10834 19030
45092 10835 13229
45093 10835 13462
45094 10836 19187
45095 10836 19216
45096 10837 12503
45097 10837 12652
45098 10838 13318
45099 10838 13461
45100 10838 15495
45101 10838 19502
45102 10839 11375
45103 10839 18429
45104 10839 19644
45105 10840 15772
45106 10840 17666
45107 10841 15705
45108 10841 16360
45109 10842 13138
45110 10842 13684
45111 10842 14149
45112 10842 15477
45113 10843 11866
45114 10843 12207
45115 10843 14024
45116 10843 14105
45117 10843 14352
45118 10844 10951
45119 10844 11084
45120 10845 19261
45121 10845 19916
45122 10845 19991
45123 10846 15874
45124 10846 17047
45125 10847 15376
45126 10847 15824
45127 10847 19049
45128 10847 19525
45129 10848 10958
45130 10848 14178
45131 10848 16808
45132 10848 16813
45133 10849 11346
45134 10849 14589
45135 10850 18380
45136 10850 18934
45137 10851 11153
45138 10851 14479
45139 10851 14548
45140 10851 16002
45141 10852 13995
45142 10852 17730
45143 10852 18146
45144 10853 13659
45145 10853 19543
45146 10854 14322
45147 10854 15868
45148 10854 18012
45149 10854 18276
45150 10854 18463
45151 10854 19440
45152 10855 10995
45153 10855 16145
45154 10856 11122
45155 10856 11850
45156 10856 17184
45157 10857 11039
45158 10857 11335
45159 10857 11622
45160 10857 11716
45161 10857 13116
45162 10858 13241
45163 10858 15421
45164 10859 13703
45165 10860 12879
45166 10860 15308
45167 10860 17407
45168 10861 19836
45169 10862 13908
45170 10862 15792
45171 10863 15371
45172 10863 19845
45173 10864 11634
45174 10864 15505
45175 10865 12744
45176 10865 13139
45177 10865 14207
45178 10866 11803
45179 10866 15488
45180 10866 16914
45181 10867 12075
45182 10867 12200
45183 10867 12236
45184 10867 13243
45185 10867 19101
45186 10867 19131
45187 10868 13811
45188 10868 16933
45189 10869 13228
45190 10870 16521
45191 10870 19804
45192 10871 13465
45193 10871 18818
45194 10871 19261
45195 10872 12120
45196 10872 15344
45197 10872 17101
45198 10872 17503
45199 10872 17826
45200 10873 14003
45201 10873 14729
45202 10873 15751
45203 10873 19368
45204 10874 17235
45205 10874 18270
45206 10875 13193
45207 10876 18197
45208 10876 18513
45209 10877 13245
45210 10877 16929
45211 10878 10966
45212 10878 11008
45213 10878 11050
45214 10878 16565
45215 10879 16956
45216 10879 18116
45217 10880 11141
45218 10880 11207
45219 10880 11613
45220 10882 11628
45221 10883 16975
45222 10884 12469
45223 10884 12478
45224 10884 12565
45225 10884 12969
45226 10884 14926
45227 10885 10907
45228 10885 15873
45229 10885 16867
45230 10885 18113
45231 10886 11938
45232 10886 17473
45233 10886 17828
45234 10887 11407
45235 10887 15166
45236 10888 16919
45237 10889 12188
45238 10889 16365
45239 10889 16540
45240 10890 11001
45241 10890 13916
45242 10890 14726
45243 10892 13500
45244 10892 14793
45245 10892 17542
45246 10892 18162
45247 10893 16964
45248 10893 17838
45249 10894 14476
45250 10894 15338
45251 10894 18135
45252 10894 18389
45253 10896 16471
45254 10896 18147
45255 10897 12957
45256 10897 13808
45257 10897 15603
45258 10897 18341
45259 10899 16862
45260 10903 16829
45261 10904 10937
45262 10904 13747
45263 10904 16825
45264 10905 10940
45265 10905 14095
45266 10905 15074
45267 10905 16759
45268 10905 17909
45269 10906 16215
45270 10907 15873
45271 10907 16120
45272 10908 10931
45273 10908 13066
45274 10908 13747
45275 10909 11425
45276 10909 11742
45277 10910 13655
45278 10910 16422
45279 10911 11251
45280 10911 11629
45281 10912 11499
45282 10912 14011
45283 10912 14415
45284 10912 19468
45285 10913 11780
45286 10913 12330
45287 10913 12753
45288 10913 13939
45289 10913 16168
45290 10913 16213
45291 10914 14066
45292 10914 14067
45293 10914 14071
45294 10914 16625
45295 10915 13938
45296 10915 15206
45297 10916 12736
45298 10916 12852
45299 10916 13136
45300 10916 16012
45301 10916 16453
45302 10917 19203
45303 10918 11164
45304 10918 15611
45305 10919 10920
45306 10921 17022
45307 10922 19881
45308 10923 12655
45309 10923 13374
45310 10923 13381
45311 10923 13443
45312 10923 13448
45313 10923 17818
45314 10924 11087
45315 10924 14056
45316 10924 17885
45317 10925 15193
45318 10926 11687
45319 10926 13393
45320 10926 13613
45321 10927 14597
45322 10927 18615
45323 10928 13824
45324 10928 16885
45325 10928 16886
45326 10929 13619
45327 10929 18476
45328 10930 16842
45329 10932 18472
45330 10933 15272
45331 10933 19470
45332 10934 12131
45333 10934 18281
45334 10934 18313
45335 10934 18456
45336 10934 19012
45337 10936 13715
45338 10937 16757
45339 10937 16825
45340 10937 16951
45341 10938 13270
45342 10938 18997
45343 10940 15074
45344 10942 12853
45345 10943 19205
45346 10944 15874
45347 10944 16881
45348 10944 19027
45349 10945 15745
45350 10945 16014
45351 10945 16176
45352 10945 18250
45353 10945 18492
45354 10946 11989
45355 10946 12211
45356 10946 14673
45357 10947 14759
45358 10947 15360
45359 10947 18580
45360 10948 14668
45361 10949 14056
45362 10949 15258
45363 10949 15619
45364 10949 18103
45365 10950 11682
45366 10950 12128
45367 10950 15474
45368 10952 16202
45369 10952 18300
45370 10953 11146
45371 10953 11654
45372 10953 13902
45373 10953 14731
45374 10954 12482
45375 10954 12929
45376 10954 12930
45377 10954 13162
45378 10954 17812
45379 10955 10990
45380 10955 12084
45381 10955 19503
45382 10956 10986
45383 10956 13292
45384 10957 13804
45385 10957 16201
45386 10957 19747
45387 10958 16134
45388 10958 16813
45389 10958 19258
45390 10959 13290
45391 10959 13295
45392 10959 16003
45393 10959 17761
45394 10960 15940
45395 10960 16842
45396 10960 18615
45397 10961 13736
45398 10961 13835
45399 10961 17013
45400 10961 18826
45401 10962 10972
45402 10962 12082
45403 10962 14159
45404 10962 15204
45405 10963 11388
45406 10963 17237
45407 10964 15743
45408 10964 17015
45409 10964 19152
45410 10965 13143
45411 10965 16121
45412 10965 18314
45413 10967 13081
45414 10967 14460
45415 10968 15961
45416 10970 19924
45417 10971 19830
45418 10972 13981
45419 10972 13983
45420 10972 15204
45421 10972 15586
45422 10973 12793
45423 10973 13879
45424 10973 16347
45425 10973 16365
45426 10974 12390
45427 10974 15770
45428 10974 16322
45429 10975 15273
45430 10975 15331
45431 10976 15902
45432 10976 18961
45433 10976 19390
45434 10977 12768
45435 10977 13063
45436 10977 17636
45437 10977 18273
45438 10978 11018
45439 10978 18565
45440 10978 19150
45441 10979 16614
45442 10981 11143
45443 10981 14065
45444 10981 15507
45445 10982 11952
45446 10983 12826
45447 10983 15748
45448 10983 16318
45449 10983 16504
45450 10983 17598
45451 10984 12137
45452 10984 13457
45453 10984 13739
45454 10984 14102
45455 10984 16420
45456 10984 18250
45457 10984 18492
45458 10985 14955
45459 10985 17883
45460 10985 18924
45461 10986 15500
45462 10987 13293
45463 10987 13337
45464 10987 19211
45465 10988 12843
45466 10988 14070
45467 10989 11603
45468 10990 12084
45469 10991 11989
45470 10991 12211
45471 10991 14016
45472 10991 15020
45473 10991 15095
45474 10992 12505
45475 10992 16760
45476 10992 17073
45477 10993 11031
45478 10994 11974
45479 10994 14156
45480 10995 16145
45481 10995 17769
45482 10995 19958
45483 10996 13911
45484 10996 14889
45485 10996 17823
45486 10997 14088
45487 10997 19627
45488 10998 13630
45489 10998 15104
45490 10999 11827
45491 10999 14340
45492 10999 17874
45493 11000 13171
45494 11000 14057
45495 11000 15510
45496 11001 11011
45497 11001 11012
45498 11002 13337
45499 11002 15501
45500 11002 15504
45501 11002 19211
45502 11003 14724
45503 11003 17434
45504 11004 18596
45505 11004 19031
45506 11005 11091
45507 11005 14447
45508 11005 14844
45509 11005 19130
45510 11006 13425
45511 11006 13814
45512 11006 15159
45513 11006 17839
45514 11008 11009
45515 11008 11050
45516 11009 11050
45517 11009 19190
45518 11009 19523
45519 11010 15956
45520 11010 19823
45521 11010 19845
45522 11011 11012
45523 11011 18195
45524 11013 11092
45525 11013 13245
45526 11013 13976
45527 11015 12811
45528 11015 13386
45529 11016 12979
45530 11016 13863
45531 11017 11018
45532 11017 13718
45533 11018 19150
45534 11019 11027
45535 11019 13235
45536 11019 17064
45537 11019 19140
45538 11020 11021
45539 11020 19188
45540 11021 11023
45541 11022 11565
45542 11022 11566
45543 11022 15190
45544 11022 18083
45545 11023 13475
45546 11024 14795
45547 11024 17277
45548 11024 17504
45549 11025 12392
45550 11025 16067
45551 11025 16363
45552 11025 17338
45553 11025 17594
45554 11025 18222
45555 11027 13235
45556 11027 19140
45557 11028 12774
45558 11028 13574
45559 11028 15825
45560 11028 16705
45561 11029 13227
45562 11029 13234
45563 11029 16150
45564 11030 15548
45565 11030 15556
45566 11030 19272
45567 11031 11084
45568 11031 15594
45569 11032 11083
45570 11032 11285
45571 11033 14094
45572 11033 15618
45573 11033 17476
45574 11034 11638
45575 11035 12563
45576 11035 13016
45577 11035 13920
45578 11035 18897
45579 11035 19020
45580 11036 16120
45581 11036 16741
45582 11038 11506
45583 11038 12102
45584 11039 15833
45585 11039 16784
45586 11040 11568
45587 11040 12003
45588 11040 16816
45589 11040 19436
45590 11041 12040
45591 11041 14721
45592 11041 18125
45593 11043 11876
45594 11043 13710
45595 11043 13908
45596 11043 14541
45597 11044 18282
45598 11044 19755
45599 11045 11046
45600 11045 11946
45601 11045 16609
45602 11046 12217
45603 11046 16609
45604 11047 19256
45605 11047 19743
45606 11048 11051
45607 11048 15865
45608 11049 12992
45609 11049 14790
45610 11049 19932
45611 11050 16565
45612 11050 19190
45613 11052 11055
45614 11052 16677
45615 11054 12200
45616 11054 13243
45617 11054 14830
45618 11054 18836
45619 11055 16677
45620 11056 11639
45621 11056 11758
45622 11056 13590
45623 11057 16178
45624 11057 19786
45625 11058 11116
45626 11058 11308
45627 11058 15590
45628 11058 17177
45629 11059 12296
45630 11059 13686
45631 11059 16501
45632 11059 16672
45633 11059 19363
45634 11060 11100
45635 11061 11138
45636 11061 11397
45637 11061 16526
45638 11062 18565
45639 11063 14424
45640 11063 17632
45641 11063 19058
45642 11064 17698
45643 11064 19776
45644 11067 15998
45645 11068 11069
45646 11069 18101
45647 11070 17745
45648 11070 18138
45649 11071 12958
45650 11071 19738
45651 11071 19808
45652 11073 11077
45653 11074 11570
45654 11074 12694
45655 11074 15022
45656 11075 15718
45657 11075 17230
45658 11076 13691
45659 11078 11796
45660 11078 15174
45661 11080 13229
45662 11081 11281
45663 11081 13239
45664 11081 13970
45665 11081 14093
45666 11081 17476
45667 11082 14901
45668 11082 15882
45669 11082 18650
45670 11083 11281
45671 11083 19182
45672 11084 15594
45673 11085 12645
45674 11085 13388
45675 11085 15805
45676 11086 14417
45677 11086 15106
45678 11086 15652
45679 11086 16920
45680 11086 19225
45681 11087 16956
45682 11088 13918
45683 11088 15692
45684 11089 15743
45685 11089 19152
45686 11090 12352
45687 11090 13333
45688 11090 18365
45689 11092 11827
45690 11092 13976
45691 11093 13912
45692 11094 17069
45693 11094 17205
45694 11094 17772
45695 11095 15659
45696 11095 18613
45697 11096 15861
45698 11096 18384
45699 11096 19305
45700 11097 13707
45701 11098 15010
45702 11099 19821
45703 11101 17184
45704 11101 18239
45705 11102 12086
45706 11102 16576
45707 11102 19773
45708 11103 11104
45709 11103 15869
45710 11105 14212
45711 11105 14389
45712 11106 11187
45713 11106 16605
45714 11106 18443
45715 11107 11848
45716 11107 13713
45717 11108 11112
45718 11109 11114
45719 11110 17233
45720 11111 16145
45721 11111 17769
45722 11112 11114
45723 11113 11238
45724 11113 11946
45725 11113 12537
45726 11115 17754
45727 11116 17177
45728 11116 17821
45729 11117 17543
45730 11117 19307
45731 11118 11575
45732 11118 12732
45733 11118 15383
45734 11119 15902
45735 11121 14971
45736 11121 15127
45737 11121 16859
45738 11121 18558
45739 11122 14268
45740 11122 15256
45741 11123 14353
45742 11123 14855
45743 11123 19724
45744 11124 19270
45745 11124 19733
45746 11125 11310
45747 11126 18424
45748 11126 19306
45749 11127 17798
45750 11127 19583
45751 11128 13133
45752 11128 13135
45753 11128 19094
45754 11128 19099
45755 11129 14365
45756 11129 14671
45757 11131 14853
45758 11131 16932
45759 11132 14708
45760 11132 14716
45761 11132 15945
45762 11132 17144
45763 11132 17146
45764 11133 15453
45765 11133 15932
45766 11133 17370
45767 11134 11277
45768 11134 11284
45769 11135 11139
45770 11135 11297
45771 11136 14876
45772 11136 15555
45773 11137 12623
45774 11137 16224
45775 11138 11397
45776 11138 14374
45777 11138 16526
45778 11138 17321
45779 11139 14540
45780 11139 14720
45781 11140 11333
45782 11140 16838
45783 11140 19654
45784 11141 11207
45785 11142 11853
45786 11142 15464
45787 11143 13930
45788 11143 14065
45789 11143 18968
45790 11143 19550
45791 11144 11394
45792 11144 11874
45793 11144 14464
45794 11144 15761
45795 11145 12897
45796 11145 19157
45797 11145 19532
45798 11147 19139
45799 11148 14068
45800 11148 14340
45801 11148 16969
45802 11148 17002
45803 11148 17874
45804 11149 13524
45805 11149 15041
45806 11150 11520
45807 11150 14653
45808 11150 17241
45809 11150 18798
45810 11151 11152
45811 11151 11247
45812 11151 11288
45813 11151 11289
45814 11151 17257
45815 11152 11277
45816 11152 17257
45817 11153 14548
45818 11153 18619
45819 11154 16735
45820 11155 14661
45821 11155 15660
45822 11155 17882
45823 11157 14839
45824 11157 14846
45825 11157 19619
45826 11158 11854
45827 11158 13598
45828 11159 13914
45829 11159 17085
45830 11159 17090
45831 11160 13598
45832 11160 15733
45833 11161 13267
45834 11161 19294
45835 11162 13461
45836 11162 14189
45837 11162 15495
45838 11162 15832
45839 11163 13777
45840 11163 14521
45841 11163 14639
45842 11164 15611
45843 11165 11179
45844 11165 13916
45845 11165 14015
45846 11165 14726
45847 11165 16958
45848 11166 11555
45849 11166 11653
45850 11166 16809
45851 11166 19485
45852 11167 11642
45853 11167 17180
45854 11167 17438
45855 11168 11985
45856 11168 13454
45857 11168 17601
45858 11168 19117
45859 11169 11679
45860 11169 15826
45861 11169 17519
45862 11170 12305
45863 11170 12399
45864 11170 19347
45865 11170 19379
45866 11171 14465
45867 11171 16088
45868 11172 17229
45869 11172 18112
45870 11173 11970
45871 11173 14238
45872 11174 11339
45873 11174 11444
45874 11174 11916
45875 11174 12626
45876 11174 19159
45877 11175 13056
45878 11175 13610
45879 11175 14686
45880 11176 17080
45881 11177 11493
45882 11177 11513
45883 11177 11737
45884 11178 11314
45885 11178 11316
45886 11178 12801
45887 11178 14706
45888 11179 13907
45889 11179 14727
45890 11179 16958
45891 11179 16980
45892 11180 15020
45893 11180 15095
45894 11180 15356
45895 11180 19546
45896 11181 16642
45897 11181 17100
45898 11181 17148
45899 11181 17149
45900 11181 17211
45901 11181 17293
45902 11182 11893
45903 11182 17070
45904 11183 12623
45905 11183 17080
45906 11184 17070
45907 11184 17260
45908 11185 11217
45909 11185 11249
45910 11185 17394
45911 11186 14962
45912 11186 15151
45913 11186 19774
45914 11187 11379
45915 11188 11311
45916 11188 11315
45917 11188 11779
45918 11188 11846
45919 11189 11300
45920 11189 17513
45921 11190 11721
45922 11190 15123
45923 11190 15141
45924 11190 15144
45925 11191 11288
45926 11191 11392
45927 11191 11867
45928 11191 13992
45929 11192 12033
45930 11192 12054
45931 11192 19674
45932 11193 12264
45933 11193 12286
45934 11193 12383
45935 11193 12509
45936 11193 12528
45937 11194 14366
45938 11194 14368
45939 11194 14943
45940 11195 11243
45941 11195 11247
45942 11195 11306
45943 11195 11867
45944 11195 15795
45945 11196 11251
45946 11196 11629
45947 11196 19017
45948 11197 11517
45949 11197 11520
45950 11197 14140
45951 11197 14377
45952 11197 15289
45953 11198 13963
45954 11198 14739
45955 11199 11940
45956 11199 17477
45957 11200 14035
45958 11200 14089
45959 11200 19268
45960 11201 14338
45961 11201 18466
45962 11201 19167
45963 11202 16129
45964 11202 18141
45965 11203 14248
45966 11203 14264
45967 11203 19594
45968 11204 19887
45969 11205 11611
45970 11205 11849
45971 11205 16896
45972 11206 18232
45973 11207 19245
45974 11208 12686
45975 11208 15622
45976 11208 17771
45977 11208 18570
45978 11208 19198
45979 11208 19337
45980 11209 13197
45981 11209 13803
45982 11209 13884
45983 11209 15847
45984 11209 17949
45985 11210 11839
45986 11210 11901
45987 11210 13568
45988 11211 15456
45989 11211 15806
45990 11212 12781
45991 11212 13522
45992 11212 13751
45993 11212 16597
45994 11213 14757
45995 11213 17984
45996 11214 15773
45997 11214 19329
45998 11214 19602
45999 11215 12088
46000 11216 11224
46001 11216 17232
46002 11217 14463
46003 11217 17394
46004 11217 17416
46005 11218 17165
46006 11218 18375
46007 11218 19036
46008 11218 19231
46009 11219 12275
46010 11220 14895
46011 11220 16621
46012 11220 18927
46013 11221 16211
46014 11221 17378
46015 11221 19541
46016 11222 16117
46017 11223 12587
46018 11223 15347
46019 11223 15974
46020 11223 17995
46021 11223 20015
46022 11224 17232
46023 11225 16875
46024 11226 12190
46025 11226 12194
46026 11226 13573
46027 11226 13946
46028 11226 16688
46029 11226 16691
46030 11226 16927
46031 11227 11409
46032 11227 14452
46033 11227 19787
46034 11228 17409
46035 11228 19535
46036 11228 19938
46037 11229 17247
46038 11229 19535
46039 11230 11892
46040 11230 12019
46041 11230 17458
46042 11231 12995
46043 11232 14371
46044 11232 14965
46045 11232 18027
46046 11233 13688
46047 11233 15815
46048 11233 16496
46049 11233 17552
46050 11234 12412
46051 11234 14568
46052 11234 15247
46053 11234 17580
46054 11235 12697
46055 11235 13179
46056 11235 13746
46057 11235 17332
46058 11235 19223
46059 11236 11818
46060 11236 14292
46061 11236 17389
46062 11237 11930
46063 11237 19537
46064 11238 12537
46065 11238 16897
46066 11239 13794
46067 11239 14475
46068 11240 17091
46069 11241 12989
46070 11241 14170
46071 11241 14724
46072 11241 16998
46073 11242 17240
46074 11242 18320
46075 11243 11247
46076 11243 11249
46077 11243 17257
46078 11244 11922
46079 11244 15318
46080 11245 11873
46081 11245 15464
46082 11245 17397
46083 11246 15768
46084 11246 18060
46085 11246 18065
46086 11247 11288
46087 11247 11867
46088 11247 17257
46089 11248 15320
46090 11248 15323
46091 11249 17257
46092 11249 17394
46093 11250 17720
46094 11250 19017
46095 11251 11629
46096 11252 12095
46097 11252 15826
46098 11252 16807
46099 11252 19492
46100 11253 19510
46101 11254 15884
46102 11254 17506
46103 11255 11738
46104 11255 13054
46105 11255 19509
46106 11255 19517
46107 11257 16503
46108 11258 11438
46109 11258 19383
46110 11259 12171
46111 11259 17549
46112 11260 17353
46113 11260 17548
46114 11261 11733
46115 11261 12724
46116 11261 12766
46117 11261 16092
46118 11261 16283
46119 11261 19084
46120 11262 12642
46121 11262 12908
46122 11262 17824
46123 11262 18277
46124 11262 19561
46125 11263 14193
46126 11263 14526
46127 11263 16591
46128 11263 17051
46129 11264 15085
46130 11265 16189
46131 11265 16191
46132 11265 16362
46133 11265 19423
46134 11266 14420
46135 11266 14929
46136 11266 15056
46137 11266 18556
46138 11267 14463
46139 11267 14838
46140 11267 14895
46141 11267 17097
46142 11267 17416
46143 11269 11460
46144 11269 16132
46145 11269 17183
46146 11270 13697
46147 11270 13761
46148 11270 16583
46149 11271 11583
46150 11271 14234
46151 11271 16314
46152 11271 19927
46153 11272 17082
46154 11272 17993
46155 11273 11428
46156 11273 12968
46157 11273 15785
46158 11274 11825
46159 11274 17030
46160 11274 17173
46161 11274 17259
46162 11274 17889
46163 11274 19814
46164 11275 12584
46165 11275 13276
46166 11275 15157
46167 11276 13380
46168 11276 14362
46169 11276 14627
46170 11276 16569
46171 11277 11284
46172 11277 17257
46173 11278 12482
46174 11278 12931
46175 11278 13109
46176 11278 13996
46177 11278 17812
46178 11280 11993
46179 11280 17162
46180 11281 13239
46181 11281 13970
46182 11281 19182
46183 11282 12030
46184 11282 19378
46185 11283 15561
46186 11283 19509
46187 11283 19517
46188 11285 13387
46189 11286 12892
46190 11286 14098
46191 11286 15150
46192 11287 14626
46193 11287 14856
46194 11288 11289
46195 11288 11867
46196 11288 13992
46197 11289 11329
46198 11289 13992
46199 11290 11658
46200 11290 13768
46201 11290 17848
46202 11290 19342
46203 11291 11626
46204 11291 12897
46205 11291 13563
46206 11291 15422
46207 11292 14578
46208 11292 15041
46209 11292 15302
46210 11292 19017
46211 11293 13821
46212 11293 13822
46213 11293 15550
46214 11293 16885
46215 11293 16886
46216 11293 16887
46217 11294 14148
46218 11294 14297
46219 11294 18916
46220 11295 11322
46221 11295 11507
46222 11295 15151
46223 11295 17945
46224 11295 19774
46225 11296 17331
46226 11297 11298
46227 11297 11334
46228 11298 11334
46229 11298 11439
46230 11299 12423
46231 11299 17798
46232 11302 12875
46233 11302 13025
46234 11302 13133
46235 11302 13539
46236 11302 15623
46237 11303 13009
46238 11303 17721
46239 11305 16182
46240 11305 17899
46241 11305 19447
46242 11306 14452
46243 11306 14893
46244 11306 15795
46245 11307 11459
46246 11307 11463
46247 11307 14389
46248 11307 15258
46249 11307 17176
46250 11307 18103
46251 11308 15590
46252 11309 19727
46253 11311 11779
46254 11311 11846
46255 11311 12356
46256 11311 18903
46257 11312 11313
46258 11313 16985
46259 11313 18199
46260 11314 12801
46261 11314 18008
46262 11315 11779
46263 11315 15901
46264 11316 11317
46265 11316 12983
46266 11316 14706
46267 11317 11787
46268 11317 12983
46269 11318 12017
46270 11318 12356
46271 11318 12810
46272 11318 15044
46273 11319 11445
46274 11320 14490
46275 11320 14492
46276 11320 14888
46277 11320 14908
46278 11320 16013
46279 11320 16364
46280 11321 11346
46281 11321 11475
46282 11321 11547
46283 11322 11341
46284 11322 11507
46285 11322 19549
46286 11323 12222
46287 11323 14229
46288 11323 18843
46289 11323 18956
46290 11324 12178
46291 11324 16486
46292 11324 18213
46293 11324 18331
46294 11324 19114
46295 11325 11628
46296 11325 11748
46297 11325 16423
46298 11325 16757
46299 11325 16893
46300 11325 16951
46301 11326 11916
46302 11326 12877
46303 11327 11331
46304 11327 11563
46305 11327 11656
46306 11327 11775
46307 11327 13951
46308 11327 15948
46309 11328 11917
46310 11328 15023
46311 11328 17232
46312 11330 11353
46313 11331 11563
46314 11331 11667
46315 11331 11775
46316 11331 13505
46317 11332 17350
46318 11333 15458
46319 11333 19654
46320 11334 11439
46321 11334 14601
46322 11334 15203
46323 11335 11530
46324 11335 11622
46325 11335 11770
46326 11335 11992
46327 11336 11609
46328 11336 14465
46329 11337 15033
46330 11337 15364
46331 11338 11689
46332 11338 20023
46333 11339 11916
46334 11340 18555
46335 11341 13796
46336 11341 19549
46337 11342 11551
46338 11342 13230
46339 11343 12428
46340 11343 15751
46341 11344 11437
46342 11345 11348
46343 11346 11475
46344 11347 11983
46345 11347 13548
46346 11347 13796
46347 11347 19918
46348 11348 11440
46349 11348 15024
46350 11349 11435
46351 11349 12067
46352 11350 11680
46353 11350 11732
46354 11350 18337
46355 11350 18428
46356 11352 12911
46357 11352 14536
46358 11352 15631
46359 11352 17794
46360 11353 11551
46361 11354 11935
46362 11354 17953
46363 11354 19489
46364 11355 11456
46365 11355 17711
46366 11355 17713
46367 11356 11430
46368 11356 11926
46369 11356 18667
46370 11357 12145
46371 11357 19322
46372 11358 11429
46373 11358 12145
46374 11358 14776
46375 11358 17132
46376 11359 13595
46377 11359 14775
46378 11360 11427
46379 11360 16062
46380 11361 16059
46381 11362 11363
46382 11362 12386
46383 11362 14947
46384 11363 11387
46385 11363 12273
46386 11364 11419
46387 11364 11422
46388 11364 17530
46389 11365 11577
46390 11365 11589
46391 11365 14354
46392 11366 11704
46393 11366 11899
46394 11367 14973
46395 11367 15994
46396 11368 13062
46397 11368 13927
46398 11368 14138
46399 11369 17863
46400 11369 18225
46401 11370 12005
46402 11370 19847
46403 11371 18791
46404 11372 19676
46405 11372 19683
46406 11373 11897
46407 11373 14147
46408 11373 14361
46409 11374 13717
46410 11374 17032
46411 11375 13296
46412 11375 18429
46413 11375 18731
46414 11376 13294
46415 11377 14963
46416 11377 15708
46417 11377 15808
46418 11379 14462
46419 11380 11697
46420 11380 17396
46421 11380 17712
46422 11381 13015
46423 11381 14196
46424 11381 15717
46425 11381 19750
46426 11382 12353
46427 11383 15929
46428 11383 17982
46429 11383 19564
46430 11384 12271
46431 11384 18957
46432 11384 19364
46433 11385 13859
46434 11385 18374
46435 11386 17267
46436 11386 18558
46437 11387 12273
46438 11387 17809
46439 11388 14363
46440 11389 12195
46441 11389 17208
46442 11389 18931
46443 11389 19023
46444 11390 18449
46445 11391 14624
46446 11391 15251
46447 11391 15431
46448 11391 18885
46449 11392 11873
46450 11392 14668
46451 11393 12602
46452 11394 11874
46453 11394 14464
46454 11394 16972
46455 11394 17043
46456 11395 12305
46457 11395 12671
46458 11395 13709
46459 11395 14536
46460 11395 15742
46461 11395 19379
46462 11396 12293
46463 11397 11718
46464 11398 18145
46465 11398 19761
46466 11399 13198
46467 11399 14330
46468 11400 14935
46469 11400 17506
46470 11400 19815
46471 11400 19819
46472 11401 12575
46473 11401 13864
46474 11401 18469
46475 11402 12790
46476 11402 17862
46477 11402 18279
46478 11402 19066
46479 11403 11981
46480 11403 14685
46481 11404 16079
46482 11404 19528
46483 11405 19482
46484 11405 19744
46485 11406 12229
46486 11406 16693
46487 11407 15166
46488 11407 17264
46489 11408 12034
46490 11408 13900
46491 11408 14664
46492 11408 15092
46493 11408 15797
46494 11409 17814
46495 11409 19787
46496 11410 19170
46497 11411 13868
46498 11411 19817
46499 11412 15890
46500 11413 12650
46501 11413 18974
46502 11413 18976
46503 11414 12112
46504 11415 17329
46505 11416 17522
46506 11417 13760
46507 11417 14107
46508 11417 14542
46509 11417 16801
46510 11418 17160
46511 11418 17164
46512 11418 17261
46513 11419 12028
46514 11419 14764
46515 11419 15818
46516 11420 11967
46517 11420 17786
46518 11421 11443
46519 11421 12731
46520 11421 15613
46521 11423 14973
46522 11423 18898
46523 11424 14768
46524 11424 18898
46525 11425 11515
46526 11425 15360
46527 11425 19491
46528 11426 12249
46529 11426 12905
46530 11426 19494
46531 11427 14562
46532 11427 16068
46533 11428 19050
46534 11429 14776
46535 11429 16064
46536 11429 16068
46537 11430 11437
46538 11430 11444
46539 11430 15030
46540 11431 11531
46541 11431 12029
46542 11431 15154
46543 11432 11959
46544 11432 14917
46545 11432 16781
46546 11432 17891
46547 11433 15033
46548 11433 19571
46549 11434 12893
46550 11434 17313
46551 11434 17324
46552 11434 17341
46553 11434 17805
46554 11436 15946
46555 11436 18058
46556 11437 11444
46557 11437 13642
46558 11438 11740
46559 11438 13526
46560 11438 15158
46561 11438 19383
46562 11439 12423
46563 11439 13225
46564 11439 15203
46565 11440 13452
46566 11441 13586
46567 11441 16941
46568 11442 17755
46569 11444 13642
46570 11444 15030
46571 11444 19159
46572 11445 17665
46573 11446 12123
46574 11446 13663
46575 11446 17384
46576 11448 15158
46577 11448 19050
46578 11449 12535
46579 11449 13476
46580 11449 18751
46581 11449 18921
46582 11450 11737
46583 11450 13476
46584 11450 16259
46585 11450 19784
46586 11451 15183
46587 11451 16663
46588 11451 18478
46589 11452 15769
46590 11452 19412
46591 11453 11513
46592 11453 13488
46593 11453 18267
46594 11454 12087
46595 11455 14548
46596 11455 15115
46597 11455 16002
46598 11456 12824
46599 11456 17711
46600 11457 13815
46601 11459 11460
46602 11459 11463
46603 11459 17176
46604 11460 11463
46605 11460 17183
46606 11461 13886
46607 11461 14705
46608 11461 15177
46609 11461 17459
46610 11462 15601
46611 11462 17515
46612 11463 18103
46613 11464 19476
46614 11465 14843
46615 11465 19599
46616 11466 13263
46617 11466 15841
46618 11467 11602
46619 11467 14773
46620 11467 19436
46621 11468 14704
46622 11468 15141
46623 11468 15144
46624 11468 15184
46625 11468 15187
46626 11469 19005
46627 11469 19452
46628 11470 12308
46629 11470 14147
46630 11471 11795
46631 11471 13704
46632 11471 14713
46633 11471 14781
46634 11471 18110
46635 11471 19472
46636 11472 11473
46637 11472 16538
46638 11472 16539
46639 11472 17873
46640 11473 16536
46641 11473 16538
46642 11473 17873
46643 11474 16542
46644 11474 16549
46645 11474 16557
46646 11474 17593
46647 11475 11983
46648 11475 15732
46649 11476 11479
46650 11476 17442
46651 11476 17588
46652 11476 17768
46653 11477 11511
46654 11477 11785
46655 11477 12497
46656 11477 13028
46657 11477 14604
46658 11478 14428
46659 11478 14429
46660 11479 11503
46661 11479 16552
46662 11479 17442
46663 11479 17575
46664 11479 17588
46665 11480 11483
46666 11480 11556
46667 11480 12568
46668 11480 16472
46669 11480 16554
46670 11480 18660
46671 11481 12225
46672 11481 14438
46673 11481 15881
46674 11481 18595
46675 11482 12123
46676 11482 17384
46677 11482 19820
46678 11483 12568
46679 11483 13544
46680 11483 16554
46681 11483 17536
46682 11483 17577
46683 11484 12899
46684 11484 15899
46685 11484 16465
46686 11485 15955
46687 11485 17410
46688 11485 17983
46689 11486 12434
46690 11486 14485
46691 11486 14488
46692 11486 15042
46693 11487 13798
46694 11487 15606
46695 11487 17721
46696 11487 18328
46697 11488 16695
46698 11488 16699
46699 11489 14765
46700 11490 16448
46701 11490 17104
46702 11490 17607
46703 11490 18284
46704 11491 17930
46705 11492 16844
46706 11493 11801
46707 11493 17785
46708 11495 14409
46709 11495 14410
46710 11495 15059
46711 11495 15060
46712 11495 15986
46713 11496 19706
46714 11497 17369
46715 11497 19432
46716 11498 11780
46717 11498 14691
46718 11498 14911
46719 11498 17037
46720 11499 11840
46721 11499 16622
46722 11500 13087
46723 11500 19779
46724 11501 11560
46725 11501 14488
46726 11501 14712
46727 11501 15164
46728 11501 17037
46729 11502 17695
46730 11502 18852
46731 11503 11823
46732 11503 16552
46733 11503 17588
46734 11504 14426
46735 11504 14687
46736 11504 15207
46737 11504 19483
46738 11505 14658
46739 11505 14680
46740 11505 15004
46741 11505 18055
46742 11505 18183
46743 11505 19438
46744 11506 12102
46745 11506 14780
46746 11507 19774
46747 11508 11710
46748 11508 11781
46749 11508 14454
46750 11508 17716
46751 11508 17746
46752 11509 14682
46753 11509 15028
46754 11509 15663
46755 11509 17716
46756 11509 17717
46757 11510 11730
46758 11510 14591
46759 11510 14602
46760 11510 18150
46761 11511 12497
46762 11511 13222
46763 11511 15170
46764 11511 17559
46765 11512 14710
46766 11512 14714
46767 11512 14716
46768 11514 12026
46769 11514 17861
46770 11514 18293
46771 11515 19491
46772 11516 11743
46773 11516 12579
46774 11516 14599
46775 11516 14604
46776 11517 11520
46777 11517 14377
46778 11518 11692
46779 11518 11745
46780 11518 14660
46781 11519 19952
46782 11520 18798
46783 11521 14656
46784 11521 15122
46785 11521 15139
46786 11521 15989
46787 11521 16077
46788 11522 17582
46789 11522 18167
46790 11523 15096
46791 11523 15273
46792 11524 12030
46793 11524 13166
46794 11524 18085
46795 11525 18033
46796 11525 19645
46797 11526 11741
46798 11526 17561
46799 11527 11660
46800 11527 14939
46801 11527 17170
46802 11528 12285
46803 11528 14023
46804 11528 14110
46805 11528 14702
46806 11528 14961
46807 11529 12060
46808 11529 14246
46809 11529 18167
46810 11530 11622
46811 11530 11992
46812 11530 13905
46813 11530 17513
46814 11531 14640
46815 11531 14641
46816 11531 16573
46817 11532 14304
46818 11532 15900
46819 11532 19164
46820 11533 14618
46821 11533 15123
46822 11533 15142
46823 11534 14770
46824 11534 15082
46825 11534 15802
46826 11534 17589
46827 11535 12741
46828 11535 12850
46829 11535 13246
46830 11535 18003
46831 11535 18390
46832 11535 19794
46833 11536 11766
46834 11536 19687
46835 11538 19577
46836 11538 19581
46837 11541 13175
46838 11541 15492
46839 11541 18177
46840 11542 11806
46841 11542 16626
46842 11543 14659
46843 11543 14704
46844 11543 15142
46845 11543 15144
46846 11544 11817
46847 11544 12044
46848 11544 12880
46849 11544 15157
46850 11545 13886
46851 11545 14617
46852 11545 14618
46853 11545 14659
46854 11545 15142
46855 11545 16256
46856 11546 11919
46857 11546 17992
46858 11547 14940
46859 11547 15008
46860 11548 13682
46861 11548 15400
46862 11549 11690
46863 11549 11771
46864 11550 14385
46865 11550 17750
46866 11552 15205
46867 11552 15572
46868 11552 16445
46869 11553 13410
46870 11554 18043
46871 11554 19218
46872 11555 14313
46873 11555 15222
46874 11555 16809
46875 11555 19485
46876 11556 16472
46877 11556 18660
46878 11557 11849
46879 11557 13410
46880 11558 14692
46881 11559 13268
46882 11560 11761
46883 11560 15164
46884 11560 16785
46885 11560 17037
46886 11561 11657
46887 11561 15496
46888 11561 19960
46889 11562 12217
46890 11562 14231
46891 11562 15243
46892 11563 11656
46893 11563 11765
46894 11564 17778
46895 11565 11566
46896 11565 11598
46897 11565 17075
46898 11566 18083
46899 11567 11569
46900 11567 12013
46901 11567 19515
46902 11568 19436
46903 11569 19515
46904 11570 15022
46905 11571 13096
46906 11571 19608
46907 11572 12058
46908 11572 14631
46909 11572 17631
46910 11574 13180
46911 11574 15736
46912 11575 15383
46913 11576 18081
46914 11576 19910
46915 11577 11589
46916 11577 11678
46917 11578 11580
46918 11578 12052
46919 11579 13621
46920 11579 15689
46921 11579 16281
46922 11579 18773
46923 11580 12052
46924 11580 13717
46925 11580 15636
46926 11581 13691
46927 11581 14867
46928 11581 19758
46929 11582 13073
46930 11582 14282
46931 11582 14813
46932 11582 19220
46933 11582 19285
46934 11583 19927
46935 11584 15091
46936 11585 15058
46937 11586 17163
46938 11588 12039
46939 11588 14633
46940 11588 17052
46941 11588 17058
46942 11589 11678
46943 11589 15383
46944 11590 13509
46945 11590 13551
46946 11590 14144
46947 11590 17802
46948 11590 18431
46949 11591 14425
46950 11591 14484
46951 11592 11811
46952 11592 12562
46953 11592 12683
46954 11592 15636
46955 11593 15707
46956 11593 18991
46957 11594 11597
46958 11594 11670
46959 11594 12683
46960 11594 13029
46961 11595 15246
46962 11595 15285
46963 11595 19327
46964 11596 15809
46965 11596 15917
46966 11596 18290
46967 11597 11615
46968 11597 12091
46969 11598 14838
46970 11598 16806
46971 11598 17075
46972 11599 14375
46973 11599 14945
46974 11599 15721
46975 11599 16512
46976 11600 11608
46977 11600 15915
46978 11601 11808
46979 11601 14118
46980 11603 19508
46981 11604 16497
46982 11604 17188
46983 11604 18352
46984 11605 14072
46985 11605 16255
46986 11605 17712
46987 11606 15117
46988 11606 18474
46989 11607 15428
46990 11608 11818
46991 11608 14292
46992 11608 15915
46993 11609 14462
46994 11609 14465
46995 11610 11686
46996 11610 11809
46997 11611 11849
46998 11611 12094
46999 11612 12087
47000 11612 18192
47001 11614 11705
47002 11614 12060
47003 11614 12109
47004 11614 14246
47005 11614 15958
47006 11614 16558
47007 11615 11621
47008 11615 12091
47009 11616 11618
47010 11616 12091
47011 11617 11618
47012 11617 11619
47013 11618 11621
47014 11618 12091
47015 11619 11770
47016 11620 13034
47017 11620 14891
47018 11620 16321
47019 11620 16601
47020 11620 18030
47021 11620 19933
47022 11621 11668
47023 11621 12091
47024 11622 11716
47025 11622 13905
47026 11623 13215
47027 11623 16857
47028 11623 19271
47029 11624 11669
47030 11624 11767
47031 11625 19789
47032 11626 13563
47033 11626 14034
47034 11626 15422
47035 11627 14499
47036 11627 14908
47037 11628 11748
47038 11628 16423
47039 11629 15300
47040 11630 11819
47041 11631 13440
47042 11632 15630
47043 11632 17894
47044 11633 17980
47045 11633 18967
47046 11634 15505
47047 11635 12054
47048 11635 19161
47049 11636 14194
47050 11636 15054
47051 11636 15238
47052 11636 19366
47053 11637 15507
47054 11637 17879
47055 11637 19482
47056 11639 13590
47057 11640 12397
47058 11640 16354
47059 11640 16355
47060 11640 18465
47061 11640 18957
47062 11640 19450
47063 11641 13807
47064 11641 17833
47065 11641 18656
47066 11642 17438
47067 11642 17445
47068 11643 18629
47069 11643 18757
47070 11643 19960
47071 11644 11878
47072 11645 11821
47073 11645 14905
47074 11646 17419
47075 11647 13972
47076 11647 17843
47077 11647 18332
47078 11648 12111
47079 11648 13508
47080 11648 16024
47081 11648 16446
47082 11648 19014
47083 11649 12177
47084 11649 12587
47085 11649 15347
47086 11649 18493
47087 11650 18798
47088 11653 17739
47089 11653 19485
47090 11653 19545
47091 11654 13902
47092 11655 17677
47093 11656 11765
47094 11656 13951
47095 11656 15697
47096 11657 18244
47097 11657 18814
47098 11657 19960
47099 11658 13768
47100 11658 16974
47101 11658 17388
47102 11658 19342
47103 11659 18076
47104 11659 19653
47105 11660 13661
47106 11660 14520
47107 11660 18286
47108 11661 18377
47109 11662 16342
47110 11663 15755
47111 11663 18383
47112 11664 13977
47113 11665 11717
47114 11665 11765
47115 11665 17117
47116 11666 11722
47117 11666 11990
47118 11667 11763
47119 11667 13505
47120 11667 16580
47121 11668 12100
47122 11669 17339
47123 11669 19878
47124 11670 13029
47125 11670 13666
47126 11671 14559
47127 11671 18638
47128 11671 18788
47129 11671 18929
47130 11671 19639
47131 11672 16610
47132 11672 17764
47133 11672 17777
47134 11672 19871
47135 11673 11715
47136 11673 11757
47137 11673 13737
47138 11674 14409
47139 11675 12099
47140 11676 11783
47141 11676 15492
47142 11677 12008
47143 11677 13317
47144 11677 15080
47145 11678 15383
47146 11679 16972
47147 11679 17519
47148 11680 18428
47149 11680 18429
47150 11680 19136
47151 11681 16828
47152 11681 19707
47153 11682 13098
47154 11682 16350
47155 11683 12009
47156 11683 17649
47157 11683 17750
47158 11684 13603
47159 11684 14621
47160 11684 14641
47161 11684 17587
47162 11684 19925
47163 11685 12011
47164 11686 11798
47165 11686 18699
47166 11687 13613
47167 11688 12007
47168 11688 15941
47169 11689 12189
47170 11689 14048
47171 11689 16540
47172 11690 11771
47173 11691 15233
47174 11692 11734
47175 11692 15187
47176 11693 19177
47177 11693 19372
47178 11693 19380
47179 11694 11735
47180 11694 11796
47181 11694 15234
47182 11694 17890
47183 11695 11782
47184 11695 12716
47185 11695 15539
47186 11695 18018
47187 11696 11724
47188 11696 11727
47189 11696 14615
47190 11696 15167
47191 11697 17396
47192 11698 12265
47193 11698 12485
47194 11698 12826
47195 11698 17908
47196 11698 18082
47197 11700 11913
47198 11700 11914
47199 11700 18459
47200 11701 15192
47201 11701 16006
47202 11701 18725
47203 11702 15760
47204 11702 17919
47205 11702 19965
47206 11703 12828
47207 11703 12829
47208 11703 13731
47209 11703 15745
47210 11703 16176
47211 11703 19329
47212 11704 11899
47213 11705 12060
47214 11705 16558
47215 11707 12122
47216 11707 13646
47217 11707 15311
47218 11707 16435
47219 11708 13993
47220 11708 14183
47221 11708 15336
47222 11709 12781
47223 11709 16664
47224 11709 16756
47225 11709 16758
47226 11710 14454
47227 11710 16186
47228 11710 17746
47229 11711 17706
47230 11711 17796
47231 11711 18000
47232 11712 12439
47233 11712 14427
47234 11713 14468
47235 11713 17381
47236 11713 17583
47237 11713 17709
47238 11714 14192
47239 11715 13737
47240 11715 19821
47241 11716 15749
47242 11716 17339
47243 11717 17117
47244 11719 11798
47245 11719 17490
47246 11720 11763
47247 11720 13505
47248 11720 19646
47249 11721 14660
47250 11721 15119
47251 11721 15141
47252 11722 11975
47253 11723 14753
47254 11723 14852
47255 11723 17916
47256 11724 11727
47257 11724 14688
47258 11725 15906
47259 11726 14679
47260 11726 15156
47261 11726 15161
47262 11726 15210
47263 11726 19800
47264 11727 14615
47265 11728 12726
47266 11728 16869
47267 11728 16938
47268 11729 12394
47269 11729 12664
47270 11729 12665
47271 11729 15257
47272 11729 16543
47273 11729 19330
47274 11730 12447
47275 11730 14615
47276 11730 14695
47277 11730 18150
47278 11731 12337
47279 11731 12447
47280 11731 14695
47281 11731 19374
47282 11732 15462
47283 11732 18434
47284 11733 12803
47285 11733 16153
47286 11733 16283
47287 11733 19084
47288 11734 15184
47289 11734 15187
47290 11734 17280
47291 11734 17555
47292 11735 14654
47293 11735 14711
47294 11735 17890
47295 11736 12494
47296 11736 18157
47297 11736 18489
47298 11736 18911
47299 11736 19477
47300 11737 12073
47301 11737 19784
47302 11738 13054
47303 11738 17495
47304 11740 13526
47305 11740 15158
47306 11741 12029
47307 11741 13526
47308 11742 14870
47309 11743 11778
47310 11743 14599
47311 11743 15255
47312 11743 16069
47313 11744 13515
47314 11744 15218
47315 11744 15694
47316 11744 19591
47317 11745 11773
47318 11745 14660
47319 11747 14934
47320 11748 16951
47321 11749 18757
47322 11749 19623
47323 11750 14619
47324 11750 14714
47325 11750 15143
47326 11750 16583
47327 11751 15231
47328 11752 13898
47329 11752 15909
47330 11752 15996
47331 11752 16097
47332 11753 17586
47333 11754 13848
47334 11754 19251
47335 11754 19599
47336 11755 11757
47337 11755 11914
47338 11755 13737
47339 11756 17925
47340 11756 19445
47341 11757 13737
47342 11758 12036
47343 11759 15389
47344 11759 19831
47345 11759 19832
47346 11760 16255
47347 11761 12328
47348 11761 16785
47349 11762 15119
47350 11762 16258
47351 11763 13505
47352 11763 16580
47353 11764 13468
47354 11764 13535
47355 11764 19545
47356 11766 17813
47357 11768 16313
47358 11768 16455
47359 11768 17371
47360 11768 17374
47361 11768 18069
47362 11769 15406
47363 11770 11992
47364 11770 14966
47365 11771 14258
47366 11772 19232
47367 11773 14660
47368 11773 15119
47369 11773 19647
47370 11774 17120
47371 11774 18234
47372 11775 11791
47373 11775 15948
47374 11776 15143
47375 11777 15680
47376 11777 18700
47377 11777 19939
47378 11777 20032
47379 11778 14587
47380 11778 14599
47381 11778 14605
47382 11778 15118
47383 11778 15255
47384 11779 15006
47385 11780 14691
47386 11780 14911
47387 11780 16168
47388 11780 16213
47389 11781 14755
47390 11781 16180
47391 11781 17716
47392 11781 17717
47393 11782 13966
47394 11782 18018
47395 11782 18039
47396 11782 18832
47397 11783 12732
47398 11784 12215
47399 11784 13782
47400 11784 14413
47401 11785 13028
47402 11785 14693
47403 11785 17152
47404 11786 18158
47405 11787 14970
47406 11788 14979
47407 11789 18188
47408 11790 14390
47409 11790 14404
47410 11790 17711
47411 11790 17947
47412 11790 18121
47413 11791 11802
47414 11791 12323
47415 11791 15948
47416 11792 18316
47417 11792 19196
47418 11793 15809
47419 11794 13353
47420 11794 15399
47421 11795 13704
47422 11795 14781
47423 11796 15234
47424 11796 15989
47425 11797 15651
47426 11797 17226
47427 11797 19786
47428 11798 15627
47429 11799 15337
47430 11799 19531
47431 11800 11896
47432 11800 12962
47433 11800 13654
47434 11801 17785
47435 11801 18716
47436 11801 18921
47437 11802 15948
47438 11802 18319
47439 11803 13597
47440 11803 13934
47441 11803 13936
47442 11803 16914
47443 11804 12094
47444 11804 12318
47445 11805 19245
47446 11806 17016
47447 11807 12325
47448 11807 13090
47449 11807 14815
47450 11807 15563
47451 11807 17016
47452 11808 14118
47453 11808 15216
47454 11811 12683
47455 11812 11826
47456 11812 14648
47457 11812 15137
47458 11812 16624
47459 11813 16716
47460 11813 17181
47461 11813 17192
47462 11813 17264
47463 11814 16847
47464 11814 18972
47465 11815 19609
47466 11815 19738
47467 11816 14959
47468 11816 15069
47469 11816 17524
47470 11816 20038
47471 11817 12880
47472 11817 14953
47473 11817 15086
47474 11818 14292
47475 11820 17051
47476 11820 17542
47477 11821 14570
47478 11821 15050
47479 11821 15712
47480 11822 12758
47481 11822 12977
47482 11822 17361
47483 11823 16552
47484 11823 19907
47485 11824 12134
47486 11824 12600
47487 11824 13497
47488 11824 18157
47489 11825 14279
47490 11825 14356
47491 11825 17173
47492 11825 17214
47493 11825 17889
47494 11826 12020
47495 11826 12055
47496 11826 15137
47497 11826 16624
47498 11826 17111
47499 11827 14340
47500 11828 15547
47501 11829 15333
47502 11829 17077
47503 11829 18712
47504 11831 11891
47505 11831 15837
47506 11832 12603
47507 11832 16233
47508 11832 18659
47509 11832 18893
47510 11832 19592
47511 11833 16053
47512 11833 16125
47513 11833 16500
47514 11833 18657
47515 11834 12426
47516 11834 15276
47517 11834 16841
47518 11834 17624
47519 11836 14736
47520 11836 15569
47521 11836 18469
47522 11836 19564
47523 11837 11912
47524 11837 16472
47525 11837 19820
47526 11838 14344
47527 11838 14764
47528 11838 15818
47529 11839 11901
47530 11840 14673
47531 11840 16622
47532 11840 17505
47533 11841 17243
47534 11841 17248
47535 11842 13262
47536 11842 13273
47537 11842 18920
47538 11843 12017
47539 11843 16800
47540 11844 11847
47541 11844 12983
47542 11844 14819
47543 11845 13274
47544 11845 13771
47545 11845 15185
47546 11846 18903
47547 11847 12983
47548 11847 14819
47549 11848 13713
47550 11848 18905
47551 11850 12398
47552 11850 18890
47553 11850 19505
47554 11851 13262
47555 11851 13427
47556 11851 14947
47557 11852 18246
47558 11852 18259
47559 11852 18520
47560 11852 18844
47561 11853 15464
47562 11853 17072
47563 11854 12198
47564 11854 17563
47565 11855 11856
47566 11855 17136
47567 11856 15564
47568 11856 17136
47569 11856 17193
47570 11856 17265
47571 11858 14225
47572 11858 16141
47573 11860 11951
47574 11860 11953
47575 11860 16970
47576 11861 15160
47577 11862 14363
47578 11862 15856
47579 11862 18170
47580 11863 14560
47581 11863 15491
47582 11864 16819
47583 11865 13208
47584 11865 14363
47585 11865 15856
47586 11866 12207
47587 11866 14352
47588 11866 18863
47589 11867 15795
47590 11870 16844
47591 11870 19044
47592 11870 19219
47593 11871 12409
47594 11871 14290
47595 11872 17974
47596 11872 18171
47597 11873 16221
47598 11873 17397
47599 11874 15179
47600 11875 14289
47601 11875 16830
47602 11875 18158
47603 11875 18420
47604 11876 13710
47605 11876 13908
47606 11877 16090
47607 11878 14884
47608 11879 16779
47609 11879 18430
47610 11880 11882
47611 11881 18430
47612 11882 12640
47613 11883 16071
47614 11883 17533
47615 11884 13208
47616 11884 16804
47617 11885 17564
47618 11885 17697
47619 11885 17869
47620 11885 18170
47621 11886 14433
47622 11886 14685
47623 11887 15917
47624 11887 17719
47625 11887 18422
47626 11888 14364
47627 11888 15730
47628 11890 14087
47629 11891 17551
47630 11892 12019
47631 11892 17357
47632 11892 17458
47633 11894 13337
47634 11894 15451
47635 11894 15502
47636 11894 15504
47637 11894 15552
47638 11895 14918
47639 11895 14968
47640 11896 12962
47641 11896 16925
47642 11897 12006
47643 11897 14147
47644 11897 14361
47645 11897 14388
47646 11897 14406
47647 11900 14746
47648 11900 17337
47649 11902 18820
47650 11903 12986
47651 11903 15547
47652 11903 17347
47653 11903 17351
47654 11904 17695
47655 11904 19312
47656 11904 19839
47657 11904 20026
47658 11905 12081
47659 11905 16789
47660 11905 17262
47661 11906 15315
47662 11906 15417
47663 11906 15424
47664 11907 14058
47665 11908 13775
47666 11909 11973
47667 11909 13779
47668 11910 11913
47669 11910 19821
47670 11911 15427
47671 11911 17710
47672 11911 19327
47673 11912 16472
47674 11912 16593
47675 11913 11914
47676 11913 18459
47677 11915 14395
47678 11915 15098
47679 11915 15111
47680 11915 15614
47681 11915 18050
47682 11915 18056
47683 11915 18120
47684 11916 12877
47685 11917 15023
47686 11917 15120
47687 11917 17232
47688 11918 12066
47689 11918 16781
47690 11918 17065
47691 11919 15759
47692 11919 17992
47693 11920 15318
47694 11921 18426
47695 11922 15318
47696 11923 16818
47697 11923 18396
47698 11923 19498
47699 11924 12086
47700 11924 13440
47701 11925 15323
47702 11925 17557
47703 11925 19995
47704 11927 19657
47705 11928 15957
47706 11928 19692
47707 11928 19891
47708 11929 14828
47709 11929 16777
47710 11930 19537
47711 11933 13317
47712 11933 15879
47713 11933 17358
47714 11933 17828
47715 11934 14275
47716 11934 17458
47717 11935 17953
47718 11935 19489
47719 11936 17411
47720 11936 17930
47721 11937 15735
47722 11937 16413
47723 11937 17469
47724 11937 19350
47725 11938 14271
47726 11938 17473
47727 11938 17656
47728 11939 11960
47729 11939 14188
47730 11939 19231
47731 11940 16950
47732 11940 17477
47733 11940 17480
47734 11941 12498
47735 11941 14223
47736 11941 14265
47737 11942 12185
47738 11942 12866
47739 11942 14018
47740 11942 16377
47741 11942 18216
47742 11943 12216
47743 11943 15377
47744 11943 17490
47745 11944 12914
47746 11944 12972
47747 11944 16210
47748 11945 14260
47749 11945 18684
47750 11945 19937
47751 11946 12537
47752 11947 16177
47753 11947 18109
47754 11947 18581
47755 11948 11966
47756 11948 14517
47757 11948 15426
47758 11949 15155
47759 11949 15918
47760 11949 16592
47761 11950 19458
47762 11952 16709
47763 11952 16714
47764 11952 17055
47765 11954 12321
47766 11954 13024
47767 11954 14558
47768 11954 15282
47769 11954 16267
47770 11956 13564
47771 11956 14221
47772 11956 14344
47773 11956 14759
47774 11956 18580
47775 11957 19584
47776 11958 14520
47777 11958 17834
47778 11959 14896
47779 11959 17891
47780 11960 12224
47781 11960 12398
47782 11960 14188
47783 11960 19505
47784 11961 14002
47785 11961 15043
47786 11961 15441
47787 11962 14605
47788 11962 14616
47789 11962 14617
47790 11962 15118
47791 11962 16256
47792 11963 14644
47793 11966 14517
47794 11967 17786
47795 11969 12052
47796 11969 14167
47797 11970 14238
47798 11970 16685
47799 11971 13599
47800 11971 14987
47801 11972 14796
47802 11972 16447
47803 11972 16773
47804 11973 16447
47805 11974 14156
47806 11974 15227
47807 11974 17073
47808 11975 16931
47809 11976 15332
47810 11976 16004
47811 11976 17748
47812 11976 17958
47813 11976 18217
47814 11976 18907
47815 11977 13376
47816 11977 14218
47817 11978 19766
47818 11979 14368
47819 11979 14669
47820 11979 14920
47821 11979 14931
47822 11979 18209
47823 11980 12048
47824 11980 17432
47825 11980 18111
47826 11981 14685
47827 11983 13548
47828 11983 15732
47829 11984 12204
47830 11984 12205
47831 11984 12527
47832 11984 12533
47833 11984 12570
47834 11985 13300
47835 11985 13301
47836 11985 14882
47837 11985 17601
47838 11985 19116
47839 11985 19117
47840 11986 12859
47841 11986 16843
47842 11986 19039
47843 11987 16378
47844 11987 16970
47845 11988 12208
47846 11988 12209
47847 11988 12213
47848 11988 17349
47849 11988 17353
47850 11989 12211
47851 11989 14104
47852 11990 17846
47853 11991 12093
47854 11991 13779
47855 11992 14966
47856 11992 17513
47857 11993 16194
47858 11993 17249
47859 11993 18949
47860 11995 18640
47861 11997 13050
47862 11997 15334
47863 11998 13593
47864 11998 15719
47865 11998 16411
47866 11998 17463
47867 11998 19475
47868 11999 14791
47869 11999 16954
47870 12000 18858
47871 12001 17931
47872 12001 19855
47873 12001 19990
47874 12002 14847
47875 12002 16968
47876 12003 13743
47877 12003 16816
47878 12005 13296
47879 12005 13298
47880 12005 14527
47881 12005 19847
47882 12006 14388
47883 12006 14406
47884 12006 14407
47885 12007 12120
47886 12007 15941
47887 12007 16436
47888 12007 18326
47889 12009 17750
47890 12009 19707
47891 12010 14430
47892 12010 15910
47893 12010 19967
47894 12012 12246
47895 12012 12301
47896 12012 14547
47897 12012 16383
47898 12012 18959
47899 12012 19392
47900 12013 16779
47901 12014 12218
47902 12014 16707
47903 12014 16713
47904 12014 18005
47905 12015 12171
47906 12015 13949
47907 12015 13963
47908 12016 14865
47909 12017 16800
47910 12018 15080
47911 12020 12055
47912 12020 17111
47913 12021 12031
47914 12021 14756
47915 12022 18378
47916 12023 15260
47917 12023 17660
47918 12023 18134
47919 12023 19229
47920 12024 12031
47921 12024 16699
47922 12024 18684
47923 12025 14092
47924 12025 14226
47925 12025 14280
47926 12025 16900
47927 12026 14992
47928 12026 18293
47929 12027 13641
47930 12027 18378
47931 12028 14607
47932 12028 14764
47933 12029 13526
47934 12029 15154
47935 12029 19383
47936 12030 13166
47937 12032 19157
47938 12032 19532
47939 12032 19759
47940 12033 12054
47941 12033 15297
47942 12034 15797
47943 12034 16434
47944 12035 12196
47945 12035 16351
47946 12035 16359
47947 12035 16484
47948 12035 17382
47949 12036 14814
47950 12036 15846
47951 12037 16173
47952 12037 19584
47953 12038 13641
47954 12038 18378
47955 12038 19582
47956 12039 17052
47957 12039 18773
47958 12040 14721
47959 12040 15705
47960 12040 18125
47961 12040 18539
47962 12041 16710
47963 12041 16711
47964 12042 12219
47965 12042 15088
47966 12043 19843
47967 12044 12566
47968 12044 12584
47969 12044 15157
47970 12045 13840
47971 12045 14070
47972 12045 15440
47973 12045 15445
47974 12045 15465
47975 12046 14265
47976 12046 17480
47977 12047 14620
47978 12047 14623
47979 12047 14627
47980 12047 16077
47981 12050 12436
47982 12050 14454
47983 12050 16186
47984 12050 16287
47985 12051 12349
47986 12051 19714
47987 12053 12055
47988 12053 17419
47989 12053 17487
47990 12055 16624
47991 12056 13892
47992 12056 16030
47993 12056 16767
47994 12056 18169
47995 12058 14631
47996 12058 18641
47997 12059 16839
47998 12059 18836
47999 12060 14246
48000 12060 18167
48001 12061 14631
48002 12062 13545
48003 12062 15838
48004 12062 19156
48005 12063 14200
48006 12063 15615
48007 12064 12851
48008 12064 14320
48009 12065 15378
48010 12065 18248
48011 12066 15335
48012 12066 18865
48013 12067 13965
48014 12069 14291
48015 12069 15470
48016 12069 15715
48017 12070 19572
48018 12072 16707
48019 12072 19979
48020 12073 14761
48021 12073 19784
48022 12074 15619
48023 12074 16132
48024 12075 13243
48025 12075 16839
48026 12075 18836
48027 12075 19131
48028 12076 12677
48029 12076 13528
48030 12077 13288
48031 12077 13904
48032 12077 15613
48033 12078 16831
48034 12078 18352
48035 12079 12100
48036 12080 13588
48037 12080 14276
48038 12080 16296
48039 12081 16719
48040 12081 17060
48041 12082 14159
48042 12082 16963
48043 12083 16963
48044 12084 19503
48045 12085 16904
48046 12086 16576
48047 12089 13037
48048 12089 13060
48049 12089 18396
48050 12089 19498
48051 12092 14598
48052 12092 16447
48053 12092 16928
48054 12093 16924
48055 12095 16807
48056 12095 19492
48057 12096 12318
48058 12096 18076
48059 12096 19276
48060 12097 13968
48061 12097 14091
48062 12097 14186
48063 12097 16899
48064 12097 16926
48065 12097 19856
48066 12098 12111
48067 12098 15183
48068 12098 16663
48069 12098 16774
48070 12103 12500
48071 12104 16646
48072 12104 16659
48073 12104 18019
48074 12104 19430
48075 12105 18556
48076 12105 19397
48077 12107 17420
48078 12107 18461
48079 12108 12476
48080 12108 15390
48081 12109 14246
48082 12109 15958
48083 12109 16470
48084 12109 16559
48085 12110 12874
48086 12110 19694
48087 12111 15183
48088 12111 16024
48089 12111 16774
48090 12111 19014
48091 12112 14081
48092 12112 19884
48093 12113 14789
48094 12113 15102
48095 12114 15695
48096 12114 18928
48097 12115 15032
48098 12115 16200
48099 12115 17758
48100 12115 18198
48101 12116 17204
48102 12116 17472
48103 12116 18285
48104 12116 18532
48105 12116 19448
48106 12117 13576
48107 12118 15871
48108 12118 16225
48109 12119 15311
48110 12119 17614
48111 12120 15941
48112 12120 17503
48113 12120 17826
48114 12120 18326
48115 12121 14278
48116 12121 16556
48117 12121 17586
48118 12122 13646
48119 12122 17971
48120 12123 17384
48121 12123 18418
48122 12124 17732
48123 12125 12127
48124 12125 16115
48125 12125 16665
48126 12126 12484
48127 12126 13665
48128 12126 16571
48129 12126 17582
48130 12127 12133
48131 12127 16424
48132 12127 16428
48133 12128 15474
48134 12129 16424
48135 12129 16426
48136 12129 16427
48137 12129 18802
48138 12130 12781
48139 12130 14459
48140 12130 16758
48141 12130 17482
48142 12131 18313
48143 12132 13923
48144 12132 18783
48145 12132 19427
48146 12132 19443
48147 12133 16424
48148 12133 16428
48149 12133 18802
48150 12134 13497
48151 12134 13634
48152 12134 16421
48153 12134 18928
48154 12135 12137
48155 12135 14102
48156 12135 18489
48157 12135 18911
48158 12136 12823
48159 12136 13104
48160 12136 13164
48161 12136 18330
48162 12136 19068
48163 12137 13457
48164 12137 14102
48165 12138 13637
48166 12138 19428
48167 12139 13637
48168 12139 17019
48169 12140 17927
48170 12140 18243
48171 12140 18590
48172 12140 18756
48173 12141 12324
48174 12141 12784
48175 12141 13411
48176 12141 16644
48177 12141 18279
48178 12142 14802
48179 12142 15324
48180 12143 16091
48181 12143 16547
48182 12143 18203
48183 12143 19463
48184 12144 16794
48185 12144 16843
48186 12144 16917
48187 12144 16961
48188 12144 19233
48189 12145 17132
48190 12145 19322
48191 12146 12148
48192 12146 12647
48193 12146 13593
48194 12146 16411
48195 12147 12262
48196 12147 12278
48197 12147 12425
48198 12147 13686
48199 12147 17443
48200 12148 12149
48201 12148 12647
48202 12148 14981
48203 12148 19419
48204 12149 12153
48205 12149 17310
48206 12149 18488
48207 12149 19419
48208 12150 16357
48209 12150 18945
48210 12150 19726
48211 12151 14562
48212 12151 14822
48213 12151 15019
48214 12151 16064
48215 12151 16068
48216 12152 15822
48217 12152 16732
48218 12152 17479
48219 12152 19442
48220 12153 16410
48221 12153 17282
48222 12153 17310
48223 12153 18488
48224 12154 15291
48225 12154 15800
48226 12154 18669
48227 12154 19434
48228 12155 14230
48229 12156 13912
48230 12156 14725
48231 12156 16953
48232 12156 16996
48233 12157 19148
48234 12157 19215
48235 12157 19283
48236 12157 19697
48237 12158 16419
48238 12158 17864
48239 12158 18294
48240 12159 14882
48241 12159 16001
48242 12159 17601
48243 12159 18510
48244 12159 18515
48245 12160 12555
48246 12160 15521
48247 12160 16286
48248 12162 12737
48249 12162 13131
48250 12162 19944
48251 12163 13472
48252 12163 13813
48253 12163 14474
48254 12163 18642
48255 12163 18923
48256 12164 12243
48257 12164 18454
48258 12164 18859
48259 12165 16056
48260 12165 18391
48261 12165 18841
48262 12166 14378
48263 12166 15455
48264 12167 12717
48265 12167 16075
48266 12167 16327
48267 12167 16331
48268 12167 18481
48269 12168 15337
48270 12168 15478
48271 12168 19303
48272 12169 15678
48273 12169 16297
48274 12169 18249
48275 12169 19401
48276 12169 19556
48277 12170 16123
48278 12170 18068
48279 12171 13949
48280 12171 17549
48281 12172 13138
48282 12172 14040
48283 12172 14091
48284 12172 15477
48285 12172 16082
48286 12172 16926
48287 12173 15114
48288 12173 18287
48289 12173 18577
48290 12173 18915
48291 12173 18963
48292 12173 19018
48293 12174 13370
48294 12174 14909
48295 12174 15854
48296 12174 18435
48297 12175 14636
48298 12175 16698
48299 12175 18190
48300 12176 13856
48301 12176 16861
48302 12176 19247
48303 12177 12587
48304 12177 12729
48305 12177 16687
48306 12177 18493
48307 12177 19402
48308 12178 16486
48309 12178 18994
48310 12178 19114
48311 12179 17306
48312 12179 17868
48313 12179 18030
48314 12180 13765
48315 12181 13516
48316 12181 14112
48317 12181 14741
48318 12181 16832
48319 12181 18695
48320 12182 12551
48321 12182 15983
48322 12182 17000
48323 12182 17735
48324 12182 18585
48325 12183 12187
48326 12183 12867
48327 12183 14741
48328 12183 17447
48329 12183 18220
48330 12183 18695
48331 12184 19493
48332 12184 20024
48333 12185 12187
48334 12185 12866
48335 12185 14021
48336 12185 16377
48337 12186 12589
48338 12186 16335
48339 12186 18216
48340 12186 19404
48341 12187 12867
48342 12187 14021
48343 12187 18220
48344 12188 12191
48345 12188 14047
48346 12188 16365
48347 12188 16540
48348 12189 12593
48349 12189 12856
48350 12189 14048
48351 12189 16567
48352 12190 12793
48353 12190 13573
48354 12190 13607
48355 12190 16927
48356 12191 12860
48357 12191 14025
48358 12191 14047
48359 12191 14048
48360 12191 16540
48361 12192 17159
48362 12192 17409
48363 12192 19535
48364 12193 13359
48365 12193 14692
48366 12194 13573
48367 12194 13946
48368 12194 16352
48369 12195 15520
48370 12195 17207
48371 12195 17208
48372 12195 19023
48373 12196 12272
48374 12196 12392
48375 12196 16351
48376 12196 16359
48377 12196 17338
48378 12197 16985
48379 12197 18199
48380 12198 12886
48381 12198 17137
48382 12198 17563
48383 12199 13952
48384 12199 16452
48385 12200 12236
48386 12200 13243
48387 12200 18480
48388 12201 12395
48389 12201 13645
48390 12201 18871
48391 12201 19335
48392 12202 12235
48393 12202 12533
48394 12202 12953
48395 12202 13275
48396 12203 13496
48397 12203 17104
48398 12203 17607
48399 12203 18267
48400 12204 12205
48401 12204 12893
48402 12204 17805
48403 12205 12527
48404 12205 17805
48405 12205 19828
48406 12206 12803
48407 12206 16935
48408 12206 16948
48409 12206 19043
48410 12206 19084
48411 12208 12893
48412 12208 17349
48413 12209 12213
48414 12209 15484
48415 12210 14193
48416 12210 14526
48417 12211 14748
48418 12211 15095
48419 12212 13357
48420 12213 14380
48421 12213 15484
48422 12213 17353
48423 12214 15741
48424 12214 17210
48425 12215 13083
48426 12215 13782
48427 12215 15148
48428 12216 14611
48429 12216 15377
48430 12217 14231
48431 12218 16707
48432 12218 18005
48433 12219 14346
48434 12219 14643
48435 12220 12607
48436 12220 14166
48437 12221 16004
48438 12221 17363
48439 12221 17688
48440 12221 18210
48441 12221 18440
48442 12221 18907
48443 12222 17114
48444 12222 18956
48445 12223 14367
48446 12223 14739
48447 12224 12398
48448 12224 17167
48449 12224 17269
48450 12225 15881
48451 12225 16670
48452 12226 16713
48453 12226 19458
48454 12227 12378
48455 12227 12542
48456 12227 19692
48457 12228 13954
48458 12228 14020
48459 12228 14419
48460 12228 15438
48461 12228 18165
48462 12229 12483
48463 12229 16131
48464 12230 16015
48465 12230 17431
48466 12230 18246
48467 12232 14012
48468 12232 17286
48469 12232 17354
48470 12233 15741
48471 12233 17203
48472 12233 18095
48473 12233 19224
48474 12234 14126
48475 12234 14670
48476 12234 15408
48477 12234 17532
48478 12235 12527
48479 12235 12533
48480 12235 17297
48481 12236 13064
48482 12236 19101
48483 12237 16793
48484 12237 17378
48485 12238 16653
48486 12238 17574
48487 12238 17983
48488 12238 19473
48489 12239 14440
48490 12240 13546
48491 12240 16653
48492 12240 19473
48493 12241 16752
48494 12241 16756
48495 12242 13952
48496 12242 14236
48497 12242 15401
48498 12243 15869
48499 12243 18454
48500 12244 16866
48501 12245 15223
48502 12245 15253
48503 12245 15263
48504 12245 16158
48505 12245 16480
48506 12245 17594
48507 12246 12382
48508 12246 16383
48509 12246 18458
48510 12246 19340
48511 12246 19392
48512 12247 16614
48513 12248 12512
48514 12248 12517
48515 12248 14538
48516 12248 14544
48517 12248 14545
48518 12248 17446
48519 12249 15303
48520 12249 16681
48521 12249 19494
48522 12250 14357
48523 12250 16535
48524 12250 17083
48525 12251 12261
48526 12251 12277
48527 12251 14543
48528 12251 18296
48529 12251 18922
48530 12252 12257
48531 12252 12260
48532 12252 12291
48533 12252 12921
48534 12252 16648
48535 12252 17424
48536 12253 12289
48537 12253 12290
48538 12253 12391
48539 12253 13167
48540 12253 15283
48541 12253 17540
48542 12254 15573
48543 12254 16638
48544 12254 18872
48545 12255 12256
48546 12255 12287
48547 12255 17322
48548 12256 12287
48549 12256 16473
48550 12256 17067
48551 12256 17436
48552 12257 12258
48553 12257 12291
48554 12257 12377
48555 12257 12921
48556 12257 16475
48557 12257 17541
48558 12258 12259
48559 12258 12291
48560 12258 12377
48561 12258 12380
48562 12258 12616
48563 12259 12373
48564 12259 12377
48565 12259 12616
48566 12259 16228
48567 12260 12291
48568 12260 14545
48569 12260 16745
48570 12260 17424
48571 12261 12395
48572 12261 14718
48573 12261 18296
48574 12262 12278
48575 12262 13686
48576 12262 13750
48577 12262 15765
48578 12263 12292
48579 12263 12514
48580 12263 16398
48581 12263 16515
48582 12263 17509
48583 12264 12286
48584 12264 12383
48585 12264 14538
48586 12265 16385
48587 12265 18082
48588 12266 12268
48589 12266 12967
48590 12266 13144
48591 12266 18525
48592 12267 12270
48593 12267 12381
48594 12267 15223
48595 12267 15253
48596 12267 15936
48597 12267 16545
48598 12268 12405
48599 12268 12967
48600 12268 13998
48601 12268 18525
48602 12269 12608
48603 12269 15182
48604 12269 16208
48605 12269 16478
48606 12270 12394
48607 12270 15253
48608 12270 16363
48609 12270 16545
48610 12270 18222
48611 12271 13573
48612 12271 13607
48613 12271 14387
48614 12271 19364
48615 12272 12392
48616 12272 12510
48617 12272 16351
48618 12272 16529
48619 12272 19343
48620 12273 17809
48621 12274 12489
48622 12274 19539
48623 12276 12326
48624 12276 16366
48625 12276 16373
48626 12276 16501
48627 12276 16582
48628 12276 19363
48629 12277 12279
48630 12277 14543
48631 12277 15181
48632 12277 15580
48633 12277 18296
48634 12278 13750
48635 12278 16390
48636 12278 17443
48637 12278 19097
48638 12279 14543
48639 12279 15223
48640 12279 15263
48641 12279 15580
48642 12279 15936
48643 12280 12389
48644 12280 12510
48645 12280 16351
48646 12280 16484
48647 12281 18758
48648 12283 12589
48649 12283 16335
48650 12283 16338
48651 12283 18219
48652 12283 19324
48653 12284 14202
48654 12284 14923
48655 12285 14023
48656 12285 14750
48657 12286 12509
48658 12286 16379
48659 12286 17323
48660 12287 16473
48661 12287 17322
48662 12287 17540
48663 12288 12362
48664 12288 16309
48665 12288 16341
48666 12288 16375
48667 12288 17444
48668 12289 13167
48669 12289 16473
48670 12289 16640
48671 12289 16643
48672 12289 17540
48673 12290 12370
48674 12290 12375
48675 12290 15283
48676 12290 17540
48677 12292 13144
48678 12292 16398
48679 12292 16790
48680 12293 17289
48681 12294 12509
48682 12294 12514
48683 12294 12526
48684 12294 12528
48685 12294 18525
48686 12295 12326
48687 12295 15631
48688 12295 15765
48689 12296 13645
48690 12296 13741
48691 12296 16370
48692 12296 16672
48693 12297 12664
48694 12297 15257
48695 12297 16383
48696 12297 16384
48697 12297 18291
48698 12297 18458
48699 12298 12488
48700 12299 12664
48701 12299 12665
48702 12299 14933
48703 12299 17448
48704 12300 12658
48705 12300 12778
48706 12300 12783
48707 12300 17999
48708 12300 19072
48709 12300 19345
48710 12301 14547
48711 12301 16383
48712 12301 16384
48713 12301 16388
48714 12301 19354
48715 12302 12678
48716 12302 13165
48717 12302 17824
48718 12302 18277
48719 12304 12777
48720 12304 16394
48721 12304 17428
48722 12304 19348
48723 12304 19381
48724 12305 12399
48725 12305 14536
48726 12305 17344
48727 12305 19379
48728 12306 13772
48729 12307 12314
48730 12307 14937
48731 12307 16344
48732 12307 16399
48733 12307 16404
48734 12308 14408
48735 12308 14410
48736 12308 15060
48737 12309 15742
48738 12309 16396
48739 12309 16516
48740 12309 19347
48741 12309 19379
48742 12310 16401
48743 12310 16402
48744 12310 17455
48745 12311 16344
48746 12311 16396
48747 12311 16404
48748 12311 16516
48749 12311 16546
48750 12312 12411
48751 12312 14553
48752 12312 15241
48753 12312 15245
48754 12312 17454
48755 12312 17457
48756 12313 12414
48757 12313 14550
48758 12313 17453
48759 12313 17455
48760 12314 13032
48761 12314 14937
48762 12314 15239
48763 12314 16402
48764 12315 16101
48765 12315 17405
48766 12315 18107
48767 12315 20019
48768 12316 12422
48769 12316 15851
48770 12316 16403
48771 12316 17703
48772 12317 12319
48773 12317 12421
48774 12318 18076
48775 12318 19276
48776 12319 12421
48777 12319 16346
48778 12319 16406
48779 12320 14556
48780 12320 15238
48781 12320 16270
48782 12320 16349
48783 12320 16406
48784 12320 16523
48785 12321 14434
48786 12321 14558
48787 12321 15236
48788 12321 16267
48789 12321 16302
48790 12322 15332
48791 12322 16036
48792 12322 17957
48793 12322 18217
48794 12323 13468
48795 12323 14285
48796 12324 12784
48797 12324 16644
48798 12324 19290
48799 12325 13090
48800 12326 15631
48801 12326 15765
48802 12326 16366
48803 12326 19363
48804 12327 13312
48805 12327 15266
48806 12327 16170
48807 12327 18427
48808 12327 19125
48809 12328 14567
48810 12328 17651
48811 12328 19070
48812 12329 13323
48813 12329 19720
48814 12330 12333
48815 12330 12348
48816 12330 13939
48817 12330 15855
48818 12330 16213
48819 12331 12337
48820 12331 12525
48821 12331 12902
48822 12331 13801
48823 12331 16726
48824 12331 19374
48825 12332 12884
48826 12332 12947
48827 12332 13808
48828 12332 16639
48829 12333 12348
48830 12333 13939
48831 12333 14755
48832 12333 16577
48833 12334 12419
48834 12334 12436
48835 12334 15264
48836 12334 15752
48837 12334 16287
48838 12335 12435
48839 12335 12438
48840 12335 12441
48841 12335 12902
48842 12335 16430
48843 12335 17591
48844 12336 12364
48845 12336 12438
48846 12336 14252
48847 12336 17788
48848 12337 15457
48849 12337 16726
48850 12337 19374
48851 12338 12344
48852 12338 12420
48853 12338 12638
48854 12338 15268
48855 12339 12633
48856 12339 13766
48857 12339 15229
48858 12339 17610
48859 12340 12427
48860 12340 15198
48861 12340 15229
48862 12340 16432
48863 12340 16437
48864 12340 17610
48865 12341 13766
48866 12341 15304
48867 12341 15305
48868 12341 16437
48869 12341 16728
48870 12341 17658
48871 12342 12442
48872 12342 12620
48873 12342 13702
48874 12342 15294
48875 12343 12344
48876 12343 12620
48877 12343 13702
48878 12343 16252
48879 12344 15301
48880 12344 16252
48881 12345 12472
48882 12345 12477
48883 12345 15824
48884 12345 19522
48885 12346 15454
48886 12346 15748
48887 12346 16316
48888 12346 16318
48889 12346 16488
48890 12346 16492
48891 12347 12396
48892 12347 14431
48893 12347 16645
48894 12347 16768
48895 12347 17057
48896 12349 19277
48897 12349 19338
48898 12349 19714
48899 12350 14729
48900 12351 12354
48901 12351 12628
48902 12351 15392
48903 12351 16247
48904 12352 13333
48905 12352 15990
48906 12352 16084
48907 12353 15459
48908 12354 12628
48909 12354 15392
48910 12355 12441
48911 12355 15301
48912 12355 16430
48913 12355 17481
48914 12356 12810
48915 12356 15044
48916 12356 18903
48917 12357 12471
48918 12358 19197
48919 12359 12544
48920 12359 16563
48921 12359 18559
48922 12360 13078
48923 12360 13408
48924 12360 19514
48925 12362 12463
48926 12362 16309
48927 12362 16339
48928 12362 16341
48929 12362 16391
48930 12364 14252
48931 12364 14850
48932 12364 17196
48933 12365 12892
48934 12365 14185
48935 12366 16140
48936 12366 16172
48937 12367 12373
48938 12367 12374
48939 12367 12616
48940 12367 15199
48941 12367 17629
48942 12368 13465
48943 12368 15416
48944 12368 17039
48945 12369 12483
48946 12369 16130
48947 12369 16131
48948 12369 16368
48949 12370 12375
48950 12370 15214
48951 12370 15283
48952 12370 16949
48953 12370 17844
48954 12371 12376
48955 12371 12462
48956 12371 12613
48957 12371 16381
48958 12371 16524
48959 12372 15968
48960 12372 16554
48961 12372 17536
48962 12372 18855
48963 12372 18937
48964 12373 12616
48965 12373 15199
48966 12373 16169
48967 12374 12485
48968 12374 16379
48969 12374 17323
48970 12374 17629
48971 12374 17908
48972 12375 15288
48973 12375 16949
48974 12376 12449
48975 12376 12462
48976 12376 12613
48977 12376 18370
48978 12377 13482
48979 12377 16228
48980 12377 17541
48981 12378 12542
48982 12378 12631
48983 12378 17674
48984 12379 18772
48985 12380 12616
48986 12380 17323
48987 12381 15936
48988 12381 16545
48989 12381 18291
48990 12382 18458
48991 12382 19340
48992 12383 12528
48993 12383 14538
48994 12383 14544
48995 12383 17395
48996 12384 12402
48997 12384 13788
48998 12384 15928
48999 12384 17342
49000 12384 19332
49001 12385 13182
49002 12385 17967
49003 12385 19266
49004 12385 19521
49005 12386 18920
49006 12387 14361
49007 12387 15878
49008 12387 17296
49009 12388 16871
49010 12389 16354
49011 12389 16527
49012 12390 13789
49013 12390 14300
49014 12391 13167
49015 12391 13482
49016 12391 15283
49017 12391 19393
49018 12392 16363
49019 12392 17338
49020 12392 19343
49021 12393 15608
49022 12393 15813
49023 12394 15257
49024 12394 16363
49025 12394 16545
49026 12394 19330
49027 12394 19343
49028 12395 14718
49029 12395 15380
49030 12395 18871
49031 12396 16645
49032 12396 17057
49033 12397 18465
49034 12397 19029
49035 12397 19450
49036 12398 17269
49037 12398 19505
49038 12399 15242
49039 12399 15261
49040 12399 17344
49041 12400 13735
49042 12400 17920
49043 12401 16373
49044 12401 16501
49045 12401 16790
49046 12401 17020
49047 12401 17678
49048 12402 13788
49049 12402 15182
49050 12402 15928
49051 12402 16208
49052 12402 18099
49053 12403 15085
49054 12403 18790
49055 12404 12912
49056 12404 14546
49057 12404 18358
49058 12404 19029
49059 12405 12967
49060 12405 13883
49061 12405 15261
49062 12407 18086
49063 12407 18782
49064 12408 12410
49065 12408 16395
49066 12408 17429
49067 12408 19096
49068 12408 19348
49069 12408 19349
49070 12409 13652
49071 12409 14290
49072 12409 15459
49073 12410 16395
49074 12410 17794
49075 12410 19096
49076 12410 19346
49077 12411 14553
49078 12411 16319
49079 12411 17454
49080 12412 14567
49081 12412 14568
49082 12412 17651
49083 12413 12427
49084 12413 15198
49085 12413 15247
49086 12413 15855
49087 12414 16401
49088 12414 17455
49089 12415 12858
49090 12415 14412
49091 12415 16395
49092 12415 16400
49093 12415 19349
49094 12416 15263
49095 12416 15580
49096 12416 16158
49097 12416 16190
49098 12416 16776
49099 12416 17399
49100 12417 13114
49101 12417 13385
49102 12417 13988
49103 12417 14461
49104 12417 17595
49105 12417 18395
49106 12418 14215
49107 12418 14219
49108 12418 14229
49109 12418 14667
49110 12419 13801
49111 12419 15264
49112 12419 15277
49113 12419 15752
49114 12420 15268
49115 12420 15277
49116 12420 17481
49117 12421 14556
49118 12421 16406
49119 12422 14555
49120 12422 16336
49121 12422 16369
49122 12422 16403
49123 12422 17703
49124 12423 13225
49125 12424 14557
49126 12424 16260
49127 12424 17897
49128 12425 16476
49129 12425 17443
49130 12425 19392
49131 12426 15276
49132 12426 16841
49133 12427 15198
49134 12427 16432
49135 12429 14841
49136 12429 19650
49137 12430 12997
49138 12430 12998
49139 12430 15889
49140 12431 13698
49141 12431 17886
49142 12431 18367
49143 12432 13124
49144 12433 13530
49145 12433 18311
49146 12433 19864
49147 12434 14485
49148 12434 14488
49149 12434 15164
49150 12435 12637
49151 12435 12902
49152 12435 16726
49153 12435 17591
49154 12435 17661
49155 12436 15244
49156 12436 15264
49157 12436 16287
49158 12437 14625
49159 12437 15251
49160 12437 17561
49161 12437 18885
49162 12438 16430
49163 12438 17591
49164 12439 14100
49165 12439 14414
49166 12439 14427
49167 12440 12641
49168 12440 12660
49169 12440 14187
49170 12440 16096
49171 12440 17071
49172 12441 12525
49173 12441 12902
49174 12441 16430
49175 12441 17481
49176 12442 15304
49177 12442 16246
49178 12442 18189
49179 12443 19680
49180 12443 19752
49181 12444 16291
49182 12444 19581
49183 12445 17836
49184 12446 14232
49185 12446 16735
49186 12446 18321
49187 12447 14695
49188 12447 18150
49189 12448 18021
49190 12448 18335
49191 12448 18594
49192 12448 18617
49193 12448 18672
49194 12449 12462
49195 12449 12556
49196 12449 16305
49197 12449 16460
49198 12449 18370
49199 12450 15902
49200 12450 16751
49201 12450 18132
49202 12451 13064
49203 12451 15620
49204 12451 19058
49205 12452 18614
49206 12452 18990
49207 12453 13756
49208 12453 13772
49209 12453 15460
49210 12454 15069
49211 12454 16615
49212 12454 20038
49213 12455 12480
49214 12455 15214
49215 12455 16171
49216 12455 17699
49217 12455 17844
49218 12456 12558
49219 12456 13696
49220 12456 15287
49221 12456 16130
49222 12456 17625
49223 12457 18186
49224 12457 18874
49225 12457 19319
49226 12458 12558
49227 12458 12617
49228 12458 16147
49229 12458 16594
49230 12458 17638
49231 12459 12769
49232 12459 12830
49233 12459 13107
49234 12459 13135
49235 12459 19059
49236 12460 13119
49237 12460 20020
49238 12461 18721
49239 12462 16289
49240 12462 16381
49241 12462 16460
49242 12463 16154
49243 12463 16156
49244 12463 16339
49245 12463 16391
49246 12464 12668
49247 12464 16312
49248 12464 16505
49249 12464 16506
49250 12465 13177
49251 12465 13742
49252 12466 13846
49253 12466 16596
49254 12466 19277
49255 12467 12694
49256 12467 14598
49257 12468 12470
49258 12468 13406
49259 12468 15317
49260 12468 16818
49261 12468 19212
49262 12469 13383
49263 12469 14926
49264 12470 13325
49265 12470 16818
49266 12470 19212
49267 12471 15963
49268 12472 12477
49269 12472 15990
49270 12473 13433
49271 12473 16052
49272 12473 19850
49273 12474 16142
49274 12474 17634
49275 12475 15971
49276 12475 18517
49277 12475 19168
49278 12475 19387
49279 12476 14466
49280 12476 14771
49281 12476 15390
49282 12477 15990
49283 12477 16084
49284 12477 19522
49285 12478 12565
49286 12479 12868
49287 12479 13057
49288 12479 13594
49289 12479 18235
49290 12479 18727
49291 12479 18951
49292 12480 16133
49293 12480 16171
49294 12480 16232
49295 12480 16509
49296 12480 17699
49297 12481 19083
49298 12482 12930
49299 12482 12932
49300 12482 13109
49301 12482 17812
49302 12483 16130
49303 12483 16131
49304 12484 16571
49305 12485 12826
49306 12485 17629
49307 12485 17908
49308 12486 18983
49309 12487 13685
49310 12487 18530
49311 12487 18910
49312 12488 16874
49313 12488 19616
49314 12489 17878
49315 12489 19539
49316 12490 13887
49317 12490 15582
49318 12490 15847
49319 12490 16884
49320 12492 12922
49321 12492 19849
49322 12492 19867
49323 12493 15188
49324 12493 16870
49325 12494 13488
49326 12494 16637
49327 12494 18917
49328 12494 19477
49329 12495 12772
49330 12495 13450
49331 12495 16268
49332 12495 18351
49333 12496 13882
49334 12496 15584
49335 12496 19595
49336 12497 12579
49337 12497 14604
49338 12497 14703
49339 12497 15170
49340 12498 15363
49341 12499 13938
49342 12499 14043
49343 12499 18038
49344 12501 13117
49345 12501 14603
49346 12501 18460
49347 12501 18933
49348 12501 19391
49349 12502 17085
49350 12502 18941
49351 12504 17783
49352 12505 13779
49353 12505 16760
49354 12506 15609
49355 12506 18602
49356 12506 19177
49357 12507 16928
49358 12507 17829
49359 12508 16223
49360 12508 16376
49361 12508 17020
49362 12508 18871
49363 12509 12526
49364 12509 12528
49365 12509 16379
49366 12509 17346
49367 12510 16351
49368 12510 16529
49369 12510 18465
49370 12511 13572
49371 12511 16370
49372 12511 16513
49373 12511 18922
49374 12511 19333
49375 12511 19335
49376 12512 12517
49377 12512 14717
49378 12512 17161
49379 12512 17446
49380 12513 15061
49381 12513 15103
49382 12514 12528
49383 12514 17395
49384 12514 17509
49385 12515 19417
49386 12515 19675
49387 12516 12657
49388 12516 14237
49389 12516 18994
49390 12517 12521
49391 12517 14545
49392 12517 14717
49393 12517 16745
49394 12518 12609
49395 12518 12612
49396 12518 12862
49397 12518 12923
49398 12518 13997
49399 12518 19324
49400 12519 12520
49401 12519 16718
49402 12519 17058
49403 12519 17520
49404 12520 13667
49405 12520 16702
49406 12520 16715
49407 12520 16789
49408 12520 17520
49409 12521 14717
49410 12521 16654
49411 12521 16666
49412 12521 16745
49413 12521 17066
49414 12522 12524
49415 12522 12609
49416 12522 12848
49417 12522 13997
49418 12522 17422
49419 12523 15051
49420 12523 17453
49421 12523 18127
49422 12523 18261
49423 12523 19375
49424 12524 12605
49425 12524 12848
49426 12524 12920
49427 12525 12902
49428 12525 13801
49429 12525 17481
49430 12526 13998
49431 12526 17346
49432 12526 18525
49433 12527 12533
49434 12527 19828
49435 12528 17395
49436 12529 12891
49437 12530 12571
49438 12530 12717
49439 12530 13556
49440 12530 15355
49441 12530 18987
49442 12532 18969
49443 12533 12570
49444 12533 12953
49445 12534 12574
49446 12534 12585
49447 12534 12588
49448 12534 12598
49449 12534 12916
49450 12534 13867
49451 12534 19326
49452 12535 18751
49453 12535 18813
49454 12537 14836
49455 12538 12839
49456 12538 13725
49457 12538 14812
49458 12538 19160
49459 12539 18186
49460 12539 19610
49461 12540 12575
49462 12540 12909
49463 12540 12943
49464 12540 19321
49465 12541 15899
49466 12541 15957
49467 12541 16463
49468 12541 19323
49469 12542 12631
49470 12542 19909
49471 12543 13394
49472 12543 16357
49473 12543 18134
49474 12543 18518
49475 12543 18945
49476 12544 14396
49477 12544 16563
49478 12544 18042
49479 12545 14833
49480 12545 15511
49481 12545 18499
49482 12546 13202
49483 12546 14079
49484 12546 16230
49485 12546 18332
49486 12547 15429
49487 12548 15499
49488 12548 16127
49489 12549 16455
49490 12549 17371
49491 12549 17630
49492 12550 15693
49493 12551 17000
49494 12551 19394
49495 12551 19675
49496 12552 13975
49497 12552 14005
49498 12552 15888
49499 12553 13901
49500 12553 14082
49501 12554 16157
49502 12554 16159
49503 12554 16292
49504 12554 16295
49505 12555 16286
49506 12555 16288
49507 12556 16165
49508 12556 16265
49509 12556 16305
49510 12556 18370
49511 12557 12560
49512 12557 12888
49513 12557 13542
49514 12557 14821
49515 12557 18441
49516 12558 12617
49517 12558 15287
49518 12558 16594
49519 12560 12888
49520 12560 14821
49521 12560 15372
49522 12560 18475
49523 12561 12617
49524 12561 15287
49525 12561 16128
49526 12561 17630
49527 12561 17646
49528 12562 12683
49529 12562 13029
49530 12562 15636
49531 12562 17032
49532 12563 13016
49533 12563 15592
49534 12563 17998
49535 12563 18878
49536 12563 18881
49537 12563 19020
49538 12564 14224
49539 12564 16236
49540 12565 14401
49541 12565 14926
49542 12565 16495
49543 12565 17880
49544 12566 12584
49545 12567 12965
49546 12567 13122
49547 12567 15675
49548 12567 19726
49549 12568 13544
49550 12568 18660
49551 12569 14812
49552 12569 15591
49553 12569 19160
49554 12570 12953
49555 12571 13556
49556 12571 17366
49557 12571 18987
49558 12571 19321
49559 12572 15591
49560 12572 17783
49561 12573 12899
49562 12573 16465
49563 12574 12580
49564 12574 12585
49565 12574 12970
49566 12574 17648
49567 12574 19326
49568 12575 17366
49569 12576 13123
49570 12576 15357
49571 12576 15870
49572 12576 16490
49573 12576 17881
49574 12577 14356
49575 12577 14818
49576 12577 15423
49577 12577 17214
49578 12578 17679
49579 12578 19912
49580 12578 19936
49581 12579 14599
49582 12579 14604
49583 12579 14703
49584 12580 12581
49585 12580 12733
49586 12580 12970
49587 12580 17648
49588 12580 18483
49589 12581 12596
49590 12581 15355
49591 12581 16331
49592 12581 17648
49593 12581 18483
49594 12582 15399
49595 12582 16849
49596 12582 18587
49597 12583 14491
49598 12583 15362
49599 12583 16266
49600 12584 13276
49601 12584 15157
49602 12585 12598
49603 12585 12970
49604 12585 14112
49605 12585 16832
49606 12586 13498
49607 12586 19311
49608 12587 15347
49609 12587 15602
49610 12587 15679
49611 12587 16687
49612 12587 20015
49613 12588 12972
49614 12588 13867
49615 12588 19326
49616 12589 12862
49617 12589 16335
49618 12589 18216
49619 12589 19324
49620 12590 12636
49621 12590 13784
49622 12590 15202
49623 12591 12835
49624 12591 15957
49625 12591 16463
49626 12591 19891
49627 12592 12830
49628 12592 14722
49629 12592 15640
49630 12592 19059
49631 12592 19060
49632 12592 19317
49633 12593 12864
49634 12593 14048
49635 12593 16567
49636 12593 17245
49637 12594 12911
49638 12594 13994
49639 12594 17794
49640 12594 19346
49641 12594 19357
49642 12594 19375
49643 12595 13425
49644 12595 14010
49645 12596 12914
49646 12596 15355
49647 12596 16210
49648 12596 17648
49649 12596 18987
49650 12597 12856
49651 12597 14027
49652 12597 16567
49653 12597 19325
49654 12598 12599
49655 12598 12916
49656 12598 16832
49657 12599 12916
49658 12599 12917
49659 12599 14741
49660 12599 16832
49661 12599 19328
49662 12600 12730
49663 12600 13497
49664 12600 17789
49665 12600 18057
49666 12602 15994
49667 12602 17710
49668 12603 18893
49669 12603 18955
49670 12604 17691
49671 12604 18485
49672 12605 12848
49673 12605 12866
49674 12605 12920
49675 12605 14021
49676 12606 12849
49677 12606 14124
49678 12606 19455
49679 12607 14166
49680 12607 17447
49681 12608 16078
49682 12608 16208
49683 12608 16478
49684 12608 19344
49685 12609 12848
49686 12609 12862
49687 12609 13997
49688 12609 14018
49689 12610 15279
49690 12610 15281
49691 12610 16163
49692 12610 16166
49693 12611 15281
49694 12611 15282
49695 12611 17897
49696 12611 18022
49697 12612 12840
49698 12612 12923
49699 12612 13872
49700 12612 13997
49701 12613 14558
49702 12613 16302
49703 12614 16323
49704 12614 17268
49705 12614 17293
49706 12614 17708
49707 12614 17790
49708 12615 16272
49709 12615 16518
49710 12615 18481
49711 12615 19445
49712 12617 15287
49713 12618 12840
49714 12618 13870
49715 12618 13873
49716 12618 19316
49717 12618 19618
49718 12619 16045
49719 12619 19681
49720 12619 19683
49721 12620 12638
49722 12620 13702
49723 12621 13527
49724 12621 19410
49725 12621 19431
49726 12622 13470
49727 12622 16254
49728 12622 17050
49729 12624 13511
49730 12624 13925
49731 12624 13927
49732 12625 14779
49733 12625 19825
49734 12626 17242
49735 12626 19159
49736 12627 12662
49737 12627 12821
49738 12627 14237
49739 12627 19345
49740 12627 19481
49741 12628 17788
49742 12629 12831
49743 12629 13845
49744 12629 16439
49745 12629 17546
49746 12630 15698
49747 12630 16015
49748 12630 16986
49749 12631 15448
49750 12631 17674
49751 12631 19899
49752 12631 19909
49753 12632 14367
49754 12632 15243
49755 12632 15433
49756 12632 17290
49757 12633 13766
49758 12633 16244
49759 12633 16722
49760 12634 13662
49761 12634 14613
49762 12634 16631
49763 12634 17049
49764 12635 12659
49765 12635 12776
49766 12635 13445
49767 12636 12638
49768 12636 15268
49769 12636 16387
49770 12637 15457
49771 12637 16726
49772 12637 17152
49773 12637 17560
49774 12637 17661
49775 12638 15268
49776 12638 16387
49777 12639 16616
49778 12639 17369
49779 12639 19451
49780 12640 15648
49781 12641 13447
49782 12641 14187
49783 12641 19063
49784 12642 16483
49785 12642 18277
49786 12642 19561
49787 12643 13271
49788 12643 13297
49789 12643 19848
49790 12644 17576
49791 12645 16362
49792 12647 13388
49793 12647 14981
49794 12647 16411
49795 12647 17604
49796 12649 16586
49797 12649 16603
49798 12649 17194
49799 12650 13041
49800 12650 18974
49801 12650 18976
49802 12651 19022
49803 12652 14917
49804 12653 12797
49805 12653 17956
49806 12653 18343
49807 12654 12799
49808 12654 13443
49809 12654 17818
49810 12654 17819
49811 12654 18342
49812 12655 12908
49813 12655 13374
49814 12655 16483
49815 12655 17818
49816 12655 19561
49817 12656 12817
49818 12656 13409
49819 12656 17599
49820 12656 18275
49821 12656 18278
49822 12656 19351
49823 12657 12675
49824 12657 19290
49825 12658 12759
49826 12658 12778
49827 12658 12783
49828 12658 13027
49829 12658 17599
49830 12659 19192
49831 12660 12780
49832 12660 16096
49833 12660 18067
49834 12661 13027
49835 12661 15596
49836 12661 18450
49837 12661 19360
49838 12662 12663
49839 12662 12778
49840 12662 12821
49841 12662 17642
49842 12662 19345
49843 12662 19356
49844 12663 12778
49845 12663 13027
49846 12663 17642
49847 12664 12665
49848 12664 15257
49849 12664 16384
49850 12665 16543
49851 12665 17448
49852 12666 12672
49853 12666 17507
49854 12666 17804
49855 12667 16235
49856 12667 16295
49857 12667 16298
49858 12667 16300
49859 12667 17585
49860 12668 16477
49861 12668 16505
49862 12668 17686
49863 12669 12682
49864 12669 12698
49865 12669 13442
49866 12669 16198
49867 12669 18918
49868 12670 12912
49869 12670 14546
49870 12670 14933
49871 12671 13709
49872 12671 14550
49873 12671 15742
49874 12672 12817
49875 12672 17753
49876 12672 18278
49877 12672 18906
49878 12673 14073
49879 12673 17327
49880 12674 14555
49881 12674 16403
49882 12675 13477
49883 12675 16093
49884 12675 19290
49885 12676 14547
49886 12676 15250
49887 12676 16388
49888 12676 17428
49889 12676 18466
49890 12676 19381
49891 12677 13528
49892 12677 17774
49893 12677 17837
49894 12678 16160
49895 12678 17824
49896 12678 18201
49897 12679 12680
49898 12679 12794
49899 12679 13477
49900 12679 16093
49901 12679 17496
49902 12680 16093
49903 12680 16414
49904 12680 17450
49905 12681 12782
49906 12681 16179
49907 12681 17804
49908 12681 18295
49909 12682 13188
49910 12682 16151
49911 12682 16198
49912 12682 18892
49913 12683 13029
49914 12684 12685
49915 12684 12686
49916 12684 12688
49917 12684 17771
49918 12684 18575
49919 12684 18576
49920 12685 18376
49921 12685 18576
49922 12686 12688
49923 12686 17771
49924 12686 19052
49925 12686 19337
49926 12687 12696
49927 12687 13070
49928 12687 15621
49929 12687 18572
49930 12688 19013
49931 12688 19035
49932 12688 19052
49933 12689 13365
49934 12689 13434
49935 12689 16149
49936 12689 18355
49937 12690 12693
49938 12690 12771
49939 12690 19336
49940 12691 12696
49941 12691 12738
49942 12691 13847
49943 12691 15621
49944 12692 12768
49945 12692 13240
49946 12692 13434
49947 12692 16149
49948 12693 13223
49949 12693 19183
49950 12693 19336
49951 12693 19352
49952 12694 15022
49953 12695 16138
49954 12695 17680
49955 12695 17767
49956 12695 18369
49957 12696 13070
49958 12696 15621
49959 12696 19194
49960 12697 12699
49961 12697 13179
49962 12697 18574
49963 12698 13046
49964 12698 16198
49965 12698 18918
49966 12698 19339
49967 12698 19873
49968 12699 18574
49969 12699 20008
49970 12700 12710
49971 12700 16012
49972 12700 16453
49973 12700 17627
49974 12700 18231
49975 12701 17627
49976 12701 19240
49977 12701 19655
49978 12702 12752
49979 12702 19234
49980 12703 14564
49981 12704 12705
49982 12704 12739
49983 12704 12901
49984 12704 14777
49985 12705 14777
49986 12705 18533
49987 12705 19240
49988 12706 12904
49989 12706 13105
49990 12706 14456
49991 12706 16257
49992 12706 18387
49993 12707 12748
49994 12707 13559
49995 12707 13560
49996 12707 17619
49997 12708 13562
49998 12708 15892
49999 12708 16104
50000 12709 16249
50001 12710 13567
50002 12710 16012
50003 12710 17616
50004 12710 17626
50005 12710 17627
50006 12711 18353
50007 12712 12787
50008 12712 13585
50009 12712 15191
50010 12712 15626
50011 12713 13555
50012 12713 15767
50013 12713 16108
50014 12713 16119
50015 12713 19120
50016 12714 13390
50017 12714 15624
50018 12714 15724
50019 12714 16153
50020 12714 16283
50021 12714 19418
50022 12715 12787
50023 12715 13585
50024 12715 16107
50025 12715 16109
50026 12715 16196
50027 12715 19246
50028 12716 12882
50029 12716 15539
50030 12717 13556
50031 12717 15355
50032 12717 16327
50033 12717 16331
50034 12718 15913
50035 12718 16482
50036 12718 17517
50037 12719 15599
50038 12720 12881
50039 12720 12883
50040 12720 12885
50041 12720 18412
50042 12720 19104
50043 12720 19106
50044 12721 12723
50045 12721 13553
50046 12721 19242
50047 12721 19255
50048 12722 13153
50049 12722 13416
50050 12722 16118
50051 12723 13067
50052 12723 14259
50053 12723 19034
50054 12724 12766
50055 12724 13795
50056 12724 16092
50057 12724 19193
50058 12725 12735
50059 12725 13013
50060 12726 19636
50061 12727 15846
50062 12727 18656
50063 12728 15602
50064 12728 15679
50065 12728 19398
50066 12728 19399
50067 12729 13521
50068 12729 16607
50069 12729 18493
50070 12729 19402
50071 12729 19408
50072 12730 13497
50073 12730 17789
50074 12730 18811
50075 12731 15613
50076 12732 15383
50077 12733 12970
50078 12733 13499
50079 12733 15369
50080 12733 16518
50081 12733 18483
50082 12734 13112
50083 12734 16164
50084 12734 19053
50085 12735 19734
50086 12736 12852
50087 12736 13103
50088 12736 16453
50089 12736 18003
50090 12736 19794
50091 12737 12773
50092 12737 13131
50093 12737 13136
50094 12737 13226
50095 12737 19944
50096 12738 13795
50097 12738 13847
50098 12739 12898
50099 12739 12901
50100 12739 14777
50101 12739 16105
50102 12739 18233
50103 12740 16108
50104 12740 16110
50105 12740 18247
50106 12740 19880
50107 12741 12901
50108 12741 18003
50109 12741 18231
50110 12741 18390
50111 12742 16124
50112 12742 18236
50113 12742 18238
50114 12742 18392
50115 12742 18405
50116 12743 13158
50117 12743 13413
50118 12743 16119
50119 12743 18995
50120 12743 19120
50121 12744 13139
50122 12745 16126
50123 12745 17669
50124 12745 19858
50125 12746 12898
50126 12746 13246
50127 12746 18233
50128 12746 18236
50129 12746 18238
50130 12746 19054
50131 12746 19055
50132 12747 13061
50133 12747 13146
50134 12747 14207
50135 12747 19254
50136 12748 12890
50137 12748 13560
50138 12748 18237
50139 12748 18392
50140 12749 12887
50141 12749 13560
50142 12749 16107
50143 12749 18410
50144 12750 12761
50145 12750 13352
50146 12750 15626
50147 12750 19108
50148 12751 12773
50149 12751 13567
50150 12751 15892
50151 12751 16104
50152 12751 17616
50153 12751 17696
50154 12752 15612
50155 12752 18591
50156 12752 19234
50157 12753 13939
50158 12753 14755
50159 12753 16168
50160 12753 16180
50161 12754 16875
50162 12754 17041
50163 12755 13352
50164 12755 19062
50165 12755 19106
50166 12755 19108
50167 12757 13653
50168 12757 15982
50169 12757 19518
50170 12758 17361
50171 12759 12783
50172 12759 17599
50173 12759 19351
50174 12760 12796
50175 12760 13046
50176 12760 13168
50177 12760 15835
50178 12760 19339
50179 12761 12881
50180 12761 18413
50181 12761 19108
50182 12762 12767
50183 12762 12883
50184 12762 15587
50185 12762 15767
50186 12762 18412
50187 12762 18414
50188 12762 18417
50189 12763 16747
50190 12763 18432
50191 12763 18653
50192 12764 16018
50193 12764 16576
50194 12765 15446
50195 12765 15516
50196 12765 18379
50197 12765 19382
50198 12766 13843
50199 12766 16935
50200 12766 19084
50201 12766 19193
50202 12767 15625
50203 12767 18412
50204 12767 18414
50205 12767 19060
50206 12767 19102
50207 12768 13063
50208 12768 16149
50209 12768 18273
50210 12769 12830
50211 12769 13135
50212 12769 14311
50213 12769 15625
50214 12769 18415
50215 12770 13554
50216 12770 16892
50217 12770 18415
50218 12770 19100
50219 12771 16149
50220 12771 18273
50221 12772 14909
50222 12772 16268
50223 12772 17994
50224 12772 19145
50225 12773 15892
50226 12773 17616
50227 12773 19944
50228 12774 13574
50229 12774 17461
50230 12775 13187
50231 12775 19230
50232 12776 13445
50233 12776 17753
50234 12777 15250
50235 12777 17429
50236 12777 19097
50237 12777 19348
50238 12777 19381
50239 12778 13027
50240 12778 19345
50241 12779 12785
50242 12779 13412
50243 12779 16414
50244 12779 17600
50245 12779 18280
50246 12780 12816
50247 12780 13409
50248 12780 16096
50249 12780 18067
50250 12780 18275
50251 12781 13522
50252 12781 16664
50253 12781 16758
50254 12782 13173
50255 12782 16160
50256 12782 16179
50257 12782 17804
50258 12783 12784
50259 12783 17999
50260 12784 17999
50261 12785 17600
50262 12785 18280
50263 12786 16152
50264 12786 18067
50265 12786 19066
50266 12787 13585
50267 12787 16196
50268 12787 17862
50269 12788 16642
50270 12788 17171
50271 12788 17211
50272 12788 17265
50273 12788 17291
50274 12789 14350
50275 12789 16360
50276 12790 16414
50277 12790 16644
50278 12790 17450
50279 12790 17862
50280 12790 18279
50281 12790 18280
50282 12791 13065
50283 12791 15623
50284 12791 19037
50285 12792 16096
50286 12792 17071
50287 12792 18275
50288 12792 18278
50289 12792 18906
50290 12793 13879
50291 12793 16347
50292 12793 16927
50293 12793 19092
50294 12794 13412
50295 12794 15265
50296 12794 15650
50297 12794 17496
50298 12795 19088
50299 12795 19091
50300 12795 19237
50301 12796 13168
50302 12796 18206
50303 12796 18372
50304 12797 16188
50305 12797 16189
50306 12798 13851
50307 12798 16810
50308 12798 18817
50309 12799 13382
50310 12799 18342
50311 12799 18343
50312 12800 13010
50313 12800 16162
50314 12800 18948
50315 12801 14753
50316 12802 12807
50317 12802 12809
50318 12802 15738
50319 12802 15908
50320 12803 19043
50321 12803 19084
50322 12803 19087
50323 12804 19310
50324 12805 13043
50325 12805 15637
50326 12805 16948
50327 12805 19043
50328 12805 19085
50329 12806 16723
50330 12806 17190
50331 12806 17240
50332 12806 19424
50333 12807 12809
50334 12807 12952
50335 12807 18174
50336 12807 19087
50337 12808 18255
50338 12808 18998
50339 12809 12952
50340 12809 15738
50341 12809 19057
50342 12812 13538
50343 12812 14950
50344 12813 14384
50345 12813 17402
50346 12814 13605
50347 12814 16985
50348 12815 17756
50349 12815 19075
50350 12815 19079
50351 12816 13409
50352 12816 13411
50353 12816 18067
50354 12817 18278
50355 12818 18409
50356 12818 19078
50357 12818 19079
50358 12818 19176
50359 12819 12822
50360 12819 13457
50361 12819 13739
50362 12819 15596
50363 12819 16179
50364 12819 18450
50365 12820 14185
50366 12820 15345
50367 12820 15722
50368 12820 17127
50369 12821 19356
50370 12821 19481
50371 12822 13739
50372 12822 15596
50373 12822 18094
50374 12823 15379
50375 12823 18330
50376 12824 15267
50377 12824 17723
50378 12825 15980
50379 12825 16161
50380 12825 17859
50381 12826 16504
50382 12826 17629
50383 12827 13025
50384 12827 13106
50385 12827 15638
50386 12827 18016
50387 12828 12829
50388 12828 12832
50389 12828 13731
50390 12829 12831
50391 12829 12832
50392 12829 19329
50393 12830 15625
50394 12830 19059
50395 12830 19060
50396 12831 12832
50397 12831 16438
50398 12831 16439
50399 12832 16438
50400 12832 17501
50401 12833 12836
50402 12833 12885
50403 12833 15640
50404 12833 19102
50405 12835 16463
50406 12835 19388
50407 12836 13108
50408 12836 15640
50409 12837 16466
50410 12837 17306
50411 12838 12841
50412 12838 13118
50413 12838 17914
50414 12839 13725
50415 12839 18609
50416 12840 12923
50417 12840 13870
50418 12840 13872
50419 12840 19316
50420 12841 15633
50421 12841 17053
50422 12842 12990
50423 12842 15369
50424 12842 16272
50425 12842 19441
50426 12842 19493
50427 12844 15750
50428 12845 14387
50429 12845 14792
50430 12845 15609
50431 12845 17644
50432 12845 17808
50433 12845 19640
50434 12846 13100
50435 12846 13152
50436 12846 18950
50437 12846 19054
50438 12846 19055
50439 12847 18290
50440 12848 12866
50441 12848 14018
50442 12849 14124
50443 12849 16377
50444 12850 13101
50445 12850 13246
50446 12850 19053
50447 12850 19055
50448 12851 14320
50449 12851 15615
50450 12851 17333
50451 12852 13102
50452 12852 13103
50453 12852 13136
50454 12853 14142
50455 12854 15839
50456 12854 19935
50457 12855 13102
50458 12855 13103
50459 12855 16164
50460 12855 18713
50461 12855 18946
50462 12856 14050
50463 12856 16567
50464 12857 15738
50465 12857 19041
50466 12857 19089
50467 12858 14411
50468 12858 14412
50469 12859 15280
50470 12859 19039
50471 12860 14025
50472 12860 16209
50473 12861 19806
50474 12862 14018
50475 12862 18216
50476 12862 19324
50477 12863 17249
50478 12863 17763
50479 12863 18841
50480 12864 14036
50481 12864 15354
50482 12864 17245
50483 12864 18219
50484 12866 14018
50485 12866 14021
50486 12867 14021
50487 12867 14741
50488 12867 19328
50489 12868 12954
50490 12868 13057
50491 12868 18309
50492 12868 18727
50493 12869 13763
50494 12869 13941
50495 12869 14869
50496 12869 18436
50497 12869 19661
50498 12870 13202
50499 12870 13255
50500 12870 17843
50501 12871 13814
50502 12871 15159
50503 12871 15729
50504 12872 15388
50505 12872 15985
50506 12873 15605
50507 12873 16121
50508 12873 16449
50509 12873 17172
50510 12873 18314
50511 12875 13133
50512 12875 15623
50513 12875 19034
50514 12875 19037
50515 12875 19094
50516 12876 12993
50517 12876 15998
50518 12876 19912
50519 12877 16743
50520 12878 13725
50521 12878 16606
50522 12878 17679
50523 12878 19936
50524 12879 17182
50525 12879 17407
50526 12881 18413
50527 12881 19104
50528 12881 19106
50529 12881 19108
50530 12883 13555
50531 12883 15767
50532 12883 18412
50533 12883 19104
50534 12884 13808
50535 12884 16639
50536 12884 17867
50537 12884 18341
50538 12885 18412
50539 12885 19102
50540 12885 19106
50541 12886 15703
50542 12886 17137
50543 12887 13560
50544 12887 17053
50545 12887 18237
50546 12888 12969
50547 12888 13542
50548 12888 15372
50549 12889 13129
50550 12889 14473
50551 12889 17595
50552 12889 18978
50553 12890 18179
50554 12890 18237
50555 12890 18392
50556 12890 18405
50557 12891 14155
50558 12891 18151
50559 12892 15150
50560 12893 17805
50561 12894 13810
50562 12894 19262
50563 12894 19631
50564 12895 17857
50565 12895 19209
50566 12896 13919
50567 12896 14067
50568 12896 16279
50569 12896 16625
50570 12896 17426
50571 12896 18165
50572 12897 13563
50573 12897 19157
50574 12897 19287
50575 12898 12901
50576 12898 13246
50577 12898 18233
50578 12898 18390
50579 12899 16465
50580 12900 13053
50581 12900 16083
50582 12900 20027
50583 12901 18390
50584 12902 16726
50585 12903 18674
50586 12903 18676
50587 12904 12938
50588 12904 13105
50589 12904 14456
50590 12904 14470
50591 12905 14763
50592 12906 14198
50593 12906 18609
50594 12907 13038
50595 12907 17151
50596 12907 19297
50597 12908 13374
50598 12908 19192
50599 12908 19561
50600 12909 12943
50601 12909 14081
50602 12910 12925
50603 12910 12936
50604 12910 13107
50605 12910 14722
50606 12910 15643
50607 12910 19059
50608 12911 13709
50609 12911 14536
50610 12911 17794
50611 12911 19357
50612 12912 14546
50613 12912 17400
50614 12912 18358
50615 12913 13308
50616 12914 12972
50617 12914 16210
50618 12914 17648
50619 12914 19326
50620 12915 14588
50621 12915 17279
50622 12915 17281
50623 12916 12917
50624 12916 13867
50625 12917 12920
50626 12917 13871
50627 12917 19328
50628 12918 16945
50629 12918 19704
50630 12919 13305
50631 12919 16056
50632 12919 18391
50633 12920 13871
50634 12921 16475
50635 12921 16648
50636 12921 16650
50637 12921 17451
50638 12922 19849
50639 12922 19867
50640 12923 19316
50641 12923 19324
50642 12924 14270
50643 12925 12927
50644 12925 14722
50645 12925 15643
50646 12925 19317
50647 12926 15486
50648 12926 19315
50649 12927 12929
50650 12927 19317
50651 12927 19464
50652 12929 12930
50653 12929 12934
50654 12929 13162
50655 12929 19464
50656 12930 12932
50657 12930 13108
50658 12930 19464
50659 12931 13109
50660 12931 13996
50661 12931 15325
50662 12931 15685
50663 12931 17913
50664 12932 13108
50665 12932 13109
50666 12933 13111
50667 12933 13145
50668 12933 16320
50669 12933 17968
50670 12934 13125
50671 12934 13162
50672 12934 17968
50673 12935 12936
50674 12935 13143
50675 12935 15638
50676 12936 13111
50677 12936 15643
50678 12937 12940
50679 12937 14456
50680 12937 18387
50681 12937 18870
50682 12937 18936
50683 12938 12944
50684 12938 13126
50685 12938 14470
50686 12938 16456
50687 12939 12941
50688 12939 13114
50689 12939 13385
50690 12940 13120
50691 12940 17544
50692 12940 18936
50693 12941 13120
50694 12942 12944
50695 12942 15523
50696 12942 15605
50697 12942 16449
50698 12943 14081
50699 12943 18223
50700 12943 19321
50701 12943 19403
50702 12944 16449
50703 12944 16456
50704 12945 14750
50705 12945 15717
50706 12946 14295
50707 12946 17910
50708 12946 17986
50709 12946 18020
50710 12947 12957
50711 12947 13808
50712 12947 18089
50713 12947 19229
50714 12948 15946
50715 12948 18091
50716 12948 18348
50717 12950 19506
50718 12951 13915
50719 12952 19057
50720 12952 19085
50721 12952 19087
50722 12953 13275
50723 12953 13534
50724 12954 13685
50725 12954 15757
50726 12954 18308
50727 12954 18309
50728 12954 18727
50729 12955 12960
50730 12955 19310
50731 12956 19796
50732 12957 13808
50733 12957 18134
50734 12957 19229
50735 12958 19808
50736 12959 18404
50737 12960 15104
50738 12961 16103
50739 12961 17615
50740 12961 18446
50741 12961 18490
50742 12961 18564
50743 12961 18762
50744 12963 13785
50745 12963 17996
50746 12963 18265
50747 12963 18308
50748 12963 18309
50749 12964 20014
50750 12965 13394
50751 12965 15675
50752 12965 18945
50753 12965 19726
50754 12966 16553
50755 12967 13144
50756 12967 13883
50757 12967 17678
50758 12968 15785
50759 12969 16639
50760 12970 13499
50761 12970 14112
50762 12971 16229
50763 12972 19326
50764 12973 19555
50765 12974 16671
50766 12974 17510
50767 12975 15518
50768 12975 16352
50769 12975 16527
50770 12975 16532
50771 12975 16689
50772 12976 14848
50773 12976 16822
50774 12976 17840
50775 12977 19870
50776 12977 20001
50777 12978 13652
50778 12978 14293
50779 12978 15453
50780 12979 15567
50781 12979 15885
50782 12980 13895
50783 12981 13929
50784 12981 13957
50785 12981 18960
50786 12982 15861
50787 12982 19305
50788 12984 18434
50789 12985 14045
50790 12985 17001
50791 12986 15169
50792 12986 17347
50793 12986 17565
50794 12987 14451
50795 12987 18646
50796 12987 19555
50797 12988 16075
50798 12988 16327
50799 12988 17597
50800 12989 13948
50801 12990 13499
50802 12990 13516
50803 12990 15369
50804 12990 19441
50805 12993 13503
50806 12993 20027
50807 12995 15368
50808 12997 12998
50809 12997 13937
50810 12997 18373
50811 12998 14800
50812 12998 15889
50813 12998 18373
50814 12999 13929
50815 12999 13933
50816 12999 14033
50817 12999 15343
50818 13000 19764
50819 13001 14480
50820 13001 17856
50821 13002 13791
50822 13002 17944
50823 13003 13005
50824 13003 13926
50825 13003 13935
50826 13003 14041
50827 13003 15343
50828 13004 19032
50829 13004 19447
50830 13004 19862
50831 13005 13926
50832 13005 14033
50833 13005 15343
50834 13005 18451
50835 13005 18935
50836 13006 13007
50837 13006 13926
50838 13006 14041
50839 13006 14123
50840 13006 18958
50841 13007 13921
50842 13007 13924
50843 13007 14123
50844 13007 14800
50845 13007 18958
50846 13008 13009
50847 13008 14022
50848 13008 15224
50849 13008 15875
50850 13008 19008
50851 13009 13943
50852 13009 14022
50853 13010 13253
50854 13011 15815
50855 13011 16496
50856 13011 19919
50857 13011 19962
50858 13012 13340
50859 13012 13358
50860 13012 13588
50861 13012 19401
50862 13013 19793
50863 13014 13160
50864 13014 18960
50865 13015 14196
50866 13015 14996
50867 13015 15219
50868 13015 15717
50869 13016 15592
50870 13016 16103
50871 13016 18547
50872 13016 18897
50873 13018 16954
50874 13018 19970
50875 13019 13745
50876 13019 15113
50877 13019 18062
50878 13020 13117
50879 13020 13921
50880 13020 18958
50881 13020 19391
50882 13021 13591
50883 13021 15600
50884 13021 18336
50885 13021 18479
50886 13021 18742
50887 13022 14694
50888 13022 15106
50889 13022 15527
50890 13022 19227
50891 13023 16782
50892 13023 17031
50893 13023 18125
50894 13023 18539
50895 13024 15282
50896 13024 16165
50897 13024 18370
50898 13025 13106
50899 13025 19068
50900 13026 19148
50901 13028 14604
50902 13028 14693
50903 13028 14700
50904 13030 19682
50905 13030 19706
50906 13031 13577
50907 13031 15935
50908 13032 13964
50909 13032 15239
50910 13032 16402
50911 13032 19359
50912 13033 16029
50913 13033 16037
50914 13034 16601
50915 13034 19933
50916 13035 15651
50917 13035 15844
50918 13035 17226
50919 13036 19796
50920 13036 19797
50921 13037 13060
50922 13037 13244
50923 13037 18396
50924 13037 19200
50925 13038 19297
50926 13039 14946
50927 13039 15544
50928 13039 15545
50929 13040 13532
50930 13040 13980
50931 13040 15186
50932 13040 19006
50933 13040 19123
50934 13040 19181
50935 13041 19238
50936 13042 16872
50937 13042 18628
50938 13043 13076
50939 13043 16948
50940 13044 15798
50941 13044 16814
50942 13045 19818
50943 13046 19339
50944 13046 19873
50945 13047 17523
50946 13047 18694
50947 13048 15084
50948 13048 15517
50949 13048 19835
50950 13049 18612
50951 13050 17381
50952 13050 17709
50953 13050 19643
50954 13051 14424
50955 13051 16277
50956 13052 15067
50957 13052 19226
50958 13053 14891
50959 13053 16083
50960 13053 16321
50961 13053 18673
50962 13054 19509
50963 13055 14913
50964 13056 13610
50965 13056 14810
50966 13057 18742
50967 13057 18951
50968 13058 16796
50969 13060 13473
50970 13060 19200
50971 13061 13422
50972 13061 15860
50973 13062 14183
50974 13063 17636
50975 13063 18416
50976 13063 19095
50977 13065 13139
50978 13065 13539
50979 13065 15623
50980 13067 13069
50981 13067 19034
50982 13067 19094
50983 13067 19099
50984 13069 13554
50985 13069 13569
50986 13069 14311
50987 13069 19099
50988 13069 19100
50989 13070 13219
50990 13070 19194
50991 13071 16319
50992 13071 16397
50993 13071 16520
50994 13071 17444
50995 13072 15838
50996 13072 18140
50997 13073 14343
50998 13073 14813
50999 13073 15628
51000 13073 19220
51001 13074 14698
51002 13075 14141
51003 13075 19595
51004 13075 19596
51005 13077 19921
51006 13078 13408
51007 13080 14256
51008 13080 14273
51009 13081 14460
51010 13082 15413
51011 13082 17694
51012 13085 14447
51013 13085 14844
51014 13087 19779
51015 13087 19798
51016 13088 19051
51017 13088 19676
51018 13089 14343
51019 13089 14811
51020 13090 14815
51021 13091 13174
51022 13091 13188
51023 13091 19244
51024 13092 13178
51025 13092 15138
51026 13092 15428
51027 13093 19151
51028 13094 18333
51029 13095 14803
51030 13096 14803
51031 13097 16371
51032 13097 19642
51033 13098 16350
51034 13098 17787
51035 13099 14804
51036 13099 19199
51037 13099 19608
51038 13100 15635
51039 13100 17815
51040 13100 18950
51041 13100 19054
51042 13101 18468
51043 13101 18947
51044 13101 19053
51045 13101 19055
51046 13102 13103
51047 13102 18946
51048 13103 19794
51049 13104 13105
51050 13104 13164
51051 13104 14470
51052 13104 18330
51053 13104 18386
51054 13105 14470
51055 13105 15379
51056 13105 16257
51057 13105 18330
51058 13106 13164
51059 13106 15638
51060 13106 19068
51061 13107 18016
51062 13107 19059
51063 13108 19464
51064 13110 17667
51065 13111 15643
51066 13112 13519
51067 13112 16164
51068 13112 18468
51069 13112 18616
51070 13112 19053
51071 13113 13137
51072 13113 13160
51073 13113 13519
51074 13113 15644
51075 13113 18633
51076 13114 13385
51077 13114 13988
51078 13115 15415
51079 13117 17759
51080 13117 19391
51081 13118 17017
51082 13118 18460
51083 13119 16590
51084 13119 20020
51085 13120 18936
51086 13121 15595
51087 13121 17544
51088 13121 17855
51089 13122 18455
51090 13122 19726
51091 13123 15232
51092 13123 15357
51093 13123 15870
51094 13123 19061
51095 13125 13162
51096 13125 16534
51097 13125 17921
51098 13125 17968
51099 13125 18527
51100 13125 19149
51101 13126 13127
51102 13126 14470
51103 13126 15641
51104 13126 16456
51105 13126 18386
51106 13127 15641
51107 13127 18386
51108 13128 14461
51109 13128 15997
51110 13128 19076
51111 13128 19077
51112 13129 18409
51113 13129 18978
51114 13129 19077
51115 13129 19078
51116 13130 13724
51117 13130 17816
51118 13131 13226
51119 13131 19045
51120 13132 13967
51121 13132 19312
51122 13133 19094
51123 13134 14022
51124 13134 18004
51125 13134 18408
51126 13134 18622
51127 13134 19008
51128 13134 19065
51129 13135 14311
51130 13135 19099
51131 13136 13226
51132 13137 13160
51133 13137 13519
51134 13137 18616
51135 13138 15477
51136 13138 16082
51137 13140 13211
51138 13140 13494
51139 13140 14000
51140 13140 16482
51141 13140 18251
51142 13140 18254
51143 13141 15447
51144 13141 17029
51145 13142 14802
51146 13142 15324
51147 13142 18767
51148 13144 16790
51149 13144 17678
51150 13145 16320
51151 13145 17968
51152 13145 18473
51153 13145 18527
51154 13146 13149
51155 13146 19254
51156 13146 19255
51157 13147 15228
51158 13147 15617
51159 13147 18473
51160 13147 18655
51161 13148 13543
51162 13148 14393
51163 13148 17715
51164 13148 17948
51165 13149 13291
51166 13149 13420
51167 13149 19126
51168 13149 19255
51169 13150 13416
51170 13150 13418
51171 13150 13569
51172 13150 14259
51173 13150 16118
51174 13150 17871
51175 13151 13957
51176 13151 14033
51177 13151 18340
51178 13151 18453
51179 13151 18935
51180 13152 18947
51181 13152 18950
51182 13153 13405
51183 13153 13416
51184 13153 17807
51185 13154 13405
51186 13154 13414
51187 13154 16113
51188 13154 18221
51189 13154 19837
51190 13155 13982
51191 13155 17017
51192 13155 17759
51193 13155 18070
51194 13155 18623
51195 13156 13158
51196 13156 13414
51197 13156 17663
51198 13156 19837
51199 13157 18243
51200 13157 18262
51201 13157 18345
51202 13158 13413
51203 13158 19837
51204 13159 16087
51205 13159 17062
51206 13159 19606
51207 13161 15996
51208 13161 19469
51209 13162 16534
51210 13163 13168
51211 13163 18533
51212 13164 18386
51213 13164 19068
51214 13166 18085
51215 13167 16643
51216 13167 17435
51217 13167 18229
51218 13168 15835
51219 13169 13407
51220 13169 16198
51221 13169 18696
51222 13169 18892
51223 13169 19655
51224 13170 13178
51225 13170 13729
51226 13170 14258
51227 13170 19591
51228 13171 14057
51229 13171 14241
51230 13172 13579
51231 13172 15711
51232 13172 15827
51233 13172 16590
51234 13172 18680
51235 13172 18732
51236 13173 16160
51237 13174 13217
51238 13174 18592
51239 13174 19241
51240 13176 16333
51241 13176 16382
51242 13176 16386
51243 13176 16498
51244 13176 17596
51245 13176 17598
51246 13177 13742
51247 13177 15649
51248 13177 19543
51249 13178 14258
51250 13178 15428
51251 13179 13746
51252 13179 16979
51253 13179 19175
51254 13180 19199
51255 13181 14360
51256 13182 17967
51257 13185 17079
51258 13185 20036
51259 13187 19230
51260 13188 16151
51261 13188 18892
51262 13189 18143
51263 13190 13563
51264 13190 19287
51265 13191 13201
51266 13191 19728
51267 13192 19882
51268 13192 19920
51269 13194 16993
51270 13194 17207
51271 13194 18598
51272 13196 14854
51273 13196 17573
51274 13196 19201
51275 13197 14002
51276 13197 17949
51277 13198 14330
51278 13198 14626
51279 13198 14856
51280 13198 14859
51281 13199 15628
51282 13199 19280
51283 13200 19520
51284 13201 19304
51285 13202 13255
51286 13202 17843
51287 13202 18332
51288 13203 16620
51289 13203 19377
51290 13204 18717
51291 13204 18718
51292 13204 19636
51293 13205 13759
51294 13205 14288
51295 13206 15309
51296 13206 19688
51297 13207 13258
51298 13207 17074
51299 13207 19658
51300 13209 14866
51301 13211 13303
51302 13211 14000
51303 13211 16482
51304 13211 19239
51305 13212 13653
51306 13212 18579
51307 13212 18894
51308 13212 19147
51309 13213 14321
51310 13213 17608
51311 13214 14900
51312 13214 15926
51313 13215 15000
51314 13215 19271
51315 13216 13722
51316 13216 14856
51317 13217 18542
51318 13217 18543
51319 13217 18592
51320 13217 19241
51321 13218 13376
51322 13218 19154
51323 13219 18574
51324 13219 19194
51325 13220 13947
51326 13221 13349
51327 13222 17124
51328 13222 17195
51329 13222 17559
51330 13223 15622
51331 13223 15830
51332 13223 19183
51333 13223 19336
51334 13224 17332
51335 13224 18376
51336 13224 18576
51337 13224 18894
51338 13224 19147
51339 13224 19223
51340 13225 14590
51341 13225 14606
51342 13225 15203
51343 13226 19045
51344 13227 16150
51345 13227 19248
51346 13230 14486
51347 13230 15037
51348 13230 17773
51349 13233 18123
51350 13234 19274
51351 13235 19204
51352 13236 13363
51353 13236 19216
51354 13238 19151
51355 13239 14055
51356 13239 19182
51357 13240 13434
51358 13240 13581
51359 13240 17950
51360 13240 19119
51361 13241 15421
51362 13242 17287
51363 13243 18836
51364 13244 18396
51365 13245 13976
51366 13245 17693
51367 13246 18390
51368 13246 19055
51369 13247 13343
51370 13247 13348
51371 13247 13444
51372 13247 13474
51373 13247 17803
51374 13248 13249
51375 13248 13340
51376 13248 13355
51377 13248 13360
51378 13248 15533
51379 13248 19127
51380 13249 13330
51381 13249 13355
51382 13249 15533
51383 13249 17860
51384 13250 13256
51385 13250 13351
51386 13251 13338
51387 13251 13343
51388 13251 13350
51389 13251 13474
51390 13251 14758
51391 13251 15530
51392 13252 18854
51393 13253 18467
51394 13254 15701
51395 13255 14227
51396 13256 13351
51397 13256 17800
51398 13257 19763
51399 13258 19306
51400 13258 19658
51401 13259 13260
51402 13260 13305
51403 13261 15704
51404 13261 17707
51405 13261 18726
51406 13262 14947
51407 13263 13297
51408 13264 13276
51409 13265 18136
51410 13265 20005
51411 13266 13537
51412 13268 16075
51413 13269 15072
51414 13269 16820
51415 13270 18024
51416 13271 19848
51417 13272 19563
51418 13272 19585
51419 13273 16061
51420 13273 18920
51421 13273 18977
51422 13274 13771
51423 13275 13534
51424 13275 13536
51425 13277 13942
51426 13277 13969
51427 13277 16070
51428 13278 19220
51429 13279 17704
51430 13279 18578
51431 13281 18516
51432 13281 19846
51433 13282 17340
51434 13283 19972
51435 13284 18723
51436 13284 19669
51437 13285 14690
51438 13285 16226
51439 13285 19860
51440 13286 14261
51441 13288 13904
51442 13288 15330
51443 13289 13301
51444 13289 13304
51445 13289 13422
51446 13289 13424
51447 13289 13430
51448 13289 18677
51449 13290 13295
51450 13290 13310
51451 13290 16003
51452 13291 13360
51453 13291 13420
51454 13291 19126
51455 13291 19127
51456 13295 17761
51457 13296 13298
51458 13296 18731
51459 13297 19816
51460 13297 19848
51461 13298 14527
51462 13299 16667
51463 13299 16764
51464 13300 14882
51465 13300 19116
51466 13300 19126
51467 13301 13304
51468 13301 13430
51469 13301 19116
51470 13301 19117
51471 13302 15702
51472 13303 14000
51473 13303 17970
51474 13303 19124
51475 13303 19239
51476 13304 13422
51477 13304 19116
51478 13305 16056
51479 13306 13433
51480 13307 19529
51481 13309 18434
51482 13309 18954
51483 13310 16003
51484 13311 17944
51485 13312 13356
51486 13312 13455
51487 13312 13481
51488 13312 16170
51489 13312 18427
51490 13313 13537
51491 13313 18562
51492 13314 13467
51493 13314 19130
51494 13314 19516
51495 13315 19251
51496 13316 14225
51497 13316 16141
51498 13316 18799
51499 13317 15080
51500 13317 15879
51501 13317 17603
51502 13318 13480
51503 13318 17553
51504 13318 19502
51505 13319 16852
51506 13319 18015
51507 13320 18500
51508 13320 18705
51509 13320 19122
51510 13322 13622
51511 13322 16787
51512 13323 13738
51513 13324 16485
51514 13324 16686
51515 13324 17392
51516 13326 15409
51517 13326 17468
51518 13328 18242
51519 13328 18814
51520 13328 19278
51521 13329 16528
51522 13329 17095
51523 13329 18193
51524 13329 19997
51525 13330 13418
51526 13330 13444
51527 13330 17807
51528 13330 17860
51529 13331 19185
51530 13332 13712
51531 13332 19184
51532 13333 15990
51533 13333 18365
51534 13334 19236
51535 13335 15420
51536 13337 15504
51537 13337 19211
51538 13338 13346
51539 13338 13350
51540 13338 14758
51541 13338 18221
51542 13339 18333
51543 13340 13358
51544 13340 13360
51545 13340 15533
51546 13341 13348
51547 13341 17803
51548 13342 13347
51549 13342 13351
51550 13342 17050
51551 13343 13474
51552 13343 15530
51553 13343 16479
51554 13343 17803
51555 13344 13368
51556 13344 15266
51557 13344 17950
51558 13344 18361
51559 13345 16106
51560 13345 17619
51561 13345 19063
51562 13346 13350
51563 13346 13432
51564 13346 16254
51565 13347 13351
51566 13347 13453
51567 13347 17050
51568 13347 18502
51569 13348 15533
51570 13348 17803
51571 13349 15701
51572 13350 13432
51573 13350 15530
51574 13350 18993
51575 13352 15969
51576 13352 19108
51577 13354 19301
51578 13355 13420
51579 13355 17860
51580 13355 19121
51581 13355 19127
51582 13355 19242
51583 13356 13455
51584 13356 13520
51585 13356 16170
51586 13356 18433
51587 13358 13360
51588 13358 19401
51589 13359 14692
51590 13360 19127
51591 13361 18297
51592 13361 19213
51593 13361 19299
51594 13362 14696
51595 13362 18086
51596 13362 18160
51597 13363 13459
51598 13363 19216
51599 13364 13368
51600 13364 13656
51601 13364 17802
51602 13365 13369
51603 13365 17951
51604 13365 18355
51605 13366 16766
51606 13366 19016
51607 13367 13428
51608 13367 13436
51609 13367 13450
51610 13367 18255
51611 13368 17802
51612 13368 17950
51613 13368 19119
51614 13369 13371
51615 13369 17951
51616 13370 18351
51617 13370 18435
51618 13371 13429
51619 13371 17951
51620 13371 19118
51621 13372 13399
51622 13372 18435
51623 13373 13381
51624 13373 13399
51625 13373 13443
51626 13373 18334
51627 13373 18342
51628 13374 13448
51629 13374 17806
51630 13374 19192
51631 13375 17954
51632 13375 17956
51633 13375 18351
51634 13376 19154
51635 13377 13428
51636 13377 13436
51637 13377 16100
51638 13377 18356
51639 13377 19035
51640 13378 13464
51641 13378 16780
51642 13378 19235
51643 13378 19471
51644 13380 14623
51645 13380 14627
51646 13380 14638
51647 13380 19632
51648 13381 13443
51649 13381 13448
51650 13381 15109
51651 13381 18334
51652 13382 13399
51653 13382 17954
51654 13382 18342
51655 13382 18343
51656 13383 14926
51657 13383 16499
51658 13383 17880
51659 13383 19400
51660 13384 19273
51661 13385 18395
51662 13386 19172
51663 13387 13730
51664 13388 17604
51665 13390 15624
51666 13390 15724
51667 13390 17636
51668 13390 19095
51669 13391 18324
51670 13391 18462
51671 13391 18477
51672 13391 18648
51673 13392 13401
51674 13392 13848
51675 13393 18553
51676 13394 15262
51677 13394 18518
51678 13394 18945
51679 13395 16317
51680 13395 16499
51681 13395 17612
51682 13395 17660
51683 13395 19987
51684 13396 14053
51685 13396 14216
51686 13396 15540
51687 13397 15194
51688 13397 18579
51689 13397 19145
51690 13398 18397
51691 13399 18342
51692 13400 19331
51693 13402 14595
51694 13402 18861
51695 13404 16182
51696 13404 16271
51697 13404 17899
51698 13404 18380
51699 13405 14758
51700 13405 18221
51701 13406 16818
51702 13406 17554
51703 13407 15835
51704 13407 18696
51705 13407 19240
51706 13407 19655
51707 13409 18275
51708 13409 19351
51709 13411 18279
51710 13412 15265
51711 13412 17600
51712 13412 18247
51713 13413 18995
51714 13414 17663
51715 13414 18221
51716 13414 19837
51717 13415 13429
51718 13415 13491
51719 13415 15029
51720 13415 18256
51721 13415 19118
51722 13416 13418
51723 13416 16118
51724 13416 17807
51725 13417 18136
51726 13418 17807
51727 13418 17860
51728 13418 17871
51729 13419 15715
51730 13419 18008
51731 13419 19574
51732 13419 19576
51733 13420 19127
51734 13420 19242
51735 13420 19255
51736 13421 14318
51737 13421 14319
51738 13422 13424
51739 13422 15860
51740 13424 13426
51741 13424 15860
51742 13424 18677
51743 13425 13814
51744 13426 15632
51745 13426 18677
51746 13426 18914
51747 13427 14947
51748 13427 15011
51749 13428 13436
51750 13428 18255
51751 13428 18356
51752 13428 18998
51753 13429 13489
51754 13429 13491
51755 13429 19118
51756 13430 13520
51757 13430 18433
51758 13430 18677
51759 13430 19117
51760 13431 13451
51761 13431 13491
51762 13431 18356
51763 13431 18998
51764 13432 16481
51765 13432 18993
51766 13432 19399
51767 13433 19850
51768 13434 13581
51769 13434 16149
51770 13434 18355
51771 13436 13450
51772 13436 16100
51773 13437 18269
51774 13437 18850
51775 13437 19729
51776 13438 14152
51777 13438 15443
51778 13438 15763
51779 13438 19852
51780 13439 14298
51781 13439 14299
51782 13441 16787
51783 13441 16922
51784 13441 16936
51785 13442 18334
51786 13442 18338
51787 13442 18918
51788 13443 17818
51789 13443 18342
51790 13444 13474
51791 13444 17807
51792 13445 18372
51793 13446 13448
51794 13446 15109
51795 13446 17806
51796 13446 19873
51797 13447 14187
51798 13447 19063
51799 13448 15109
51800 13448 17806
51801 13449 14530
51802 13449 17274
51803 13450 16100
51804 13450 16268
51805 13451 13489
51806 13451 13491
51807 13451 18356
51808 13451 19013
51809 13451 19035
51810 13452 15691
51811 13453 17050
51812 13453 18502
51813 13453 18529
51814 13453 19376
51815 13454 13455
51816 13454 13520
51817 13454 19117
51818 13455 13481
51819 13455 13520
51820 13456 15340
51821 13456 18658
51822 13457 13739
51823 13457 16179
51824 13458 14831
51825 13458 17734
51826 13458 17738
51827 13458 18519
51828 13460 13478
51829 13460 13714
51830 13460 15546
51831 13460 16846
51832 13461 15495
51833 13461 15832
51834 13463 14396
51835 13463 15068
51836 13463 15071
51837 13463 15894
51838 13464 13466
51839 13464 16778
51840 13464 19471
51841 13465 15416
51842 13465 18818
51843 13466 14222
51844 13466 16778
51845 13466 16907
51846 13466 19273
51847 13467 13719
51848 13467 19130
51849 13467 19516
51850 13468 14285
51851 13469 13634
51852 13469 14102
51853 13469 16420
51854 13469 18911
51855 13470 17050
51856 13470 18529
51857 13470 19398
51858 13470 19399
51859 13471 13993
51860 13471 14001
51861 13471 18029
51862 13472 18642
51863 13472 18923
51864 13472 19598
51865 13473 14696
51866 13473 15052
51867 13473 18160
51868 13473 19200
51869 13474 14758
51870 13475 17827
51871 13476 15823
51872 13476 16259
51873 13477 16093
51874 13477 17496
51875 13478 13714
51876 13478 15546
51877 13478 19205
51878 13479 14063
51879 13479 15769
51880 13479 15983
51881 13479 16490
51882 13479 17735
51883 13480 16082
51884 13480 16899
51885 13481 13656
51886 13481 18357
51887 13481 18427
51888 13482 16228
51889 13482 17541
51890 13482 19393
51891 13483 14681
51892 13483 14691
51893 13483 14976
51894 13483 16168
51895 13484 15781
51896 13485 15719
51897 13485 16415
51898 13485 16678
51899 13485 17463
51900 13485 19421
51901 13485 19423
51902 13486 17901
51903 13487 14541
51904 13488 18917
51905 13489 13491
51906 13489 19013
51907 13490 19385
51908 13492 13980
51909 13492 15933
51910 13492 16216
51911 13492 16274
51912 13492 19181
51913 13493 13494
51914 13493 14000
51915 13493 14728
51916 13493 18416
51917 13493 19095
51918 13493 19124
51919 13494 14000
51920 13494 18254
51921 13494 19095
51922 13495 19507
51923 13496 17104
51924 13496 17500
51925 13497 18811
51926 13497 18928
51927 13499 13516
51928 13499 14112
51929 13499 15369
51930 13500 15481
51931 13500 17542
51932 13501 16027
51933 13503 14198
51934 13503 20027
51935 13504 14892
51936 13505 19646
51937 13506 16001
51938 13506 16578
51939 13506 17847
51940 13506 18068
51941 13508 17474
51942 13508 19014
51943 13509 14144
51944 13509 16291
51945 13511 13925
51946 13511 19129
51947 13512 16405
51948 13512 16407
51949 13512 17460
51950 13512 19435
51951 13513 14269
51952 13513 16587
51953 13513 17612
51954 13513 18227
51955 13514 16668
51956 13514 18519
51957 13515 15218
51958 13515 16872
51959 13516 14112
51960 13516 18695
51961 13516 19441
51962 13517 14196
51963 13517 14420
51964 13517 19397
51965 13518 14806
51966 13518 15260
51967 13518 17660
51968 13518 19935
51969 13518 19987
51970 13519 15644
51971 13519 18468
51972 13519 18616
51973 13520 18433
51974 13520 19117
51975 13521 15530
51976 13521 16479
51977 13521 18993
51978 13521 19402
51979 13521 19408
51980 13522 14442
51981 13522 14877
51982 13522 16664
51983 13523 15634
51984 13523 15969
51985 13523 18240
51986 13523 19064
51987 13524 13697
51988 13524 19647
51989 13525 15094
51990 13526 19383
51991 13527 16495
51992 13527 17880
51993 13527 19110
51994 13527 19400
51995 13528 17774
51996 13529 15664
51997 13529 18682
51998 13529 18701
51999 13529 18736
52000 13529 18744
52001 13530 13733
52002 13530 18311
52003 13531 16857
52004 13532 15186
52005 13532 19181
52006 13532 19237
52007 13532 19358
52008 13533 18081
52009 13533 19910
52010 13534 13536
52011 13534 14611
52012 13534 15898
52013 13535 14205
52014 13535 14827
52015 13535 17739
52016 13535 19545
52017 13536 15898
52018 13538 15796
52019 13539 15623
52020 13540 18507
52021 13540 18685
52022 13540 18709
52023 13540 18745
52024 13540 18747
52025 13541 16566
52026 13541 17633
52027 13541 17781
52028 13542 15937
52029 13542 16051
52030 13543 14393
52031 13543 14397
52032 13543 15071
52033 13543 15690
52034 13543 15894
52035 13544 16048
52036 13544 16586
52037 13544 17577
52038 13545 19996
52039 13546 13594
52040 13546 15382
52041 13546 15670
52042 13546 19473
52043 13547 14438
52044 13547 16651
52045 13547 19466
52046 13548 13796
52047 13548 15732
52048 13549 17199
52049 13549 17691
52050 13549 18482
52051 13550 15463
52052 13550 15485
52053 13551 14144
52054 13551 15521
52055 13551 16286
52056 13551 18431
52057 13552 14199
52058 13552 19994
52059 13553 19254
52060 13553 19255
52061 13554 13569
52062 13554 16118
52063 13554 19100
52064 13555 15767
52065 13555 16108
52066 13555 16110
52067 13555 19104
52068 13556 16327
52069 13556 17597
52070 13556 19321
52071 13556 19403
52072 13557 15372
52073 13557 17867
52074 13557 19007
52075 13558 15254
52076 13558 17517
52077 13559 13560
52078 13559 16109
52079 13559 17619
52080 13560 16107
52081 13560 16109
52082 13560 18237
52083 13561 16865
52084 13562 15612
52085 13562 18329
52086 13563 19287
52087 13564 14221
52088 13565 15259
52089 13565 18543
52090 13565 18591
52091 13565 19234
52092 13566 19648
52093 13567 17616
52094 13567 17626
52095 13567 17696
52096 13567 19244
52097 13568 17345
52098 13569 14259
52099 13569 16118
52100 13570 18797
52101 13570 19906
52102 13571 15934
52103 13572 16370
52104 13572 16476
52105 13572 16513
52106 13572 16672
52107 13572 19340
52108 13573 13607
52109 13574 15825
52110 13574 17461
52111 13575 14204
52112 13575 19469
52113 13575 19586
52114 13576 19710
52115 13577 15935
52116 13577 17488
52117 13579 16590
52118 13579 18729
52119 13579 18732
52120 13579 19749
52121 13580 16038
52122 13580 18733
52123 13580 18965
52124 13581 15521
52125 13581 18355
52126 13581 18431
52127 13581 19119
52128 13582 15812
52129 13582 18352
52130 13583 13640
52131 13584 18882
52132 13585 15191
52133 13585 16107
52134 13585 18410
52135 13586 19406
52136 13587 18297
52137 13588 15678
52138 13588 16296
52139 13588 19401
52140 13591 18336
52141 13591 18742
52142 13591 18964
52143 13592 18090
52144 13592 18811
52145 13593 16411
52146 13593 19475
52147 13594 15382
52148 13594 18235
52149 13594 18951
52150 13595 14775
52151 13596 15163
52152 13596 17119
52153 13596 18207
52154 13597 13934
52155 13599 14987
52156 13599 17271
52157 13600 17563
52158 13600 18793
52159 13601 14646
52160 13601 17111
52161 13601 17360
52162 13602 16011
52163 13602 17962
52164 13602 19606
52165 13603 14621
52166 13603 14657
52167 13603 14715
52168 13603 15174
52169 13603 19472
52170 13606 17878
52171 13607 14387
52172 13607 17644
52173 13608 19729
52174 13609 14131
52175 13610 14686
52176 13610 14810
52177 13610 17263
52178 13610 17525
52179 13611 15412
52180 13612 13780
52181 13614 13728
52182 13614 16569
52183 13614 17650
52184 13615 19298
52185 13616 19750
52186 13617 13618
52187 13617 15665
52188 13617 18204
52189 13620 17533
52190 13621 14642
52191 13621 16281
52192 13622 16787
52193 13623 13658
52194 13623 13723
52195 13623 14084
52196 13623 14135
52197 13624 13640
52198 13624 15944
52199 13625 13727
52200 13625 16081
52201 13626 13628
52202 13626 15726
52203 13626 16161
52204 13626 17859
52205 13627 15687
52206 13627 19103
52207 13627 19607
52208 13628 15726
52209 13628 18193
52210 13628 19112
52211 13628 19997
52212 13629 13665
52213 13629 14278
52214 13629 19444
52215 13631 18986
52216 13632 14011
52217 13632 14991
52218 13632 15057
52219 13632 15090
52220 13632 18249
52221 13632 19579
52222 13633 13923
52223 13633 17019
52224 13634 16421
52225 13635 16877
52226 13635 16908
52227 13635 19228
52228 13635 19600
52229 13636 18449
52230 13636 19725
52231 13637 19428
52232 13638 16280
52233 13638 17486
52234 13638 18840
52235 13640 15944
52236 13641 18378
52237 13641 19582
52238 13642 19159
52239 13643 15711
52240 13643 18681
52241 13643 18682
52242 13643 18687
52243 13643 18701
52244 13643 18816
52245 13644 16426
52246 13644 16660
52247 13644 16665
52248 13644 17971
52249 13645 13741
52250 13645 16370
52251 13645 19335
52252 13646 14449
52253 13646 15311
52254 13647 14839
52255 13648 15008
52256 13648 17946
52257 13648 19270
52258 13649 14449
52259 13649 15310
52260 13649 15312
52261 13649 16752
52262 13649 17614
52263 13650 15201
52264 13650 16422
52265 13650 16659
52266 13651 16204
52267 13651 16440
52268 13651 17501
52269 13651 17606
52270 13652 15453
52271 13652 15459
52272 13653 19147
52273 13653 19223
52274 13654 15688
52275 13655 17204
52276 13655 17758
52277 13655 18198
52278 13656 18357
52279 13656 18427
52280 13657 16560
52281 13657 19645
52282 13658 14135
52283 13658 19654
52284 13659 15649
52285 13659 19543
52286 13661 18286
52287 13662 18819
52288 13663 19444
52289 13664 14111
52290 13664 16127
52291 13665 17582
52292 13667 14664
52293 13667 16715
52294 13668 14308
52295 13669 18011
52296 13669 18211
52297 13671 14919
52298 13671 14951
52299 13671 15774
52300 13671 15947
52301 13671 19302
52302 13672 16747
52303 13672 17731
52304 13673 16275
52305 13673 16405
52306 13674 17622
52307 13674 18774
52308 13675 14065
52309 13675 17187
52310 13675 18968
52311 13676 15368
52312 13676 16055
52313 13676 19617
52314 13677 18619
52315 13678 15491
52316 13678 19178
52317 13679 17704
52318 13679 18578
52319 13679 18769
52320 13681 18989
52321 13681 19701
52322 13681 19780
52323 13683 14762
52324 13683 15821
52325 13683 19134
52326 13684 14149
52327 13684 15477
52328 13684 16888
52329 13684 16889
52330 13685 15757
52331 13685 18727
52332 13686 15765
52333 13686 19363
52334 13688 16494
52335 13688 16496
52336 13688 19851
52337 13689 17113
52338 13689 17215
52339 13689 17740
52340 13690 17877
52341 13690 18393
52342 13691 16585
52343 13691 19758
52344 13692 15890
52345 13693 16740
52346 13693 18257
52347 13693 18962
52348 13694 17044
52349 13694 19262
52350 13695 18562
52351 13695 18692
52352 13696 16130
52353 13696 17625
52354 13697 13761
52355 13697 19647
52356 13698 14551
52357 13698 17886
52358 13699 16788
52359 13699 17752
52360 13699 17762
52361 13700 13710
52362 13700 14582
52363 13700 17666
52364 13701 19959
52365 13704 14715
52366 13704 15154
52367 13704 19472
52368 13705 15506
52369 13705 19003
52370 13706 17210
52371 13708 13721
52372 13708 18166
52373 13708 18683
52374 13709 14536
52375 13709 14550
52376 13709 19357
52377 13710 17666
52378 13711 18658
52379 13712 13718
52380 13712 19184
52381 13713 18905
52382 13714 16846
52383 13715 14148
52384 13716 15888
52385 13716 16766
52386 13716 18297
52387 13716 19213
52388 13717 15636
52389 13717 17032
52390 13720 14374
52391 13720 17321
52392 13721 15726
52393 13721 15980
52394 13721 17859
52395 13721 18166
52396 13721 18683
52397 13724 13726
52398 13725 17679
52399 13726 18329
52400 13727 15993
52401 13727 16081
52402 13727 17042
52403 13728 14362
52404 13728 15813
52405 13728 16569
52406 13729 19591
52407 13731 15275
52408 13731 16176
52409 13731 16372
52410 13732 14023
52411 13732 14114
52412 13732 14961
52413 13732 17275
52414 13733 17367
52415 13733 17611
52416 13733 18311
52417 13734 15515
52418 13734 15669
52419 13734 19858
52420 13735 14287
52421 13735 17920
52422 13735 19228
52423 13736 17013
52424 13737 19821
52425 13739 18492
52426 13740 14531
52427 13740 14902
52428 13740 15780
52429 13740 15916
52430 13741 17020
52431 13743 17682
52432 13744 14598
52433 13744 17777
52434 13744 17829
52435 13744 19871
52436 13746 17332
52437 13746 18575
52438 13746 19175
52439 13746 19198
52440 13748 15479
52441 13748 15793
52442 13748 18049
52443 13748 19744
52444 13749 15779
52445 13749 17312
52446 13750 17429
52447 13750 19096
52448 13750 19097
52449 13751 16597
52450 13751 17572
52451 13751 18139
52452 13752 15796
52453 13753 13860
52454 13753 14267
52455 13754 13941
52456 13754 14733
52457 13754 17779
52458 13754 19886
52459 13755 14661
52460 13755 15350
52461 13755 15924
52462 13756 14061
52463 13756 16219
52464 13757 15671
52465 13757 16860
52466 13757 18401
52467 13759 14062
52468 13759 14288
52469 13759 19550
52470 13760 14542
52471 13761 14619
52472 13761 16583
52473 13761 19647
52474 13762 15938
52475 13762 18012
52476 13762 18312
52477 13762 18325
52478 13762 19011
52479 13762 19012
52480 13763 15063
52481 13763 18436
52482 13763 19661
52483 13764 15490
52484 13766 15229
52485 13766 16437
52486 13766 16722
52487 13766 17658
52488 13767 16530
52489 13767 17633
52490 13768 13815
52491 13769 16727
52492 13770 14703
52493 13770 14705
52494 13770 15170
52495 13770 17558
52496 13771 15185
52497 13772 15460
52498 13773 15286
52499 13773 16519
52500 13773 18697
52501 13774 16946
52502 13778 16139
52503 13778 19067
52504 13778 19443
52505 13782 14210
52506 13782 15148
52507 13783 15112
52508 13784 15202
52509 13784 15244
52510 13784 15264
52511 13785 14359
52512 13785 17973
52513 13785 17996
52514 13785 18593
52515 13786 15538
52516 13786 19155
52517 13787 18693
52518 13788 16671
52519 13788 17510
52520 13788 18099
52521 13789 14302
52522 13789 14453
52523 13789 15196
52524 13790 17685
52525 13791 19861
52526 13792 15720
52527 13792 17765
52528 13792 18013
52529 13792 18046
52530 13792 18059
52531 13793 16206
52532 13793 17766
52533 13794 14475
52534 13794 14897
52535 13794 18763
52536 13795 13847
52537 13795 19193
52538 13796 19918
52539 13797 15278
52540 13797 15816
52541 13797 15819
52542 13797 16148
52543 13797 19943
52544 13798 15606
52545 13798 17921
52546 13798 18328
52547 13798 18408
52548 13798 19065
52549 13799 14708
52550 13799 14710
52551 13800 15411
52552 13800 16162
52553 13800 18948
52554 13801 15752
52555 13801 19374
52556 13802 15740
52557 13803 13884
52558 13803 15581
52559 13803 18901
52560 13804 15965
52561 13804 16201
52562 13804 19747
52563 13805 14054
52564 13805 15541
52565 13805 19453
52566 13805 19942
52567 13806 16469
52568 13806 16813
52569 13806 19258
52570 13807 19414
52571 13808 18341
52572 13809 13810
52573 13809 19166
52574 13809 19629
52575 13810 19166
52576 13811 16933
52577 13812 15744
52578 13812 19769
52579 13812 20034
52580 13813 14474
52581 13813 14897
52582 13813 18923
52583 13814 15159
52584 13816 18381
52585 13816 19294
52586 13817 15766
52587 13817 19731
52588 13818 14370
52589 13818 14769
52590 13818 15509
52591 13818 17797
52592 13818 19684
52593 13819 19614
52594 13819 19623
52595 13820 14471
52596 13820 15817
52597 13820 18058
52598 13820 19685
52599 13821 15498
52600 13821 16886
52601 13821 16887
52602 13822 15485
52603 13822 15550
52604 13822 16885
52605 13822 16981
52606 13823 16976
52607 13824 16885
52608 13824 16973
52609 13824 16981
52610 13824 16982
52611 13825 13830
52612 13825 14130
52613 13825 15498
52614 13825 15502
52615 13826 13829
52616 13826 16973
52617 13826 16982
52618 13826 16999
52619 13828 16020
52620 13828 16193
52621 13828 18654
52622 13829 15493
52623 13829 16983
52624 13829 16999
52625 13829 17010
52626 13830 15502
52627 13830 15503
52628 13830 15552
52629 13831 15193
52630 13831 15551
52631 13831 17018
52632 13832 13834
52633 13832 15551
52634 13832 17005
52635 13832 17775
52636 13833 13839
52637 13833 15439
52638 13833 15501
52639 13833 15503
52640 13833 15553
52641 13834 13835
52642 13834 16991
52643 13834 17005
52644 13834 17775
52645 13834 18826
52646 13835 15445
52647 13835 16991
52648 13835 17013
52649 13835 18826
52650 13836 15898
52651 13836 16236
52652 13836 17300
52653 13837 14355
52654 13837 15432
52655 13837 15435
52656 13837 15439
52657 13837 15548
52658 13837 15556
52659 13838 16116
52660 13838 17306
52661 13838 18436
52662 13839 15432
52663 13839 15439
52664 13840 15440
52665 13840 17003
52666 13841 13842
52667 13841 13849
52668 13841 15508
52669 13842 14355
52670 13842 15435
52671 13842 19218
52672 13843 13847
52673 13843 15621
52674 13843 16935
52675 13843 19193
52676 13843 19195
52677 13844 14870
52678 13844 16959
52679 13844 18765
52680 13845 16439
52681 13845 17546
52682 13845 17613
52683 13846 19277
52684 13847 15621
52685 13847 19193
52686 13848 19251
52687 13849 13970
52688 13849 14093
52689 13849 15508
52690 13850 14282
52691 13850 19285
52692 13851 18817
52693 13852 14402
52694 13852 14874
52695 13852 15146
52696 13853 14372
52697 13853 14915
52698 13853 15721
52699 13853 19396
52700 13854 14402
52701 13854 15068
52702 13854 15146
52703 13855 19745
52704 13855 19932
52705 13856 14901
52706 13856 16861
52707 13856 18359
52708 13858 14083
52709 13858 15565
52710 13858 19641
52711 13859 14122
52712 13859 16737
52713 13860 15410
52714 13861 14253
52715 13861 14826
52716 13861 17924
52717 13861 18211
52718 13862 15616
52719 13862 19580
52720 13863 14030
52721 13863 15618
52722 13864 14736
52723 13864 17937
52724 13864 18469
52725 13865 13869
52726 13865 14190
52727 13866 13894
52728 13866 13909
52729 13866 13989
52730 13866 17554
52731 13867 17418
52732 13869 15885
52733 13870 13872
52734 13870 13873
52735 13870 13875
52736 13870 19557
52737 13871 17418
52738 13872 18017
52739 13873 13874
52740 13873 15358
52741 13873 19557
52742 13874 15358
52743 13874 16207
52744 13874 19557
52745 13874 19604
52746 13875 19557
52747 13876 15458
52748 13876 15953
52749 13876 18188
52750 13876 19961
52751 13877 13881
52752 13877 14028
52753 13878 13881
52754 13878 14286
52755 13878 14817
52756 13878 15543
52757 13880 16209
52758 13880 17590
52759 13880 17647
52760 13881 14808
52761 13881 15543
52762 13882 18402
52763 13883 15261
52764 13883 16373
52765 13883 16582
52766 13883 17678
52767 13884 15581
52768 13884 15582
52769 13884 15847
52770 13885 13983
52771 13885 15204
52772 13885 16923
52773 13886 14659
52774 13886 16256
52775 13887 14184
52776 13887 16884
52777 13887 18472
52778 13888 14184
52779 13888 15437
52780 13888 15859
52781 13888 16923
52782 13889 13979
52783 13889 13985
52784 13889 15402
52785 13889 15559
52786 13889 15588
52787 13890 13891
52788 13890 13985
52789 13890 14007
52790 13891 13979
52791 13891 13985
52792 13891 14060
52793 13892 17099
52794 13892 18036
52795 13892 18169
52796 13892 19892
52797 13893 13987
52798 13893 14076
52799 13893 15365
52800 13893 15398
52801 13893 15434
52802 13894 13909
52803 13894 13987
52804 13894 15398
52805 13894 18006
52806 13895 19974
52807 13895 20002
52808 13896 13897
52809 13896 13999
52810 13896 14013
52811 13896 15394
52812 13896 15397
52813 13897 13977
52814 13897 13989
52815 13897 13999
52816 13897 14013
52817 13898 15909
52818 13898 16097
52819 13898 17776
52820 13899 13914
52821 13899 17090
52822 13899 17734
52823 13899 17938
52824 13899 18026
52825 13900 14255
52826 13900 15092
52827 13901 15471
52828 13901 19548
52829 13902 14731
52830 13902 14732
52831 13902 16971
52832 13906 19721
52833 13907 14727
52834 13907 16980
52835 13907 19387
52836 13908 15792
52837 13909 14014
52838 13909 15395
52839 13909 15398
52840 13910 19601
52841 13911 14889
52842 13911 16933
52843 13912 14725
52844 13912 16996
52845 13913 17729
52846 13913 18544
52847 13914 17085
52848 13914 17090
52849 13914 17734
52850 13914 17738
52851 13916 14726
52852 13916 16958
52853 13916 17006
52854 13917 18327
52855 13917 18340
52856 13917 18451
52857 13917 18935
52858 13918 15420
52859 13918 15692
52860 13919 16279
52861 13919 17270
52862 13919 17426
52863 13920 19020
52864 13921 13924
52865 13921 13978
52866 13921 18958
52867 13922 14004
52868 13922 14724
52869 13922 15519
52870 13922 16998
52871 13924 13978
52872 13924 14800
52873 13924 15224
52874 13924 18274
52875 13925 13927
52876 13925 14138
52877 13925 19129
52878 13926 14041
52879 13926 18451
52880 13927 14138
52881 13928 13991
52882 13928 14001
52883 13928 14136
52884 13929 13957
52885 13929 14033
52886 13930 14062
52887 13930 19550
52888 13931 13933
52889 13931 13935
52890 13931 16076
52891 13932 15482
52892 13932 15727
52893 13932 16219
52894 13933 15343
52895 13934 13936
52896 13934 16815
52897 13935 13937
52898 13935 14041
52899 13935 16076
52900 13936 14744
52901 13936 16914
52902 13937 14041
52903 13937 16076
52904 13937 18373
52905 13938 14043
52906 13938 15488
52907 13939 14755
52908 13940 14042
52909 13940 14351
52910 13940 15442
52911 13941 14869
52912 13941 17779
52913 13942 13969
52914 13943 15889
52915 13944 14043
52916 13944 16019
52917 13944 18038
52918 13945 14099
52919 13945 14416
52920 13945 15832
52921 13945 17256
52922 13945 19777
52923 13946 16352
52924 13946 16688
52925 13946 16783
52926 13947 15604
52927 13947 17984
52928 13948 17434
52929 13948 19129
52930 13949 17549
52931 13951 15697
52932 13951 15948
52933 13951 17467
52934 13952 14236
52935 13953 14288
52936 13953 18827
52937 13954 14419
52938 13954 17654
52939 13955 13960
52940 13955 13968
52941 13955 14189
52942 13955 15366
52943 13956 15047
52944 13956 17220
52945 13957 14033
52946 13958 14497
52947 13958 14498
52948 13958 14593
52949 13958 16072
52950 13959 18137
52951 13959 18873
52952 13959 18876
52953 13959 19462
52954 13960 14189
52955 13960 14416
52956 13960 15366
52957 13960 18263
52958 13961 15115
52959 13961 17848
52960 13963 14739
52961 13963 17185
52962 13964 15125
52963 13964 15249
52964 13964 15845
52965 13964 19359
52966 13966 17706
52967 13966 18832
52968 13967 20026
52969 13968 14186
52970 13968 15366
52971 13968 16899
52972 13969 16070
52973 13970 14093
52974 13971 14528
52975 13971 19558
52976 13972 16854
52977 13974 14837
52978 13975 14005
52979 13976 17693
52980 13977 13999
52981 13978 13982
52982 13978 18274
52983 13979 13981
52984 13979 13985
52985 13979 14060
52986 13979 15588
52987 13980 16274
52988 13980 18914
52989 13980 19123
52990 13980 19181
52991 13981 14060
52992 13981 15586
52993 13981 15588
52994 13982 17759
52995 13982 18070
52996 13982 18274
52997 13982 19009
52998 13983 15204
52999 13983 15586
53000 13984 18514
53001 13984 19812
53002 13985 15559
53003 13986 16572
53004 13986 19690
53005 13987 15365
53006 13987 15398
53007 13987 18006
53008 13988 14473
53009 13988 17595
53010 13989 14013
53011 13989 17554
53012 13990 14651
53013 13990 15895
53014 13993 14001
53015 13993 15336
53016 13994 16400
53017 13994 17900
53018 13994 18127
53019 13994 19346
53020 13994 19375
53021 13995 17590
53022 13996 17812
53023 13996 17913
53024 13996 17963
53025 13996 18047
53026 13997 17422
53027 13998 17346
53028 13998 18082
53029 13998 18525
53030 13999 14003
53031 13999 15397
53032 14000 19124
53033 14001 14136
53034 14001 15336
53035 14002 15441
53036 14002 17949
53037 14003 14729
53038 14003 15397
53039 14003 19368
53040 14004 15519
53041 14004 16952
53042 14005 19950
53043 14006 15385
53044 14006 15575
53045 14006 15585
53046 14007 15365
53047 14007 15403
53048 14007 15434
53049 14008 16852
53050 14008 18015
53051 14009 14015
53052 14009 15180
53053 14009 17004
53054 14009 20029
53055 14011 15090
53056 14011 19468
53057 14011 19579
53058 14013 15394
53059 14014 15395
53060 14015 14726
53061 14015 17004
53062 14015 20029
53063 14016 14871
53064 14016 14969
53065 14016 15020
53066 14016 15774
53067 14017 14489
53068 14017 16005
53069 14017 17287
53070 14018 18216
53071 14019 14126
53072 14020 14067
53073 14020 14071
53074 14020 15438
53075 14020 18165
53076 14022 18408
53077 14022 19008
53078 14023 14961
53079 14024 14040
53080 14024 14105
53081 14024 15477
53082 14024 16889
53083 14025 14048
53084 14025 15576
53085 14025 17245
53086 14026 14932
53087 14026 14962
53088 14026 15082
53089 14026 17078
53090 14026 17589
53091 14027 14121
53092 14027 19325
53093 14028 14190
53094 14030 15511
53095 14030 15512
53096 14030 15618
53097 14030 18499
53098 14031 14837
53099 14031 16824
53100 14031 19004
53101 14031 19081
53102 14032 19969
53103 14033 15343
53104 14033 18935
53105 14034 15422
53106 14034 19996
53107 14035 14089
53108 14035 14924
53109 14035 15015
53110 14035 15093
53111 14036 15354
53112 14036 18219
53113 14036 19316
53114 14036 19618
53115 14037 15506
53116 14037 16071
53117 14037 16874
53118 14037 19186
53119 14039 18102
53120 14040 14044
53121 14040 14091
53122 14040 14105
53123 14040 15477
53124 14041 14123
53125 14041 18373
53126 14042 14143
53127 14042 15442
53128 14043 15488
53129 14043 18038
53130 14044 14091
53131 14044 14105
53132 14044 14352
53133 14044 19856
53134 14045 14097
53135 14045 17001
53136 14046 19205
53137 14047 16365
53138 14048 16540
53139 14048 17245
53140 14049 14898
53141 14049 17345
53142 14051 15555
53143 14052 18014
53144 14052 18288
53145 14052 18324
53146 14052 18350
53147 14052 18647
53148 14053 15540
53149 14054 15494
53150 14055 14834
53151 14055 19155
53152 14055 19182
53153 14058 14143
53154 14059 15510
53155 14059 17038
53156 14062 19550
53157 14063 16490
53158 14063 18394
53159 14063 19413
53160 14064 15783
53161 14064 16052
53162 14064 18770
53163 14064 19844
53164 14065 18968
53165 14066 14084
53166 14066 16625
53167 14067 14071
53168 14067 16625
53169 14067 18165
53170 14068 15180
53171 14068 16969
53172 14069 18185
53173 14070 15465
53174 14072 15456
53175 14072 16255
53176 14072 17712
53177 14073 19526
53178 14074 15610
53179 14074 18363
53180 14074 18364
53181 14074 18411
53182 14075 14267
53183 14075 17376
53184 14075 17465
53185 14076 15434
53186 14076 15896
53187 14077 15522
53188 14077 18874
53189 14077 19319
53190 14077 19611
53191 14078 14731
53192 14078 16971
53193 14078 17001
53194 14079 18332
53195 14081 18223
53196 14082 15570
53197 14082 18128
53198 14083 15565
53199 14084 14135
53200 14085 18202
53201 14085 18587
53202 14086 14801
53203 14086 18184
53204 14087 15788
53205 14087 17850
53206 14089 15015
53207 14089 19268
53208 14090 14425
53209 14091 16926
53210 14091 19856
53211 14092 14280
53212 14092 16906
53213 14092 16911
53214 14093 15508
53215 14093 17476
53216 14094 15512
53217 14094 15618
53218 14094 17476
53219 14095 16759
53220 14095 16893
53221 14095 17846
53222 14095 17909
53223 14096 14150
53224 14096 14226
53225 14096 15339
53226 14097 16975
53227 14098 14701
53228 14098 17276
53229 14099 15743
53230 14099 15832
53231 14099 17256
53232 14100 14414
53233 14100 16225
53234 14100 17617
53235 14101 14218
53236 14102 16420
53237 14102 18911
53238 14103 14110
53239 14103 14701
53240 14103 14702
53241 14103 15175
53242 14103 17125
53243 14104 16858
53244 14104 17278
53245 14104 17505
53246 14105 14352
53247 14106 14210
53248 14106 15055
53249 14106 15871
53250 14107 14542
53251 14107 16801
53252 14108 15078
53253 14108 15361
53254 14109 19010
53255 14109 19206
53256 14109 19210
53257 14110 14702
53258 14110 14961
53259 14111 15374
53260 14112 16832
53261 14114 17275
53262 14114 17796
53263 14115 14422
53264 14115 19735
53265 14116 15274
53266 14116 17091
53267 14117 14373
53268 14117 14748
53269 14118 14737
53270 14118 14997
53271 14118 15216
53272 14120 16023
53273 14120 18716
53274 14120 18809
53275 14120 18921
53276 14121 14171
53277 14121 19325
53278 14122 14241
53279 14123 14800
53280 14123 18373
53281 14124 14166
53282 14124 18220
53283 14126 17532
53284 14127 14673
53285 14127 14793
53286 14127 16294
53287 14127 16622
53288 14128 15897
53289 14128 17417
53290 14128 19753
53291 14129 15696
53292 14130 15451
53293 14130 15487
53294 14130 15498
53295 14130 15502
53296 14130 16887
53297 14131 19746
53298 14132 15026
53299 14132 15905
53300 14133 15391
53301 14133 16452
53302 14134 15661
53303 14134 16581
53304 14134 17098
53305 14136 14195
53306 14136 15336
53307 14136 19501
53308 14137 14179
53309 14137 15470
53310 14137 19553
53311 14138 17206
53312 14139 15489
53313 14139 15493
53314 14139 16983
53315 14139 17009
53316 14140 14522
53317 14140 15289
53318 14141 18154
53319 14142 15437
53320 14142 15441
53321 14142 15859
53322 14143 15442
53323 14144 16291
53324 14144 17119
53325 14145 18523
53326 14145 19993
53327 14146 14448
53328 14146 15740
53329 14146 19630
53330 14147 14406
53331 14150 14151
53332 14150 19426
53333 14151 16900
53334 14152 14628
53335 14152 15443
53336 14152 17011
53337 14153 14154
53338 14153 14160
53339 14153 18425
53340 14153 19633
53341 14154 18496
53342 14154 19633
53343 14155 18151
53344 14156 15227
53345 14156 16772
53346 14157 16033
53347 14157 18780
53348 14157 19456
53349 14158 15296
53350 14158 16961
53351 14158 19233
53352 14160 16978
53353 14161 18973
53354 14162 14164
53355 14162 15408
53356 14162 17786
53357 14163 15026
53358 14163 15639
53359 14163 15905
53360 14164 15408
53361 14164 17786
53362 14165 14966
53363 14166 17447
53364 14166 18220
53365 14168 20013
53366 14169 17015
53367 14169 17256
53368 14170 16998
53369 14170 17023
53370 14171 19404
53371 14172 14707
53372 14172 20011
53373 14173 18319
53374 14174 19048
53375 14175 15046
53376 14175 16446
53377 14175 17105
53378 14176 14181
53379 14176 18182
53380 14178 14280
53381 14178 15339
53382 14178 16808
53383 14179 14291
53384 14179 14957
53385 14179 15136
53386 14179 15470
53387 14179 19553
53388 14180 16831
53389 14180 16862
53390 14180 16880
53391 14181 18182
53392 14182 15227
53393 14182 16770
53394 14182 16772
53395 14183 14195
53396 14183 15336
53397 14184 15441
53398 14184 15859
53399 14184 16884
53400 14186 15366
53401 14186 19856
53402 14187 18206
53403 14188 19505
53404 14189 15495
53405 14192 15566
53406 14193 14526
53407 14193 17051
53408 14194 14381
53409 14194 15054
53410 14195 15336
53411 14195 19501
53412 14196 14996
53413 14197 19610
53414 14200 15615
53415 14200 17333
53416 14204 16946
53417 14204 19586
53418 14205 14285
53419 14206 14329
53420 14206 14330
53421 14206 19370
53422 14208 14833
53423 14208 15567
53424 14208 15885
53425 14209 14749
53426 14209 14782
53427 14209 14887
53428 14209 14977
53429 14209 15176
53430 14210 15055
53431 14211 14373
53432 14211 15016
53433 14211 15087
53434 14212 14389
53435 14212 15258
53436 14213 15233
53437 14214 16236
53438 14214 17300
53439 14215 14219
53440 14215 14868
53441 14215 18751
53442 14217 16773
53443 14217 16903
53444 14217 19180
53445 14218 15764
53446 14219 14667
53447 14219 14868
53448 14221 14344
53449 14222 16778
53450 14222 16907
53451 14223 14265
53452 14223 17480
53453 14224 14228
53454 14225 16141
53455 14225 18799
53456 14226 14280
53457 14226 15339
53458 14227 15939
53459 14228 17379
53460 14229 18843
53461 14231 15243
53462 14231 17547
53463 14232 15225
53464 14232 16735
53465 14232 18321
53466 14233 16029
53467 14233 17937
53468 14234 16896
53469 14235 15814
53470 14235 16474
53471 14235 17238
53472 14236 15217
53473 14236 15401
53474 14237 18994
53475 14237 19481
53476 14239 14457
53477 14239 17964
53478 14239 18965
53479 14240 17094
53480 14241 18066
53481 14242 17187
53482 14242 17228
53483 14243 16696
53484 14243 17063
53485 14243 17392
53486 14243 17852
53487 14243 19947
53488 14244 19699
53489 14245 14822
53490 14245 16064
53491 14245 16628
53492 14245 17132
53493 14246 16559
53494 14247 15942
53495 14247 16218
53496 14248 14264
53497 14248 19594
53498 14249 14343
53499 14249 14813
53500 14251 17012
53501 14252 14850
53502 14252 15110
53503 14252 15299
53504 14252 17788
53505 14253 14826
53506 14253 16600
53507 14254 14256
53508 14254 14273
53509 14254 17234
53510 14254 17243
53511 14255 15092
53512 14255 16850
53513 14256 14273
53514 14256 17234
53515 14257 14421
53516 14257 17492
53517 14259 17871
53518 14260 19937
53519 14261 17377
53520 14261 17484
53521 14262 16994
53522 14262 19829
53523 14263 15377
53524 14265 17480
53525 14266 14970
53526 14266 17115
53527 14267 17465
53528 14268 15256
53529 14268 17167
53530 14268 17269
53531 14269 16499
53532 14269 17612
53533 14269 19400
53534 14270 19313
53535 14270 19818
53536 14271 17473
53537 14271 17656
53538 14272 14274
53539 14272 17539
53540 14274 17539
53541 14275 17357
53542 14275 17458
53543 14276 15829
53544 14276 16296
53545 14277 14818
53546 14278 17586
53547 14278 19444
53548 14279 14356
53549 14279 14820
53550 14279 17889
53551 14280 15339
53552 14280 16906
53553 14281 17483
53554 14282 19285
53555 14282 19842
53556 14283 15713
53557 14286 15543
53558 14286 15581
53559 14287 19228
53560 14288 18827
53561 14289 16830
53562 14289 18420
53563 14289 19279
53564 14290 15771
53565 14291 15136
53566 14291 15470
53567 14292 15915
53568 14292 17389
53569 14293 16851
53570 14293 17021
53571 14294 16641
53572 14294 17093
53573 14294 19405
53574 14296 14840
53575 14296 17079
53576 14297 14303
53577 14298 14299
53578 14298 19371
53579 14299 19371
53580 14301 14845
53581 14301 17534
53582 14302 14453
53583 14302 17534
53584 14303 16782
53585 14303 17031
53586 14303 19207
53587 14304 14305
53588 14304 15900
53589 14304 17875
53590 14304 18122
53591 14305 14306
53592 14305 17875
53593 14305 18122
53594 14306 17875
53595 14306 18152
53596 14307 16090
53597 14307 16822
53598 14307 17840
53599 14308 15872
53600 14308 16610
53601 14308 16918
53602 14309 16830
53603 14309 19169
53604 14310 14709
53605 14310 14845
53606 14310 16837
53607 14310 17537
53608 14311 18415
53609 14311 19099
53610 14311 19100
53611 14312 14317
53612 14312 17791
53613 14313 16809
53614 14314 14849
53615 14314 16263
53616 14314 16276
53617 14315 14787
53618 14315 15107
53619 14315 19573
53620 14315 19671
53621 14316 14853
53622 14316 19574
53623 14316 19576
53624 14318 14855
53625 14318 19724
53626 14319 14853
53627 14319 16932
53628 14321 17608
53629 14322 15348
53630 14322 18072
53631 14322 18463
53632 14322 19440
53633 14324 14327
53634 14324 14861
53635 14325 14841
53636 14326 14328
53637 14326 14841
53638 14326 19284
53639 14327 14857
53640 14327 15105
53641 14328 19243
53642 14328 19284
53643 14329 14330
53644 14329 19243
53645 14330 14859
53646 14331 14334
53647 14331 17573
53648 14332 16122
53649 14333 14334
53650 14333 14337
53651 14333 15782
53652 14333 15886
53653 14334 15886
53654 14334 17573
53655 14334 19201
53656 14335 14858
53657 14335 14861
53658 14336 14342
53659 14336 17388
53660 14337 15782
53661 14337 19696
53662 14338 16388
53663 14338 16389
53664 14338 18466
53665 14338 19354
53666 14339 16389
53667 14340 17874
53668 14341 14687
53669 14341 14772
53670 14341 15208
53671 14341 17263
53672 14342 15101
53673 14342 15903
53674 14343 14811
53675 14343 14813
53676 14343 15628
53677 14345 15093
53678 14345 19989
53679 14346 14643
53680 14346 17425
53681 14348 19760
53682 14349 18838
53683 14349 19113
53684 14350 16360
53685 14350 16367
53686 14351 15442
53687 14351 15494
53688 14351 16127
53689 14352 18863
53690 14353 15599
53691 14354 16367
53692 14355 15430
53693 14355 15435
53694 14355 15556
53695 14356 15423
53696 14356 17214
53697 14357 16598
53698 14357 17083
53699 14358 15486
53700 14359 17902
53701 14359 17973
53702 14359 18593
53703 14359 19046
53704 14361 14388
53705 14361 15878
53706 14361 17296
53707 14362 15813
53708 14362 16569
53709 14363 15856
53710 14364 15730
53711 14364 19986
53712 14366 14368
53713 14366 14669
53714 14367 15243
53715 14367 15433
53716 14368 14669
53717 14368 14920
53718 14368 14943
53719 14369 17126
53720 14369 17148
53721 14369 17154
53722 14369 17155
53723 14369 17288
53724 14369 17659
53725 14370 19230
53726 14371 14951
53727 14371 14965
53728 14371 15014
53729 14371 15947
53730 14372 14915
53731 14374 17321
53732 14375 14697
53733 14375 14980
53734 14375 14984
53735 14375 16512
53736 14376 14980
53737 14376 14984
53738 14377 15027
53739 14377 15289
53740 14379 14512
53741 14379 14975
53742 14380 14737
53743 14380 15484
53744 14381 15054
53745 14383 14743
53746 14383 14783
53747 14383 14864
53748 14383 14885
53749 14385 17478
53750 14385 17744
53751 14385 17750
53752 14386 14392
53753 14386 15075
53754 14386 15097
53755 14386 19651
53756 14387 15609
53757 14387 17644
53758 14388 14407
53759 14388 17296
53760 14389 15258
53761 14390 17722
53762 14390 17731
53763 14390 18121
53764 14391 14403
53765 14391 15098
53766 14391 17713
53767 14391 18120
53768 14392 15075
53769 14392 17725
53770 14392 18121
53771 14392 18133
53772 14392 19651
53773 14393 15100
53774 14393 15690
53775 14393 17948
53776 14394 16467
53777 14394 16468
53778 14394 18942
53779 14395 15614
53780 14395 17715
53781 14395 17948
53782 14395 18120
53783 14396 15071
53784 14396 18042
53785 14397 15894
53786 14398 14400
53787 14398 17715
53788 14399 17192
53789 14401 16495
53790 14402 15068
53791 14402 15146
53792 14403 17713
53793 14404 15065
53794 14404 15102
53795 14404 17711
53796 14404 17947
53797 14405 15094
53798 14405 15583
53799 14406 15062
53800 14408 14410
53801 14408 14423
53802 14408 15062
53803 14409 14411
53804 14409 15059
53805 14410 15060
53806 14410 15681
53807 14410 15986
53808 14412 16400
53809 14412 17900
53810 14412 19362
53811 14413 14878
53812 14413 19362
53813 14414 14427
53814 14414 15681
53815 14415 15829
53816 14415 19468
53817 14416 19777
53818 14417 15652
53819 14417 17621
53820 14418 17472
53821 14418 17877
53822 14420 18556
53823 14420 19397
53824 14421 14517
53825 14422 15359
53826 14422 17825
53827 14423 14427
53828 14423 15062
53829 14424 16277
53830 14424 17632
53831 14426 14883
53832 14426 19483
53833 14427 15681
53834 14428 14429
53835 14428 17057
53836 14429 16768
53837 14429 17057
53838 14429 18899
53839 14430 15910
53840 14430 17502
53841 14430 19967
53842 14431 16768
53843 14431 18040
53844 14432 14734
53845 14432 14807
53846 14432 16454
53847 14433 14435
53848 14433 14685
53849 14434 14436
53850 14434 15236
53851 14434 16267
53852 14435 14644
53853 14436 14440
53854 14436 14441
53855 14436 16267
53856 14437 16301
53857 14437 16765
53858 14437 18831
53859 14438 16668
53860 14438 18595
53861 14438 19466
53862 14439 14440
53863 14439 14441
53864 14439 14557
53865 14439 14884
53866 14439 18022
53867 14440 14441
53868 14441 16267
53869 14441 18022
53870 14442 14877
53871 14442 16664
53872 14443 16343
53873 14443 18228
53874 14443 18245
53875 14443 18900
53876 14444 16301
53877 14444 16742
53878 14444 16765
53879 14444 18913
53880 14445 15877
53881 14445 16035
53882 14445 18210
53883 14445 19098
53884 14447 14844
53885 14449 15311
53886 14449 15312
53887 14449 16433
53888 14449 17614
53889 14451 19555
53890 14452 14893
53891 14453 15196
53892 14453 15557
53893 14454 16186
53894 14455 16416
53895 14455 19721
53896 14456 17855
53897 14456 18387
53898 14457 18733
53899 14457 18965
53900 14458 16656
53901 14458 17420
53902 14459 16750
53903 14459 16758
53904 14459 17482
53905 14460 19407
53906 14461 17595
53907 14461 18395
53908 14462 14465
53909 14463 14895
53910 14463 15307
53911 14463 17394
53912 14463 17416
53913 14464 15761
53914 14464 17043
53915 14464 17493
53916 14466 14771
53917 14466 16663
53918 14466 17500
53919 14466 18284
53920 14467 15316
53921 14467 15780
53922 14467 15916
53923 14467 18289
53924 14468 15201
53925 14469 14893
53926 14469 15307
53927 14470 18386
53928 14471 15817
53929 14471 19685
53930 14472 15393
53931 14472 15811
53932 14472 16224
53933 14473 17595
53934 14473 18978
53935 14475 14897
53936 14475 18923
53937 14476 18389
53938 14477 18869
53939 14478 19265
53940 14480 15901
53941 14481 19341
53942 14482 19765
53943 14483 15194
53944 14483 19518
53945 14486 15037
53946 14486 17084
53947 14486 17378
53948 14486 19541
53949 14487 14501
53950 14487 14505
53951 14487 14574
53952 14488 14712
53953 14488 15042
53954 14488 15164
53955 14489 16005
53956 14489 18144
53957 14490 14492
53958 14490 16013
53959 14490 18100
53960 14491 15362
53961 14492 14573
53962 14493 14496
53963 14493 14500
53964 14493 14573
53965 14493 15756
53966 14494 14497
53967 14494 14510
53968 14494 14593
53969 14494 14594
53970 14495 14497
53971 14495 14905
53972 14495 16072
53973 14496 14499
53974 14496 14500
53975 14496 14573
53976 14497 14593
53977 14497 16072
53978 14498 15161
53979 14498 15921
53980 14498 16072
53981 14498 19800
53982 14499 14573
53983 14500 14906
53984 14500 15756
53985 14501 14886
53986 14502 14503
53987 14502 14983
53988 14502 17464
53989 14503 17464
53990 14505 14574
53991 14505 14888
53992 14505 17147
53993 14506 16034
53994 14507 14515
53995 14507 15210
53996 14508 19621
53997 14509 14570
53998 14509 14588
53999 14509 17281
54000 14511 19292
54001 14512 14975
54002 14512 15031
54003 14513 19760
54004 14514 14537
54005 14514 15031
54006 14514 17220
54007 14515 14907
54008 14515 15210
54009 14515 16269
54010 14515 19800
54011 14519 17304
54012 14520 17834
54013 14520 18286
54014 14522 18389
54015 14523 14922
54016 14523 15096
54017 14523 17681
54018 14524 16563
54019 14524 17799
54020 14524 19566
54021 14526 14934
54022 14527 19847
54023 14528 17235
54024 14528 17253
54025 14528 19558
54026 14529 17836
54027 14530 16393
54028 14530 16753
54029 14531 14902
54030 14531 15316
54031 14531 15780
54032 14532 15245
54033 14532 15248
54034 14532 16344
54035 14532 16399
54036 14532 17454
54037 14533 19499
54038 14534 15647
54039 14534 18887
54040 14534 19504
54041 14535 14872
54042 14535 16619
54043 14536 17344
54044 14537 15031
54045 14537 17220
54046 14537 17221
54047 14538 14544
54048 14538 14545
54049 14539 17008
54050 14539 17837
54051 14539 17886
54052 14539 18366
54053 14540 14601
54054 14540 14720
54055 14540 18667
54056 14543 15936
54057 14543 18922
54058 14543 19333
54059 14544 17395
54060 14544 17446
54061 14544 18114
54062 14545 16745
54063 14546 14933
54064 14546 17448
54065 14547 15250
54066 14547 16388
54067 14547 18959
54068 14548 16002
54069 14548 18619
54070 14549 14789
54071 14549 19496
54072 14550 17453
54073 14550 17455
54074 14550 19357
54075 14551 15680
54076 14551 17216
54077 14552 15073
54078 14552 19965
54079 14553 16336
54080 14553 17457
54081 14553 17703
54082 14554 15539
54083 14555 16337
54084 14555 16369
54085 14555 16403
54086 14556 15238
54087 14556 16406
54088 14557 14884
54089 14557 16260
54090 14557 17897
54091 14557 18022
54092 14558 16302
54093 14559 15978
54094 14559 16038
54095 14559 18929
54096 14559 19639
54097 14560 15491
54098 14560 19709
54099 14561 14582
54100 14561 15772
54101 14562 16068
54102 14562 17356
54103 14564 15560
54104 14565 15195
54105 14565 19429
54106 14566 17174
54107 14566 19004
54108 14566 19081
54109 14567 17651
54110 14568 17651
54111 14568 19373
54112 14569 14571
54113 14569 15703
54114 14570 14588
54115 14570 15050
54116 14571 15703
54117 14571 17137
54118 14572 14575
54119 14572 14903
54120 14572 15298
54121 14574 14888
54122 14574 16065
54123 14574 16364
54124 14576 16730
54125 14577 14928
54126 14577 19718
54127 14578 15041
54128 14578 15300
54129 14579 17832
54130 14580 16444
54131 14580 18549
54132 14581 14903
54133 14581 15298
54134 14581 16826
54135 14582 15772
54136 14582 17666
54137 14583 14584
54138 14583 14921
54139 14583 14968
54140 14583 16264
54141 14584 14585
54142 14584 14616
54143 14584 15129
54144 14584 16264
54145 14585 14616
54146 14586 15036
54147 14586 17714
54148 14587 14599
54149 14587 14605
54150 14587 14705
54151 14588 17281
54152 14590 14606
54153 14590 15024
54154 14590 15691
54155 14591 14700
54156 14591 18150
54157 14592 14622
54158 14592 15118
54159 14592 15255
54160 14593 14594
54161 14593 15346
54162 14594 15035
54163 14594 15346
54164 14595 18861
54165 14595 19988
54166 14597 18615
54167 14598 16928
54168 14598 17829
54169 14600 15035
54170 14600 16262
54171 14601 15018
54172 14601 15203
54173 14601 18667
54174 14603 18327
54175 14603 18933
54176 14603 19391
54177 14605 15118
54178 14605 16256
54179 14606 15018
54180 14606 15203
54181 14606 15691
54182 14606 17792
54183 14607 14959
54184 14607 15069
54185 14608 14964
54186 14608 19560
54187 14609 19715
54188 14609 19765
54189 14610 14612
54190 14610 17617
54191 14610 18302
54192 14611 15898
54193 14613 16631
54194 14613 17068
54195 14613 18807
54196 14614 14969
54197 14614 15003
54198 14614 15013
54199 14614 15077
54200 14614 15356
54201 14614 19302
54202 14615 14695
54203 14615 15167
54204 14616 14617
54205 14616 15129
54206 14617 14618
54207 14617 15129
54208 14617 16256
54209 14618 15129
54210 14618 15142
54211 14618 16264
54212 14619 16583
54213 14619 19647
54214 14620 14627
54215 14620 16077
54216 14620 17581
54217 14621 15139
54218 14621 15174
54219 14621 19925
54220 14622 15025
54221 14622 15255
54222 14622 16262
54223 14622 16575
54224 14623 14627
54225 14623 17587
54226 14623 19632
54227 14623 19925
54228 14624 14625
54229 14624 14638
54230 14624 15121
54231 14624 15251
54232 14624 16573
54233 14625 15251
54234 14625 16573
54235 14626 14856
54236 14626 14859
54237 14628 17011
54238 14628 18084
54239 14629 14632
54240 14629 15246
54241 14629 15285
54242 14630 19669
54243 14632 14689
54244 14633 14652
54245 14635 15689
54246 14635 19534
54247 14636 16698
54248 14636 17343
54249 14637 14649
54250 14637 14916
54251 14637 15367
54252 14637 19483
54253 14638 15121
54254 14638 19632
54255 14640 14641
54256 14640 15121
54257 14640 16573
54258 14640 17587
54259 14640 19632
54260 14641 17587
54261 14642 16709
54262 14645 15124
54263 14645 15133
54264 14647 15148
54265 14648 16624
54266 14648 19476
54267 14649 14916
54268 14649 19534
54269 14650 15124
54270 14650 15237
54271 14651 16434
54272 14651 16706
54273 14653 17241
54274 14654 14714
54275 14654 15143
54276 14655 16193
54277 14655 18448
54278 14656 15122
54279 14656 16077
54280 14656 17581
54281 14657 14713
54282 14657 15173
54283 14657 15174
54284 14657 19472
54285 14658 15346
54286 14658 15921
54287 14658 18183
54288 14658 19438
54289 14659 14704
54290 14659 15142
54291 14659 15172
54292 14660 15119
54293 14661 15924
54294 14662 17034
54295 14662 17719
54296 14663 18259
54297 14663 18260
54298 14663 18305
54299 14663 18487
54300 14663 18651
54301 14663 18844
54302 14664 15092
54303 14664 16715
54304 14665 17377
54305 14665 17484
54306 14666 14670
54307 14666 14743
54308 14666 14749
54309 14666 14864
54310 14666 15153
54311 14666 15176
54312 14667 16615
54313 14669 14931
54314 14670 14864
54315 14672 15456
54316 14672 15806
54317 14673 16622
54318 14674 14989
54319 14674 18209
54320 14674 19824
54321 14675 14746
54322 14675 14747
54323 14675 14996
54324 14675 17299
54325 14676 14679
54326 14677 16073
54327 14677 16977
54328 14677 19377
54329 14678 14919
54330 14678 15013
54331 14678 15081
54332 14679 15156
54333 14680 16066
54334 14680 18055
54335 14680 18183
54336 14681 15683
54337 14682 15683
54338 14682 17717
54339 14683 16655
54340 14684 14712
54341 14684 14886
54342 14684 14976
54343 14684 15042
54344 14684 18063
54345 14686 15689
54346 14686 16281
54347 14686 17525
54348 14687 15207
54349 14688 15663
54350 14688 17198
54351 14688 17746
54352 14690 16226
54353 14691 14976
54354 14691 16168
54355 14693 14700
54356 14693 17152
54357 14694 17046
54358 14694 19227
54359 14695 15167
54360 14696 15052
54361 14696 18160
54362 14697 14797
54363 14699 15153
54364 14699 15176
54365 14700 18150
54366 14701 15175
54367 14702 17125
54368 14703 15170
54369 14704 15144
54370 14704 15172
54371 14707 14757
54372 14707 14912
54373 14707 20011
54374 14708 14710
54375 14708 14716
54376 14708 17144
54377 14709 16837
54378 14709 17537
54379 14709 19620
54380 14710 14716
54381 14711 17139
54382 14711 17890
54383 14712 14976
54384 14712 15042
54385 14713 15173
54386 14713 18110
54387 14713 19472
54388 14714 15143
54389 14715 15154
54390 14715 19472
54391 14716 15945
54392 14716 17139
54393 14717 16666
54394 14717 16669
54395 14717 17161
54396 14718 15380
54397 14718 17342
54398 14718 19332
54399 14719 15878
54400 14719 17449
54401 14720 15030
54402 14722 19059
54403 14722 19317
54404 14723 18613
54405 14724 16998
54406 14725 15371
54407 14725 16058
54408 14725 16953
54409 14726 20029
54410 14727 15971
54411 14727 16955
54412 14727 16958
54413 14727 19387
54414 14728 18416
54415 14728 18419
54416 14728 19124
54417 14729 15397
54418 14730 14832
54419 14730 15575
54420 14731 16971
54421 14732 15554
54422 14732 16971
54423 14733 15788
54424 14733 17850
54425 14733 19886
54426 14734 16454
54427 14734 18093
54428 14735 16809
54429 14735 19578
54430 14736 17917
54431 14736 17937
54432 14736 18469
54433 14737 14997
54434 14738 16060
54435 14740 15474
54436 14740 17583
54437 14740 18784
54438 14740 19449
54439 14740 19698
54440 14741 16832
54441 14741 18695
54442 14741 19328
54443 14742 19282
54444 14743 14749
54445 14743 14783
54446 14743 14864
54447 14744 16914
54448 14744 19353
54449 14745 17088
54450 14745 17150
54451 14745 17169
54452 14745 17171
54453 14745 17566
54454 14745 18323
54455 14746 14747
54456 14747 14988
54457 14748 15095
54458 14749 14887
54459 14749 15176
54460 14750 14782
54461 14751 18997
54462 14752 19712
54463 14754 18096
54464 14755 16180
54465 14755 16577
54466 14757 17984
54467 14757 20011
54468 14758 18221
54469 14759 18580
54470 14761 15405
54471 14761 19784
54472 14762 15821
54473 14762 15922
54474 14762 19134
54475 14764 15818
54476 14765 18000
54477 14766 14982
54478 14766 15021
54479 14766 18820
54480 14767 15788
54481 14767 19884
54482 14767 19886
54483 14768 17664
54484 14768 18898
54485 14768 18924
54486 14769 17797
54487 14770 15802
54488 14770 17390
54489 14770 17589
54490 14771 17500
54491 14772 14810
54492 14772 15208
54493 14772 16361
54494 14772 17263
54495 14774 19165
54496 14776 16063
54497 14777 16105
54498 14777 18533
54499 14778 16491
54500 14778 17578
54501 14778 18418
54502 14779 18605
54503 14781 15390
54504 14781 18110
54505 14782 14977
54506 14782 15176
54507 14785 14971
54508 14786 19269
54509 14787 19573
54510 14787 19724
54511 14788 17303
54512 14789 15102
54513 14790 17924
54514 14790 18982
54515 14790 19932
54516 14791 18817
54517 14792 17644
54518 14792 17647
54519 14793 15016
54520 14793 15087
54521 14793 18162
54522 14796 16773
54523 14796 16780
54524 14797 14885
54525 14798 16570
54526 14798 17170
54527 14798 17285
54528 14799 18975
54529 14800 18373
54530 14801 18184
54531 14802 15324
54532 14804 19608
54533 14805 15478
54534 14806 18080
54535 14806 19935
54536 14808 15543
54537 14810 16361
54538 14810 17263
54539 14811 15628
54540 14811 16227
54541 14812 19110
54542 14812 19160
54543 14813 19285
54544 14814 16989
54545 14815 15563
54546 14816 16450
54547 14816 17008
54548 14816 18074
54549 14816 18366
54550 14816 18367
54551 14816 19384
54552 14818 17175
54553 14820 17889
54554 14821 15598
54555 14821 18441
54556 14821 18475
54557 14822 15019
54558 14822 16064
54559 14823 15213
54560 14823 16800
54561 14823 17665
54562 14824 14958
54563 14824 14967
54564 14826 18211
54565 14827 17739
54566 14828 16777
54567 14829 15999
54568 14830 18836
54569 14831 15955
54570 14831 17738
54571 14831 18941
54572 14832 15575
54573 14833 15567
54574 14833 18499
54575 14834 18117
54576 14834 19155
54577 14834 19182
54578 14835 18118
54579 14835 19841
54580 14837 16824
54581 14838 16806
54582 14838 17097
54583 14840 17093
54584 14840 19405
54585 14842 16865
54586 14843 19599
54587 14843 19842
54588 14844 19130
54589 14845 16837
54590 14846 15747
54591 14846 17974
54592 14846 19619
54593 14847 19620
54594 14848 16851
54595 14848 17370
54596 14849 16263
54597 14849 17028
54598 14850 15110
54599 14850 17123
54600 14850 17155
54601 14850 17196
54602 14852 16290
54603 14852 17916
54604 14852 19567
54605 14852 19671
54606 14853 16932
54607 14855 19724
54608 14857 15105
54609 14857 19634
54610 14858 15903
54611 14858 16901
54612 14860 16704
54613 14860 17975
54614 14862 18730
54615 14866 16032
54616 14867 19758
54617 14868 18751
54618 14869 19661
54619 14870 18765
54620 14871 15014
54621 14871 15774
54622 14871 15947
54623 14871 16858
54624 14873 15335
54625 14873 17814
54626 14873 18865
54627 14874 17308
54628 14875 17389
54629 14876 15555
54630 14876 18583
54631 14877 17410
54632 14878 18261
54633 14878 19362
54634 14880 17922
54635 14880 19341
54636 14881 15126
54637 14881 18781
54638 14882 17601
54639 14882 18510
54640 14883 15851
54641 14883 17457
54642 14884 16260
54643 14886 15042
54644 14886 18063
54645 14887 14977
54646 14887 15040
54647 14888 14908
54648 14888 16364
54649 14888 17147
54650 14889 18116
54651 14890 15766
54652 14890 19731
54653 14891 16321
54654 14891 18673
54655 14892 17714
54656 14894 15624
54657 14894 16092
54658 14894 19352
54659 14894 19355
54660 14895 15307
54661 14897 18923
54662 14898 14993
54663 14898 17565
54664 14899 15544
54665 14899 16898
54666 14899 17835
54667 14899 18650
54668 14900 16561
54669 14900 19790
54670 14901 15882
54671 14901 18359
54672 14903 15039
54673 14903 15298
54674 14904 17845
54675 14904 19667
54676 14905 16072
54677 14905 16269
54678 14906 14907
54679 14906 15050
54680 14906 15712
54681 14906 15756
54682 14907 15712
54683 14907 15756
54684 14907 16269
54685 14908 17147
54686 14910 14986
54687 14911 16213
54688 14911 19373
54689 14912 15709
54690 14912 15794
54691 14913 15351
54692 14916 19483
54693 14917 16781
54694 14917 17891
54695 14919 14951
54696 14919 15089
54697 14920 14943
54698 14920 14989
54699 14920 14994
54700 14920 18209
54701 14921 14968
54702 14922 15834
54703 14922 17681
54704 14924 15015
54705 14924 15093
54706 14924 15708
54707 14924 15808
54708 14925 14987
54709 14925 14990
54710 14926 17880
54711 14927 15520
54712 14927 16220
54713 14930 17176
54714 14931 14995
54715 14932 14962
54716 14932 17390
54717 14932 17589
54718 14933 17448
54719 14935 17468
54720 14935 19815
54721 14936 14938
54722 14936 18608
54723 14937 15239
54724 14937 16399
54725 14937 16856
54726 14937 19361
54727 14939 18967
54728 14940 17916
54729 14942 16909
54730 14942 19209
54731 14943 14994
54732 14944 14995
54733 14944 15009
54734 14946 15545
54735 14948 18360
54736 14949 15826
54737 14949 16807
54738 14949 17493
54739 14951 15089
54740 14951 15947
54741 14952 19702
54742 14953 15086
54743 14953 19843
54744 14953 20009
54745 14954 17203
54746 14954 17225
54747 14955 15003
54748 14956 14994
54749 14957 15136
54750 14957 15949
54751 14957 19553
54752 14959 15011
54753 14959 15069
54754 14960 15684
54755 14960 18813
54756 14961 18039
54757 14963 17078
54758 14963 19986
54759 14964 15887
54760 14964 19560
54761 14965 18027
54762 14966 17513
54763 14967 15083
54764 14969 15020
54765 14969 15356
54766 14969 15774
54767 14969 19302
54768 14970 17115
54769 14971 16859
54770 14972 16454
54771 14978 16086
54772 14978 16854
54773 14980 14984
54774 14980 16512
54775 14981 17460
54776 14981 17604
54777 14981 19419
54778 14982 15021
54779 14988 15219
54780 14989 14994
54781 14989 15284
54782 14989 18209
54783 14991 15057
54784 14991 15090
54785 14992 18293
54786 14992 19458
54787 14993 14999
54788 14993 17565
54789 14995 15009
54790 14996 15219
54791 14996 17299
54792 14997 15216
54793 14998 15009
54794 14998 15081
54795 14998 17817
54796 14999 17271
54797 14999 19109
54798 15000 19109
54799 15001 17685
54800 15001 19132
54801 15002 15082
54802 15002 17078
54803 15003 15077
54804 15003 15356
54805 15004 18055
54806 15004 18061
54807 15004 19438
54808 15005 15017
54809 15007 15147
54810 15008 15667
54811 15008 17946
54812 15009 17817
54813 15010 18282
54814 15012 15128
54815 15012 15150
54816 15012 15728
54817 15012 16848
54818 15013 15077
54819 15013 15081
54820 15013 19302
54821 15014 15947
54822 15014 16858
54823 15015 15708
54824 15016 15087
54825 15016 18162
54826 15018 15203
54827 15018 17792
54828 15018 18667
54829 15019 15648
54830 15020 15095
54831 15020 15356
54832 15021 19322
54833 15022 18426
54834 15025 15036
54835 15025 16262
54836 15026 15381
54837 15026 15639
54838 15026 15905
54839 15027 15289
54840 15027 15438
54841 15027 15534
54842 15028 15663
54843 15028 15746
54844 15028 17198
54845 15028 18100
54846 15029 16284
54847 15029 18224
54848 15029 18256
54849 15029 19118
54850 15032 15941
54851 15032 17826
54852 15033 15364
54853 15033 19571
54854 15034 15274
54855 15034 19824
54856 15035 15346
54857 15037 17773
54858 15037 19527
54859 15037 19541
54860 15038 15048
54861 15038 15698
54862 15041 15302
54863 15043 19010
54864 15043 19206
54865 15044 18903
54866 15045 17640
54867 15046 16436
54868 15046 18090
54869 15048 15698
54870 15048 16986
54871 15048 18620
54872 15049 15248
54873 15049 16333
54874 15049 16386
54875 15049 16397
54876 15049 16546
54877 15050 15712
54878 15051 18261
54879 15053 16000
54880 15053 18292
54881 15053 18313
54882 15054 19366
54883 15054 19801
54884 15055 15871
54885 15055 17941
54886 15056 18156
54887 15056 18556
54888 15057 16578
54889 15057 18249
54890 15057 18909
54891 15059 15986
54892 15059 19713
54893 15063 15449
54894 15063 16408
54895 15063 18436
54896 15065 15102
54897 15065 17947
54898 15066 18597
54899 15067 15776
54900 15067 19951
54901 15068 15894
54902 15069 20038
54903 15070 15352
54904 15070 18948
54905 15071 15690
54906 15071 15894
54907 15072 16820
54908 15073 15760
54909 15073 15775
54910 15073 19965
54911 15074 17909
54912 15075 15097
54913 15076 18075
54914 15076 18717
54915 15077 17883
54916 15078 15361
54917 15078 15574
54918 15079 19885
54919 15080 17603
54920 15082 17078
54921 15082 17589
54922 15084 15517
54923 15085 18790
54924 15086 18970
54925 15086 19843
54926 15088 15091
54927 15088 16727
54928 15091 17425
54929 15092 16850
54930 15093 19989
54931 15094 19735
54932 15097 15574
54933 15097 19740
54934 15098 18050
54935 15098 18120
54936 15099 15733
54937 15100 15111
54938 15100 15614
54939 15100 17948
54940 15100 18046
54941 15100 18059
54942 15101 15903
54943 15101 16901
54944 15105 19696
54945 15106 15527
54946 15106 15652
54947 15106 19225
54948 15108 15110
54949 15108 15299
54950 15108 17659
54951 15109 18334
54952 15109 18918
54953 15109 19873
54954 15110 15299
54955 15110 17155
54956 15110 17659
54957 15111 15614
54958 15111 18045
54959 15111 18056
54960 15111 18059
54961 15113 17041
54962 15113 18062
54963 15114 16632
54964 15114 16656
54965 15114 18577
54966 15114 18963
54967 15115 16002
54968 15116 16793
54969 15117 16211
54970 15117 18474
54971 15118 15255
54972 15120 15904
54973 15121 16573
54974 15121 19632
54975 15122 15234
54976 15122 15989
54977 15123 16258
54978 15124 15237
54979 15125 15249
54980 15126 18781
54981 15127 16859
54982 15128 15150
54983 15128 16848
54984 15128 17919
54985 15129 16264
54986 15132 16795
54987 15132 17343
54988 15132 17489
54989 15133 15845
54990 15134 16017
54991 15137 17111
54992 15137 19533
54993 15138 15428
54994 15139 15989
54995 15139 19925
54996 15141 15144
54997 15141 15187
54998 15145 15554
54999 15145 17003
55000 15146 17329
55001 15149 15806
55002 15151 17945
55003 15151 19774
55004 15153 15176
55005 15155 15918
55006 15155 19484
55007 15156 15210
55008 15156 15746
55009 15158 19050
55010 15159 15729
55011 15159 18029
55012 15161 15921
55013 15161 19800
55014 15162 19702
55015 15163 19434
55016 15164 16785
55017 15165 15321
55018 15165 17466
55019 15165 18044
55020 15166 17701
55021 15168 17965
55022 15169 17347
55023 15170 17121
55024 15170 17558
55025 15170 17559
55026 15171 15172
55027 15171 15177
55028 15171 15178
55029 15171 17102
55030 15171 17138
55031 15172 15177
55032 15173 17199
55033 15175 17125
55034 15177 17138
55035 15177 17459
55036 15178 15184
55037 15178 17102
55038 15178 17106
55039 15178 17280
55040 15178 17566
55041 15179 16303
55042 15180 17004
55043 15181 15580
55044 15181 16190
55045 15181 16675
55046 15181 18296
55047 15182 15928
55048 15182 16208
55049 15182 16548
55050 15183 16024
55051 15183 16663
55052 15184 15187
55053 15184 17280
55054 15186 19006
55055 15186 19173
55056 15186 19358
55057 15188 17467
55058 15190 18192
55059 15191 15626
55060 15191 18410
55061 15192 16006
55062 15192 17760
55063 15192 18724
55064 15192 19749
55065 15193 17009
55066 15193 17018
55067 15194 15259
55068 15195 19162
55069 15196 15557
55070 15198 15247
55071 15199 16169
55072 15199 16504
55073 15199 16595
55074 15199 17629
55075 15200 18086
55076 15201 18784
55077 15202 15244
55078 15205 16445
55079 15209 16345
55080 15209 16356
55081 15209 17641
55082 15209 19389
55083 15210 19800
55084 15212 16676
55085 15212 18040
55086 15213 16800
55087 15214 15283
55088 15214 17844
55089 15214 19393
55090 15215 15271
55091 15215 15288
55092 15215 16174
55093 15215 17628
55094 15215 19386
55095 15217 15401
55096 15218 15694
55097 15220 15799
55098 15220 15880
55099 15220 18524
55100 15220 19781
55101 15221 15620
55102 15221 17135
55103 15223 15253
55104 15223 15263
55105 15223 15936
55106 15224 15875
55107 15224 18274
55108 15225 18739
55109 15227 16772
55110 15228 15617
55111 15228 18655
55112 15229 16437
55113 15229 17610
55114 15230 16978
55115 15232 15357
55116 15232 16493
55117 15232 19061
55118 15234 15989
55119 15235 15523
55120 15235 15536
55121 15235 15605
55122 15235 18002
55123 15236 16302
55124 15236 19801
55125 15238 16270
55126 15238 19366
55127 15239 16856
55128 15240 17831
55129 15241 15245
55130 15241 17457
55131 15241 19361
55132 15242 15261
55133 15242 16366
55134 15242 16582
55135 15242 17344
55136 15244 15264
55137 15245 16399
55138 15245 17454
55139 15245 19361
55140 15246 15285
55141 15246 17631
55142 15247 17580
55143 15248 16319
55144 15248 16397
55145 15248 17454
55146 15249 15845
55147 15250 16390
55148 15250 18959
55149 15250 19097
55150 15250 19381
55151 15251 18885
55152 15252 15784
55153 15252 17924
55154 15253 17594
55155 15253 18222
55156 15254 19590
55157 15255 16069
55158 15255 16575
55159 15257 16545
55160 15257 18291
55161 15258 18103
55162 15259 19234
55163 15260 17660
55164 15260 19935
55165 15261 16582
55166 15262 16493
55167 15262 18518
55168 15262 19411
55169 15263 15580
55170 15263 16158
55171 15265 15650
55172 15265 17969
55173 15265 18247
55174 15266 18427
55175 15266 19125
55176 15267 15313
55177 15267 17723
55178 15267 18051
55179 15268 15277
55180 15269 16423
55181 15270 15490
55182 15270 18401
55183 15271 15288
55184 15271 16136
55185 15271 16949
55186 15271 17724
55187 15271 19386
55188 15272 18368
55189 15272 19470
55190 15274 19824
55191 15275 16372
55192 15275 18298
55193 15276 17575
55194 15276 17624
55195 15278 15388
55196 15278 18690
55197 15278 19943
55198 15279 15281
55199 15279 16166
55200 15280 15687
55201 15280 19103
55202 15281 17897
55203 15283 19393
55204 15284 17793
55205 15286 16519
55206 15286 17179
55207 15287 16128
55208 15287 17625
55209 15288 16949
55210 15290 17780
55211 15291 19581
55212 15292 18649
55213 15292 19840
55214 15292 19928
55215 15293 15725
55216 15293 16244
55217 15293 16722
55218 15293 17569
55219 15295 18315
55220 15296 16921
55221 15296 17035
55222 15296 19233
55223 15298 16826
55224 15298 17720
55225 15301 16247
55226 15301 16252
55227 15302 16826
55228 15302 17720
55229 15302 19017
55230 15303 19494
55231 15304 15725
55232 15304 16246
55233 15304 16728
55234 15304 17658
55235 15304 18189
55236 15305 16432
55237 15305 16437
55238 15305 16728
55239 15306 15472
55240 15306 17813
55241 15306 19025
55242 15307 17394
55243 15308 19036
55244 15309 19688
55245 15310 16632
55246 15310 16656
55247 15310 17614
55248 15311 17614
55249 15312 16433
55250 15312 16750
55251 15312 16752
55252 15313 15444
55253 15313 16080
55254 15313 18051
55255 15314 15839
55256 15314 18394
55257 15314 19412
55258 15314 19420
55259 15315 15417
55260 15316 15780
55261 15317 19212
55262 15319 16098
55263 15319 17523
55264 15319 18694
55265 15319 19896
55266 15321 17466
55267 15321 17535
55268 15322 19510
55269 15325 15634
55270 15325 15685
55271 15326 16811
55272 15326 17239
55273 15326 17254
55274 15328 17165
55275 15328 18375
55276 15329 17440
55277 15329 18859
55278 15332 16036
55279 15332 17748
55280 15332 17932
55281 15332 18217
55282 15333 18712
55283 15335 17814
55284 15335 18865
55285 15337 19303
55286 15337 19531
55287 15338 18135
55288 15338 18407
55289 15340 18658
55290 15340 19272
55291 15341 16769
55292 15342 17337
55293 15344 15773
55294 15344 17101
55295 15344 17546
55296 15344 19146
55297 15345 17127
55298 15346 19438
55299 15347 18801
55300 15348 16522
55301 15348 16604
55302 15348 18072
55303 15348 18463
55304 15349 15598
55305 15349 15775
55306 15349 17670
55307 15349 18091
55308 15349 18441
55309 15350 16943
55310 15350 18253
55311 15353 15980
55312 15353 18166
55313 15353 18507
55314 15353 18526
55315 15353 18808
55316 15354 15576
55317 15354 17245
55318 15354 19314
55319 15354 19618
55320 15355 16331
55321 15355 18987
55322 15358 19314
55323 15358 19497
55324 15359 17825
55325 15360 18580
55326 15360 19491
55327 15361 18969
55328 15362 19513
55329 15364 16623
55330 15364 19571
55331 15365 15403
55332 15365 15434
55333 15365 18006
55334 15366 18263
55335 15367 17525
55336 15368 16055
55337 15368 19853
55338 15369 16272
55339 15369 16518
55340 15371 16058
55341 15371 17006
55342 15372 18475
55343 15373 15425
55344 15373 15589
55345 15376 16820
55346 15376 19525
55347 15377 17490
55348 15379 16257
55349 15379 18330
55350 15380 16376
55351 15380 16548
55352 15380 17342
55353 15380 18871
55354 15381 15603
55355 15381 15639
55356 15381 19334
55357 15382 16744
55358 15382 17702
55359 15382 18951
55360 15384 17425
55361 15385 15386
55362 15385 15575
55363 15385 15585
55364 15387 16619
55365 15387 18781
55366 15387 18926
55367 15388 15985
55368 15388 18690
55369 15388 19943
55370 15389 18980
55371 15389 19770
55372 15389 19831
55373 15391 19572
55374 15392 16247
55375 15392 19678
55376 15393 17494
55377 15393 17528
55378 15395 15398
55379 15396 19115
55380 15399 18587
55381 15400 16873
55382 15402 15549
55383 15402 15588
55384 15403 18006
55385 15404 16551
55386 15404 18200
55387 15404 19303
55388 15406 17298
55389 15406 18093
55390 15407 16279
55391 15407 17270
55392 15409 17131
55393 15411 19221
55394 15412 15629
55395 15417 15424
55396 15417 19520
55397 15418 15791
55398 15418 19817
55399 15420 15692
55400 15422 17107
55401 15424 17827
55402 15424 19520
55403 15427 17710
55404 15429 16811
55405 15430 15556
55406 15431 16939
55407 15431 18885
55408 15432 15435
55409 15432 15439
55410 15433 17290
55411 15433 17550
55412 15435 19218
55413 15436 17294
55414 15437 15497
55415 15437 15859
55416 15437 16923
55417 15438 15534
55418 15439 15501
55419 15439 15548
55420 15440 15445
55421 15440 17003
55422 15440 17013
55423 15441 15859
55424 15441 16884
55425 15441 17949
55426 15443 17011
55427 15443 19141
55428 15444 18051
55429 15444 18115
55430 15444 18196
55431 15445 15465
55432 15445 16991
55433 15445 17013
55434 15446 15516
55435 15447 16197
55436 15447 17029
55437 15448 17674
55438 15448 19899
55439 15448 19921
55440 15449 16408
55441 15450 16635
55442 15450 18835
55443 15451 15487
55444 15451 15502
55445 15452 17822
55446 15452 17943
55447 15452 18025
55448 15452 19809
55449 15452 20028
55450 15453 17370
55451 15454 15748
55452 15454 16231
55453 15454 16488
55454 15454 16595
55455 15456 15806
55456 15456 16255
55457 15457 16726
55458 15457 17152
55459 15458 19961
55460 15461 16022
55461 15462 19136
55462 15463 15485
55463 15463 16981
55464 15463 16982
55465 15464 17072
55466 15464 17397
55467 15465 15468
55468 15465 16991
55469 15466 17376
55470 15467 16158
55471 15467 16480
55472 15467 16680
55473 15467 16776
55474 15467 17059
55475 15468 16991
55476 15472 19025
55477 15473 18161
55478 15474 19449
55479 15476 15510
55480 15477 16889
55481 15479 15793
55482 15481 19577
55483 15482 17465
55484 15483 17128
55485 15483 18406
55486 15485 15550
55487 15485 16981
55488 15487 15550
55489 15487 16887
55490 15489 15526
55491 15489 17009
55492 15489 17018
55493 15489 19128
55494 15490 18401
55495 15491 19709
55496 15493 16983
55497 15494 16127
55498 15496 15642
55499 15496 19960
55500 15497 15549
55501 15497 16923
55502 15498 16887
55503 15500 17005
55504 15501 15504
55505 15501 15548
55506 15501 15553
55507 15502 15552
55508 15503 15552
55509 15503 15553
55510 15504 15552
55511 15504 15553
55512 15506 16874
55513 15507 17879
55514 15508 18368
55515 15509 17797
55516 15509 18058
55517 15509 19684
55518 15511 15512
55519 15511 18499
55520 15512 15618
55521 15513 17926
55522 15513 17959
55523 15513 18336
55524 15513 18711
55525 15513 18964
55526 15514 17822
55527 15514 18252
55528 15515 17511
55529 15517 18829
55530 15517 19835
55531 15518 16352
55532 15518 16527
55533 15518 19364
55534 15519 16952
55535 15519 16998
55536 15519 17023
55537 15520 16220
55538 15520 17208
55539 15521 16286
55540 15521 18355
55541 15521 18431
55542 15522 15541
55543 15522 19453
55544 15522 19611
55545 15523 15536
55546 15523 15605
55547 15524 18726
55548 15525 15652
55549 15526 15662
55550 15526 17018
55551 15526 19128
55552 15527 15652
55553 15528 17077
55554 15528 17274
55555 15528 19685
55556 15529 15927
55557 15529 16419
55558 15529 18244
55559 15529 19278
55560 15530 16479
55561 15530 18993
55562 15531 16016
55563 15531 18339
55564 15531 18445
55565 15531 18447
55566 15531 18912
55567 15532 16146
55568 15532 18097
55569 15532 19876
55570 15535 16864
55571 15535 19785
55572 15537 16864
55573 15537 16942
55574 15538 18117
55575 15538 19155
55576 15541 19453
55577 15541 19942
55578 15544 15545
55579 15544 16882
55580 15544 17835
55581 15545 16882
55582 15546 19141
55583 15547 17351
55584 15548 15556
55585 15549 15586
55586 15549 15588
55587 15550 16887
55588 15552 15553
55589 15554 16971
55590 15554 17003
55591 15557 19610
55592 15558 16249
55593 15558 17991
55594 15558 18152
55595 15558 19961
55596 15559 19863
55597 15560 19830
55598 15561 19517
55599 15562 15953
55600 15562 16137
55601 15562 16840
55602 15563 17016
55603 15564 17088
55604 15564 17193
55605 15564 17265
55606 15565 19641
55607 15566 19799
55608 15567 15885
55609 15567 18499
55610 15568 15999
55611 15568 17988
55612 15568 18835
55613 15569 18469
55614 15570 18128
55615 15570 19553
55616 15571 17422
55617 15571 18010
55618 15572 16445
55619 15572 16992
55620 15574 19740
55621 15576 17245
55622 15576 19314
55623 15576 19497
55624 15577 15751
55625 15577 19368
55626 15578 15922
55627 15578 19170
55628 15580 16190
55629 15582 15847
55630 15582 16417
55631 15584 19595
55632 15586 15588
55633 15587 15767
55634 15587 16119
55635 15587 17618
55636 15587 18417
55637 15589 19526
55638 15589 19742
55639 15591 19160
55640 15592 16103
55641 15592 17615
55642 15592 18594
55643 15592 18881
55644 15593 16047
55645 15593 19898
55646 15595 17855
55647 15596 18094
55648 15596 18450
55649 15597 19883
55650 15597 20009
55651 15598 18091
55652 15598 18348
55653 15598 18441
55654 15600 18264
55655 15600 18268
55656 15600 18336
55657 15600 18479
55658 15601 18457
55659 15602 15679
55660 15602 18455
55661 15602 20015
55662 15603 16357
55663 15604 18403
55664 15605 16449
55665 15606 15617
55666 15606 17921
55667 15606 19149
55668 15607 15608
55669 15608 15813
55670 15609 17808
55671 15609 18602
55672 15610 18363
55673 15610 18364
55674 15612 18329
55675 15612 18591
55676 15614 17948
55677 15615 17333
55678 15616 16308
55679 15616 19580
55680 15617 19149
55681 15619 18103
55682 15621 18572
55683 15621 19195
55684 15622 15830
55685 15622 18570
55686 15622 19337
55687 15623 19037
55688 15624 16092
55689 15624 16283
55690 15624 17636
55691 15625 18414
55692 15625 18415
55693 15625 19060
55694 15627 16181
55695 15629 16079
55696 15631 17794
55697 15632 16170
55698 15632 18914
55699 15632 19385
55700 15633 15635
55701 15633 17053
55702 15633 18179
55703 15633 19998
55704 15634 15969
55705 15635 17815
55706 15635 18179
55707 15635 19998
55708 15636 17032
55709 15637 19085
55710 15638 18016
55711 15639 19334
55712 15640 19060
55713 15640 19102
55714 15640 19317
55715 15641 16121
55716 15641 16449
55717 15641 16456
55718 15644 18468
55719 15644 18633
55720 15644 18947
55721 15645 19536
55722 15647 16464
55723 15647 17368
55724 15647 19504
55725 15649 19543
55726 15650 17496
55727 15650 17969
55728 15651 17226
55729 15653 19554
55730 15653 19673
55731 15654 19805
55732 15655 15943
55733 15657 19722
55734 15658 17108
55735 15658 17109
55736 15658 17145
55737 15659 15867
55738 15660 17882
55739 15661 16030
55740 15661 17098
55741 15661 18169
55742 15662 19128
55743 15663 17198
55744 15663 17716
55745 15663 17746
55746 15664 15677
55747 15664 18736
55748 15664 18744
55749 15664 18753
55750 15665 16833
55751 15665 18204
55752 15665 19588
55753 15666 17690
55754 15666 18168
55755 15667 15732
55756 15667 17946
55757 15668 17939
55758 15668 17943
55759 15668 18588
55760 15669 15864
55761 15669 17669
55762 15669 19858
55763 15670 18741
55764 15670 18910
55765 15670 19473
55766 15671 19538
55767 15672 18388
55768 15672 19902
55769 15675 16299
55770 15676 17605
55771 15676 18737
55772 15677 18736
55773 15678 16296
55774 15678 19401
55775 15678 19556
55776 15679 16481
55777 15679 16687
55778 15679 19399
55779 15680 18700
55780 15680 20032
55781 15680 20039
55782 15681 15986
55783 15682 19033
55784 15683 16065
55785 15683 18063
55786 15684 18843
55787 15684 19475
55788 15685 17913
55789 15685 18623
55790 15686 16413
55791 15686 17415
55792 15687 19103
55793 15687 19320
55794 15687 19607
55795 15688 19826
55796 15689 16281
55797 15691 17792
55798 15692 18511
55799 15693 16673
55800 15693 18598
55801 15694 19591
55802 15695 16175
55803 15695 16184
55804 15696 19911
55805 15696 19930
55806 15697 17467
55807 15698 16986
55808 15700 19268
55809 15703 17137
55810 15704 17707
55811 15705 16360
55812 15705 18539
55813 15708 15808
55814 15709 18403
55815 15710 15890
55816 15711 16590
55817 15711 18680
55818 15711 18701
55819 15711 18816
55820 15715 19576
55821 15716 16762
55822 15717 19750
55823 15718 17208
55824 15718 17230
55825 15718 17896
55826 15719 16362
55827 15719 17463
55828 15719 19423
55829 15720 18046
55830 15720 18129
55831 15721 16512
55832 15721 19396
55833 15722 17127
55834 15724 18254
55835 15724 19418
55836 15725 16722
55837 15725 17658
55838 15725 18189
55839 15726 17859
55840 15726 18683
55841 15726 19112
55842 15727 18827
55843 15728 15794
55844 15728 16848
55845 15729 18029
55846 15734 19026
55847 15735 17469
55848 15735 19350
55849 15736 18601
55850 15736 19594
55851 15738 15908
55852 15738 19041
55853 15739 16008
55854 15739 19263
55855 15739 19265
55856 15740 19630
55857 15741 17203
55858 15741 17210
55859 15742 16396
55860 15742 19379
55861 15743 19152
55862 15744 19769
55863 15745 16014
55864 15745 16176
55865 15745 19329
55866 15745 19602
55867 15746 17198
55868 15746 18100
55869 15747 17974
55870 15748 16318
55871 15748 16504
55872 15748 16595
55873 15749 15833
55874 15749 17339
55875 15749 19878
55876 15750 15973
55877 15750 17752
55878 15751 19368
55879 15752 19374
55880 15754 19928
55881 15755 18383
55882 15757 18308
55883 15758 16036
55884 15758 17683
55885 15758 17957
55886 15758 18031
55887 15758 18521
55888 15759 17978
55889 15759 18096
55890 15760 19965
55891 15761 18734
55892 15762 17779
55893 15763 19852
55894 15764 16905
55895 15764 16911
55896 15764 16912
55897 15765 19363
55898 15766 19731
55899 15767 16119
55900 15768 17356
55901 15769 15983
55902 15769 17692
55903 15770 16322
55904 15771 17854
55905 15772 17666
55906 15773 16175
55907 15773 17101
55908 15773 19602
55909 15774 15947
55910 15774 19302
55911 15775 18091
55912 15777 16618
55913 15777 17694
55914 15778 16627
55915 15778 19484
55916 15779 17312
55917 15780 15916
55918 15783 18770
55919 15784 18011
55920 15786 16916
55921 15787 15811
55922 15787 15932
55923 15788 17850
55924 15788 19886
55925 15789 16925
55926 15791 18301
55927 15791 19817
55928 15792 19500
55929 15793 19744
55930 15796 17801
55931 15797 16434
55932 15798 16814
55933 15799 15880
55934 15799 18702
55935 15800 17462
55936 15800 18669
55937 15801 15977
55938 15803 17128
55939 15803 19834
55940 15803 19988
55941 15804 16629
55942 15804 18044
55943 15807 18024
55944 15808 16598
55945 15809 15917
55946 15811 16224
55947 15812 18352
55948 15814 17254
55949 15815 16496
55950 15816 15988
55951 15816 16148
55952 15816 19943
55953 15816 20007
55954 15817 17864
55955 15818 17751
55956 15819 16148
55957 15819 17884
55958 15821 19137
55959 15822 16343
55960 15822 17479
55961 15822 18228
55962 15823 16259
55963 15823 17842
55964 15824 19049
55965 15824 19522
55966 15824 19525
55967 15825 16705
55968 15826 16807
55969 15827 18680
55970 15827 18732
55971 15827 18759
55972 15827 19624
55973 15828 16813
55974 15828 16909
55975 15829 16296
55976 15829 19468
55977 15830 19336
55978 15830 19337
55979 15830 19977
55980 15831 15976
55981 15831 16039
55982 15831 16042
55983 15831 17491
55984 15831 18498
55985 15833 16784
55986 15833 16960
55987 15834 16574
55988 15835 18696
55989 15835 19339
55990 15836 18180
55991 15837 19429
55992 15838 18140
55993 15838 19156
55994 15839 18394
55995 15839 19413
55996 15840 15900
55997 15840 17991
55998 15840 19587
55999 15842 16461
56000 15842 18104
56001 15842 19437
56002 15843 18148
56003 15845 19359
56004 15846 17833
56005 15846 18656
56006 15847 16884
56007 15847 17949
56008 15848 16719
56009 15848 17060
56010 15848 17380
56011 15849 17325
56012 15850 17981
56013 15851 17703
56014 15852 16877
56015 15852 16908
56016 15852 16940
56017 15853 19762
56018 15854 18435
56019 15855 16213
56020 15855 19373
56021 15858 19144
56022 15858 19772
56023 15861 18384
56024 15861 18567
56025 15861 19305
56026 15862 17133
56027 15863 15908
56028 15863 16114
56029 15863 19041
56030 15863 19086
56031 15864 19898
56032 15868 18276
56033 15868 18311
56034 15868 18463
56035 15869 18454
56036 15870 17881
56037 15870 18213
56038 15870 18331
56039 15871 16225
56040 15872 15973
56041 15872 16610
56042 15872 16788
56043 15872 16918
56044 15872 17762
56045 15873 18113
56046 15874 17047
56047 15875 18274
56048 15875 19008
56049 15875 19009
56050 15877 16459
56051 15877 18104
56052 15877 19437
56053 15879 17603
56054 15879 17828
56055 15880 18524
56056 15880 18702
56057 15881 18595
56058 15881 19291
56059 15882 18650
56060 15883 16474
56061 15883 18320
56062 15884 19722
56063 15886 19201
56064 15888 17870
56065 15888 19213
56066 15891 17751
56067 15892 16104
56068 15892 19944
56069 15893 17100
56070 15893 17122
56071 15893 17134
56072 15893 17149
56073 15893 17153
56074 15893 17244
56075 15895 16709
56076 15895 16714
56077 15896 19863
56078 15897 19753
56079 15899 19323
56080 15900 17875
56081 15903 16901
56082 15907 17654
56083 15908 19041
56084 15909 16137
56085 15909 17776
56086 15910 17364
56087 15910 17478
56088 15910 17502
56089 15912 18768
56090 15912 20018
56091 15913 16482
56092 15913 17517
56093 15913 19239
56094 15918 16592
56095 15918 19488
56096 15919 19753
56097 15920 19945
56098 15921 18183
56099 15922 19170
56100 15925 17402
56101 15925 18190
56102 15927 19684
56103 15928 16548
56104 15928 17342
56105 15929 16649
56106 15929 17982
56107 15929 18559
56108 15929 18586
56109 15930 19675
56110 15931 19893
56111 15933 16216
56112 15933 16274
56113 15934 17869
56114 15935 16704
56115 15935 17975
56116 15936 19333
56117 15937 16051
56118 15938 17611
56119 15938 18012
56120 15938 18276
56121 15938 18312
56122 15938 18471
56123 15939 17655
56124 15940 18078
56125 15941 17826
56126 15943 16205
56127 15944 17386
56128 15945 17139
56129 15945 17146
56130 15945 17215
56131 15946 18348
56132 15949 18306
56133 15950 17089
56134 15951 18524
56135 15951 19875
56136 15953 19961
56137 15955 17983
56138 15955 18941
56139 15956 19823
56140 15957 16463
56141 15957 19891
56142 15958 16470
56143 15958 16503
56144 15958 16558
56145 15959 18661
56146 15959 18663
56147 15959 20031
56148 15961 18232
56149 15962 18203
56150 15962 19067
56151 15962 19454
56152 15963 16698
56153 15964 17224
56154 15964 17229
56155 15964 17584
56156 15964 18112
56157 15964 19257
56158 15966 16755
56159 15966 17175
56160 15966 17217
56161 15966 17224
56162 15967 17620
56163 15968 17536
56164 15968 17577
56165 15968 18855
56166 15969 18240
56167 15971 16955
56168 15971 17014
56169 15971 18517
56170 15971 19387
56171 15972 19415
56172 15973 17752
56173 15973 17762
56174 15974 17995
56175 15974 19649
56176 15974 20015
56177 15975 17684
56178 15975 17936
56179 15975 18944
56180 15975 19809
56181 15976 16039
56182 15976 16050
56183 15978 16038
56184 15978 17545
56185 15978 18218
56186 15978 18929
56187 15979 18567
56188 15980 17859
56189 15980 18166
56190 15981 17756
56191 15982 20008
56192 15983 17692
56193 15983 17735
56194 15984 18830
56195 15985 15988
56196 15985 19940
56197 15985 19943
56198 15987 16054
56199 15987 16533
56200 15987 18834
56201 15987 19598
56202 15988 16146
56203 15988 19940
56204 15988 19943
56205 15990 16084
56206 15991 17961
56207 15991 18692
56208 15991 19565
56209 15992 19370
56210 15993 16081
56211 15993 17042
56212 15994 17710
56213 15995 17955
56214 15995 18730
56215 15996 16097
56216 15997 18452
56217 15997 19076
56218 15998 19912
56219 15999 17988
56220 16000 18292
56221 16000 18313
56222 16000 18456
56223 16000 18484
56224 16000 18915
56225 16001 16578
56226 16001 17601
56227 16001 18515
56228 16003 18563
56229 16004 18210
56230 16004 18217
56231 16004 18907
56232 16006 18724
56233 16007 17042
56234 16007 18508
56235 16009 19551
56236 16009 19922
56237 16010 17976
56238 16010 18265
56239 16010 18479
56240 16010 18593
56241 16010 18846
56242 16011 17962
56243 16012 16453
56244 16012 17616
56245 16013 16364
56246 16013 18100
56247 16014 16184
56248 16014 16418
56249 16014 18250
56250 16014 19602
56251 16015 16986
56252 16016 18447
56253 16016 18888
56254 16016 18912
56255 16019 17835
56256 16020 16022
56257 16020 17162
56258 16020 18654
56259 16021 17033
56260 16021 17082
56261 16022 18654
56262 16023 18813
56263 16024 16446
56264 16025 19945
56265 16025 20025
56266 16026 17157
56267 16026 18679
56268 16026 19904
56269 16027 16324
56270 16030 16767
56271 16030 18169
56272 16031 16634
56273 16031 16734
56274 16031 18611
56275 16033 17743
56276 16033 18780
56277 16035 19098
56278 16036 17932
56279 16036 17957
56280 16037 18214
56281 16038 17545
56282 16039 16050
56283 16039 18498
56284 16039 18869
56285 16040 17966
56286 16040 18126
56287 16040 18142
56288 16040 18873
56289 16040 18883
56290 16041 16468
56291 16041 16721
56292 16041 17737
56293 16041 18735
56294 16041 19462
56295 16042 17491
56296 16042 17952
56297 16042 18873
56298 16042 18883
56299 16043 18544
56300 16044 19934
56301 16044 20033
56302 16046 17820
56303 16046 19659
56304 16047 19898
56305 16048 16586
56306 16048 17194
56307 16048 19465
56308 16049 17729
56309 16049 17929
56310 16049 18437
56311 16049 18708
56312 16050 18869
56313 16050 18971
56314 16051 20011
56315 16052 19844
56316 16053 16125
56317 16053 18657
56318 16053 18855
56319 16054 18642
56320 16054 18834
56321 16054 19598
56322 16055 19853
56323 16056 18391
56324 16057 17905
56325 16057 17990
56326 16057 18264
56327 16057 18607
56328 16057 18846
56329 16057 19038
56330 16058 16953
56331 16058 16955
56332 16058 17006
56333 16058 17014
56334 16059 18626
56335 16060 16063
56336 16060 19941
56337 16061 17664
56338 16061 18898
56339 16061 18920
56340 16063 19941
56341 16064 16068
56342 16065 16364
56343 16065 18063
56344 16066 16069
56345 16066 18055
56346 16066 18061
56347 16067 16480
56348 16067 16680
56349 16067 17338
56350 16067 17594
56351 16067 19913
56352 16069 16575
56353 16069 18061
56354 16071 19186
56355 16071 19236
56356 16072 16269
56357 16072 19800
56358 16073 16977
56359 16073 19788
56360 16074 17725
56361 16074 18149
56362 16074 19651
56363 16075 16327
56364 16077 17581
56365 16078 16763
56366 16078 17161
56367 16078 19344
56368 16080 17745
56369 16080 17928
56370 16080 18138
56371 16082 16899
56372 16082 16926
56373 16083 16465
56374 16085 18256
56375 16086 16854
56376 16087 18383
56377 16088 16743
56378 16089 19904
56379 16089 19985
56380 16090 17840
56381 16091 16544
56382 16091 16549
56383 16091 16557
56384 16091 19463
56385 16092 16283
56386 16093 19290
56387 16094 16462
56388 16094 16600
56389 16094 17365
56390 16095 17795
56391 16095 18983
56392 16095 19795
56393 16096 17071
56394 16096 18275
56395 16098 17156
56396 16098 19896
56397 16099 18764
56398 16100 16268
56399 16100 17639
56400 16101 18107
56401 16101 20019
56402 16102 17981
56403 16102 19975
56404 16103 17615
56405 16103 18494
56406 16103 18547
56407 16103 18762
56408 16104 17696
56409 16105 18233
56410 16106 16124
56411 16106 17619
56412 16107 16109
56413 16107 18410
56414 16108 16110
56415 16108 19120
56416 16109 19246
56417 16110 18413
56418 16110 19104
56419 16110 19880
56420 16111 16112
56421 16111 16113
56422 16111 16892
56423 16111 17618
56424 16111 18417
56425 16112 16113
56426 16112 17618
56427 16112 19837
56428 16113 16892
56429 16113 19837
56430 16114 19086
56431 16115 16431
56432 16115 16665
56433 16115 19442
56434 16116 16601
56435 16117 16932
56436 16119 17618
56437 16119 19120
56438 16121 16449
56439 16121 18314
56440 16123 17456
56441 16124 18392
56442 16125 16500
56443 16125 17933
56444 16128 17625
56445 16128 17646
56446 16128 18540
56447 16129 18141
56448 16129 18371
56449 16131 16368
56450 16133 16169
56451 16133 16171
56452 16133 16231
56453 16133 16232
56454 16134 17046
56455 16134 19027
56456 16134 19258
56457 16135 17273
56458 16135 19152
56459 16135 19657
56460 16136 16138
56461 16136 17724
56462 16136 19386
56463 16137 17776
56464 16138 17680
56465 16138 19386
56466 16139 18019
56467 16139 19067
56468 16139 19430
56469 16140 16172
56470 16140 16174
56471 16140 17628
56472 16141 19162
56473 16142 16594
56474 16142 17635
56475 16143 18013
56476 16143 18045
56477 16143 18056
56478 16144 18337
56479 16145 17769
56480 16146 18097
56481 16146 19940
56482 16147 16243
56483 16147 16594
56484 16147 17514
56485 16147 17635
56486 16147 17638
56487 16148 20007
56488 16149 18273
56489 16150 19248
56490 16152 19066
56491 16152 19246
56492 16153 16283
56493 16153 18174
56494 16153 19418
56495 16154 16156
56496 16154 16391
56497 16154 17641
56498 16155 16919
56499 16155 19267
56500 16156 16339
56501 16156 16340
56502 16156 16358
56503 16156 17641
56504 16157 16295
56505 16157 16300
56506 16157 16348
56507 16157 19389
56508 16158 16480
56509 16158 16776
56510 16159 16292
56511 16159 16381
56512 16159 16524
56513 16159 16531
56514 16160 17804
56515 16160 18201
56516 16161 17859
56517 16161 19992
56518 16162 18867
56519 16162 18948
56520 16163 16166
56521 16163 16311
56522 16163 17385
56523 16164 18616
56524 16164 18713
56525 16165 16265
56526 16165 16306
56527 16165 18370
56528 16166 16311
56529 16166 16315
56530 16167 16441
56531 16167 16451
56532 16167 17849
56533 16169 16171
56534 16172 16174
56535 16172 17680
56536 16172 17767
56537 16173 19584
56538 16174 17628
56539 16174 17680
56540 16174 19386
56541 16175 16184
56542 16175 17101
56543 16175 19602
56544 16176 16372
56545 16177 18109
56546 16179 18295
56547 16179 18450
56548 16180 17717
56549 16181 18699
56550 16182 16271
56551 16182 17899
56552 16183 18975
56553 16184 16418
56554 16184 19602
56555 16185 16188
56556 16185 16191
56557 16185 16195
56558 16185 17645
56559 16185 18205
56560 16185 19421
56561 16186 16287
56562 16187 16195
56563 16187 16483
56564 16187 17645
56565 16187 17819
56566 16188 16189
56567 16188 16191
56568 16188 17645
56569 16189 16191
56570 16190 16675
56571 16190 17399
56572 16190 18077
56573 16191 19421
56574 16191 19423
56575 16192 16606
56576 16192 19431
56577 16194 17249
56578 16194 17763
56579 16195 17645
56580 16195 18205
56581 16195 19425
56582 16196 17862
56583 16196 19246
56584 16197 17033
56585 16198 18696
56586 16198 18892
56587 16198 19339
56588 16199 16895
56589 16199 18630
56590 16199 18632
56591 16199 18750
56592 16199 18796
56593 16200 18198
56594 16200 18272
56595 16200 19146
56596 16203 19805
56597 16204 16440
56598 16205 17251
56599 16206 18124
56600 16207 17730
56601 16207 18175
56602 16207 19604
56603 16208 18099
56604 16208 19344
56605 16209 17590
56606 16210 17366
56607 16210 18987
56608 16211 18474
56609 16211 19527
56610 16211 19541
56611 16212 19112
56612 16212 19900
56613 16212 19997
56614 16213 19373
56615 16221 17258
56616 16221 17397
56617 16221 18371
56618 16223 16376
56619 16223 16398
56620 16223 16515
56621 16228 19393
56622 16230 19566
56623 16231 16232
56624 16231 16488
56625 16231 16506
56626 16232 16505
56627 16232 16506
56628 16232 16509
56629 16233 16301
56630 16233 18831
56631 16233 19592
56632 16234 17858
56633 16234 18621
56634 16234 18806
56635 16235 16293
56636 16235 16295
56637 16235 16328
56638 16235 16330
56639 16235 16511
56640 16235 17585
56641 16236 17300
56642 16237 16238
56643 16237 16326
56644 16237 16329
56645 16237 16458
56646 16237 17602
56647 16238 16329
56648 16238 16507
56649 16238 18369
56650 16239 16240
56651 16239 16261
56652 16239 16310
56653 16239 17375
56654 16239 17514
56655 16239 17657
56656 16240 16242
56657 16240 16261
56658 16240 17374
56659 16240 17375
56660 16240 18071
56661 16241 16775
56662 16242 17371
56663 16242 17374
56664 16242 17375
56665 16242 17637
56666 16243 16326
56667 16243 17514
56668 16243 17635
56669 16243 17657
56670 16244 16722
56671 16244 17569
56672 16245 17885
56673 16246 16387
56674 16246 16728
56675 16247 16252
56676 16247 19678
56677 16248 18681
56678 16248 18703
56679 16248 18816
56680 16249 17991
56681 16250 16524
56682 16250 16531
56683 16250 19367
56684 16250 19801
56685 16252 19678
56686 16253 19757
56687 16254 17663
56688 16259 17842
56689 16259 19784
56690 16261 16306
56691 16261 16310
56692 16261 17385
56693 16261 18071
56694 16262 16575
56695 16265 16273
56696 16265 16305
56697 16265 16306
56698 16265 16310
56699 16268 17639
56700 16268 17994
56701 16269 19800
56702 16270 16349
56703 16270 16353
56704 16270 19366
56705 16270 19367
56706 16271 18829
56707 16272 16518
56708 16272 19445
56709 16273 16305
56710 16273 16310
56711 16273 16326
56712 16273 16458
56713 16273 17657
56714 16274 18914
56715 16275 18224
56716 16276 16580
56717 16278 16673
56718 16278 18931
56719 16278 19023
56720 16279 16625
56721 16279 17270
56722 16280 17486
56723 16280 18159
56724 16282 18649
56725 16284 16285
56726 16284 18224
56727 16284 19118
56728 16285 16407
56729 16288 17119
56730 16288 18207
56731 16289 16292
56732 16289 16293
56733 16289 16381
56734 16289 16460
56735 16290 19573
56736 16290 19671
56737 16292 16293
56738 16292 16295
56739 16292 16381
56740 16293 16295
56741 16293 16328
56742 16294 16622
56743 16295 16300
56744 16297 18510
56745 16297 19401
56746 16298 16300
56747 16298 16477
56748 16299 18226
56749 16299 19061
56750 16299 19439
56751 16300 19389
56752 16301 16765
56753 16301 18831
56754 16302 19801
56755 16305 16458
56756 16305 16460
56757 16305 17602
56758 16306 16310
56759 16306 17385
56760 16307 16309
56761 16307 16312
56762 16307 16391
56763 16307 16488
56764 16307 16492
56765 16308 18306
56766 16308 19580
56767 16309 16391
56768 16309 16492
56769 16309 17444
56770 16310 17657
56771 16311 16315
56772 16311 17385
56773 16311 18069
56774 16311 18071
56775 16312 16488
56776 16312 16506
56777 16313 16315
56778 16313 18069
56779 16314 16683
56780 16314 19927
56781 16315 18069
56782 16316 16318
56783 16316 16492
56784 16316 16498
56785 16316 16520
56786 16316 17444
56787 16317 16499
56788 16317 18089
56789 16318 16498
56790 16318 17598
56791 16319 16397
56792 16319 17454
56793 16320 17172
56794 16320 18314
56795 16320 18473
56796 16321 19933
56797 16323 17268
56798 16323 17708
56799 16323 19291
56800 16324 18223
56801 16324 19409
56802 16325 18503
56803 16326 16458
56804 16326 17657
56805 16327 17597
56806 16328 16329
56807 16328 16507
56808 16328 16511
56809 16329 16507
56810 16329 17602
56811 16330 16511
56812 16330 17585
56813 16331 18481
56814 16331 18483
56815 16332 16333
56816 16332 16516
56817 16332 16546
56818 16332 17596
56819 16333 16386
56820 16333 16546
56821 16333 17596
56822 16334 16508
56823 16334 16509
56824 16334 16510
56825 16334 17686
56826 16334 17699
56827 16335 16338
56828 16336 16369
56829 16336 16375
56830 16336 17703
56831 16337 16339
56832 16337 16340
56833 16337 16341
56834 16337 16369
56835 16338 18219
56836 16338 19325
56837 16339 16340
56838 16339 16341
56839 16340 16358
56840 16341 16369
56841 16341 16375
56842 16343 16736
56843 16343 18228
56844 16343 18245
56845 16344 16399
56846 16344 16404
56847 16345 16348
56848 16345 16349
56849 16345 16356
56850 16345 16523
56851 16345 19389
56852 16346 16356
56853 16346 16358
56854 16346 16406
56855 16346 16523
56856 16347 16525
56857 16347 18766
56858 16347 19092
56859 16348 16349
56860 16348 16353
56861 16348 19389
56862 16349 16353
56863 16349 16523
56864 16350 19449
56865 16351 16484
56866 16353 16531
56867 16353 19367
56868 16354 18465
56869 16354 18957
56870 16355 18957
56871 16355 19372
56872 16355 19450
56873 16356 16358
56874 16356 16523
56875 16356 17641
56876 16357 18945
56877 16358 17641
56878 16359 16679
56879 16359 17338
56880 16359 17382
56881 16362 19423
56882 16363 18222
56883 16363 19343
56884 16366 16582
56885 16366 17344
56886 16368 16502
56887 16369 16375
56888 16370 16672
56889 16370 19335
56890 16373 16501
56891 16373 16582
56892 16373 17678
56893 16374 18860
56894 16376 16548
56895 16376 18871
56896 16378 16834
56897 16378 17895
56898 16379 17323
56899 16379 17346
56900 16379 17908
56901 16380 18535
56902 16381 16524
56903 16382 16385
56904 16382 17596
56905 16382 17598
56906 16383 16384
56907 16383 18458
56908 16384 19354
56909 16385 17596
56910 16386 16397
56911 16386 16498
56912 16386 16520
56913 16387 16728
56914 16388 18466
56915 16388 19354
56916 16389 19354
56917 16390 17443
56918 16390 18959
56919 16390 19097
56920 16392 18425
56921 16392 18688
56922 16392 19633
56923 16393 19048
56924 16394 19348
56925 16394 19349
56926 16395 16400
56927 16395 19346
56928 16395 19349
56929 16396 16404
56930 16396 16516
56931 16397 16520
56932 16398 16515
56933 16399 19361
56934 16400 17900
56935 16400 19346
56936 16401 16402
56937 16401 17455
56938 16401 19359
56939 16402 19359
56940 16405 16407
56941 16405 17460
56942 16406 16523
56943 16408 18436
56944 16409 18512
56945 16409 18669
56946 16409 19416
56947 16409 19434
56948 16410 17282
56949 16410 18568
56950 16410 19416
56951 16413 17469
56952 16414 17450
56953 16414 18280
56954 16415 16678
56955 16415 18205
56956 16415 19421
56957 16416 19958
56958 16417 18511
56959 16417 18778
56960 16418 16420
56961 16418 18250
56962 16419 18244
56963 16420 18250
56964 16421 18928
56965 16422 16659
56966 16422 18752
56967 16423 16893
56968 16424 16426
56969 16424 18802
56970 16425 16427
56971 16425 16774
56972 16425 17474
56973 16425 19014
56974 16426 17971
56975 16427 17474
56976 16428 17213
56977 16428 18087
56978 16429 17907
56979 16429 18001
56980 16429 18021
56981 16429 18675
56982 16429 18787
56983 16429 18823
56984 16431 16550
56985 16431 16665
56986 16431 17482
56987 16431 19442
56988 16432 16437
56989 16433 16550
56990 16433 16660
56991 16433 16750
56992 16434 16706
56993 16435 17401
56994 16435 17515
56995 16436 18090
56996 16436 18326
56997 16438 16439
56998 16438 17501
56999 16440 19417
57000 16441 16451
57001 16441 19615
57002 16442 17709
57003 16443 19678
57004 16444 18549
57005 16446 17105
57006 16448 17789
57007 16448 18284
57008 16448 18478
57009 16449 16456
57010 16450 16725
57011 16450 17008
57012 16450 19384
57013 16453 18003
57014 16453 18231
57015 16455 17371
57016 16457 16587
57017 16457 18080
57018 16457 19422
57019 16458 17602
57020 16459 16617
57021 16459 19437
57022 16460 17602
57023 16461 18104
57024 16461 18554
57025 16461 19690
57026 16463 19323
57027 16464 16612
57028 16464 19504
57029 16467 16470
57030 16468 16721
57031 16468 17737
57032 16468 18942
57033 16469 19258
57034 16471 19926
57035 16472 16554
57036 16473 16640
57037 16473 17067
57038 16473 17540
57039 16474 16723
57040 16474 17238
57041 16474 18320
57042 16475 16650
57043 16475 17541
57044 16475 18229
57045 16476 16672
57046 16476 19340
57047 16476 19392
57048 16478 17446
57049 16478 18114
57050 16479 17803
57051 16479 19408
57052 16480 16680
57053 16480 17594
57054 16481 16687
57055 16481 18993
57056 16481 19399
57057 16481 19402
57058 16482 18251
57059 16482 19239
57060 16483 17818
57061 16483 17819
57062 16483 19561
57063 16484 16485
57064 16485 16532
57065 16485 17392
57066 16486 18331
57067 16486 18585
57068 16486 18994
57069 16488 16492
57070 16488 16506
57071 16489 17328
57072 16489 19971
57073 16489 19981
57074 16490 17735
57075 16490 17881
57076 16491 18418
57077 16492 17444
57078 16493 19411
57079 16494 16496
57080 16494 19919
57081 16494 19952
57082 16495 17880
57083 16495 19110
57084 16496 19919
57085 16497 17188
57086 16497 19276
57087 16498 16520
57088 16498 17598
57089 16499 17612
57090 16499 19400
57091 16500 17526
57092 16500 17551
57093 16501 19363
57094 16502 17634
57095 16503 16558
57096 16504 16595
57097 16504 17629
57098 16505 16506
57099 16505 16509
57100 16505 17686
57101 16507 16511
57102 16507 18369
57103 16508 16510
57104 16508 17686
57105 16509 17686
57106 16509 17699
57107 16510 17724
57108 16513 19333
57109 16514 17965
57110 16515 17509
57111 16516 16546
57112 16518 18481
57113 16518 18483
57114 16519 16542
57115 16519 17179
57116 16519 17593
57117 16520 17444
57118 16521 19833
57119 16522 16604
57120 16522 18505
57121 16522 19813
57122 16524 16531
57123 16525 18766
57124 16525 19092
57125 16526 17133
57126 16526 17321
57127 16527 16532
57128 16528 16608
57129 16528 17095
57130 16528 18193
57131 16529 19330
57132 16529 19343
57133 16530 16541
57134 16530 16566
57135 16530 17633
57136 16530 18662
57137 16531 19367
57138 16532 16689
57139 16532 16696
57140 16532 17392
57141 16533 18834
57142 16534 17921
57143 16534 18622
57144 16534 19065
57145 16535 17083
57146 16535 19245
57147 16536 16541
57148 16536 16555
57149 16536 17166
57150 16536 17873
57151 16537 17404
57152 16537 18795
57153 16537 19221
57154 16538 18783
57155 16539 16542
57156 16539 17873
57157 16539 18939
57158 16541 16555
57159 16541 17166
57160 16541 18662
57161 16542 17593
57162 16543 17448
57163 16543 19330
57164 16544 16557
57165 16544 18783
57166 16544 19427
57167 16545 18291
57168 16547 19463
57169 16548 17342
57170 16549 16557
57171 16549 17768
57172 16549 19463
57173 16550 16660
57174 16550 16665
57175 16550 16750
57176 16550 17482
57177 16551 18248
57178 16552 17575
57179 16553 16646
57180 16554 17536
57181 16555 18662
57182 16559 17579
57183 16560 16562
57184 16560 16612
57185 16560 18033
57186 16560 19645
57187 16561 19790
57188 16562 16612
57189 16562 17579
57190 16564 16571
57191 16564 17997
57192 16566 17227
57193 16566 17633
57194 16566 18662
57195 16571 17997
57196 16572 19690
57197 16575 18061
57198 16578 17847
57199 16578 18515
57200 16578 18909
57201 16581 16670
57202 16581 17960
57203 16584 17373
57204 16584 17997
57205 16585 19758
57206 16586 17194
57207 16588 17617
57208 16588 18172
57209 16588 18302
57210 16589 16676
57211 16589 19446
57212 16590 18816
57213 16591 17051
57214 16591 18512
57215 16591 18568
57216 16592 19488
57217 16593 18627
57218 16594 17635
57219 16597 16732
57220 16597 17572
57221 16599 19597
57222 16600 17365
57223 16601 18030
57224 16602 17578
57225 16603 17194
57226 16604 17781
57227 16604 18072
57228 16604 19813
57229 16605 16802
57230 16605 18443
57231 16607 18493
57232 16607 19408
57233 16608 17095
57234 16608 20019
57235 16608 20030
57236 16610 17764
57237 16611 17756
57238 16611 19075
57239 16611 19088
57240 16611 19173
57241 16611 19358
57242 16612 18033
57243 16613 18989
57244 16616 19451
57245 16618 17694
57246 16619 17538
57247 16621 18927
57248 16623 16797
57249 16623 19571
57250 16624 19476
57251 16628 17132
57252 16630 16633
57253 16630 16636
57254 16630 17987
57255 16631 17049
57256 16631 17068
57257 16631 17387
57258 16632 16656
57259 16633 17068
57260 16633 17987
57261 16633 20037
57262 16634 16638
57263 16634 16734
57264 16634 17067
57265 16634 17436
57266 16635 18835
57267 16636 17441
57268 16636 17987
57269 16636 18872
57270 16637 18917
57271 16637 18919
57272 16637 19477
57273 16638 16734
57274 16638 17436
57275 16638 18872
57276 16640 16643
57277 16640 16647
57278 16640 16738
57279 16640 17067
57280 16641 17093
57281 16642 17211
57282 16642 17291
57283 16642 17293
57284 16643 16647
57285 16643 17433
57286 16643 17435
57287 16644 17450
57288 16644 18279
57289 16646 18019
57290 16647 16738
57291 16647 17433
57292 16647 17931
57293 16648 16657
57294 16648 16661
57295 16648 17424
57296 16648 17451
57297 16649 17982
57298 16649 18586
57299 16650 16652
57300 16650 17435
57301 16650 17451
57302 16650 18229
57303 16651 18600
57304 16652 16662
57305 16652 17414
57306 16652 17433
57307 16652 17435
57308 16652 17451
57309 16653 19473
57310 16654 16657
57311 16654 16745
57312 16654 17066
57313 16654 17424
57314 16655 16993
57315 16655 17200
57316 16657 16658
57317 16657 16661
57318 16657 17066
57319 16657 17424
57320 16658 16661
57321 16658 16754
57322 16658 17066
57323 16658 17421
57324 16659 18752
57325 16660 16665
57326 16661 17414
57327 16661 17421
57328 16661 17451
57329 16662 17413
57330 16662 17414
57331 16662 17433
57332 16662 17931
57333 16662 19990
57334 16666 16669
57335 16666 17066
57336 16666 17412
57337 16667 16669
57338 16667 16763
57339 16667 16764
57340 16668 18519
57341 16668 18595
57342 16668 18604
57343 16669 16763
57344 16669 17161
57345 16670 17960
57346 16671 17508
57347 16671 17510
57348 16671 18099
57349 16673 18598
57350 16674 16675
57351 16674 16703
57352 16674 17511
57353 16674 17512
57354 16674 17518
57355 16675 17512
57356 16675 17518
57357 16675 18077
57358 16678 17463
57359 16679 16682
57360 16679 17338
57361 16679 17382
57362 16679 17393
57363 16679 19913
57364 16680 16684
57365 16680 19913
57366 16681 17851
57367 16682 16684
57368 16682 17393
57369 16682 19913
57370 16684 16749
57371 16684 19913
57372 16686 17382
57373 16686 17393
57374 16687 19402
57375 16688 16690
57376 16688 16691
57377 16688 16783
57378 16689 16696
57379 16689 16783
57380 16689 17063
57381 16690 16691
57382 16691 16927
57383 16691 19092
57384 16692 17898
57385 16692 18589
57386 16692 18755
57387 16692 19693
57388 16693 17049
57389 16693 17387
57390 16695 17379
57391 16696 17063
57392 16696 17392
57393 16697 16701
57394 16700 17380
57395 16702 16789
57396 16702 17262
57397 16702 17520
57398 16703 17511
57399 16703 17512
57400 16703 19332
57401 16704 17975
57402 16707 19979
57403 16709 16714
57404 16710 16711
57405 16712 17056
57406 16713 18005
57407 16714 16792
57408 16714 17055
57409 16715 16789
57410 16716 17181
57411 16716 17861
57412 16717 17432
57413 16718 17520
57414 16719 17060
57415 16721 18868
57416 16721 18942
57417 16721 18943
57418 16722 17658
57419 16723 17238
57420 16723 17240
57421 16723 18320
57422 16724 17940
57423 16724 18971
57424 16724 19956
57425 16725 17008
57426 16729 17784
57427 16731 17168
57428 16732 17572
57429 16733 17160
57430 16733 17164
57431 16733 17259
57432 16733 19641
57433 16734 17441
57434 16734 18611
57435 16734 18872
57436 16736 17498
57437 16736 18245
57438 16736 18354
57439 16737 16739
57440 16737 16810
57441 16738 17067
57442 16739 16810
57443 16740 18257
57444 16741 16821
57445 16742 16765
57446 16742 17960
57447 16742 18913
57448 16742 19466
57449 16743 17242
57450 16744 17702
57451 16744 18600
57452 16745 17424
57453 16747 18432
57454 16749 20031
57455 16750 17482
57456 16751 18132
57457 16752 16756
57458 16753 18712
57459 16754 17066
57460 16754 17412
57461 16754 19810
57462 16755 16824
57463 16755 17217
57464 16755 17224
57465 16755 19257
57466 16756 16758
57467 16757 16893
57468 16757 16951
57469 16757 17909
57470 16759 17846
57471 16760 17073
57472 16761 19975
57473 16763 16764
57474 16763 17161
57475 16763 17508
57476 16763 19344
57477 16764 17508
57478 16765 17960
57479 16766 19016
57480 16767 18831
57481 16768 17057
57482 16768 18040
57483 16769 18981
57484 16770 16931
57485 16770 19187
57486 16771 16904
57487 16773 16780
57488 16773 19180
57489 16774 19014
57490 16776 17059
57491 16776 17399
57492 16776 18028
57493 16777 17116
57494 16777 19415
57495 16779 18430
57496 16780 19180
57497 16780 19235
57498 16781 17065
57499 16782 16913
57500 16782 17031
57501 16782 19207
57502 16783 17063
57503 16783 17391
57504 16784 16960
57505 16786 16791
57506 16786 16922
57507 16786 16937
57508 16786 17158
57509 16787 16936
57510 16788 16918
57511 16788 17762
57512 16789 17262
57513 16790 17020
57514 16790 17678
57515 16791 16878
57516 16791 16937
57517 16791 19093
57518 16792 17055
57519 16792 17784
57520 16793 17378
57521 16794 16917
57522 16794 18652
57523 16795 17489
57524 16796 17038
57525 16796 17352
57526 16797 19571
57527 16798 17262
57528 16799 16870
57529 16799 17040
57530 16801 17335
57531 16801 19496
57532 16802 19569
57533 16803 18771
57534 16805 16853
57535 16805 16868
57536 16805 17036
57537 16812 18347
57538 16813 19258
57539 16814 19818
57540 16817 16845
57541 16817 17027
57542 16817 17876
57543 16819 17027
57544 16820 19525
57545 16822 17840
57546 16823 17188
57547 16824 17217
57548 16824 19081
57549 16825 16951
57550 16825 17609
57551 16826 17720
57552 16827 16890
57553 16827 19547
57554 16828 19707
57555 16829 16930
57556 16833 16965
57557 16833 16968
57558 16833 19588
57559 16834 16845
57560 16834 17895
57561 16834 19603
57562 16835 19503
57563 16836 19115
57564 16838 18188
57565 16839 18119
57566 16839 18836
57567 16841 18657
57568 16843 16961
57569 16844 19540
57570 16845 17027
57571 16845 17876
57572 16845 19603
57573 16847 18109
57574 16847 18495
57575 16847 18581
57576 16848 17919
57577 16850 17423
57578 16851 17021
57579 16852 18015
57580 16853 16943
57581 16853 18253
57582 16855 17029
57583 16855 19625
57584 16858 17278
57585 16859 17439
57586 16861 17700
57587 16861 18359
57588 16861 19247
57589 16862 16880
57590 16864 19627
57591 16866 19365
57592 16867 18113
57593 16867 18821
57594 16868 17036
57595 16868 17045
57596 16869 16938
57597 16872 18628
57598 16876 16916
57599 16877 16908
57600 16878 16915
57601 16878 19093
57602 16879 19635
57603 16881 18821
57604 16882 17835
57605 16883 16910
57606 16883 19189
57607 16884 17949
57608 16885 16886
57609 16885 16981
57610 16888 16889
57611 16890 17527
57612 16890 19547
57613 16893 17909
57614 16894 17129
57615 16894 18925
57616 16894 19879
57617 16895 18750
57618 16897 19478
57619 16898 17835
57620 16899 16926
57621 16900 19777
57622 16902 19003
57623 16902 19616
57624 16905 16906
57625 16905 16911
57626 16905 16912
57627 16906 16911
57628 16907 19273
57629 16908 19600
57630 16910 19189
57631 16910 19250
57632 16912 16920
57633 16912 19225
57634 16913 19207
57635 16915 16921
57636 16917 17035
57637 16917 19233
57638 16920 19225
57639 16921 17035
57640 16922 16936
57641 16922 17158
57642 16927 19092
57643 16928 17829
57644 16929 18194
57645 16931 19187
57646 16935 19084
57647 16935 19195
57648 16939 18885
57649 16941 17045
57650 16942 19635
57651 16943 18253
57652 16944 19776
57653 16944 19853
57654 16948 19043
57655 16949 17724
57656 16949 17844
57657 16950 17477
57658 16952 16996
57659 16952 17022
57660 16953 17014
57661 16954 19970
57662 16955 16958
57663 16955 17006
57664 16955 17014
57665 16956 18116
57666 16957 18644
57667 16958 17006
57668 16961 19233
57669 16962 17360
57670 16962 19080
57671 16964 17838
57672 16965 16968
57673 16967 17012
57674 16969 17002
57675 16972 17043
57676 16973 16982
57677 16973 16999
57678 16974 17388
57679 16975 17002
57680 16978 17076
57681 16979 19175
57682 16979 19194
57683 16980 17004
57684 16980 17838
57685 16981 16982
57686 16983 17009
57687 16983 17010
57688 16984 16988
57689 16984 18131
57690 16984 18999
57691 16984 19638
57692 16985 18199
57693 16987 18298
57694 16987 18497
57695 16987 19356
57696 16988 18131
57697 16988 18940
57698 16988 18999
57699 16990 19143
57700 16991 17005
57701 16992 17200
57702 16993 17200
57703 16994 19829
57704 16996 17022
57705 16997 18668
57706 16998 17023
57707 16999 17010
57708 17000 18585
57709 17002 17874
57710 17007 17216
57711 17008 18366
57712 17009 17018
57713 17011 19141
57714 17014 18517
57715 17017 17759
57716 17017 18623
57717 17021 18289
57718 17025 18571
57719 17026 17498
57720 17026 18139
57721 17030 17173
57722 17030 17259
57723 17035 19233
57724 17036 17045
57725 17039 19991
57726 17043 17493
57727 17044 19262
57728 17046 19027
57729 17046 19227
57730 17048 17743
57731 17049 17387
57732 17050 18529
57733 17052 17058
57734 17052 18773
57735 17053 18179
57736 17053 18237
57737 17054 17205
57738 17054 17348
57739 17055 19979
57740 17059 18028
57741 17060 17380
57742 17061 18769
57743 17063 17391
57744 17063 19947
57745 17064 17687
57746 17064 19140
57747 17066 17412
57748 17067 17436
57749 17069 17205
57750 17069 17772
57751 17071 18906
57752 17072 17258
57753 17072 17397
57754 17079 20036
57755 17084 17519
57756 17085 17738
57757 17085 18941
57758 17087 17797
57759 17088 17169
57760 17088 17171
57761 17088 17265
57762 17093 19405
57763 17095 20030
57764 17096 17316
57765 17097 17416
57766 17099 18036
57767 17099 19892
57768 17100 17149
57769 17100 17150
57770 17100 17209
57771 17100 17211
57772 17100 17244
57773 17101 17503
57774 17102 17103
57775 17102 17138
57776 17102 17566
57777 17102 18323
57778 17103 17138
57779 17103 17189
57780 17103 17209
57781 17103 17244
57782 17103 17459
57783 17103 18323
57784 17104 17500
57785 17104 17607
57786 17104 18284
57787 17105 17401
57788 17106 17169
57789 17106 17246
57790 17106 17272
57791 17106 17280
57792 17106 17566
57793 17107 19759
57794 17108 17145
57795 17108 17246
57796 17108 17272
57797 17108 17555
57798 17109 17144
57799 17109 17145
57800 17109 18514
57801 17110 17383
57802 17110 18887
57803 17112 17736
57804 17112 19622
57805 17112 19894
57806 17113 17146
57807 17113 17215
57808 17114 17915
57809 17114 18176
57810 17114 18956
57811 17115 18534
57812 17116 19415
57813 17116 19492
57814 17117 19646
57815 17118 17193
57816 17118 17250
57817 17118 17283
57818 17118 19812
57819 17119 18207
57820 17120 18234
57821 17121 17122
57822 17121 17134
57823 17121 17558
57824 17121 17559
57825 17122 17134
57826 17122 17153
57827 17122 17195
57828 17122 17559
57829 17123 17155
57830 17123 17196
57831 17123 17288
57832 17123 17567
57833 17124 17195
57834 17124 17236
57835 17124 17560
57836 17124 17567
57837 17125 19750
57838 17126 17148
57839 17126 17149
57840 17126 17153
57841 17126 17288
57842 17128 19988
57843 17129 17545
57844 17129 18536
57845 17129 18925
57846 17130 17247
57847 17133 17321
57848 17134 17189
57849 17134 17244
57850 17134 17558
57851 17136 17193
57852 17136 17250
57853 17137 17563
57854 17138 17459
57855 17140 17143
57856 17140 17186
57857 17140 17740
57858 17141 17142
57859 17141 17283
57860 17141 17498
57861 17141 18354
57862 17142 17283
57863 17142 18354
57864 17142 19812
57865 17143 17186
57866 17143 17406
57867 17144 17145
57868 17145 17555
57869 17146 17215
57870 17148 17149
57871 17148 17154
57872 17148 17293
57873 17148 17790
57874 17149 17153
57875 17150 17171
57876 17150 17209
57877 17150 17211
57878 17150 18323
57879 17151 19297
57880 17152 17560
57881 17153 17288
57882 17154 17659
57883 17154 17790
57884 17155 17288
57885 17155 17659
57886 17157 18679
57887 17159 17409
57888 17159 17497
57889 17160 17164
57890 17160 17261
57891 17160 18374
57892 17164 17259
57893 17164 19814
57894 17165 18375
57895 17165 19036
57896 17166 17873
57897 17166 18939
57898 17167 17269
57899 17169 17246
57900 17169 17566
57901 17170 17285
57902 17171 17211
57903 17171 17265
57904 17172 18314
57905 17172 18473
57906 17173 17214
57907 17174 17175
57908 17174 17217
57909 17174 19081
57910 17175 17217
57911 17177 17821
57912 17179 17593
57913 17179 19056
57914 17180 17438
57915 17186 17212
57916 17186 17740
57917 17188 19276
57918 17189 17244
57919 17189 17459
57920 17189 17558
57921 17190 17705
57922 17190 19424
57923 17191 17358
57924 17192 17264
57925 17193 17250
57926 17195 17559
57927 17195 17567
57928 17196 17236
57929 17196 17567
57930 17199 17691
57931 17199 18485
57932 17202 17222
57933 17203 18095
57934 17204 17758
57935 17204 18285
57936 17204 18532
57937 17207 19023
57938 17209 17244
57939 17209 18323
57940 17212 17213
57941 17212 17740
57942 17215 17740
57943 17217 19081
57944 17218 19852
57945 17220 17221
57946 17221 17538
57947 17223 17527
57948 17223 19588
57949 17224 19257
57950 17226 19786
57951 17227 18662
57952 17228 18270
57953 17228 19558
57954 17229 17584
57955 17229 18112
57956 17230 17896
57957 17231 19490
57958 17234 17235
57959 17234 17253
57960 17235 17253
57961 17236 17560
57962 17236 17567
57963 17236 17661
57964 17239 17294
57965 17239 18232
57966 17240 18320
57967 17240 19424
57968 17243 17248
57969 17243 19656
57970 17246 17272
57971 17248 19656
57972 17249 17763
57973 17249 18949
57974 17250 17283
57975 17256 19777
57976 17258 17397
57977 17258 18371
57978 17259 19814
57979 17261 18374
57980 17263 17525
57981 17266 18882
57982 17266 18966
57983 17267 19490
57984 17268 17790
57985 17272 17280
57986 17272 17555
57987 17273 19154
57988 17273 19657
57989 17276 18018
57990 17277 17504
57991 17278 17505
57992 17278 17811
57993 17279 17464
57994 17280 17555
57995 17281 18793
57996 17282 17310
57997 17282 18176
57998 17283 19812
57999 17284 18952
58000 17284 19931
58001 17286 17351
58002 17286 17354
58003 17287 18610
58004 17289 17547
58005 17290 17550
58006 17293 17790
58007 17296 18149
58008 17297 17311
58009 17298 18093
58010 17301 17313
58011 17301 17319
58012 17301 17324
58013 17301 17335
58014 17301 19496
58015 17302 18599
58016 17305 17309
58017 17305 19495
58018 17307 17320
58019 17309 19495
58020 17310 18176
58021 17311 17319
58022 17311 17335
58023 17313 17319
58024 17313 17324
58025 17313 17805
58026 17313 19828
58027 17314 18799
58028 17314 20010
58029 17315 18489
58030 17315 19477
58031 17316 18189
58032 17317 17747
58033 17318 17831
58034 17319 17335
58035 17319 19828
58036 17320 19486
58037 17320 19487
58038 17322 17628
58039 17324 17341
58040 17325 18777
58041 17326 19919
58042 17326 19952
58043 17326 19968
58044 17328 19889
58045 17328 19981
58046 17332 18575
58047 17332 18576
58048 17332 19223
58049 17334 19983
58050 17334 20035
58051 17335 19496
58052 17336 18187
58053 17337 18181
58054 17338 19913
58055 17339 19878
58056 17340 19876
58057 17340 19901
58058 17341 17349
58059 17342 19332
58060 17343 17489
58061 17346 17908
58062 17346 18082
58063 17347 17351
58064 17347 17354
58065 17349 17353
58066 17350 17396
58067 17351 17354
58068 17352 18204
58069 17355 17411
58070 17357 17458
58071 17362 18500
58072 17363 18210
58073 17364 17478
58074 17364 17502
58075 17364 17744
58076 17366 18987
58077 17367 17611
58078 17367 18288
58079 17367 18350
58080 17368 17531
58081 17369 19432
58082 17371 17374
58083 17372 19569
58084 17373 17997
58085 17373 19420
58086 17374 18069
58087 17374 18071
58088 17375 17514
58089 17375 17637
58090 17375 17638
58091 17377 17484
58092 17378 19541
58093 17381 17583
58094 17381 17709
58095 17381 19643
58096 17381 19698
58097 17382 17393
58098 17384 19820
58099 17385 18071
58100 17390 17589
58101 17391 17741
58102 17391 19617
58103 17395 17509
58104 17395 18114
58105 17398 17518
58106 17398 18077
58107 17399 18077
58108 17400 17449
58109 17401 17515
58110 17404 18795
58111 17405 19868
58112 17405 20019
58113 17406 18485
58114 17407 18454
58115 17408 17584
58116 17409 17497
58117 17409 19535
58118 17409 19938
58119 17410 17574
58120 17410 17983
58121 17412 19810
58122 17413 17414
58123 17413 17421
58124 17413 19990
58125 17414 17421
58126 17414 17451
58127 17415 17539
58128 17418 17972
58129 17419 17487
58130 17427 18505
58131 17427 18624
58132 17428 18466
58133 17428 19167
58134 17428 19381
58135 17429 19096
58136 17429 19097
58137 17429 19348
58138 17431 18246
58139 17432 18111
58140 17433 17435
58141 17433 17931
58142 17435 18229
58143 17437 17529
58144 17438 17445
58145 17439 18164
58146 17440 18859
58147 17441 17987
58148 17441 18611
58149 17441 18872
58150 17442 17575
58151 17443 18959
58152 17443 19392
58153 17446 18114
58154 17447 18220
58155 17447 18695
58156 17452 19630
58157 17453 19357
58158 17453 19375
58159 17456 18357
58160 17460 19419
58161 17460 19435
58162 17461 19174
58163 17462 18669
58164 17463 19475
58165 17466 17535
58166 17468 19815
58167 17470 19309
58168 17471 17656
58169 17472 19448
58170 17473 17828
58171 17474 19014
58172 17475 17487
58173 17475 19080
58174 17478 17744
58175 17479 18087
58176 17479 18228
58177 17483 18793
58178 17485 17606
58179 17491 17952
58180 17491 18212
58181 17491 18498
58182 17492 19874
58183 17494 17528
58184 17494 19583
58185 17497 19938
58186 17498 18139
58187 17498 18354
58188 17500 18284
58189 17501 17606
58190 17503 18326
58191 17504 18926
58192 17505 17811
58193 17506 18605
58194 17506 19815
58195 17507 17804
58196 17507 18201
58197 17508 18099
58198 17508 19344
58199 17509 18114
58200 17512 19332
58201 17514 17638
58202 17514 17657
58203 17517 19006
58204 17518 18077
58205 17522 17770
58206 17523 18694
58207 17524 18048
58208 17524 20038
58209 17526 17551
58210 17527 19588
58211 17528 17856
58212 17529 18856
58213 17530 17751
58214 17530 17851
58215 17531 18666
58216 17531 19474
58217 17533 19513
58218 17536 17577
58219 17537 19620
58220 17542 18162
58221 17545 18925
58222 17546 17613
58223 17546 19146
58224 17553 19275
58225 17553 19502
58226 17557 19995
58227 17560 17661
58228 17566 18323
58229 17568 17843
58230 17568 19891
58231 17570 19907
58232 17570 20000
58233 17571 19479
58234 17572 18139
58235 17573 19201
58236 17574 17983
58237 17578 18418
58238 17583 19698
58239 17587 19632
58240 17587 19925
58241 17591 17661
58242 17592 19984
58243 17593 19056
58244 17594 18222
58245 17597 19403
58246 17597 19409
58247 17599 19351
58248 17600 18247
58249 17605 17671
58250 17605 18737
58251 17605 18930
58252 17607 18057
58253 17607 18267
58254 17609 18743
58255 17611 18276
58256 17611 18311
58257 17611 18471
58258 17612 18227
58259 17612 19987
58260 17613 18272
58261 17613 19146
58262 17615 18446
58263 17615 18594
58264 17617 18302
58265 17618 18417
58266 17623 18868
58267 17623 18943
58268 17623 20012
58269 17624 19465
58270 17625 18540
58271 17626 17627
58272 17626 19244
58273 17630 17646
58274 17636 19095
58275 17637 17638
58276 17639 17994
58277 17639 18376
58278 17639 19217
58279 17640 17684
58280 17642 18094
58281 17642 18497
58282 17642 19356
58283 17643 18277
58284 17645 17819
58285 17648 19326
58286 17651 19070
58287 17655 18586
58288 17660 19987
58289 17664 18898
58290 17664 18924
58291 17667 18688
58292 17669 19858
58293 17670 18441
58294 17671 17780
58295 17671 18737
58296 17671 18930
58297 17672 17929
58298 17672 18789
58299 17674 19921
58300 17679 19936
58301 17680 17767
58302 17680 19386
58303 17682 19787
58304 17683 18031
58305 17683 18153
58306 17683 18215
58307 17683 18521
58308 17684 18944
58309 17688 17958
58310 17688 17966
58311 17688 18440
58312 17688 18876
58313 17688 18907
58314 17689 17935
58315 17689 18904
58316 17691 18482
58317 17691 18485
58318 17695 18852
58319 17695 19312
58320 17695 19839
58321 17696 19244
58322 17697 17869
58323 17697 18170
58324 17698 19849
58325 17699 17844
58326 17700 18359
58327 17701 18875
58328 17702 18600
58329 17702 18786
58330 17702 18951
58331 17704 18578
58332 17705 19424
58333 17706 17796
58334 17706 18832
58335 17707 18614
58336 17715 17948
58337 17716 17717
58338 17716 17746
58339 17718 18042
58340 17718 18129
58341 17720 19017
58342 17721 18328
58343 17722 17731
58344 17725 18133
58345 17725 19651
58346 17726 18212
58347 17726 18498
58348 17726 20012
58349 17727 19313
58350 17728 18146
58351 17728 18161
58352 17729 18708
58353 17730 18175
58354 17732 18665
58355 17733 17928
58356 17733 18138
58357 17733 18175
58358 17733 18653
58359 17733 19604
58360 17734 17738
58361 17734 18026
58362 17734 18519
58363 17735 17881
58364 17735 18585
58365 17736 19882
58366 17736 19894
58367 17736 19920
58368 17737 18735
58369 17738 18941
58370 17739 19485
58371 17739 19545
58372 17741 19617
58373 17741 19963
58374 17742 17782
58375 17742 18173
58376 17742 18822
58377 17742 18902
58378 17745 18138
58379 17745 18689
58380 17747 18879
58381 17748 17932
58382 17748 17939
58383 17748 17942
58384 17748 17958
58385 17749 18153
58386 17749 18966
58387 17752 17762
58388 17753 18906
58389 17754 17821
58390 17756 19075
58391 17757 18266
58392 17757 18631
58393 17757 19637
58394 17758 18198
58395 17760 18729
58396 17760 19749
58397 17764 19871
58398 17765 18013
58399 17766 18764
58400 17768 19463
58401 17771 18575
58402 17771 19198
58403 17773 19527
58404 17774 17837
58405 17775 18826
58406 17777 19871
58407 17780 18930
58408 17781 17888
58409 17781 19813
58410 17782 18010
58411 17782 18173
58412 17782 18822
58413 17785 18716
58414 17785 18917
58415 17785 18919
58416 17789 18478
58417 17791 19548
58418 17794 19346
58419 17795 19677
58420 17796 18000
58421 17798 19583
58422 17799 19566
58423 17800 19114
58424 17801 19725
58425 17801 19788
58426 17802 18431
58427 17802 19119
58428 17804 18201
58429 17805 19828
58430 17806 19192
58431 17808 18602
58432 17808 19640
58433 17810 18807
58434 17812 18047
58435 17815 18933
58436 17815 18950
58437 17815 19998
58438 17818 17819
58439 17820 18664
58440 17820 19659
58441 17822 18025
58442 17822 18252
58443 17822 20028
58444 17824 18277
58445 17829 19871
58446 17833 18656
58447 17841 19533
58448 17842 19491
58449 17843 18332
58450 17847 18068
58451 17848 19342
58452 17852 19947
58453 17853 18007
58454 17853 19169
58455 17854 19994
58456 17857 19209
58457 17857 19426
58458 17858 17918
58459 17858 18589
58460 17858 18806
58461 17860 17871
58462 17860 19121
58463 17861 18293
58464 17862 18280
58465 17863 19622
58466 17864 18294
58467 17865 20021
58468 17867 18341
58469 17867 19007
58470 17868 18030
58471 17870 19213
58472 17871 19121
58473 17872 19144
58474 17872 19267
58475 17872 19542
58476 17873 18939
58477 17875 18152
58478 17876 19603
58479 17877 18393
58480 17878 19539
58481 17879 19482
58482 17880 19400
58483 17881 18331
58484 17881 18585
58485 17883 18626
58486 17884 18758
58487 17886 18366
58488 17886 18367
58489 17887 19887
58490 17888 19870
58491 17889 19814
58492 17892 18421
58493 17894 19822
58494 17897 18022
58495 17898 17918
58496 17898 17927
58497 17898 18589
58498 17898 18755
58499 17899 18380
58500 17899 19447
58501 17900 18127
58502 17900 19362
58503 17901 18290
58504 17902 17976
58505 17902 18593
58506 17902 18671
58507 17902 18878
58508 17903 17978
58509 17903 17995
58510 17904 19539
58511 17905 17923
58512 17905 17976
58513 17905 18607
58514 17905 18671
58515 17905 18846
58516 17906 19238
58517 17907 18304
58518 17907 18307
58519 17907 18787
58520 17907 18823
58521 17907 18877
58522 17908 18082
58523 17910 17986
58524 17911 17935
58525 17911 18054
58526 17911 18904
58527 17912 17985
58528 17912 18631
58529 17912 19637
58530 17913 17963
58531 17913 18070
58532 17913 18623
58533 17915 18956
58534 17916 19567
58535 17917 17935
58536 17917 18054
58537 17918 18589
58538 17918 18754
58539 17918 18806
58540 17919 19965
58541 17921 19065
58542 17921 19149
58543 17923 17998
58544 17923 18607
58545 17923 18671
58546 17923 18672
58547 17923 18881
58548 17924 18982
58549 17926 18268
58550 17926 18336
58551 17926 18711
58552 17926 19002
58553 17927 18243
58554 17927 18755
58555 17927 18756
58556 17928 18138
58557 17928 18432
58558 17928 18653
58559 17929 18144
58560 17929 18437
58561 17931 19990
58562 17932 17939
58563 17932 18588
58564 17933 18627
58565 17933 18937
58566 17934 18126
58567 17934 18883
58568 17934 18944
58569 17935 18054
58570 17935 18904
58571 17936 17943
58572 17936 18944
58573 17936 19809
58574 17938 18026
58575 17938 18604
58576 17939 17942
58577 17939 18130
58578 17939 18588
58579 17940 18869
58580 17940 19956
58581 17941 19713
58582 17942 17958
58583 17942 18130
58584 17942 18142
58585 17943 19809
58586 17947 18121
58587 17947 18133
58588 17950 18361
58589 17950 19119
58590 17952 18137
58591 17952 18212
58592 17952 18873
58593 17954 17956
58594 17954 18343
58595 17956 18343
58596 17957 18031
58597 17958 17966
58598 17958 18142
58599 17958 18907
58600 17959 18032
58601 17959 18711
58602 17961 18646
58603 17963 18004
58604 17963 18047
58605 17963 18070
58606 17963 19009
58607 17964 18631
58608 17966 18142
58609 17966 18876
58610 17967 19521
58611 17968 18527
58612 17969 18995
58613 17970 18419
58614 17970 19124
58615 17970 19125
58616 17973 17996
58617 17973 19046
58618 17976 18593
58619 17976 18671
58620 17976 18846
58621 17977 19741
58622 17977 19756
58623 17982 19564
58624 17986 18020
58625 17987 20037
58626 17988 18835
58627 17989 18163
58628 17989 19575
58629 17990 18346
58630 17990 18607
58631 17990 18617
58632 17990 18877
58633 17990 19038
58634 17991 18152
58635 17992 19552
58636 17993 18266
58637 17994 19145
58638 17994 19217
58639 17996 18308
58640 17998 18671
58641 17998 18878
58642 17998 18881
58643 17999 19072
58644 18001 18618
58645 18001 18675
58646 18001 18787
58647 18002 18655
58648 18003 18231
58649 18003 19794
58650 18004 18047
58651 18004 18622
58652 18004 19008
58653 18004 19009
58654 18005 18891
58655 18006 19854
58656 18007 19133
58657 18009 19857
58658 18012 18276
58659 18012 19011
58660 18012 19440
58661 18013 18045
58662 18013 18059
58663 18014 18310
58664 18014 18324
58665 18014 18530
58666 18014 18647
58667 18018 18039
58668 18019 19430
58669 18021 18335
58670 18021 18617
58671 18021 18675
58672 18021 18823
58673 18025 18252
58674 18025 19809
58675 18026 18519
58676 18026 18604
58677 18028 18545
58678 18031 18215
58679 18032 18913
58680 18033 19645
58681 18036 18037
58682 18037 18899
58683 18039 18832
58684 18043 18509
58685 18045 18056
58686 18045 18059
58687 18046 18059
58688 18046 18129
58689 18047 18622
58690 18050 18056
58691 18050 18115
58692 18051 18115
58693 18055 18061
58694 18057 18267
58695 18060 18065
58696 18064 19589
58697 18066 19612
58698 18067 19066
58699 18069 18071
58700 18070 18623
58701 18070 19009
58702 18074 18367
58703 18074 18411
58704 18074 19384
58705 18075 18635
58706 18075 18717
58707 18075 18760
58708 18079 19293
58709 18080 19422
58710 18081 19910
58711 18084 19501
58712 18087 18228
58713 18087 18900
58714 18088 18728
58715 18089 19229
58716 18091 18348
58717 18094 18497
58718 18097 19876
58719 18097 19940
58720 18099 19344
58721 18104 18554
58722 18104 19437
58723 18106 20006
58724 18109 18495
58725 18109 18581
58726 18112 19257
58727 18113 18821
58728 18117 19155
58729 18118 19686
58730 18121 18133
58731 18125 18539
58732 18126 18130
58733 18126 18142
58734 18126 18883
58735 18127 19375
58736 18130 18142
58737 18131 18218
58738 18131 19638
58739 18134 18518
58740 18134 19229
58741 18137 18873
58742 18137 19462
58743 18140 19138
58744 18140 19156
58745 18144 18437
58746 18145 19304
58747 18147 19955
58748 18147 19956
58749 18149 19651
58750 18153 18521
58751 18155 18555
58752 18160 19200
58753 18161 19562
58754 18166 18808
58755 18166 18815
58756 18169 19892
58757 18171 19164
58758 18172 18302
58759 18173 18214
58760 18173 18902
58761 18174 19087
58762 18174 19418
58763 18175 18653
58764 18175 19604
58765 18177 19288
58766 18177 19734
58767 18178 19479
58768 18179 18237
58769 18179 18405
58770 18185 19540
58771 18190 18851
58772 18193 19997
58773 18194 19172
58774 18196 18689
58775 18196 18889
58776 18197 18513
58777 18198 18272
58778 18200 19303
58779 18202 18552
58780 18202 18587
58781 18203 19454
58782 18205 19421
58783 18205 19425
58784 18206 18372
58785 18212 18498
58786 18213 18331
58787 18214 18902
58788 18218 18929
58789 18218 19638
58790 18223 19403
58791 18223 19409
58792 18224 18256
58793 18226 19061
58794 18226 19376
58795 18226 19439
58796 18227 19987
58797 18228 18900
58798 18230 18522
58799 18230 18528
58800 18230 18847
58801 18230 18962
58802 18230 19019
58803 18233 18236
58804 18235 18727
58805 18236 18238
58806 18238 18405
58807 18238 19054
58808 18240 19064
58809 18241 18322
58810 18241 18464
58811 18241 19018
58812 18241 19024
58813 18242 19278
58814 18244 18814
58815 18244 19278
58816 18245 18354
58817 18249 18909
58818 18249 19556
58819 18249 19579
58820 18250 18492
58821 18251 18254
58822 18255 18998
58823 18257 18528
58824 18257 18659
58825 18257 18962
58826 18258 18305
58827 18258 18344
58828 18258 18439
58829 18258 18620
58830 18258 18621
58831 18259 18438
58832 18259 18487
58833 18259 18520
58834 18259 18844
58835 18260 18305
58836 18260 18487
58837 18260 18621
58838 18260 18754
58839 18260 18806
58840 18262 18345
58841 18262 19040
58842 18263 18500
58843 18264 18268
58844 18264 18479
58845 18264 18846
58846 18264 19038
58847 18265 18309
58848 18266 19637
58849 18268 18336
58850 18268 19002
58851 18268 19038
58852 18269 18850
58853 18269 19016
58854 18271 18353
58855 18272 19146
58856 18274 19009
58857 18275 18278
58858 18276 18311
58859 18278 18906
58860 18281 19011
58861 18281 19012
58862 18281 19428
58863 18281 19440
58864 18282 19755
58865 18283 18318
58866 18283 18857
58867 18283 19015
58868 18285 18752
58869 18287 18325
58870 18287 18915
58871 18287 19018
58872 18287 19024
58873 18288 18350
58874 18289 19169
58875 18291 18458
58876 18292 18484
58877 18295 18450
58878 18295 19360
58879 18297 19213
58880 18298 18497
58881 18299 18360
58882 18299 19542
58883 18299 19772
58884 18303 18304
58885 18303 18349
58886 18303 18864
58887 18304 18307
58888 18304 18787
58889 18305 18620
58890 18305 18621
58891 18305 18651
58892 18307 18346
58893 18307 18877
58894 18308 18309
58895 18310 18647
58896 18312 18322
58897 18312 18325
58898 18312 18471
58899 18312 19024
58900 18313 18456
58901 18316 19249
58902 18317 20026
58903 18318 18393
58904 18318 18857
58905 18318 18895
58906 18318 19015
58907 18322 18464
58908 18322 18471
58909 18322 19024
58910 18324 18477
58911 18324 18530
58912 18325 18456
58913 18325 19012
58914 18325 19024
58915 18327 18451
58916 18327 19391
58917 18328 18408
58918 18331 18585
58919 18334 18918
58920 18335 18442
58921 18335 18675
58922 18335 19047
58923 18336 18964
58924 18337 18428
58925 18339 18445
58926 18339 18447
58927 18339 18755
58928 18339 18756
58929 18339 19693
58930 18340 18453
58931 18340 18625
58932 18340 18935
58933 18344 18439
58934 18345 18349
58935 18346 18877
58936 18346 19002
58937 18346 19038
58938 18347 19004
58939 18349 18847
58940 18350 18647
58941 18350 19000
58942 18353 18470
58943 18356 18998
58944 18356 19035
58945 18358 19029
58946 18358 19380
58947 18360 19772
58948 18361 18419
58949 18362 19713
58950 18363 18421
58951 18364 18411
58952 18366 18367
58953 18376 18576
58954 18376 18894
58955 18376 19217
58956 18379 18643
58957 18379 19382
58958 18381 19294
58959 18384 18567
58960 18384 18691
58961 18385 19798
58962 18387 18399
58963 18387 18870
58964 18388 19275
58965 18391 18841
58966 18392 18405
58967 18393 18857
58968 18394 19412
58969 18394 19413
58970 18396 19498
58971 18397 19331
58972 18399 18870
58973 18400 18612
58974 18404 19652
58975 18408 19065
58976 18409 18978
58977 18409 19078
58978 18411 19384
58979 18412 19102
58980 18413 19104
58981 18413 19880
58982 18414 18415
58983 18414 18417
58984 18415 19100
58985 18416 19095
58986 18419 19124
58987 18424 19306
58988 18425 19633
58989 18428 18429
58990 18431 19119
58991 18432 18653
58992 18433 18677
58993 18437 18708
58994 18437 19953
58995 18438 18487
58996 18438 18520
58997 18438 18785
58998 18438 19040
58999 18439 18620
59000 18440 18876
59001 18442 18446
59002 18442 18564
59003 18442 19047
59004 18444 18610
59005 18444 19855
59006 18445 19693
59007 18446 18564
59008 18447 18590
59009 18447 18756
59010 18450 19360
59011 18451 18935
59012 18452 19076
59013 18453 18625
59014 18453 18633
59015 18455 19908
59016 18455 20015
59017 18456 19012
59018 18457 18461
59019 18459 19506
59020 18460 18933
59021 18460 19998
59022 18462 18648
59023 18464 18471
59024 18466 19167
59025 18468 18947
59026 18468 19053
59027 18470 18825
59028 18470 19042
59029 18472 18778
59030 18474 19527
59031 18477 18530
59032 18477 18648
59033 18479 18846
59034 18481 18483
59035 18484 18577
59036 18484 18915
59037 18486 18491
59038 18486 18541
59039 18486 18888
59040 18486 18912
59041 18487 18754
59042 18488 19419
59043 18489 18911
59044 18489 19477
59045 18490 18541
59046 18490 18550
59047 18490 18564
59048 18490 18762
59049 18490 18908
59050 18491 18541
59051 18491 18548
59052 18494 18501
59053 18494 18504
59054 18494 18547
59055 18494 18762
59056 18497 19356
59057 18500 19122
59058 18501 18504
59059 18501 18566
59060 18501 18762
59061 18501 18908
59062 18502 19376
59063 18504 18566
59064 18504 18896
59065 18505 19813
59066 18506 18676
59067 18506 18679
59068 18507 18526
59069 18507 18685
59070 18507 18808
59071 18508 18526
59072 18509 19470
59073 18509 19471
59074 18510 18515
59075 18511 18778
59076 18512 18568
59077 18512 19416
59078 18515 18909
59079 18516 18837
59080 18516 19846
59081 18517 19274
59082 18519 18604
59083 18520 18522
59084 18520 18785
59085 18522 18785
59086 18522 18847
59087 18522 18962
59088 18527 19149
59089 18528 18659
59090 18528 18893
59091 18528 18962
59092 18528 19019
59093 18529 19376
59094 18529 19398
59095 18529 19439
59096 18532 19448
59097 18536 18733
59098 18537 19090
59099 18537 19826
59100 18541 18550
59101 18541 18888
59102 18542 18543
59103 18542 19222
59104 18542 19241
59105 18543 19222
59106 18545 18706
59107 18545 18803
59108 18545 19964
59109 18546 18561
59110 18546 18566
59111 18546 18896
59112 18547 18897
59113 18548 18908
59114 18549 19811
59115 18550 18564
59116 18550 18888
59117 18551 19949
59118 18551 19953
59119 18551 20037
59120 18554 18879
59121 18556 19397
59122 18557 18648
59123 18559 18586
59124 18560 19822
59125 18561 18566
59126 18566 18896
59127 18567 18691
59128 18568 19416
59129 18569 18573
59130 18570 19175
59131 18570 19198
59132 18572 19195
59133 18575 18576
59134 18575 19198
59135 18577 18915
59136 18579 18894
59137 18579 19145
59138 18579 19217
59139 18590 18756
59140 18591 19234
59141 18594 18672
59142 18594 18881
59143 18595 18604
59144 18600 18786
59145 18601 18991
59146 18601 19594
59147 18602 19177
59148 18605 19815
59149 18607 18617
59150 18607 18672
59151 18617 18672
59152 18617 18823
59153 18617 18877
59154 18618 18675
59155 18618 18932
59156 18618 19047
59157 18620 18651
59158 18621 18806
59159 18622 19065
59160 18624 20001
59161 18625 18633
59162 18627 18937
59163 18629 18757
59164 18629 19628
59165 18629 19695
59166 18629 19960
59167 18630 18796
59168 18630 18812
59169 18630 19021
59170 18631 19637
59171 18632 18749
59172 18632 18750
59173 18632 18796
59174 18634 18748
59175 18634 18749
59176 18634 18750
59177 18635 18715
59178 18635 18760
59179 18636 18720
59180 18636 18722
59181 18637 18722
59182 18637 18746
59183 18638 18788
59184 18638 19639
59185 18639 18721
59186 18639 18788
59187 18640 18779
59188 18642 19598
59189 18643 19382
59190 18644 18837
59191 18644 19846
59192 18645 19694
59193 18647 19000
59194 18649 19840
59195 18651 18844
59196 18652 19039
59197 18657 18855
59198 18659 18893
59199 18659 19592
59200 18663 19964
59201 18663 20031
59202 18666 19474
59203 18669 19434
59204 18670 18792
59205 18671 18878
59206 18672 18881
59207 18674 18676
59208 18675 19047
59209 18678 18822
59210 18678 18889
59211 18680 18701
59212 18681 18687
59213 18681 18703
59214 18681 18815
59215 18681 18816
59216 18682 18687
59217 18682 18701
59218 18682 18744
59219 18682 18745
59220 18683 19112
59221 18683 19900
59222 18685 18745
59223 18685 18808
59224 18687 18815
59225 18688 18834
59226 18689 18889
59227 18690 19910
59228 18692 19565
59229 18693 19761
59230 18696 19339
59231 18697 18707
59232 18698 18824
59233 18706 18803
59234 18708 19953
59235 18709 18714
59236 18709 18747
59237 18709 18810
59238 18713 18946
59239 18714 18810
59240 18715 18748
59241 18716 18809
59242 18716 18919
59243 18716 18921
59244 18717 18718
59245 18717 18760
59246 18718 18760
59247 18719 20017
59248 18724 18732
59249 18724 19624
59250 18724 19749
59251 18728 19188
59252 18729 19749
59253 18732 19624
59254 18732 19749
59255 18733 18965
59256 18735 19462
59257 18736 18759
59258 18739 19511
59259 18740 18774
59260 18741 18910
59261 18744 18745
59262 18744 18747
59263 18744 18753
59264 18745 18747
59265 18747 18753
59266 18748 18749
59267 18749 18750
59268 18754 18806
59269 18755 18756
59270 18755 19693
59271 18757 19695
59272 18759 19624
59273 18762 18908
59274 18770 19838
59275 18774 19872
59276 18780 19456
59277 18783 19427
59278 18785 18847
59279 18785 19040
59280 18786 18849
59281 18789 19890
59282 18791 19917
59283 18795 19973
59284 18796 19021
59285 18799 20010
59286 18800 18852
59287 18800 19839
59288 18803 19964
59289 18804 19636
59290 18805 19885
59291 18808 18815
59292 18809 18919
59293 18811 18928
59294 18812 19021
59295 18812 19256
59296 18814 19278
59297 18814 19960
59298 18818 19049
59299 18822 18889
59300 18823 18877
59301 18824 18972
59302 18825 19042
59303 18828 19808
59304 18833 19720
59305 18837 18848
59306 18837 19846
59307 18839 18985
59308 18839 18986
59309 18845 18864
59310 18845 18955
59311 18849 18964
59312 18850 19016
59313 18850 19459
59314 18851 19993
59315 18852 19839
59316 18853 18980
59317 18853 19831
59318 18854 19859
59319 18862 19457
59320 18862 19679
59321 18864 18955
59322 18864 19019
59323 18866 18938
59324 18867 19864
59325 18868 18942
59326 18868 18943
59327 18870 18936
59328 18873 18883
59329 18874 19319
59330 18878 19020
59331 18879 19664
59332 18882 18966
59333 18884 19589
59334 18887 19504
59335 18888 18912
59336 18890 19505
59337 18893 18955
59338 18893 19019
59339 18894 19147
59340 18894 19217
59341 18895 19015
59342 18901 19107
59343 18913 19466
59344 18914 19123
59345 18914 19385
59346 18917 18919
59347 18918 19873
59348 18922 19333
59349 18922 19335
59350 18925 19648
59351 18925 19879
59352 18929 19638
59353 18931 19023
59354 18932 19047
59355 18933 19998
59356 18934 19826
59357 18940 18999
59358 18945 19726
59359 18952 19883
59360 18952 19895
59361 18953 19614
59362 18955 19019
59363 18958 19391
59364 18959 19392
59365 18963 19018
59366 18968 19550
59367 18977 19546
59368 18979 19832
59369 18980 19831
59370 18984 19827
59371 18985 18986
59372 18993 19402
59373 18995 19120
59374 19002 19038
59375 19004 19081
59376 19008 19009
59377 19010 19206
59378 19010 19210
59379 19011 19012
59380 19011 19440
59381 19013 19035
59382 19013 19052
59383 19018 19024
59384 19021 19256
59385 19029 19372
59386 19029 19380
59387 19029 19450
59388 19031 19529
59389 19032 19862
59390 19034 19037
59391 19034 19094
59392 19041 19086
59393 19041 19089
59394 19042 19046
59395 19043 19085
59396 19043 19087
59397 19044 19219
59398 19052 19337
59399 19052 19977
59400 19054 19055
59401 19060 19102
59402 19062 19106
59403 19072 19345
59404 19075 19079
59405 19075 19088
59406 19075 19091
59407 19075 19176
59408 19076 19077
59409 19077 19078
59410 19078 19176
59411 19079 19176
59412 19083 19308
59413 19085 19087
59414 19086 19089
59415 19086 19590
59416 19088 19091
59417 19088 19237
59418 19088 19358
59419 19089 19590
59420 19091 19176
59421 19094 19099
59422 19101 19131
59423 19105 19973
59424 19106 19108
59425 19109 19396
59426 19112 19900
59427 19112 19997
59428 19116 19126
59429 19121 19242
59430 19123 19385
59431 19128 19286
59432 19134 19281
59433 19135 19660
59434 19138 19156
59435 19138 19767
59436 19144 19542
59437 19144 19772
59438 19145 19217
59439 19147 19223
59440 19148 19215
59441 19148 19283
59442 19153 19163
59443 19156 19767
59444 19157 19532
59445 19157 19759
59446 19158 19980
59447 19161 19165
59448 19161 19768
59449 19165 19768
59450 19171 19190
59451 19171 19523
59452 19173 19358
59453 19175 19198
59454 19178 19708
59455 19179 19299
59456 19180 19235
59457 19181 19237
59458 19183 19352
59459 19183 19355
59460 19186 19236
59461 19187 19216
59462 19189 19250
59463 19190 19523
59464 19203 19248
59465 19203 19318
59466 19204 19250
59467 19224 19390
59468 19226 19683
59469 19237 19358
59470 19240 19655
59471 19242 19255
59472 19243 19284
59473 19254 19255
59474 19259 19544
59475 19261 19991
59476 19262 19631
59477 19266 19521
59478 19266 19762
59479 19277 19338
59480 19283 19697
59481 19286 19916
59482 19287 19770
59483 19288 19734
59484 19288 20034
59485 19289 19782
59486 19292 19309
59487 19295 19665
59488 19295 19673
59489 19298 19609
59490 19301 19682
59491 19311 19782
59492 19314 19497
59493 19314 19618
59494 19316 19618
59495 19319 19611
59496 19320 19607
59497 19321 19403
59498 19329 19602
59499 19330 19343
59500 19336 19977
59501 19337 19977
59502 19338 19714
59503 19338 19802
59504 19340 19392
59505 19347 19379
59506 19348 19349
59507 19352 19355
59508 19357 19375
59509 19366 19367
59510 19366 19801
59511 19367 19801
59512 19372 19380
59513 19372 19450
59514 19376 19439
59515 19394 19481
59516 19394 19675
59517 19398 19399
59518 19398 19439
59519 19403 19409
59520 19411 19413
59521 19412 19420
59522 19414 19600
59523 19419 19435
59524 19421 19423
59525 19422 19432
59526 19427 19443
59527 19428 19440
59528 19441 19493
59529 19449 19698
59530 19452 19736
59531 19457 19679
59532 19468 19579
59533 19469 19586
59534 19470 19471
59535 19486 19487
59536 19509 19517
59537 19522 19525
59538 19526 19742
59539 19527 19541
59540 19542 19772
59541 19551 19792
59542 19551 19922
59543 19556 19579
59544 19557 19604
59545 19560 19715
59546 19560 19765
59547 19567 19671
59548 19573 19671
59549 19574 19576
59550 19585 19761
59551 19597 19626
59552 19605 19775
59553 19617 19963
59554 19621 19666
59555 19625 19712
59556 19628 19695
59557 19628 19751
59558 19643 19698
59559 19644 19697
59560 19648 19879
59561 19652 19730
59562 19662 19984
59563 19663 19899
59564 19663 19909
59565 19665 19673
59566 19668 19670
59567 19668 19859
59568 19670 19859
59569 19672 19681
59570 19672 19723
59571 19673 19833
59572 19674 19727
59573 19680 19752
59574 19681 19683
59575 19681 19723
59576 19691 19797
59577 19695 19751
59578 19701 19778
59579 19708 19791
59580 19714 19802
59581 19715 19765
59582 19720 19807
59583 19741 19756
59584 19745 19932
59585 19781 19914
59586 19805 19959
59587 19816 19848
59588 19823 19845
59589 19831 19832
59590 19834 19988
59591 19840 19928
59592 19855 19990
59593 19868 19929
59594 19870 20001
59595 19876 19901
59596 19882 19920
59597 19883 19895
59598 19883 19923
59599 19889 19974
59600 19894 19911
59601 19894 19920
59602 19894 19930
59603 19895 19923
59604 19897 20022
59605 19899 19909
59606 19901 19934
59607 19905 20035
59608 19906 20016
59609 19908 20015
59610 19911 19920
59611 19911 19930
59612 19914 19915
59613 19916 19991
59614 19919 19952
59615 19927 19989
59616 19939 20032
59617 19940 20016
59618 19946 20010
59619 19948 20005
59620 19949 20037
59621 19955 19956
59622 19964 20031
59623 19968 19981
59624 19968 19982
59625 19971 19981
59626 19971 19982
59627 19974 20002
59628 19981 19982
59629 20018 20021
59630 20032 20039
